"datetime","V1","V2"
"2020-01-01 01:00:00",0.378632823102064,0.61305804823322
"2020-01-01 02:00:00",0.29937791423874,-0.537510837681556
"2020-01-01 03:00:00",-0.458115705323073,-0.868536494650717
"2020-01-01 04:00:00",-1.01147254471929,-0.316355135203717
"2020-01-01 05:00:00",-1.16888909127625,-0.0426755670409595
"2020-01-01 06:00:00",-1.29892429541432,-0.180588562631895
"2020-01-01 07:00:00",-1.77568299846866,-0.649873069114366
"2020-01-01 08:00:00",-2.01809962976789,0.0430240202936857
"2020-01-01 09:00:00",-1.44707113129159,0.898491138607716
"2020-01-01 10:00:00",-0.666219996183614,0.667184937859804
"2020-01-01 11:00:00",-0.159149452849028,0.377092240612601
"2020-01-01 12:00:00",-0.0140705194411551,-0.0162829674745954
"2020-01-01 13:00:00",-0.0153938739549143,0.00873056831073982
"2020-01-01 14:00:00",-0.116217133216181,-0.169047016289825
"2020-01-01 15:00:00",-0.822124227382833,-1.03011375213126
"2020-01-01 16:00:00",-1.80146062539329,-0.897888579190613
"2020-01-01 17:00:00",-2.28732206889692,-0.185772153588719
"2020-01-01 18:00:00",-2.2268029007691,0.224782207306759
"2020-01-01 19:00:00",-2.28645246945621,-0.243563588424713
"2020-01-01 20:00:00",-2.46244877497846,-0.119642667967513
"2020-01-01 21:00:00",-2.65859118770403,-0.234647717985379
"2020-01-01 22:00:00",-3.58888586766427,-1.34641862456915
"2020-01-01 23:00:00",-4.73059063252867,-0.946353466973586
"2020-01-02 00:00:00",-4.40104968478384,1.17055908477636
"2020-01-02 01:00:00",-4.82894411865754,-1.46750765071853
"2020-01-02 02:00:00",-5.68426552265176,-0.400337261338364
"2020-01-02 03:00:00",-5.60777682997817,0.398057312766318
"2020-01-02 04:00:00",-4.82881942091256,1.00309711390368
"2020-01-02 05:00:00",-4.19492097189118,0.363870116801953
"2020-01-02 06:00:00",-4.72488646270722,-1.09525664276505
"2020-01-02 07:00:00",-5.06123735164142,0.191649370860751
"2020-01-02 08:00:00",-4.51759772391778,0.758984313511108
"2020-01-02 09:00:00",-3.18921483618416,1.65067297381924
"2020-01-02 10:00:00",-1.46540162339952,1.69476766003377
"2020-01-02 11:00:00",-0.0107457636178423,1.22734803190501
"2020-01-02 12:00:00",0.92643306543699,0.699215676447877
"2020-01-02 13:00:00",1.44939397277834,0.379415151172512
"2020-01-02 14:00:00",0.932608986804049,-1.09155203307162
"2020-01-02 15:00:00",-1.0699473141142,-2.51592377682061
"2020-01-02 16:00:00",-2.25899659900837,-0.246599661741925
"2020-01-02 17:00:00",-2.31809328767369,0.0716223493959691
"2020-01-02 18:00:00",-2.39416521081511,-0.167931132642378
"2020-01-02 19:00:00",-2.81534198402493,-0.566905184850943
"2020-01-02 20:00:00",-3.21833764289819,-0.270946557302545
"2020-01-02 21:00:00",-3.32234707109253,0.0163697062795937
"2020-01-02 22:00:00",-3.32549143572332,-0.0117229450841791
"2020-01-02 23:00:00",-2.76406424423031,0.92112737559314
"2020-01-03 00:00:00",-1.19855036078571,1.92426717179369
"2020-01-03 01:00:00",0.521377025966785,1.50351776990755
"2020-01-03 02:00:00",1.25536337120014,0.185423667331257
"2020-01-03 03:00:00",1.32719756461291,-0.0089220124442965
"2020-01-03 04:00:00",1.40386186992025,0.128367626093685
"2020-01-03 05:00:00",1.63460531194869,0.286219041495233
"2020-01-03 06:00:00",2.23479309763976,0.778869859178161
"2020-01-03 07:00:00",3.03783210290497,0.778111854828698
"2020-01-03 08:00:00",3.74346341247436,0.6198660796813
"2020-01-03 09:00:00",4.00341255489943,0.00283214832832576
"2020-01-03 10:00:00",3.87028339770613,-0.222601062779843
"2020-01-03 11:00:00",3.69954438966797,-0.133038711971278
"2020-01-03 12:00:00",2.85514893027524,-1.28326735876953
"2020-01-03 13:00:00",2.48575327406741,0.253716154539584
"2020-01-03 14:00:00",2.97336627405805,0.617167406244838
"2020-01-03 15:00:00",3.7284803200326,0.807362916365225
"2020-01-03 16:00:00",4.53814741206088,0.767923819864044
"2020-01-03 17:00:00",5.19059049769437,0.538605718302272
"2020-01-03 18:00:00",5.75343151096691,0.545563187871073
"2020-01-03 19:00:00",6.19528204502777,0.34429963389715
"2020-01-03 20:00:00",6.45397720315635,0.181350231578302
"2020-01-03 21:00:00",6.61478216185646,0.131150426526873
"2020-01-03 22:00:00",6.70702686109931,0.0534007980122376
"2020-01-03 23:00:00",5.93668008122099,-1.29153880699397
"2020-01-04 00:00:00",5.02986631955876,-0.614893508369786
"2020-01-04 01:00:00",4.21331463974051,-0.918667640241231
"2020-01-04 02:00:00",3.46974680569775,-0.596931997286592
"2020-01-04 03:00:00",3.21760787918593,-0.0147703872967407
"2020-01-04 04:00:00",3.19129476980922,-0.0369039407643242
"2020-01-04 05:00:00",3.40548709847344,0.367296440526296
"2020-01-04 06:00:00",3.71143600492828,0.246124450782901
"2020-01-04 07:00:00",3.91295217304294,0.157419356837584
"2020-01-04 08:00:00",4.0400029348267,0.0957257904383625
"2020-01-04 09:00:00",3.87018907235284,-0.343973788761886
"2020-01-04 10:00:00",3.12924067881081,-0.975371372115809
"2020-01-04 11:00:00",2.08051625218577,-1.05182325126001
"2020-01-04 12:00:00",1.67629856768499,0.044039279522306
"2020-01-04 13:00:00",1.73594496610328,0.0650565388490501
"2020-01-04 14:00:00",1.92726296707291,0.264162646068643
"2020-01-04 15:00:00",2.20390745072285,0.269336137273671
"2020-01-04 16:00:00",2.14274777041798,-0.281420176329715
"2020-01-04 17:00:00",1.90286818247789,-0.203548542276156
"2020-01-04 18:00:00",1.79443241595382,-0.0423275513498665
"2020-01-04 19:00:00",1.87599285184924,0.157963033439091
"2020-01-04 20:00:00",1.87487766659993,-0.109529940993528
"2020-01-04 21:00:00",1.55595699215583,-0.445773189898491
"2020-01-04 22:00:00",0.924354582724173,-0.727478119706091
"2020-01-04 23:00:00",0.295427180783725,-0.534532927856245
"2020-01-05 00:00:00",0.0993774116933103,0.0385373269964224
"2020-01-05 01:00:00",-0.258176062706031,-0.604746889313379
"2020-01-05 02:00:00",-0.81266140393063,-0.494296737566388
"2020-01-05 03:00:00",-1.18202122279406,-0.267471015089259
"2020-01-05 04:00:00",-1.40394893333791,-0.17949701139096
"2020-01-05 05:00:00",-1.63148045200315,-0.24693270799145
"2020-01-05 06:00:00",-2.00391848623961,-0.436306502231292
"2020-01-05 07:00:00",-2.58192214554409,-0.642418230242265
"2020-01-05 08:00:00",-3.09270088270652,-0.395421628244272
"2020-01-05 09:00:00",-2.81081807162088,0.724001819208776
"2020-01-05 10:00:00",-2.05211658329142,0.74940321076023
"2020-01-05 11:00:00",-1.50554396502532,0.388026078896029
"2020-01-05 12:00:00",-0.924147068597268,0.684621025380972
"2020-01-05 13:00:00",-0.412532817543811,0.37315762343931
"2020-01-05 14:00:00",-0.202733093836448,0.0914583388257924
"2020-01-05 15:00:00",-0.915635054094093,-1.21499520770496
"2020-01-05 16:00:00",-1.38720367725496,0.0476292399826129
"2020-01-05 17:00:00",-1.12898897447964,0.38811998516303
"2020-01-05 18:00:00",-0.272960429830492,1.12873919335459
"2020-01-05 19:00:00",0.930294680715562,1.19610537479139
"2020-01-05 20:00:00",1.75091396813876,0.530105387510381
"2020-01-05 21:00:00",2.02060523384232,0.081013011255379
"2020-01-05 22:00:00",2.32125503201395,0.430181418414784
"2020-01-05 23:00:00",2.84011623530185,0.550332950125983
"2020-01-06 00:00:00",3.12157229818243,0.0851734633125521
"2020-01-06 01:00:00",3.25627994066505,0.157306205107066
"2020-01-06 02:00:00",3.25181834204943,-0.116288993250043
"2020-01-06 03:00:00",3.37362173525162,0.270550668764231
"2020-01-06 04:00:00",3.72240824098703,0.38002150353637
"2020-01-06 05:00:00",4.04240245586196,0.259974100692819
"2020-01-06 06:00:00",3.99058940835297,-0.262414530840109
"2020-01-06 07:00:00",3.6000723611795,-0.462502417622288
"2020-01-06 08:00:00",3.31375792400982,-0.15989132936002
"2020-01-06 09:00:00",2.9140941321025,-0.544787724707992
"2020-01-06 10:00:00",2.37216268872404,-0.518030143185444
"2020-01-06 11:00:00",1.75184550985329,-0.662087067744663
"2020-01-06 12:00:00",1.57468321068536,0.152276631119034
"2020-01-06 13:00:00",1.58602941723735,-0.0851741154056441
"2020-01-06 14:00:00",1.76609289547507,0.346285299133618
"2020-01-06 15:00:00",2.04828237884866,0.223774419639006
"2020-01-06 16:00:00",2.39788583832371,0.414235728047937
"2020-01-06 17:00:00",2.80868317259122,0.385894379979454
"2020-01-06 18:00:00",2.89940590486074,-0.113985381390086
"2020-01-06 19:00:00",2.54977204343792,-0.49385197697013
"2020-01-06 20:00:00",1.993421038674,-0.574864501717244
"2020-01-06 21:00:00",1.5115223860389,-0.399591667421614
"2020-01-06 22:00:00",0.87136444214536,-0.772060596638292
"2020-01-06 23:00:00",0.120857353177273,-0.701597548800287
"2020-01-07 00:00:00",-0.391783476534189,-0.362467187414579
"2020-01-07 01:00:00",-0.849146665690637,-0.498387665244544
"2020-01-07 02:00:00",-1.51670381789534,-0.747518809542258
"2020-01-07 03:00:00",-2.24671912772583,-0.6817022311188
"2020-01-07 04:00:00",-2.44420450437444,0.137599891446365
"2020-01-07 05:00:00",-1.81560707577405,0.929202630244699
"2020-01-07 06:00:00",-0.869339902591936,0.915016918295072
"2020-01-07 07:00:00",-0.541117733664201,-0.0774443942434532
"2020-01-07 08:00:00",-0.337516855119662,0.381983524419609
"2020-01-07 09:00:00",0.399637305923568,0.939336412242205
"2020-01-07 10:00:00",0.966392853229635,0.29092567413411
"2020-01-07 11:00:00",1.18412745812806,0.157349485772018
"2020-01-07 12:00:00",0.71525560265575,-0.865591062156411
"2020-01-07 13:00:00",0.849904807936747,0.794144654986181
"2020-01-07 14:00:00",1.53504622857707,0.578821163043292
"2020-01-07 15:00:00",2.29956999236583,0.850015672348874
"2020-01-07 16:00:00",2.9958810020914,0.55779149994956
"2020-01-07 17:00:00",3.47982064923143,0.407848930986611
"2020-01-07 18:00:00",3.91770790531114,0.432620264811164
"2020-01-07 19:00:00",4.11164291998775,0.0205501968338985
"2020-01-07 20:00:00",4.0493505343115,-0.119857991122756
"2020-01-07 21:00:00",3.66411812997812,-0.549057667313827
"2020-01-07 22:00:00",3.08446153408471,-0.577232194472149
"2020-01-07 23:00:00",2.53296980116737,-0.512099806439991
"2020-01-08 00:00:00",3.08457010836537,1.23124605865133
"2020-01-08 01:00:00",3.66036466389736,0.107498125292846
"2020-01-08 02:00:00",3.69883570553115,-0.0140910850978163
"2020-01-08 03:00:00",4.37270511823519,1.09571384383945
"2020-01-08 04:00:00",5.30015768537337,0.765573680945343
"2020-01-08 05:00:00",5.84373011409805,0.362914124120022
"2020-01-08 06:00:00",6.1066612608131,0.176252431337666
"2020-01-08 07:00:00",6.13229799557923,-0.0838592899093741
"2020-01-08 08:00:00",5.59918156766958,-0.815184824348607
"2020-01-08 09:00:00",4.87072209141973,-0.643242710136857
"2020-01-08 10:00:00",4.21297772859645,-0.642432769734189
"2020-01-08 11:00:00",3.76440507883378,-0.303447696055875
"2020-01-08 12:00:00",3.26560336637799,-0.610183580280809
"2020-01-08 13:00:00",3.42771819658107,0.665060095795996
"2020-01-08 14:00:00",4.34816125876371,1.04253968858911
"2020-01-08 15:00:00",5.34466531779396,0.912857904275538
"2020-01-08 16:00:00",6.27369038578063,0.888769208317638
"2020-01-08 17:00:00",7.09254799551763,0.72525482810334
"2020-01-08 18:00:00",7.75965313697489,0.587499505247403
"2020-01-08 19:00:00",8.20218386633225,0.314858682014765
"2020-01-08 20:00:00",8.49151187814051,0.247989873249989
"2020-01-08 21:00:00",8.76117411135006,0.260353927622456
"2020-01-08 22:00:00",8.92337681154259,0.077772276213526
"2020-01-08 23:00:00",8.86940978492141,-0.150725889433297
"2020-01-09 00:00:00",8.53666024872419,-0.449713620737877
"2020-01-09 01:00:00",8.20716993433076,-0.244685934128159
"2020-01-09 02:00:00",8.07170316329204,-0.0667936565040474
"2020-01-09 03:00:00",8.05334431700762,0.00440172017580603
"2020-01-09 04:00:00",8.16816572503316,0.172599544494738
"2020-01-09 05:00:00",8.28071668433215,0.056645434093453
"2020-01-09 06:00:00",8.38882426203851,0.126607395206773
"2020-01-09 07:00:00",8.22111849247787,-0.366751760156242
"2020-01-09 08:00:00",7.81242429304534,-0.427828164614778
"2020-01-09 09:00:00",7.24434833718347,-0.644645353916025
"2020-01-09 10:00:00",6.6199303821786,-0.59059634629846
"2020-01-09 11:00:00",6.16470213342864,-0.35188263616873
"2020-01-09 12:00:00",5.97580375423622,-0.0792115240666841
"2020-01-09 13:00:00",6.03629313275196,0.143046927547072
"2020-01-09 14:00:00",6.4278936127116,0.530913101986311
"2020-01-09 15:00:00",7.13454053411216,0.78193845663248
"2020-01-09 16:00:00",8.0986687776977,1.03057775531791
"2020-01-09 17:00:00",8.95697095734221,0.69223186080636
"2020-01-09 18:00:00",9.61057365859963,0.585249669679037
"2020-01-09 19:00:00",10.0555103713525,0.317869073320116
"2020-01-09 20:00:00",10.416400896151,0.35946423478154
"2020-01-09 21:00:00",10.8112018959407,0.386175226158769
"2020-01-09 22:00:00",11.1717509503954,0.312400901864198
"2020-01-09 23:00:00",11.2366822410373,-0.117527023138409
"2020-01-10 00:00:00",11.4560992448851,0.419136461788198
"2020-01-10 01:00:00",11.7301511642298,0.149545476000247
"2020-01-10 02:00:00",11.9942407026398,0.312786168513397
"2020-01-10 03:00:00",12.1674408474277,0.0564582833635678
"2020-01-10 04:00:00",12.1754893451604,-0.0402855176848921
"2020-01-10 05:00:00",12.1810900529747,0.0202355829056372
"2020-01-10 06:00:00",12.2364583368823,0.0604621236235911
"2020-01-10 07:00:00",12.1012582531769,-0.274982575311904
"2020-01-10 08:00:00",11.571124844312,-0.690633117968497
"2020-01-10 09:00:00",10.8385927778015,-0.740565274670982
"2020-01-10 10:00:00",9.90025099044378,-1.03956773103396
"2020-01-10 11:00:00",8.9544326076743,-0.851132612873754
"2020-01-10 12:00:00",8.78322383143556,0.278663204448
"2020-01-10 13:00:00",8.78899422034203,-0.187747307470362
"2020-01-10 14:00:00",8.51379560041969,-0.331746707162289
"2020-01-10 15:00:00",8.02050046268925,-0.58852204228832
"2020-01-10 16:00:00",7.66466421236047,-0.194141084315904
"2020-01-10 17:00:00",7.74416211478839,0.248266466529349
"2020-01-10 18:00:00",8.04398121456001,0.309960636251316
"2020-01-10 19:00:00",8.05305291490941,-0.202314052030224
"2020-01-10 20:00:00",7.62144640842051,-0.574333023007639
"2020-01-10 21:00:00",7.01568511016734,-0.607748702575777
"2020-01-10 22:00:00",6.64480393776008,-0.204388502348925
"2020-01-10 23:00:00",6.3832403932712,-0.295812728599458
"2020-01-11 00:00:00",6.17836275537821,-0.142745031374704
"2020-01-11 01:00:00",5.9362603492425,-0.304796396488579
"2020-01-11 02:00:00",5.87125920402089,0.0902990256620776
"2020-01-11 03:00:00",5.9976010736955,0.136800662525863
"2020-01-11 04:00:00",6.20943182806461,0.24405542581289
"2020-01-11 05:00:00",6.41971590275744,0.16977621044792
"2020-01-11 06:00:00",6.54489246315783,0.0812232355094119
"2020-01-11 07:00:00",6.34832293071199,-0.38085444146205
"2020-01-11 08:00:00",5.7275117455664,-0.759459515237046
"2020-01-11 09:00:00",4.85707147362122,-0.910443876401263
"2020-01-11 10:00:00",4.09816567831713,-0.628078201850052
"2020-01-11 11:00:00",3.756494932413,-0.139780575006388
"2020-01-11 12:00:00",3.30449675006699,-0.643501674010786
"2020-01-11 13:00:00",3.07902875331724,0.0596723428340044
"2020-01-11 14:00:00",3.15744057525676,0.0832108943219744
"2020-01-11 15:00:00",2.9685534892767,-0.365375543255888
"2020-01-11 16:00:00",2.6220603535057,-0.32126521099349
"2020-01-11 17:00:00",2.4369357148602,-0.0889475635957873
"2020-01-11 18:00:00",2.33476353001261,-0.109273518129329
"2020-01-11 19:00:00",2.43528376817535,0.23259515399836
"2020-01-11 20:00:00",2.52237847083422,-0.0171807382716209
"2020-01-11 21:00:00",2.42914971029232,-0.142746739861201
"2020-01-11 22:00:00",2.2236254406276,-0.240739059023667
"2020-01-11 23:00:00",2.07637480603955,-0.0807941708042704
"2020-01-12 00:00:00",1.71105939130577,-0.540309090281862
"2020-01-12 01:00:00",1.30245371370466,-0.303593071774103
"2020-01-12 02:00:00",0.90319108264211,-0.445746891304711
"2020-01-12 03:00:00",0.625938023194433,-0.152914698663406
"2020-01-12 04:00:00",0.689718633424509,0.204404311941805
"2020-01-12 05:00:00",0.842463878853778,0.110159325826018
"2020-01-12 06:00:00",0.966070207552854,0.125611557108162
"2020-01-12 07:00:00",0.853361396605242,-0.267475393202609
"2020-01-12 08:00:00",0.752281568884778,0.0135522840519674
"2020-01-12 09:00:00",1.10016097448951,0.553259991731762
"2020-01-12 10:00:00",1.53937816444887,0.340900959922005
"2020-01-12 11:00:00",1.84847574193823,0.271223926866407
"2020-01-12 12:00:00",1.93467978981383,-0.0436187510184588
"2020-01-12 13:00:00",1.97422935156291,0.0906217762790863
"2020-01-12 14:00:00",2.0326096872695,0.0315682260923548
"2020-01-12 15:00:00",1.84944361114984,-0.320235134556171
"2020-01-12 16:00:00",2.02555530037268,0.496252076866111
"2020-01-12 17:00:00",2.88482537780994,1.05783590178513
"2020-01-12 18:00:00",4.02692292780251,1.1402819173008
"2020-01-12 19:00:00",5.19055719316335,1.11871800643541
"2020-01-12 20:00:00",6.22579704237344,0.923706223871151
"2020-01-12 21:00:00",6.97415370290736,0.587874966005772
"2020-01-12 22:00:00",7.60458809687863,0.619862164867959
"2020-01-12 23:00:00",7.99099835401327,0.202617077656753
"2020-01-13 00:00:00",7.30319979419485,-1.25901236683597
"2020-01-13 01:00:00",7.27230744066874,0.779897589997619
"2020-01-13 02:00:00",7.98584671980297,0.626023161705635
"2020-01-13 03:00:00",8.51489355819869,0.428966556434034
"2020-01-13 04:00:00",8.77177522760704,0.118981244818843
"2020-01-13 05:00:00",8.8826090115347,0.088832213638329
"2020-01-13 06:00:00",8.594983358508,-0.536371625250968
"2020-01-13 07:00:00",7.4498374044141,-1.50764750204097
"2020-01-13 08:00:00",6.06072955954104,-1.2536730592633
"2020-01-13 09:00:00",5.64177120901133,0.149607513515457
"2020-01-13 10:00:00",5.44652050427207,-0.423144069614116
"2020-01-13 11:00:00",5.10765899321878,-0.27358997026379
"2020-01-13 12:00:00",4.58812544868549,-0.665386961757099
"2020-01-13 13:00:00",4.21607759141525,-0.164724524710386
"2020-01-13 14:00:00",4.212532995575,0.0986424906793459
"2020-01-13 15:00:00",3.9955914561185,-0.422446664280374
"2020-01-13 16:00:00",3.68717315892262,-0.222893533832127
"2020-01-13 17:00:00",3.32061000930642,-0.449673703825146
"2020-01-13 18:00:00",2.84320907028476,-0.477478587738411
"2020-01-13 19:00:00",2.29877563706133,-0.566861862085953
"2020-01-13 20:00:00",2.09178361864678,0.0397910890588406
"2020-01-13 21:00:00",2.097930844184,-0.0192692129946908
"2020-01-13 22:00:00",2.35715212812534,0.429857062293568
"2020-01-13 23:00:00",2.6472261822508,0.180065409297575
"2020-01-14 00:00:00",3.34879639890324,1.01248483910048
"2020-01-14 01:00:00",4.02016852933167,0.407749086984397
"2020-01-14 02:00:00",4.24662524486654,0.0896557291560453
"2020-01-14 03:00:00",4.33905359266089,0.0844124104803184
"2020-01-14 04:00:00",4.68786120370031,0.502901698346495
"2020-01-14 05:00:00",5.18713708538758,0.467092684936459
"2020-01-14 06:00:00",6.48608356195203,1.7850970690794
"2020-01-14 07:00:00",7.43330159926199,0.33527233070772
"2020-01-14 08:00:00",7.9654609530932,0.628548759097776
"2020-01-14 09:00:00",8.25433258017623,0.0384327827722292
"2020-01-14 10:00:00",7.83728115395114,-0.711520911933015
"2020-01-14 11:00:00",7.45513117603311,-0.154512633499468
"2020-01-14 12:00:00",7.83007079605107,0.700478280870289
"2020-01-14 13:00:00",8.50868808997108,0.62170629631398
"2020-01-14 14:00:00",9.065473977233,0.476083980533834
"2020-01-14 15:00:00",9.23811053064997,-0.0495436187403755
"2020-01-14 16:00:00",9.61876259511932,0.637451806305339
"2020-01-14 17:00:00",10.2204925412704,0.536927259550449
"2020-01-14 18:00:00",10.7429707606168,0.4748477774193
"2020-01-14 19:00:00",11.0821486244809,0.21877192487962
"2020-01-14 20:00:00",11.4083790067867,0.368085475925603
"2020-01-14 21:00:00",11.8183468489894,0.403706751680744
"2020-01-14 22:00:00",11.8270339925486,-0.270296686343652
"2020-01-14 23:00:00",11.8045810699706,0.128600143103745
"2020-01-15 00:00:00",11.8505324802735,-0.0265417264113731
"2020-01-15 01:00:00",12.0395783975299,0.308514697541809
"2020-01-15 02:00:00",11.9533337929037,-0.360828882516814
"2020-01-15 03:00:00",11.9903743668951,0.285119234748754
"2020-01-15 04:00:00",12.3747262250052,0.41679092417847
"2020-01-15 05:00:00",12.5977188514818,0.06725346152291
"2020-01-15 06:00:00",13.1953143990766,0.906520237462981
"2020-01-15 07:00:00",13.5684921769433,-0.0171144420068666
"2020-01-15 08:00:00",13.3566554523338,-0.349067339419612
"2020-01-15 09:00:00",12.7565101787001,-0.756220542981101
"2020-01-15 10:00:00",12.1435135380154,-0.504824430938004
"2020-01-15 11:00:00",11.6328058025238,-0.506009447560448
"2020-01-15 12:00:00",10.8982953213118,-0.866928444587288
"2020-01-15 13:00:00",10.7589380168131,0.338260593505325
"2020-01-15 14:00:00",10.7389436418099,-0.271740782697782
"2020-01-15 15:00:00",10.3695482953749,-0.430782014609888
"2020-01-15 16:00:00",10.0588466972043,-0.229247155507689
"2020-01-15 17:00:00",9.86120237897788,-0.180145971421217
"2020-01-15 18:00:00",9.8606139865774,0.106435493588757
"2020-01-15 19:00:00",10.0853379783168,0.280196573067183
"2020-01-15 20:00:00",10.278253072712,0.112565302020466
"2020-01-15 21:00:00",10.2618230329747,-0.114889247240536
"2020-01-15 22:00:00",10.3455656798354,0.198958933055961
"2020-01-15 23:00:00",10.9254373140131,0.79292276243307
"2020-01-16 00:00:00",11.3711417506856,0.178971407922281
"2020-01-16 01:00:00",11.697293110429,0.394118361639208
"2020-01-16 02:00:00",11.8549911744332,-0.022479594066062
"2020-01-16 03:00:00",10.6595673249646,-1.93584398017122
"2020-01-16 04:00:00",8.2617543915845,-2.60558037015822
"2020-01-16 05:00:00",6.56740360993268,-1.01700626282624
"2020-01-16 06:00:00",5.81535036163611,-0.548146532990522
"2020-01-16 07:00:00",5.12029108606813,-0.767464312864545
"2020-01-16 08:00:00",4.79403501674153,-0.0232167204038833
"2020-01-16 09:00:00",5.42047525382497,1.0235919413693
"2020-01-16 10:00:00",6.39607502860542,0.890260863067726
"2020-01-16 11:00:00",7.04866564342273,0.454893821057692
"2020-01-16 12:00:00",7.3268529258904,0.13808275480831
"2020-01-16 13:00:00",7.4874301703685,0.158501439100545
"2020-01-16 14:00:00",7.30754387510311,-0.406574492125881
"2020-01-16 15:00:00",5.16539287778704,-3.20680526531608
"2020-01-16 16:00:00",2.96237235692617,-1.43581199114651
"2020-01-16 17:00:00",3.0608265950548,1.1127853120362
"2020-01-16 18:00:00",3.97463721584827,0.733795208633143
"2020-01-16 19:00:00",4.54804871520348,0.434120988510947
"2020-01-16 20:00:00",4.7858090805546,0.089696681422261
"2020-01-16 21:00:00",4.49118617178369,-0.542998317731106
"2020-01-16 22:00:00",3.89257356414785,-0.613029810536174
"2020-01-16 23:00:00",3.39689528456554,-0.398906888697263
"2020-01-17 00:00:00",3.17737726225591,-0.0938733362319658
"2020-01-17 01:00:00",3.03112996497317,-0.178307457818292
"2020-01-17 02:00:00",3.00014732232288,0.0647986142997039
"2020-01-17 03:00:00",3.0468783702932,0.0285996012950774
"2020-01-17 04:00:00",2.99664695842065,-0.104323761741206
"2020-01-17 05:00:00",2.91650899862857,-0.0640677263738511
"2020-01-17 06:00:00",2.86989824132877,-0.0365162622929043
"2020-01-17 07:00:00",2.72644271978829,-0.211628379654063
"2020-01-17 08:00:00",2.60789231789289,-0.0543793093695188
"2020-01-17 09:00:00",3.01622032727099,0.694030335597263
"2020-01-17 10:00:00",3.72554282348055,0.681923860078134
"2020-01-17 11:00:00",4.40639426188365,0.642982161720378
"2020-01-17 12:00:00",5.17775771955652,0.814616784821524
"2020-01-17 13:00:00",5.74145013927407,0.362954000948625
"2020-01-17 14:00:00",5.8281588749853,-0.108970411212271
"2020-01-17 15:00:00",5.13457937816085,-1.05786398485934
"2020-01-17 16:00:00",3.97330636452013,-1.18164464982417
"2020-01-17 17:00:00",3.16603547218711,-0.52445159924771
"2020-01-17 18:00:00",2.76282511939131,-0.307303664719454
"2020-01-17 19:00:00",2.61818211434841,-0.0328912208241539
"2020-01-17 20:00:00",2.92533288526758,0.515872213300118
"2020-01-17 21:00:00",3.5801305404597,0.712527915348723
"2020-01-17 22:00:00",4.57903191513574,1.13773329387297
"2020-01-17 23:00:00",6.12907004230624,1.74534603179128
"2020-01-18 00:00:00",7.41863299758267,0.916535613526454
"2020-01-18 01:00:00",8.04791983473798,0.398327967031782
"2020-01-18 02:00:00",8.27514798860475,0.0919952903845865
"2020-01-18 03:00:00",8.57143395775577,0.407734813416168
"2020-01-18 04:00:00",8.61172123272802,-0.21763314609751
"2020-01-18 05:00:00",8.27394981731472,-0.412908586507194
"2020-01-18 06:00:00",7.68378770350605,-0.69094678512997
"2020-01-18 07:00:00",6.94375750781237,-0.747487452210091
"2020-01-18 08:00:00",6.32210551481556,-0.517170298041334
"2020-01-18 09:00:00",5.76445698202653,-0.566281104090939
"2020-01-18 10:00:00",5.27637087170903,-0.420191511944922
"2020-01-18 11:00:00",4.77209793328738,-0.543162657471905
"2020-01-18 12:00:00",4.24852294388216,-0.491786122514545
"2020-01-18 13:00:00",4.05649794543719,0.0114626478747105
"2020-01-18 14:00:00",4.13155026817272,0.108651098695088
"2020-01-18 15:00:00",4.04526411128113,-0.217465764614914
"2020-01-18 16:00:00",3.17029881026724,-1.27692583391088
"2020-01-18 17:00:00",2.4834321164883,-0.264946355235438
"2020-01-18 18:00:00",2.04602887974364,-0.534787566026811
"2020-01-18 19:00:00",1.59081560199629,-0.383169710861744
"2020-01-18 20:00:00",1.42539043756063,-0.0144536088257528
"2020-01-18 21:00:00",1.31607397225336,-0.16919940392885
"2020-01-18 22:00:00",1.07326442207774,-0.282039884592548
"2020-01-18 23:00:00",0.977766876713734,0.0320168892284702
"2020-01-19 00:00:00",1.54241635451861,0.891640139112984
"2020-01-19 01:00:00",1.924552438559,0.0223260458480052
"2020-01-19 02:00:00",1.99573668130494,0.0978932238482768
"2020-01-19 03:00:00",2.69336820553012,1.06172759738213
"2020-01-19 04:00:00",3.55811897539336,0.688872042192382
"2020-01-19 05:00:00",4.13646002988875,0.472587603651861
"2020-01-19 06:00:00",4.41778414224931,0.135118709012689
"2020-01-19 07:00:00",4.21939507662602,-0.416989238747891
"2020-01-19 08:00:00",3.49204199804541,-0.90513254957003
"2020-01-19 09:00:00",2.70426068511203,-0.676613446633097
"2020-01-19 10:00:00",2.19287927599758,-0.380412762880208
"2020-01-19 11:00:00",2.0078266328273,-0.048846917807316
"2020-01-19 12:00:00",1.86362112444406,-0.203511550656769
"2020-01-19 13:00:00",1.94703284408229,0.268325539804808
"2020-01-19 14:00:00",2.24791809366095,0.305784543987614
"2020-01-19 15:00:00",2.49151397140283,0.187665290996347
"2020-01-19 16:00:00",2.75298745283993,0.295042503817393
"2020-01-19 17:00:00",3.12124668571191,0.396022630469521
"2020-01-19 18:00:00",3.45200249403231,0.267506001041488
"2020-01-19 19:00:00",3.4361732270994,-0.20841229017062
"2020-01-19 20:00:00",2.92862648248969,-0.687275884705937
"2020-01-19 21:00:00",2.25216141750881,-0.640886603965713
"2020-01-19 22:00:00",1.80864119921008,-0.29377118258922
"2020-01-19 23:00:00",1.87550339165241,0.301772521242136
"2020-01-20 00:00:00",2.37628914412687,0.607245213791151
"2020-01-20 01:00:00",2.51758122793299,-0.179114268065763
"2020-01-20 02:00:00",2.15555684314194,-0.470003378695168
"2020-01-20 03:00:00",1.63468386170345,-0.532811568336947
"2020-01-20 04:00:00",1.36591890665342,-0.0820717648791243
"2020-01-20 05:00:00",0.820197391679871,-0.830643902904472
"2020-01-20 06:00:00",-0.290495972512148,-1.24566731592289
"2020-01-20 07:00:00",-1.28605735256623,-0.781144140357071
"2020-01-20 08:00:00",-1.39978733683617,0.338266845950614
"2020-01-20 09:00:00",-1.0012769427256,0.42153888247865
"2020-01-20 10:00:00",-0.363942343401915,0.752200488366002
"2020-01-20 11:00:00",0.0837150643919572,0.223828702949962
"2020-01-20 12:00:00",-0.359165144299277,-0.866407792260574
"2020-01-20 13:00:00",-0.810097782300817,-0.152063037975143
"2020-01-20 14:00:00",-0.722753482037688,0.243839836908435
"2020-01-20 15:00:00",-0.279399846995418,0.556224041785504
"2020-01-20 16:00:00",0.398744702181255,0.727558553292483
"2020-01-20 17:00:00",1.15102375282215,0.7324974658832
"2020-01-20 18:00:00",1.85295608089428,0.646717336861666
"2020-01-20 19:00:00",2.46427790319196,0.556287880424961
"2020-01-20 20:00:00",3.04378433980595,0.56427198115699
"2020-01-20 21:00:00",3.33024444383246,0.0837207106129048
"2020-01-20 22:00:00",3.11792109769567,-0.403884582713422
"2020-01-20 23:00:00",2.33015173681439,-1.01027166443919
"2020-01-21 00:00:00",1.57476079268479,-0.552580268606521
"2020-01-21 01:00:00",1.0031359725399,-0.559186959006834
"2020-01-21 02:00:00",0.618442755806053,-0.251378284647609
"2020-01-21 03:00:00",0.440353152342229,-0.121565528058443
"2020-01-21 04:00:00",0.342221448148874,-0.0784137007812778
"2020-01-21 05:00:00",0.328885718356665,0.0302415707769868
"2020-01-21 06:00:00",0.278761442595359,-0.101742528113359
"2020-01-21 07:00:00",-0.0816553742864663,-0.5160958618437
"2020-01-21 08:00:00",-0.299163791496893,-0.00801240600547454
"2020-01-21 09:00:00",0.125150776537078,0.69275002246657
"2020-01-21 10:00:00",0.798238345572255,0.627833531025884
"2020-01-21 11:00:00",1.41789733550599,0.583734984665787
"2020-01-21 12:00:00",1.75605103776153,0.156539672989129
"2020-01-21 13:00:00",1.94993611132763,0.207305452470761
"2020-01-21 14:00:00",2.04916907903976,0.0199576968788603
"2020-01-21 15:00:00",1.57863474541839,-0.777804552274981
"2020-01-21 16:00:00",0.855127473533119,-0.654963318431937
"2020-01-21 17:00:00",0.516732105556863,-0.112375219696275
"2020-01-21 18:00:00",0.465140488893344,-0.00928415817116451
"2020-01-21 19:00:00",0.41797585502405,-0.0707760022089155
"2020-01-21 20:00:00",0.453054731476436,0.103442074665399
"2020-01-21 21:00:00",0.544068654448854,0.0778199011466824
"2020-01-21 22:00:00",0.663226590064476,0.140352766223548
"2020-01-21 23:00:00",1.01588859913045,0.476586207916036
"2020-01-22 00:00:00",1.23893034217149,0.042107088258062
"2020-01-22 01:00:00",1.46691558461811,0.339471723963821
"2020-01-22 02:00:00",1.90060970981829,0.474008870029638
"2020-01-22 03:00:00",2.32003011690223,0.360649008308099
"2020-01-22 04:00:00",2.69624008856759,0.365716935060905
"2020-01-22 05:00:00",3.0697559962137,0.357491535691229
"2020-01-22 06:00:00",3.4804434642341,0.422679544478588
"2020-01-22 07:00:00",3.81318533891257,0.252487877759556
"2020-01-22 08:00:00",3.94511014110326,0.0403681418261173
"2020-01-22 09:00:00",3.79278631027721,-0.278628294817401
"2020-01-22 10:00:00",3.34666131235432,-0.54147537315094
"2020-01-22 11:00:00",2.9483280628031,-0.288290734094131
"2020-01-22 12:00:00",2.24938901957435,-0.94328602179431
"2020-01-22 13:00:00",1.99169887712663,0.208712765017635
"2020-01-22 14:00:00",2.52341929704343,0.719221707971122
"2020-01-22 15:00:00",3.26906337997628,0.724574507031029
"2020-01-22 16:00:00",3.76502027996863,0.315767685366045
"2020-01-22 17:00:00",3.61478992164266,-0.458603205989988
"2020-01-22 18:00:00",2.79371259367616,-1.02836359192237
"2020-01-22 19:00:00",2.07479712761969,-0.482057769108771
"2020-01-22 20:00:00",1.40793117903898,-0.761053851417672
"2020-01-22 21:00:00",0.268426547608157,-1.33946661127454
"2020-01-22 22:00:00",-1.15455655896472,-1.41138647927553
"2020-01-22 23:00:00",-1.7115316869077,0.0405776639500752
"2020-01-23 00:00:00",-0.838657669534322,1.38845593004144
"2020-01-23 01:00:00",0.0638011784461633,0.536662698446975
"2020-01-23 02:00:00",0.997535879688903,1.15399220659116
"2020-01-23 03:00:00",1.89077795780355,0.67567988892502
"2020-01-23 04:00:00",2.15602988830876,-0.0234031309285158
"2020-01-23 05:00:00",2.39802653857908,0.404649069722543
"2020-01-23 06:00:00",3.02774727370146,0.746751963558758
"2020-01-23 07:00:00",3.58464109436626,0.399959087424823
"2020-01-23 08:00:00",3.65331163140322,-0.160067094430896
"2020-01-23 09:00:00",3.46562006323468,-0.201896231353999
"2020-01-23 10:00:00",3.15763666052312,-0.36853759722415
"2020-01-23 11:00:00",2.87933856730782,-0.20898381154676
"2020-01-23 12:00:00",2.41992726990124,-0.608239505012141
"2020-01-23 13:00:00",1.9612994374449,-0.340213012019676
"2020-01-23 14:00:00",1.78213626662347,-0.0658120288344063
"2020-01-23 15:00:00",1.53189020057872,-0.363604932442607
"2020-01-23 16:00:00",0.71443532927573,-1.08314543767887
"2020-01-23 17:00:00",0.131640674804037,-0.222459697297839
"2020-01-23 18:00:00",-0.00163400942132485,-0.067655518550609
"2020-01-23 19:00:00",-0.169711086726612,-0.227034630772432
"2020-01-23 20:00:00",-0.305213529097077,-0.0678243374005982
"2020-01-23 21:00:00",-0.260992667415464,0.117208347818403
"2020-01-23 22:00:00",-0.052095703958592,0.260431338138538
"2020-01-23 23:00:00",-0.0711674984898912,-0.20443065558952
"2020-01-24 00:00:00",-0.453933430768922,-0.483373609056291
"2020-01-24 01:00:00",-1.18754639163178,-0.864990621300495
"2020-01-24 02:00:00",-1.78888010356888,-0.395460152806095
"2020-01-24 03:00:00",-2.07235306648676,-0.193040502719311
"2020-01-24 04:00:00",-2.04456687154846,0.176351546881551
"2020-01-24 05:00:00",-2.00807537623745,-0.0558463947739557
"2020-01-24 06:00:00",-2.21608816485815,-0.296983104521708
"2020-01-24 07:00:00",-2.8225559818492,-0.781112867221173
"2020-01-24 08:00:00",-2.88368441477097,0.42539499031964
"2020-01-24 09:00:00",-2.28195916633096,0.6943990721235
"2020-01-24 10:00:00",-1.64317764602842,0.574289814822797
"2020-01-24 11:00:00",-1.08410104460753,0.524485061478625
"2020-01-24 12:00:00",-1.07823481129,-0.338755597170953
"2020-01-24 13:00:00",-0.904168290903406,0.509060030259058
"2020-01-24 14:00:00",-0.628288898048576,0.108483759272214
"2020-01-24 15:00:00",-1.36162516744513,-1.25888285300206
"2020-01-24 16:00:00",-2.46177318343668,-0.940293669985827
"2020-01-24 17:00:00",-2.57203084873115,0.451501917264242
"2020-01-24 18:00:00",-2.23195048544593,0.252954490905821
"2020-01-24 19:00:00",-1.83541377315658,0.476289486515224
"2020-01-24 20:00:00",-1.48191436590117,0.257207780285152
"2020-01-24 21:00:00",-1.13893576297115,0.385769650058813
"2020-01-24 22:00:00",-0.794109204254233,0.302613317304094
"2020-01-24 23:00:00",-0.590821675496324,0.128434649116758
"2020-01-25 00:00:00",-0.50547183513202,0.0533326809353654
"2020-01-25 01:00:00",-0.468206316767526,0.0254347731121196
"2020-01-25 02:00:00",-0.421914548537656,0.0585997700584288
"2020-01-25 03:00:00",-0.310333307759509,0.142143032375502
"2020-01-25 04:00:00",-0.0822256024814966,0.274976880696199
"2020-01-25 05:00:00",0.234515489983246,0.329638051907386
"2020-01-25 06:00:00",0.48246297597302,0.181403528856778
"2020-01-25 07:00:00",0.378588488660815,-0.289742266134831
"2020-01-25 08:00:00",0.0602470572687972,-0.32276768642578
"2020-01-25 09:00:00",-0.180440995812,-0.174609515370069
"2020-01-25 10:00:00",-0.343204774506188,-0.146899808828179
"2020-01-25 11:00:00",-0.711786766688459,-0.498410583726922
"2020-01-25 12:00:00",-1.7855463417022,-1.40537751279253
"2020-01-25 13:00:00",-2.44751194462233,-0.13260901672984
"2020-01-25 14:00:00",-2.22861999560184,0.445974212022255
"2020-01-25 15:00:00",-1.96114324743514,0.138641918116166
"2020-01-25 16:00:00",-1.7617087891938,0.233012256359768
"2020-01-25 17:00:00",-1.34951201568836,0.514333902760606
"2020-01-25 18:00:00",-0.973846437742321,0.26710917987122
"2020-01-25 19:00:00",-0.765454762559992,0.160599589837123
"2020-01-25 20:00:00",-0.765577625377289,-0.106277152628958
"2020-01-25 21:00:00",-0.968313032245226,-0.256419446043679
"2020-01-25 22:00:00",-1.37683770467911,-0.489265848113937
"2020-01-25 23:00:00",-1.40188449805428,0.287391737624866
"2020-01-26 00:00:00",-1.30269829417854,-0.0291888325957334
"2020-01-26 01:00:00",-1.3721451209404,-0.0913063157658779
"2020-01-26 02:00:00",-1.6835522819162,-0.441572568095855
"2020-01-26 03:00:00",-1.95589112487773,-0.144407482503012
"2020-01-26 04:00:00",-1.63969121978431,0.610761040662353
"2020-01-26 05:00:00",-1.45955050732934,-0.113381923607308
"2020-01-26 06:00:00",-1.47235932636054,0.0567282208093278
"2020-01-26 07:00:00",-1.64443180478843,-0.314529649120285
"2020-01-26 08:00:00",-1.87959111473452,-0.168953018364687
"2020-01-26 09:00:00",-1.77886624212558,0.278142744741687
"2020-01-26 10:00:00",-1.64917506711387,0.0268545334629117
"2020-01-26 11:00:00",-1.49711570087696,0.230427199711161
"2020-01-26 12:00:00",-2.5405991051302,-1.84122794123994
"2020-01-26 13:00:00",-3.25563380851399,0.0729998867187517
"2020-01-26 14:00:00",-3.00325468887577,0.364165554677248
"2020-01-26 15:00:00",-2.57875012029329,0.448427694291652
"2020-01-26 16:00:00",-2.42524540166479,-0.0470787530181384
"2020-01-26 17:00:00",-2.15169869236779,0.477419799771651
"2020-01-26 18:00:00",-1.55741356526092,0.646726650152166
"2020-01-26 19:00:00",-0.954320274203756,0.54735314769669
"2020-01-26 20:00:00",-0.456212096642289,0.442838705160089
"2020-01-26 21:00:00",-0.113805425907422,0.25977004136477
"2020-01-26 22:00:00",0.172236731418818,0.290110714837751
"2020-01-26 23:00:00",0.572555253194817,0.454544328283412
"2020-01-27 00:00:00",1.05798440838056,0.482213617960272
"2020-01-27 01:00:00",1.18034079743089,-0.1247219844003
"2020-01-27 02:00:00",0.98826518301696,-0.22937094738134
"2020-01-27 03:00:00",0.957104191550938,0.101184020676505
"2020-01-27 04:00:00",1.16212168195522,0.263263013318401
"2020-01-27 05:00:00",1.4661354133467,0.315236375319646
"2020-01-27 06:00:00",1.73058329089281,0.216133802725424
"2020-01-27 07:00:00",1.56758076056683,-0.4102400580885
"2020-01-27 08:00:00",1.61569036421482,0.349364762367833
"2020-01-27 09:00:00",2.34244206632366,0.941721995436761
"2020-01-27 10:00:00",3.07259275490409,0.551390783791821
"2020-01-27 11:00:00",3.62278249553605,0.519285066251908
"2020-01-27 12:00:00",4.22757973915011,0.628396519798452
"2020-01-27 13:00:00",5.11673214927013,1.01528713881575
"2020-01-27 14:00:00",5.77479040624761,0.38204579217325
"2020-01-27 15:00:00",5.90916875536973,-0.0445574300305993
"2020-01-27 16:00:00",6.25271739604974,0.578341906081672
"2020-01-27 17:00:00",6.8444358388822,0.564460678713012
"2020-01-27 18:00:00",7.38944296742941,0.497320215750716
"2020-01-27 19:00:00",7.72570679651167,0.203393675261912
"2020-01-27 20:00:00",7.69227653938649,-0.19967693667489
"2020-01-27 21:00:00",7.48586271467645,-0.211008589240663
"2020-01-27 22:00:00",7.30758995023262,-0.157624093225828
"2020-01-27 23:00:00",7.05403273753319,-0.314879197000302
"2020-01-28 00:00:00",6.65765485622897,-0.440963592461044
"2020-01-28 01:00:00",6.28855144099984,-0.312236908553131
"2020-01-28 02:00:00",6.17310683454348,0.0131304965325211
"2020-01-28 03:00:00",6.4994196339991,0.511636657629462
"2020-01-28 04:00:00",6.97716339539524,0.42407167902352
"2020-01-28 05:00:00",6.89276962824565,-0.428345403838201
"2020-01-28 06:00:00",6.88204461559328,0.259311526154801
"2020-01-28 07:00:00",6.83746023149892,-0.253927783051472
"2020-01-28 08:00:00",6.49453974727265,-0.394763308905792
"2020-01-28 09:00:00",6.08107927477428,-0.414646497195098
"2020-01-28 10:00:00",6.0668347908727,0.24552651409157
"2020-01-28 11:00:00",6.16498513117252,-0.012580518753436
"2020-01-28 12:00:00",6.13705863835901,-0.0447740931978052
"2020-01-28 13:00:00",5.18637380431739,-1.51734736986202
"2020-01-28 14:00:00",3.53977257800155,-1.66120671360837
"2020-01-28 15:00:00",2.71538336527808,-0.231907202783426
"2020-01-28 16:00:00",2.76318187991112,0.228495453743509
"2020-01-28 17:00:00",3.18031256384503,0.519502971337263
"2020-01-28 18:00:00",3.50501721639684,0.175313409467659
"2020-01-28 19:00:00",3.71686321312928,0.221617307530328
"2020-01-28 20:00:00",3.66213481680265,-0.241144625694218
"2020-01-28 21:00:00",3.16967944367174,-0.641310886430929
"2020-01-28 22:00:00",2.84320555793369,-0.105156707219187
"2020-01-28 23:00:00",2.31517605941335,-0.788512045357102
"2020-01-29 00:00:00",1.94846796723338,-0.0710678049375191
"2020-01-29 01:00:00",2.5322258438516,0.990050362327202
"2020-01-29 02:00:00",3.03534315651989,0.151329942540845
"2020-01-29 03:00:00",2.72909020471362,-0.600661442654979
"2020-01-29 04:00:00",2.68046258720958,0.318182768556926
"2020-01-29 05:00:00",3.00482225811274,0.309610140669155
"2020-01-29 06:00:00",3.32312060414713,0.305093051303404
"2020-01-29 07:00:00",3.39475054865155,-0.0916954623912626
"2020-01-29 08:00:00",3.160989118427,-0.321736741720873
"2020-01-29 09:00:00",3.01444561391627,-0.0268595717730018
"2020-01-29 10:00:00",2.65873720923728,-0.561918619382132
"2020-01-29 11:00:00",2.18489161663958,-0.396040433514274
"2020-01-29 12:00:00",2.02994303819269,0.0103242219836653
"2020-01-29 13:00:00",2.1050488043084,0.112107978389486
"2020-01-29 14:00:00",2.47195845343251,0.516626689666325
"2020-01-29 15:00:00",2.76832774265697,0.132264872327056
"2020-01-29 16:00:00",3.29833540573554,0.766412161028955
"2020-01-29 17:00:00",3.21901945978052,-0.643606327418665
"2020-01-29 18:00:00",2.79871549050295,-0.255613687939146
"2020-01-29 19:00:00",2.73281775808676,0.0601024377731491
"2020-01-29 20:00:00",2.66823962536424,-0.148149893162601
"2020-01-29 21:00:00",2.92629919664888,0.51316019455082
"2020-01-29 22:00:00",3.58016666410011,0.712828551598023
"2020-01-29 23:00:00",3.89718922606431,0.0334782688154246
"2020-01-30 00:00:00",3.81049336174323,-0.167712767608215
"2020-01-30 01:00:00",3.38046561988981,-0.589376977388972
"2020-01-30 02:00:00",2.86150761271414,-0.451708323259133
"2020-01-30 03:00:00",3.22189300618052,0.880959440888477
"2020-01-30 04:00:00",3.98004784595414,0.636107742174818
"2020-01-30 05:00:00",4.35987655383161,0.185801019147368
"2020-01-30 06:00:00",4.54443399399745,0.169340232653191
"2020-01-30 07:00:00",4.77666228706705,0.257261680624909
"2020-01-30 08:00:00",4.88079432179087,-0.00905614314194279
"2020-01-30 09:00:00",4.62231385187975,-0.418767087042618
"2020-01-30 10:00:00",4.10420347050897,-0.565674145509116
"2020-01-30 11:00:00",3.46247919345666,-0.667217840948507
"2020-01-30 12:00:00",3.37226941635573,0.294280735512861
"2020-01-30 13:00:00",4.08909599052923,0.960110406590893
"2020-01-30 14:00:00",4.77853093149587,0.470956985495234
"2020-01-30 15:00:00",5.2510459523604,0.444942489314158
"2020-01-30 16:00:00",5.4706798858807,0.0522274313927887
"2020-01-30 17:00:00",5.37049221879436,-0.204084655216208
"2020-01-30 18:00:00",5.07488596004878,-0.349493002805757
"2020-01-30 19:00:00",5.16821162626404,0.377558868439209
"2020-01-30 20:00:00",5.40166233432224,0.119627063158646
"2020-01-30 21:00:00",5.4978193364622,0.0689806818807285
"2020-01-30 22:00:00",5.8323994226386,0.488659864742012
"2020-01-30 23:00:00",6.60706071650809,0.920998677755892
"2020-01-31 00:00:00",7.30097410316421,0.501037604870451
"2020-01-31 01:00:00",8.21031667769403,1.12892190647386
"2020-01-31 02:00:00",9.35604122779717,1.09190225057762
"2020-01-31 03:00:00",10.458581549643,1.04518408801138
"2020-01-31 04:00:00",11.7005869981337,1.30072128667354
"2020-01-31 05:00:00",12.1782625241494,-0.108788528501617
"2020-01-31 06:00:00",12.246120491417,0.166702883274278
"2020-01-31 07:00:00",12.0069607149139,-0.514145886189319
"2020-01-31 08:00:00",11.4565093992276,-0.563969550658549
"2020-01-31 09:00:00",10.6871060923384,-0.884558085942535
"2020-01-31 10:00:00",9.97134347207223,-0.582992991490287
"2020-01-31 11:00:00",9.29020607968701,-0.727047705259506
"2020-01-31 12:00:00",9.03848125372436,0.0651422177837541
"2020-01-31 13:00:00",9.07374382147172,0.00202053575525611
"2020-01-31 14:00:00",8.81576785761472,-0.430737567307386
"2020-01-31 15:00:00",8.53595140679593,-0.177267336783868
"2020-01-31 16:00:00",8.64523308429582,0.284118738352019
"2020-01-31 17:00:00",9.03144778454134,0.424784639822779
"2020-01-31 18:00:00",9.28975617490634,0.123413567867585
"2020-01-31 19:00:00",9.86018177673237,0.829351587712812
"2020-01-31 20:00:00",10.8270325953531,0.999865505690413
"2020-01-31 21:00:00",11.736508081246,0.792047134134406
"2020-01-31 22:00:00",12.3040489644419,0.375779789033591
"2020-01-31 23:00:00",12.3920358009063,-0.123907909301393
"2020-02-01 00:00:00",12.7671665721144,0.674023302401496
"2020-02-01 01:00:00",13.2331075048058,0.288628769823085
"2020-02-01 02:00:00",13.4279602488158,0.106025048784539
"2020-02-01 03:00:00",13.571884361685,0.145047335875232
"2020-02-01 04:00:00",13.6952794278408,0.085608138436102
"2020-02-01 05:00:00",13.4946629006758,-0.399544253149571
"2020-02-01 06:00:00",13.1112958368097,-0.371754260797107
"2020-02-01 07:00:00",12.8307935941412,-0.223234465122169
"2020-02-01 08:00:00",12.8891918056841,0.226841404056475
"2020-02-01 09:00:00",12.6808736709419,-0.505129400716689
"2020-02-01 10:00:00",11.9218448879259,-0.908564134243006
"2020-02-01 11:00:00",10.8118733523468,-1.20685816939115
"2020-02-01 12:00:00",9.48581730714531,-1.35643875396589
"2020-02-01 13:00:00",8.80817084907374,-0.205147972013101
"2020-02-01 14:00:00",9.01130272427425,0.45431097046834
"2020-02-01 15:00:00",9.5728081216615,0.59467283916827
"2020-02-01 16:00:00",10.0349157308901,0.339437748318291
"2020-02-01 17:00:00",10.4179444964677,0.380956722851992
"2020-02-01 18:00:00",10.9594569249172,0.609390915011167
"2020-02-01 19:00:00",11.2448906675269,0.0417800100380471
"2020-02-01 20:00:00",10.9551128482839,-0.511532695700107
"2020-02-01 21:00:00",10.4775996889027,-0.446259444348442
"2020-02-01 22:00:00",9.85971172702869,-0.716444789245252
"2020-02-01 23:00:00",9.13466738678642,-0.709028817889923
"2020-02-02 00:00:00",9.05048738453032,0.324608117504726
"2020-02-02 01:00:00",9.40892458898069,0.352294423494486
"2020-02-02 02:00:00",9.33558838719505,-0.365724563679522
"2020-02-02 03:00:00",9.5427974279278,0.567282078996346
"2020-02-02 04:00:00",10.0077025536766,0.362266177765023
"2020-02-02 05:00:00",10.2402613317991,0.1221417150282
"2020-02-02 06:00:00",10.2776898070244,-0.0340201962140711
"2020-02-02 07:00:00",10.1257445339032,-0.236584106251743
"2020-02-02 08:00:00",9.70461905770103,-0.537187354108117
"2020-02-02 09:00:00",9.01037513736703,-0.778461832240323
"2020-02-02 10:00:00",8.01272767072567,-1.10797191571619
"2020-02-02 11:00:00",6.83523698070958,-1.17820732108104
"2020-02-02 12:00:00",5.3214219695065,-1.6744220280934
"2020-02-02 13:00:00",4.28109865951105,-0.575019646019077
"2020-02-02 14:00:00",4.19462762026981,0.237814967348945
"2020-02-02 15:00:00",4.3765969338017,0.130687263528122
"2020-02-02 16:00:00",4.67071136233981,0.383448237110717
"2020-02-02 17:00:00",5.14245101734031,0.502164181381143
"2020-02-02 18:00:00",5.51317390910344,0.258853793643794
"2020-02-02 19:00:00",5.75990635042086,0.219822857497503
"2020-02-02 20:00:00",5.92923936957704,0.120204909652153
"2020-02-02 21:00:00",6.13676610159497,0.248238366874657
"2020-02-02 22:00:00",6.33437716960154,0.146561945160967
"2020-02-02 23:00:00",6.40865971272381,0.0144047803958445
"2020-02-03 00:00:00",6.58706046403524,0.270993889722292
"2020-02-03 01:00:00",6.81966975777477,0.187478494251694
"2020-02-03 02:00:00",6.99854469951956,0.155851518046054
"2020-02-03 03:00:00",7.16601860313428,0.15824548314631
"2020-02-03 04:00:00",7.3233606590959,0.140028887613555
"2020-02-03 05:00:00",7.50605717947523,0.193022655988286
"2020-02-03 06:00:00",7.80550627650895,0.346496956698855
"2020-02-03 07:00:00",7.63664122509605,-0.514467696209416
"2020-02-03 08:00:00",6.9040102515591,-0.853097088624285
"2020-02-03 09:00:00",6.71595142838975,0.255332479933343
"2020-02-03 10:00:00",7.0690256209595,0.392802227963733
"2020-02-03 11:00:00",6.90972212229448,-0.528906874646103
"2020-02-03 12:00:00",6.42160149177024,-0.446638920151023
"2020-02-03 13:00:00",6.76224382285609,0.841025670733519
"2020-02-03 14:00:00",6.88207147286678,-0.375370830833333
"2020-02-03 15:00:00",6.52222294917703,-0.341268930714464
"2020-02-03 16:00:00",6.38014444499392,-0.0109401609943312
"2020-02-03 17:00:00",6.65719906197189,0.447661005211627
"2020-02-03 18:00:00",7.23921057834261,0.635341758303298
"2020-02-03 19:00:00",7.81395290698322,0.497703590768644
"2020-02-03 20:00:00",8.02804271620954,0.00477471638729371
"2020-02-03 21:00:00",8.08218024841757,0.0741280379613588
"2020-02-03 22:00:00",8.12898079662091,0.0159439355223419
"2020-02-03 23:00:00",7.87319434100706,-0.435257147633441
"2020-02-04 00:00:00",7.12791134016506,-0.926693402671483
"2020-02-04 01:00:00",6.59658249364386,-0.251693523195234
"2020-02-04 02:00:00",6.52414679989095,0.0420092751157765
"2020-02-04 03:00:00",6.46814216245537,-0.127091823626808
"2020-02-04 04:00:00",6.38044612570553,-0.0656001835004183
"2020-02-04 05:00:00",6.22175898040959,-0.221425174358538
"2020-02-04 06:00:00",5.90655794409726,-0.370756401316839
"2020-02-04 07:00:00",5.23823589724824,-0.842548719997949
"2020-02-04 08:00:00",4.46933817134419,-0.69001033574831
"2020-02-04 09:00:00",3.95912177624834,-0.371869809486814
"2020-02-04 10:00:00",3.66317484242552,-0.236371038320524
"2020-02-04 11:00:00",3.62206966865416,0.0863028081924744
"2020-02-04 12:00:00",3.10651522780785,-0.896954389333495
"2020-02-04 13:00:00",2.51785930603848,-0.359157576659512
"2020-02-04 14:00:00",2.53342475339848,0.261392409633321
"2020-02-04 15:00:00",2.3880724841734,-0.41286831668974
"2020-02-04 16:00:00",1.97434305812724,-0.397720592656013
"2020-02-04 17:00:00",1.85790246139933,0.0740652819610422
"2020-02-04 18:00:00",2.35561169721137,0.75408885438703
"2020-02-04 19:00:00",2.89324264434101,0.36474480786941
"2020-02-04 20:00:00",3.27766189455043,0.375539747745649
"2020-02-04 21:00:00",3.15210508066559,-0.457872740899684
"2020-02-04 22:00:00",3.03326752800095,0.108767379243286
"2020-02-04 23:00:00",3.2909661171642,0.340830056802436
"2020-02-05 00:00:00",3.33468328438401,-0.160672879268895
"2020-02-05 01:00:00",3.12069305713788,-0.243662905130322
"2020-02-05 02:00:00",3.18644351644341,0.264876816340218
"2020-02-05 03:00:00",3.4081813151114,0.178336064973575
"2020-02-05 04:00:00",3.43691724331312,-0.0767530902248986
"2020-02-05 05:00:00",2.99993535800186,-0.660794052578948
"2020-02-05 06:00:00",2.65758070106169,-0.117662546872888
"2020-02-05 07:00:00",2.04153730660858,-0.922442235083301
"2020-02-05 08:00:00",1.56045912178149,-0.166610650382949
"2020-02-05 09:00:00",1.17522091132508,-0.514691981140954
"2020-02-05 10:00:00",0.639557297912748,-0.52570445911518
"2020-02-05 11:00:00",0.219298274948968,-0.330816946386527
"2020-02-05 12:00:00",0.0608975849160192,-0.0362139507094659
"2020-02-05 13:00:00",0.334090278374871,0.466399887886966
"2020-02-05 14:00:00",0.692504440409185,0.268962777638868
"2020-02-05 15:00:00",0.581216394125715,-0.360388330549045
"2020-02-05 16:00:00",-0.808917621826012,-2.0113102086199
"2020-02-05 17:00:00",-1.83202958956028,-0.314664290219232
"2020-02-05 18:00:00",-1.5258422085449,0.707892413752836
"2020-02-05 19:00:00",-1.24091861220268,-0.00862403941401751
"2020-02-05 20:00:00",-1.00638152017393,0.387095762150195
"2020-02-05 21:00:00",-0.556522293886576,0.471620625709133
"2020-02-05 22:00:00",-0.175820086988858,0.302717360704255
"2020-02-05 23:00:00",0.413079928729079,0.751927636861497
"2020-02-06 00:00:00",1.19735572721372,0.768040300050562
"2020-02-06 01:00:00",2.21731735509855,1.1378955113757
"2020-02-06 02:00:00",2.50885510854248,-0.289402122488629
"2020-02-06 03:00:00",2.38679057873767,-0.00794049295395366
"2020-02-06 04:00:00",2.58705693398434,0.326476437045933
"2020-02-06 05:00:00",2.9477688800244,0.363060762619433
"2020-02-06 06:00:00",3.31165550446313,0.343347049028196
"2020-02-06 07:00:00",3.38741231530804,-0.110500964396295
"2020-02-06 08:00:00",3.20820945574308,-0.220852748555963
"2020-02-06 09:00:00",2.82748197090525,-0.473350999373572
"2020-02-06 10:00:00",2.51316629407013,-0.197001323404896
"2020-02-06 11:00:00",2.22525409509768,-0.338075476969578
"2020-02-06 12:00:00",1.62983520113845,-0.741551800379852
"2020-02-06 13:00:00",1.48218838779369,0.253199032352841
"2020-02-06 14:00:00",1.79836912052536,0.341233176260075
"2020-02-06 15:00:00",2.18857054225794,0.40198687529306
"2020-02-06 16:00:00",2.78225609921609,0.690450778394325
"2020-02-06 17:00:00",3.54871671741512,0.777126068810975
"2020-02-06 18:00:00",4.24100024228034,0.598253056343011
"2020-02-06 19:00:00",4.74598114175761,0.413339210870516
"2020-02-06 20:00:00",5.09914468422202,0.290149353414076
"2020-02-06 21:00:00",5.37321908667777,0.243763374623922
"2020-02-06 22:00:00",5.61126198253191,0.215993755701068
"2020-02-06 23:00:00",5.76019330781188,0.0899160257537812
"2020-02-07 00:00:00",5.81656223333588,0.0239033951031581
"2020-02-07 01:00:00",5.83398281780932,0.00477577205395555
"2020-02-07 02:00:00",5.89572101255787,0.089261096845277
"2020-02-07 03:00:00",5.99848737404555,0.0992891271206999
"2020-02-07 04:00:00",6.15175583448671,0.174241230670422
"2020-02-07 05:00:00",6.33281799652635,0.169078289373714
"2020-02-07 06:00:00",6.26059651125745,-0.237813804524715
"2020-02-07 07:00:00",5.93989447570905,-0.368787744600984
"2020-02-07 08:00:00",5.66085465157289,-0.213603218021166
"2020-02-07 09:00:00",5.44920134792796,-0.207590306426502
"2020-02-07 10:00:00",5.168503729376,-0.323118249178656
"2020-02-07 11:00:00",4.65212242649975,-0.627343163710853
"2020-02-07 12:00:00",3.57886757424831,-1.32551860822891
"2020-02-07 13:00:00",2.90436076354214,-0.213065868021269
"2020-02-07 14:00:00",3.01835303308949,0.322867954787757
"2020-02-07 15:00:00",3.43075502586471,0.448603827864499
"2020-02-07 16:00:00",3.61371836381333,-0.00724248347906811
"2020-02-07 17:00:00",3.59953173089925,-0.0227984696607444
"2020-02-07 18:00:00",3.69579939184776,0.166430820760395
"2020-02-07 19:00:00",4.05695556700038,0.469046582512152
"2020-02-07 20:00:00",4.37632210211175,0.199177656523407
"2020-02-07 21:00:00",4.47501881163458,0.02138123049651
"2020-02-07 22:00:00",4.30350181629394,-0.297729750295217
"2020-02-07 23:00:00",4.02971684376345,-0.250357445090169
"2020-02-08 00:00:00",4.15071902825675,0.357628462707506
"2020-02-08 01:00:00",4.20334583007919,-0.158553590567899
"2020-02-08 02:00:00",4.05132321622892,-0.145861099243648
"2020-02-08 03:00:00",3.80269763615786,-0.310540065134256
"2020-02-08 04:00:00",3.24736308802358,-0.697039109262561
"2020-02-08 05:00:00",2.65267659879297,-0.502377981307518
"2020-02-08 06:00:00",2.10281982841984,-0.558798148379223
"2020-02-08 07:00:00",1.47961870022651,-0.639231289454113
"2020-02-08 08:00:00",1.55917543870726,0.553053538481807
"2020-02-08 09:00:00",2.36139371270902,0.928195245273007
"2020-02-08 10:00:00",3.21512084901489,0.760471123422433
"2020-02-08 11:00:00",3.87504082871352,0.557385053464869
"2020-02-08 12:00:00",4.12856404121981,0.0339114566387289
"2020-02-08 13:00:00",4.43332254561979,0.465518171593542
"2020-02-08 14:00:00",4.91809059702111,0.468852461247184
"2020-02-08 15:00:00",4.96785398026559,-0.238326764900999
"2020-02-08 16:00:00",3.8390056014839,-1.67527882095621
"2020-02-08 17:00:00",2.7586227137386,-0.637400131072507
"2020-02-08 18:00:00",2.71851791452754,0.356436360087055
"2020-02-08 19:00:00",3.01330273764134,0.236173437832376
"2020-02-08 20:00:00",3.55494655649799,0.715665800875842
"2020-02-08 21:00:00",4.28299543732822,0.697126824354982
"2020-02-08 22:00:00",4.88607087936862,0.506198774149502
"2020-02-08 23:00:00",4.81639087050387,-0.456577725745678
"2020-02-09 00:00:00",4.63618984368393,0.00640364669399851
"2020-02-09 01:00:00",5.24999280264092,0.983587290092467
"2020-02-09 02:00:00",5.97256869540714,0.507469777238349
"2020-02-09 03:00:00",6.45288288324117,0.431690320207621
"2020-02-09 04:00:00",6.66861339138375,0.0531932028677467
"2020-02-09 05:00:00",6.21219207521182,-0.783062882289274
"2020-02-09 06:00:00",5.54985353771459,-0.558388104060612
"2020-02-09 07:00:00",5.22176517058942,-0.166118774263986
"2020-02-09 08:00:00",5.63456698118982,0.772397520083857
"2020-02-09 09:00:00",6.44551085689953,0.79084480135995
"2020-02-09 10:00:00",7.36534299493759,0.953806752476604
"2020-02-09 11:00:00",8.3912297426454,1.01569883749359
"2020-02-09 12:00:00",8.64203028068253,-0.281853820922372
"2020-02-09 13:00:00",8.6886473631937,0.252242685352535
"2020-02-09 14:00:00",9.33253391618231,0.863184821209559
"2020-02-09 15:00:00",9.87924845489625,0.297732532093864
"2020-02-09 16:00:00",10.2884018422789,0.451259638928182
"2020-02-09 17:00:00",10.8110384122913,0.532127442358369
"2020-02-09 18:00:00",11.8647506453574,1.33742676167051
"2020-02-09 19:00:00",12.4596372502102,0.0563107096193429
"2020-02-09 20:00:00",12.1526808898962,-0.550599376990511
"2020-02-09 21:00:00",11.3197629270134,-0.997207336199664
"2020-02-09 22:00:00",11.2137121705726,0.478496450068899
"2020-02-09 23:00:00",11.9022136252004,0.78133533622013
"2020-02-10 00:00:00",13.7816406005168,2.50682938609853
"2020-02-10 01:00:00",15.1854829984199,0.584061523250431
"2020-02-10 02:00:00",14.9464356113727,-0.795985950285246
"2020-02-10 03:00:00",12.6422594365039,-3.21938626293932
"2020-02-10 04:00:00",10.5638320199413,-1.23532627394577
"2020-02-10 05:00:00",10.4605217925767,0.642651102769149
"2020-02-10 06:00:00",10.1059044624517,-1.01607990450317
"2020-02-10 07:00:00",9.20976085999039,-0.786625676401683
"2020-02-10 08:00:00",8.30696212967746,-0.94921336560965
"2020-02-10 09:00:00",7.58721438620101,-0.543275614057678
"2020-02-10 10:00:00",7.20533666522551,-0.265911212710907
"2020-02-10 11:00:00",5.45162427650776,-2.67151254648873
"2020-02-10 12:00:00",3.65553382690464,-1.13416146311878
"2020-02-10 13:00:00",2.97152529041721,-0.356118519224995
"2020-02-10 14:00:00",2.60489809965824,-0.360040059415874
"2020-02-10 15:00:00",2.43413377746744,-0.0398246807163395
"2020-02-10 16:00:00",2.3704264600955,-0.0797380893161851
"2020-02-10 17:00:00",2.62647061131992,0.464673618068819
"2020-02-10 18:00:00",3.24745391258415,0.69229480862926
"2020-02-10 19:00:00",3.52211031481004,-0.0210006444234465
"2020-02-10 20:00:00",3.47899576983183,-0.0603466965997384
"2020-02-10 21:00:00",3.42627410909516,-0.0496161088305421
"2020-02-10 22:00:00",3.66050252802896,0.407909438344103
"2020-02-10 23:00:00",3.57828601442358,-0.409771654496544
"2020-02-11 00:00:00",4.56002629175874,1.85813658047434
"2020-02-11 01:00:00",5.20421438817328,-0.201584641696099
"2020-02-11 02:00:00",4.93756109197422,-0.304066600409818
"2020-02-11 03:00:00",4.47864260936748,-0.546706333413226
"2020-02-11 04:00:00",4.13315694487324,-0.200694723023723
"2020-02-11 05:00:00",3.70563549356384,-0.563747136489952
"2020-02-11 06:00:00",3.23835920688027,-0.385533871359075
"2020-02-11 07:00:00",2.94846929158354,-0.216525909307527
"2020-02-11 08:00:00",2.89073299042814,0.0470658547075584
"2020-02-11 09:00:00",2.46464608889218,-0.724994348490745
"2020-02-11 10:00:00",2.12311023864101,-0.0728475425283145
"2020-02-11 11:00:00",2.3005574124252,0.33313949001699
"2020-02-11 12:00:00",2.40737342729874,-0.0521040670443919
"2020-02-11 13:00:00",2.22929529552384,-0.256699393973577
"2020-02-11 14:00:00",2.27642729802603,0.244570498867674
"2020-02-11 15:00:00",2.23863255014719,-0.227172474617452
"2020-02-11 16:00:00",2.11383282075923,-0.0535066759136361
"2020-02-11 17:00:00",1.98458576206499,-0.176321931965507
"2020-02-11 18:00:00",1.72187896058694,-0.310369410844712
"2020-02-11 19:00:00",2.10103208060302,0.818591115564954
"2020-02-11 20:00:00",2.78361372076801,0.55676696828831
"2020-02-11 21:00:00",2.94349866382182,-0.115883181728086
"2020-02-11 22:00:00",2.77985426136422,-0.191501380581685
"2020-02-11 23:00:00",2.79979781544163,0.156374647133148
"2020-02-12 00:00:00",2.26414939784563,-0.975143464593225
"2020-02-12 01:00:00",1.82584605376447,-0.0625056624020192
"2020-02-12 02:00:00",2.36415468613756,0.910911864735039
"2020-02-12 03:00:00",2.74667264677859,0.00903786775665261
"2020-02-12 04:00:00",2.81010366396458,0.0931389520172589
"2020-02-12 05:00:00",3.02473014210484,0.281796792984871
"2020-02-12 06:00:00",3.10677692531124,-0.0589141025726679
"2020-02-12 07:00:00",2.67269355658577,-0.667567999872954
"2020-02-12 08:00:00",2.31699021286509,-0.134338315813544
"2020-02-12 09:00:00",2.29799307286348,0.0558127452757099
"2020-02-12 10:00:00",2.41366624374724,0.147121547846537
"2020-02-12 11:00:00",2.36813926036417,-0.174903992521148
"2020-02-12 12:00:00",1.48623043959144,-1.31438123609035
"2020-02-12 13:00:00",1.17503041539287,0.370449015977011
"2020-02-12 14:00:00",1.46594278075486,0.222550720591501
"2020-02-12 15:00:00",1.71461589631612,0.252381956948894
"2020-02-12 16:00:00",1.82896525254714,0.0146859240552527
"2020-02-12 17:00:00",1.73599915913355,-0.16267199909289
"2020-02-12 18:00:00",1.75193541390324,0.13201212891019
"2020-02-12 19:00:00",1.89129062122843,0.135370903924882
"2020-02-12 20:00:00",2.104055804316,0.251812923080109
"2020-02-12 21:00:00",2.08190632717065,-0.206446736986144
"2020-02-12 22:00:00",1.9754403341162,-0.0374368307831015
"2020-02-12 23:00:00",2.04075164459676,0.12815981767192
"2020-02-13 00:00:00",2.26056427323103,0.267838410841623
"2020-02-13 01:00:00",2.51367833382246,0.228357222339504
"2020-02-13 02:00:00",2.5325671707255,-0.124891092272213
"2020-02-13 03:00:00",2.26398831827036,-0.354869833295165
"2020-02-13 04:00:00",1.94274197330916,-0.286483010795178
"2020-02-13 05:00:00",1.56131997306754,-0.429092070131983
"2020-02-13 06:00:00",0.946025593396202,-0.712200670216324
"2020-02-13 07:00:00",0.110108800960027,-0.879889628307358
"2020-02-13 08:00:00",0.0756430809591034,0.530636591037313
"2020-02-13 09:00:00",0.786493633960683,0.797114527938064
"2020-02-13 10:00:00",1.57274614299428,0.740635599425662
"2020-02-13 11:00:00",1.824573082371,-0.0880332781488432
"2020-02-13 12:00:00",1.62002976348959,-0.274846735773868
"2020-02-13 13:00:00",1.36005968509427,-0.239786426798985
"2020-02-13 14:00:00",1.00890078682674,-0.410471678868313
"2020-02-13 15:00:00",1.00470564539955,0.265550588595821
"2020-02-13 16:00:00",1.45851396411547,0.556452010852924
"2020-02-13 17:00:00",1.83910412158934,0.243386070086476
"2020-02-13 18:00:00",2.12997862287698,0.306340889153862
"2020-02-13 19:00:00",2.42967007276119,0.278272739085771
"2020-02-13 20:00:00",2.65317860742252,0.173247838252195
"2020-02-13 21:00:00",2.93000076590888,0.329297252210108
"2020-02-13 22:00:00",2.96119451499167,-0.172796452107354
"2020-02-13 23:00:00",2.96113214007638,0.111278910865013
"2020-02-14 00:00:00",3.34192585007684,0.538556430031405
"2020-02-14 01:00:00",3.70020146914249,0.216759025935786
"2020-02-14 02:00:00",4.04993435430399,0.416993480138677
"2020-02-14 03:00:00",3.88699005211367,-0.547038671696731
"2020-02-14 04:00:00",3.26780410274378,-0.642868761264449
"2020-02-14 05:00:00",2.87019814647837,-0.219417083262404
"2020-02-14 06:00:00",2.45317906678053,-0.532633562518056
"2020-02-14 07:00:00",1.46665408877441,-1.24539626102416
"2020-02-14 08:00:00",1.34439952314449,0.630413437084348
"2020-02-14 09:00:00",2.03623912191679,0.69818152032113
"2020-02-14 10:00:00",2.33927590628183,0.022587413018714
"2020-02-14 11:00:00",2.5665118192078,0.349853453799357
"2020-02-14 12:00:00",1.37961721541887,-2.15828271144474
"2020-02-14 13:00:00",0.141828999714289,-0.56709446416912
"2020-02-14 14:00:00",0.324404694193676,0.673488708882725
"2020-02-14 15:00:00",1.12679002752862,0.849768101403368
"2020-02-14 16:00:00",1.43841760119145,-0.0633870301036503
"2020-02-14 17:00:00",1.41096159828542,-0.00405123689546703
"2020-02-14 18:00:00",1.9499917550422,0.873645771156257
"2020-02-14 19:00:00",2.63992175990221,0.532157117213184
"2020-02-14 20:00:00",2.96303482341799,0.164996800949998
"2020-02-14 21:00:00",2.1052563436982,-1.50267420824228
"2020-02-14 22:00:00",1.35558600271734,-0.214765223291725
"2020-02-14 23:00:00",1.63633665842632,0.596001095869894
"2020-02-15 00:00:00",2.59521326569786,1.15311574761984
"2020-02-15 01:00:00",3.39696747648015,0.526074122060994
"2020-02-15 02:00:00",3.67015370977663,0.0872382066963379
"2020-02-15 03:00:00",3.44294374091379,-0.430771013355563
"2020-02-15 04:00:00",3.11329340913659,-0.251009474491917
"2020-02-15 05:00:00",2.43910905629915,-0.928271136927148
"2020-02-15 06:00:00",1.86004135627628,-0.321895445946257
"2020-02-15 07:00:00",1.60547109390098,-0.199987391614604
"2020-02-15 08:00:00",1.76718886445504,0.393096940040438
"2020-02-15 09:00:00",2.13743164559637,0.335136041998939
"2020-02-15 10:00:00",2.75927172047741,0.780669138840818
"2020-02-15 11:00:00",3.66717056188222,0.946018853872672
"2020-02-15 12:00:00",4.21430935005592,0.250498057634937
"2020-02-15 13:00:00",4.31488001584212,-0.00958883263611316
"2020-02-15 14:00:00",4.60818766119157,0.475737289554707
"2020-02-15 15:00:00",5.44407962418535,1.0303318790208
"2020-02-15 16:00:00",5.8136862458165,-0.0954481209367556
"2020-02-15 17:00:00",5.50716754208044,-0.44015596508417
"2020-02-15 18:00:00",5.36723445714322,0.0597651353644655
"2020-02-15 19:00:00",5.79100996697852,0.639391254311566
"2020-02-15 20:00:00",6.14153596662308,0.13383337931989
"2020-02-15 21:00:00",6.2751685344467,0.119234605515932
"2020-02-15 22:00:00",6.47513814486017,0.236203454627034
"2020-02-15 23:00:00",6.88547166706001,0.498575650788779
"2020-02-16 00:00:00",7.499448522122,0.652861315930638
"2020-02-16 01:00:00",8.28912954932232,0.833703734043517
"2020-02-16 02:00:00",8.85415610752569,0.348380434815893
"2020-02-16 03:00:00",9.39465108631599,0.631475774619325
"2020-02-16 04:00:00",9.86379356570352,0.32652285708116
"2020-02-16 05:00:00",10.944594414333,1.51957493648987
"2020-02-16 06:00:00",11.9535463070298,0.60649438458813
"2020-02-16 07:00:00",12.2600419254699,0.0765320605543236
"2020-02-16 08:00:00",12.3249246877097,0.0382352708790643
"2020-02-16 09:00:00",12.1183502048212,-0.375843783166484
"2020-02-16 10:00:00",10.1849117751621,-2.89555720284712
"2020-02-16 11:00:00",8.2551808304285,-1.20728231984871
"2020-02-16 12:00:00",8.093553361177,0.532506819551164
"2020-02-16 13:00:00",9.33639205793219,1.64689705991488
"2020-02-16 14:00:00",10.8581935999516,1.35406007508805
"2020-02-16 15:00:00",12.0999613998602,1.09390772036878
"2020-02-16 16:00:00",13.170874168375,0.989102015846704
"2020-02-16 17:00:00",14.4137282905421,1.33598777220661
"2020-02-16 18:00:00",15.7720490268598,1.29008913144689
"2020-02-16 19:00:00",16.8219663293595,0.819590268386783
"2020-02-16 20:00:00",17.5733319859572,0.648502225574543
"2020-02-16 21:00:00",18.1736661749552,0.517050293754599
"2020-02-16 22:00:00",18.6135480708739,0.344115755252012
"2020-02-16 23:00:00",18.9511426457908,0.293219580653084
"2020-02-17 00:00:00",16.5986196854289,-4.02895147495624
"2020-02-17 01:00:00",13.5160425561175,-2.32657839319283
"2020-02-17 02:00:00",12.1034389472422,-0.753588087866667
"2020-02-17 03:00:00",11.8274614482985,0.0399420105670126
"2020-02-17 04:00:00",11.832415521565,-0.0338470535414341
"2020-02-17 05:00:00",11.8603007574188,0.0524671118872115
"2020-02-17 06:00:00",11.5269314847478,-0.590030817646421
"2020-02-17 07:00:00",10.7594234569624,-0.864206232652784
"2020-02-17 08:00:00",9.94660213871431,-0.753805087579433
"2020-02-17 09:00:00",9.17303890211518,-0.762793033635337
"2020-02-17 10:00:00",8.31300581943948,-0.895810804500647
"2020-02-17 11:00:00",7.75125691689982,-0.323062890316431
"2020-02-17 12:00:00",7.26415325768209,-0.583303705617768
"2020-02-17 13:00:00",7.1119781217748,0.133109758573266
"2020-02-17 14:00:00",7.50510573126756,0.538624276738592
"2020-02-17 15:00:00",7.60036466940379,-0.21451064602752
"2020-02-17 16:00:00",7.07938655968231,-0.710323549113652
"2020-02-17 17:00:00",6.53711572959887,-0.413591684034508
"2020-02-17 18:00:00",6.08727385095506,-0.461055768322685
"2020-02-17 19:00:00",6.09660891151595,0.314636012820781
"2020-02-17 20:00:00",6.22996358023426,-0.00169050883592963
"2020-02-17 21:00:00",6.3380836941887,0.168160255584149
"2020-02-17 22:00:00",6.93544878874211,0.846943182796582
"2020-02-17 23:00:00",7.05495934518071,-0.380052380958066
"2020-02-18 00:00:00",6.83332269957125,-0.114586900255822
"2020-02-18 01:00:00",6.67679189461463,-0.185860081877766
"2020-02-18 02:00:00",7.03641868876555,0.697585642828677
"2020-02-18 03:00:00",7.11837769988451,-0.341413541045359
"2020-02-18 04:00:00",6.69478375599917,-0.467423751218882
"2020-02-18 05:00:00",6.39803953495236,-0.177485566330134
"2020-02-18 06:00:00",6.24019621381941,-0.145492585170311
"2020-02-18 07:00:00",6.21939680057499,0.0552752473692952
"2020-02-18 08:00:00",5.89253133459405,-0.574103484244345
"2020-02-18 09:00:00",4.70381768926311,-1.54955300571839
"2020-02-18 10:00:00",4.11567287115929,0.0746700798246538
"2020-02-18 11:00:00",3.9719785101007,-0.287743367697584
"2020-02-18 12:00:00",3.33414330904123,-0.846034565280883
"2020-02-18 13:00:00",3.24746398722712,0.41937152959909
"2020-02-18 14:00:00",3.54563678174405,0.199021356644121
"2020-02-18 15:00:00",3.96732316506626,0.545520066191875
"2020-02-18 16:00:00",3.92474145118861,-0.437731756919514
"2020-02-18 17:00:00",3.62020071665022,-0.206334045952855
"2020-02-18 18:00:00",3.7454441615919,0.335674904579618
"2020-02-18 19:00:00",4.39277521900627,0.819511193675372
"2020-02-18 20:00:00",4.61732939743288,-0.18840830567925
"2020-02-18 21:00:00",4.80279743043476,0.419951518245405
"2020-02-18 22:00:00",4.96102271825452,-0.0299635430375364
"2020-02-18 23:00:00",4.70980694739721,-0.393169902082183
"2020-02-19 00:00:00",5.21741025471666,1.07791860567183
"2020-02-19 01:00:00",5.12583371043451,-0.873598266783321
"2020-02-19 02:00:00",4.6759392546145,-0.152656456821776
"2020-02-19 03:00:00",4.83300548953719,0.350055456233245
"2020-02-19 04:00:00",5.28642625305584,0.494555750001967
"2020-02-19 05:00:00",5.56513447851736,0.114756207559519
"2020-02-19 06:00:00",5.51205437394388,-0.169617962821677
"2020-02-19 07:00:00",4.97030441086599,-0.77119296722613
"2020-02-19 08:00:00",4.02315587516942,-1.0258470873641
"2020-02-19 09:00:00",3.13886928641157,-0.753078009756671
"2020-02-19 10:00:00",2.24750900837787,-0.945234763768974
"2020-02-19 11:00:00",1.82709645005463,-0.05345540044267
"2020-02-19 12:00:00",1.37241308603464,-0.702912277116467
"2020-02-19 13:00:00",1.42158185771512,0.546442704928436
"2020-02-19 14:00:00",1.41237901692372,-0.381021471592742
"2020-02-19 15:00:00",0.538744198056699,-1.16234358392694
"2020-02-19 16:00:00",0.27362051532386,0.344917086726139
"2020-02-19 17:00:00",0.428520981747444,0.0205115049222454
"2020-02-19 18:00:00",0.571131760298039,0.216679955001263
"2020-02-19 19:00:00",1.0974892465323,0.707057555220749
"2020-02-19 20:00:00",1.5042938958626,0.185894115013417
"2020-02-19 21:00:00",1.68016246480362,0.158889396663808
"2020-02-19 22:00:00",2.27692117502322,0.858144009187817
"2020-02-19 23:00:00",3.23903543004983,0.98277349843457
"2020-02-20 00:00:00",3.40228424475813,-0.395023021147534
"2020-02-20 01:00:00",3.10982900710444,-0.214564755387378
"2020-02-20 02:00:00",2.42413917953921,-0.971191669994669
"2020-02-20 03:00:00",1.37041870698935,-1.06179035949139
"2020-02-20 04:00:00",0.57958687034358,-0.574381971116767
"2020-02-20 05:00:00",0.0822108774492925,-0.423151407846389
"2020-02-20 06:00:00",-0.416973539648712,-0.526257246703846
"2020-02-20 07:00:00",-0.446510297769421,0.303545512488009
"2020-02-20 08:00:00",-0.0961222790790822,0.365540985870312
"2020-02-20 09:00:00",0.178774031326998,0.201528515429201
"2020-02-20 10:00:00",0.765178901241667,0.814888817360135
"2020-02-20 11:00:00",1.45951625507874,0.579990599578583
"2020-02-20 12:00:00",1.52197104798771,-0.28741178161987
"2020-02-20 13:00:00",1.20989707252483,-0.315646810537039
"2020-02-20 14:00:00",0.899584701164426,-0.293569362386559
"2020-02-20 15:00:00",1.33512765521749,0.899753689803614
"2020-02-20 16:00:00",2.03483151811592,0.531369649406842
"2020-02-20 17:00:00",2.65333122493086,0.644572645930555
"2020-02-20 18:00:00",3.14775992618511,0.367420425651845
"2020-02-20 19:00:00",3.92407867571243,1.00796666462974
"2020-02-20 20:00:00",5.05622973267207,1.15608361062295
"2020-02-20 21:00:00",5.79037925589302,0.411463139255945
"2020-02-20 22:00:00",6.15091603227747,0.301992508550697
"2020-02-20 23:00:00",6.70486843570103,0.687673320403989
"2020-02-21 00:00:00",6.75757122508796,-0.381748006508896
"2020-02-21 01:00:00",6.70965346396896,0.168201216682261
"2020-02-21 02:00:00",6.68689576785111,-0.157626084344589
"2020-02-21 03:00:00",5.97608893370292,-1.05442738524679
"2020-02-21 04:00:00",5.38872518356461,-0.255782873205473
"2020-02-21 05:00:00",4.94681606658302,-0.551935831805474
"2020-02-21 06:00:00",4.07667388809279,-1.04730200424121
"2020-02-21 07:00:00",3.17919507730519,-0.760203938872334
"2020-02-21 08:00:00",2.89243874098889,0.0383998411084622
"2020-02-21 09:00:00",2.9684779636112,0.0937912003458711
"2020-02-21 10:00:00",2.834212895975,-0.283744986677806
"2020-02-21 11:00:00",3.14723324718765,0.69233050182076
"2020-02-21 12:00:00",2.23178298352911,-1.94783988478581
"2020-02-21 13:00:00",1.45439576414209,0.0369664374780838
"2020-02-21 14:00:00",1.95174402718536,0.778756492093829
"2020-02-21 15:00:00",2.45418045254792,0.291835697822589
"2020-02-21 16:00:00",2.78258584672407,0.334016719981704
"2020-02-21 17:00:00",3.00462965643292,0.133259458073785
"2020-02-21 18:00:00",3.58240161699104,0.842781512734898
"2020-02-21 19:00:00",4.20290803873673,0.438223200143636
"2020-02-21 20:00:00",4.6891043068143,0.48965818938589
"2020-02-21 21:00:00",4.46001603601816,-0.703400706742986
"2020-02-21 22:00:00",4.3318443613555,0.255651340167544
"2020-02-21 23:00:00",4.73059927565767,0.469625110757193
"2020-02-22 00:00:00",5.57712499673454,1.05146635781465
"2020-02-22 01:00:00",6.61617493845141,0.974210826605363
"2020-02-22 02:00:00",7.19973299807299,0.286871407569018
"2020-02-22 03:00:00",7.1797785212588,-0.232830928058726
"2020-02-22 04:00:00",6.934999189536,-0.250364874305063
"2020-02-22 05:00:00",6.45725938297316,-0.615555052634872
"2020-02-22 06:00:00",5.8816086738505,-0.530014507957113
"2020-02-22 07:00:00",5.16878578348476,-0.80839921415864
"2020-02-22 08:00:00",4.88595278920411,0.0743181278459477
"2020-02-22 09:00:00",4.91103746091347,-0.0152251023148042
"2020-02-22 10:00:00",4.72273688201051,-0.301062697795805
"2020-02-22 11:00:00",4.96188707347457,0.581836065923952
"2020-02-22 12:00:00",5.42719420903499,0.3591175336038
"2020-02-22 13:00:00",6.50478049183751,1.49835768284919
"2020-02-22 14:00:00",7.26499243363479,0.223616287995097
"2020-02-22 15:00:00",7.72244362979742,0.582239074346857
"2020-02-22 16:00:00",8.16410380591087,0.317003980525115
"2020-02-22 17:00:00",8.54907454538024,0.401467355149754
"2020-02-22 18:00:00",8.76786080174767,0.0755880341342428
"2020-02-22 19:00:00",8.31217475384622,-0.799507099052033
"2020-02-22 20:00:00",7.85302674103077,-0.221138406157553
"2020-02-22 21:00:00",7.64130025346083,-0.205510250759718
"2020-02-22 22:00:00",7.49951756560769,-0.102407488404656
"2020-02-22 23:00:00",7.22184798815676,-0.39097816015905
"2020-02-23 00:00:00",7.40746184654557,0.551875744027293
"2020-02-23 01:00:00",7.83302661135519,0.31159108213527
"2020-02-23 02:00:00",7.75436891019001,-0.345174997782658
"2020-02-23 03:00:00",7.91990795260113,0.48815075670541
"2020-02-23 04:00:00",8.16743970453907,0.06515368607665
"2020-02-23 05:00:00",8.04254387117354,-0.256182927978517
"2020-02-23 06:00:00",7.60584174510495,-0.546658005716697
"2020-02-23 07:00:00",7.04400522331079,-0.555058105574103
"2020-02-23 08:00:00",6.31505557289083,-0.819313042224192
"2020-02-23 09:00:00",5.18951355728163,-1.2843437322295
"2020-02-23 10:00:00",3.66496885876009,-1.61891776855169
"2020-02-23 11:00:00",2.47727837552901,-0.848494862397194
"2020-02-23 12:00:00",1.55822694008694,-0.925607832032804
"2020-02-23 13:00:00",1.08831036060099,-0.145805339044296
"2020-02-23 14:00:00",1.22070495791932,0.310164387085911
"2020-02-23 15:00:00",1.44919554931715,0.161611593898102
"2020-02-23 16:00:00",1.6437930257963,0.2054731189188
"2020-02-23 17:00:00",2.1397982985051,0.664002063610624
"2020-02-23 18:00:00",2.92681212395613,0.828864554000153
"2020-02-23 19:00:00",3.3867157894241,0.18830809536299
"2020-02-23 20:00:00",3.59327861508549,0.204552600136232
"2020-02-23 21:00:00",3.56428889135242,-0.187934683593076
"2020-02-23 22:00:00",3.23249535319746,-0.41652413087133
"2020-02-23 23:00:00",3.06528105987916,0.00276999072845802
"2020-02-24 00:00:00",2.98153712573155,-0.141389358649052
"2020-02-24 01:00:00",3.06148637284954,0.219864689750311
"2020-02-24 02:00:00",3.10474007194033,-0.0804853762990402
"2020-02-24 03:00:00",3.068056214224,-0.009740900330826
"2020-02-24 04:00:00",3.29585541167819,0.37137822938819
"2020-02-24 05:00:00",3.55011401225057,0.159850938181691
"2020-02-24 06:00:00",3.8791253044275,0.421573887871424
"2020-02-24 07:00:00",3.92559658336657,-0.210799807544838
"2020-02-24 08:00:00",3.56177532758243,-0.453603783953796
"2020-02-24 09:00:00",3.28279217255411,-0.15390395899132
"2020-02-24 10:00:00",3.15752857725826,-0.104448088549099
"2020-02-24 11:00:00",2.62829997395304,-0.791330998857524
"2020-02-24 12:00:00",1.77133963973455,-0.863377096228735
"2020-02-24 13:00:00",1.33085899183143,-0.139905633205538
"2020-02-24 14:00:00",1.52988368365615,0.413801956346777
"2020-02-24 15:00:00",1.774064977437,0.117528024721918
"2020-02-24 16:00:00",1.61217024728043,-0.342766335532265
"2020-02-24 17:00:00",1.0351599987354,-0.707828495882442
"2020-02-24 18:00:00",0.506393422792255,-0.385601236175815
"2020-02-24 19:00:00",0.598058510311332,0.404828853738783
"2020-02-24 20:00:00",1.58590269027158,1.32880211535378
"2020-02-24 21:00:00",3.12494017121,1.60401436206262
"2020-02-24 22:00:00",5.1615764556518,2.22423959069714
"2020-02-24 23:00:00",7.01998579607038,1.51956502883808
"2020-02-25 00:00:00",8.23349538220528,0.942764956011325
"2020-02-25 01:00:00",9.02804123893367,0.647368840122995
"2020-02-25 02:00:00",9.45724971300165,0.251741484036288
"2020-02-25 03:00:00",10.0241533799281,0.737882767162292
"2020-02-25 04:00:00",10.3927843381247,0.0920330617506598
"2020-02-25 05:00:00",10.203639035643,-0.380998408870631
"2020-02-25 06:00:00",9.75555416530537,-0.484664081496189
"2020-02-25 07:00:00",9.10868681195733,-0.736833283085486
"2020-02-25 08:00:00",8.27703875498873,-0.867074870383714
"2020-02-25 09:00:00",7.25584639035312,-1.08607497467437
"2020-02-25 10:00:00",6.16468302364595,-1.05205404094868
"2020-02-25 11:00:00",4.8628389311587,-1.41444896669525
"2020-02-25 12:00:00",4.26241466469912,-0.0354847678280484
"2020-02-25 13:00:00",4.53585568667305,0.460901795214375
"2020-02-25 14:00:00",4.56629035661071,-0.263829680511511
"2020-02-25 15:00:00",4.40282237010042,-0.0946775301762526
"2020-02-25 16:00:00",4.03484067077992,-0.538368601542728
"2020-02-25 17:00:00",3.29661968627144,-0.841573144873879
"2020-02-25 18:00:00",2.9742860060902,0.034889188767997
"2020-02-25 19:00:00",3.05056529840287,0.096414833119058
"2020-02-25 20:00:00",3.2572342459794,0.266418726873948
"2020-02-25 21:00:00",3.26863169085919,-0.163352725233318
"2020-02-25 22:00:00",2.955207367532,-0.402788585724865
"2020-02-25 23:00:00",1.89811330427846,-1.44686597548855
"2020-02-26 00:00:00",1.29382832909018,-0.0163044741782086
"2020-02-26 01:00:00",1.80911293862443,0.843518124095559
"2020-02-26 02:00:00",2.3031421806155,0.235233426828142
"2020-02-26 03:00:00",2.0588327085345,-0.555357721753834
"2020-02-26 04:00:00",1.34084744759211,-0.794936591766206
"2020-02-26 05:00:00",0.765084038894353,-0.404018327274131
"2020-02-26 06:00:00",0.527114964901125,-0.11694919030349
"2020-02-26 07:00:00",0.285871995346817,-0.313319615015197
"2020-02-26 08:00:00",0.0235907313360864,-0.216161208389021
"2020-02-26 09:00:00",-1.44583101229471,-2.23511906051684
"2020-02-26 10:00:00",-3.14901197550016,-1.26576440568316
"2020-02-26 11:00:00",-3.85953502074829,-0.302546996327495
"2020-02-26 12:00:00",-3.60637523296468,0.616568102008394
"2020-02-26 13:00:00",-3.31186234807504,0.0704651339721473
"2020-02-26 14:00:00",-2.71533033329833,0.923158171471681
"2020-02-26 15:00:00",-2.15700702672018,0.292071974509037
"2020-02-26 16:00:00",-1.90080405368822,0.222895619018666
"2020-02-26 17:00:00",-1.92402063395833,-0.183736000424214
"2020-02-26 18:00:00",-1.64662570775687,0.574108001366273
"2020-02-26 19:00:00",-0.928171385045342,0.782664923407685
"2020-02-26 20:00:00",-0.506630737048606,0.161959899192986
"2020-02-26 21:00:00",-0.544137992739611,-0.168047947389393
"2020-02-26 22:00:00",-0.65797859806264,-0.0715921821499251
"2020-02-26 23:00:00",-0.613737565177187,0.120207433296065
"2020-02-27 00:00:00",-0.599030667919166,-0.0555336068127559
"2020-02-27 01:00:00",-0.468134553204734,0.249732303073655
"2020-02-27 02:00:00",-0.169153848350913,0.318208282727953
"2020-02-27 03:00:00",0.0619955309413258,0.162344992786202
"2020-02-27 04:00:00",0.300867390373587,0.278457983403518
"2020-02-27 05:00:00",0.422763474796017,0.0113431301275475
"2020-02-27 06:00:00",0.283949814856291,-0.232864929121176
"2020-02-27 07:00:00",0.109553449145161,-0.127496675881949
"2020-02-27 08:00:00",-0.366626443506785,-0.686144847254291
"2020-02-27 09:00:00",-0.939568394581847,-0.469776363340137
"2020-02-27 10:00:00",-0.958161065263717,0.28428560679521
"2020-02-27 11:00:00",-0.6908980982625,0.244449250151877
"2020-02-27 12:00:00",-0.796892021893284,-0.333691703992386
"2020-02-27 13:00:00",-0.94527181743673,-0.0167628282755506
"2020-02-27 14:00:00",-0.795258647556785,0.255284832224021
"2020-02-27 15:00:00",-1.00734898879681,-0.512565357692015
"2020-02-27 16:00:00",-1.88852953212711,-1.08374864625405
"2020-02-27 17:00:00",-2.06243785606926,0.443339196460893
"2020-02-27 18:00:00",-2.50053034361641,-1.00222815144913
"2020-02-27 19:00:00",-2.79799562108462,0.189726224603846
"2020-02-27 20:00:00",-2.46711150206378,0.412869874930526
"2020-02-27 21:00:00",-1.90762423257181,0.63382318000899
"2020-02-27 22:00:00",-1.51739307838193,0.211753839132364
"2020-02-27 23:00:00",-1.36269593257569,0.111264190670849
"2020-02-28 00:00:00",-0.882804075337021,0.704591290638392
"2020-02-28 01:00:00",-0.768973859452034,-0.284275401816431
"2020-02-28 02:00:00",-0.968129555360288,-0.131955537881544
"2020-02-28 03:00:00",-1.16189619991854,-0.224518158242148
"2020-02-28 04:00:00",-1.28641801036647,-0.050444295124608
"2020-02-28 05:00:00",-1.63623973348887,-0.531122323981669
"2020-02-28 06:00:00",-2.05584937560567,-0.323221079476028
"2020-02-28 07:00:00",-2.18487162990249,0.00922165298507613
"2020-02-28 08:00:00",-1.79886001331825,0.62167307003715
"2020-02-28 09:00:00",-0.886447315872686,1.06519657630341
"2020-02-28 10:00:00",-0.137035176163199,0.504423430978485
"2020-02-28 11:00:00",0.508690472400773,0.709417649131874
"2020-02-28 12:00:00",0.101883952868301,-1.13226769344411
"2020-02-28 13:00:00",0.320144571995966,1.10809471064247
"2020-02-28 14:00:00",0.596422955665528,-0.291797564858071
"2020-02-28 15:00:00",0.475268977325891,-0.00240489994254317
"2020-02-28 16:00:00",0.450033138018549,-0.0398694468358128
"2020-02-28 17:00:00",-0.366306141092527,-1.29576507326458
"2020-02-28 18:00:00",-1.13446944991699,-0.379460099985042
"2020-02-28 19:00:00",-0.545266121008348,1.20843133677084
"2020-02-28 20:00:00",-0.364716291253626,-0.512569904638259
"2020-02-28 21:00:00",-0.195909776060044,0.615498174908426
"2020-02-28 22:00:00",0.255749364145268,0.321224860579248
"2020-02-28 23:00:00",0.535065267343194,0.237774601039477
"2020-02-29 00:00:00",0.614342989296858,-0.030841786437431
"2020-02-29 01:00:00",0.897998509713887,0.479046078428323
"2020-02-29 02:00:00",1.61850158587536,0.846076685858977
"2020-02-29 03:00:00",1.68252001544428,-0.462472633400447
"2020-02-29 04:00:00",0.936886076461652,-0.901140992912182
"2020-02-29 05:00:00",0.356335277347589,-0.340447483959158
"2020-02-29 06:00:00",0.0577182135919099,-0.256999669691427
"2020-02-29 07:00:00",0.220983933982365,0.435605251677198
"2020-02-29 08:00:00",0.547760043597755,0.23841162551361
"2020-02-29 09:00:00",0.732064881567766,0.138770367609491
"2020-02-29 10:00:00",1.31867282542726,0.856342711223814
"2020-02-29 11:00:00",2.37569532055943,1.13887848974106
"2020-02-29 12:00:00",3.65337797164779,1.30644122485358
"2020-02-29 13:00:00",5.05832685534991,1.39914955088113
"2020-02-29 14:00:00",6.34673517813136,1.14683961251438
"2020-02-29 15:00:00",7.17844589867451,0.573927611032358
"2020-02-29 16:00:00",7.24316446238659,-0.287073892567276
"2020-02-29 17:00:00",7.40982986161498,0.451899802308726
"2020-02-29 18:00:00",8.1591139481462,0.902383150739254
"2020-02-29 19:00:00",8.69949504991015,0.262858122180218
"2020-02-29 20:00:00",9.38502614897064,0.923522189957586
"2020-02-29 21:00:00",9.81391825174441,0.0666701066917623
"2020-02-29 22:00:00",8.96320255109251,-1.43451660569439
"2020-02-29 23:00:00",7.83553319078288,-0.881071809942833
"2020-03-01 00:00:00",6.75953970015689,-1.16490539517791
"2020-03-01 01:00:00",5.64677120009204,-1.03384342732022
"2020-03-01 02:00:00",4.71365737419683,-0.828897329419383
"2020-03-01 03:00:00",4.37554028442491,-0.000942687799057262
"2020-03-01 04:00:00",4.76074551832501,0.618689821140214
"2020-03-01 05:00:00",5.03625949059483,0.0275070190282712
"2020-03-01 06:00:00",4.48101093747304,-0.923850345841758
"2020-03-01 07:00:00",4.20333591804716,0.160521974049922
"2020-03-01 08:00:00",4.75459750970882,0.780138268156721
"2020-03-01 09:00:00",5.30863256327725,0.370847982889227
"2020-03-01 10:00:00",5.21183215563874,-0.410801516903539
"2020-03-01 11:00:00",5.06971130724582,0.0370341154187531
"2020-03-01 12:00:00",4.52869880832792,-0.90719463352649
"2020-03-01 13:00:00",3.52253915456629,-1.03015881977584
"2020-03-01 14:00:00",2.65668042891088,-0.719721260351428
"2020-03-01 15:00:00",2.58318128136947,0.357377554493754
"2020-03-01 16:00:00",2.97088866437785,0.386174644968619
"2020-03-01 17:00:00",2.44062003626214,-1.11985072838707
"2020-03-01 18:00:00",1.50572513899256,-0.770312462731601
"2020-03-01 19:00:00",1.68081430257593,0.795085861007241
"2020-03-01 20:00:00",1.73537348509934,-0.443875428674896
"2020-03-01 21:00:00",1.48192709690686,-0.11668842661729
"2020-03-01 22:00:00",1.44070310712976,0.00913411671767851
"2020-03-01 23:00:00",1.76940393335393,0.524265560824036
"2020-03-02 00:00:00",2.6321508379491,1.04512009330427
"2020-03-02 01:00:00",3.46160437794276,0.642871391937753
"2020-03-02 02:00:00",3.73693444062692,0.012762537424108
"2020-03-02 03:00:00",3.92079923102406,0.284378495996497
"2020-03-02 04:00:00",4.47954577831645,0.710051886768063
"2020-03-02 05:00:00",5.02811759281259,0.409080150231839
"2020-03-02 06:00:00",5.02229553414603,-0.288621403780261
"2020-03-02 07:00:00",4.72009425964528,-0.303365666397295
"2020-03-02 08:00:00",4.33180279794366,-0.43253863338845
"2020-03-02 09:00:00",3.07392207422844,-1.75390773811673
"2020-03-02 10:00:00",1.81255420200403,-0.877035166408337
"2020-03-02 11:00:00",1.83733080619405,0.622461266829035
"2020-03-02 12:00:00",2.18903930079639,0.152129160734051
"2020-03-02 13:00:00",2.54484236693196,0.471855054079607
"2020-03-02 14:00:00",2.89436024477421,0.248073001838283
"2020-03-02 15:00:00",3.10198470133675,0.167063374978834
"2020-03-02 16:00:00",3.12680365998364,-0.0751856335794224
"2020-03-02 17:00:00",2.46841460191559,-1.01992772699363
"2020-03-02 18:00:00",1.355509672661,-1.12518494398458
"2020-03-02 19:00:00",1.02625910696317,0.215262451500252
"2020-03-02 20:00:00",1.06410309513176,-0.0835537422516328
"2020-03-02 21:00:00",1.02908288550295,-0.00237212912584535
"2020-03-02 22:00:00",1.34855554890207,0.517525022720807
"2020-03-02 23:00:00",1.13297964366663,-0.695795306876798
"2020-03-03 00:00:00",0.72002027162273,-0.206241659448674
"2020-03-03 01:00:00",0.892409448490386,0.41568582801223
"2020-03-03 02:00:00",1.08943196779936,0.0407371068877014
"2020-03-03 03:00:00",1.38742531667156,0.453930320301208
"2020-03-03 04:00:00",2.0609566080124,0.786135858741985
"2020-03-03 05:00:00",2.50689162896026,0.195292012430006
"2020-03-03 06:00:00",2.25080767878128,-0.548057594882414
"2020-03-03 07:00:00",1.87554951246991,-0.245128849453125
"2020-03-03 08:00:00",1.6421604119183,-0.216889058527057
"2020-03-03 09:00:00",1.25570862756244,-0.483243830356517
"2020-03-03 10:00:00",0.829636943846713,-0.369329011950228
"2020-03-03 11:00:00",0.541662234200432,-0.221124118718758
"2020-03-03 12:00:00",0.103669393489269,-0.56245438914816
"2020-03-03 13:00:00",-0.301296153485325,-0.280864646427154
"2020-03-03 14:00:00",-0.733422595733594,-0.512043314506033
"2020-03-03 15:00:00",-0.810517434320565,0.217474490929923
"2020-03-03 16:00:00",-0.696034422249436,0.0414274573400065
"2020-03-03 17:00:00",-0.527220272351656,0.24661214252773
"2020-03-03 18:00:00",-0.100513814153563,0.527169862127069
"2020-03-03 19:00:00",0.236864686052116,0.194950577412739
"2020-03-03 20:00:00",0.137427515460606,-0.29127238282261
"2020-03-03 21:00:00",-0.230562311601103,-0.401824373453596
"2020-03-03 22:00:00",-0.34188732971842,0.0879251386956389
"2020-03-03 23:00:00",-0.403468653557137,-0.157883753934118
"2020-03-04 00:00:00",-0.144500016316989,0.525079416693965
"2020-03-04 01:00:00",-0.170562983822088,-0.392060312722805
"2020-03-04 02:00:00",-0.275027923633591,0.0924459600722149
"2020-03-04 03:00:00",-0.284459650574533,-0.0765464470342561
"2020-03-04 04:00:00",-0.48038075801629,-0.265826270036153
"2020-03-04 05:00:00",-0.83523432860428,-0.39672267049085
"2020-03-04 06:00:00",-1.53124399617835,-0.86138074690237
"2020-03-04 07:00:00",-1.80669874762108,0.130218560451009
"2020-03-04 08:00:00",-1.22615256777745,0.855500438788899
"2020-03-04 09:00:00",-0.212358999628684,1.07272573265704
"2020-03-04 10:00:00",0.640209370387595,0.665559420830405
"2020-03-04 11:00:00",1.138140523373,0.361694524852057
"2020-03-04 12:00:00",1.25927452675323,-0.046459778521377
"2020-03-04 13:00:00",1.17797547958635,-0.102284250708289
"2020-03-04 14:00:00",1.06617089630423,-0.114356416478116
"2020-03-04 15:00:00",0.985461671403598,-0.0558167558597895
"2020-03-04 16:00:00",0.629251467210041,-0.540812098243417
"2020-03-04 17:00:00",-0.958940133992642,-2.21177380208499
"2020-03-04 18:00:00",-1.7570523302703,0.183474401852915
"2020-03-04 19:00:00",-1.81879960526003,-0.220027307550684
"2020-03-04 20:00:00",-1.91969368323771,-0.014335149001335
"2020-03-04 21:00:00",-1.87781485555124,0.0798378323613923
"2020-03-04 22:00:00",-1.61192430955478,0.379708387144128
"2020-03-04 23:00:00",-1.49210507196929,-0.0570538800726996
"2020-03-05 00:00:00",-1.21369459931807,0.490742425968825
"2020-03-05 01:00:00",-1.15384455816009,-0.228686764915743
"2020-03-05 02:00:00",-1.5076717544153,-0.418952259685442
"2020-03-05 03:00:00",-2.07290006154481,-0.633941957929524
"2020-03-05 04:00:00",-2.85138286534428,-0.835177605767009
"2020-03-05 05:00:00",-3.46504863832854,-0.433158432395285
"2020-03-05 06:00:00",-3.9889177094845,-0.554982839566378
"2020-03-05 07:00:00",-3.3866468655073,1.35028083186635
"2020-03-05 08:00:00",-1.86906716937671,1.56135999294379
"2020-03-05 09:00:00",-0.438740064274722,1.27741357090338
"2020-03-05 10:00:00",0.816406200106212,1.1812232592181
"2020-03-05 11:00:00",1.80716818343914,0.815657556498878
"2020-03-05 12:00:00",2.55650413521102,0.667185624469127
"2020-03-05 13:00:00",2.89784738237364,0.104603957240744
"2020-03-05 14:00:00",3.38765797047282,0.719601028170267
"2020-03-05 15:00:00",3.58862117926481,-0.158704454367699
"2020-03-05 16:00:00",3.31462540169394,-0.342459538353191
"2020-03-05 17:00:00",2.96425768240358,-0.343261713809292
"2020-03-05 18:00:00",2.77468216047831,-0.0819310158630199
"2020-03-05 19:00:00",2.62245274026072,-0.195435829757352
"2020-03-05 20:00:00",2.80939152669003,0.429588394322808
"2020-03-05 21:00:00",2.84665803702813,-0.229668039747351
"2020-03-05 22:00:00",2.8626374312248,0.175314059131986
"2020-03-05 23:00:00",3.08467957546607,0.238953592081162
"2020-03-06 00:00:00",3.38228519005481,0.318589369520016
"2020-03-06 01:00:00",3.56143536548039,0.0733207855206426
"2020-03-06 02:00:00",3.49717625112047,-0.157513194890773
"2020-03-06 03:00:00",3.33281158498008,-0.16562817920632
"2020-03-06 04:00:00",3.28898774476744,0.0351655134941225
"2020-03-06 05:00:00",3.00676010360669,-0.484646398622712
"2020-03-06 06:00:00",2.38392756263902,-0.689232973978823
"2020-03-06 07:00:00",1.67733942558046,-0.687653354701134
"2020-03-06 08:00:00",0.834978601152168,-0.907630360816045
"2020-03-06 09:00:00",-0.0740765454483402,-0.86788322126205
"2020-03-06 10:00:00",-0.894018406178765,-0.748922929276264
"2020-03-06 11:00:00",-1.50305547528052,-0.485688327721165
"2020-03-06 12:00:00",-2.04028812527974,-0.544129169472313
"2020-03-06 13:00:00",-2.20856836536166,0.0929071509145943
"2020-03-06 14:00:00",-1.46284408663189,1.14833795085601
"2020-03-06 15:00:00",-0.0508712235675394,1.52251547072639
"2020-03-06 16:00:00",0.681184351554265,0.170369964763351
"2020-03-06 17:00:00",1.18989332247789,0.709213199557255
"2020-03-06 18:00:00",1.76573279896304,0.458028351557914
"2020-03-06 19:00:00",2.25775823204953,0.489033722914693
"2020-03-06 20:00:00",2.86066030256839,0.64725416225302
"2020-03-06 21:00:00",3.1788516610249,0.0800133824039037
"2020-03-06 22:00:00",3.01945698224882,-0.315519275635848
"2020-03-06 23:00:00",2.69801623716375,-0.314004526156626
"2020-03-07 00:00:00",2.08734305867712,-0.78290679057298
"2020-03-07 01:00:00",1.51787873489377,-0.402800914734339
"2020-03-07 02:00:00",1.21765159722707,-0.219535107321872
"2020-03-07 03:00:00",1.08918299164678,-0.063222946052495
"2020-03-07 04:00:00",1.1933642565903,0.20942804181817
"2020-03-07 05:00:00",1.62535089306338,0.558291032587803
"2020-03-07 06:00:00",1.81536467995969,-0.0666239781915694
"2020-03-07 07:00:00",1.37763867371206,-0.666661987191578
"2020-03-07 08:00:00",0.572217523217118,-0.861427818872494
"2020-03-07 09:00:00",-0.183566479618493,-0.650178970117948
"2020-03-07 10:00:00",-0.394084133588068,0.0928251401324466
"2020-03-07 11:00:00",-0.680741777162361,-0.525512285839979
"2020-03-07 12:00:00",-1.63792582109155,-1.19859837808077
"2020-03-07 13:00:00",-2.23548941696875,-0.166374054835971
"2020-03-07 14:00:00",-2.0233971839889,0.457200980191747
"2020-03-07 15:00:00",-1.16089890788117,1.09431388133251
"2020-03-07 16:00:00",-0.277223897925452,0.702755731165927
"2020-03-07 17:00:00",0.166363208857783,0.25008920094184
"2020-03-07 18:00:00",0.217347701498006,-0.0843868601596336
"2020-03-07 19:00:00",0.144155538146611,-0.0625311870954826
"2020-03-07 20:00:00",-0.190580252238061,-0.500481785781374
"2020-03-07 21:00:00",-0.943576879001122,-0.885309510746217
"2020-03-07 22:00:00",-1.18378557846051,0.202481687514859
"2020-03-07 23:00:00",-0.944656471816406,0.253722465748291
"2020-03-08 00:00:00",-1.03610764955244,-0.316000067307115
"2020-03-08 01:00:00",-1.56994271771066,-0.652353323159348
"2020-03-08 02:00:00",-2.05989001388576,-0.356373440475131
"2020-03-08 03:00:00",-1.956621227565,0.407438854651621
"2020-03-08 04:00:00",-1.22003698080062,0.923530081160871
"2020-03-08 05:00:00",-1.00550117432681,-0.266741519683369
"2020-03-08 06:00:00",-1.50548034827025,-0.630413940609557
"2020-03-08 07:00:00",-1.06752693788902,1.13131495755787
"2020-03-08 08:00:00",-0.146441985916311,0.738540230655078
"2020-03-08 09:00:00",0.228733510749965,0.115297043157105
"2020-03-08 10:00:00",0.234385148047178,-0.0680073710220629
"2020-03-08 11:00:00",0.602917249770574,0.641739059239686
"2020-03-08 12:00:00",0.63119029848063,-0.38281780931703
"2020-03-08 13:00:00",0.641295489510215,0.27075588701657
"2020-03-08 14:00:00",1.17010243685617,0.674883141585999
"2020-03-08 15:00:00",1.87263989803008,0.686081444974574
"2020-03-08 16:00:00",3.18656658474508,1.66763307590588
"2020-03-08 17:00:00",4.15037373169954,0.444692103689502
"2020-03-08 18:00:00",4.37280186309849,0.0583368602286542
"2020-03-08 19:00:00",4.37992729111988,-0.0329883186515665
"2020-03-08 20:00:00",4.16859462990656,-0.325828442022817
"2020-03-08 21:00:00",4.17740059033245,0.226101703050188
"2020-03-08 22:00:00",4.26507669527096,-0.0141553589486596
"2020-03-08 23:00:00",4.2001673689531,-0.101156242182375
"2020-03-09 00:00:00",4.40328882512136,0.390905306337576
"2020-03-09 01:00:00",4.46247005622473,-0.170450725535793
"2020-03-09 02:00:00",4.51959878352205,0.200380756989469
"2020-03-09 03:00:00",4.97188608019519,0.592905812960376
"2020-03-09 04:00:00",5.36749474078072,0.238873629891199
"2020-03-09 05:00:00",5.43574585034311,-0.0556550930081287
"2020-03-09 06:00:00",5.10157762975897,-0.510965518512844
"2020-03-09 07:00:00",4.49110132281998,-0.654380139725701
"2020-03-09 08:00:00",3.74602269935363,-0.775924813133903
"2020-03-09 09:00:00",2.96091051522392,-0.75875607674982
"2020-03-09 10:00:00",2.16282941932933,-0.790188447693575
"2020-03-09 11:00:00",1.53755557957964,-0.488407028583614
"2020-03-09 12:00:00",1.03422484198154,-0.491343042997361
"2020-03-09 13:00:00",1.45574281976695,1.00871873941318
"2020-03-09 14:00:00",2.31749872347049,0.720956386200617
"2020-03-09 15:00:00",3.04043211171644,0.686911718622489
"2020-03-09 16:00:00",3.11932470639654,-0.334113446356645
"2020-03-09 17:00:00",2.24942668242365,-1.18976425544208
"2020-03-09 18:00:00",1.3918602192309,-0.598252607740459
"2020-03-09 19:00:00",1.37695555648549,0.372902105792861
"2020-03-09 20:00:00",1.80839255300561,0.448183649408343
"2020-03-09 21:00:00",2.00849488116789,0.0228785566478057
"2020-03-09 22:00:00",1.7633234823184,-0.414806097768081
"2020-03-09 23:00:00",1.43274169163091,-0.260996378901922
"2020-03-10 00:00:00",1.3907830647007,0.104211693981709
"2020-03-10 01:00:00",1.20867422138264,-0.366124435476309
"2020-03-10 02:00:00",0.969505325483269,-0.144725640897744
"2020-03-10 03:00:00",0.881614455892366,-0.0470744454980243
"2020-03-10 04:00:00",0.752529728660066,-0.17875934512066
"2020-03-10 05:00:00",0.603488285234901,-0.123117196929102
"2020-03-10 06:00:00",0.524983639294645,-0.0458106102875512
"2020-03-10 07:00:00",0.737099230005979,0.373307395457924
"2020-03-10 08:00:00",1.03203174559874,0.22771865282237
"2020-03-10 09:00:00",1.11201901697853,-0.023629466121631
"2020-03-10 10:00:00",0.547430469913353,-0.899825893810431
"2020-03-10 11:00:00",-0.73307171285897,-1.47413885967978
"2020-03-10 12:00:00",-0.995979106388111,0.558004419001119
"2020-03-10 13:00:00",-1.18675051155233,-0.679598097648026
"2020-03-10 14:00:00",-1.24102677248515,0.366706328490646
"2020-03-10 15:00:00",-0.699871871692323,0.633335830977895
"2020-03-10 16:00:00",-0.0158656682472131,0.686184197234769
"2020-03-10 17:00:00",0.761186164786,0.800724673281423
"2020-03-10 18:00:00",1.70610506214936,0.995163954677354
"2020-03-10 19:00:00",2.86326569337558,1.2079705803379
"2020-03-10 20:00:00",4.25415469912229,1.4430488172915
"2020-03-10 21:00:00",5.75935588653818,1.46962732199102
"2020-03-10 22:00:00",7.27782922428374,1.47145843966731
"2020-03-10 23:00:00",8.6970853183603,1.30763480245965
"2020-03-11 00:00:00",9.64616077558414,0.653733454012449
"2020-03-11 01:00:00",9.74577780702745,-0.286951408137449
"2020-03-11 02:00:00",9.1855435986921,-0.728356058297246
"2020-03-11 03:00:00",8.7764644232598,-0.188628791611356
"2020-03-11 04:00:00",8.51027921215645,-0.316548980139301
"2020-03-11 05:00:00",8.05509734833497,-0.536938582538397
"2020-03-11 06:00:00",6.79519095441484,-1.69238660575564
"2020-03-11 07:00:00",5.54215297320572,-0.909356545247116
"2020-03-11 08:00:00",5.05653406678512,-0.187197220154618
"2020-03-11 09:00:00",4.79357978612211,-0.307478543001922
"2020-03-11 10:00:00",4.65564799591898,-0.0245250891063275
"2020-03-11 11:00:00",4.58365026970682,-0.106223577831241
"2020-03-11 12:00:00",5.0744281621315,0.859544220461463
"2020-03-11 13:00:00",5.36897891726259,-0.102640934175098
"2020-03-11 14:00:00",5.13535259648191,-0.31676510543908
"2020-03-11 15:00:00",5.3004243389953,0.471829379675371
"2020-03-11 16:00:00",5.37099499195836,-0.207114217012844
"2020-03-11 17:00:00",4.3704946891649,-1.48879332512774
"2020-03-11 18:00:00",3.77622046391328,0.0246694856536441
"2020-03-11 19:00:00",4.2889207615595,0.808819460593699
"2020-03-11 20:00:00",4.61961399017899,-0.00929321678111417
"2020-03-11 21:00:00",5.20298794036183,0.944804343714169
"2020-03-11 22:00:00",6.16155394045032,0.915485294726582
"2020-03-11 23:00:00",6.90416759335545,0.584139565531651
"2020-03-12 00:00:00",8.12760661428539,1.58259773445908
"2020-03-12 01:00:00",9.46277495402782,1.09629865954506
"2020-03-12 02:00:00",10.3656430562126,0.718819175440397
"2020-03-12 03:00:00",10.8826633176378,0.344564334062419
"2020-03-12 04:00:00",11.4824167716805,0.727353405915843
"2020-03-12 05:00:00",11.8780701614544,0.140926398095245
"2020-03-12 06:00:00",11.4837680786714,-0.747684084057269
"2020-03-12 07:00:00",10.8628828858465,-0.521647896428173
"2020-03-12 08:00:00",10.2659422300216,-0.632766607264178
"2020-03-12 09:00:00",8.54361219504431,-2.3800780024122
"2020-03-12 10:00:00",6.20140594953767,-2.21666796070946
"2020-03-12 11:00:00",4.16617475196167,-1.82555362731373
"2020-03-12 12:00:00",2.09424395391039,-2.14309116254553
"2020-03-12 13:00:00",2.3185468915906,1.78918161703976
"2020-03-12 14:00:00",3.16073433211821,0.167860790278484
"2020-03-12 15:00:00",2.96361593229352,-0.435139714106542
"2020-03-12 16:00:00",2.67866365233266,-0.175107170420612
"2020-03-12 17:00:00",2.12970754490823,-0.775550190417531
"2020-03-12 18:00:00",1.7637941306574,-0.0781832098447309
"2020-03-12 19:00:00",1.93116947988855,0.320851900501305
"2020-03-12 20:00:00",1.85674729848922,-0.336885782198621
"2020-03-12 21:00:00",1.71281080318198,-0.0108586393598874
"2020-03-12 22:00:00",2.3620451519043,1.05623057966158
"2020-03-12 23:00:00",3.14285174785995,0.5570465631743
"2020-03-13 00:00:00",2.9856332023923,-0.629966173077662
"2020-03-13 01:00:00",2.28042421300681,-0.725706214723569
"2020-03-13 02:00:00",1.93809333354807,-0.0734228459972402
"2020-03-13 03:00:00",1.82282160231239,-0.140190296331143
"2020-03-13 04:00:00",1.63982214500436,-0.20519127874241
"2020-03-13 05:00:00",1.59177257885425,0.0568800208460237
"2020-03-13 06:00:00",1.54275367393958,-0.119338799255078
"2020-03-13 07:00:00",1.89070026269659,0.64094272885793
"2020-03-13 08:00:00",2.06537970906155,-0.146894488638695
"2020-03-13 09:00:00",1.94826341052163,-0.0943606555890807
"2020-03-13 10:00:00",1.8821760029131,-0.0466089869819569
"2020-03-13 11:00:00",1.16611191502269,-1.13075839993562
"2020-03-13 12:00:00",1.11004465963442,0.661543025204053
"2020-03-13 13:00:00",-0.0346778670607426,-2.29591311821372
"2020-03-13 14:00:00",-1.24114870326738,-0.422812859067068
"2020-03-13 15:00:00",-1.23800803941996,0.288554973582467
"2020-03-13 16:00:00",-0.695941389333228,0.686908209413901
"2020-03-13 17:00:00",-0.278088839761154,0.219525845374517
"2020-03-13 18:00:00",-0.0409926672511888,0.23790121220089
"2020-03-13 19:00:00",0.224471836775737,0.271277841546257
"2020-03-13 20:00:00",0.331776947118139,-0.00739651853338061
"2020-03-13 21:00:00",0.290563540696753,-0.0622267088558745
"2020-03-13 22:00:00",0.416242190633539,0.244600183185085
"2020-03-13 23:00:00",0.625822772788108,0.175739073837014
"2020-03-14 00:00:00",0.379891756605648,-0.516159604476243
"2020-03-14 01:00:00",-0.499454395700711,-1.08016998602648
"2020-03-14 02:00:00",-1.91827403506934,-1.57651726507546
"2020-03-14 03:00:00",-3.42037572299019,-1.37864135580184
"2020-03-14 04:00:00",-4.76185319220819,-1.24854833545136
"2020-03-14 05:00:00",-6.0754923642631,-1.28847293692789
"2020-03-14 06:00:00",-6.54300230703702,0.109834089780517
"2020-03-14 07:00:00",-5.29178931000889,1.96109384798547
"2020-03-14 08:00:00",-3.56498917051082,1.49536951914329
"2020-03-14 09:00:00",-2.69885679613048,0.410083814123907
"2020-03-14 10:00:00",-2.58120731736693,-0.0794163405123325
"2020-03-14 11:00:00",-2.68003849536515,-0.103751657547498
"2020-03-14 12:00:00",-2.75737560084488,-0.0525992064068264
"2020-03-14 13:00:00",-2.59370727795096,0.303619966340027
"2020-03-14 14:00:00",-2.33660977415876,0.217208185017285
"2020-03-14 15:00:00",-2.15023708133879,0.159970680263735
"2020-03-14 16:00:00",-2.10767576200531,-0.0349619647218165
"2020-03-14 17:00:00",-4.15194850124431,-3.28393213502405
"2020-03-14 18:00:00",-5.33009099082752,0.287028290810671
"2020-03-14 19:00:00",-5.00133938282067,0.347812949378933
"2020-03-14 20:00:00",-4.71730572205048,0.234462461218466
"2020-03-14 21:00:00",-4.43396678953875,0.308537311359975
"2020-03-14 22:00:00",-4.2880519407429,0.0362815175720743
"2020-03-14 23:00:00",-4.14853930001734,0.207228239759557
"2020-03-15 00:00:00",-3.77675251134823,0.46916935323239
"2020-03-15 01:00:00",-3.42663441920735,0.258981247034364
"2020-03-15 02:00:00",-3.30525439513283,0.0282950721672615
"2020-03-15 03:00:00",-3.4027726297958,-0.172499213925303
"2020-03-15 04:00:00",-3.64249088791975,-0.268754140914114
"2020-03-15 05:00:00",-4.00463772766056,-0.402504903135609
"2020-03-15 06:00:00",-4.27090677843757,-0.157633392185647
"2020-03-15 07:00:00",-3.46253907147152,1.41944790746233
"2020-03-15 08:00:00",-1.77951276809251,1.78322774714343
"2020-03-15 09:00:00",0.0958794264738425,1.85000976124963
"2020-03-15 10:00:00",1.73620154841523,1.42246212363507
"2020-03-15 11:00:00",2.89254586980476,0.921749452681136
"2020-03-15 12:00:00",3.39768385345609,0.199670546695899
"2020-03-15 13:00:00",3.48800386493872,0.0087506979338331
"2020-03-15 14:00:00",3.26277647303289,-0.375002113058726
"2020-03-15 15:00:00",2.75124454240397,-0.582447000838496
"2020-03-15 16:00:00",2.02272601307724,-0.794824411061368
"2020-03-15 17:00:00",1.17125727835723,-0.851376207530587
"2020-03-15 18:00:00",0.717690048283143,-0.168321783637938
"2020-03-15 19:00:00",0.8616503225799,0.3443790804026
"2020-03-15 20:00:00",1.32006915591375,0.511549962490612
"2020-03-15 21:00:00",1.64946854070841,0.190613837417091
"2020-03-15 22:00:00",1.67537948442985,-0.0872458979865247
"2020-03-15 23:00:00",1.29069685080373,-0.566849452757791
"2020-03-16 00:00:00",0.712711863298714,-0.559606263045476
"2020-03-16 01:00:00",0.553312973839137,0.114057649852242
"2020-03-16 02:00:00",0.573597085551791,-0.0439074078550512
"2020-03-16 03:00:00",0.4425853184102,-0.183593897762398
"2020-03-16 04:00:00",0.229602343452543,-0.223024861210106
"2020-03-16 05:00:00",-0.0146479999134154,-0.247089670775028
"2020-03-16 06:00:00",-0.277673469749353,-0.261131479611094
"2020-03-16 07:00:00",0.237308175099533,1.00826785697293
"2020-03-16 08:00:00",1.57537736466332,1.49404304447198
"2020-03-16 09:00:00",3.17044033207544,1.58458205247418
"2020-03-16 10:00:00",4.64558299951669,1.32800106419972
"2020-03-16 11:00:00",5.82372174192878,1.01626154357284
"2020-03-16 12:00:00",6.87834114752437,1.02257162241373
"2020-03-16 13:00:00",7.780707523391,0.770487629349838
"2020-03-16 14:00:00",8.46913838793124,0.590987301714762
"2020-03-16 15:00:00",8.80710754831645,0.142319879798029
"2020-03-16 16:00:00",8.00884443684023,-1.39872368572308
"2020-03-16 17:00:00",5.72517121870985,-2.77543107512157
"2020-03-16 18:00:00",3.74880399776168,-1.3571287238734
"2020-03-16 19:00:00",2.53862309823708,-1.05954101395426
"2020-03-16 20:00:00",2.46892235239359,0.590222483133258
"2020-03-16 21:00:00",2.14235707034472,-0.925410060301997
"2020-03-16 22:00:00",1.47983626699859,-0.458542331683748
"2020-03-16 23:00:00",2.48076454861758,1.92442185784619
"2020-03-17 00:00:00",2.85260034327975,-0.684070177914741
"2020-03-17 01:00:00",1.50044495908138,-1.73696028364224
"2020-03-17 02:00:00",-0.0362017349187435,-1.33201956280965
"2020-03-17 03:00:00",-0.944473447449341,-0.582570785471277
"2020-03-17 04:00:00",-0.726029689799574,0.743281160162967
"2020-03-17 05:00:00",-0.961012095632034,-0.87504531635837
"2020-03-17 06:00:00",-1.18083508859892,0.228668705912871
"2020-03-17 07:00:00",-0.397195101534263,1.11789813510791
"2020-03-17 08:00:00",0.955007626610648,1.44465916810081
"2020-03-17 09:00:00",3.75678627101435,3.5721403233515
"2020-03-17 10:00:00",6.36022480651431,1.82909356011713
"2020-03-17 11:00:00",7.45720000392621,0.548581228270727
"2020-03-17 12:00:00",7.37749651037549,-0.504374748414268
"2020-03-17 13:00:00",7.24715616990467,0.115698794088699
"2020-03-17 14:00:00",7.30396508035856,0.00551147512846352
"2020-03-17 15:00:00",7.24520069794268,-0.108233641419173
"2020-03-17 16:00:00",6.7540108902444,-0.732484711395048
"2020-03-17 17:00:00",5.03956473656912,-2.29630985475191
"2020-03-17 18:00:00",3.54218932754197,-0.900101096286825
"2020-03-17 19:00:00",3.2022543244651,0.0450917870731006
"2020-03-17 20:00:00",2.89146205841044,-0.537402051645082
"2020-03-17 21:00:00",3.00732856141578,0.542139680913455
"2020-03-17 22:00:00",4.08442629132171,1.37867217603428
"2020-03-17 23:00:00",4.30609541645465,-0.565449946827596
"2020-03-18 00:00:00",5.13793478512924,1.71827253859653
"2020-03-18 01:00:00",5.49328400531429,-0.576757647303539
"2020-03-18 02:00:00",5.17634003349875,-0.135755431896377
"2020-03-18 03:00:00",4.83654498550025,-0.466342525434236
"2020-03-18 04:00:00",4.0446482068038,-0.977531202264655
"2020-03-18 05:00:00",3.04379466413341,-0.974053505720844
"2020-03-18 06:00:00",2.36604869602502,-0.451927117935403
"2020-03-18 07:00:00",3.10134810671123,1.48878054336171
"2020-03-18 08:00:00",4.83367374182479,1.80837089961454
"2020-03-18 09:00:00",6.58052231634081,1.61659661230715
"2020-03-18 10:00:00",7.6387733038014,0.627259826334688
"2020-03-18 11:00:00",8.03583668383833,0.214890191020303
"2020-03-18 12:00:00",8.19029223990221,0.0964719078264493
"2020-03-18 13:00:00",8.32591716141782,0.144727705223287
"2020-03-18 14:00:00",8.4945181106242,0.165775626711248
"2020-03-18 15:00:00",8.68018671180104,0.179161508241667
"2020-03-18 16:00:00",8.43265131636192,-0.531417715409967
"2020-03-18 17:00:00",7.25604424683324,-1.56168069811826
"2020-03-18 18:00:00",6.36665356302766,-0.408291753466701
"2020-03-18 19:00:00",6.54836502104879,0.558201427131147
"2020-03-18 20:00:00",6.53598462172988,-0.400611737149786
"2020-03-18 21:00:00",6.29298509127188,-0.134801562690718
"2020-03-18 22:00:00",6.03460620632485,-0.336593487949351
"2020-03-18 23:00:00",5.93534727205048,0.055901979361631
"2020-03-19 00:00:00",5.84673606415994,-0.188389218556564
"2020-03-19 01:00:00",6.28657930235899,0.830222646989842
"2020-03-19 02:00:00",7.01119463666374,0.611677536105008
"2020-03-19 03:00:00",7.71493361783843,0.722636421089307
"2020-03-19 04:00:00",7.88378183612408,-0.218302662408851
"2020-03-19 05:00:00",6.92391302594699,-1.41878453996882
"2020-03-19 06:00:00",5.6819168790214,-1.07404247686859
"2020-03-19 07:00:00",5.7304354578435,0.787252695607138
"2020-03-19 08:00:00",6.80513304671823,1.20787112435061
"2020-03-19 09:00:00",7.71473614371619,0.658768288656328
"2020-03-19 10:00:00",7.65970794068548,-0.538210754339445
"2020-03-19 11:00:00",6.77374336734045,-1.08556633149639
"2020-03-19 12:00:00",5.91008936464302,-0.683403285052261
"2020-03-19 13:00:00",4.55133504825922,-1.75202930730862
"2020-03-19 14:00:00",3.96621443877756,0.214745091875142
"2020-03-19 15:00:00",3.93784582293859,-0.194204468485131
"2020-03-19 16:00:00",3.70102621664686,-0.259049993251254
"2020-03-19 17:00:00",3.29573647649966,-0.488291274422758
"2020-03-19 18:00:00",2.88105491369241,-0.3501507219327
"2020-03-19 19:00:00",2.83085397460491,0.148435202832539
"2020-03-19 20:00:00",3.21974772314046,0.527068927765651
"2020-03-19 21:00:00",3.41156019193933,-0.0449518157583797
"2020-03-19 22:00:00",2.93343230726697,-0.748582839018245
"2020-03-19 23:00:00",2.69621796288522,0.111184485481156
"2020-03-20 00:00:00",3.07098650134585,0.529205174116129
"2020-03-20 01:00:00",3.10480903378497,-0.301991462104802
"2020-03-20 02:00:00",3.16474633169087,0.294370032396068
"2020-03-20 03:00:00",3.34218435917776,0.0869748564305245
"2020-03-20 04:00:00",3.42228757662667,0.0674090246405127
"2020-03-20 05:00:00",2.96418490667415,-0.791079075722567
"2020-03-20 06:00:00",2.42596405443353,-0.347895280694783
"2020-03-20 07:00:00",1.95919748244701,-0.526958398648074
"2020-03-20 08:00:00",1.39955386171048,-0.557364108525449
"2020-03-20 09:00:00",0.952906284633306,-0.353416857526924
"2020-03-20 10:00:00",0.288425003621538,-0.84150624404156
"2020-03-20 11:00:00",-0.784332008685011,-1.17631652363235
"2020-03-20 12:00:00",-1.12846663302647,0.228007669794821
"2020-03-20 13:00:00",-1.10082456681706,-0.105792140033407
"2020-03-20 14:00:00",-0.967671631207308,0.287538134764582
"2020-03-20 15:00:00",-0.56408886533387,0.463013488865211
"2020-03-20 16:00:00",-0.407853493090455,-0.0549772356867097
"2020-03-20 17:00:00",-0.409566844114608,0.0344022805169249
"2020-03-20 18:00:00",-0.257869019000853,0.22321271541108
"2020-03-20 19:00:00",0.0184176567576764,0.298872041306597
"2020-03-20 20:00:00",0.121273470445504,-0.0327308366490489
"2020-03-20 21:00:00",0.237213768736457,0.20938703127347
"2020-03-20 22:00:00",0.0554866362626883,-0.434135615142809
"2020-03-20 23:00:00",-0.256455973792028,-0.215730171732257
"2020-03-21 00:00:00",0.0901167773086923,0.705296580828159
"2020-03-21 01:00:00",-0.185971585817136,-0.917330511217351
"2020-03-21 02:00:00",-0.632208238592557,-0.11073487031526
"2020-03-21 03:00:00",-0.691184814335364,-0.0208544397748577
"2020-03-21 04:00:00",-0.368775718354586,0.536817568070642
"2020-03-21 05:00:00",-1.16756576718838,-1.65074687719162
"2020-03-21 06:00:00",-2.41406378192163,-0.916266025816604
"2020-03-21 07:00:00",-2.90967910964014,-0.188524197345547
"2020-03-21 08:00:00",-2.97519283716155,0.0233544356468772
"2020-03-21 09:00:00",-3.10293410395461,-0.218566028264593
"2020-03-21 10:00:00",-3.60148962525592,-0.657522561539162
"2020-03-21 11:00:00",-3.91483703854209,-0.0643702630204077
"2020-03-21 12:00:00",-4.50440063072682,-0.906626232558648
"2020-03-21 13:00:00",-5.14768098269758,-0.431346780543713
"2020-03-21 14:00:00",-5.14891210768315,0.292199578008297
"2020-03-21 15:00:00",-4.98140089882983,0.0830618758580594
"2020-03-21 16:00:00",-5.01790256229085,-0.108055794662441
"2020-03-21 17:00:00",-5.17887354464838,-0.182131892595976
"2020-03-21 18:00:00",-5.26510969461305,-0.0115353756451011
"2020-03-21 19:00:00",-5.30115442657956,-0.0438866066107744
"2020-03-21 20:00:00",-5.26481712403673,0.0949233234903712
"2020-03-21 21:00:00",-5.51581094599039,-0.462890067000738
"2020-03-21 22:00:00",-5.9326303701227,-0.359191540510359
"2020-03-21 23:00:00",-6.2734617431569,-0.304750618927029
"2020-03-22 00:00:00",-6.30452458161743,0.160952638014617
"2020-03-22 01:00:00",-6.2176061496503,0.0415568041474777
"2020-03-22 02:00:00",-6.34984712667518,-0.233808218699091
"2020-03-22 03:00:00",-6.7384893840605,-0.465212788674502
"2020-03-22 04:00:00",-7.34437265732267,-0.662187638666226
"2020-03-22 05:00:00",-8.08500620465822,-0.748271578662916
"2020-03-22 06:00:00",-7.89054253963138,0.824120714898917
"2020-03-22 07:00:00",-6.75911738029745,1.29269444696867
"2020-03-22 08:00:00",-5.82495367314087,0.659466166199648
"2020-03-22 09:00:00",-5.53871887742063,0.031322406165429
"2020-03-22 10:00:00",-5.71300594215543,-0.295938549050215
"2020-03-22 11:00:00",-5.97848303479433,-0.2251927430511
"2020-03-22 12:00:00",-6.14820314329113,-0.116970139824186
"2020-03-22 13:00:00",-6.26502838797481,-0.103254641213722
"2020-03-22 14:00:00",-6.33941423906498,-0.0435324603231175
"2020-03-22 15:00:00",-6.31012718162225,0.0846098211295424
"2020-03-22 16:00:00",-6.31386674805912,-0.0543292579206275
"2020-03-22 17:00:00",-7.01330646468814,-1.08813313608486
"2020-03-22 18:00:00",-8.08196129818516,-0.995850411055473
"2020-03-22 19:00:00",-8.47082876331852,0.0446741014042178
"2020-03-22 20:00:00",-8.35108575990999,0.175013454296552
"2020-03-22 21:00:00",-8.2909514714463,-0.00854689696751174
"2020-03-22 22:00:00",-8.47801920987334,-0.286506597496101
"2020-03-22 23:00:00",-8.74739350723274,-0.234227724963185
"2020-03-23 00:00:00",-8.77444822545092,0.123615760041464
"2020-03-23 01:00:00",-8.73685718145114,-0.0102373833471448
"2020-03-23 02:00:00",-8.95940330579579,-0.342249366609697
"2020-03-23 03:00:00",-9.40214049807885,-0.477144308305689
"2020-03-23 04:00:00",-9.88409252373315,-0.4501395085586
"2020-03-23 05:00:00",-10.5262768397869,-0.726959238156008
"2020-03-23 06:00:00",-10.4316543034795,0.651402169507017
"2020-03-23 07:00:00",-9.36385705962869,1.30809041145027
"2020-03-23 08:00:00",-8.09636888720983,1.19225647298926
"2020-03-23 09:00:00",-7.11384427869625,0.806449737804698
"2020-03-23 10:00:00",-6.70066341395671,0.140538829242974
"2020-03-23 11:00:00",-6.713444726258,-0.105751206075173
"2020-03-23 12:00:00",-6.95675219674299,-0.314797365745752
"2020-03-23 13:00:00",-6.97422408672389,0.190536435512696
"2020-03-23 14:00:00",-6.73820315259882,0.264114812141645
"2020-03-23 15:00:00",-6.59160115754117,0.0699778284707833
"2020-03-23 16:00:00",-6.63703177270856,-0.111715534334454
"2020-03-23 17:00:00",-8.06369821304525,-2.22693883095651
"2020-03-23 18:00:00",-10.0974684429633,-1.79795903976256
"2020-03-23 19:00:00",-10.8478117225485,-0.00327719897134227
"2020-03-23 20:00:00",-10.4790244455345,0.613279975102633
"2020-03-23 21:00:00",-10.0950424749644,0.22637586808352
"2020-03-23 22:00:00",-9.99489473021993,0.0242465568944614
"2020-03-23 23:00:00",-9.83960624543191,0.24814846159421
"2020-03-24 00:00:00",-9.42233475831795,0.522869065084311
"2020-03-24 01:00:00",-9.11472153444479,0.161635753319706
"2020-03-24 02:00:00",-9.41493974424339,-0.582104278267991
"2020-03-24 03:00:00",-10.0768409651779,-0.671513112171473
"2020-03-24 04:00:00",-10.4252531480435,-0.103473909454443
"2020-03-24 05:00:00",-10.5670451212045,-0.147165117732327
"2020-03-24 06:00:00",-10.0247994481789,0.98969457722132
"2020-03-24 07:00:00",-8.73037220281773,1.44898648426512
"2020-03-24 08:00:00",-7.23240201286142,1.4706927805627
"2020-03-24 09:00:00",-6.01346942615388,1.00249204443421
"2020-03-24 10:00:00",-5.50187111750256,0.167779460006439
"2020-03-24 11:00:00",-5.33238891388334,0.169653348625318
"2020-03-24 12:00:00",-5.40349895288501,-0.221365853327314
"2020-03-24 13:00:00",-5.34182541323998,0.254395515686758
"2020-03-24 14:00:00",-5.00969281103175,0.375057175380011
"2020-03-24 15:00:00",-4.74325026402214,0.187828309016007
"2020-03-24 16:00:00",-4.76324576241111,-0.151480055529182
"2020-03-24 17:00:00",-6.17311734353947,-2.17565098918465
"2020-03-24 18:00:00",-7.77416008493784,-1.13394187999997
"2020-03-24 19:00:00",-8.31747258047312,-0.113730621670009
"2020-03-24 20:00:00",-8.22973277434743,0.228599673128881
"2020-03-24 21:00:00",-8.16572961958172,-0.03816259282758
"2020-03-24 22:00:00",-8.22716494935758,-0.0635085343493886
"2020-03-24 23:00:00",-8.57973776141432,-0.517923549385294
"2020-03-25 00:00:00",-8.40878544604105,0.63312739435436
"2020-03-25 01:00:00",-7.90837153019924,0.398995936349393
"2020-03-25 02:00:00",-7.71878926711738,0.0511573742602611
"2020-03-25 03:00:00",-7.76149533651236,-0.0933048771023949
"2020-03-25 04:00:00",-7.98912193062284,-0.296354792613755
"2020-03-25 05:00:00",-8.50023094712768,-0.619693758361923
"2020-03-25 06:00:00",-8.47013523453954,0.472804599432995
"2020-03-25 07:00:00",-7.57690211606061,1.14198277384182
"2020-03-25 08:00:00",-6.60648698183554,0.819688701655131
"2020-03-25 09:00:00",-6.05032755016216,0.362560974263436
"2020-03-25 10:00:00",-5.72560060807193,0.291870290679818
"2020-03-25 11:00:00",-5.32592715491263,0.459926771238057
"2020-03-25 12:00:00",-4.61707768662222,0.847974022175999
"2020-03-25 13:00:00",-3.854615992842,0.675172295486561
"2020-03-25 14:00:00",-3.21441118640198,0.591438461774376
"2020-03-25 15:00:00",-2.90884677915291,0.104606779098719
"2020-03-25 16:00:00",-3.00404232599613,-0.22012288648462
"2020-03-25 17:00:00",-3.77740428761479,-1.10156111552158
"2020-03-25 18:00:00",-4.86760359233543,-1.02595177533649
"2020-03-25 19:00:00",-5.38180522064505,-0.142333729226242
"2020-03-25 20:00:00",-5.40048607554988,0.0715756736273395
"2020-03-25 21:00:00",-5.37541215897501,-0.000159184101711368
"2020-03-25 22:00:00",-5.48006901017723,-0.162420825529616
"2020-03-25 23:00:00",-5.67810605078871,-0.205308596526511
"2020-03-26 00:00:00",-5.34651074145637,0.681084780509821
"2020-03-26 01:00:00",-5.25113692376928,-0.292736166501684
"2020-03-26 02:00:00",-5.57024306890006,-0.314755522511394
"2020-03-26 03:00:00",-5.9943235950158,-0.469632804378043
"2020-03-26 04:00:00",-6.47894249319676,-0.463856420599809
"2020-03-26 05:00:00",-7.07998276623075,-0.65558484356097
"2020-03-26 06:00:00",-7.14348439132306,0.343354637024065
"2020-03-26 07:00:00",-6.39087339719828,0.998885423935242
"2020-03-26 08:00:00",-5.49879115325646,0.786725404810931
"2020-03-26 09:00:00",-4.69507090858403,0.783943395241526
"2020-03-26 10:00:00",-3.82524525427458,0.891796017422575
"2020-03-26 11:00:00",-2.88965261475686,0.925260327356304
"2020-03-26 12:00:00",-1.94649987372059,0.913986396864385
"2020-03-26 13:00:00",-1.28505358418999,0.464165813752277
"2020-03-26 14:00:00",-0.919568054392864,0.283988063309757
"2020-03-26 15:00:00",-0.770078584874119,0.053906564495518
"2020-03-26 16:00:00",-0.890700830453934,-0.230248606571485
"2020-03-26 17:00:00",-1.56559943749205,-0.938108426658478
"2020-03-26 18:00:00",-1.86642117990814,0.140341143024329
"2020-03-26 19:00:00",-1.45467236045488,0.575523233629634
"2020-03-26 20:00:00",-0.838650292658979,0.615622345773733
"2020-03-26 21:00:00",-0.200565385019913,0.623818992093604
"2020-03-26 22:00:00",0.112633580816819,0.0914978842777787
"2020-03-26 23:00:00",-0.153746583896684,-0.492448421068188
"2020-03-27 00:00:00",-0.594863740837552,-0.38573717193623
"2020-03-27 01:00:00",-0.159957673076865,0.96209239131718
"2020-03-27 02:00:00",0.120893998820932,-0.186440897844152
"2020-03-27 03:00:00",-0.0352840813960456,-0.128737511131202
"2020-03-27 04:00:00",-0.449705653188219,-0.585135877915588
"2020-03-27 05:00:00",-1.54973097565691,-1.39042716250086
"2020-03-27 06:00:00",-1.95489375238338,0.272919090959397
"2020-03-27 07:00:00",-1.07821227739282,1.2400426518243
"2020-03-27 08:00:00",0.0963417866634054,1.07647106932345
"2020-03-27 09:00:00",0.977065461020719,0.708252049311839
"2020-03-27 10:00:00",1.74433805178863,0.768899610395088
"2020-03-27 11:00:00",2.58849246070911,0.851962004873278
"2020-03-27 12:00:00",4.03165252430858,1.76537187909445
"2020-03-27 13:00:00",5.08656778315533,0.52596145649046
"2020-03-27 14:00:00",5.34872682813,0.0672815862205192
"2020-03-27 15:00:00",5.25558185420186,-0.202560362259067
"2020-03-27 16:00:00",4.80777839926329,-0.596789072839255
"2020-03-27 17:00:00",3.38674949566283,-1.90918173416395
"2020-03-27 18:00:00",1.57280162547987,-1.66862621496864
"2020-03-27 19:00:00",0.520385893948097,-0.593632275708387
"2020-03-27 20:00:00",-0.00853958189732734,-0.461324707109798
"2020-03-27 21:00:00",-0.604924841184262,-0.658073256533208
"2020-03-27 22:00:00",-1.2637894759704,-0.627303883900317
"2020-03-27 23:00:00",-1.95449880727811,-0.698528337695126
"2020-03-28 00:00:00",-1.99567319619579,0.401529305338457
"2020-03-28 01:00:00",-1.93132962365639,-0.160929064111579
"2020-03-28 02:00:00",-2.14305680716347,-0.233042181144631
"2020-03-28 03:00:00",-2.42236567162422,-0.294118687030951
"2020-03-28 04:00:00",-2.78952655363854,-0.395286156246843
"2020-03-28 05:00:00",-3.43494046130649,-0.777898696291991
"2020-03-28 06:00:00",-3.27665765158175,0.779298011545523
"2020-03-28 07:00:00",-1.98974387630449,1.56838753314409
"2020-03-28 08:00:00",-0.357968022087391,1.59905705587358
"2020-03-28 09:00:00",1.1145100019363,1.31858349658473
"2020-03-28 10:00:00",2.18718075400404,0.856322917313449
"2020-03-28 11:00:00",2.90965809179219,0.59609841005337
"2020-03-28 12:00:00",3.25737614331254,0.161861234914823
"2020-03-28 13:00:00",3.47458028084283,0.239579940304066
"2020-03-28 14:00:00",3.58960923039978,0.0220529290926416
"2020-03-28 15:00:00",3.47007153614102,-0.212875047355662
"2020-03-28 16:00:00",3.14905450978135,-0.38232745620188
"2020-03-28 17:00:00",2.13768693027834,-1.38671889078458
"2020-03-28 18:00:00",0.890852824037065,-1.09708501898508
"2020-03-28 19:00:00",0.164850926599709,-0.445266138736583
"2020-03-28 20:00:00",-0.416633108779706,-0.644875109391933
"2020-03-28 21:00:00",-1.33354896015961,-1.05416515565441
"2020-03-28 22:00:00",-2.38777854003281,-1.00245781122878
"2020-03-28 23:00:00",-3.19721703241324,-0.63922024459371
"2020-03-29 00:00:00",-3.272873697699,0.307761110250224
"2020-03-29 01:00:00",-3.0185677197774,0.210802779856114
"2020-03-29 02:00:00",-2.57397940292858,0.583205868079192
"2020-03-29 03:00:00",-1.97642302224133,0.582044550843527
"2020-03-29 04:00:00",-2.04100732431347,-0.490047099555112
"2020-03-29 05:00:00",-2.17276267577184,0.115992737468028
"2020-03-29 06:00:00",-2.07673440017891,0.080955470007691
"2020-03-29 07:00:00",-2.38348051074525,-0.547957011239963
"2020-03-29 08:00:00",-2.85294887001883,-0.39176329886079
"2020-03-29 09:00:00",-3.81650662933396,-1.29528367722682
"2020-03-29 10:00:00",-5.58946392453225,-2.00223326384432
"2020-03-29 11:00:00",-7.40082792415127,-1.59084256339279
"2020-03-29 12:00:00",-8.7185254100183,-1.0634510346415
"2020-03-29 13:00:00",-9.08731636215362,0.123067301104897
"2020-03-29 14:00:00",-9.07200521576172,-0.0455427748117166
"2020-03-29 15:00:00",-8.96629770633147,0.213206320650166
"2020-03-29 16:00:00",-8.71258888187144,0.28020788898841
"2020-03-29 17:00:00",-8.69345023479449,-0.144587023107273
"2020-03-29 18:00:00",-9.05011108761386,-0.46989037851895
"2020-03-29 19:00:00",-9.05827353757325,0.311700771871231
"2020-03-29 20:00:00",-9.05738696999902,-0.194689075233432
"2020-03-29 21:00:00",-9.5803121461804,-0.705225165401248
"2020-03-29 22:00:00",-11.0605217669008,-1.91417342912486
"2020-03-29 23:00:00",-11.65930047632,0.320842394080845
"2020-03-30 00:00:00",-11.1545379379165,0.618412026969363
"2020-03-30 01:00:00",-10.7107074457342,0.32072791980842
"2020-03-30 02:00:00",-10.2440821796667,0.555516557062916
"2020-03-30 03:00:00",-9.96255731642683,0.0986894220550521
"2020-03-30 04:00:00",-10.1411687888015,-0.3421503987957
"2020-03-30 05:00:00",-10.7761574914821,-0.78696881630327
"2020-03-30 06:00:00",-10.6440454386612,0.752430500687368
"2020-03-30 07:00:00",-9.65959664659768,1.10606053408919
"2020-03-30 08:00:00",-8.37662050779749,1.3523989935265
"2020-03-30 09:00:00",-7.57156273558725,0.412708044024051
"2020-03-30 10:00:00",-8.09072170240821,-1.10596635203324
"2020-03-30 11:00:00",-9.3530523271544,-1.29616090176223
"2020-03-30 12:00:00",-10.3899808387866,-0.802783361810188
"2020-03-30 13:00:00",-10.9976461187935,-0.435324410888264
"2020-03-30 14:00:00",-11.399197957074,-0.34578416644723
"2020-03-30 15:00:00",-10.9470050371728,0.977369688024931
"2020-03-30 16:00:00",-9.94532686814828,0.984390709271208
"2020-03-30 17:00:00",-9.30467790035487,0.39386395976354
"2020-03-30 18:00:00",-9.88713852419861,-1.19366455099001
"2020-03-30 19:00:00",-9.81669356880285,0.922563399915325
"2020-03-30 20:00:00",-9.26992381873327,0.28291248824245
"2020-03-30 21:00:00",-9.24837248193656,-0.141765406543981
"2020-03-30 22:00:00",-9.34151190971762,-0.0443793185327223
"2020-03-30 23:00:00",-9.33497058234297,0.052214442497774
"2020-03-31 00:00:00",-8.69362831911257,1.01564033246803
"2020-03-31 01:00:00",-8.07970266210175,0.328149621141718
"2020-03-31 02:00:00",-8.03890473601927,-0.14229385268
"2020-03-31 03:00:00",-8.338197941567,-0.379376552443573
"2020-03-31 04:00:00",-8.75798343009836,-0.416031821540284
"2020-03-31 05:00:00",-9.3692950286883,-0.701161281558051
"2020-03-31 06:00:00",-9.16968799604923,0.802697122099647
"2020-03-31 07:00:00",-8.23581474252283,0.988761492273918
"2020-03-31 08:00:00",-7.65235277905324,0.296153744337405
"2020-03-31 09:00:00",-7.47915329298753,0.0928618269176032
"2020-03-31 10:00:00",-7.89139734723743,-0.719748437141568
"2020-03-31 11:00:00",-8.89228326413438,-1.13057745826343
"2020-03-31 12:00:00",-9.54520635729252,-0.292007191423966
"2020-03-31 13:00:00",-9.69812573766383,-0.0406291989982481
"2020-03-31 14:00:00",-9.77125641478142,-0.0788258774085122
"2020-03-31 15:00:00",-9.78871255153394,0.036877034706503
"2020-03-31 16:00:00",-9.42504520601799,0.576856322496013
"2020-03-31 17:00:00",-9.0523928377263,0.2309555721482
"2020-03-31 18:00:00",-9.61050681814699,-1.04596536152638
"2020-03-31 19:00:00",-9.72589173744554,0.522858625644167
"2020-03-31 20:00:00",-9.57262601038985,-0.0878757191068876
"2020-03-31 21:00:00",-9.63151730975727,-0.0244349587336864
"2020-03-31 22:00:00",-9.79620217388501,-0.237946369767129
"2020-03-31 23:00:00",-9.91739914237056,-0.0249828049649378
"2020-04-01 00:00:00",-9.34521879555383,0.95587225755342
"2020-04-01 01:00:00",-8.82449262316434,0.217931323196876
"2020-04-01 02:00:00",-8.5687237775506,0.28021066563006
"2020-04-01 03:00:00",-8.28837602401831,0.278158819031654
"2020-04-01 04:00:00",-8.21471106113394,-0.0554821155869124
"2020-04-01 05:00:00",-8.51847932473418,-0.44426924964805
"2020-04-01 06:00:00",-8.06581248037689,1.04008056655259
"2020-04-01 07:00:00",-7.02223506997247,1.0067120433024
"2020-04-01 08:00:00",-5.96912831286269,1.04304190862604
"2020-04-01 09:00:00",-5.15782844208396,0.625947135824852
"2020-04-01 10:00:00",-4.93529040168331,-0.0503253180371084
"2020-04-01 11:00:00",-4.93108562827689,0.0467173385500999
"2020-04-01 12:00:00",-4.72569363132994,0.307767393509529
"2020-04-01 13:00:00",-4.37777149076216,0.364247991006405
"2020-04-01 14:00:00",-4.04905056586762,0.295057184897426
"2020-04-01 15:00:00",-3.91358653915142,0.0278508125740349
"2020-04-01 16:00:00",-3.88683965466566,0.0297829806917434
"2020-04-01 17:00:00",-3.95022918137138,-0.117482687023806
"2020-04-01 18:00:00",-4.60837621678309,-0.98221886688704
"2020-04-01 19:00:00",-4.38234785242076,1.02671050817235
"2020-04-01 20:00:00",-3.83458497022368,0.208087598632509
"2020-04-01 21:00:00",-3.47101625651532,0.454885715508324
"2020-04-01 22:00:00",-3.15638185922571,0.210656611730468
"2020-04-01 23:00:00",-2.98105369291491,0.147512085799078
"2020-04-02 00:00:00",-2.35016572759894,0.926995084487379
"2020-04-02 01:00:00",-1.63718302982098,0.539458119804462
"2020-04-02 02:00:00",-1.5147635838175,-0.159309261464226
"2020-04-02 03:00:00",-1.78422897086946,-0.328144822504495
"2020-04-02 04:00:00",-2.34781061569245,-0.691456684952049
"2020-04-02 05:00:00",-3.20786157512944,-0.928550794442414
"2020-04-02 06:00:00",-3.47215703029757,0.195226735742598
"2020-04-02 07:00:00",-2.95926321493786,0.704770109185554
"2020-04-02 08:00:00",-2.26308726307151,0.661178070483437
"2020-04-02 09:00:00",-1.9786333200451,0.0227079076200702
"2020-04-02 10:00:00",-1.68966434786304,0.455291385300196
"2020-04-02 11:00:00",-2.06404947927546,-0.907525620852469
"2020-04-02 12:00:00",-3.00214830992859,-0.911243047221694
"2020-04-02 13:00:00",-3.49873763966547,-0.192692031719183
"2020-04-02 14:00:00",-3.55163718633177,0.0473160779520643
"2020-04-02 15:00:00",-3.4428394853896,0.149191383883549
"2020-04-02 16:00:00",-3.22253927425561,0.26167319785758
"2020-04-02 17:00:00",-3.03360939349645,0.135609879691105
"2020-04-02 18:00:00",-3.025072225265,-0.0726731250624602
"2020-04-02 19:00:00",-2.77005541364609,0.465252935090074
"2020-04-02 20:00:00",-1.82833522760505,1.21817919191975
"2020-04-02 21:00:00",-0.886656444631358,0.714956308493064
"2020-04-02 22:00:00",-0.437483604874756,0.251784993938706
"2020-04-02 23:00:00",0.129342829492664,0.750479021312962
"2020-04-03 00:00:00",1.26655006289887,1.34081565426872
"2020-04-03 01:00:00",2.02485269507704,0.332301059903364
"2020-04-03 02:00:00",2.44894936501141,0.462530690892433
"2020-04-03 03:00:00",2.52682721711516,-0.185409448298675
"2020-04-03 04:00:00",2.03382549178149,-0.677888709133944
"2020-04-03 05:00:00",1.00876727019168,-1.21041132023476
"2020-04-03 06:00:00",-0.138625192203789,-1.0521571417575
"2020-04-03 07:00:00",-0.992549531290849,-0.681014804565558
"2020-04-03 08:00:00",-1.46356070463334,-0.307349976811833
"2020-04-03 09:00:00",-1.66687066775724,-0.122404030184359
"2020-04-03 10:00:00",-1.88442052777097,-0.268493588796511
"2020-04-03 11:00:00",-2.38611153598953,-0.63088503519561
"2020-04-03 12:00:00",-2.78475323211615,-0.221797491527881
"2020-04-03 13:00:00",-2.8041285536161,0.120079633541775
"2020-04-03 14:00:00",-2.60316047600708,0.248956309058359
"2020-04-03 15:00:00",-2.86340093723939,-0.58397835357633
"2020-04-03 16:00:00",-3.01067350987448,0.154547755385153
"2020-04-03 17:00:00",-2.97293887701183,-0.0380530499676037
"2020-04-03 18:00:00",-3.91361173527825,-1.49387813566883
"2020-04-03 19:00:00",-5.73168926908001,-1.94276987214245
"2020-04-03 20:00:00",-5.12166957683421,2.29024870887247
"2020-04-03 21:00:00",-5.00827481255768,-1.33660534299398
"2020-04-03 22:00:00",-4.54927483731911,1.64069220178365
"2020-04-03 23:00:00",-3.45316599370266,0.686835198966135
"2020-04-04 00:00:00",-2.1124660904872,1.71734287166203
"2020-04-04 01:00:00",-0.762758674425544,1.04320614264748
"2020-04-04 02:00:00",-0.147488601639448,0.301729833049504
"2020-04-04 03:00:00",0.0170325486189339,0.0654223557587294
"2020-04-04 04:00:00",-0.220399581136811,-0.428071031713379
"2020-04-04 05:00:00",-1.32815815990254,-1.50795196603366
"2020-04-04 06:00:00",-1.8335242133471,0.188739381044956
"2020-04-04 07:00:00",-1.67597587695984,0.131630733892432
"2020-04-04 08:00:00",-1.61410847603596,0.0145790548560271
"2020-04-04 09:00:00",-1.52619470426854,0.134705083524877
"2020-04-04 10:00:00",-1.68184796213376,-0.339859021457006
"2020-04-04 11:00:00",-1.71713454558438,0.171602292652784
"2020-04-04 12:00:00",-1.64655854926235,0.00208523715106403
"2020-04-04 13:00:00",-1.68838048497962,-0.0669837896216114
"2020-04-04 14:00:00",-1.58364902894467,0.216405218893874
"2020-04-04 15:00:00",-1.06164934679666,0.702961473040447
"2020-04-04 16:00:00",-0.364750892213336,0.661108380738589
"2020-04-04 17:00:00",-1.27169721415514,-1.90873092342905
"2020-04-04 18:00:00",-1.57352875172886,0.785398148272772
"2020-04-04 19:00:00",-3.31111699207986,-3.33495400433928
"2020-04-04 20:00:00",-5.42641812120644,-1.19742852124421
"2020-04-04 21:00:00",-6.28583637366623,-0.586250422141901
"2020-04-04 22:00:00",-6.58336698218975,-0.0828156230270486
"2020-04-04 23:00:00",-6.61496398800379,0.0125329290187479
"2020-04-05 00:00:00",-6.04382398268428,0.924922233196387
"2020-04-05 01:00:00",-5.5892052763992,0.12727318025807
"2020-04-05 02:00:00",-5.49758681931102,0.0706976189962873
"2020-04-05 03:00:00",-5.34939469256555,0.199896430103521
"2020-04-05 04:00:00",-5.22368434592683,0.0771733258513412
"2020-04-05 05:00:00",-5.21919324773942,-0.0374450980546285
"2020-04-05 06:00:00",-4.29840360218186,1.52257210280455
"2020-04-05 07:00:00",-2.58244031186222,1.76888600002603
"2020-04-05 08:00:00",-1.00761268698915,1.37395048736454
"2020-04-05 09:00:00",0.291590290077452,1.18893326114432
"2020-04-05 10:00:00",1.46529433068717,1.10740199503735
"2020-04-05 11:00:00",2.52405150947421,0.974128217190606
"2020-04-05 12:00:00",3.13201791711711,0.33172000787474
"2020-04-05 13:00:00",3.38914104127287,0.191138479074654
"2020-04-05 14:00:00",3.58861004840973,0.191176727196717
"2020-04-05 15:00:00",3.72984015763539,0.0965974956904185
"2020-04-05 16:00:00",3.62356181143614,-0.241282597409404
"2020-04-05 17:00:00",2.86982899802855,-1.06421292073792
"2020-04-05 18:00:00",1.69592499927472,-1.19494503316389
"2020-04-05 19:00:00",1.11184732151186,-0.15127002658707
"2020-04-05 20:00:00",1.06551430729175,0.0243928044423305
"2020-04-05 21:00:00",1.02535485128715,-0.0826582341280489
"2020-04-05 22:00:00",1.0194073434005,0.0441534654220808
"2020-04-05 23:00:00",0.956820599506389,-0.132085202115655
"2020-04-06 00:00:00",1.2946754648362,0.633855344811614
"2020-04-06 01:00:00",1.44326834419056,-0.183639311579501
"2020-04-06 02:00:00",1.18508824228737,-0.297464358588593
"2020-04-06 03:00:00",0.68551949225308,-0.612090646208371
"2020-04-06 04:00:00",0.00414803373253669,-0.696062909371781
"2020-04-06 05:00:00",-0.616499012346146,-0.540883250531264
"2020-04-06 06:00:00",-0.255519141775267,0.945852670580161
"2020-04-06 07:00:00",1.26413076105528,1.83029139648734
"2020-04-06 08:00:00",3.13118798963943,1.80121705601542
"2020-04-06 09:00:00",4.74263600872371,1.40432765788177
"2020-04-06 10:00:00",6.05917606522441,1.18934350122253
"2020-04-06 11:00:00",7.1620706053824,0.98504620649282
"2020-04-06 12:00:00",8.7125413756697,1.84450771769357
"2020-04-06 13:00:00",9.72754369336745,0.402548868595463
"2020-04-06 14:00:00",9.96550341110797,0.104392909389621
"2020-04-06 15:00:00",10.0294417086793,0.0210892013098153
"2020-04-06 16:00:00",9.68666511316413,-0.581985062754209
"2020-04-06 17:00:00",7.89931683518795,-2.51845871918273
"2020-04-06 18:00:00",5.00362685531423,-3.01975093294249
"2020-04-06 19:00:00",3.38103526240587,-0.620510926140152
"2020-04-06 20:00:00",2.90704776642103,-0.358140067236755
"2020-04-06 21:00:00",2.31394281854658,-0.725307595934752
"2020-04-06 22:00:00",1.62302323336143,-0.63814431441731
"2020-04-06 23:00:00",1.08834411291889,-0.442387303428467
"2020-04-07 00:00:00",1.14048991462929,0.377948592834537
"2020-04-07 01:00:00",0.930986130834686,-0.5926462240389
"2020-04-07 02:00:00",0.471268590762329,-0.350454098675301
"2020-04-07 03:00:00",0.246548754408706,-0.130827144757226
"2020-04-07 04:00:00",0.437605806837484,0.396246278447251
"2020-04-07 05:00:00",1.15840705039516,0.902351652669816
"2020-04-07 06:00:00",2.56697438667126,1.67761181908377
"2020-04-07 07:00:00",4.27767720724226,1.64816382470257
"2020-04-07 08:00:00",5.51366971293064,0.896970507356487
"2020-04-07 09:00:00",6.20286526217153,0.510826232570148
"2020-04-07 10:00:00",6.67218916925206,0.411361202393771
"2020-04-07 11:00:00",7.02014370827094,0.280551814963835
"2020-04-07 12:00:00",7.65114481332624,0.82559912074121
"2020-04-07 13:00:00",7.95417511376968,-0.0696020588559298
"2020-04-07 14:00:00",7.78527676483023,-0.237318530682341
"2020-04-07 15:00:00",7.57428776548436,-0.1934422874008
"2020-04-07 16:00:00",7.32261375312617,-0.288295312792292
"2020-04-07 17:00:00",6.31795961987146,-1.44391397383813
"2020-04-07 18:00:00",4.49893378710566,-1.99079853342212
"2020-04-07 19:00:00",3.19774864111655,-0.785416486841562
"2020-04-07 20:00:00",2.6143283345431,-0.425155310632719
"2020-04-07 21:00:00",2.25954871401156,-0.294373199769263
"2020-04-07 22:00:00",1.82096982943459,-0.516785040010326
"2020-04-07 23:00:00",1.21623225195177,-0.636981363741094
"2020-04-08 00:00:00",1.2408484273224,0.462936766441466
"2020-04-08 01:00:00",1.24450289908748,-0.304301156951634
"2020-04-08 02:00:00",0.965938144393873,-0.249773886257597
"2020-04-08 03:00:00",0.559360321729091,-0.493036399414115
"2020-04-08 04:00:00",-0.000655491973848649,-0.578777199230768
"2020-04-08 05:00:00",-0.34191657144588,-0.166702325485461
"2020-04-08 06:00:00",0.38838296895952,1.29402789934866
"2020-04-08 07:00:00",1.83019445363169,1.47131778522777
"2020-04-08 08:00:00",3.27017947167514,1.34831131673083
"2020-04-08 09:00:00",4.58164732762649,1.22037191554417
"2020-04-08 10:00:00",5.8059515824129,1.16284372790147
"2020-04-08 11:00:00",6.99833620695338,1.14793534773186
"2020-04-08 12:00:00",8.6982692099598,1.97812746763924
"2020-04-08 13:00:00",10.0111088840465,0.795728129270914
"2020-04-08 14:00:00",10.4733968506171,0.205130385484357
"2020-04-08 15:00:00",10.6154880740246,0.0798177688392463
"2020-04-08 16:00:00",10.6677870650778,0.0177891632702262
"2020-04-08 17:00:00",9.31930073836037,-2.20898851102147
"2020-04-08 18:00:00",6.42295502970746,-3.22895241537874
"2020-04-08 19:00:00",4.60989049617449,-0.791276171760045
"2020-04-08 20:00:00",3.83030972322738,-0.740679079838595
"2020-04-08 21:00:00",3.12272187710294,-0.65683899750742
"2020-04-08 22:00:00",2.74003472316362,-0.185761227146597
"2020-04-08 23:00:00",2.30395837049348,-0.585759009899335
"2020-04-09 00:00:00",2.92512971602795,1.39329144223985
"2020-04-09 01:00:00",3.29857960825737,-0.327948385413665
"2020-04-09 02:00:00",3.67991189663872,0.831806874203101
"2020-04-09 03:00:00",3.14929802315373,-1.41840650079923
"2020-04-09 04:00:00",2.45852370211564,-0.176927424226865
"2020-04-09 05:00:00",2.31288426475065,-0.121028482674411
"2020-04-09 06:00:00",3.09134426888765,1.33813656324578
"2020-04-09 07:00:00",4.07967763448701,0.704186718342909
"2020-04-09 08:00:00",4.46206783555414,0.144434825947665
"2020-04-09 09:00:00",4.40047878457075,-0.201759108713675
"2020-04-09 10:00:00",4.51238119017904,0.310018577534309
"2020-04-09 11:00:00",4.87826004526604,0.379917447597417
"2020-04-09 12:00:00",5.55942597032957,0.843340175631471
"2020-04-09 13:00:00",6.03477904901638,0.200280171067022
"2020-04-09 14:00:00",5.46024252538801,-1.07154703548693
"2020-04-09 15:00:00",4.15745595502825,-1.40207211768609
"2020-04-09 16:00:00",3.7985692689428,0.348255292854652
"2020-04-09 17:00:00",3.51644166168603,-0.693864064582112
"2020-04-09 18:00:00",2.81680502732164,-0.674769937397548
"2020-04-09 19:00:00",2.52111505916601,-0.03255298772684
"2020-04-09 20:00:00",2.26042114748471,-0.40364597978735
"2020-04-09 21:00:00",1.35859608240254,-1.19399746042735
"2020-04-09 22:00:00",-0.0914393208929642,-1.55357040940504
"2020-04-09 23:00:00",-1.8113568514505,-1.74896653213691
"2020-04-10 00:00:00",-2.60538851917652,-0.117353209313084
"2020-04-10 01:00:00",-2.01841379700516,1.03198336697645
"2020-04-10 02:00:00",-2.89125728191819,-2.09862869797949
"2020-04-10 03:00:00",-4.02188377861149,-0.427850302764886
"2020-04-10 04:00:00",-4.32227019676181,-0.195955180609061
"2020-04-10 05:00:00",-4.01914412872072,0.627006576677933
"2020-04-10 06:00:00",-2.91121305776653,1.38107285799851
"2020-04-10 07:00:00",-1.17859019536044,1.88840382050029
"2020-04-10 08:00:00",0.388348433556153,1.27969093498919
"2020-04-10 09:00:00",1.12372884023174,0.337067629124697
"2020-04-10 10:00:00",1.30370237020081,0.0652456429931602
"2020-04-10 11:00:00",1.44706261596218,0.186943435043341
"2020-04-10 12:00:00",1.76393194950849,0.386563028837188
"2020-04-10 13:00:00",2.00792621431735,0.135082583722632
"2020-04-10 14:00:00",1.9971406192862,-0.110104283509886
"2020-04-10 15:00:00",1.97243191933484,0.0308213612032674
"2020-04-10 16:00:00",1.99515605627144,0.0137045751442744
"2020-04-10 17:00:00",1.54725166349316,-0.736925321293324
"2020-04-10 18:00:00",0.26315516023209,-1.58984546394717
"2020-04-10 19:00:00",-0.718354355834288,-0.529657474887951
"2020-04-10 20:00:00",-1.42294502015407,-0.786803454703423
"2020-04-10 21:00:00",-2.31282562894852,-0.914477394167636
"2020-04-10 22:00:00",-3.15381001566665,-0.749046542411311
"2020-04-10 23:00:00",-4.06909852993506,-0.97855671362187
"2020-04-11 00:00:00",-4.27514154219182,0.323991867132765
"2020-04-11 01:00:00",-5.03314260836165,-1.43778883818631
"2020-04-11 02:00:00",-5.80466467809732,-0.284203816826807
"2020-04-11 03:00:00",-6.06052618768796,-0.217328717506901
"2020-04-11 04:00:00",-6.49242082119425,-0.546603235534664
"2020-04-11 05:00:00",-6.23847462539062,0.783935536832557
"2020-04-11 06:00:00",-4.56118133765251,2.20119002263632
"2020-04-11 07:00:00",-2.62822852955919,1.66815586581058
"2020-04-11 08:00:00",-1.51275568826027,0.697403893764906
"2020-04-11 09:00:00",-1.10615227151083,0.195367507822997
"2020-04-11 10:00:00",-0.89785744323184,0.208440242825903
"2020-04-11 11:00:00",-0.648939802646176,0.265230685007654
"2020-04-11 12:00:00",-0.32642437732906,0.346215101680592
"2020-04-11 13:00:00",0.162337891699825,0.560987067075186
"2020-04-11 14:00:00",0.72829435601544,0.542166264479152
"2020-04-11 15:00:00",1.19358610307168,0.390994093743877
"2020-04-11 16:00:00",1.52893309617867,0.280776029939588
"2020-04-11 17:00:00",1.48387760294971,-0.26210200383409
"2020-04-11 18:00:00",-0.425221497376252,-2.9182715531421
"2020-04-11 19:00:00",-1.69790586600329,-0.114619715582011
"2020-04-11 20:00:00",-1.65471394442252,0.148533362340486
"2020-04-11 21:00:00",-1.70459072812321,-0.177645607709825
"2020-04-11 22:00:00",-2.00644037756961,-0.368110714195591
"2020-04-11 23:00:00",-2.39423205879128,-0.379899002261716
"2020-04-12 00:00:00",-2.63081074215004,-0.126706155849115
"2020-04-12 01:00:00",-3.10939266245358,-0.687029839859279
"2020-04-12 02:00:00",-3.63465932566776,-0.388459285042619
"2020-04-12 03:00:00",-3.80711787355869,-0.0155817660322206
"2020-04-12 04:00:00",-4.0394351837624,-0.36085982482011
"2020-04-12 05:00:00",-3.73130025445478,0.744686714891288
"2020-04-12 06:00:00",-1.94812659541977,2.3955594521284
"2020-04-12 07:00:00",0.774950437282234,2.81452987127401
"2020-04-12 08:00:00",3.46001440203749,2.47016370846
"2020-04-12 09:00:00",5.52025015649146,1.68459543484934
"2020-04-12 10:00:00",6.97707717583448,1.22864312289423
"2020-04-12 11:00:00",8.17492065849446,1.11139935275356
"2020-04-12 12:00:00",9.29217358353919,1.05752993254103
"2020-04-12 13:00:00",10.1393956542959,0.654785897827155
"2020-04-12 14:00:00",10.6197907960099,0.328242954195079
"2020-04-12 15:00:00",10.778747035585,0.0248622237751426
"2020-04-12 16:00:00",10.5999228659813,-0.320004639156121
"2020-04-12 17:00:00",9.22523930687404,-2.02612588437974
"2020-04-12 18:00:00",6.90885537895943,-2.4117005458699
"2020-04-12 19:00:00",6.09949447950493,0.288405056095937
"2020-04-12 20:00:00",5.88640560229287,-0.545146447997557
"2020-04-12 21:00:00",5.63058286210122,-0.0583721944968997
"2020-04-12 22:00:00",4.79364663924429,-1.32345500442002
"2020-04-12 23:00:00",3.03170965009817,-1.97670432800776
"2020-04-13 00:00:00",2.66868864860553,0.726093567623445
"2020-04-13 01:00:00",3.29017714931373,0.518781374049761
"2020-04-13 02:00:00",4.17526137716683,1.08298365927877
"2020-04-13 03:00:00",4.47640363375198,-0.239766841146627
"2020-04-13 04:00:00",3.53187154105905,-1.37525236478646
"2020-04-13 05:00:00",2.12729100605842,-1.36193870792998
"2020-04-13 06:00:00",0.813349802580229,-1.22224698477989
"2020-04-13 07:00:00",-1.11946861112023,-2.31572647929514
"2020-04-13 08:00:00",-3.47956145248102,-2.27607727869018
"2020-04-13 09:00:00",-4.93545634902594,-0.835448950766119
"2020-04-13 10:00:00",-5.21121262438779,0.116829433680993
"2020-04-13 11:00:00",-5.04045717999663,0.205306467199153
"2020-04-13 12:00:00",-4.84842694534158,0.180549520490535
"2020-04-13 13:00:00",-5.21453812707991,-0.706900457167417
"2020-04-13 14:00:00",-5.59127053993518,-0.132002592257339
"2020-04-13 15:00:00",-5.73848056349925,-0.143147927082524
"2020-04-13 16:00:00",-6.07537942779356,-0.442660172939705
"2020-04-13 17:00:00",-6.11365347930556,0.240959603029403
"2020-04-13 18:00:00",-6.46169919029041,-0.716292344382169
"2020-04-13 19:00:00",-6.92181449421954,-0.259142597386973
"2020-04-13 20:00:00",-7.54121606762463,-0.821217178003698
"2020-04-13 21:00:00",-6.83411614063042,1.70207741152178
"2020-04-13 22:00:00",-5.05587603891186,1.75331995555752
"2020-04-13 23:00:00",-4.41135067885222,-0.118770987806145
"2020-04-14 00:00:00",-4.97935941332076,-0.834819643802502
"2020-04-14 01:00:00",-5.63909735616195,-0.505252078817185
"2020-04-14 02:00:00",-6.16794008939643,-0.51217278716079
"2020-04-14 03:00:00",-6.56776065288753,-0.297973150723024
"2020-04-14 04:00:00",-7.11412327643128,-0.677526816705451
"2020-04-14 05:00:00",-7.54567844232634,-0.237902385961016
"2020-04-14 06:00:00",-7.10800701630319,0.876971814746067
"2020-04-14 07:00:00",-6.23320701728395,0.840941559590597
"2020-04-14 08:00:00",-5.48676966442767,0.655997473975662
"2020-04-14 09:00:00",-4.91177926161671,0.50073365509096
"2020-04-14 10:00:00",-5.08630208238544,-0.610063682461949
"2020-04-14 11:00:00",-5.51157221713584,-0.275313769388344
"2020-04-14 12:00:00",-6.02689114938145,-0.643729856030378
"2020-04-14 13:00:00",-6.07282244837152,0.362543184532204
"2020-04-14 14:00:00",-5.78393498884267,0.233882139407306
"2020-04-14 15:00:00",-5.35032168193054,0.553613294708956
"2020-04-14 16:00:00",-4.73836402766466,0.628667803063691
"2020-04-14 17:00:00",-4.40459681424328,0.127415576730523
"2020-04-14 18:00:00",-4.43648894024192,-0.130904227570159
"2020-04-14 19:00:00",-4.26248172443888,0.374726203222315
"2020-04-14 20:00:00",-3.72290656033506,0.629324963334605
"2020-04-14 21:00:00",-3.75240345901641,-0.462505051210187
"2020-04-14 22:00:00",-3.7874436637043,0.256431959359047
"2020-04-14 23:00:00",-3.4550531148375,0.372114250397252
"2020-04-15 00:00:00",-2.27194971306905,1.67198554645833
"2020-04-15 01:00:00",-1.50558399804796,0.129139788653262
"2020-04-15 02:00:00",-1.47841475233633,-0.0401609427809283
"2020-04-15 03:00:00",-1.63898458596024,-0.231305815978202
"2020-04-15 04:00:00",-2.01890395800767,-0.45882788792038
"2020-04-15 05:00:00",-2.57891575352125,-0.598253641784032
"2020-04-15 06:00:00",-3.16296977389928,-0.543510714936286
"2020-04-15 07:00:00",-3.64073961828344,-0.407164233492913
"2020-04-15 08:00:00",-3.82507080336369,-0.0223275909458086
"2020-04-15 09:00:00",-3.75898345839302,0.126818180259159
"2020-04-15 10:00:00",-3.45261171764735,0.416357311714771
"2020-04-15 11:00:00",-2.52769569210641,1.22444704020471
"2020-04-15 12:00:00",-1.72313144552006,0.489671919580097
"2020-04-15 13:00:00",-1.1012125781538,0.682749243175455
"2020-04-15 14:00:00",-0.218963566681375,0.97474171971228
"2020-04-15 15:00:00",0.551447007520313,0.597864854282656
"2020-04-15 16:00:00",1.15362338843377,0.57572505661852
"2020-04-15 17:00:00",1.3652761660682,-0.0426021286423502
"2020-04-15 18:00:00",0.354358436783575,-1.61017167485484
"2020-04-15 19:00:00",-0.470622196448727,-0.262782866065802
"2020-04-15 20:00:00",-0.37598314244186,0.32902555932116
"2020-04-15 21:00:00",-0.0157291639193413,0.36443802534044
"2020-04-15 22:00:00",0.134026398535794,-0.00045967876176109
"2020-04-15 23:00:00",0.00812580667943352,-0.203716443715291
"2020-04-16 00:00:00",0.172987476548494,0.402731665592137
"2020-04-16 01:00:00",-0.125277131525514,-0.751637122880245
"2020-04-16 02:00:00",-0.868921599742463,-0.702817183174391
"2020-04-16 03:00:00",-1.39306140366894,-0.378997090257963
"2020-04-16 04:00:00",-1.84912865376941,-0.483979372363065
"2020-04-16 05:00:00",-1.86037796807154,0.306816067687124
"2020-04-16 06:00:00",-0.931786850439877,1.30137202985926
"2020-04-16 07:00:00",0.340180725838,1.19312255355034
"2020-04-16 08:00:00",1.25201581691407,0.680545114382454
"2020-04-16 09:00:00",1.90234141310872,0.597663194963562
"2020-04-16 10:00:00",2.34638827687603,0.318085537700631
"2020-04-16 11:00:00",2.69165631632307,0.343958939805795
"2020-04-16 12:00:00",2.92477286407056,0.144676864179745
"2020-04-16 13:00:00",3.040876312246,0.087768815486975
"2020-04-16 14:00:00",3.19030250301733,0.179511316008671
"2020-04-16 15:00:00",3.32766736810365,0.0986292062671034
"2020-04-16 16:00:00",3.47996342510239,0.17654832404496
"2020-04-16 17:00:00",3.42820052850305,-0.205992329285407
"2020-04-16 18:00:00",2.24121070524651,-1.78898966402983
"2020-04-16 19:00:00",1.23378315451417,-0.441410657575529
"2020-04-16 20:00:00",1.279176474708,0.366176908338899
"2020-04-16 21:00:00",1.4963871451516,0.105931471885278
"2020-04-16 22:00:00",1.25344710360287,-0.465901000807056
"2020-04-16 23:00:00",0.229984863310383,-1.34814436622941
"2020-04-17 00:00:00",0.592873181541031,1.48601690791326
"2020-04-17 01:00:00",0.640193259242581,-0.914807516622563
"2020-04-17 02:00:00",-0.281724564625814,-0.883673956374799
"2020-04-17 03:00:00",-1.02846405438217,-0.619603779466834
"2020-04-17 04:00:00",-1.80739387564319,-0.846805867538901
"2020-04-17 05:00:00",-1.97295856612424,0.298784941735452
"2020-04-17 06:00:00",-1.29077433241004,0.907904828928157
"2020-04-17 07:00:00",-0.15795847572465,1.2305866111118
"2020-04-17 08:00:00",0.765802105988297,0.675520390004851
"2020-04-17 09:00:00",1.14326100439647,0.159831184075478
"2020-04-17 10:00:00",1.2009839299813,-0.0145642530895039
"2020-04-17 11:00:00",1.21379920769089,0.0289114331526281
"2020-04-17 12:00:00",1.42290662668804,0.317735298250274
"2020-04-17 13:00:00",1.72404458620454,0.273929820579057
"2020-04-17 14:00:00",1.86330030069396,0.0406355569659205
"2020-04-17 15:00:00",1.86119528119843,-0.0328992667793397
"2020-04-17 16:00:00",1.87951813943443,0.0492013455381849
"2020-04-17 17:00:00",1.73221681348966,-0.273723166204918
"2020-04-17 18:00:00",0.58242299835679,-1.68142570194602
"2020-04-17 19:00:00",-0.298662014847784,-0.306415491010212
"2020-04-17 20:00:00",-0.347149451581262,0.126150638072667
"2020-04-17 21:00:00",-0.579909269747829,-0.460521477224725
"2020-04-17 22:00:00",-1.23755426324062,-0.75706031277356
"2020-04-17 23:00:00",-1.7375703355573,-0.303300993760269
"2020-04-18 00:00:00",-1.71749025324758,0.236948653653154
"2020-04-18 01:00:00",-1.85869646468069,-0.384382012788002
"2020-04-18 02:00:00",-2.245869716538,-0.368240714196481
"2020-04-18 03:00:00",-2.63407292705316,-0.380170131364964
"2020-04-18 04:00:00",-3.19594535371822,-0.65291117028921
"2020-04-18 05:00:00",-3.47137337428364,-0.00657039923865638
"2020-04-18 06:00:00",-2.85106789208268,1.01321234816161
"2020-04-18 07:00:00",-1.97536600354095,0.746090881836397
"2020-04-18 08:00:00",-1.2012236597634,0.758601703613661
"2020-04-18 09:00:00",-0.352107373720846,0.870656752019464
"2020-04-18 10:00:00",0.494712031582997,0.79114151975554
"2020-04-18 11:00:00",1.01198804930463,0.309483996171298
"2020-04-18 12:00:00",1.46229379410872,0.521483040044216
"2020-04-18 13:00:00",1.8309256860275,0.247331393707265
"2020-04-18 14:00:00",1.98763725364753,0.0864932160070377
"2020-04-18 15:00:00",2.00586293366709,-0.0307125743302401
"2020-04-18 16:00:00",1.9911417852091,-0.00594558488969988
"2020-04-18 17:00:00",1.68493228000135,-0.494396964801299
"2020-04-18 18:00:00",0.596518463050243,-1.43486882642415
"2020-04-18 19:00:00",-0.421880937296414,-0.693132797588523
"2020-04-18 20:00:00",-1.09189977597015,-0.622227294820574
"2020-04-18 21:00:00",-1.3945236939174,-0.073771091750158
"2020-04-18 22:00:00",-0.95458972853149,0.76328981007176
"2020-04-18 23:00:00",-0.457450325842254,0.29731513353867
"2020-04-19 00:00:00",-0.567317708519012,-0.37550750716934
"2020-04-19 01:00:00",-0.577131357533316,0.235175515158517
"2020-04-19 02:00:00",-0.450268746268972,0.0493704889555132
"2020-04-19 03:00:00",-0.827861133219373,-0.643706328941138
"2020-04-19 04:00:00",-1.79023229116342,-1.12801274768081
"2020-04-19 05:00:00",-2.47582121924959,-0.355759072006281
"2020-04-19 06:00:00",-2.50575887834317,0.191885893763812
"2020-04-19 07:00:00",-2.51701232943038,-0.142913724130602
"2020-04-19 08:00:00",-2.52832541699813,0.080200188308287
"2020-04-19 09:00:00",-2.45625172164169,0.0664892184530377
"2020-04-19 10:00:00",-2.44664341460347,-0.0256031246171416
"2020-04-19 11:00:00",-2.57154842984311,-0.182017016071531
"2020-04-19 12:00:00",-2.80181767411957,-0.248180919845367
"2020-04-19 13:00:00",-2.78772831801017,0.191874142927659
"2020-04-19 14:00:00",-2.62979830000451,0.131388505695506
"2020-04-19 15:00:00",-2.59352832608682,-0.0254760874781277
"2020-04-19 16:00:00",-2.57483737246431,0.0505889769770223
"2020-04-19 17:00:00",-2.45181989512836,0.168774540490154
"2020-04-19 18:00:00",-2.83787771501703,-0.734435181282237
"2020-04-19 19:00:00",-3.33390373646688,-0.309861554710797
"2020-04-19 20:00:00",-3.47350465153072,-0.0151659418211921
"2020-04-19 21:00:00",-3.60226450877641,-0.193893324955368
"2020-04-19 22:00:00",-3.65418801970295,0.0498306654780083
"2020-04-19 23:00:00",-3.57942138636824,0.0925462392044611
"2020-04-20 00:00:00",-3.45628229849985,0.142294911930696
"2020-04-20 01:00:00",-3.53837579615544,-0.223328460481459
"2020-04-20 02:00:00",-3.605567240039,0.0446505701617381
"2020-04-20 03:00:00",-3.75189048936111,-0.262037671008834
"2020-04-20 04:00:00",-4.35972827411031,-0.804648564910738
"2020-04-20 05:00:00",-4.55666398921933,0.22317551912065
"2020-04-20 06:00:00",-3.6719353640343,1.2895865329281
"2020-04-20 07:00:00",-2.77575816441107,0.596054621325804
"2020-04-20 08:00:00",-2.49058572269031,0.0679467788355362
"2020-04-20 09:00:00",-2.29415916655621,0.275953586799546
"2020-04-20 10:00:00",-1.91261657263122,0.436759659668474
"2020-04-20 11:00:00",-1.40399473468391,0.534824353229857
"2020-04-20 12:00:00",-0.873763101537637,0.503782786645134
"2020-04-20 13:00:00",-0.517038552077899,0.242861988574752
"2020-04-20 14:00:00",-0.301916679305974,0.187072575474216
"2020-04-20 15:00:00",-0.172727159193206,0.0848515146505811
"2020-04-20 16:00:00",-0.0319273536697074,0.171629894575064
"2020-04-20 17:00:00",0.088005842129496,0.079811305830209
"2020-04-20 18:00:00",-0.336763916026417,-0.741080063766097
"2020-04-20 19:00:00",-1.1627533592653,-0.842910299045522
"2020-04-20 20:00:00",-1.69593644149807,-0.299866926492664
"2020-04-20 21:00:00",-1.59486206748812,0.365746441322916
"2020-04-20 22:00:00",-1.26276440069549,0.295939594434866
"2020-04-20 23:00:00",-1.29509136462747,-0.248004286172965
"2020-04-21 00:00:00",-1.53890590957238,-0.22776667180482
"2020-04-21 01:00:00",-1.70184466288575,-0.109995099547791
"2020-04-21 02:00:00",-1.60831116237503,0.226965277183068
"2020-04-21 03:00:00",-1.56129254679275,-0.0731056284656606
"2020-04-21 04:00:00",-2.10933257539103,-0.836603223122196
"2020-04-21 05:00:00",-2.62774099606955,-0.278929627874311
"2020-04-21 06:00:00",-2.5360420905663,0.337809038663601
"2020-04-21 07:00:00",-2.05757773924692,0.552764588429144
"2020-04-21 08:00:00",-1.46641908841479,0.591314166202194
"2020-04-21 09:00:00",-0.777032793751259,0.723897035657543
"2020-04-21 10:00:00",-0.137337259488879,0.554165509715301
"2020-04-21 11:00:00",0.365332765365087,0.444630697865714
"2020-04-21 12:00:00",1.05213524375494,0.815140423393791
"2020-04-21 13:00:00",1.59777264413693,0.338687641199889
"2020-04-21 14:00:00",1.85912159413359,0.195312677421816
"2020-04-21 15:00:00",2.02407234906955,0.134475805723813
"2020-04-21 16:00:00",2.0896203873284,0.0138739588822371
"2020-04-21 17:00:00",2.10013188262267,0.00507771557451663
"2020-04-21 18:00:00",1.71027181827606,-0.637327786389444
"2020-04-21 19:00:00",1.44382128013504,-0.00874551094412906
"2020-04-21 20:00:00",1.56857984554963,0.205970829260867
"2020-04-21 21:00:00",1.72819143492579,0.119100046793531
"2020-04-21 22:00:00",1.07325496954246,-1.14205686075174
"2020-04-21 23:00:00",-0.109317531091816,-1.15477037703497
"2020-04-22 00:00:00",-0.836999429706109,-0.408241218971701
"2020-04-22 01:00:00",-1.01977632436775,-0.0227058925434204
"2020-04-22 02:00:00",-1.01267987060628,0.0279412090626991
"2020-04-22 03:00:00",-1.09723238368551,-0.154224243684086
"2020-04-22 04:00:00",-1.58775025706749,-0.689986852345533
"2020-04-22 05:00:00",-1.80479835133293,0.110599033396246
"2020-04-22 06:00:00",-1.2591336639817,0.812099571988935
"2020-04-22 07:00:00",-0.417799167677548,0.822466955940236
"2020-04-22 08:00:00",0.369358853965549,0.726752261129516
"2020-04-22 09:00:00",1.19100273091354,0.84538394127115
"2020-04-22 10:00:00",2.05917165272673,0.840569101903084
"2020-04-22 11:00:00",2.77414667734731,0.594618462427019
"2020-04-22 12:00:00",3.13713723449046,0.187750733611456
"2020-04-22 13:00:00",3.33520583130421,0.191492462169434
"2020-04-22 14:00:00",3.55443059586084,0.222997501887802
"2020-04-22 15:00:00",3.73134529152118,0.133206247945008
"2020-04-22 16:00:00",3.89626959822887,0.17342402929249
"2020-04-22 17:00:00",4.08952799570348,0.192276855119603
"2020-04-22 18:00:00",3.49841844422601,-1.09053892632196
"2020-04-22 19:00:00",2.84499653157487,-0.335473355573816
"2020-04-22 20:00:00",2.44534005956569,-0.427119124206615
"2020-04-22 21:00:00",1.92562614430457,-0.559897315444868
"2020-04-22 22:00:00",1.26772079645722,-0.694461045429128
"2020-04-22 23:00:00",0.612082337839256,-0.600235233116264
"2020-04-23 00:00:00",-0.0352405472358255,-0.64874248141494
"2020-04-23 01:00:00",-0.835342416641451,-0.862940684329328
"2020-04-23 02:00:00",-1.31232901952189,-0.195945717627244
"2020-04-23 03:00:00",-1.50786786356895,-0.184284657935271
"2020-04-23 04:00:00",-1.94900502133911,-0.589463675853087
"2020-04-23 05:00:00",-1.42072640344107,1.25083556510799
"2020-04-23 06:00:00",0.221551806587733,1.82702629726062
"2020-04-23 07:00:00",1.99690019519637,1.65624812711746
"2020-04-23 08:00:00",3.59651594531591,1.48327556140635
"2020-04-23 09:00:00",4.79505389749851,0.947127881485883
"2020-04-23 10:00:00",5.28161319177188,0.150218891232511
"2020-04-23 11:00:00",5.38666036799257,0.0631355707329832
"2020-04-23 12:00:00",5.85261359241451,0.705410760848275
"2020-04-23 13:00:00",6.27643843312127,0.2084225320246
"2020-04-23 14:00:00",6.36927961806802,0.00328871190273801
"2020-04-23 15:00:00",6.43481206463061,0.0957060822293807
"2020-04-23 16:00:00",6.61461136625716,0.219024681798054
"2020-04-23 17:00:00",6.70025538926503,-0.0158682208423402
"2020-04-23 18:00:00",4.90910243772276,-2.89817557445352
"2020-04-23 19:00:00",3.22403070171123,-0.802601842009909
"2020-04-23 20:00:00",2.39613021459955,-0.809579138232948
"2020-04-23 21:00:00",1.82281337392406,-0.391655301034784
"2020-04-23 22:00:00",2.25340357449538,0.955934359699581
"2020-04-23 23:00:00",2.69356137200498,0.0724928290530175
"2020-04-24 00:00:00",1.85245364185848,-1.41366648280229
"2020-04-24 01:00:00",0.673667639853378,-0.968573573323706
"2020-04-24 02:00:00",-0.119552147444896,-0.639494030900805
"2020-04-24 03:00:00",-0.602198003737978,-0.354993099559094
"2020-04-24 04:00:00",-0.596490348443197,0.246675524416139
"2020-04-24 05:00:00",0.345003949911838,1.3607284121739
"2020-04-24 06:00:00",1.66760222313238,1.23388502003917
"2020-04-24 07:00:00",2.57085462746715,0.637763549312845
"2020-04-24 08:00:00",2.55318630209667,-0.457088724031932
"2020-04-24 09:00:00",4.21264400967123,2.98831841250298
"2020-04-24 10:00:00",6.22123967868896,1.25458264849755
"2020-04-24 11:00:00",7.04759688823532,0.493593785410129
"2020-04-24 12:00:00",7.53010818971011,0.443112974214963
"2020-04-24 13:00:00",7.78897276893906,0.114030049997985
"2020-04-24 14:00:00",6.9648443674994,-1.42043157713029
"2020-04-24 15:00:00",6.61602639981666,0.373179761819729
"2020-04-24 16:00:00",6.2663851050519,-0.823424503587376
"2020-04-24 17:00:00",5.73204944901032,-0.324296566396592
"2020-04-24 18:00:00",4.99243925802385,-0.988721751721841
"2020-04-24 19:00:00",4.26891285629474,-0.518784217384487
"2020-04-24 20:00:00",3.62243589014634,-0.706384758393352
"2020-04-24 21:00:00",2.7383111752845,-0.965270832359581
"2020-04-24 22:00:00",1.44974903617039,-1.44638296354733
"2020-04-24 23:00:00",-0.0446405090471797,-1.45724910144245
"2020-04-25 00:00:00",-0.714953783119384,-0.113787881264824
"2020-04-25 01:00:00",-0.206039792738563,0.900779572007838
"2020-04-25 02:00:00",0.539845356033739,0.607445465306846
"2020-04-25 03:00:00",0.949705367169674,0.257966675860878
"2020-04-25 04:00:00",0.693189722143884,-0.58853238651166
"2020-04-25 05:00:00",0.243468976242019,-0.336704017547693
"2020-04-25 06:00:00",-0.226211943910891,-0.536325487060181
"2020-04-25 07:00:00",-1.1859043354179,-1.19603676028921
"2020-04-25 08:00:00",-1.4613660085844,0.352862586201108
"2020-04-25 09:00:00",-1.30367665570434,0.0219658774904157
"2020-04-25 10:00:00",-1.48271715791883,-0.302854687637682
"2020-04-25 11:00:00",-1.43742715669584,0.27714100674713
"2020-04-25 12:00:00",-1.46631265129238,-0.229674829624646
"2020-04-25 13:00:00",-2.04926487414152,-0.788875503263041
"2020-04-25 14:00:00",-2.6304878878804,-0.412530343895612
"2020-04-25 15:00:00",-2.84823171274986,-0.0741516596231788
"2020-04-25 16:00:00",-2.5582972700056,0.522547127055122
"2020-04-25 17:00:00",-1.88638594658237,0.742853586981575
"2020-04-25 18:00:00",-1.25584339730755,0.528137602356113
"2020-04-25 19:00:00",-0.916411138645078,0.199119495167901
"2020-04-25 20:00:00",-0.298822652978104,0.86839657054406
"2020-04-25 21:00:00",0.70939312788303,1.05390230718365
"2020-04-25 22:00:00",0.934139097591804,-0.339609479281091
"2020-04-25 23:00:00",0.429759149253421,-0.591460986781561
"2020-04-26 00:00:00",0.395973870704889,0.33904390887813
"2020-04-26 01:00:00",-0.300049798738652,-1.35349270553345
"2020-04-26 02:00:00",-0.412299962950201,0.720951568579971
"2020-04-26 03:00:00",-0.0783654546614416,0.0605904325828431
"2020-04-26 04:00:00",-0.536299617276831,-0.781749661994726
"2020-04-26 05:00:00",-0.654897663006772,0.329822331927474
"2020-04-26 06:00:00",0.00175056275518926,0.844168867141042
"2020-04-26 07:00:00",0.79300693135789,0.718379716280992
"2020-04-26 08:00:00",1.26999606268265,0.292376713820769
"2020-04-26 09:00:00",1.19531636390273,-0.317467615912979
"2020-04-26 10:00:00",1.08106042896551,0.0251053172442161
"2020-04-26 11:00:00",0.625222161494844,-0.756193810271156
"2020-04-26 12:00:00",0.781749751056321,0.756754484125013
"2020-04-26 13:00:00",1.09299235688142,-0.00155769841693815
"2020-04-26 14:00:00",1.30520975263317,0.343238855749194
"2020-04-26 15:00:00",1.4314283148187,-0.0261388994749168
"2020-04-26 16:00:00",1.3457258922941,-0.123182774659328
"2020-04-26 17:00:00",1.56440668825584,0.434460321618583
"2020-04-26 18:00:00",1.57909476025544,-0.267869217457023
"2020-04-26 19:00:00",0.959539365301787,-0.826602822343674
"2020-04-26 20:00:00",-0.198465826925291,-1.32514516522584
"2020-04-26 21:00:00",-0.817929863627331,-0.119325631533181
"2020-04-26 22:00:00",-1.37837104170391,-0.826827450733424
"2020-04-26 23:00:00",-0.723171628976182,1.61384212189328
"2020-04-27 00:00:00",-2.1211043079385,-3.33838785447752
"2020-04-27 01:00:00",-4.02098051274228,-0.847870513707835
"2020-04-27 02:00:00",-2.77707245048504,2.5844752374318
"2020-04-27 03:00:00",-1.67717937176427,0.0615006875120314
"2020-04-27 04:00:00",-3.30565086142753,-2.67555543120772
"2020-04-27 05:00:00",-3.74446007381487,1.07744129633889
"2020-04-27 06:00:00",-2.0551809826531,2.02171569511273
"2020-04-27 07:00:00",-0.182799692773406,1.68650064513749
"2020-04-27 08:00:00",1.3397176066233,1.34108342902968
"2020-04-27 09:00:00",2.55479897147165,1.0716151695043
"2020-04-27 10:00:00",3.57022801572423,0.926427622505335
"2020-04-27 11:00:00",4.50241422369044,0.887127730315791
"2020-04-27 12:00:00",5.61716965078934,1.20773040603249
"2020-04-27 13:00:00",6.75594012479585,1.0314460620943
"2020-04-27 14:00:00",7.05107181668062,-0.218466397340467
"2020-04-27 15:00:00",6.69573975550667,-0.438775123391883
"2020-04-27 16:00:00",6.53833230217146,0.0290196212464274
"2020-04-27 17:00:00",6.30302662891449,-0.408763248557591
"2020-04-27 18:00:00",7.10363082466607,1.5606692752405
"2020-04-27 19:00:00",6.00503363469674,-2.82836059603136
"2020-04-27 20:00:00",4.52015646082774,-0.526414356319034
"2020-04-27 21:00:00",4.47324429286337,0.269155134017965
"2020-04-27 22:00:00",4.1788370006481,-0.661883380825222
"2020-04-27 23:00:00",3.58586106328355,-0.524245414328967
"2020-04-28 00:00:00",2.92480489257732,-0.725469559903946
"2020-04-28 01:00:00",1.9372769322187,-1.11907280324608
"2020-04-28 02:00:00",0.98119123246496,-0.804493256919737
"2020-04-28 03:00:00",0.788190758469976,0.222561387281335
"2020-04-28 04:00:00",0.707948939301304,-0.279309829296214
"2020-04-28 05:00:00",2.0318668786938,2.32889438826937
"2020-04-28 06:00:00",4.60888682074323,2.6173575945947
"2020-04-28 07:00:00",6.67379554932691,1.59255358564167
"2020-04-28 08:00:00",7.54511348190822,0.340498002801693
"2020-04-28 09:00:00",7.69157063318009,0.000416621045216559
"2020-04-28 10:00:00",7.77237443138662,0.120643274405403
"2020-04-28 11:00:00",7.97046074756641,0.230285755353575
"2020-04-28 12:00:00",8.05764580184374,-0.0226274786097874
"2020-04-28 13:00:00",8.14681986829745,0.149086627798518
"2020-04-28 14:00:00",7.93186743150818,-0.457924597469987
"2020-04-28 15:00:00",7.08751152420341,-1.07207014390837
"2020-04-28 16:00:00",6.51242877154044,-0.225568801738962
"2020-04-28 17:00:00",6.15158187616406,-0.442275440901468
"2020-04-28 18:00:00",5.53773473269357,-0.70698362421565
"2020-04-28 19:00:00",3.70980166763995,-2.49549375169488
"2020-04-28 20:00:00",2.26240780254087,-0.684673631375472
"2020-04-28 21:00:00",1.67213500222139,-0.502205921968492
"2020-04-28 22:00:00",1.56083768024943,0.152438075728269
"2020-04-28 23:00:00",1.5102074718362,-0.185612148876657
"2020-04-29 00:00:00",0.55319872957152,-1.42773404791382
"2020-04-29 01:00:00",0.251333450337439,0.462332801855551
"2020-04-29 02:00:00",0.72320798260954,0.455488536654937
"2020-04-29 03:00:00",1.09505624919824,0.297487116196627
"2020-04-29 04:00:00",1.25069082587083,0.0522610764161837
"2020-04-29 05:00:00",1.06630698114099,-0.334994290621426
"2020-04-29 06:00:00",0.566270424907235,-0.587675495476595
"2020-04-29 07:00:00",-0.551157447693904,-1.41822039114395
"2020-04-29 08:00:00",-1.92970183928074,-1.28587641001271
"2020-04-29 09:00:00",-2.93742544151011,-0.771918549587221
"2020-04-29 10:00:00",-3.08031464102211,0.287031765665631
"2020-04-29 11:00:00",-2.10084372535251,1.39851466108531
"2020-04-29 12:00:00",-0.664361594325227,1.39623978016057
"2020-04-29 13:00:00",-0.0695771432942723,0.0330822522186986
"2020-04-29 14:00:00",0.319599842451211,0.608165676884485
"2020-04-29 15:00:00",0.404087153832214,-0.269052312910477
"2020-04-29 16:00:00",-0.00609849806461027,-0.485301899896207
"2020-04-29 17:00:00",-0.0636652437189254,0.230328594974234
"2020-04-29 18:00:00",-0.00523315121077803,-0.0588582546318121
"2020-04-29 19:00:00",-0.0367291576422154,-0.0117514027053485
"2020-04-29 20:00:00",0.46365195141182,0.818066550341048
"2020-04-29 21:00:00",0.995906238414113,0.31582615875383
"2020-04-29 22:00:00",1.29647746608987,0.274835173616038
"2020-04-29 23:00:00",1.34265742966495,-0.110119342756539
"2020-04-30 00:00:00",1.59433585967873,0.479183126687072
"2020-04-30 01:00:00",1.18227971479549,-0.988679422886709
"2020-04-30 02:00:00",0.831128362181214,0.0890231797373094
"2020-04-30 03:00:00",0.820463587517058,-0.0776864922420279
"2020-04-30 04:00:00",0.752859155415644,-0.0587278989832269
"2020-04-30 05:00:00",1.14157417200854,0.66756363058457
"2020-04-30 06:00:00",1.80325373738497,0.624843306422233
"2020-04-30 07:00:00",2.15318351812267,0.14770509303958
"2020-04-30 08:00:00",2.25449536841937,0.0627946879055784
"2020-04-30 09:00:00",1.62018838814277,-1.07179683981135
"2020-04-30 10:00:00",1.46255450228865,0.457200670771774
"2020-04-30 11:00:00",1.49549524764986,-0.253344386386676
"2020-04-30 12:00:00",0.605379584269145,-1.27425203381658
"2020-04-30 13:00:00",-0.97112160890731,-1.70386299143241
"2020-04-30 14:00:00",-1.1199601681546,0.896150960562113
"2020-04-30 15:00:00",-0.193197480182522,0.904574169697873
"2020-04-30 16:00:00",0.984412760204238,1.3039208811499
"2020-04-30 17:00:00",2.12490272927234,0.976074009876052
"2020-04-30 18:00:00",2.09428289143071,-0.703020825982565
"2020-04-30 19:00:00",1.27931459030008,-0.853570603160021
"2020-04-30 20:00:00",1.03025345570493,0.164125068598332
"2020-04-30 21:00:00",1.80683326009633,1.14664590375263
"2020-04-30 22:00:00",2.52621183508037,0.398025821015228
"2020-04-30 23:00:00",3.33775179778598,1.04539227240109
"2020-05-01 00:00:00",3.93747711655143,0.269819466511549
"2020-05-01 01:00:00",3.92544159788539,-0.20443756035842
"2020-05-01 02:00:00",2.96933667721763,-1.41683283588651
"2020-05-01 03:00:00",1.97333451862385,-0.671950009946208
"2020-05-01 04:00:00",1.40652596881467,-0.472323880683313
"2020-05-01 05:00:00",1.44967108386782,0.382922629642962
"2020-05-01 06:00:00",1.79455906231766,0.301275078206847
"2020-05-01 07:00:00",1.70778808805304,-0.343653127974746
"2020-05-01 08:00:00",1.22343699729005,-0.55733274223679
"2020-05-01 09:00:00",0.642853680928273,-0.570071006569024
"2020-05-01 10:00:00",0.602471055598639,0.313827568611814
"2020-05-01 11:00:00",0.197468220437309,-0.865745867710985
"2020-05-01 12:00:00",-0.831922983562533,-1.08982469832003
"2020-05-01 13:00:00",-2.25069152051707,-1.56956973972122
"2020-05-01 14:00:00",-2.43510473391891,0.750672283770765
"2020-05-01 15:00:00",-1.08319284546739,1.69162739482068
"2020-05-01 16:00:00",0.0866829426354801,0.767851317735616
"2020-05-01 17:00:00",-0.842192157670383,-2.01597906899523
"2020-05-01 18:00:00",-1.63287810159854,0.0648204589610182
"2020-05-01 19:00:00",-1.49222529156249,0.186627244336767
"2020-05-01 20:00:00",-0.983053956115135,0.701924473720308
"2020-05-01 21:00:00",-0.568464047600597,0.20460248408646
"2020-05-01 22:00:00",-0.552458896487359,-0.109752312227224
"2020-05-01 23:00:00",-0.4947076206829,0.167386038747053
"2020-05-02 00:00:00",-0.566917492979144,-0.227868933745677
"2020-05-02 01:00:00",-0.859989746300954,-0.321883265448494
"2020-05-02 02:00:00",-0.972593046750261,0.0333733323811638
"2020-05-02 03:00:00",-0.842676943152669,0.189356612119542
"2020-05-02 04:00:00",-0.914698387663712,-0.241762253001799
"2020-05-02 05:00:00",-0.895826937933633,0.192906230470243
"2020-05-02 06:00:00",-0.62102321167208,0.317496995764667
"2020-05-02 07:00:00",-0.474575962474487,0.0262571818229233
"2020-05-02 08:00:00",-0.613455898111249,-0.241758463793012
"2020-05-02 09:00:00",-1.84060602510466,-1.82496291168372
"2020-05-02 10:00:00",-3.07737673422425,-0.783506859066793
"2020-05-02 11:00:00",-3.29730293050077,0.170204137749592
"2020-05-02 12:00:00",-2.40681751499955,1.33259840947069
"2020-05-02 13:00:00",-4.01656547777248,-3.49168343702321
"2020-05-02 14:00:00",-6.30063172268856,-1.36528864241168
"2020-05-02 15:00:00",-6.6789716185807,0.305712243933708
"2020-05-02 16:00:00",-6.00529092583473,0.895582463878411
"2020-05-02 17:00:00",-5.30198902345559,0.549434966477544
"2020-05-02 18:00:00",-4.53940524333782,0.875275215164364
"2020-05-02 19:00:00",-4.08917576383953,0.15132528988007
"2020-05-02 20:00:00",-3.86073381226426,0.274266069374449
"2020-05-02 21:00:00",-3.29030454441135,0.745736553974971
"2020-05-02 22:00:00",-2.80163087632618,0.298319722358518
"2020-05-02 23:00:00",-2.53832553371468,0.231060886232849
"2020-05-03 00:00:00",-2.27645089998146,0.273243545647408
"2020-05-03 01:00:00",-2.11599145575298,0.0805798098339629
"2020-05-03 02:00:00",-2.22510346896243,-0.22765949994864
"2020-05-03 03:00:00",-2.45886775066988,-0.223858480335388
"2020-05-03 04:00:00",-2.67345739184708,-0.19504487146724
"2020-05-03 05:00:00",-2.47015735918871,0.462643129973752
"2020-05-03 06:00:00",-2.20185032311631,0.129185087130761
"2020-05-03 07:00:00",-2.62510131642037,-0.768585575757848
"2020-05-03 08:00:00",-3.20161654979109,-0.417692176316102
"2020-05-03 09:00:00",-3.51905054054871,-0.231386482301915
"2020-05-03 10:00:00",-3.65846179107516,-0.0669361000107643
"2020-05-03 11:00:00",-3.71896725590172,-0.0486289884639357
"2020-05-03 12:00:00",-3.80522227790186,-0.102447591955953
"2020-05-03 13:00:00",-3.93133211933311,-0.130988356187343
"2020-05-03 14:00:00",-3.76778528523454,0.357194564171958
"2020-05-03 15:00:00",-3.7192050054556,-0.154612449240741
"2020-05-03 16:00:00",-3.84291685415641,-0.092440537789267
"2020-05-03 17:00:00",-3.498010112447,0.625028883487954
"2020-05-03 18:00:00",-3.39388633618181,-0.243580797057056
"2020-05-03 19:00:00",-3.83180999492013,-0.54230017764214
"2020-05-03 20:00:00",-3.31128314715624,1.20926876859718
"2020-05-03 21:00:00",-2.43586961352362,0.615514957357863
"2020-05-03 22:00:00",-1.97607051672469,0.337279772015582
"2020-05-03 23:00:00",-2.15809549213529,-0.517026220228759
"2020-05-04 00:00:00",-2.00086325464178,0.602039612248737
"2020-05-04 01:00:00",-2.07321670703736,-0.515924732754962
"2020-05-04 02:00:00",-2.878592211357,-0.957396957889264
"2020-05-04 03:00:00",-2.04138442830756,1.99751647768816
"2020-05-04 04:00:00",-1.84695167043066,-1.01421152867485
"2020-05-04 05:00:00",-2.12515106766097,0.228066889980505
"2020-05-04 06:00:00",-1.94798479733246,0.137552730852573
"2020-05-04 07:00:00",-1.67339041984577,0.355415546701908
"2020-05-04 08:00:00",-1.62581516008259,-0.15775254988077
"2020-05-04 09:00:00",-2.38260427054287,-1.11808291378534
"2020-05-04 10:00:00",-4.83454580394561,-3.2215806766241
"2020-05-04 11:00:00",-6.80678441686203,-1.03940870248725
"2020-05-04 12:00:00",-7.85657746355785,-0.998059142189231
"2020-05-04 13:00:00",-8.43316000943858,-0.258080116408939
"2020-05-04 14:00:00",-8.67077525591344,-0.201813973505238
"2020-05-04 15:00:00",-8.90597299940348,-0.235103644947268
"2020-05-04 16:00:00",-8.83900844988766,0.276634026116674
"2020-05-04 17:00:00",-7.97584568324006,1.2245482826632
"2020-05-04 18:00:00",-6.8351418000184,1.04088068685929
"2020-05-04 19:00:00",-6.32609570147874,0.139113892582683
"2020-05-04 20:00:00",-6.36195721501008,-0.142653916215414
"2020-05-04 21:00:00",-6.66133515082083,-0.38143461124379
"2020-05-04 22:00:00",-6.96660082057013,-0.231397438227644
"2020-05-04 23:00:00",-6.99907338466948,0.110661982918343
"2020-05-05 00:00:00",-7.12789037882937,-0.273326669495369
"2020-05-05 01:00:00",-7.23670160003685,0.0152194974419628
"2020-05-05 02:00:00",-7.10788250067218,0.20775466801545
"2020-05-05 03:00:00",-7.02331407507299,0.00758620196367316
"2020-05-05 04:00:00",-7.12755761438416,-0.164791641508936
"2020-05-05 05:00:00",-6.55377908365704,1.04806927194618
"2020-05-05 06:00:00",-5.54116013923131,0.949311962234923
"2020-05-05 07:00:00",-4.86901596319644,0.462569232201659
"2020-05-05 08:00:00",-5.00818958630628,-0.527441108952535
"2020-05-05 09:00:00",-5.62005972094823,-0.632625993140339
"2020-05-05 10:00:00",-6.02770853514379,-0.231053370415706
"2020-05-05 11:00:00",-6.20204852632309,-0.120479907751897
"2020-05-05 12:00:00",-8.69354835849123,-3.94576664853987
"2020-05-05 13:00:00",-9.51126816639542,1.3176694764066
"2020-05-05 14:00:00",-8.29506769188674,1.10301873110488
"2020-05-05 15:00:00",-7.81241963938072,0.0568284568123939
"2020-05-05 16:00:00",-7.90003397194495,-0.169677470384107
"2020-05-05 17:00:00",-8.02596426631451,-0.0806019275163231
"2020-05-05 18:00:00",-7.86841544625165,0.319168904252984
"2020-05-05 19:00:00",-7.61585492061113,0.206293382866677
"2020-05-05 20:00:00",-7.68062809178663,-0.232589414348501
"2020-05-05 21:00:00",-7.98853435477278,-0.333587914688819
"2020-05-05 22:00:00",-8.10096224452031,0.0506461252611273
"2020-05-05 23:00:00",-7.72356530232298,0.58773234106567
"2020-05-06 00:00:00",-6.87704800582595,0.988764277490403
"2020-05-06 01:00:00",-6.08407660730814,0.633625262788972
"2020-05-06 02:00:00",-5.4756815805108,0.570504527919618
"2020-05-06 03:00:00",-4.94082656625279,0.492729046673398
"2020-05-06 04:00:00",-4.70314039298953,0.0627324996704003
"2020-05-06 05:00:00",-4.38668132939514,0.476629760742923
"2020-05-06 06:00:00",-4.03343436267161,0.259859751341274
"2020-05-06 07:00:00",-3.7463386949157,0.296807502684527
"2020-05-06 08:00:00",-3.30583367562391,0.520196744067482
"2020-05-06 09:00:00",-2.86117959436335,0.377423364444987
"2020-05-06 10:00:00",-2.66205230533087,0.074489751584316
"2020-05-06 11:00:00",-2.48061065604318,0.247550027153294
"2020-05-06 12:00:00",-2.11525202888592,0.429731262670266
"2020-05-06 13:00:00",-2.00972247872365,-0.112890261758392
"2020-05-06 14:00:00",-2.20946448482797,-0.245560858489352
"2020-05-06 15:00:00",-2.50155272831503,-0.306379023717729
"2020-05-06 16:00:00",-2.46913888052381,0.259955147458578
"2020-05-06 17:00:00",-2.17606122040291,0.304413821403805
"2020-05-06 18:00:00",-2.28711690928906,-0.379949320605998
"2020-05-06 19:00:00",-2.94486975028595,-0.808748894961821
"2020-05-06 20:00:00",-3.17738716008403,0.166474241640657
"2020-05-06 21:00:00",-3.04662901262619,0.10482864479457
"2020-05-06 22:00:00",-3.10216874736389,-0.155885094450788
"2020-05-06 23:00:00",-3.35819102663934,-0.306615818292531
"2020-05-07 00:00:00",-3.58932413464471,-0.165501505042835
"2020-05-07 01:00:00",-3.80370791090362,-0.232158839285818
"2020-05-07 02:00:00",-3.92543562413546,-0.037422343339081
"2020-05-07 03:00:00",-4.06034344314013,-0.188428005000084
"2020-05-07 04:00:00",-4.06484939659804,0.123552935004348
"2020-05-07 05:00:00",-3.78933149433407,0.36897168086065
"2020-05-07 06:00:00",-3.63019017828146,0.0165773947448195
"2020-05-07 07:00:00",-3.73882941220489,-0.182275260898802
"2020-05-07 08:00:00",-4.61155938765769,-1.28673592780023
"2020-05-07 09:00:00",-5.64164992257888,-0.80410482418847
"2020-05-07 10:00:00",-6.06820718206932,-0.147323607019597
"2020-05-07 11:00:00",-5.86429470129632,0.436195588280502
"2020-05-07 12:00:00",-5.97245759415622,-0.458365874303163
"2020-05-07 13:00:00",-5.64587828088642,0.842044499631058
"2020-05-07 14:00:00",-4.60325633272158,1.13406851531871
"2020-05-07 15:00:00",-3.50683530465971,1.02515364120799
"2020-05-07 16:00:00",-2.57543278767604,0.829162068188939
"2020-05-07 17:00:00",-1.79567529959639,0.713086775155249
"2020-05-07 18:00:00",-2.26582816179178,-1.2343106865363
"2020-05-07 19:00:00",-2.01117604609258,1.23809602933292
"2020-05-07 20:00:00",-2.58299406753096,-1.74864296683807
"2020-05-07 21:00:00",-3.70738966081929,-0.651478724323622
"2020-05-07 22:00:00",-4.13926522297994,-0.260176154473211
"2020-05-07 23:00:00",-4.34568526522674,-0.155440453245177
"2020-05-08 00:00:00",-4.09854687413652,0.509375722423867
"2020-05-08 01:00:00",-3.93905743505562,-0.0760616046390552
"2020-05-08 02:00:00",-4.14694493366272,-0.280815409191887
"2020-05-08 03:00:00",-4.03551671275312,0.372968290066644
"2020-05-08 04:00:00",-4.1613616482894,-0.44720124279968
"2020-05-08 05:00:00",-3.27504930711307,1.73855168340422
"2020-05-08 06:00:00",-1.6026138219659,1.55310592002195
"2020-05-08 07:00:00",-0.113978548036279,1.37698169984007
"2020-05-08 08:00:00",0.991490347422314,0.872079121038286
"2020-05-08 09:00:00",1.70913687469514,0.579313473931384
"2020-05-08 10:00:00",2.27827799469094,0.533112058850245
"2020-05-08 11:00:00",2.72708295278569,0.368338472463948
"2020-05-08 12:00:00",3.02306498202664,0.230166233139216
"2020-05-08 13:00:00",3.16305961313705,0.0693332830537292
"2020-05-08 14:00:00",2.98604804626906,-0.33690311859024
"2020-05-08 15:00:00",2.61292486974896,-0.383386708473013
"2020-05-08 16:00:00",2.27365959744764,-0.297096814869216
"2020-05-08 17:00:00",2.09262293662281,-0.0979916153129758
"2020-05-08 18:00:00",1.38857151743535,-1.07732492986812
"2020-05-08 19:00:00",0.192398915619348,-1.22035099730739
"2020-05-08 20:00:00",-0.836729063017392,-0.852992546310911
"2020-05-08 21:00:00",-1.84259668145842,-1.05890622162308
"2020-05-08 22:00:00",-2.54203165801082,-0.424180469798819
"2020-05-08 23:00:00",-2.96140418478607,-0.392963321786293
"2020-05-09 00:00:00",-2.26273882131329,1.39702143727327
"2020-05-09 01:00:00",-1.32160557817208,0.595406628498365
"2020-05-09 02:00:00",-1.6571200246718,-0.938471555630013
"2020-05-09 03:00:00",-2.03972025928897,0.00829065426308684
"2020-05-09 04:00:00",-2.0152141706517,0.0367800564804887
"2020-05-09 05:00:00",-0.957322955354984,1.69094696187468
"2020-05-09 06:00:00",0.852370390765894,1.80409440118096
"2020-05-09 07:00:00",2.5274552450776,1.50838262777057
"2020-05-09 08:00:00",3.49428122729094,0.55659450674402
"2020-05-09 09:00:00",3.68543195967119,-0.0660604061776746
"2020-05-09 10:00:00",3.66540354810265,0.00686177155494093
"2020-05-09 11:00:00",3.78587712658734,0.185765452220636
"2020-05-09 12:00:00",4.19202371324051,0.528886568926822
"2020-05-09 13:00:00",4.51480785761663,0.164644532950753
"2020-05-09 14:00:00",4.55113655995022,-0.0567578164992065
"2020-05-09 15:00:00",4.3169085988784,-0.347273602662819
"2020-05-09 16:00:00",4.3629123945962,0.300435473887267
"2020-05-09 17:00:00",4.48322685382787,-0.0111034822812266
"2020-05-09 18:00:00",4.19429815504981,-0.466189738241102
"2020-05-09 19:00:00",3.00921795269054,-1.61342291214508
"2020-05-09 20:00:00",2.38966748134343,0.0685829263474238
"2020-05-09 21:00:00",2.71748659895016,0.481983253715733
"2020-05-09 22:00:00",2.92683057839884,0.0141379041509478
"2020-05-09 23:00:00",2.79769197998383,-0.222289569502127
"2020-05-10 00:00:00",3.08567210205283,0.610864439868928
"2020-05-10 01:00:00",3.07083227015669,-0.435239963497807
"2020-05-10 02:00:00",2.6577564905368,-0.382627872464338
"2020-05-10 03:00:00",2.45589355132374,-0.0751873979076984
"2020-05-10 04:00:00",2.50544140226423,0.12718414152184
"2020-05-10 05:00:00",3.30528239789492,1.20703488421852
"2020-05-10 06:00:00",4.50066629866963,1.12655366270522
"2020-05-10 07:00:00",5.59766371206915,1.01936542942851
"2020-05-10 08:00:00",6.31588303858915,0.476116207073921
"2020-05-10 09:00:00",6.79929580609935,0.457166975495006
"2020-05-10 10:00:00",7.27608442678825,0.458451264508648
"2020-05-10 11:00:00",7.69196874955055,0.358368355060305
"2020-05-10 12:00:00",7.5192566308845,-0.528464449209139
"2020-05-10 13:00:00",6.67943380057826,-1.01717301451736
"2020-05-10 14:00:00",5.9565096271026,-0.501015793959368
"2020-05-10 15:00:00",5.33172161020923,-0.685287444230506
"2020-05-10 16:00:00",5.04142124313897,-0.0200556483001458
"2020-05-10 17:00:00",4.5023689623501,-0.865925120390193
"2020-05-10 18:00:00",3.85585476572313,-0.475322514982548
"2020-05-10 19:00:00",3.37152829731734,-0.472282757710844
"2020-05-10 20:00:00",3.26072886005814,0.131105949175901
"2020-05-10 21:00:00",3.69021065341822,0.603785199266869
"2020-05-10 22:00:00",4.39712158919699,0.737313121514257
"2020-05-10 23:00:00",4.99961938335023,0.478326009448307
"2020-05-11 00:00:00",5.00719851640307,-0.313049454169728
"2020-05-11 01:00:00",3.13157630510854,-2.83464365920652
"2020-05-11 02:00:00",1.38675447938806,-0.939408746896161
"2020-05-11 03:00:00",0.406069440763902,-0.963387544211851
"2020-05-11 04:00:00",-0.725691820506312,-1.19075119943386
"2020-05-11 05:00:00",-1.95979693936351,-1.20342823772352
"2020-05-11 06:00:00",-3.54813882318279,-1.7669442706621
"2020-05-11 07:00:00",-5.41107779663659,-1.83383658094921
"2020-05-11 08:00:00",-6.99788967141583,-1.33975455055635
"2020-05-11 09:00:00",-8.89943308275958,-2.17668541432427
"2020-05-11 10:00:00",-10.8816835917856,-1.74696639001303
"2020-05-11 11:00:00",-12.3430516681681,-1.1875070585709
"2020-05-11 12:00:00",-13.4965968238733,-1.06018334301218
"2020-05-11 13:00:00",-14.4108588368677,-0.756145972258029
"2020-05-11 14:00:00",-15.1131338458973,-0.614420213867302
"2020-05-11 15:00:00",-15.7045154445799,-0.528445989686074
"2020-05-11 16:00:00",-16.1253654569603,-0.308885281517716
"2020-05-11 17:00:00",-15.6808097887553,0.946495216819682
"2020-05-11 18:00:00",-14.389934608388,1.47932260472466
"2020-05-11 19:00:00",-12.7971804655509,1.61123004346098
"2020-05-11 20:00:00",-11.7671998639452,0.610033901366495
"2020-05-11 21:00:00",-11.4344415943267,0.147261677783251
"2020-05-11 22:00:00",-11.3601663848731,0.0368232481731923
"2020-05-11 23:00:00",-11.4128220012916,-0.095166362064674
"2020-05-12 00:00:00",-11.6295439140334,-0.272752577415357
"2020-05-12 01:00:00",-11.8530412585408,-0.165054848034445
"2020-05-12 02:00:00",-11.6976497887789,0.376908410315027
"2020-05-12 03:00:00",-11.4561652198545,0.154801883812051
"2020-05-12 04:00:00",-11.0998769512557,0.48844202876557
"2020-05-12 05:00:00",-9.99997750857862,1.4695675638745
"2020-05-12 06:00:00",-8.79134160457413,0.990136731930152
"2020-05-12 07:00:00",-8.28161142603608,0.176570992931196
"2020-05-12 08:00:00",-8.13392301656766,0.132087269581915
"2020-05-12 09:00:00",-8.16665205963881,-0.130568125884979
"2020-05-12 10:00:00",-8.08973048759863,0.22211394680101
"2020-05-12 11:00:00",-9.23093623706889,-1.98541642228405
"2020-05-12 12:00:00",-10.8151270229523,-1.22953687940779
"2020-05-12 13:00:00",-11.1459585258186,0.297952509153813
"2020-05-12 14:00:00",-10.7869897523186,0.396950263444986
"2020-05-12 15:00:00",-10.7388060361393,-0.17271297465941
"2020-05-12 16:00:00",-10.5797564924821,0.386500862338706
"2020-05-12 17:00:00",-9.75027207102205,1.09901826180652
"2020-05-12 18:00:00",-8.74466019644073,0.908120131031677
"2020-05-12 19:00:00",-7.96539537007697,0.667600909981521
"2020-05-12 20:00:00",-7.16805486972304,0.85620716369682
"2020-05-12 21:00:00",-7.10774186545607,-0.463903440319403
"2020-05-12 22:00:00",-7.10179375876897,0.328053529460079
"2020-05-12 23:00:00",-7.17205124939607,-0.323303748966938
"2020-05-13 00:00:00",-6.56440174207877,1.20864127631957
"2020-05-13 01:00:00",-6.04182507475855,0.0488343479129671
"2020-05-13 02:00:00",-5.74127751312924,0.461857175603382
"2020-05-13 03:00:00",-5.38722116095004,0.272764006797968
"2020-05-13 04:00:00",-5.67210482760873,-0.636163057135693
"2020-05-13 05:00:00",-5.83827484165818,0.162358724676259
"2020-05-13 06:00:00",-5.42200103364843,0.573289779451549
"2020-05-13 07:00:00",-5.12597805537811,0.104101515220869
"2020-05-13 08:00:00",-5.48544748290592,-0.644824427429728
"2020-05-13 09:00:00",-6.00832906712876,-0.409672209613583
"2020-05-13 10:00:00",-6.27042521441058,-0.143516822307361
"2020-05-13 11:00:00",-6.59129103497757,-0.415769106524015
"2020-05-13 12:00:00",-6.82059440845127,-0.085605129059345
"2020-05-13 13:00:00",-6.84484704319291,0.0265897943518193
"2020-05-13 14:00:00",-7.02216713925348,-0.296011347109953
"2020-05-13 15:00:00",-7.08740558112658,0.10075638280899
"2020-05-13 16:00:00",-6.79068274350954,0.422397653034694
"2020-05-13 17:00:00",-6.07393798396743,0.887664039477595
"2020-05-13 18:00:00",-5.63679118135565,0.123860971955526
"2020-05-13 19:00:00",-5.91224770097273,-0.521310617582121
"2020-05-13 20:00:00",-6.47287426517182,-0.552577641414697
"2020-05-13 21:00:00",-7.28117337258434,-0.932026430204337
"2020-05-13 22:00:00",-8.04149206364253,-0.600336456920883
"2020-05-13 23:00:00",-8.44135048824223,-0.236845416171957
"2020-05-14 00:00:00",-7.75531386695225,1.27955837693824
"2020-05-14 01:00:00",-6.79445812967497,0.712725120423259
"2020-05-14 02:00:00",-6.29302543158144,0.345501014893627
"2020-05-14 03:00:00",-6.12995373843134,0.0418143050923846
"2020-05-14 04:00:00",-6.2318273276679,-0.184923899726116
"2020-05-14 05:00:00",-6.14328529358691,0.274672418692471
"2020-05-14 06:00:00",-5.84394194558523,0.309481963275751
"2020-05-14 07:00:00",-5.5528581394456,0.27251693824568
"2020-05-14 08:00:00",-5.43234568032411,0.0206065675738475
"2020-05-14 09:00:00",-5.79126125206359,-0.587870518433724
"2020-05-14 10:00:00",-6.14234236601783,-0.169078437525486
"2020-05-14 11:00:00",-5.94066140992703,0.447180951610012
"2020-05-14 12:00:00",-5.87049992813427,-0.176859499135975
"2020-05-14 13:00:00",-6.44114595507148,-0.798484506351499
"2020-05-14 14:00:00",-6.79910424045605,-0.0389691241132226
"2020-05-14 15:00:00",-7.6385684737371,-1.32446651801654
"2020-05-14 16:00:00",-7.65535993609976,0.865618111448689
"2020-05-14 17:00:00",-6.8159636710251,0.7918924222822
"2020-05-14 18:00:00",-6.65757122433678,-0.262677414689032
"2020-05-14 19:00:00",-7.42322843923999,-1.05600895530638
"2020-05-14 20:00:00",-8.31491040946388,-0.730194805457439
"2020-05-14 21:00:00",-8.87602344722372,-0.411015477206967
"2020-05-14 22:00:00",-9.67452100611191,-1.00743288242971
"2020-05-14 23:00:00",-10.5773345032308,-0.777700756942495
"2020-05-15 00:00:00",-10.7614496123659,0.233980903062325
"2020-05-15 01:00:00",-10.7563255470503,-0.133820914972901
"2020-05-15 02:00:00",-11.1116262974363,-0.472207259559113
"2020-05-15 03:00:00",-10.8913631733041,0.685753871154449
"2020-05-15 04:00:00",-10.5407963294981,0.124488456428114
"2020-05-15 05:00:00",-9.03482369386819,2.36896648673834
"2020-05-15 06:00:00",-6.5261817750761,2.49419048182207
"2020-05-15 07:00:00",-5.11476229145075,0.630924221000569
"2020-05-15 08:00:00",-5.15311414353732,-0.476115039875782
"2020-05-15 09:00:00",-5.22856439126332,0.201880724500749
"2020-05-15 10:00:00",-4.85027095665277,0.484661163666536
"2020-05-15 11:00:00",-4.9539389378245,-0.48470450460332
"2020-05-15 12:00:00",-5.31552812744994,-0.255947590902289
"2020-05-15 13:00:00",-6.3264618402871,-1.45936079606832
"2020-05-15 14:00:00",-7.01660468846058,-0.13639215903414
"2020-05-15 15:00:00",-6.80501682578279,0.442557667856138
"2020-05-15 16:00:00",-6.63871479978242,-0.0169989378304766
"2020-05-15 17:00:00",-6.4062703940824,0.396246166169847
"2020-05-15 18:00:00",-6.17564700722058,0.117506084858017
"2020-05-15 19:00:00",-6.01253622731403,0.193720388241385
"2020-05-15 20:00:00",-5.33980366232423,0.967848524894329
"2020-05-15 21:00:00",-4.71324307365226,0.376146236714492
"2020-05-15 22:00:00",-4.91384116810254,-0.569482056222752
"2020-05-15 23:00:00",-5.19327558083289,-0.0664620889292868
"2020-05-16 00:00:00",-4.71678468904071,0.822502915972292
"2020-05-16 01:00:00",-4.61247037059046,-0.373348904470873
"2020-05-16 02:00:00",-5.08290596250218,-0.506860549500252
"2020-05-16 03:00:00",-5.51091764938775,-0.348558016639951
"2020-05-16 04:00:00",-5.51047143299225,0.240191911128645
"2020-05-16 05:00:00",-4.9167668642823,0.808263998412853
"2020-05-16 06:00:00",-4.46191425600815,0.203970419864686
"2020-05-16 07:00:00",-4.43554211697788,-0.0875282964952949
"2020-05-16 08:00:00",-4.57065843840253,-0.154704873879404
"2020-05-16 09:00:00",-4.4537362024565,0.298337574682874
"2020-05-16 10:00:00",-4.32716795589116,0.0117819209728089
"2020-05-16 11:00:00",-5.06666472154106,-1.19962437301026
"2020-05-16 12:00:00",-6.01888542637411,-0.735509917235567
"2020-05-16 13:00:00",-6.46930608735242,-0.231204760935034
"2020-05-16 14:00:00",-6.94685198931382,-0.610741558186686
"2020-05-16 15:00:00",-6.90747128554166,0.479868553361662
"2020-05-16 16:00:00",-6.38930429713046,0.527976821883997
"2020-05-16 17:00:00",-5.61575179424346,0.908741367014063
"2020-05-16 18:00:00",-4.59130627570944,1.06013575589971
"2020-05-16 19:00:00",-3.98536379034992,0.280274431915848
"2020-05-16 20:00:00",-3.83230464230223,0.0661126430745038
"2020-05-16 21:00:00",-3.38656464945739,0.6825776260509
"2020-05-16 22:00:00",-3.03071448235228,0.125489685789503
"2020-05-16 23:00:00",-2.75956947260891,0.359267645894918
"2020-05-17 00:00:00",-2.23385863877208,0.61524561101249
"2020-05-17 01:00:00",-1.99609604942712,-0.0223082877423063
"2020-05-17 02:00:00",-1.75343688515131,0.410342298317419
"2020-05-17 03:00:00",-1.41977269430772,0.268950280222783
"2020-05-17 04:00:00",-1.57745482209155,-0.43277645716479
"2020-05-17 05:00:00",-1.79035206000901,-0.0541641292635534
"2020-05-17 06:00:00",-2.07206618906154,-0.417717649396593
"2020-05-17 07:00:00",-2.49530832241621,-0.404142810776588
"2020-05-17 08:00:00",-2.95943924329756,-0.478851671527857
"2020-05-17 09:00:00",-3.20643549561378,-0.0768779630118246
"2020-05-17 10:00:00",-3.23366106331132,0.0113010097165462
"2020-05-17 11:00:00",-3.30420105832954,-0.117580845406076
"2020-05-17 12:00:00",-3.44631267136804,-0.147454349969212
"2020-05-17 13:00:00",-2.93414031180615,0.932018865067888
"2020-05-17 14:00:00",-2.69603147136398,-0.232023878392726
"2020-05-17 15:00:00",-3.06786470068146,-0.443894516639084
"2020-05-17 16:00:00",-3.21135631239259,0.0675454712072569
"2020-05-17 17:00:00",-2.56567161748321,1.00455994442028
"2020-05-17 18:00:00",-1.85640647817672,0.48200755468298
"2020-05-17 19:00:00",-1.43485819052242,0.36360324486335
"2020-05-17 20:00:00",-0.935106095005534,0.56861751472789
"2020-05-17 21:00:00",-0.0670945724054667,1.02756177661761
"2020-05-17 22:00:00",0.397899865134082,0.06794610796562
"2020-05-17 23:00:00",0.109222717009756,-0.513216944596419
"2020-05-18 00:00:00",0.401755088713934,0.815647804683529
"2020-05-18 01:00:00",0.442916257013564,-0.477628176821727
"2020-05-18 02:00:00",0.928246298703182,1.10365801976872
"2020-05-18 03:00:00",1.57747453893079,0.314233134113701
"2020-05-18 04:00:00",1.40884042487616,-0.484559511297157
"2020-05-18 05:00:00",1.20064744811148,-0.015873965258175
"2020-05-18 06:00:00",0.933639568775583,-0.423286763810221
"2020-05-18 07:00:00",-0.0310632008331483,-1.28100169811701
"2020-05-18 08:00:00",-1.7051286199498,-1.85651292795052
"2020-05-18 09:00:00",-2.74323928725142,-0.440990813578494
"2020-05-18 10:00:00",-1.55042118764472,2.22885859963389
"2020-05-18 11:00:00",-0.0754027160443999,0.904372821052901
"2020-05-18 12:00:00",-0.137891087100855,-0.703985028282836
"2020-05-18 13:00:00",-0.00337036892225584,0.68730044396548
"2020-05-18 14:00:00",0.479248934516787,0.323238101203097
"2020-05-18 15:00:00",1.28628393461602,1.09059346933601
"2020-05-18 16:00:00",1.67822780594396,-0.0940970717630832
"2020-05-18 17:00:00",1.44493913170093,-0.317158335901132
"2020-05-18 18:00:00",1.76410523563786,0.726346713109148
"2020-05-18 19:00:00",1.47846522261497,-0.948986210217657
"2020-05-18 20:00:00",0.324523932985793,-1.23764629413651
"2020-05-18 21:00:00",-0.409234420972905,-0.363389195921062
"2020-05-18 22:00:00",-0.505051476967509,0.0876418567277218
"2020-05-18 23:00:00",-0.315208339575988,0.24960575559487
"2020-05-19 00:00:00",-0.373397179572512,-0.260210494734803
"2020-05-19 01:00:00",0.566833680012812,1.69631355438288
"2020-05-19 02:00:00",1.50820251871881,0.392617210986177
"2020-05-19 03:00:00",1.6692004804552,-0.00300624277171399
"2020-05-19 04:00:00",1.84117905941638,0.278309918070781
"2020-05-19 05:00:00",1.74407849568868,-0.345128364977769
"2020-05-19 06:00:00",0.606039488349946,-1.61480569310949
"2020-05-19 07:00:00",-1.12762406923856,-1.73129915588227
"2020-05-19 08:00:00",-2.73126535968926,-1.44088043117098
"2020-05-19 09:00:00",-3.66384830290465,-0.545888442906427
"2020-05-19 10:00:00",-3.72542977507673,0.268931912716439
"2020-05-19 11:00:00",-1.9625327255543,2.67988580295449
"2020-05-19 12:00:00",-2.00418668851053,-1.85147484466914
"2020-05-19 13:00:00",-3.1125047655999,-0.557639461213147
"2020-05-19 14:00:00",-2.88823157473701,0.738892919492903
"2020-05-19 15:00:00",-2.14297888670102,0.7178002959564
"2020-05-19 16:00:00",-1.83932296712318,0.0158962367038176
"2020-05-19 17:00:00",-1.48373590046434,0.567516665143749
"2020-05-19 18:00:00",-1.22096624376012,0.0490337104429936
"2020-05-19 19:00:00",-1.57617319651285,-0.60624363310192
"2020-05-19 20:00:00",-1.98893072020729,-0.262123943235532
"2020-05-19 21:00:00",-2.23275898424404,-0.217481860978513
"2020-05-19 22:00:00",-2.68833059063784,-0.589769825790906
"2020-05-19 23:00:00",-3.33739441922071,-0.654285228286002
"2020-05-20 00:00:00",-2.01121838244843,2.58774273895498
"2020-05-20 01:00:00",-1.17939911923105,-0.375712461162947
"2020-05-20 02:00:00",-0.806165925928363,0.856305820092075
"2020-05-20 03:00:00",-0.913804506525293,-0.744103575864945
"2020-05-20 04:00:00",-1.54897501057879,-0.531189265651567
"2020-05-20 05:00:00",-1.45539798521813,0.50763012502826
"2020-05-20 06:00:00",-0.67115277841617,0.933260734237156
"2020-05-20 07:00:00",0.0994711537000569,0.626446521497114
"2020-05-20 08:00:00",0.106093234378197,-0.407030080660528
"2020-05-20 09:00:00",-0.309884064969863,-0.402311748330227
"2020-05-20 10:00:00",-0.531835486190499,-0.0907669323273312
"2020-05-20 11:00:00",-0.38191894250024,0.303930864096638
"2020-05-20 12:00:00",0.124588294438401,0.617979109154653
"2020-05-20 13:00:00",0.185993916817563,-0.312715593856728
"2020-05-20 14:00:00",-0.00118741106882316,-0.0948381670270409
"2020-05-20 15:00:00",-0.240939926955143,-0.324966032543103
"2020-05-20 16:00:00",-0.625832868381821,-0.406243199102232
"2020-05-20 17:00:00",-0.81377085756589,-0.0326665057021482
"2020-05-20 18:00:00",-0.781751054554619,0.0746703406993965
"2020-05-20 19:00:00",-1.42097234843984,-1.08375825612386
"2020-05-20 20:00:00",-2.1695159163602,-0.487669520203206
"2020-05-20 21:00:00",-2.82417690337849,-0.732082050891567
"2020-05-20 22:00:00",-3.50231512330859,-0.60631235970645
"2020-05-20 23:00:00",-4.1583530248356,-0.653500134731137
"2020-05-21 00:00:00",-4.36562285813021,0.105419768565601
"2020-05-21 01:00:00",-4.70790490533857,-0.618854331691972
"2020-05-21 02:00:00",-4.9562741502501,0.0164855688830227
"2020-05-21 03:00:00",-4.98423175995142,-0.0498707334515814
"2020-05-21 04:00:00",-4.64059924169347,0.596057046155964
"2020-05-21 05:00:00",-3.45362540241135,1.53048732835881
"2020-05-21 06:00:00",-2.02994783184507,1.28927035310042
"2020-05-21 07:00:00",-1.3206936137351,0.291495811033568
"2020-05-21 08:00:00",-1.08570322462886,0.187855992636166
"2020-05-21 09:00:00",-0.972609720771395,0.0592775893527073
"2020-05-21 10:00:00",-0.930286994655738,0.0302618270109795
"2020-05-21 11:00:00",-0.685451980513436,0.377445747822012
"2020-05-21 12:00:00",-0.50858245950266,0.0356328421720181
"2020-05-21 13:00:00",-0.371863880444642,0.19826650885975
"2020-05-21 14:00:00",-0.338085588814345,-0.077004606010529
"2020-05-21 15:00:00",-0.436885926696105,-0.108199995910867
"2020-05-21 16:00:00",-0.179799521645873,0.488952942846219
"2020-05-21 17:00:00",0.348514038772105,0.529680096468616
"2020-05-21 18:00:00",0.798448471718433,0.374941867561469
"2020-05-21 19:00:00",0.313405339843406,-1.03633670907229
"2020-05-21 20:00:00",0.0931311751847232,0.333821765616323
"2020-05-21 21:00:00",0.553906978181388,0.523394618273529
"2020-05-21 22:00:00",0.507164169309823,-0.425320573354238
"2020-05-21 23:00:00",-0.088540376207061,-0.681637971887746
"2020-05-22 00:00:00",-0.20626104397455,0.263925947475898
"2020-05-22 01:00:00",-0.365157721487325,-0.432957205706121
"2020-05-22 02:00:00",-0.616851643005849,-0.118422901529603
"2020-05-22 03:00:00",-0.910055471105977,-0.394994745611559
"2020-05-22 04:00:00",-0.304869182635751,1.2443769989663
"2020-05-22 05:00:00",0.804148646660009,0.966472947526921
"2020-05-22 06:00:00",1.5749465385454,0.602686017928582
"2020-05-22 07:00:00",2.33733067558645,0.830590275998695
"2020-05-22 08:00:00",3.14004297713255,0.742971052782462
"2020-05-22 09:00:00",3.6309288429044,0.295459089811212
"2020-05-22 10:00:00",3.79337857275841,0.0613800168635406
"2020-05-22 11:00:00",3.7896856861805,-0.0517867361191818
"2020-05-22 12:00:00",3.22026072071545,-0.892335946842106
"2020-05-22 13:00:00",2.96062060978511,0.170338297486862
"2020-05-22 14:00:00",2.54665290932833,-0.787642008975177
"2020-05-22 15:00:00",2.0586266131544,-0.268376775333869
"2020-05-22 16:00:00",2.03574188599772,0.139208600947822
"2020-05-22 17:00:00",2.35748373034453,0.425516401701273
"2020-05-22 18:00:00",2.89200653881635,0.578754493866076
"2020-05-22 19:00:00",3.6144913498803,0.780244761301175
"2020-05-22 20:00:00",3.97388353733369,0.0570928458503487
"2020-05-22 21:00:00",2.93146628066069,-1.73099732727134
"2020-05-22 22:00:00",1.52546419006634,-1.1263074224174
"2020-05-22 23:00:00",0.413980923862235,-1.05074939864582
"2020-05-23 00:00:00",0.480782585742716,0.808115277355047
"2020-05-23 01:00:00",1.464636402603,1.05363922665468
"2020-05-23 02:00:00",2.49377082182713,0.962007026993223
"2020-05-23 03:00:00",3.17728073893567,0.462154902701486
"2020-05-23 04:00:00",3.31055895855708,-0.0963967202663633
"2020-05-23 05:00:00",3.34597360506022,0.117338551925852
"2020-05-23 06:00:00",3.08701321926209,-0.501828077976783
"2020-05-23 07:00:00",2.25735880514951,-1.01275487639812
"2020-05-23 08:00:00",1.49949143916372,-0.554840685174384
"2020-05-23 09:00:00",0.570750781131111,-1.13580217044022
"2020-05-23 10:00:00",0.116012279145508,0.0201696799621622
"2020-05-23 11:00:00",-0.37595025543707,-0.8101499868628
"2020-05-23 12:00:00",-2.19353060863559,-2.40233454208685
"2020-05-23 13:00:00",-2.91066140833622,0.443223532222911
"2020-05-23 14:00:00",-2.92435759218938,-0.313902677299302
"2020-05-23 15:00:00",-3.37895661706324,-0.523024435844539
"2020-05-23 16:00:00",-3.56524994605874,0.0513969274370432
"2020-05-23 17:00:00",-3.62247682729899,-0.122327978936419
"2020-05-23 18:00:00",-3.29535513703516,0.615873031559939
"2020-05-23 19:00:00",-2.38672515479797,1.06486684982918
"2020-05-23 20:00:00",-1.78412019118274,0.268875707270363
"2020-05-23 21:00:00",-1.95274064150618,-0.449967878300864
"2020-05-23 22:00:00",-2.65109856730856,-0.828246677709573
"2020-05-23 23:00:00",-3.44662336362404,-0.73249155655504
"2020-05-24 00:00:00",-4.05470653054061,-0.491808617921975
"2020-05-24 01:00:00",-4.18828295400229,0.116813343914315
"2020-05-24 02:00:00",-3.39451329003558,1.21274382455877
"2020-05-24 03:00:00",-2.68709689572875,0.341295320360657
"2020-05-24 04:00:00",-2.08365539233308,0.752990099080761
"2020-05-24 05:00:00",-1.16125824506589,0.994186539280003
"2020-05-24 06:00:00",-0.687517255748856,0.105767681649415
"2020-05-24 07:00:00",-1.01920948033287,-0.606679497269768
"2020-05-24 08:00:00",-1.74571890590766,-0.77055808370277
"2020-05-24 09:00:00",-2.38480931701992,-0.518828086832857
"2020-05-24 10:00:00",-4.86836395381437,-3.67226021232505
"2020-05-24 11:00:00",-6.47473551067442,-0.146528646762855
"2020-05-24 12:00:00",-6.12579206463619,0.671014336545068
"2020-05-24 13:00:00",-7.34261470496154,-2.40964304345979
"2020-05-24 14:00:00",-8.72002933932522,-0.614358479149277
"2020-05-24 15:00:00",-9.36183274542774,-0.618365037491801
"2020-05-24 16:00:00",-8.66398561103122,1.55420944685351
"2020-05-24 17:00:00",-8.03694340631779,-0.00969110591534539
"2020-05-24 18:00:00",-7.31912155644991,1.17906822273988
"2020-05-24 19:00:00",-6.26076342409393,0.937024989608837
"2020-05-24 20:00:00",-5.25347577129533,1.01433056682976
"2020-05-24 21:00:00",-4.38055027182285,0.743945796074509
"2020-05-24 22:00:00",-3.813124929636,0.428428100089082
"2020-05-24 23:00:00",-3.5447730417515,0.153797884677792
"2020-05-25 00:00:00",-3.14008990597067,0.557274638084682
"2020-05-25 01:00:00",-2.71275095781825,0.32445605375422
"2020-05-25 02:00:00",-2.34661153218233,0.380024799213417
"2020-05-25 03:00:00",-2.05470803462264,0.222309723395497
"2020-05-25 04:00:00",-1.94563170595105,0.0310531262051216
"2020-05-25 05:00:00",-1.92179845644244,0.0203946716210448
"2020-05-25 06:00:00",-2.64134121583756,-1.17615740775903
"2020-05-25 07:00:00",-4.35449725000585,-1.9863373701552
"2020-05-25 08:00:00",-6.11015722205849,-1.51283862095548
"2020-05-25 09:00:00",-7.15744510947167,-0.679286010904688
"2020-05-25 10:00:00",-8.52131239560247,-1.74621393585145
"2020-05-25 11:00:00",-9.39777571034727,-0.244009873147278
"2020-05-25 12:00:00",-10.4664615912619,-1.55556739000705
"2020-05-25 13:00:00",-11.33062079748,-0.348676884813194
"2020-05-25 14:00:00",-11.4788191778647,0.00709457620224532
"2020-05-25 15:00:00",-10.9105826221345,0.930114203197712
"2020-05-25 16:00:00",-9.40545516557191,1.83099978298437
"2020-05-25 17:00:00",-8.03847864397623,1.00479489480753
"2020-05-25 18:00:00",-7.04446093527046,0.949956305461226
"2020-05-25 19:00:00",-6.36486857525264,0.476136447265
"2020-05-25 20:00:00",-5.48540495412461,1.11475405270678
"2020-05-25 21:00:00",-4.89397632030563,0.221515081406329
"2020-05-25 22:00:00",-5.42114397607394,-0.994924015461504
"2020-05-25 23:00:00",-6.26487985542781,-0.695866043859251
"2020-05-26 00:00:00",-5.81740723838576,1.19649478720087
"2020-05-26 01:00:00",-5.97035546385331,-1.03779740048899
"2020-05-26 02:00:00",-6.45221922290915,-0.0806563686419647
"2020-05-26 03:00:00",-6.25812860282873,0.376343421933218
"2020-05-26 04:00:00",-5.27355203467035,1.35133622694
"2020-05-26 05:00:00",-3.9591701262684,1.23408300540063
"2020-05-26 06:00:00",-2.908318286216,0.883865760898581
"2020-05-26 07:00:00",-2.39358367457136,0.247939128638464
"2020-05-26 08:00:00",-2.39958004959125,-0.171914542634111
"2020-05-26 09:00:00",-2.60904248016527,-0.221448324095476
"2020-05-26 10:00:00",-2.77383779302326,-0.115834309258315
"2020-05-26 11:00:00",-2.86446162366713,-0.0659363876260914
"2020-05-26 12:00:00",-2.8058551774534,0.142539790185995
"2020-05-26 13:00:00",-2.65033625742508,0.16039698058526
"2020-05-26 14:00:00",-2.57468496343206,0.0189754358871458
"2020-05-26 15:00:00",-2.3987332973408,0.275557334299221
"2020-05-26 16:00:00",-1.95269691224107,0.541582798682951
"2020-05-26 17:00:00",-1.5277446387834,0.329522682671466
"2020-05-26 18:00:00",-1.56808449633206,-0.283025145486414
"2020-05-26 19:00:00",-2.23508140413718,-0.889257862747893
"2020-05-26 20:00:00",-3.00274468089724,-0.647242608592261
"2020-05-26 21:00:00",-3.75743543055634,-0.786589889317439
"2020-05-26 22:00:00",-4.82055277053959,-1.19210538870073
"2020-05-26 23:00:00",-5.82810862761009,-0.830434766500499
"2020-05-27 00:00:00",-6.24723121145035,-0.117492587842618
"2020-05-27 01:00:00",-6.55519752536163,-0.412262134400882
"2020-05-27 02:00:00",-6.78912513299155,-0.0954768450383962
"2020-05-27 03:00:00",-7.03572766134189,-0.326884449428472
"2020-05-27 04:00:00",-6.20415254025926,1.57341873420421
"2020-05-27 05:00:00",-4.34807866384035,1.96430265772487
"2020-05-27 06:00:00",-2.36884941571315,1.90073135366885
"2020-05-27 07:00:00",-0.982327834930896,0.980886737256594
"2020-05-27 08:00:00",-0.457443061497868,0.197212241318413
"2020-05-27 09:00:00",-0.349440818518561,0.0439871784428073
"2020-05-27 10:00:00",-0.0799370546952701,0.407489253981542
"2020-05-27 11:00:00",0.026663798003351,-0.0989506201875117
"2020-05-27 12:00:00",0.13749189613222,0.245377373204257
"2020-05-27 13:00:00",-0.0549385065436984,-0.475330320003831
"2020-05-27 14:00:00",-0.464188621260936,-0.345679293568533
"2020-05-27 15:00:00",-0.671259286852195,-0.104228459857268
"2020-05-27 16:00:00",-0.481813650617904,0.377087703127748
"2020-05-27 17:00:00",-0.137844508594403,0.306166145088465
"2020-05-27 18:00:00",0.0462819607263385,0.0941961156641628
"2020-05-27 19:00:00",0.472548569809285,0.62732764039152
"2020-05-27 20:00:00",0.634338784797756,-0.156859911383174
"2020-05-27 21:00:00",0.0950632830905422,-0.769406298372793
"2020-05-27 22:00:00",-0.489187584938604,-0.433175274256071
"2020-05-27 23:00:00",-0.7467231011767,-0.127576037129767
"2020-05-28 00:00:00",-0.0427269212966367,1.22587706124774
"2020-05-28 01:00:00",0.626429231073829,0.266272343510443
"2020-05-28 02:00:00",0.369497875448048,-0.594325924434435
"2020-05-28 03:00:00",-0.423631574741448,-0.888450024472292
"2020-05-28 04:00:00",-0.872940000826125,-0.134655573789942
"2020-05-28 05:00:00",-0.940719589534053,-0.0188506434123674
"2020-05-28 06:00:00",-1.45899882305885,-0.825385493361509
"2020-05-28 07:00:00",-1.84136233080662,-0.0669707841418061
"2020-05-28 08:00:00",-2.31181089608203,-0.714701019132814
"2020-05-28 09:00:00",-3.19647237343574,-0.952948999204018
"2020-05-28 10:00:00",-3.52697001918776,0.104286902026948
"2020-05-28 11:00:00",-3.60580303660896,-0.192619966768663
"2020-05-28 12:00:00",-3.27535374963504,0.668099910309507
"2020-05-28 13:00:00",-3.12399247536629,-0.196097308132302
"2020-05-28 14:00:00",-2.86139567382333,0.559934835409208
"2020-05-28 15:00:00",-2.51704375434621,0.187956206052069
"2020-05-28 16:00:00",-3.21728119309773,-1.25583823752068
"2020-05-28 17:00:00",-3.95789877818547,-0.357803512384957
"2020-05-28 18:00:00",-4.03891904760902,0.11244893446936
"2020-05-28 19:00:00",-4.2368426330385,-0.390225364615135
"2020-05-28 20:00:00",-4.5169617630947,-0.187945556994479
"2020-05-28 21:00:00",-4.67134144155931,-0.118846244163714
"2020-05-28 22:00:00",-4.93045401223324,-0.334289540650779
"2020-05-28 23:00:00",-5.33919011415517,-0.432590065069284
"2020-05-29 00:00:00",-5.72264565031806,-0.325598119736194
"2020-05-29 01:00:00",-5.79682129618048,0.104335457571225
"2020-05-29 02:00:00",-5.63481344428077,0.200226714309167
"2020-05-29 03:00:00",-5.66468185637482,-0.174582245208764
"2020-05-29 04:00:00",-5.35915302138728,0.618378426397393
"2020-05-29 05:00:00",-4.22012912789829,1.43889509996301
"2020-05-29 06:00:00",-2.84592011285569,1.27122219859846
"2020-05-29 07:00:00",-1.98347780562778,0.552611524247558
"2020-05-29 08:00:00",-1.57960138716379,0.288085311114185
"2020-05-29 09:00:00",-1.46285862033664,-0.000995738153188153
"2020-05-29 10:00:00",-1.48299608801374,-0.0300564521262075
"2020-05-29 11:00:00",-1.29346593721807,0.328823375239695
"2020-05-29 12:00:00",-2.03549644572023,-1.41899345789561
"2020-05-29 13:00:00",-2.4607794930783,0.260011465884066
"2020-05-29 14:00:00",-2.6046173430888,-0.403060142516055
"2020-05-29 15:00:00",-3.17701117323883,-0.654724960775314
"2020-05-29 16:00:00",-3.53189847808043,-0.13404101508472
"2020-05-29 17:00:00",-3.30997477971418,0.453235011832374
"2020-05-29 18:00:00",-2.64928234632367,0.771864581632502
"2020-05-29 19:00:00",-2.78134115117278,-0.724975002142387
"2020-05-29 20:00:00",-3.2261382689989,-0.233294522990486
"2020-05-29 21:00:00",-3.70133063457285,-0.609716843398742
"2020-05-29 22:00:00",-4.13762300947028,-0.295176165916817
"2020-05-29 23:00:00",-4.25816992855595,0.0069306452114507
"2020-05-30 00:00:00",-4.41967563859173,-0.260633007885172
"2020-05-30 01:00:00",-4.6258474536772,-0.154372640271372
"2020-05-30 02:00:00",-4.69128284677048,0.00292539709482202
"2020-05-30 03:00:00",-4.71864359890235,-0.0402058448392816
"2020-05-30 04:00:00",-4.2462753208118,0.79771236813611
"2020-05-30 05:00:00",-3.3535914884852,0.919049041085661
"2020-05-30 06:00:00",-2.54357337656078,0.703161938355658
"2020-05-30 07:00:00",-2.2364083006878,0.0318529824726355
"2020-05-30 08:00:00",-2.53023629101753,-0.494100624028352
"2020-05-30 09:00:00",-2.80669746100209,-0.114972945634379
"2020-05-30 10:00:00",-3.3515390411182,-0.801908603791103
"2020-05-30 11:00:00",-4.31576419500576,-1.02229621923287
"2020-05-30 12:00:00",-4.99992949309402,-0.420676125783383
"2020-05-30 13:00:00",-5.59424120048719,-0.675382606589694
"2020-05-30 14:00:00",-6.04120037331029,-0.266231531338883
"2020-05-30 15:00:00",-6.41383859485187,-0.418082622151634
"2020-05-30 16:00:00",-6.41827788245605,0.279794068764542
"2020-05-30 17:00:00",-5.95634012369003,0.569684411580132
"2020-05-30 18:00:00",-5.20334065908038,0.847100696741505
"2020-05-30 19:00:00",-4.62890179175773,0.372075424635282
"2020-05-30 20:00:00",-3.98912688288596,0.7938013040141
"2020-05-30 21:00:00",-3.71521343606011,-0.0805484163522016
"2020-05-30 22:00:00",-3.81862931965847,-0.108958939786183
"2020-05-30 23:00:00",-3.8446312351369,0.0354580955980277
"2020-05-31 00:00:00",-3.42271779835861,0.664451093904833
"2020-05-31 01:00:00",-2.82990342752067,0.521297704458523
"2020-05-31 02:00:00",-2.28778939679331,0.533877037848807
"2020-05-31 03:00:00",-2.08115043103116,-0.0183873751852661
"2020-05-31 04:00:00",-1.89813818104334,0.311261533171575
"2020-05-31 05:00:00",-1.81807059436501,-0.0754179322522157
"2020-05-31 06:00:00",-1.84274600489274,0.0126676827391433
"2020-05-31 07:00:00",-2.31872807362886,-0.776750144435674
"2020-05-31 08:00:00",-2.65301737598084,-0.0204472800766748
"2020-05-31 09:00:00",-2.72718752079415,-0.103041598071445
"2020-05-31 10:00:00",-2.19768877457162,0.929537979968709
"2020-05-31 11:00:00",-1.25918970580205,0.9027080866224
"2020-05-31 12:00:00",-0.510601576065986,0.611893388914605
"2020-05-31 13:00:00",-0.185726549093056,0.118752794580988
"2020-05-31 14:00:00",-0.23378286247652,-0.156737573274689
"2020-05-31 15:00:00",-0.583615516718806,-0.461635456895859
"2020-05-31 16:00:00",-1.07529236920025,-0.487587898452871
"2020-05-31 17:00:00",-1.52881488277726,-0.407875925630349
"2020-05-31 18:00:00",-1.69569823544346,0.00367585964367581
"2020-05-31 19:00:00",-2.14073069588516,-0.720833556106828
"2020-05-31 20:00:00",-2.71249168436393,-0.442452706391627
"2020-05-31 21:00:00",-2.98838857901123,-0.148255816428301
"2020-05-31 22:00:00",-3.15755065854028,-0.171210054772131
"2020-05-31 23:00:00",-3.38016566571903,-0.242237067845545
"2020-06-01 00:00:00",-3.72979280543716,-0.40024958657997
"2020-06-01 01:00:00",-3.96858481650815,-0.115002009954902
"2020-06-01 02:00:00",-3.97739843634926,0.0675101617780569
"2020-06-01 03:00:00",-4.07086165180376,-0.19121041529182
"2020-06-01 04:00:00",-3.74228465711252,0.664728001818282
"2020-06-01 05:00:00",-2.85432253007559,0.999409262724396
"2020-06-01 06:00:00",-2.01133410732773,0.702329425772606
"2020-06-01 07:00:00",-1.47839249498351,0.397285066516278
"2020-06-01 08:00:00",-1.09409739356539,0.359278865055819
"2020-06-01 09:00:00",-0.611719711533624,0.54292974399344
"2020-06-01 10:00:00",0.00840634072844812,0.642909655444203
"2020-06-01 11:00:00",0.638368084899475,0.591383739752978
"2020-06-01 12:00:00",1.36626076998702,0.78348551883071
"2020-06-01 13:00:00",1.94479803678464,0.412655132545706
"2020-06-01 14:00:00",2.11084341102983,-0.00875477884853226
"2020-06-01 15:00:00",2.00207003732742,-0.173002492196968
"2020-06-01 16:00:00",2.25632151841135,0.524420920888402
"2020-06-01 17:00:00",1.61013377193967,-1.39878138745843
"2020-06-01 18:00:00",0.783134034480833,-0.408594732243959
"2020-06-01 19:00:00",0.234865852521197,-0.616338031990066
"2020-06-01 20:00:00",-0.04807390604395,-0.047535533200097
"2020-06-01 21:00:00",-0.190510191979976,-0.198871955972901
"2020-06-01 22:00:00",-0.583018966449426,-0.502700548540741
"2020-06-01 23:00:00",-1.00277285344707,-0.343759337134462
"2020-06-02 00:00:00",-1.167198756004,-0.0357667193029908
"2020-06-02 01:00:00",-1.38777105434662,-0.331788433201041
"2020-06-02 02:00:00",-1.63603411523972,-0.178994844168122
"2020-06-02 03:00:00",-1.98478467665603,-0.44323853687092
"2020-06-02 04:00:00",-1.64880180180026,0.842046926015144
"2020-06-02 05:00:00",-0.373270152734164,1.50602877222914
"2020-06-02 06:00:00",1.0211465235295,1.25422908067901
"2020-06-02 07:00:00",2.1282786950127,0.955143169537893
"2020-06-02 08:00:00",2.89058838540166,0.594789254388613
"2020-06-02 09:00:00",3.45777380105619,0.518106081698375
"2020-06-02 10:00:00",4.10061747648481,0.690997474480581
"2020-06-02 11:00:00",4.8239302391117,0.70520052835912
"2020-06-02 12:00:00",5.84491574985281,1.17677260157246
"2020-06-02 13:00:00",6.15488108813891,-0.290157485164089
"2020-06-02 14:00:00",5.80341187087724,-0.38357257580875
"2020-06-02 15:00:00",5.44097068431473,-0.338609111012418
"2020-06-02 16:00:00",5.34628300910562,0.0654121517782121
"2020-06-02 17:00:00",5.5068642358252,0.20950629009183
"2020-06-02 18:00:00",5.58778220975975,-0.0157474119095966
"2020-06-02 19:00:00",4.97280560009011,-0.992433084664995
"2020-06-02 20:00:00",4.20489006162359,-0.588156788307322
"2020-06-02 21:00:00",3.56134230843674,-0.655311866099647
"2020-06-02 22:00:00",2.57580135402275,-1.1634468146006
"2020-06-02 23:00:00",1.59403234225469,-0.817318658730605
"2020-06-03 00:00:00",1.2951344822956,0.0588595324655704
"2020-06-03 01:00:00",0.657212530890476,-1.07379034897567
"2020-06-03 02:00:00",-0.460789611612021,-1.09519631110314
"2020-06-03 03:00:00",-1.46721298566397,-0.898824053480992
"2020-06-03 04:00:00",-1.39316200457211,0.720995158910912
"2020-06-03 05:00:00",-0.681107027792786,0.674053783829349
"2020-06-03 06:00:00",-0.107086055476498,0.480934122945655
"2020-06-03 07:00:00",0.375489634725655,0.460876353876732
"2020-06-03 08:00:00",0.686887536833606,0.196466003628388
"2020-06-03 09:00:00",0.952571106190602,0.298317600111525
"2020-06-03 10:00:00",1.25097963491416,0.283061486314315
"2020-06-03 11:00:00",1.46953545462247,0.163555130197954
"2020-06-03 12:00:00",1.95196079408275,0.67018370511861
"2020-06-03 13:00:00",2.30753222790722,0.12642165227345
"2020-06-03 14:00:00",2.39626053064748,0.056410040092512
"2020-06-03 15:00:00",2.4856515530041,0.104042357237956
"2020-06-03 16:00:00",2.64439642242941,0.184466140258929
"2020-06-03 17:00:00",2.99749853260439,0.44533744595218
"2020-06-03 18:00:00",3.43041579253741,0.400202762452217
"2020-06-03 19:00:00",3.32493718195753,-0.442001968165249
"2020-06-03 20:00:00",2.83356997035048,-0.505211862895351
"2020-06-03 21:00:00",2.33251893715333,-0.478118896529588
"2020-06-03 22:00:00",1.73667027655359,-0.649025171130065
"2020-06-03 23:00:00",1.28012435945436,-0.308771681576763
"2020-06-04 00:00:00",1.20356874852912,0.0802407956776617
"2020-06-04 01:00:00",0.945095293126587,-0.473547558580703
"2020-06-04 02:00:00",0.896804098665756,0.23628517495515
"2020-06-04 03:00:00",1.12538085087073,0.211420452405488
"2020-06-04 04:00:00",1.65522425729944,0.715493807030492
"2020-06-04 05:00:00",2.16324003027602,0.343425924862872
"2020-06-04 06:00:00",2.00224378471404,-0.492409109437616
"2020-06-04 07:00:00",1.52789337827011,-0.442350730908832
"2020-06-04 08:00:00",0.984669256269358,-0.586627087833942
"2020-06-04 09:00:00",0.423511592336123,-0.518781324152053
"2020-06-04 10:00:00",0.513262473155692,0.490621517755785
"2020-06-04 11:00:00",1.90447250773626,1.92482143184556
"2020-06-04 12:00:00",3.30274043603695,0.978339307248607
"2020-06-04 13:00:00",3.61302661910678,-0.15407553194493
"2020-06-04 14:00:00",0.523902604407051,-4.9036524574165
"2020-06-04 15:00:00",-1.70350435570577,-0.338103617741844
"2020-06-04 16:00:00",-2.23529914782557,-0.633454383108947
"2020-06-04 17:00:00",-2.69356184634265,-0.316813471534501
"2020-06-04 18:00:00",-2.87674690024156,-0.0819252005292629
"2020-06-04 19:00:00",-2.15617294152712,1.22503010333027
"2020-06-04 20:00:00",-1.04603494675003,0.983569942103582
"2020-06-04 21:00:00",-0.101237866559925,0.875400708803007
"2020-06-04 22:00:00",0.414311299570392,0.251284084182017
"2020-06-04 23:00:00",0.508980950641918,-0.0147707260990084
"2020-06-05 00:00:00",0.547169277522377,0.0710232097762805
"2020-06-05 01:00:00",0.65255411129764,0.122579296216326
"2020-06-05 02:00:00",0.70361789902178,0.000120191542228518
"2020-06-05 03:00:00",0.447388880314012,-0.415856442917159
"2020-06-05 04:00:00",-0.0719808135779749,-0.564273750251371
"2020-06-05 05:00:00",-1.00830534778016,-1.13976790162676
"2020-06-05 06:00:00",-2.55007086634911,-1.73519639357351
"2020-06-05 07:00:00",-4.61931537060331,-2.19032429976353
"2020-06-05 08:00:00",-6.74305202454381,-1.97247461033379
"2020-06-05 09:00:00",-8.36899752404278,-1.30897704638766
"2020-06-05 10:00:00",-8.84481565374056,0.113006580856195
"2020-06-05 11:00:00",-8.04588081056247,1.22964513924108
"2020-06-05 12:00:00",-7.43246809180712,0.183816961131141
"2020-06-05 13:00:00",-7.15650321263967,0.333859558038275
"2020-06-05 14:00:00",-6.93498390914119,0.145322450921383
"2020-06-05 15:00:00",-6.60567472431655,0.445252762516774
"2020-06-05 16:00:00",-6.08003311185362,0.56276716495736
"2020-06-05 17:00:00",-5.37328381018041,0.776986201280364
"2020-06-05 18:00:00",-4.54169026371224,0.835405026958474
"2020-06-05 19:00:00",-3.92863348548025,0.441547457334221
"2020-06-05 20:00:00",-3.97754154143445,-0.36848636955614
"2020-06-05 21:00:00",-4.24340861200509,-0.179696086450363
"2020-06-05 22:00:00",-3.88936138257608,0.69851403056542
"2020-06-05 23:00:00",-3.97212242336984,-0.594657714973268
"2020-06-06 00:00:00",-4.35816039439046,-0.223497757700066
"2020-06-06 01:00:00",-4.60086350740042,-0.238357464261222
"2020-06-06 02:00:00",-4.6977327284437,0.00798649516087516
"2020-06-06 03:00:00",-4.81797253623025,-0.193955367854903
"2020-06-06 04:00:00",-4.76162662850036,0.226741500108917
"2020-06-06 05:00:00",-4.40459918647241,0.433053364634861
"2020-06-06 06:00:00",-4.02850693721093,0.325922899895635
"2020-06-06 07:00:00",-4.20191980693426,-0.492866168881886
"2020-06-06 08:00:00",-4.84400504266605,-0.705636878132168
"2020-06-06 09:00:00",-5.20198754051829,-0.102963768305188
"2020-06-06 10:00:00",-6.07421551276018,-1.33691113138597
"2020-06-06 11:00:00",-6.8000887341998,-0.276201266822188
"2020-06-06 12:00:00",-6.60517171355018,0.508490800971037
"2020-06-06 13:00:00",-6.06594790776454,0.542599956051899
"2020-06-06 14:00:00",-5.63968776200236,0.336262529732056
"2020-06-06 15:00:00",-5.64880190262007,-0.231660985341085
"2020-06-06 16:00:00",-5.2281922804143,0.8427412631136
"2020-06-06 17:00:00",-4.04686725490897,1.35764493662611
"2020-06-06 18:00:00",-3.15683158203959,0.541222287777408
"2020-06-06 19:00:00",-3.32331261710137,-0.62629632071021
"2020-06-06 20:00:00",-4.13869571461468,-0.89840993016154
"2020-06-06 21:00:00",-2.99971656102772,2.44842512204122
"2020-06-06 22:00:00",-2.26365191248621,-0.436601593267328
"2020-06-06 23:00:00",-3.01307729760527,-0.919441908440045
"2020-06-07 00:00:00",-4.16093686028131,-1.24170723684129
"2020-06-07 01:00:00",-4.61129090051277,0.103968135752727
"2020-06-07 02:00:00",-4.26850141188599,0.491653984714708
"2020-06-07 03:00:00",-3.91225325718495,0.254550816881286
"2020-06-07 04:00:00",-3.06421293202427,1.20843628793997
"2020-06-07 05:00:00",-2.08356396993741,0.786142035930333
"2020-06-07 06:00:00",-1.49921639810734,0.424737254494339
"2020-06-07 07:00:00",-1.65840922492203,-0.538976340161518
"2020-06-07 08:00:00",-3.15921226837372,-2.06855578752705
"2020-06-07 09:00:00",-5.10083260932674,-1.76066264315262
"2020-06-07 10:00:00",-6.1348341673511,-0.493861026580779
"2020-06-07 11:00:00",-6.33782479032509,0.00847100480460117
"2020-06-07 12:00:00",-4.76436602780631,2.55016343568756
"2020-06-07 13:00:00",-3.90328658401336,-0.299736109115992
"2020-06-07 14:00:00",-4.8326159171596,-1.29986016071288
"2020-06-07 15:00:00",-5.52720767646976,-0.251852473486556
"2020-06-07 16:00:00",-5.01679463452507,1.00144929482947
"2020-06-07 17:00:00",-4.0894728995443,0.840303084365545
"2020-06-07 18:00:00",-3.25719186517863,0.792653308655738
"2020-06-07 19:00:00",-2.7625523326843,0.276659292020883
"2020-06-07 20:00:00",-2.45697434533586,0.313895734915827
"2020-06-07 21:00:00",-2.17832212568991,0.245081612197497
"2020-06-07 22:00:00",-2.07646767467092,0.00433820995094011
"2020-06-07 23:00:00",-2.03680099393142,0.0640093883537488
"2020-06-08 00:00:00",-2.09012165154487,-0.126380989254505
"2020-06-08 01:00:00",-2.44744756597512,-0.491613374861273
"2020-06-08 02:00:00",-3.23513838057992,-0.944488105086244
"2020-06-08 03:00:00",-4.33099937070097,-1.14053114519087
"2020-06-08 04:00:00",-4.11507979799007,1.11552530685407
"2020-06-08 05:00:00",-2.8159013929685,1.36517828454422
"2020-06-08 06:00:00",-1.64420646807969,0.990658568278763
"2020-06-08 07:00:00",-1.05558674259106,0.294746249008092
"2020-06-08 08:00:00",-1.17289733659223,-0.385075762137627
"2020-06-08 09:00:00",-1.47099560774215,-0.22443742906791
"2020-06-08 10:00:00",-1.93484341691335,-0.599514761939985
"2020-06-08 11:00:00",-2.78909179579992,-0.980981353731891
"2020-06-08 12:00:00",-2.8101502817902,0.623473967981959
"2020-06-08 13:00:00",-2.74527761622091,-0.306983465206871
"2020-06-08 14:00:00",-2.87683829140144,-0.00482489463514678
"2020-06-08 15:00:00",-3.05651544059268,-0.28399812374224
"2020-06-08 16:00:00",-3.12895668183009,0.0759752691369413
"2020-06-08 17:00:00",-2.49692954769173,0.976720545556834
"2020-06-08 18:00:00",-1.66172589727396,0.704389840982336
"2020-06-08 19:00:00",-2.07739958119124,-1.14047623433095
"2020-06-08 20:00:00",-2.54640758355906,0.00359380260967829
"2020-06-08 21:00:00",-2.52228431628904,0.0399443131750888
"2020-06-08 22:00:00",-2.62258106012175,-0.185772959426204
"2020-06-08 23:00:00",-2.77756759854668,-0.123718297607567
"2020-06-09 00:00:00",-1.12151500668032,2.76743106056079
"2020-06-09 01:00:00",0.104606166559922,0.141779313785856
"2020-06-09 02:00:00",-0.53081331729388,-1.12348332338854
"2020-06-09 03:00:00",-1.58112106016456,-0.950930894909022
"2020-06-09 04:00:00",-1.50339920053906,0.761822898930431
"2020-06-09 05:00:00",-0.548758997815658,1.03975628301594
"2020-06-09 06:00:00",0.325013430241793,0.722304420293662
"2020-06-09 07:00:00",0.911099974521545,0.467006895844313
"2020-06-09 08:00:00",0.912250973450335,-0.310643081331593
"2020-06-09 09:00:00",0.217443807102979,-0.919070958132276
"2020-06-09 10:00:00",-0.593179048180251,-0.700085262752555
"2020-06-09 11:00:00",-1.36290607190164,-0.778812777901871
"2020-06-09 12:00:00",-1.74872709259314,-0.103740744575059
"2020-06-09 13:00:00",-1.64642578550726,0.237052461786242
"2020-06-09 14:00:00",-1.60554717066661,-0.0897226866055756
"2020-06-09 15:00:00",-1.56056421851679,0.13471653282489
"2020-06-09 16:00:00",-1.59002627328238,-0.135501641444594
"2020-06-09 17:00:00",-1.53036288863438,0.188984937075796
"2020-06-09 18:00:00",-0.988183158404277,0.753846930559924
"2020-06-09 19:00:00",-0.810388039189151,-0.213408268770965
"2020-06-09 20:00:00",-1.01421054543863,-0.186702328981518
"2020-06-09 21:00:00",-1.2507769177489,-0.257260116466189
"2020-06-09 22:00:00",-1.4318343957804,-0.120041097483278
"2020-06-09 23:00:00",-1.68618596975533,-0.329958698597037
"2020-06-10 00:00:00",-2.16806430569971,-0.558085020805031
"2020-06-10 01:00:00",-2.33835481676144,0.0991206441150542
"2020-06-10 02:00:00",-2.1270500753033,0.279065003311487
"2020-06-10 03:00:00",-2.00818457380795,0.00916013488283507
"2020-06-10 04:00:00",-1.68424368065775,0.520985458158233
"2020-06-10 05:00:00",-1.28566597738368,0.300204066135601
"2020-06-10 06:00:00",-1.08497783789402,0.126465442484205
"2020-06-10 07:00:00",-1.06702633911404,-0.0538448529776814
"2020-06-10 08:00:00",-1.195557673847,-0.170838788677517
"2020-06-10 09:00:00",-1.92212317130818,-1.06097718910053
"2020-06-10 10:00:00",-2.33705976537936,0.0379442125386844
"2020-06-10 11:00:00",-1.46887194711512,1.38342999353752
"2020-06-10 12:00:00",-1.07220975077551,-0.278128227977479
"2020-06-10 13:00:00",-1.3235267774334,-0.220119126317502
"2020-06-10 14:00:00",-2.44601973106928,-1.66901969767853
"2020-06-10 15:00:00",-3.72615091165092,-0.95689361210404
"2020-06-10 16:00:00",-4.40313513376675,-0.453409760773639
"2020-06-10 17:00:00",-4.00281054518116,0.956121890462931
"2020-06-10 18:00:00",-3.34411035060167,0.434279411392224
"2020-06-10 19:00:00",-3.0926273819127,0.121979631341126
"2020-06-10 20:00:00",-2.76140834418773,0.458955446838317
"2020-06-10 21:00:00",-1.90702086018691,1.08096277886961
"2020-06-10 22:00:00",-0.983993292037373,0.776334910199811
"2020-06-10 23:00:00",-0.388255782493303,0.448300184362607
"2020-06-11 00:00:00",-0.0118313010381927,0.311121011786948
"2020-06-11 01:00:00",0.622085229348621,0.819001843417976
"2020-06-11 02:00:00",1.36279331421755,0.652513540079551
"2020-06-11 03:00:00",1.90409597000953,0.439684876209611
"2020-06-11 04:00:00",1.97729012239184,-0.177060614018371
"2020-06-11 05:00:00",1.45906952748644,-0.723579153931139
"2020-06-11 06:00:00",0.512131545255597,-1.0527236160916
"2020-06-11 07:00:00",-1.0296533636627,-1.79521555993626
"2020-06-11 08:00:00",-2.13144922403278,-0.585840440066831
"2020-06-11 09:00:00",-2.79974239483415,-0.688757290306586
"2020-06-11 10:00:00",-3.09528129752751,-0.0157461893824653
"2020-06-11 11:00:00",-3.0212212084585,0.134399207106703
"2020-06-11 12:00:00",-3.28281320076928,-0.509257845179039
"2020-06-11 13:00:00",-3.61681658988753,-0.197067215661552
"2020-06-11 14:00:00",-3.99430078175682,-0.475161721781635
"2020-06-11 15:00:00",-4.04360849719344,0.242080264095976
"2020-06-11 16:00:00",-3.72033437110035,0.367251249702554
"2020-06-11 17:00:00",-2.70865050795115,1.3980177801459
"2020-06-11 18:00:00",-1.79442121810641,0.551755850718661
"2020-06-11 19:00:00",-1.549561746394,0.0309420641978109
"2020-06-11 20:00:00",-1.66309021202484,-0.202448965244505
"2020-06-11 21:00:00",-1.6393105021091,0.175609330554651
"2020-06-11 22:00:00",-1.56922301395758,-0.00147732118275812
"2020-06-11 23:00:00",-1.59592917487442,-0.0402339494404992
"2020-06-12 00:00:00",-1.39676328819528,0.351355350996968
"2020-06-12 01:00:00",-1.04254030610536,0.341102118490072
"2020-06-12 02:00:00",-0.573997340868681,0.532580645372953
"2020-06-12 03:00:00",0.00718436057163968,0.586704127162716
"2020-06-12 04:00:00",0.686944458287678,0.709485341690038
"2020-06-12 05:00:00",1.34497016212852,0.591565706615104
"2020-06-12 06:00:00",1.82196202231585,0.376211118264035
"2020-06-12 07:00:00",1.69475876110063,-0.459110327361583
"2020-06-12 08:00:00",1.49481780299958,-0.0198470933147504
"2020-06-12 09:00:00",2.07855126755492,0.956448843863396
"2020-06-12 10:00:00",2.9089010951124,0.704149136076981
"2020-06-12 11:00:00",3.64674089414801,0.721489790912746
"2020-06-12 12:00:00",3.98277852987505,0.0584064108060049
"2020-06-12 13:00:00",3.80265401984216,-0.335715224960581
"2020-06-12 14:00:00",3.85940765761575,0.310798141920991
"2020-06-12 15:00:00",3.80569842871432,-0.299131021344786
"2020-06-12 16:00:00",3.99446764927857,0.500156349655163
"2020-06-12 17:00:00",4.67515239067459,0.763542012336803
"2020-06-12 18:00:00",5.17496345994551,0.294218331988348
"2020-06-12 19:00:00",4.96045009772903,-0.55013698807848
"2020-06-12 20:00:00",4.72618993352202,-0.0189392980030975
"2020-06-12 21:00:00",4.71134788298285,-0.0174954614940192
"2020-06-12 22:00:00",4.92146322275078,0.345797739685079
"2020-06-12 23:00:00",5.37215017878157,0.492853787232377
"2020-06-13 00:00:00",6.00859400692015,0.69500297233551
"2020-06-13 01:00:00",6.43859109469867,0.225153652339329
"2020-06-13 02:00:00",7.08663358326391,0.890872308928436
"2020-06-13 03:00:00",7.48340303632637,0.0393870849039977
"2020-06-13 04:00:00",7.99197134388963,0.787540580312152
"2020-06-13 05:00:00",8.15662268137844,-0.268723680731223
"2020-06-13 06:00:00",7.60308265616451,-0.727621099576338
"2020-06-13 07:00:00",7.22423694086268,-0.138127518739168
"2020-06-13 08:00:00",7.6529861521274,0.776977633316692
"2020-06-13 09:00:00",7.90292723268326,-0.123149323820867
"2020-06-13 10:00:00",8.09531401130327,0.38341484932847
"2020-06-13 11:00:00",7.94101980489334,-0.51586047320025
"2020-06-13 12:00:00",4.6894634828949,-4.93104361050873
"2020-06-13 13:00:00",2.6473214616647,-0.0252417427048028
"2020-06-13 14:00:00",2.89250001484045,0.410393647652829
"2020-06-13 15:00:00",3.35541098539284,0.472197432387739
"2020-06-13 16:00:00",3.99659633696803,0.719049575500368
"2020-06-13 17:00:00",5.52120374241238,1.98403851661963
"2020-06-13 18:00:00",7.0330105347957,1.11803628050071
"2020-06-13 19:00:00",7.93297668552672,0.702760002878678
"2020-06-13 20:00:00",8.62785333219815,0.646378673909524
"2020-06-13 21:00:00",9.08150506823711,0.292494230367611
"2020-06-13 22:00:00",9.08176304835113,-0.206277539114696
"2020-06-13 23:00:00",8.75768711585033,-0.398909707069565
"2020-06-14 00:00:00",7.14746585041201,-2.35251708646453
"2020-06-14 01:00:00",6.38753871728789,0.328682603740651
"2020-06-14 02:00:00",6.72111362137289,0.312754162876768
"2020-06-14 03:00:00",6.76212714061325,-0.150753580182304
"2020-06-14 04:00:00",6.40724822797444,-0.482810196155405
"2020-06-14 05:00:00",5.80093385769302,-0.668093777046866
"2020-06-14 06:00:00",4.97822561038152,-0.894163308773629
"2020-06-14 07:00:00",3.84570639836689,-1.24401879522065
"2020-06-14 08:00:00",2.98404575594855,-0.570769518413382
"2020-06-14 09:00:00",2.42362249626956,-0.530740145788381
"2020-06-14 10:00:00",1.84267043323658,-0.589942709239938
"2020-06-14 11:00:00",1.80038344013095,0.322445637231003
"2020-06-14 12:00:00",1.50367302801669,-0.697694609754884
"2020-06-14 13:00:00",1.37920160472185,0.261648080899381
"2020-06-14 14:00:00",1.46721575591716,-0.0336994535374089
"2020-06-14 15:00:00",1.50692803024677,0.084874849039742
"2020-06-14 16:00:00",1.7531025047506,0.340065866023056
"2020-06-14 17:00:00",2.15250548202413,0.417721969484037
"2020-06-14 18:00:00",2.27848143740668,-0.0772781039443681
"2020-06-14 19:00:00",1.87778361523034,-0.600202459866517
"2020-06-14 20:00:00",1.35119295966485,-0.454913403549753
"2020-06-14 21:00:00",1.2512817416322,0.139759478987587
"2020-06-14 22:00:00",1.43954825607613,0.21004529127213
"2020-06-14 23:00:00",1.68862070406788,0.261399354245345
"2020-06-15 00:00:00",2.07591350207495,0.450640487131239
"2020-06-15 01:00:00",2.15038094691606,-0.182524000743287
"2020-06-15 02:00:00",2.06043793510457,-0.0267203336633619
"2020-06-15 03:00:00",1.93020643454472,-0.195704332369697
"2020-06-15 04:00:00",1.9846770760431,0.216175471556096
"2020-06-15 05:00:00",2.25958982421652,0.298449147074978
"2020-06-15 06:00:00",2.18480239512817,-0.32296545252882
"2020-06-15 07:00:00",1.63593829343944,-0.676194311972306
"2020-06-15 08:00:00",1.18995122275869,-0.273433215781419
"2020-06-15 09:00:00",0.777159326985272,-0.48761387176788
"2020-06-15 10:00:00",0.48441949955349,-0.149916630496186
"2020-06-15 11:00:00",0.595760128620681,0.279594134146882
"2020-06-15 12:00:00",0.54497346246866,-0.269391152613298
"2020-06-15 13:00:00",0.835341855275437,0.64903474276225
"2020-06-15 14:00:00",1.11724399810224,0.0226789886014118
"2020-06-15 15:00:00",0.584133323172159,-0.879737450678763
"2020-06-15 16:00:00",0.914497681562396,1.12063384194304
"2020-06-15 17:00:00",1.837666370963,0.74648068004558
"2020-06-15 18:00:00",1.56068763123406,-0.948479638711976
"2020-06-15 19:00:00",0.924227103039689,-0.400218205511872
"2020-06-15 20:00:00",0.364131601959794,-0.641254139220022
"2020-06-15 21:00:00",0.104140209724829,0.00606487966558211
"2020-06-15 22:00:00",-0.0416099433850913,-0.240166704486529
"2020-06-15 23:00:00",-0.61873553924947,-0.774282802292249
"2020-06-16 00:00:00",-1.45089764919122,-0.830406554032062
"2020-06-16 01:00:00",-1.85113053199188,-0.092566855190167
"2020-06-16 02:00:00",-1.49623679748831,0.638716786402683
"2020-06-16 03:00:00",-1.32776550452826,-0.151098004637832
"2020-06-16 04:00:00",-0.551432307295537,1.35943030797443
"2020-06-16 05:00:00",0.827892807993804,1.32775402625584
"2020-06-16 06:00:00",1.9005935160373,0.850627170719213
"2020-06-16 07:00:00",2.2046123481538,-0.0772764407279493
"2020-06-16 08:00:00",1.99077886718198,-0.297549592615673
"2020-06-16 09:00:00",1.63256333892833,-0.384201938750654
"2020-06-16 10:00:00",1.49227719627193,0.0268842315795232
"2020-06-16 11:00:00",1.75992547892105,0.413513519495567
"2020-06-16 12:00:00",2.41162217104299,0.777246748458688
"2020-06-16 13:00:00",2.82656497716511,0.150585507767262
"2020-06-16 14:00:00",2.79330641291152,-0.157881080078947
"2020-06-16 15:00:00",2.77131215999949,0.0660411435422286
"2020-06-16 16:00:00",3.0082432522869,0.336025884239124
"2020-06-16 17:00:00",3.63957479259247,0.794321770368412
"2020-06-16 18:00:00",3.75441235914919,-0.348291190000576
"2020-06-16 19:00:00",3.08548215549867,-0.855736717438645
"2020-06-16 20:00:00",1.93125432464159,-1.30234631565039
"2020-06-16 21:00:00",1.40800689482289,0.018518819775358
"2020-06-16 22:00:00",1.50297116362347,0.139600047099427
"2020-06-16 23:00:00",1.78458506601724,0.360969371186979
"2020-06-17 00:00:00",1.7558494513517,-0.28946865579764
"2020-06-17 01:00:00",1.02755465292432,-0.988495092291389
"2020-06-17 02:00:00",0.90255271194113,0.455266334647057
"2020-06-17 03:00:00",1.68153517120249,0.956609788301536
"2020-06-17 04:00:00",2.87974295742354,1.3001655117525
"2020-06-17 05:00:00",4.1632471870772,1.207694775848
"2020-06-17 06:00:00",5.47642681000225,1.31573547129943
"2020-06-17 07:00:00",6.48069790927542,0.741852479040133
"2020-06-17 08:00:00",6.61078092566921,-0.292288855633246
"2020-06-17 09:00:00",5.88944170577147,-0.981609006578163
"2020-06-17 10:00:00",5.2851548227825,-0.331616839056126
"2020-06-17 11:00:00",4.87480932416393,-0.450141457264743
"2020-06-17 12:00:00",4.99612958876794,0.490241584349895
"2020-06-17 13:00:00",5.06879478982871,-0.215605341363017
"2020-06-17 14:00:00",5.12051830316708,0.220950241037809
"2020-06-17 15:00:00",5.355821366216,0.2270917213415
"2020-06-17 16:00:00",5.34042126861985,-0.183228261824448
"2020-06-17 17:00:00",5.27868305715186,0.0153059023319538
"2020-06-17 18:00:00",5.70516176842751,0.673521199596979
"2020-06-17 19:00:00",5.8153898464981,-0.277883933310574
"2020-06-17 20:00:00",5.95287259832886,0.400362414540591
"2020-06-17 21:00:00",6.41698157645683,0.47688096248877
"2020-06-17 22:00:00",6.84367658117652,0.364693098431643
"2020-06-17 23:00:00",7.073543198968,0.120241971566077
"2020-06-18 00:00:00",6.55983413323453,-0.921039756054578
"2020-06-18 01:00:00",6.15229475768277,-0.0542985420837371
"2020-06-18 02:00:00",5.89665912668618,-0.385638266517003
"2020-06-18 03:00:00",5.82318664100709,0.130527471658517
"2020-06-18 04:00:00",5.94188204202048,0.0976634251869019
"2020-06-18 05:00:00",5.65613003902993,-0.535435897793259
"2020-06-18 06:00:00",5.06175250375386,-0.612715321896589
"2020-06-18 07:00:00",4.63237013534988,-0.293281044319863
"2020-06-18 08:00:00",4.44317364403462,-0.116786719053323
"2020-06-18 09:00:00",4.5428814928202,0.233571612902896
"2020-06-18 10:00:00",4.11252033201073,-0.858378976613932
"2020-06-18 11:00:00",2.80451013737595,-1.55090284311267
"2020-06-18 12:00:00",2.84223834925898,1.09139097235377
"2020-06-18 13:00:00",2.88178986139544,-0.667204895055093
"2020-06-18 14:00:00",2.20635495100064,-0.652538723581768
"2020-06-18 15:00:00",1.53616148880889,-0.652959025739223
"2020-06-18 16:00:00",0.911835146860576,-0.577550113415268
"2020-06-18 17:00:00",0.750969260454558,0.123388157456778
"2020-06-18 18:00:00",0.56198315151316,-0.389219295587593
"2020-06-18 19:00:00",-0.0286833675501839,-0.697618472728866
"2020-06-18 20:00:00",-0.63766213963798,-0.52091139653463
"2020-06-18 21:00:00",-0.570355856705113,0.457068108600829
"2020-06-18 22:00:00",-0.156080607088354,0.366796023884924
"2020-06-18 23:00:00",0.0725215791273757,0.125812614884868
"2020-06-19 00:00:00",1.26185338106721,1.84172286986154
"2020-06-19 01:00:00",2.33575579490021,0.509373594704799
"2020-06-19 02:00:00",2.76193393185619,0.347453880484358
"2020-06-19 03:00:00",2.85422606925335,-0.0857574938244777
"2020-06-19 04:00:00",2.62982430519023,-0.309844230233227
"2020-06-19 05:00:00",2.13834923009819,-0.592594457851377
"2020-06-19 06:00:00",1.34628177921288,-0.890164128820082
"2020-06-19 07:00:00",0.341776620738637,-1.03473259591354
"2020-06-19 08:00:00",-0.821663734595978,-1.19439855128257
"2020-06-19 09:00:00",-1.96452550500962,-1.05313764845753
"2020-06-19 10:00:00",-2.8408380536519,-0.714257854159785
"2020-06-19 11:00:00",-3.21091823065774,-0.119385608672614
"2020-06-19 12:00:00",-3.25944584683818,0.00515382303999935
"2020-06-19 13:00:00",-3.56489987939368,-0.49380734759548
"2020-06-19 14:00:00",-4.6562987249578,-1.43333015444169
"2020-06-19 15:00:00",-5.65298920971422,-0.652240116670061
"2020-06-19 16:00:00",-5.54547990282998,0.616176001603127
"2020-06-19 17:00:00",-4.51084555241954,1.27158258737577
"2020-06-19 18:00:00",-3.09276342687582,1.45417313757758
"2020-06-19 19:00:00",-2.06158639913643,0.704168841806824
"2020-06-19 20:00:00",-1.46928680637675,0.492232209886318
"2020-06-19 21:00:00",-0.695022245348416,0.927383711250021
"2020-06-19 22:00:00",0.154999741879495,0.758951480864115
"2020-06-19 23:00:00",0.947506327997192,0.77701714243147
"2020-06-20 00:00:00",1.62911008538557,0.584385584709932
"2020-06-20 01:00:00",2.40833374052809,0.869986034172782
"2020-06-20 02:00:00",3.18249067833216,0.670381145440407
"2020-06-20 03:00:00",3.50367185299763,0.0690218642798883
"2020-06-20 04:00:00",3.39035963078855,-0.233996516638638
"2020-06-20 05:00:00",2.60295472493546,-1.12328942074358
"2020-06-20 06:00:00",1.17763215263675,-1.56229834530901
"2020-06-20 07:00:00",-0.197425327804532,-1.18640799211073
"2020-06-20 08:00:00",-1.43753472205662,-1.21672612087254
"2020-06-20 09:00:00",-2.29157777447178,-0.569822450968768
"2020-06-20 10:00:00",-3.56011583430219,-1.67110755832251
"2020-06-20 11:00:00",-4.90945084686245,-1.06611652733105
"2020-06-20 12:00:00",-6.86701341088145,-2.45250146022664
"2020-06-20 13:00:00",-8.10268300006904,-0.356895031685473
"2020-06-20 14:00:00",-8.42582868772518,-0.274849748033732
"2020-06-20 15:00:00",-8.61033567288316,-0.104654355553578
"2020-06-20 16:00:00",-8.46366954479982,0.318336044820135
"2020-06-20 17:00:00",-7.98008271099636,0.581678675711252
"2020-06-20 18:00:00",-6.97577810268476,1.24860965591889
"2020-06-20 19:00:00",-5.68219713678143,1.27108015350557
"2020-06-20 20:00:00",-4.27379870041744,1.44033827626878
"2020-06-20 21:00:00",-2.95949681457588,1.17333146401598
"2020-06-20 22:00:00",-1.85366188382645,1.01210303243081
"2020-06-20 23:00:00",-1.06846120778751,0.599011385660731
"2020-06-21 00:00:00",-0.676523950124415,0.236642381370423
"2020-06-21 01:00:00",-0.1384191015678,0.714377797402537
"2020-06-21 02:00:00",0.423876997422249,0.434368431609587
"2020-06-21 03:00:00",0.692968455434715,0.1455754130389
"2020-06-21 04:00:00",0.583542779002192,-0.275116646292392
"2020-06-21 05:00:00",-0.12565766795708,-0.965635955011647
"2020-06-21 06:00:00",-1.40687515607113,-1.43055706567296
"2020-06-21 07:00:00",-2.98460462878629,-1.59905716794633
"2020-06-21 08:00:00",-4.69977752635828,-1.70723221277693
"2020-06-21 09:00:00",-5.86745352103303,-0.746434606428787
"2020-06-21 10:00:00",-5.65666204715027,0.846475502421901
"2020-06-21 11:00:00",-4.64474311514431,1.0814160994542
"2020-06-21 12:00:00",-4.39176662364591,-0.305343325486008
"2020-06-21 13:00:00",-3.95031535542951,0.923987642458181
"2020-06-21 14:00:00",-3.12955574831027,0.718030470842492
"2020-06-21 15:00:00",-2.51443397830135,0.521319670387846
"2020-06-21 16:00:00",-1.4847435889555,1.32290833404332
"2020-06-21 17:00:00",-0.696330654866949,0.396537051403123
"2020-06-21 18:00:00",-0.44996755441688,0.135439098620531
"2020-06-21 19:00:00",-0.17880460905139,0.349338317128131
"2020-06-21 20:00:00",-0.26477065447646,-0.371848588282608
"2020-06-21 21:00:00",-0.924225888449253,-0.819511684248025
"2020-06-21 22:00:00",-1.94984449535323,-1.11309320801707
"2020-06-21 23:00:00",-2.69532851332733,-0.462477886400548
"2020-06-22 00:00:00",-2.93497070920356,-0.0762267493172825
"2020-06-22 01:00:00",-2.7540964930512,0.347458925333127
"2020-06-22 02:00:00",-2.5762580294253,0.0598582153239028
"2020-06-22 03:00:00",-2.82924293854962,-0.446202030067567
"2020-06-22 04:00:00",-1.86752761895946,1.8582566700358
"2020-06-22 05:00:00",0.125461262671201,1.99050977444149
"2020-06-22 06:00:00",1.72540193598184,1.26337585443249
"2020-06-22 07:00:00",2.53147637526251,0.460684499952274
"2020-06-22 08:00:00",2.6500756732916,-0.118351458569074
"2020-06-22 09:00:00",2.48062603088833,-0.198877260118421
"2020-06-22 10:00:00",2.30132322714605,-0.160929556753928
"2020-06-22 11:00:00",2.21186257993373,-0.0405298758694186
"2020-06-22 12:00:00",2.24055038937133,0.0706187298859311
"2020-06-22 13:00:00",1.77196192489946,-0.808673989409847
"2020-06-22 14:00:00",1.26110615072133,-0.290321459235804
"2020-06-22 15:00:00",0.338820486524269,-1.30138664360642
"2020-06-22 16:00:00",-0.443896605548553,-0.400185627817158
"2020-06-22 17:00:00",-0.284154587846238,0.526001967543407
"2020-06-22 18:00:00",0.0599364836987779,0.206834365485663
"2020-06-22 19:00:00",-0.000803341091555804,-0.23631051824237
"2020-06-22 20:00:00",-0.480469860301697,-0.619106629828911
"2020-06-22 21:00:00",-1.09716125134999,-0.585157349205041
"2020-06-22 22:00:00",-1.53827829468621,-0.322716401033352
"2020-06-22 23:00:00",-1.98798299911135,-0.511010244523917
"2020-06-23 00:00:00",-1.85070676667071,0.565498336470203
"2020-06-23 01:00:00",-1.44795456403925,0.277502901697194
"2020-06-23 02:00:00",-1.27083629354644,0.103645596299604
"2020-06-23 03:00:00",-1.53449005725476,-0.494349611427524
"2020-06-23 04:00:00",-1.29721794040857,0.715714006409688
"2020-06-23 05:00:00",-0.443307287003667,0.907134497434222
"2020-06-23 06:00:00",0.146730280522597,0.351176226966437
"2020-06-23 07:00:00",0.228398553276473,-0.102070558224322
"2020-06-23 08:00:00",-0.0692341386732446,-0.414156242245462
"2020-06-23 09:00:00",-0.554688288132832,-0.509827599859716
"2020-06-23 10:00:00",-0.923919666172254,-0.257241741849891
"2020-06-23 11:00:00",-0.928781168625424,0.164810719575495
"2020-06-23 12:00:00",-0.530761318297138,0.535773150973744
"2020-06-23 13:00:00",-0.199362475630777,0.180087684562115
"2020-06-23 14:00:00",-0.215465873832858,-0.145873120848044
"2020-06-23 15:00:00",-0.331303495292218,-0.0900321161061731
"2020-06-23 16:00:00",-0.307803870351184,0.0984964015636711
"2020-06-23 17:00:00",0.167887681535279,0.704942811027559
"2020-06-23 18:00:00",0.901424504810005,0.717525638063854
"2020-06-23 19:00:00",0.895536129838598,-0.489037988079528
"2020-06-23 20:00:00",-0.0781008189412985,-1.25158484137829
"2020-06-23 21:00:00",-1.01156412681532,-0.676927655146541
"2020-06-23 22:00:00",-1.53205297120361,-0.390161275048534
"2020-06-23 23:00:00",-2.14886774028269,-0.736629705083185
"2020-06-24 00:00:00",-2.19100740021202,0.425617345272557
"2020-06-24 01:00:00",-2.52561654518029,-0.822694500546658
"2020-06-24 02:00:00",-2.63213481284285,0.379240658473782
"2020-06-24 03:00:00",-2.25741885846854,0.357285032149352
"2020-06-24 04:00:00",-1.16010096370451,1.54142985274589
"2020-06-24 05:00:00",0.340838335901266,1.40411728427461
"2020-06-24 06:00:00",1.38016655685782,0.746312212753746
"2020-06-24 07:00:00",1.69337434399949,0.00781447670415841
"2020-06-24 08:00:00",1.58476177633316,-0.18325016009993
"2020-06-24 09:00:00",1.54935404640798,0.0627926589153883
"2020-06-24 10:00:00",2.1353590339629,0.904964236936601
"2020-06-24 11:00:00",2.01284653527675,-0.804415304903371
"2020-06-24 12:00:00",-0.208640317146579,-3.06321535989011
"2020-06-24 13:00:00",-0.609280348233724,1.39368718106568
"2020-06-24 14:00:00",-0.150970404969006,-0.186257814779003
"2020-06-24 15:00:00",-0.319951609563888,-0.149239241208175
"2020-06-24 16:00:00",0.274736720521043,1.06278473858878
"2020-06-24 17:00:00",1.26614367374625,0.896357521951181
"2020-06-24 18:00:00",2.09509941249073,0.742998985360832
"2020-06-24 19:00:00",2.43531861067077,0.052837147239339
"2020-06-24 20:00:00",2.66733256111068,0.337299837850958
"2020-06-24 21:00:00",2.86342044273485,0.0891930862169493
"2020-06-24 22:00:00",2.9947306523966,0.149458249267362
"2020-06-24 23:00:00",3.1505392366575,0.148779148674056
"2020-06-25 00:00:00",3.45369271751171,0.387602532253683
"2020-06-25 01:00:00",4.27085307551911,1.06024605080848
"2020-06-25 02:00:00",5.47677435726414,1.24022845322011
"2020-06-25 03:00:00",5.95197179970259,-0.0644530313812189
"2020-06-25 04:00:00",5.87360265628062,-0.0915920281939992
"2020-06-25 05:00:00",5.92596953337122,0.13828071852381
"2020-06-25 06:00:00",5.83340439903287,-0.249697309974395
"2020-06-25 07:00:00",5.28278530520192,-0.732582058025874
"2020-06-25 08:00:00",4.10410608258604,-1.42686959832571
"2020-06-25 09:00:00",3.18035180670409,-0.549742056641991
"2020-06-25 10:00:00",3.39392673913624,0.708197188812459
"2020-06-25 11:00:00",4.14193163708292,0.734624810746382
"2020-06-25 12:00:00",4.36122476071093,-0.140013468164987
"2020-06-25 13:00:00",4.25786767031605,-0.0796283112051665
"2020-06-25 14:00:00",4.11503083050592,-0.183674301220589
"2020-06-25 15:00:00",4.18312874178416,0.227404634776366
"2020-06-25 16:00:00",4.53410430913947,0.411286301132393
"2020-06-25 17:00:00",4.90016473146403,0.312672763258034
"2020-06-25 18:00:00",5.37075459669969,0.547189694067272
"2020-06-25 19:00:00",5.47969713294594,-0.195314905302687
"2020-06-25 20:00:00",5.28738567381184,-0.188231792493486
"2020-06-25 21:00:00",5.22090415570383,0.0110298157635752
"2020-06-25 22:00:00",4.84647351593561,-0.620334862299764
"2020-06-25 23:00:00",4.25063446914162,-0.557440035436936
"2020-06-26 00:00:00",4.33451183578517,0.501951923784006
"2020-06-26 01:00:00",4.44174864568489,-0.166583406857126
"2020-06-26 02:00:00",4.19948739315048,-0.286923815457408
"2020-06-26 03:00:00",4.07703760294074,-0.0123950001093357
"2020-06-26 04:00:00",4.52496013126917,0.728257047639663
"2020-06-26 05:00:00",5.45473365448887,1.01410248433256
"2020-06-26 06:00:00",6.1677935317474,0.471455106631273
"2020-06-26 07:00:00",6.41241380816672,0.0738276233253588
"2020-06-26 08:00:00",6.63933663439641,0.309938333534499
"2020-06-26 09:00:00",6.35227420451551,-0.6799706066078
"2020-06-26 10:00:00",5.80117429630263,-0.447185161598259
"2020-06-26 11:00:00",3.00152608661732,-4.24236827222025
"2020-06-26 12:00:00",1.23099854799813,-0.0423950056154323
"2020-06-26 13:00:00",1.8437731092822,1.01884197377816
"2020-06-26 14:00:00",3.1518498744733,1.4363618536519
"2020-06-26 15:00:00",3.22975046665405,-0.835488180145914
"2020-06-26 16:00:00",2.84814341948575,-0.0650528628530364
"2020-06-26 17:00:00",2.67417448108177,-0.241981640642205
"2020-06-26 18:00:00",2.86531860262823,0.467360771394628
"2020-06-26 19:00:00",2.43148769455302,-1.01769207255802
"2020-06-26 20:00:00",1.95893783881825,-0.0898057959554631
"2020-06-26 21:00:00",2.27356089252213,0.566762763385803
"2020-06-26 22:00:00",2.57639925682939,0.109571355213264
"2020-06-26 23:00:00",2.61203455545441,-0.0186678755941845
"2020-06-27 00:00:00",3.56591480825373,1.55354107475965
"2020-06-27 01:00:00",4.13255825940231,-0.122798726913612
"2020-06-27 02:00:00",4.11254296442721,0.0441317516126455
"2020-06-27 03:00:00",4.05581042075995,-0.126577781035937
"2020-06-27 04:00:00",4.27998914926276,0.442133318502571
"2020-06-27 05:00:00",4.83323566010431,0.595515625781306
"2020-06-27 06:00:00",5.37041928918941,0.466541581696412
"2020-06-27 07:00:00",5.91311808781245,0.560760421007573
"2020-06-27 08:00:00",6.68427071008996,0.86714742274542
"2020-06-27 09:00:00",7.31052827760432,0.427294367178746
"2020-06-27 10:00:00",7.51447629960317,0.0359411826332976
"2020-06-27 11:00:00",7.56135669946439,0.042262240105016
"2020-06-27 12:00:00",7.67055970377574,0.138896637884507
"2020-06-27 13:00:00",7.64311102129292,-0.146923593512426
"2020-06-27 14:00:00",7.26936799464088,-0.517042276200785
"2020-06-27 15:00:00",7.47337888028425,0.665643122565063
"2020-06-27 16:00:00",8.17849326937836,0.688291375757645
"2020-06-27 17:00:00",8.14933492795691,-0.516603249815312
"2020-06-27 18:00:00",7.97040303075605,0.0441800623330048
"2020-06-27 19:00:00",8.026461367876,0.0510425702694946
"2020-06-27 20:00:00",7.7893887688587,-0.428223456102403
"2020-06-27 21:00:00",7.63573010420044,0.0266458228217346
"2020-06-27 22:00:00",7.90366096217039,0.406213557190015
"2020-06-27 23:00:00",7.85613053621469,-0.357947307211151
"2020-06-28 00:00:00",7.47405316682496,-0.390131110080082
"2020-06-28 01:00:00",7.7705741648481,0.730559809441521
"2020-06-28 02:00:00",8.31267503188362,0.380690283908652
"2020-06-28 03:00:00",8.22591210917774,-0.404981882443105
"2020-06-28 04:00:00",8.14582768540909,0.129715905055621
"2020-06-28 05:00:00",8.44461153739112,0.386799215900722
"2020-06-28 06:00:00",8.64571381894999,0.0568684779789379
"2020-06-28 07:00:00",8.65144460610838,-0.0397735827302241
"2020-06-28 08:00:00",8.55608524812052,-0.139032713302625
"2020-06-28 09:00:00",7.64501280192211,-1.39348865496321
"2020-06-28 10:00:00",6.17037263819458,-1.46851763218692
"2020-06-28 11:00:00",6.36548468670326,1.28695703275249
"2020-06-28 12:00:00",3.92675006498986,-4.81480249023223
"2020-06-28 13:00:00",1.48641502634322,-0.746480346958381
"2020-06-28 14:00:00",-0.423872353736548,-2.59728537469705
"2020-06-28 15:00:00",-1.49694847184032,-0.00541570957090109
"2020-06-28 16:00:00",-1.0309686682983,0.760024065161891
"2020-06-28 17:00:00",-0.327466550237653,0.633719990474432
"2020-06-28 18:00:00",0.0648177167009174,0.213110715518144
"2020-06-28 19:00:00",0.735035587120128,0.943018974206329
"2020-06-28 20:00:00",1.44099691261857,0.513431573442549
"2020-06-28 21:00:00",2.08910268330959,0.705232618601911
"2020-06-28 22:00:00",2.36030260523508,-0.0337295706759936
"2020-06-28 23:00:00",2.39080117620912,0.0688258598397612
"2020-06-29 00:00:00",3.22164896214365,1.29629168386458
"2020-06-29 01:00:00",4.09353010502041,0.543362932531198
"2020-06-29 02:00:00",4.54058185520209,0.356326864163034
"2020-06-29 03:00:00",4.77413440426998,0.134755148754551
"2020-06-29 04:00:00",4.56266777746981,-0.438380411299792
"2020-06-29 05:00:00",4.00894460699594,-0.61018390761859
"2020-06-29 06:00:00",3.30961453921232,-0.730694029482942
"2020-06-29 07:00:00",2.71961088196205,-0.472439822179326
"2020-06-29 08:00:00",2.03880134792568,-0.790873173485315
"2020-06-29 09:00:00",1.36678406676729,-0.563474720832462
"2020-06-29 10:00:00",0.505641499832908,-1.02042473261189
"2020-06-29 11:00:00",-0.144950334639442,-0.373776600034697
"2020-06-29 12:00:00",-0.512587406628841,-0.345887462780693
"2020-06-29 13:00:00",-1.88544842784682,-1.99160049128538
"2020-06-29 14:00:00",-2.85030889769696,-0.232099567300261
"2020-06-29 15:00:00",-3.04036946506251,-0.149330589705275
"2020-06-29 16:00:00",-2.44668124553319,1.06473184012312
"2020-06-29 17:00:00",-1.5585524260891,0.731344935438651
"2020-06-29 18:00:00",-1.05242037124878,0.333949947352146
"2020-06-29 19:00:00",-0.724246792478088,0.310084278288449
"2020-06-29 20:00:00",-0.470495547503056,0.205071689714583
"2020-06-29 21:00:00",0.0549987512353947,0.714740886312695
"2020-06-29 22:00:00",0.663519228931896,0.508720696323847
"2020-06-29 23:00:00",0.464019492645135,-0.663013615919096
"2020-06-30 00:00:00",0.460546784887169,0.435780882957013
"2020-06-30 01:00:00",0.667038797197365,0.0432295238425627
"2020-06-30 02:00:00",0.695564815267077,0.0165087653157447
"2020-06-30 03:00:00",0.791090799438998,0.142767604107317
"2020-06-30 04:00:00",1.31689421994662,0.75515107651377
"2020-06-30 05:00:00",1.69379725056238,0.10513479698785
"2020-06-30 06:00:00",1.48603988287006,-0.408658739914844
"2020-06-30 07:00:00",0.690235946406419,-1.01799518262174
"2020-06-30 08:00:00",-0.0300479764587113,-0.488475111967773
"2020-06-30 09:00:00",-0.417610890040214,-0.301833792068571
"2020-06-30 10:00:00",-1.01472363727193,-0.765049509630411
"2020-06-30 11:00:00",-1.90490579661183,-0.929994062622752
"2020-06-30 12:00:00",-2.75118738945924,-0.747804812756719
"2020-06-30 13:00:00",-3.39042612918726,-0.532941199514764
"2020-06-30 14:00:00",-3.42452246133822,0.304450413119305
"2020-06-30 15:00:00",-2.54442353486173,1.22644920186449
"2020-06-30 16:00:00",-2.06307111036664,-0.0349651852175876
"2020-06-30 17:00:00",-1.95955415654113,0.193576224005421
"2020-06-30 18:00:00",-1.7241012528038,0.25470672043599
"2020-06-30 19:00:00",-0.970179404141173,1.05312209391112
"2020-06-30 20:00:00",-0.51304025204273,0.0393511200470101
"2020-06-30 21:00:00",-0.171658363288625,0.527171183095041
"2020-06-30 22:00:00",0.342394683848127,0.481101498888964
"2020-06-30 23:00:00",0.3958225089357,-0.234663200229865
"2020-07-01 00:00:00",1.44114809479232,1.84845375806248
"2020-07-01 01:00:00",2.55521575287401,0.569688367748926
"2020-07-01 02:00:00",3.7491461858752,1.55005732572573
"2020-07-01 03:00:00",4.68022288430731,0.46935462534425
"2020-07-01 04:00:00",4.7038597944058,-0.280657334165217
"2020-07-01 05:00:00",4.33091037496733,-0.422815492385752
"2020-07-01 06:00:00",3.12671341136501,-1.6734672619936
"2020-07-01 07:00:00",2.13357843186516,-0.496423727718087
"2020-07-01 08:00:00",2.24314327670473,0.50559462398913
"2020-07-01 09:00:00",0.68541015146272,-2.86212972473702
"2020-07-01 10:00:00",-2.79458660417398,-3.72741715151777
"2020-07-01 11:00:00",-4.83386201919025,-0.813360473041857
"2020-07-01 12:00:00",-5.48871204323628,-0.511831232582723
"2020-07-01 13:00:00",-5.6760952104512,0.0448889434409156
"2020-07-01 14:00:00",-4.58627974198768,1.74194823274205
"2020-07-01 15:00:00",-3.18670428617721,1.11073373168148
"2020-07-01 16:00:00",-2.19597117934383,0.867761415951702
"2020-07-01 17:00:00",-1.50799232454899,0.538263246752903
"2020-07-01 18:00:00",-1.13472924459534,0.247470799606881
"2020-07-01 19:00:00",-0.75315614141148,0.454303225650054
"2020-07-01 20:00:00",-0.263416614542557,0.491061734383357
"2020-07-01 21:00:00",0.536679145770182,0.968434361586656
"2020-07-01 22:00:00",1.43817384985099,0.813339009096097
"2020-07-01 23:00:00",2.12540789424428,0.56865534496072
"2020-07-02 00:00:00",1.6706714110032,-1.11811617069698
"2020-07-02 01:00:00",0.899474571828822,-0.505427237665773
"2020-07-02 02:00:00",1.15403364190139,0.747952498376442
"2020-07-02 03:00:00",1.58264797299313,0.193871259417814
"2020-07-02 04:00:00",1.60126528144779,-0.101140758930782
"2020-07-02 05:00:00",1.41808926308567,-0.231224243301646
"2020-07-02 06:00:00",1.01090867097893,-0.506961224618215
"2020-07-02 07:00:00",0.568615134106066,-0.37946762201248
"2020-07-02 08:00:00",0.136193012072934,-0.447908818752963
"2020-07-02 09:00:00",-0.396935245626848,-0.564781841861199
"2020-07-02 10:00:00",-1.12511428985191,-0.801994581230491
"2020-07-02 11:00:00",-1.79949362233876,-0.555808048886883
"2020-07-02 12:00:00",-2.59065095486331,-0.908140094154932
"2020-07-02 13:00:00",-3.04096508812722,-0.120365047641462
"2020-07-02 14:00:00",-2.69926403189025,0.637421076156884
"2020-07-02 15:00:00",-2.21806792384819,0.357660020640856
"2020-07-02 16:00:00",-1.87079045785587,0.326711670647732
"2020-07-02 17:00:00",-1.2206288746873,0.83730664364728
"2020-07-02 18:00:00",-0.29862023954432,0.936235313925583
"2020-07-02 19:00:00",-0.27490255056864,-0.58535935555871
"2020-07-02 20:00:00",-0.540663302449669,-0.0397156007858565
"2020-07-02 21:00:00",0.0926390206975219,1.05257592881424
"2020-07-02 22:00:00",0.568124968021667,0.0680516380505546
"2020-07-02 23:00:00",0.848397972477144,0.407701046510615
"2020-07-03 00:00:00",0.879920480947872,-0.221850113944118
"2020-07-03 01:00:00",0.857184637457663,0.109951289711545
"2020-07-03 02:00:00",1.25262476860331,0.565867181698753
"2020-07-03 03:00:00",1.05615548451252,-0.696963033067658
"2020-07-03 04:00:00",0.729452137065322,-0.0657039554767568
"2020-07-03 05:00:00",0.397879600197862,-0.493999115518408
"2020-07-03 06:00:00",-0.139762890660828,-0.541701862734596
"2020-07-03 07:00:00",-0.765377267377528,-0.651646215798325
"2020-07-03 08:00:00",-1.53376310858718,-0.808711478977801
"2020-07-03 09:00:00",-2.14739475305921,-0.452444838931759
"2020-07-03 10:00:00",-2.4859680673146,-0.243804338412347
"2020-07-03 11:00:00",-2.51403828826469,0.120287378411282
"2020-07-03 12:00:00",-3.43377637965756,-1.56613173804222
"2020-07-03 13:00:00",-4.31278860146221,-0.374745445548332
"2020-07-03 14:00:00",-3.83062432351137,1.03607307054049
"2020-07-03 15:00:00",-3.3497405240293,0.0928487145319691
"2020-07-03 16:00:00",-3.00179804146331,0.505784576695116
"2020-07-03 17:00:00",-2.33008739989729,0.75427499351738
"2020-07-03 18:00:00",-1.48512216370537,0.868274711141245
"2020-07-03 19:00:00",-1.13071621579512,-0.00309485531460718
"2020-07-03 20:00:00",-1.50779554849656,-0.607022497964377
"2020-07-03 21:00:00",-1.66076305436029,0.158942559704956
"2020-07-03 22:00:00",-1.09979055437613,0.804470927262482
"2020-07-03 23:00:00",-0.451915642373756,0.514109919831482
"2020-07-04 00:00:00",-0.501371328147512,-0.422227297167513
"2020-07-04 01:00:00",-0.591807521239796,0.135697670487913
"2020-07-04 02:00:00",-0.28441583755858,0.408007968901766
"2020-07-04 03:00:00",0.00704091935127922,0.200273922127609
"2020-07-04 04:00:00",0.463379826052796,0.605352005217708
"2020-07-04 05:00:00",1.13636161100637,0.685490771268622
"2020-07-04 06:00:00",1.72497492497899,0.494594597635339
"2020-07-04 07:00:00",1.88732275080242,-0.06908373594435
"2020-07-04 08:00:00",1.44606491073245,-0.670833420691222
"2020-07-04 09:00:00",0.903219327712189,-0.433589520557109
"2020-07-04 10:00:00",0.709046015237727,-0.0265020996621566
"2020-07-04 11:00:00",0.657723328782984,-0.0663443170359618
"2020-07-04 12:00:00",0.547714895065224,-0.134737361944941
"2020-07-04 13:00:00",0.0205165562708951,-0.76448822241405
"2020-07-04 14:00:00",0.21044000895383,0.817135665150617
"2020-07-04 15:00:00",-0.951213977170392,-2.42589490021932
"2020-07-04 16:00:00",-2.09641427450118,-0.235773421222316
"2020-07-04 17:00:00",-0.961890307720085,1.99682969123759
"2020-07-04 18:00:00",-0.197299020498231,-0.0919804892092205
"2020-07-04 19:00:00",-0.124830240734402,0.178910340635435
"2020-07-04 20:00:00",0.956201584632789,1.63122689657794
"2020-07-04 21:00:00",1.72270083451781,0.152368191810378
"2020-07-04 22:00:00",2.31433064211035,0.854132199746841
"2020-07-04 23:00:00",2.92127112294998,0.410325130389444
"2020-07-05 00:00:00",3.18809859767706,0.154720181343611
"2020-07-05 01:00:00",4.0884816815733,1.35058948390583
"2020-07-05 02:00:00",5.27244041680475,1.01134409019028
"2020-07-05 03:00:00",6.06831666191568,0.607619872781482
"2020-07-05 04:00:00",6.53124100740728,0.336644818090894
"2020-07-05 05:00:00",6.27230688646179,-0.652091778388408
"2020-07-05 06:00:00",5.32737753566598,-1.10333112970264
"2020-07-05 07:00:00",4.39273478848216,-0.784636940143107
"2020-07-05 08:00:00",3.62901035916046,-0.719151756141773
"2020-07-05 09:00:00",3.09689403221259,-0.386818650502994
"2020-07-05 10:00:00",2.79372266939419,-0.236991583244407
"2020-07-05 11:00:00",2.87178050205487,0.280777987950179
"2020-07-05 12:00:00",2.46966585896227,-0.841961032941772
"2020-07-05 13:00:00",1.95756970574573,-0.271037872797525
"2020-07-05 14:00:00",2.39652337607602,0.8888920495163
"2020-07-05 15:00:00",2.30740563750518,-0.739966570205022
"2020-07-05 16:00:00",1.90721061361056,-0.157640792693352
"2020-07-05 17:00:00",0.811588919326199,-1.67132610553315
"2020-07-05 18:00:00",-0.0604987713043567,-0.298875854429234
"2020-07-05 19:00:00",0.406914872882337,0.956131433607656
"2020-07-05 20:00:00",1.4745053122511,1.09063962646364
"2020-07-05 21:00:00",2.26962777164911,0.558430596910938
"2020-07-05 22:00:00",2.62994840519901,0.208202720684213
"2020-07-05 23:00:00",2.64631321639448,-0.115691551135485
"2020-07-06 00:00:00",3.21692905609593,0.997621037482354
"2020-07-06 01:00:00",3.8377904827045,0.336044343428534
"2020-07-06 02:00:00",3.67906192149051,-0.485974267342951
"2020-07-06 03:00:00",3.32443136350739,-0.254958572799365
"2020-07-06 04:00:00",2.7878471464969,-0.703117182238909
"2020-07-06 05:00:00",2.24220857981239,-0.418318612059347
"2020-07-06 06:00:00",1.38125416748864,-1.11801725566821
"2020-07-06 07:00:00",-0.061066903597516,-1.59176166651121
"2020-07-06 08:00:00",-1.69635735237352,-1.58652250466411
"2020-07-06 09:00:00",-3.19795589252002,-1.37144260504966
"2020-07-06 10:00:00",-4.22972391693958,-0.752172307978421
"2020-07-06 11:00:00",-4.57887706013685,-0.0584363067192005
"2020-07-06 12:00:00",-5.01949520277199,-0.66856351270892
"2020-07-06 13:00:00",-5.74698881410387,-0.725741550922458
"2020-07-06 14:00:00",-6.20479745307961,-0.250029401217647
"2020-07-06 15:00:00",-6.26534279373365,0.0766477808802692
"2020-07-06 16:00:00",-6.69395437229222,-0.737004615258463
"2020-07-06 17:00:00",-6.78203303436475,0.357342566191681
"2020-07-06 18:00:00",-6.20981255591732,0.697017746417205
"2020-07-06 19:00:00",-5.44903558300193,0.775132709794994
"2020-07-06 20:00:00",-4.81026656219598,0.524529142366057
"2020-07-06 21:00:00",-4.40257128005635,0.316632429925351
"2020-07-06 22:00:00",-4.23346112885761,0.0684007569886473
"2020-07-06 23:00:00",-4.22339868038052,-0.0238520410160575
"2020-07-07 00:00:00",-4.0104046390029,0.366209672745803
"2020-07-07 01:00:00",-4.24287271298726,-0.61536529913673
"2020-07-07 02:00:00",-4.413959766608,0.138690728901677
"2020-07-07 03:00:00",-4.39234014384971,-0.051766002760308
"2020-07-07 04:00:00",-4.1952564826616,0.359275293210237
"2020-07-07 05:00:00",-4.04345268699016,0.0116841733753841
"2020-07-07 06:00:00",-4.42252116324736,-0.616342371618886
"2020-07-07 07:00:00",-5.31353975906333,-1.02609350954783
"2020-07-07 08:00:00",-6.16553256002087,-0.688594470166667
"2020-07-07 09:00:00",-6.65122128740151,-0.319396025109626
"2020-07-07 10:00:00",-6.85712800535005,-0.11189316958944
"2020-07-07 11:00:00",-6.98679130743983,-0.12651227468617
"2020-07-07 12:00:00",-7.46179685320191,-0.67575535728978
"2020-07-07 13:00:00",-7.99238861611392,-0.398989051372747
"2020-07-07 14:00:00",-7.58512856085711,0.935696591472258
"2020-07-07 15:00:00",-7.05169659396562,0.249685904925943
"2020-07-07 16:00:00",-6.99328294605421,-0.0627880272388368
"2020-07-07 17:00:00",-6.34453939256498,1.10127355640883
"2020-07-07 18:00:00",-5.06809825945479,1.34073742645958
"2020-07-07 19:00:00",-3.95384746720767,0.916844504003038
"2020-07-07 20:00:00",-3.24586299380095,0.540198751141219
"2020-07-07 21:00:00",-3.39880438573112,-0.603576724895372
"2020-07-07 22:00:00",-3.89103142054859,-0.390225166567021
"2020-07-07 23:00:00",-4.11084714183566,-0.0907518776258149
"2020-07-08 00:00:00",-4.26550982042437,-0.18462246791888
"2020-07-08 01:00:00",-4.24018703433229,0.169577116795143
"2020-07-08 02:00:00",-3.91876307408593,0.412843503917395
"2020-07-08 03:00:00",-3.55948955171299,0.311538059454444
"2020-07-08 04:00:00",-3.51327765784961,-0.128278442100433
"2020-07-08 05:00:00",-3.70368189869402,-0.218245658189628
"2020-07-08 06:00:00",-4.3289750738144,-0.862167519379401
"2020-07-08 07:00:00",-5.50766309602049,-1.32810932680111
"2020-07-08 08:00:00",-6.57598374651078,-0.837268067049213
"2020-07-08 09:00:00",-7.46917789310435,-0.879559773373607
"2020-07-08 10:00:00",-8.12237471931731,-0.461626503250046
"2020-07-08 11:00:00",-8.59426856892487,-0.445848082307112
"2020-07-08 12:00:00",-9.7298083280921,-1.53029177856267
"2020-07-08 13:00:00",-10.3539524122953,0.022140877515027
"2020-07-08 14:00:00",-10.2026846392019,0.243504825080215
"2020-07-08 15:00:00",-9.71511043030024,0.640262301911112
"2020-07-08 16:00:00",-8.96137361214199,0.806086976277899
"2020-07-08 17:00:00",-7.81287432437572,1.33374194096139
"2020-07-08 18:00:00",-6.35605188508703,1.47971508720586
"2020-07-08 19:00:00",-5.5425509279916,0.338899052521888
"2020-07-08 20:00:00",-6.09483822423614,-1.11301503755113
"2020-07-08 21:00:00",-5.80952215030423,1.21181679625605
"2020-07-08 22:00:00",-4.29357788099358,1.65414191707597
"2020-07-08 23:00:00",-3.02363351502234,0.959002742298704
"2020-07-09 00:00:00",-3.22044360788771,-0.954090422706041
"2020-07-09 01:00:00",-3.58038915787007,0.0573985644696406
"2020-07-09 02:00:00",-3.61579277237243,-0.0909746567140956
"2020-07-09 03:00:00",-3.10802650125513,0.887450707703386
"2020-07-09 04:00:00",-2.40540792717516,0.550016241787615
"2020-07-09 05:00:00",-2.48780274169593,-0.496980109033332
"2020-07-09 06:00:00",-3.31648842003198,-1.0072346024548
"2020-07-09 07:00:00",-3.99754516513225,-0.42697152608835
"2020-07-09 08:00:00",-4.4790012464128,-0.489748801021196
"2020-07-09 09:00:00",-5.2966891769889,-0.991682693503485
"2020-07-09 10:00:00",-6.37206868403273,-1.07324980559916
"2020-07-09 11:00:00",-7.34949641800948,-0.858889675525688
"2020-07-09 12:00:00",-8.72405345448543,-1.64354086773528
"2020-07-09 13:00:00",-9.6035531540598,-0.317112496579748
"2020-07-09 14:00:00",-8.98602665229893,1.22363926492504
"2020-07-09 15:00:00",-7.80598009035355,1.10648955210393
"2020-07-09 16:00:00",-6.78459595103706,0.926171391078442
"2020-07-09 17:00:00",-5.40937993127717,1.61796726268989
"2020-07-09 18:00:00",-4.31232826621589,0.704619786026733
"2020-07-09 19:00:00",-3.35460416400372,1.08650387329312
"2020-07-09 20:00:00",-2.43286755065532,0.77241602782366
"2020-07-09 21:00:00",-1.83856016747433,0.450464172365847
"2020-07-09 22:00:00",-1.43749556886949,0.351442935035562
"2020-07-09 23:00:00",-1.55333504534529,-0.419998848197416
"2020-07-10 00:00:00",-0.871379109636188,1.3861755483656
"2020-07-10 01:00:00",0.0736727963549594,0.607189046996029
"2020-07-10 02:00:00",0.74819335433812,0.687259755105052
"2020-07-10 03:00:00",1.38002257683076,0.563887921752328
"2020-07-10 04:00:00",1.58951776477957,-0.0384960070645209
"2020-07-10 05:00:00",1.34955167914195,-0.364922411584765
"2020-07-10 06:00:00",0.824650083914062,-0.608348620784701
"2020-07-10 07:00:00",-0.153335871001162,-1.17899605373891
"2020-07-10 08:00:00",-1.47509234853937,-1.35392187781239
"2020-07-10 09:00:00",-2.58961225451987,-0.900059223212841
"2020-07-10 10:00:00",-2.38276025476376,0.938287825200433
"2020-07-10 11:00:00",-0.11534568508318,3.04880841351421
"2020-07-10 12:00:00",0.268852658569552,-1.41028655422937
"2020-07-10 13:00:00",-1.95791823649641,-2.66561630496343
"2020-07-10 14:00:00",-2.94512608992761,0.181146640116797
"2020-07-10 15:00:00",-3.31800051421102,-0.720701725107527
"2020-07-10 16:00:00",-4.14374485653607,-0.852257168188974
"2020-07-10 17:00:00",-5.36108620489224,-1.39753979599539
"2020-07-10 18:00:00",-6.50986168296789,-0.921438059261737
"2020-07-10 19:00:00",-6.46976796234855,0.687587418874767
"2020-07-10 20:00:00",-5.91839911391528,0.442694225369736
"2020-07-10 21:00:00",-5.8595107451191,-0.192149789477183
"2020-07-10 22:00:00",-6.083111417853,-0.226391673388861
"2020-07-10 23:00:00",-6.32365482083879,-0.230708591053085
"2020-07-11 00:00:00",-6.3838867966403,0.0644279979974879
"2020-07-11 01:00:00",-6.27006188285309,0.149572996095708
"2020-07-11 02:00:00",-5.99455266672291,0.354452829984388
"2020-07-11 03:00:00",-5.8657736805704,-0.0200626390871231
"2020-07-11 04:00:00",-5.78351544894851,0.15412074404017
"2020-07-11 05:00:00",-5.59413507719486,0.211339772019566
"2020-07-11 06:00:00",-5.56358137306412,-0.0842116172908322
"2020-07-11 07:00:00",-5.81170975620575,-0.338444271092719
"2020-07-11 08:00:00",-6.2122776418353,-0.415459255950445
"2020-07-11 09:00:00",-6.42399837624263,-0.0578314031064199
"2020-07-11 10:00:00",-6.29755567089473,0.251559493809958
"2020-07-11 11:00:00",-6.51154012697827,-0.506058434353863
"2020-07-11 12:00:00",-6.97368279449004,-0.402514519932857
"2020-07-11 13:00:00",-7.06202938917039,0.134279577702624
"2020-07-11 14:00:00",-7.08227645029864,-0.113200850616826
"2020-07-11 15:00:00",-7.03530332280374,0.160648031610409
"2020-07-11 16:00:00",-6.78695409020533,0.30407997654964
"2020-07-11 17:00:00",-6.32628003289339,0.551923050173312
"2020-07-11 18:00:00",-5.96814397277631,0.220080539623101
"2020-07-11 19:00:00",-6.29416997004717,-0.666907795103901
"2020-07-11 20:00:00",-7.19107712069942,-0.999506370108218
"2020-07-11 21:00:00",-7.48922914895085,0.19284400961225
"2020-07-11 22:00:00",-7.2548862760196,0.260523079355382
"2020-07-11 23:00:00",-7.08596819806471,0.109170846124419
"2020-07-12 00:00:00",-6.77674650860206,0.437023594909913
"2020-07-12 01:00:00",-6.87793505174374,-0.446449667005935
"2020-07-12 02:00:00",-6.76812165884623,0.484293777066763
"2020-07-12 03:00:00",-6.60814662622356,-0.0551143460491159
"2020-07-12 04:00:00",-6.37586292908324,0.42135640958203
"2020-07-12 05:00:00",-5.68368006147345,0.848054610697858
"2020-07-12 06:00:00",-5.13136930255404,0.336230038294271
"2020-07-12 07:00:00",-5.0992988039306,-0.165610808184907
"2020-07-12 08:00:00",-5.47772393428992,-0.495745492761398
"2020-07-12 09:00:00",-5.99529705580354,-0.500471314666405
"2020-07-12 10:00:00",-6.32360165439416,-0.190202391622138
"2020-07-12 11:00:00",-6.39140714070776,0.0251617093963306
"2020-07-12 12:00:00",-6.32004923815443,0.106999901617134
"2020-07-12 13:00:00",-6.31877210965919,-0.0611202287646306
"2020-07-12 14:00:00",-6.43483948525219,-0.139040398041063
"2020-07-12 15:00:00",-6.86651830244215,-0.597962791459832
"2020-07-12 16:00:00",-6.86399675537583,0.411566013094496
"2020-07-12 17:00:00",-6.61784376824756,0.133027385894882
"2020-07-12 18:00:00",-6.27170134898738,0.480295964993949
"2020-07-12 19:00:00",-6.50408836294254,-0.688376396827477
"2020-07-12 20:00:00",-7.51480145892197,-1.16919101823145
"2020-07-12 21:00:00",-7.1656824837801,1.35440215172004
"2020-07-12 22:00:00",-5.7168754677174,1.45212981710556
"2020-07-12 23:00:00",-6.0198802301408,-1.45130936303073
"2020-07-13 00:00:00",-6.85906627878466,-0.38347596679609
"2020-07-13 01:00:00",-7.27161068047475,-0.403480622832436
"2020-07-13 02:00:00",-6.7072553773975,1.1921207073029
"2020-07-13 03:00:00",-5.89272232364226,0.532749061085188
"2020-07-13 04:00:00",-5.53186343874505,0.236712925999184
"2020-07-13 05:00:00",-4.32870106828918,1.79740593738286
"2020-07-13 06:00:00",-2.79703768542784,1.28729896162436
"2020-07-13 07:00:00",-2.28507586462419,-0.0256447116352175
"2020-07-13 08:00:00",-2.69025573579778,-0.63600060628343
"2020-07-13 09:00:00",-3.10890396312357,-0.250388545198228
"2020-07-13 10:00:00",-3.57770219522437,-0.588119116996698
"2020-07-13 11:00:00",-3.7099982411014,0.182477697307982
"2020-07-13 12:00:00",-3.42480561073185,0.344896611544178
"2020-07-13 13:00:00",-3.33542868699099,-0.0808005985335944
"2020-07-13 14:00:00",-3.25818167555248,0.183237593542522
"2020-07-13 15:00:00",-3.1587659272651,0.0430097693579544
"2020-07-13 16:00:00",-2.93390834439578,0.339472692680387
"2020-07-13 17:00:00",-2.15613858892384,1.03678435881198
"2020-07-13 18:00:00",-1.52548192953677,0.332719430003007
"2020-07-13 19:00:00",-2.16689637793851,-1.25838072032551
"2020-07-13 20:00:00",-3.09696506399394,-0.664209178416537
"2020-07-13 21:00:00",-3.79735728877286,-0.687240923740762
"2020-07-13 22:00:00",-4.53856399910746,-0.737068368483768
"2020-07-13 23:00:00",-5.20312103099474,-0.578789261473771
"2020-07-14 00:00:00",-4.5045192317409,1.52368904958962
"2020-07-14 01:00:00",-4.19624547079213,-0.510833863136255
"2020-07-14 02:00:00",-4.45297283142217,-0.069719107512656
"2020-07-14 03:00:00",-4.26921768701401,0.349741276510315
"2020-07-14 04:00:00",-3.56434247190072,0.913633248718798
"2020-07-14 05:00:00",-2.15283737378935,1.68093323276362
"2020-07-14 06:00:00",-0.67545572820668,1.27425279290312
"2020-07-14 07:00:00",0.201148644643126,0.570724622042446
"2020-07-14 08:00:00",0.698595874297747,0.4246988889508
"2020-07-14 09:00:00",1.31399152665907,0.712381264681858
"2020-07-14 10:00:00",2.09674805688604,0.790783289592808
"2020-07-14 11:00:00",2.42312273660599,-0.00143680005423819
"2020-07-14 12:00:00",2.65256259975742,0.369329775579232
"2020-07-14 13:00:00",2.95811878213529,0.245103258530322
"2020-07-14 14:00:00",2.86888321452789,-0.311695751333996
"2020-07-14 15:00:00",2.82455883112067,0.132329616759816
"2020-07-14 16:00:00",2.96318526191612,0.132597082730078
"2020-07-14 17:00:00",3.27120078477452,0.40650412471919
"2020-07-14 18:00:00",2.98498894010994,-0.738629333717193
"2020-07-14 19:00:00",2.10624966881336,-0.934233635212396
"2020-07-14 20:00:00",1.67079992371445,-0.0849545869406839
"2020-07-14 21:00:00",2.26134142576905,1.01064947467175
"2020-07-14 22:00:00",1.23598329224297,-2.3368631811312
"2020-07-14 23:00:00",-0.060878455095249,-0.54350582874021
"2020-07-15 00:00:00",0.0223692165565081,0.497198844674743
"2020-07-15 01:00:00",0.251656160761128,0.0397576378040974
"2020-07-15 02:00:00",0.404856054943598,0.221222542665506
"2020-07-15 03:00:00",0.602408585859549,0.171863524890143
"2020-07-15 04:00:00",0.486864812255975,-0.302431094378173
"2020-07-15 05:00:00",-0.241700721340946,-0.978656761691573
"2020-07-15 06:00:00",-1.69352381170312,-1.69796082061899
"2020-07-15 07:00:00",-3.77018817274778,-2.22826509560372
"2020-07-15 08:00:00",-5.77412498726284,-1.75430311868005
"2020-07-15 09:00:00",-7.31865203866444,-1.32384325977823
"2020-07-15 10:00:00",-8.25899685136767,-0.630568140492253
"2020-07-15 11:00:00",-9.3489182450849,-1.33371684584617
"2020-07-15 12:00:00",-9.75688611953131,0.240621016481946
"2020-07-15 13:00:00",-10.1200440032398,-0.735840633549821
"2020-07-15 14:00:00",-10.736817667415,-0.495047694175855
"2020-07-15 15:00:00",-11.0101953382563,-0.0987740065955222
"2020-07-15 16:00:00",-10.7920128030448,0.433303119126791
"2020-07-15 17:00:00",-9.97301044997937,1.05111890280113
"2020-07-15 18:00:00",-8.60932786608853,1.52010470556138
"2020-07-15 19:00:00",-7.33079681903792,1.06782363363432
"2020-07-15 20:00:00",-6.47068686691261,0.690211066928401
"2020-07-15 21:00:00",-5.83144153139679,0.583230327279352
"2020-07-15 22:00:00",-5.13916162093752,0.739596076999759
"2020-07-15 23:00:00",-4.7327832736574,0.171548414134898
"2020-07-16 00:00:00",-4.39445871900021,0.439528446721776
"2020-07-16 01:00:00",-4.43042362623739,-0.345583406369687
"2020-07-16 02:00:00",-4.20576317344764,0.599849901147318
"2020-07-16 03:00:00",-3.78731511364831,0.283050689232849
"2020-07-16 04:00:00",-3.61413488907957,0.0965853915738564
"2020-07-16 05:00:00",-3.607972089451,-0.0497536027382017
"2020-07-16 06:00:00",-3.95852635990846,-0.529777327093682
"2020-07-16 07:00:00",-4.78035594678251,-0.97237404735394
"2020-07-16 08:00:00",-5.71962038142413,-0.866398544694113
"2020-07-16 09:00:00",-6.1174811209005,-0.0592311202388157
"2020-07-16 10:00:00",-5.92349722765255,0.361456017215935
"2020-07-16 11:00:00",-5.88182452370967,-0.165859833826086
"2020-07-16 12:00:00",-6.43783059671398,-0.782098822752008
"2020-07-16 13:00:00",-7.14327702136751,-0.612527568924696
"2020-07-16 14:00:00",-6.79404961726309,0.982996277584983
"2020-07-16 15:00:00",-7.42619603225904,-1.67009602749481
"2020-07-16 16:00:00",-7.75905370768208,0.584006030466355
"2020-07-16 17:00:00",-7.03175720784616,0.798259484657778
"2020-07-16 18:00:00",-6.09677668097617,0.990757765071964
"2020-07-16 19:00:00",-5.85347668410835,-0.258701934968524
"2020-07-16 20:00:00",-5.96035949440776,0.00694999495118948
"2020-07-16 21:00:00",-5.76537078747206,0.318760483662638
"2020-07-16 22:00:00",-5.80767795429372,-0.273575222204835
"2020-07-16 23:00:00",-6.14316199021273,-0.353330146179965
"2020-07-17 00:00:00",-6.10232943504529,0.309578960789252
"2020-07-17 01:00:00",-5.80451216748409,0.283687621357877
"2020-07-17 02:00:00",-5.56685255612768,0.203161027396578
"2020-07-17 03:00:00",-5.38104788569527,0.172578064919422
"2020-07-17 04:00:00",-4.92881444500046,0.624111357615383
"2020-07-17 05:00:00",-4.05566534433874,1.0040312199463
"2020-07-17 06:00:00",-3.27455214162081,0.60061181970961
"2020-07-17 07:00:00",-3.09282808829077,-0.101945571788667
"2020-07-17 08:00:00",-3.69325098903849,-0.900218385295793
"2020-07-17 09:00:00",-4.70673541360777,-1.03607460493264
"2020-07-17 10:00:00",-6.30262404933521,-1.88719099751882
"2020-07-17 11:00:00",-6.78564571548099,0.484149804410503
"2020-07-17 12:00:00",-7.34999638722167,-1.22777763409211
"2020-07-17 13:00:00",-7.3428207454282,0.839594094810203
"2020-07-17 14:00:00",-6.13149799288931,1.41103831521648
"2020-07-17 15:00:00",-5.64632282437097,-0.147210681999078
"2020-07-17 16:00:00",-5.58320869342792,0.207604985864401
"2020-07-17 17:00:00",-4.8112233232595,1.11874284693921
"2020-07-17 18:00:00",-3.91823283623254,0.706256846265884
"2020-07-17 19:00:00",-3.68660913447816,-0.0907506354126502
"2020-07-17 20:00:00",-3.87887430154563,-0.246053511429455
"2020-07-17 21:00:00",-4.04580518165847,-0.101252602566615
"2020-07-17 22:00:00",-3.99869767867186,0.148987456152141
"2020-07-17 23:00:00",-3.68899863740824,0.407274291251786
"2020-07-18 00:00:00",-2.59989769472121,1.49664460782875
"2020-07-18 01:00:00",-2.07496699729345,-0.144461773939619
"2020-07-18 02:00:00",-2.1513073371145,-0.0246253810629643
"2020-07-18 03:00:00",-2.24530965215446,-0.133013727371017
"2020-07-18 04:00:00",-2.3441630777165,-0.0684895286454511
"2020-07-18 05:00:00",-2.24782015476475,0.204671890326231
"2020-07-18 06:00:00",-1.96242682763924,0.32854153210653
"2020-07-18 07:00:00",-1.77905047864578,0.0804160452173822
"2020-07-18 08:00:00",-1.31685423316934,0.697041283146361
"2020-07-18 09:00:00",-0.827660693615698,0.329081450421209
"2020-07-18 10:00:00",-0.436746636382901,0.414625633264687
"2020-07-18 11:00:00",0.034146814548434,0.486590930735503
"2020-07-18 12:00:00",0.442162929764267,0.33620112571793
"2020-07-18 13:00:00",0.669007813848852,0.142592663524387
"2020-07-18 14:00:00",0.802215088257793,0.119758449523647
"2020-07-18 15:00:00",0.712229181962046,-0.226570770711144
"2020-07-18 16:00:00",0.838556494682591,0.354667955117634
"2020-07-18 17:00:00",1.51824991575076,0.862994246093784
"2020-07-18 18:00:00",2.08237095827201,0.336112529941915
"2020-07-18 19:00:00",1.25942915190549,-1.55920929899521
"2020-07-18 20:00:00",0.464210681718493,-0.249734488268791
"2020-07-18 21:00:00",0.561632326968262,0.323627560068959
"2020-07-18 22:00:00",1.15543590901763,0.744977002665795
"2020-07-18 23:00:00",1.19696365154532,-0.430892761806135
"2020-07-19 00:00:00",2.00101883483536,1.58758930340201
"2020-07-19 01:00:00",2.23823944759563,-0.676861032683534
"2020-07-19 02:00:00",1.69575694236603,-0.430004100840285
"2020-07-19 03:00:00",1.29997529520508,-0.356344919387971
"2020-07-19 04:00:00",1.55928153640374,0.655736199235632
"2020-07-19 05:00:00",2.45638116960568,1.01336698679985
"2020-07-19 06:00:00",3.65293353895154,1.25864921098076
"2020-07-19 07:00:00",4.50818330175225,0.540973271852492
"2020-07-19 08:00:00",4.83906185751017,0.169285418548611
"2020-07-19 09:00:00",4.80094001976186,-0.180815072538131
"2020-07-19 10:00:00",4.60532208819774,-0.202377169406054
"2020-07-19 11:00:00",4.63578821018899,0.178310229410189
"2020-07-19 12:00:00",4.52459762790119,-0.304877811210159
"2020-07-19 13:00:00",4.63388523716015,0.374369566682693
"2020-07-19 14:00:00",4.38593536823362,-0.657011262832321
"2020-07-19 15:00:00",4.11055005020265,-0.0135378877144658
"2020-07-19 16:00:00",3.41051168674516,-1.12972907178437
"2020-07-19 17:00:00",3.11314185670662,0.267263000109688
"2020-07-19 18:00:00",3.67703055467926,0.73082860965085
"2020-07-19 19:00:00",3.7827301398137,-0.32080703233302
"2020-07-19 20:00:00",3.77158062607136,0.190940749164069
"2020-07-19 21:00:00",4.15498022288853,0.488624380766933
"2020-07-19 22:00:00",4.29709234225219,-0.100999314459768
"2020-07-19 23:00:00",4.08233676163396,-0.285923976281246
"2020-07-20 00:00:00",3.55706495033837,-0.665134238861163
"2020-07-20 01:00:00",3.10016058430285,-0.300958614938714
"2020-07-20 02:00:00",2.87851492548738,-0.162233643069244
"2020-07-20 03:00:00",2.45002991505605,-0.589330829917019
"2020-07-20 04:00:00",2.59445453195011,0.623566579854704
"2020-07-20 05:00:00",3.27853768906892,0.688576464985034
"2020-07-20 06:00:00",3.54918845251119,-0.0250475190999028
"2020-07-20 07:00:00",3.43224107629291,-0.177229116230277
"2020-07-20 08:00:00",2.80548141005154,-0.901081186184329
"2020-07-20 09:00:00",2.03213218467025,-0.655062097870529
"2020-07-20 10:00:00",1.09767429196977,-1.07893236438781
"2020-07-20 11:00:00",-0.146494052837259,-1.29661618056068
"2020-07-20 12:00:00",-0.0625770980679529,1.00045790658951
"2020-07-20 13:00:00",-0.635554517547128,-1.59460840998308
"2020-07-20 14:00:00",-3.00380481874306,-2.77064613540829
"2020-07-20 15:00:00",-4.93895986455451,-1.2823423913356
"2020-07-20 16:00:00",-4.77503150962246,1.12666709988717
"2020-07-20 17:00:00",-3.81435722697452,0.810516736220391
"2020-07-20 18:00:00",-3.18476692756674,0.483972152328815
"2020-07-20 19:00:00",-2.90882675440246,0.12824590945994
"2020-07-20 20:00:00",-3.20221406422108,-0.556781491469564
"2020-07-20 21:00:00",-3.59896033431118,-0.267078439833769
"2020-07-20 22:00:00",-3.50587658844028,0.333402134196788
"2020-07-20 23:00:00",-2.97323302481366,0.644675714610525
"2020-07-21 00:00:00",-2.30222975141436,0.660500333331656
"2020-07-21 01:00:00",-2.1994363099405,-0.2709229007635
"2020-07-21 02:00:00",-2.07549574020377,0.384123039715867
"2020-07-21 03:00:00",-2.23275987253113,-0.508035245046112
"2020-07-21 04:00:00",-2.54884648769415,-0.170225668424821
"2020-07-21 05:00:00",-2.59475287666945,0.0424376037175549
"2020-07-21 06:00:00",-2.77905120933953,-0.323351741895081
"2020-07-21 07:00:00",-3.11026155781874,-0.317129354780607
"2020-07-21 08:00:00",-3.50598630297959,-0.425308330992105
"2020-07-21 09:00:00",-3.97534166822284,-0.471898294216467
"2020-07-21 10:00:00",-3.98568393116461,0.302970620165502
"2020-07-21 11:00:00",-3.73922814264277,0.202204385525218
"2020-07-21 12:00:00",-3.57374820024497,0.137952246939385
"2020-07-21 13:00:00",-3.84391958465429,-0.52480571738111
"2020-07-21 14:00:00",-4.60775337720257,-0.881932999053198
"2020-07-21 15:00:00",-4.52837096232339,0.722413849627393
"2020-07-21 16:00:00",-4.06158777115946,0.280019635964734
"2020-07-21 17:00:00",-3.59269936626416,0.577751256991197
"2020-07-21 18:00:00",-2.94929001188975,0.661235816899556
"2020-07-21 19:00:00",-3.12271290197087,-0.717811231921476
"2020-07-21 20:00:00",-3.74324656489637,-0.522171771873803
"2020-07-21 21:00:00",-4.2257779419909,-0.42835178201808
"2020-07-21 22:00:00",-4.64926921564693,-0.394681637364167
"2020-07-21 23:00:00",-4.9164903926204,-0.16355976700961
"2020-07-22 00:00:00",-4.21792513388236,1.24644555268653
"2020-07-22 01:00:00",-4.39147398131125,-1.10651364274313
"2020-07-22 02:00:00",-5.02161274694477,-0.27695826132063
"2020-07-22 03:00:00",-5.31089535522117,-0.277281348709868
"2020-07-22 04:00:00",-5.37781752064998,0.0833386135083781
"2020-07-22 05:00:00",-4.79405203974037,0.896567422716647
"2020-07-22 06:00:00",-4.08006723815872,0.56451460826598
"2020-07-22 07:00:00",-3.76277588588971,0.142658711134262
"2020-07-22 08:00:00",-3.7918535432815,-0.137336185438973
"2020-07-22 09:00:00",-3.98205982768184,-0.211527774658534
"2020-07-22 10:00:00",-4.06210472056443,0.0165438261686026
"2020-07-22 11:00:00",-3.79226475547089,0.431112990913693
"2020-07-22 12:00:00",-3.94574919144102,-0.531029285775626
"2020-07-22 13:00:00",-4.68291104394238,-0.834467307155345
"2020-07-22 14:00:00",-5.29947712853047,-0.435967856590112
"2020-07-22 15:00:00",-5.46268118057817,0.0332196440937266
"2020-07-22 16:00:00",-5.30740927368507,0.236299472102152
"2020-07-22 17:00:00",-4.76236590450037,0.731808147169378
"2020-07-22 18:00:00",-3.77864728839667,1.11104717642613
"2020-07-22 19:00:00",-3.66471228998348,-0.551340181993988
"2020-07-22 20:00:00",-3.90560601973649,-0.0177634806048707
"2020-07-22 21:00:00",-3.70465577925757,0.342240642829085
"2020-07-22 22:00:00",-3.24332500530329,0.523574513589974
"2020-07-22 23:00:00",-2.95145691401463,0.127709705642105
"2020-07-23 00:00:00",-2.54148483375745,0.582465439347756
"2020-07-23 01:00:00",-1.81306602470673,0.794380362789879
"2020-07-23 02:00:00",-1.49218475848865,-0.0076912226549633
"2020-07-23 03:00:00",-1.57891606862915,-0.133379571836922
"2020-07-23 04:00:00",-1.77126699532736,-0.220489521679917
"2020-07-23 05:00:00",-2.10263298819171,-0.387253644413715
"2020-07-23 06:00:00",-2.65983198485153,-0.641306800372822
"2020-07-23 07:00:00",-3.07445089049751,-0.240366326273182
"2020-07-23 08:00:00",-3.62536975031137,-0.727809346988313
"2020-07-23 09:00:00",-4.00920873979721,-0.131617877861777
"2020-07-23 10:00:00",-4.0156192439008,0.0825305388282492
"2020-07-23 11:00:00",-3.97994212823674,0.00792118430133301
"2020-07-23 12:00:00",-3.4769864024551,0.814201575908566
"2020-07-23 13:00:00",-2.87163853066027,0.441829111358047
"2020-07-23 14:00:00",-2.54615740483418,0.236150840818243
"2020-07-23 15:00:00",-2.47020923507915,-0.0311798457542032
"2020-07-23 16:00:00",-2.412370396927,0.117618260317168
"2020-07-23 17:00:00",-1.89387928372018,0.764205368080578
"2020-07-23 18:00:00",-0.996437770005842,0.946058709466694
"2020-07-23 19:00:00",-1.36885448980234,-1.23240446681817
"2020-07-23 20:00:00",-2.45438838011983,-0.934274055750621
"2020-07-23 21:00:00",-3.31530230827133,-0.767935212769764
"2020-07-23 22:00:00",-3.44458433575092,0.306895045762914
"2020-07-23 23:00:00",-3.12890305668708,0.31097637378746
"2020-07-24 00:00:00",-2.86217315921303,0.228589802991221
"2020-07-24 01:00:00",-2.87994252950499,-0.177473468863757
"2020-07-24 02:00:00",-2.88030725750584,0.121434182301592
"2020-07-24 03:00:00",-2.7697862942391,0.101705273200109
"2020-07-24 04:00:00",-2.37620003080681,0.573036468011272
"2020-07-24 05:00:00",-1.40604276103257,1.19186070510874
"2020-07-24 06:00:00",-0.200025210109135,1.15995793028354
"2020-07-24 07:00:00",0.45934631248611,0.294577734897813
"2020-07-24 08:00:00",1.31592327499136,1.18994088015016
"2020-07-24 09:00:00",2.72998257064745,1.49457816421465
"2020-07-24 10:00:00",3.70720269322521,0.582365878217354
"2020-07-24 11:00:00",3.862306666341,-0.141880006531251
"2020-07-24 12:00:00",3.69289831165272,-0.184687051882021
"2020-07-24 13:00:00",3.53558285393665,-0.136351160104021
"2020-07-24 14:00:00",3.67655815827175,0.314601494970286
"2020-07-24 15:00:00",3.76269463870429,-0.0750017006588524
"2020-07-24 16:00:00",1.13102730096727,-4.21587572455011
"2020-07-24 17:00:00",-0.452793261523625,0.244657904387544
"2020-07-24 18:00:00",-0.385807615700729,-0.0540601709549263
"2020-07-24 19:00:00",-0.0946105644166971,0.50802429379318
"2020-07-24 20:00:00",-0.0456717833136045,-0.259316676470244
"2020-07-24 21:00:00",-0.136903162341068,0.0252176999598376
"2020-07-24 22:00:00",-0.203645312334923,-0.124699723023812
"2020-07-24 23:00:00",-0.437737081387233,-0.295632259633605
"2020-07-25 00:00:00",-0.374691955278751,0.2997275419122
"2020-07-25 01:00:00",-0.891538043083403,-1.03617628158656
"2020-07-25 02:00:00",-1.48919166164267,-0.275761172427066
"2020-07-25 03:00:00",-1.84432631008914,-0.389254668182897
"2020-07-25 04:00:00",-1.56110494403476,0.720449234570842
"2020-07-25 05:00:00",-0.780431483440771,0.785736797644044
"2020-07-25 06:00:00",-0.440239263717529,0.0280074689965275
"2020-07-25 07:00:00",-0.50954407599393,-0.130317958867064
"2020-07-25 08:00:00",-0.663507522959907,-0.16175399881322
"2020-07-25 09:00:00",-1.32687211652815,-0.965388349776639
"2020-07-25 10:00:00",-2.28304992590042,-0.902890796402786
"2020-07-25 11:00:00",-1.67211021653784,1.59405344611669
"2020-07-25 12:00:00",-1.40843277075226,-0.633599998434238
"2020-07-25 13:00:00",-1.22340158970603,0.723798409324209
"2020-07-25 14:00:00",-0.45124266650307,0.769282694841797
"2020-07-25 15:00:00",-0.0704500997772638,0.104289978990283
"2020-07-25 16:00:00",0.123712841417183,0.244941519666354
"2020-07-25 17:00:00",0.436445303188723,0.342905397528539
"2020-07-25 18:00:00",0.849746228557889,0.440028287816363
"2020-07-25 19:00:00",0.649833769911882,-0.618127676270651
"2020-07-25 20:00:00",0.431707999676171,0.0580654810894072
"2020-07-25 21:00:00",0.897003938467679,0.71411145865512
"2020-07-25 22:00:00",1.273685073513,0.132675869237283
"2020-07-25 23:00:00",1.36797973347091,0.0625855331263579
"2020-07-26 00:00:00",2.04361054233281,1.05045243363015
"2020-07-26 01:00:00",2.66953013637699,0.310525802563023
"2020-07-26 02:00:00",2.91266477006675,0.183214401088102
"2020-07-26 03:00:00",2.82192114558658,-0.272820388134197
"2020-07-26 04:00:00",2.56588015644777,-0.236324324381071
"2020-07-26 05:00:00",3.00640570698079,0.867511296933508
"2020-07-26 06:00:00",3.79446690285282,0.693773154724202
"2020-07-26 07:00:00",4.0983303755897,0.0245991499868682
"2020-07-26 08:00:00",1.75754520356282,-3.81172987085444
"2020-07-26 09:00:00",-1.36395422529196,-2.5152867008722
"2020-07-26 10:00:00",-1.6935800163528,1.14487803307307
"2020-07-26 11:00:00",-0.858934996806922,0.59034705296086
"2020-07-26 12:00:00",-3.43347621411572,-4.56098368741719
"2020-07-26 13:00:00",-5.84741589283134,-0.86346798672945
"2020-07-26 14:00:00",-5.90247834910818,0.494016937578645
"2020-07-26 15:00:00",-4.22423173089369,2.39557642876821
"2020-07-26 16:00:00",-2.11679407658955,1.82064763023415
"2020-07-26 17:00:00",-0.817828416122431,0.892185240235655
"2020-07-26 18:00:00",-0.133815089066862,0.513784374945404
"2020-07-26 19:00:00",-0.201657786524725,-0.452191247110807
"2020-07-26 20:00:00",-0.641757200796322,-0.410865232066318
"2020-07-26 21:00:00",-1.24918455501915,-0.708775030056672
"2020-07-26 22:00:00",-1.4872289171981,0.088692185106628
"2020-07-26 23:00:00",-1.25042564886596,0.326206018343947
"2020-07-27 00:00:00",-0.64553252142349,0.763548552137634
"2020-07-27 01:00:00",-0.699993808255419,-0.596372161819998
"2020-07-27 02:00:00",-0.179186043849572,1.24173534601594
"2020-07-27 03:00:00",0.358350037707317,0.0427653733832929
"2020-07-27 04:00:00",0.0271717481605479,-0.56519423799136
"2020-07-27 05:00:00",-0.128150237777815,0.125267348900219
"2020-07-27 06:00:00",0.525950540564066,0.975733121398103
"2020-07-27 07:00:00",1.40869804703172,0.778132813112765
"2020-07-27 08:00:00",1.85115460706751,0.195835682090084
"2020-07-27 09:00:00",1.67184087451489,-0.423273629483923
"2020-07-27 10:00:00",1.18895621801915,-0.501832627517968
"2020-07-27 11:00:00",0.833161232241783,-0.243063139096342
"2020-07-27 12:00:00",0.245914517127071,-0.78986657376912
"2020-07-27 13:00:00",-0.411262718318844,-0.537807417009817
"2020-07-27 14:00:00",-0.165366964853388,0.757200841822577
"2020-07-27 15:00:00",0.280259963457624,0.216951684481796
"2020-07-27 16:00:00",0.43169241363976,0.100196584820862
"2020-07-27 17:00:00",0.501649827112262,0.0459176985243103
"2020-07-27 18:00:00",0.591975970575241,0.114992608716716
"2020-07-27 19:00:00",0.720693852802919,0.130988501148335
"2020-07-27 20:00:00",1.16928674851008,0.638080049175939
"2020-07-27 21:00:00",1.38473959604959,-0.0780387743309174
"2020-07-27 22:00:00",1.52815443969998,0.282448741787782
"2020-07-27 23:00:00",2.66285880665923,1.64697558042305
"2020-07-28 00:00:00",4.19587803967839,1.38077018260173
"2020-07-28 01:00:00",4.98453206159357,0.351033467694149
"2020-07-28 02:00:00",5.41265488608752,0.452747692198768
"2020-07-28 03:00:00",5.82410248522539,0.357388220393652
"2020-07-28 04:00:00",6.15476873386843,0.289633941357871
"2020-07-28 05:00:00",6.56690337593401,0.466285013363466
"2020-07-28 06:00:00",6.73185499127427,-0.0522343974024444
"2020-07-28 07:00:00",6.34004319425672,-0.60824889612095
"2020-07-28 08:00:00",5.72731004180252,-0.594775672623946
"2020-07-28 09:00:00",5.25588679101966,-0.374168150441307
"2020-07-28 10:00:00",4.8993752653198,-0.334572155884831
"2020-07-28 11:00:00",4.62844231514326,-0.221946284474623
"2020-07-28 12:00:00",3.7531704871063,-1.27518666102658
"2020-07-28 13:00:00",3.22321628273339,-0.0127942040543899
"2020-07-28 14:00:00",3.23496232404046,0.0233943414203374
"2020-07-28 15:00:00",2.982929187714,-0.427840455493748
"2020-07-28 16:00:00",1.37783881688794,-2.31748130271092
"2020-07-28 17:00:00",0.403278715687566,-0.0347594472587341
"2020-07-28 18:00:00",0.449342568217825,0.0972365533584324
"2020-07-28 19:00:00",0.43080124649624,-0.0954232157282436
"2020-07-28 20:00:00",0.461095162831299,0.112109244382487
"2020-07-28 21:00:00",0.81033933696695,0.490141430047578
"2020-07-28 22:00:00",0.768533748288626,-0.395488562576352
"2020-07-28 23:00:00",0.393970198234321,-0.343805087707383
"2020-07-29 00:00:00",0.527772135415517,0.445335385755087
"2020-07-29 01:00:00",0.377747985018576,-0.540474829665431
"2020-07-29 02:00:00",-0.177776426463143,-0.539645897810865
"2020-07-29 03:00:00",-0.432499111336106,-0.0524437481711632
"2020-07-29 04:00:00",-0.374512649412002,0.129407194114742
"2020-07-29 05:00:00",-0.14137975015584,0.291686469835285
"2020-07-29 06:00:00",-0.16121544774615,-0.226388869633574
"2020-07-29 07:00:00",-0.60409743154403,-0.565955077192391
"2020-07-29 08:00:00",-1.02743492522825,-0.307365549579159
"2020-07-29 09:00:00",-1.42242379217659,-0.433309858786762
"2020-07-29 10:00:00",-2.71210705012417,-1.79747135441641
"2020-07-29 11:00:00",-2.91729512770416,0.86956137110815
"2020-07-29 12:00:00",-2.51452466889457,0.0762016001790169
"2020-07-29 13:00:00",-2.86969943798388,-0.62263626982771
"2020-07-29 14:00:00",-2.92942032038574,0.322085476614053
"2020-07-29 15:00:00",-2.7318291093823,0.108981868359486
"2020-07-29 16:00:00",-2.50113419582211,0.304393320638776
"2020-07-29 17:00:00",-2.03338449684225,0.557647895188005
"2020-07-29 18:00:00",-1.76246894266482,0.0695103700886318
"2020-07-29 19:00:00",-2.30133492540638,-0.916565684426824
"2020-07-29 20:00:00",-2.82111509183984,-0.227595851394208
"2020-07-29 21:00:00",-3.08042807176061,-0.264499711950447
"2020-07-29 22:00:00",-3.53686498411859,-0.55873386724251
"2020-07-29 23:00:00",-3.86270401726049,-0.150537185732737
"2020-07-30 00:00:00",-4.00252265324126,-0.121051501689552
"2020-07-30 01:00:00",-4.6065008392142,-0.892065576057183
"2020-07-30 02:00:00",-4.84088060886911,0.221143513057343
"2020-07-30 03:00:00",-4.11629344718959,1.03201660663525
"2020-07-30 04:00:00",-3.41521903226173,0.452439650280621
"2020-07-30 05:00:00",-3.11779081364241,0.184356250321998
"2020-07-30 06:00:00",-2.88661210974445,0.255425253346192
"2020-07-30 07:00:00",-2.95038725463253,-0.269821582147907
"2020-07-30 08:00:00",-3.38921094783088,-0.526835385956705
"2020-07-30 09:00:00",-3.79279235151495,-0.297868220316726
"2020-07-30 10:00:00",-3.84704014053425,0.115628281145561
"2020-07-30 11:00:00",-3.42936014933191,0.604153787163763
"2020-07-30 12:00:00",-2.89224609388348,0.471317400634992
"2020-07-30 13:00:00",-2.28048606044894,0.680043364163122
"2020-07-30 14:00:00",-1.85246507837899,0.242608244334356
"2020-07-30 15:00:00",-1.72546556720563,0.0462804690223377
"2020-07-30 16:00:00",-1.6587911764236,0.0793252119338636
"2020-07-30 17:00:00",-1.4721444335645,0.251461398081163
"2020-07-30 18:00:00",-1.2247220879655,0.234869337559586
"2020-07-30 19:00:00",-1.3851923984562,-0.414822001395061
"2020-07-30 20:00:00",-1.59139056543718,-0.0555346053943326
"2020-07-30 21:00:00",-1.83428272087796,-0.354202338551864
"2020-07-30 22:00:00",-2.4040136870017,-0.68397739001878
"2020-07-30 23:00:00",-3.06060530302608,-0.604036128966975
"2020-07-31 00:00:00",-3.0948348757999,0.351205490883432
"2020-07-31 01:00:00",-3.46401627493056,-0.82789995091374
"2020-07-31 02:00:00",-3.93460010541372,-0.205551554326989
"2020-07-31 03:00:00",-3.65735771223275,0.59099531027292
"2020-07-31 04:00:00",-3.40880411458541,0.0131647311440452
"2020-07-31 05:00:00",-2.72633667366247,1.10062385800809
"2020-07-31 06:00:00",-1.46339727109968,1.31464701265353
"2020-07-31 07:00:00",-0.623696445889281,0.485059071806411
"2020-07-31 08:00:00",-0.512710859073971,-0.142862790579194
"2020-07-31 09:00:00",-0.587431188905876,-0.0250814518509361
"2020-07-31 10:00:00",-0.370129942986432,0.369317924314532
"2020-07-31 11:00:00",0.175507512187391,0.637730428004795
"2020-07-31 12:00:00",0.96479643760064,0.852593554451989
"2020-07-31 13:00:00",1.7704765538023,0.734876385837328
"2020-07-31 14:00:00",2.33015589664471,0.414006258271661
"2020-07-31 15:00:00",2.64687717250262,0.233812697471386
"2020-07-31 16:00:00",2.87635916685292,0.212279316488124
"2020-07-31 17:00:00",3.09599650973935,0.210399121607199
"2020-07-31 18:00:00",3.12028880578407,-0.104920664821989
"2020-07-31 19:00:00",1.98524841598551,-1.77185966077206
"2020-07-31 20:00:00",0.862823249976219,-0.638697417668423
"2020-07-31 21:00:00",0.292178057813946,-0.499272946562506
"2020-07-31 22:00:00",-0.351503286374607,-0.709741156904187
"2020-07-31 23:00:00",-1.0217047812828,-0.611541676138806
"2020-08-01 00:00:00",-1.12726806940539,0.238082796955578
"2020-08-01 01:00:00",-1.35397845519687,-0.524341543191585
"2020-08-01 02:00:00",-1.64021558839538,-0.112157008834558
"2020-08-01 03:00:00",-1.71641476194297,-0.0464931783145848
"2020-08-01 04:00:00",-1.8178185875347,-0.130979895531968
"2020-08-01 05:00:00",-1.30288587825928,0.923406992474614
"2020-08-01 06:00:00",-0.322643314631412,0.973230700169702
"2020-08-01 07:00:00",0.686210703725532,0.985078157821215
"2020-08-01 08:00:00",1.75324080912154,1.07007498033587
"2020-08-01 09:00:00",2.68909848553293,0.799650413187512
"2020-08-01 10:00:00",3.42082231834848,0.64820400486747
"2020-08-01 11:00:00",4.07374514658283,0.620634127411485
"2020-08-01 12:00:00",4.75615001281227,0.685907811517024
"2020-08-01 13:00:00",5.3813626911613,0.548911481677504
"2020-08-01 14:00:00",5.75177723362627,0.226882333786821
"2020-08-01 15:00:00",5.91163748982074,0.100171454985988
"2020-08-01 16:00:00",6.20953589939869,0.407940498931186
"2020-08-01 17:00:00",6.59319168892785,0.341233599590286
"2020-08-01 18:00:00",6.5132747249219,-0.36537761386816
"2020-08-01 19:00:00",5.57782651592338,-1.27942992551114
"2020-08-01 20:00:00",4.93208247441758,-0.199796150602427
"2020-08-01 21:00:00",5.17996649107299,0.528197665379272
"2020-08-01 22:00:00",5.65101166006779,0.403885503122513
"2020-08-01 23:00:00",5.87271295250279,0.0824302339083616
"2020-08-02 00:00:00",6.51603061706387,0.979098700844806
"2020-08-02 01:00:00",6.96153830854887,0.0602195995735174
"2020-08-02 02:00:00",7.30305139664575,0.503839818861342
"2020-08-02 03:00:00",7.60482609452924,0.143316075321187
"2020-08-02 04:00:00",6.90278470621121,-1.24204249079812
"2020-08-02 05:00:00",6.335186434356,-0.0998993892540755
"2020-08-02 06:00:00",6.11112914222402,-0.304344262833592
"2020-08-02 07:00:00",6.28872259885342,0.482565935112373
"2020-08-02 08:00:00",6.71028774112395,0.352762509582634
"2020-08-02 09:00:00",6.85729336448268,-0.00579577480755935
"2020-08-02 10:00:00",7.02090146569873,0.259931278585953
"2020-08-02 11:00:00",7.38036768232497,0.399693013241484
"2020-08-02 12:00:00",1.27776863326577,-10.15690584508
"2020-08-02 13:00:00",-4.0572242923087,-1.86856976532433
"2020-08-02 14:00:00",-4.89773793810747,-0.109985699587022
"2020-08-02 15:00:00",-4.27410649024094,1.0893779138953
"2020-08-02 16:00:00",-3.4178025266706,0.665740538675664
"2020-08-02 17:00:00",-2.87745580530873,0.435479493368218
"2020-08-02 18:00:00",-2.31723864875653,0.620460910266583
"2020-08-02 19:00:00",-1.79997008599076,0.426880541797262
"2020-08-02 20:00:00",-1.13220287611072,0.79894317129721
"2020-08-02 21:00:00",-0.357056795969158,0.723906129190522
"2020-08-02 22:00:00",0.207528438918175,0.432004475839687
"2020-08-02 23:00:00",0.472991066385901,0.141554572409672
"2020-08-03 00:00:00",1.07535183283624,0.88032641019176
"2020-08-03 01:00:00",1.56739822788616,0.208430006823507
"2020-08-03 02:00:00",1.57857220042658,-0.122878549055456
"2020-08-03 03:00:00",1.16337453378847,-0.592377997892991
"2020-08-03 04:00:00",0.326089540966337,-0.962265436470814
"2020-08-03 05:00:00",-0.433528522562735,-0.588845734908
"2020-08-03 06:00:00",-1.26610763514421,-0.954943016034484
"2020-08-03 07:00:00",-2.44571010223888,-1.27168744993225
"2020-08-03 08:00:00",-3.46840996094213,-0.804961366884124
"2020-08-03 09:00:00",-4.13619771524622,-0.54013800286079
"2020-08-03 10:00:00",-3.94357545704117,0.677297438540542
"2020-08-03 11:00:00",-3.17961419725081,0.790514889760971
"2020-08-03 12:00:00",-2.88175672916358,-0.0406320174223604
"2020-08-03 13:00:00",-2.25263420173522,1.04943592783529
"2020-08-03 14:00:00",-1.52934051111663,0.474401492628923
"2020-08-03 15:00:00",-1.3440035173297,-0.0142058066008232
"2020-08-03 16:00:00",-1.50564752210821,-0.250521378447822
"2020-08-03 17:00:00",-1.39174667960912,0.353372557465096
"2020-08-03 18:00:00",-1.10998325741477,0.222428987971765
"2020-08-03 19:00:00",-1.13059846919332,-0.180231997088681
"2020-08-03 20:00:00",-1.57250923974235,-0.593904136090102
"2020-08-03 21:00:00",-2.2660094914917,-0.724915524616322
"2020-08-03 22:00:00",-3.16390746037175,-0.967630143944804
"2020-08-03 23:00:00",-3.86887627352203,-0.492287558174923
"2020-08-04 00:00:00",-3.55377026947912,0.843371058973732
"2020-08-04 01:00:00",-3.38454660553247,-0.283662359508987
"2020-08-04 02:00:00",-3.25629806941099,0.401118180176053
"2020-08-04 03:00:00",-3.47845322628661,-0.622910966596584
"2020-08-04 04:00:00",-3.89706737596576,-0.258043979887874
"2020-08-04 05:00:00",-3.43360775894162,0.927452321973386
"2020-08-04 06:00:00",-2.66789767777322,0.625922225176402
"2020-08-04 07:00:00",-2.14945338056401,0.425595258463694
"2020-08-04 08:00:00",-1.85068576663738,0.202789811999748
"2020-08-04 09:00:00",-2.01125907885561,-0.392796172410923
"2020-08-04 10:00:00",-2.04423015893879,0.211066722504086
"2020-08-04 11:00:00",-1.88048568022102,0.127050003390642
"2020-08-04 12:00:00",-1.4465846914844,0.620269342558818
"2020-08-04 13:00:00",-1.48588723165583,-0.475277998724775
"2020-08-04 14:00:00",-1.62284637560532,0.097005863468463
"2020-08-04 15:00:00",-1.75760359656317,-0.280768561806292
"2020-08-04 16:00:00",-1.81860081992978,0.0906779138364046
"2020-08-04 17:00:00",-1.46934550854921,0.507384381171064
"2020-08-04 18:00:00",-0.947979221649765,0.507805801148044
"2020-08-04 19:00:00",-1.33184642622712,-0.958843137971909
"2020-08-04 20:00:00",-1.73462466447816,-0.0112185994611717
"2020-08-04 21:00:00",-1.5728461428548,0.271655603809143
"2020-08-04 22:00:00",-1.87393881432446,-0.666583905144103
"2020-08-04 23:00:00",-2.22912647509924,-0.128300636349543
"2020-08-05 00:00:00",-2.66764780370949,-0.621620931805171
"2020-08-05 01:00:00",-3.73412378404373,-1.30892522513037
"2020-08-05 02:00:00",-4.42149895705383,-0.235540076650995
"2020-08-05 03:00:00",-4.46261364903867,0.096151307296716
"2020-08-05 04:00:00",-4.7535650001665,-0.529439100322379
"2020-08-05 05:00:00",-3.72079940407875,2.03126684788912
"2020-08-05 06:00:00",-1.39516021539045,2.41616582376282
"2020-08-05 07:00:00",0.66023626989835,1.71901433768167
"2020-08-05 08:00:00",1.81238099566108,0.71863808742043
"2020-08-05 09:00:00",2.11395923225205,0.00687680758440395
"2020-08-05 10:00:00",2.14934715151856,0.0499893557897606
"2020-08-05 11:00:00",2.43391939228552,0.424665856806788
"2020-08-05 12:00:00",2.78502053611882,0.282238392577319
"2020-08-05 13:00:00",3.34759727303798,0.7191437557851
"2020-08-05 14:00:00",3.94647769166692,0.485934104498894
"2020-08-05 15:00:00",4.37807034318759,0.3697712094644
"2020-08-05 16:00:00",4.7457193169932,0.343122168649163
"2020-08-05 17:00:00",5.15502551115673,0.427862851195481
"2020-08-05 18:00:00",4.76686833537676,-0.920359091547387
"2020-08-05 19:00:00",3.03072790058146,-2.20362775509137
"2020-08-05 20:00:00",2.50222506130782,0.609436952352882
"2020-08-05 21:00:00",2.87232539555022,0.189734000704167
"2020-08-05 22:00:00",2.52956217731266,-0.685168739224702
"2020-08-05 23:00:00",1.86466099353518,-0.623053614567747
"2020-08-06 00:00:00",1.64561112614452,0.0582877243447115
"2020-08-06 01:00:00",1.45293146811623,-0.35295293080297
"2020-08-06 02:00:00",1.27736253561569,-0.050844251731265
"2020-08-06 03:00:00",1.13000213556213,-0.206346943161251
"2020-08-06 04:00:00",0.758456035717143,-0.465477492563684
"2020-08-06 05:00:00",1.09557149839011,0.855171531471905
"2020-08-06 06:00:00",2.30674760368003,1.38954241569773
"2020-08-06 07:00:00",3.68930452221445,1.30922931814884
"2020-08-06 08:00:00",4.90937334597456,1.09789859129399
"2020-08-06 09:00:00",5.63794972326843,0.441418053284341
"2020-08-06 10:00:00",5.85905516595291,0.056461026679383
"2020-08-06 11:00:00",6.0142966707108,0.206167113694254
"2020-08-06 12:00:00",6.45794453920387,0.573133836370652
"2020-08-06 13:00:00",7.00230838309725,0.490994674065389
"2020-08-06 14:00:00",7.35762120353499,0.238952400030561
"2020-08-06 15:00:00",7.53581480798816,0.119739781503727
"2020-08-06 16:00:00",7.6799891917094,0.143902150865089
"2020-08-06 17:00:00",7.95525260022126,0.33985935847836
"2020-08-06 18:00:00",7.98698101440929,-0.185447559312794
"2020-08-06 19:00:00",6.61427706777831,-2.1092567999394
"2020-08-06 20:00:00",5.39480579519977,-0.576865589691523
"2020-08-06 21:00:00",5.10171206761186,-0.0969397830360522
"2020-08-06 22:00:00",5.01446801225667,-0.083208608736498
"2020-08-06 23:00:00",4.78357533044723,-0.324836815416237
"2020-08-07 00:00:00",5.14697133709321,0.798777690153481
"2020-08-07 01:00:00",4.89002189387832,-0.955177922757166
"2020-08-07 02:00:00",4.24543592680178,-0.413199114868053
"2020-08-07 03:00:00",4.08415667619508,0.00885772159263301
"2020-08-07 04:00:00",4.22391543858261,0.215120574120421
"2020-08-07 05:00:00",5.04115542902812,1.17436850850907
"2020-08-07 06:00:00",6.11964873600031,0.956832267136818
"2020-08-07 07:00:00",6.92648127372064,0.660608492836703
"2020-08-07 08:00:00",7.42751911091952,0.361924769451473
"2020-08-07 09:00:00",7.6909782556382,0.175726026950615
"2020-08-07 10:00:00",8.0138299126721,0.395681487461908
"2020-08-07 11:00:00",8.94000525332534,1.22549408565677
"2020-08-07 12:00:00",10.0286557143762,0.934170898686233
"2020-08-07 13:00:00",10.6232638589321,0.327058524297297
"2020-08-07 14:00:00",10.7671643152297,0.00126999372815866
"2020-08-07 15:00:00",10.9303040345993,0.249424229271912
"2020-08-07 16:00:00",10.6072020102023,-0.703510880755477
"2020-08-07 17:00:00",10.3572352546973,0.0506007468008564
"2020-08-07 18:00:00",10.6745318640036,0.466666825163457
"2020-08-07 19:00:00",10.4580393701668,-0.67539190931143
"2020-08-07 20:00:00",9.85220887668872,-0.544144508829079
"2020-08-07 21:00:00",9.60668328188854,-0.047477980313648
"2020-08-07 22:00:00",9.57683992220356,-0.0290481377270782
"2020-08-07 23:00:00",9.33967128081282,-0.376983870406099
"2020-08-08 00:00:00",9.57668166603105,0.623035326121517
"2020-08-08 01:00:00",9.46482993124187,-0.60879350500371
"2020-08-08 02:00:00",8.95988374836373,-0.423917426128426
"2020-08-08 03:00:00",8.3938654183422,-0.645399503931654
"2020-08-08 04:00:00",7.54219203291239,-0.959532307569696
"2020-08-08 05:00:00",7.74419730938923,0.957032574411344
"2020-08-08 06:00:00",9.08872935804938,1.52899022530363
"2020-08-08 07:00:00",10.6570303587485,1.50827138853277
"2020-08-08 08:00:00",11.9225088685303,1.02975199945701
"2020-08-08 09:00:00",12.9249093491027,0.92116972344326
"2020-08-08 10:00:00",13.5229707080668,0.337584951950659
"2020-08-08 11:00:00",13.7874553256383,0.185758105209216
"2020-08-08 12:00:00",14.124176019511,0.403593511900924
"2020-08-08 13:00:00",14.5566781631942,0.413021663361276
"2020-08-08 14:00:00",14.8146630744397,0.123611875050526
"2020-08-08 15:00:00",15.0430719508412,0.268328409187254
"2020-08-08 16:00:00",15.1989371155349,0.0540998867562416
"2020-08-08 17:00:00",15.0607144395018,-0.279452581209919
"2020-08-08 18:00:00",14.2754114536998,-1.1046209640556
"2020-08-08 19:00:00",13.3015558028859,-0.858798488008199
"2020-08-08 20:00:00",12.9668383094079,0.0134291611680998
"2020-08-08 21:00:00",12.8974499916313,-0.138010759895255
"2020-08-08 22:00:00",12.1534567325307,-1.12924027675652
"2020-08-08 23:00:00",11.6652976196505,-0.053242781758771
"2020-08-09 00:00:00",11.3622964298498,-0.470137409438055
"2020-08-09 01:00:00",10.6682918558641,-0.82490958100762
"2020-08-09 02:00:00",10.2871663511947,-0.0809107322606634
"2020-08-09 03:00:00",10.0595639783437,-0.327835625485194
"2020-08-09 04:00:00",9.40280506897059,-0.857791339603636
"2020-08-09 05:00:00",9.42759988520994,0.599880989465305
"2020-08-09 06:00:00",10.2335575682931,0.892892867037518
"2020-08-09 07:00:00",11.2236927686346,0.994724820242912
"2020-08-09 08:00:00",12.4377240411362,1.28808031425853
"2020-08-09 09:00:00",13.53868483205,0.907872405347063
"2020-08-09 10:00:00",14.3642477408456,0.714014729897032
"2020-08-09 11:00:00",13.6485972873018,-1.65324691591673
"2020-08-09 12:00:00",14.066498745327,1.76119775962815
"2020-08-09 13:00:00",12.8769027435851,-3.11835576826337
"2020-08-09 14:00:00",11.6367700130507,0.0543319763647232
"2020-08-09 15:00:00",11.9986829351992,0.534770457840834
"2020-08-09 16:00:00",12.4876019589449,0.419657349579121
"2020-08-09 17:00:00",12.6626201892223,-0.0124799812919929
"2020-08-09 18:00:00",12.4726617216492,-0.315565750580317
"2020-08-09 19:00:00",12.0874337277223,-0.429435135087656
"2020-08-09 20:00:00",11.7280143902511,-0.31123936698079
"2020-08-09 21:00:00",11.4248733009524,-0.298449927383725
"2020-08-09 22:00:00",11.2984391241705,-0.020472920140584
"2020-08-09 23:00:00",11.0625901888211,-0.382782247086079
"2020-08-10 00:00:00",10.3587804454204,-0.89863507408129
"2020-08-10 01:00:00",9.38075882166963,-0.997818415693391
"2020-08-10 02:00:00",8.60998858412327,-0.594868843818767
"2020-08-10 03:00:00",8.25736517693364,-0.185467536570068
"2020-08-10 04:00:00",7.8734287175579,-0.508642828174264
"2020-08-10 05:00:00",7.24275925301871,-0.692195838159792
"2020-08-10 06:00:00",6.44002459806886,-0.847613506519039
"2020-08-10 07:00:00",6.3308633678754,0.380020646170551
"2020-08-10 08:00:00",6.57291567774246,0.130414881238947
"2020-08-10 09:00:00",6.92784031151556,0.479259650102286
"2020-08-10 10:00:00",8.03729500778502,1.467929863565
"2020-08-10 11:00:00",9.39830989456771,1.21470806494562
"2020-08-10 12:00:00",8.57964411996658,-2.14743356067352
"2020-08-10 13:00:00",8.17068432596118,0.758380932726481
"2020-08-10 14:00:00",8.73821435857629,0.402800880168716
"2020-08-10 15:00:00",8.54157778373119,-0.598170768374794
"2020-08-10 16:00:00",8.26250570517242,-0.064088530228169
"2020-08-10 17:00:00",8.09145211554406,-0.244881095600081
"2020-08-10 18:00:00",8.17925641340536,0.294991795835974
"2020-08-10 19:00:00",7.92510624383892,-0.618701323871502
"2020-08-10 20:00:00",8.03128925965276,0.574173064145522
"2020-08-10 21:00:00",8.39940851814223,0.20291050275903
"2020-08-10 22:00:00",8.52011977051755,0.0493531164238229
"2020-08-10 23:00:00",8.38303022095374,-0.265847140311088
"2020-08-11 00:00:00",8.46903207136685,0.305674788720384
"2020-08-11 01:00:00",8.12390174115156,-0.773505858995713
"2020-08-11 02:00:00",7.62956936318977,-0.295197938789187
"2020-08-11 03:00:00",7.19218709369565,-0.521217525925787
"2020-08-11 04:00:00",6.50830524912164,-0.769093085163297
"2020-08-11 05:00:00",6.31919137852091,0.198132396414971
"2020-08-11 06:00:00",6.63619490566463,0.373042921170474
"2020-08-11 07:00:00",7.14500532113991,0.566590831991549
"2020-08-11 08:00:00",7.71963967104115,0.543483326788947
"2020-08-11 09:00:00",8.11737261044606,0.27172014990661
"2020-08-11 10:00:00",8.52283642175404,0.464897353764066
"2020-08-11 11:00:00",9.18118703231099,0.745050379743099
"2020-08-11 12:00:00",10.0635873135114,0.920203401914718
"2020-08-11 13:00:00",10.224150440839,-0.366452909926505
"2020-08-11 14:00:00",10.0321298987573,-0.0797843663494492
"2020-08-11 15:00:00",9.864086934946,-0.231823099082897
"2020-08-11 16:00:00",9.70273934428839,-0.11940839857323
"2020-08-11 17:00:00",9.60247213700843,-0.0952449033157026
"2020-08-11 18:00:00",9.26027153330316,-0.50294750428097
"2020-08-11 19:00:00",8.56782471795884,-0.797805671050693
"2020-08-11 20:00:00",8.0783235726539,-0.271747952355583
"2020-08-11 21:00:00",7.7185491844465,-0.411771131314044
"2020-08-11 22:00:00",7.29507739005461,-0.421095085939033
"2020-08-11 23:00:00",6.85341030216111,-0.443794192783715
"2020-08-12 00:00:00",6.91445081906822,0.385859417918213
"2020-08-12 01:00:00",7.00689090599091,-0.116472117254851
"2020-08-12 02:00:00",6.63838851604562,-0.528037782861012
"2020-08-12 03:00:00",6.0166243406704,-0.663255744997244
"2020-08-12 04:00:00",5.12972744358217,-1.00159670269367
"2020-08-12 05:00:00",4.628487095367,-0.150466611334741
"2020-08-12 06:00:00",4.7774049374691,0.335463374125263
"2020-08-12 07:00:00",5.24042440669682,0.519896897175566
"2020-08-12 08:00:00",5.929791624288,0.762834445504187
"2020-08-12 09:00:00",6.8397472633205,0.957153165379953
"2020-08-12 10:00:00",7.68814205190533,0.726761586569608
"2020-08-12 11:00:00",8.24294877770818,0.403901125128551
"2020-08-12 12:00:00",8.48707823465879,0.115394109911588
"2020-08-12 13:00:00",8.74669303617992,0.332487162809009
"2020-08-12 14:00:00",9.0069328693222,0.188438381016158
"2020-08-12 15:00:00",9.14222806449582,0.0818315685277004
"2020-08-12 16:00:00",9.30511371717634,0.197399938205571
"2020-08-12 17:00:00",9.46113540872146,0.109032080726189
"2020-08-12 18:00:00",8.78233882761235,-1.1839424080093
"2020-08-12 19:00:00",7.57592480838972,-1.17538370486115
"2020-08-12 20:00:00",7.09168773032569,-0.0102321209423505
"2020-08-12 21:00:00",6.99173728771204,-0.164150382763275
"2020-08-12 22:00:00",6.68923690183834,-0.389367059911844
"2020-08-12 23:00:00",6.22789776431499,-0.496016893484556
"2020-08-13 00:00:00",5.79313022002246,-0.38130070302991
"2020-08-13 01:00:00",5.4652565490396,-0.284140908218089
"2020-08-13 02:00:00",5.47724445129884,0.201791607597406
"2020-08-13 03:00:00",5.65349502785302,0.143790242997569
"2020-08-13 04:00:00",5.40608720608506,-0.503730529818615
"2020-08-13 05:00:00",5.52641689959101,0.523678556850414
"2020-08-13 06:00:00",6.22048203359703,0.767551418766393
"2020-08-13 07:00:00",7.00766788784439,0.754853004662813
"2020-08-13 08:00:00",7.88746713064421,0.912257781448962
"2020-08-13 09:00:00",8.9423362580222,1.08965129154518
"2020-08-13 10:00:00",9.7245861231979,0.528623980085531
"2020-08-13 11:00:00",10.2471457652616,0.481154060762078
"2020-08-13 12:00:00",10.6977417105444,0.395607755677827
"2020-08-13 13:00:00",10.3324545777177,-0.868968667446867
"2020-08-13 14:00:00",9.76129080369329,-0.358803556317593
"2020-08-13 15:00:00",9.75915366278363,0.223159647171282
"2020-08-13 16:00:00",9.75999655988,-0.159981420165928
"2020-08-13 17:00:00",9.76844716888727,0.107758473030832
"2020-08-13 18:00:00",9.68508335279926,-0.219402704406417
"2020-08-13 19:00:00",9.18925316077298,-0.669030691666295
"2020-08-13 20:00:00",9.12021468845734,0.322389008718725
"2020-08-13 21:00:00",9.04974830616848,-0.340769299152786
"2020-08-13 22:00:00",9.25778346054424,0.552351439967446
"2020-08-13 23:00:00",9.33352546798503,-0.257520992115816
"2020-08-14 00:00:00",8.58322853901574,-1.0551821773353
"2020-08-14 01:00:00",7.98333191219305,-0.278931668007773
"2020-08-14 02:00:00",8.33033625705222,0.737511253375412
"2020-08-14 03:00:00",8.64153464533919,0.00147223522055523
"2020-08-14 04:00:00",8.49305531370474,-0.252525153902217
"2020-08-14 05:00:00",7.91099246050546,-0.785035799107027
"2020-08-14 06:00:00",7.99163991743309,0.643733482485974
"2020-08-14 07:00:00",8.49121670754518,0.369436393329923
"2020-08-14 08:00:00",8.38306640177338,-0.432338566256042
"2020-08-14 09:00:00",8.20040107382703,-0.0183415610237445
"2020-08-14 10:00:00",7.86064358290085,-0.548453097555682
"2020-08-14 11:00:00",7.30871056637929,-0.538154612189695
"2020-08-14 12:00:00",5.91295855314307,-1.91056667981685
"2020-08-14 13:00:00",3.69243853341287,-2.32925381397228
"2020-08-14 14:00:00",1.7900008746974,-1.53225381246774
"2020-08-14 15:00:00",1.80100946428994,1.03700308440423
"2020-08-14 16:00:00",2.84095198242918,0.990163934513519
"2020-08-14 17:00:00",3.48679432989781,0.381947652932607
"2020-08-14 18:00:00",3.90046015392611,0.410660711784701
"2020-08-14 19:00:00",3.64474476207647,-0.692833300067342
"2020-08-14 20:00:00",3.68936507555637,0.529430811235813
"2020-08-14 21:00:00",4.11667680391442,0.33417381257634
"2020-08-14 22:00:00",4.65784138739591,0.648135572246032
"2020-08-14 23:00:00",4.47732046128815,-0.730373085494081
"2020-08-15 00:00:00",4.92165172476237,1.2005704612756
"2020-08-15 01:00:00",5.34646191490059,-0.118883304511338
"2020-08-15 02:00:00",5.13592039526593,-0.268530592931511
"2020-08-15 03:00:00",5.24205476138718,0.344245220143399
"2020-08-15 04:00:00",5.39944965967481,0.0185959301813673
"2020-08-15 05:00:00",5.39108086820848,-0.0329049963114223
"2020-08-15 06:00:00",5.95464994527981,0.927484371277191
"2020-08-15 07:00:00",6.76978237797956,0.69382470166492
"2020-08-15 08:00:00",7.22943091456283,0.272968018089294
"2020-08-15 09:00:00",7.4353681688345,0.142149014911396
"2020-08-15 10:00:00",7.54306115788967,0.0700240089201515
"2020-08-15 11:00:00",7.56689185398984,-0.0178167001487495
"2020-08-15 12:00:00",8.00060816888944,0.704372650118766
"2020-08-15 13:00:00",8.39315303538345,0.155700164232332
"2020-08-15 14:00:00",8.57363770255938,0.177615493887326
"2020-08-15 15:00:00",8.71132272454096,0.093474501570577
"2020-08-15 16:00:00",9.048750359191,0.472800589619084
"2020-08-15 17:00:00",9.26885784956947,0.0295287261909542
"2020-08-15 18:00:00",8.63551573158878,-1.05709634067527
"2020-08-15 19:00:00",7.90783517278105,-0.484622526819936
"2020-08-15 20:00:00",7.58512012222261,-0.209633348539501
"2020-08-15 21:00:00",7.13901731599862,-0.592322079643866
"2020-08-15 22:00:00",6.44715492040256,-0.734543934357135
"2020-08-15 23:00:00",5.84035846250318,-0.501106111883029
"2020-08-16 00:00:00",5.69675188819531,0.0940206520491252
"2020-08-16 01:00:00",5.56537514356724,-0.282737005930575
"2020-08-16 02:00:00",5.53751012555548,0.136199376837108
"2020-08-16 03:00:00",5.61191562241398,0.0225389606841773
"2020-08-16 04:00:00",5.44370118488702,-0.294619267283411
"2020-08-16 05:00:00",5.5175931570068,0.309035948603031
"2020-08-16 06:00:00",6.22640469716961,0.93453187897986
"2020-08-16 07:00:00",7.01932890950807,0.652818130778281
"2020-08-16 08:00:00",7.7979883177969,0.816505703348284
"2020-08-16 09:00:00",8.54593247310605,0.656646950243645
"2020-08-16 10:00:00",8.91178630414917,0.143597639585119
"2020-08-16 11:00:00",9.00565155994403,0.0447667882709861
"2020-08-16 12:00:00",9.17090929538315,0.226126090420156
"2020-08-16 13:00:00",9.35970749974314,0.143124204691502
"2020-08-16 14:00:00",9.37037363000119,-0.0902054854130857
"2020-08-16 15:00:00",9.3102874753708,-0.049226307551933
"2020-08-16 16:00:00",9.31016993254041,0.0206294696650363
"2020-08-16 17:00:00",9.30174681263836,-0.0393879686233492
"2020-08-16 18:00:00",8.52874329229574,-1.23732584435871
"2020-08-16 19:00:00",7.1703995931539,-1.38546338668511
"2020-08-16 20:00:00",6.55753039432153,-0.07793171215536
"2020-08-16 21:00:00",6.23930742607602,-0.471742684237377
"2020-08-16 22:00:00",5.80490649255535,-0.396904345265563
"2020-08-16 23:00:00",5.36477734836526,-0.455510712712921
"2020-08-17 00:00:00",5.70886533981298,0.853880910941002
"2020-08-17 01:00:00",5.7547498843437,-0.502307413802872
"2020-08-17 02:00:00",5.41430699106553,-0.223772955911429
"2020-08-17 03:00:00",5.40785831943855,0.131761318846024
"2020-08-17 04:00:00",5.09611975509064,-0.599555079790022
"2020-08-17 05:00:00",5.08943312028222,0.382303218272148
"2020-08-17 06:00:00",5.94242901887446,1.11969367421566
"2020-08-17 07:00:00",7.00245228524095,0.962214654730894
"2020-08-17 08:00:00",7.90827924616381,0.816168156262461
"2020-08-17 09:00:00",8.55871823494416,0.498855728612091
"2020-08-17 10:00:00",8.8458505842838,0.121312744966949
"2020-08-17 11:00:00",8.96120024463923,0.0944942715660662
"2020-08-17 12:00:00",9.18477781603267,0.287460023266768
"2020-08-17 13:00:00",9.37266516743962,0.100742941826448
"2020-08-17 14:00:00",9.33177269308947,-0.145448879831699
"2020-08-17 15:00:00",9.21338398766462,-0.106748020704459
"2020-08-17 16:00:00",9.35203130653101,0.283780687449393
"2020-08-17 17:00:00",9.47296539676325,-0.00542616911220472
"2020-08-17 18:00:00",8.81206992972437,-1.07866910367218
"2020-08-17 19:00:00",8.09428918547819,-0.454439288491256
"2020-08-17 20:00:00",8.00848955852435,0.153602868821925
"2020-08-17 21:00:00",7.80225799193914,-0.446636846858418
"2020-08-17 22:00:00",7.61183754768095,-0.0206176962425418
"2020-08-17 23:00:00",7.29187494244104,-0.514126666599156
"2020-08-18 00:00:00",6.93747765057572,-0.2404683895623
"2020-08-18 01:00:00",6.76716982630848,-0.124381590193162
"2020-08-18 02:00:00",6.91415262746104,0.312184662313471
"2020-08-18 03:00:00",7.00880014001403,-0.0637819374653359
"2020-08-18 04:00:00",6.6687782178054,-0.517052683980154
"2020-08-18 05:00:00",6.07524077882694,-0.624915254373008
"2020-08-18 06:00:00",5.16374295929356,-1.06706437047378
"2020-08-18 07:00:00",3.63471408608228,-1.77099550781865
"2020-08-18 08:00:00",1.77519826484851,-1.83484904572625
"2020-08-18 09:00:00",0.0979252389151905,-1.49480869917952
"2020-08-18 10:00:00",-1.14981078454611,-1.02385826391915
"2020-08-18 11:00:00",-2.04612010884534,-0.76720445167684
"2020-08-18 12:00:00",-2.49165492738635,-0.207283873157996
"2020-08-18 13:00:00",-1.75299234315993,1.33739285607092
"2020-08-18 14:00:00",-0.274984388936532,1.50377467808481
"2020-08-18 15:00:00",0.831610142087602,0.789581926821717
"2020-08-18 16:00:00",1.44967351858434,0.473278026322018
"2020-08-18 17:00:00",1.79352687414544,0.239363967378178
"2020-08-18 18:00:00",1.94800792125724,0.0882414195508389
"2020-08-18 19:00:00",1.7049557395215,-0.454871358798722
"2020-08-18 20:00:00",1.6771751284225,0.256064857422069
"2020-08-18 21:00:00",1.98260331633608,0.321661566665052
"2020-08-18 22:00:00",2.00465365349345,-0.181289696668429
"2020-08-18 23:00:00",1.73351289476267,-0.320739207224122
"2020-08-19 00:00:00",2.50619600915066,1.46266779987751
"2020-08-19 01:00:00",3.05018065743422,-0.097539703343973
"2020-08-19 02:00:00",3.10645521338377,0.152211081192987
"2020-08-19 03:00:00",3.05198445475317,-0.19367087102495
"2020-08-19 04:00:00",2.61426713162578,-0.583544934617875
"2020-08-19 05:00:00",2.2250811833628,-0.244490348958764
"2020-08-19 06:00:00",2.24457473999941,0.191686299775615
"2020-08-19 07:00:00",2.65402973225572,0.532282278251979
"2020-08-19 08:00:00",3.2878972376829,0.668048897390203
"2020-08-19 09:00:00",3.76790370234328,0.327600594019142
"2020-08-19 10:00:00",3.76767233980363,-0.223626614508539
"2020-08-19 11:00:00",3.84045506836068,0.26207202101168
"2020-08-19 12:00:00",4.21277094501649,0.423169532743276
"2020-08-19 13:00:00",4.47020350131524,0.129281519213963
"2020-08-19 14:00:00",3.01247679440316,-2.45220434833602
"2020-08-19 15:00:00",2.51049542300555,0.818117261486421
"2020-08-19 16:00:00",2.91053741749286,0.0990851111168544
"2020-08-19 17:00:00",2.96515200081918,0.0186223104005564
"2020-08-19 18:00:00",2.97104730783278,-0.00669024159268292
"2020-08-19 19:00:00",2.50744941527444,-0.74999644696593
"2020-08-19 20:00:00",2.2594122109175,0.0951521119468747
"2020-08-19 21:00:00",2.24634096556506,-0.0875092617139453
"2020-08-19 22:00:00",2.26108435129003,0.0793154431924099
"2020-08-19 23:00:00",2.08493803921696,-0.340994532866432
"2020-08-20 00:00:00",2.27779602803692,0.536902521756078
"2020-08-20 01:00:00",2.28875100014383,-0.343126529615599
"2020-08-20 02:00:00",2.38612400401566,0.383458016382302
"2020-08-20 03:00:00",2.47964498609972,-0.10728591144139
"2020-08-20 04:00:00",2.18732178671262,-0.404983554510012
"2020-08-20 05:00:00",2.29349354498186,0.439072417185319
"2020-08-20 06:00:00",3.43067487698001,1.54558589325203
"2020-08-20 07:00:00",5.06017521495526,1.60358879372087
"2020-08-20 08:00:00",6.50409196047828,1.26233599806916
"2020-08-20 09:00:00",7.71956140041862,1.11808612509856
"2020-08-20 10:00:00",8.75092275702988,0.914588800028073
"2020-08-20 11:00:00",9.52801074694179,0.637219210530937
"2020-08-20 12:00:00",9.89001980951665,0.149058542074635
"2020-08-20 13:00:00",10.4148083059874,0.737589048394283
"2020-08-20 14:00:00",10.2683079289241,-0.742342233391138
"2020-08-20 15:00:00",9.89331216881427,-0.125514391986381
"2020-08-20 16:00:00",10.3587552685117,0.824542062679593
"2020-08-20 17:00:00",10.9104204902563,0.330187380400308
"2020-08-20 18:00:00",10.1688256122968,-1.43492330910874
"2020-08-20 19:00:00",9.15354836109995,-0.700376125539134
"2020-08-20 20:00:00",9.19378914730729,0.520269605750984
"2020-08-20 21:00:00",8.99102039218725,-0.686997813551717
"2020-08-20 22:00:00",8.27146756965951,-0.718648896949842
"2020-08-20 23:00:00",7.86302095077572,-0.19289805358055
"2020-08-21 00:00:00",8.59715160060813,1.30712166331429
"2020-08-21 01:00:00",8.52578750069022,-0.998026144211507
"2020-08-21 02:00:00",8.06152443784956,-0.0973518363524448
"2020-08-21 03:00:00",7.94913787290922,-0.127457055807551
"2020-08-21 04:00:00",7.61772073232549,-0.461882726033195
"2020-08-21 05:00:00",7.80332179962799,0.59861382485658
"2020-08-21 06:00:00",8.83011388987517,1.2533916134192
"2020-08-21 07:00:00",10.1565930948086,1.30079155645973
"2020-08-21 08:00:00",11.5237021917855,1.333268155811
"2020-08-21 09:00:00",12.8462639757432,1.23772764506487
"2020-08-21 10:00:00",14.0064768217686,1.03685097866712
"2020-08-21 11:00:00",14.8793726856047,0.704066166870273
"2020-08-21 12:00:00",15.5105768526941,0.533462410810481
"2020-08-21 13:00:00",16.1983233483769,0.737932679698185
"2020-08-21 14:00:00",16.4912851886176,-0.0384748169373631
"2020-08-21 15:00:00",16.4737936746107,-0.0239222947481793
"2020-08-21 16:00:00",16.6929315241268,0.349533856956486
"2020-08-21 17:00:00",16.7398523929833,-0.178557800097789
"2020-08-21 18:00:00",16.3080913051801,-0.601614316647446
"2020-08-21 19:00:00",15.6054432155063,-0.757627949226879
"2020-08-21 20:00:00",14.7788104800348,-0.853463198307242
"2020-08-21 21:00:00",13.6524219979093,-1.27385424867275
"2020-08-21 22:00:00",12.8716582295056,-0.432533399594178
"2020-08-21 23:00:00",12.4390797690874,-0.42863901283116
"2020-08-22 00:00:00",12.1533100045938,-0.192974558103255
"2020-08-22 01:00:00",11.9638488669502,-0.193776527832615
"2020-08-22 02:00:00",11.5669414695406,-0.528881466275739
"2020-08-22 03:00:00",11.0054160233063,-0.571509513675667
"2020-08-22 04:00:00",10.9225568516922,0.232658097639727
"2020-08-22 05:00:00",10.8619121356564,-0.267369579860934
"2020-08-22 06:00:00",9.66197654012089,-1.77861220374841
"2020-08-22 07:00:00",6.90922451642617,-3.28380896238263
"2020-08-22 08:00:00",3.88378404048105,-2.71833394093365
"2020-08-22 09:00:00",1.87681976662611,-1.44236082375772
"2020-08-22 10:00:00",0.857236675050314,-0.691704564972245
"2020-08-22 11:00:00",1.79379140720059,1.9764334635519
"2020-08-22 12:00:00",3.25697851943195,1.04918748126779
"2020-08-22 13:00:00",3.93283168465427,0.390654793676213
"2020-08-22 14:00:00",3.64981854027363,-0.723736735500837
"2020-08-22 15:00:00",2.65305236291022,-1.13612017946937
"2020-08-22 16:00:00",2.84504422833008,1.06484288097537
"2020-08-22 17:00:00",4.0098826970175,1.17248257959733
"2020-08-22 18:00:00",4.21064448573328,-0.461748305624114
"2020-08-22 19:00:00",3.70013413221721,-0.524184530015158
"2020-08-22 20:00:00",3.61367316440581,0.204690398483728
"2020-08-22 21:00:00",4.04264977142092,0.553456961379895
"2020-08-22 22:00:00",4.00276339768117,-0.438755874091743
"2020-08-22 23:00:00",3.69492991948218,-0.211083251375118
"2020-08-23 00:00:00",3.9461321967299,0.54268917667967
"2020-08-23 01:00:00",3.4510784933597,-1.1684309259613
"2020-08-23 02:00:00",2.79405040487657,-0.289324121124126
"2020-08-23 03:00:00",2.94897385731148,0.440121229134965
"2020-08-23 04:00:00",2.97102866927784,-0.261499485062651
"2020-08-23 05:00:00",2.86606160301436,0.000545627827864464
"2020-08-23 06:00:00",3.37405847749787,0.818459105326469
"2020-08-23 07:00:00",4.09650678235016,0.619764110775858
"2020-08-23 08:00:00",4.03109949987892,-0.524351115739511
"2020-08-23 09:00:00",3.32543147724764,-0.79820548287684
"2020-08-23 10:00:00",2.6290107372897,-0.599757062758166
"2020-08-23 11:00:00",2.24285512097012,-0.22879492519697
"2020-08-23 12:00:00",1.83482291375861,-0.511022413033194
"2020-08-23 13:00:00",1.63094851426485,0.00821111580231326
"2020-08-23 14:00:00",1.55935361101105,-0.123497505628717
"2020-08-23 15:00:00",1.63279765803324,0.199236805033222
"2020-08-23 16:00:00",2.0928743688953,0.610000475276656
"2020-08-23 17:00:00",2.59338587602757,0.401039242129304
"2020-08-23 18:00:00",2.40216604606246,-0.580307716809153
"2020-08-23 19:00:00",2.12528879217757,-0.0645320909291474
"2020-08-23 20:00:00",2.16179554712624,0.0993914310462178
"2020-08-23 21:00:00",2.13225309032771,-0.116878770252581
"2020-08-23 22:00:00",2.02015622162088,-0.1063298291538
"2020-08-23 23:00:00",2.00918859941306,0.0505241171916577
"2020-08-24 00:00:00",1.85408873747295,-0.287398982508563
"2020-08-24 01:00:00",1.64075000397955,-0.156217520263219
"2020-08-24 02:00:00",1.52023328894831,-0.0931039671652573
"2020-08-24 03:00:00",1.5716853503019,0.143417182483406
"2020-08-24 04:00:00",1.24676432103853,-0.623726452341413
"2020-08-24 05:00:00",0.665269306918505,-0.527315503844162
"2020-08-24 06:00:00",0.482466609951168,0.0546980272446649
"2020-08-24 07:00:00",0.56280640590834,0.0929946195195438
"2020-08-24 08:00:00",0.672537153675648,0.114948413435309
"2020-08-24 09:00:00",0.388636461518235,-0.537171449459205
"2020-08-24 10:00:00",0.389402068488523,0.358847070364984
"2020-08-24 11:00:00",0.614792493332178,0.125208642440903
"2020-08-24 12:00:00",-0.417858028521122,-1.75626490802533
"2020-08-24 13:00:00",-1.04373152991479,0.157987582644358
"2020-08-24 14:00:00",-0.671057309568702,0.499431933686657
"2020-08-24 15:00:00",-0.517480456456072,-0.0834224533889753
"2020-08-24 16:00:00",-0.0654262434488707,0.788218117947546
"2020-08-24 17:00:00",0.487581640929524,0.370009442427089
"2020-08-24 18:00:00",0.0409641866271855,-0.970431500351442
"2020-08-24 19:00:00",-0.438869734217264,-0.130025785416489
"2020-08-24 20:00:00",-0.642784706599407,-0.242918163314997
"2020-08-24 21:00:00",-0.482281661608442,0.42264725722789
"2020-08-24 22:00:00",-0.295057777934414,0.0220023294795093
"2020-08-24 23:00:00",-0.178214891137496,0.174896767104221
"2020-08-25 00:00:00",-0.374584153959184,-0.434314775851057
"2020-08-25 01:00:00",-1.03255487962341,-0.775323137325984
"2020-08-25 02:00:00",-1.39996001904394,-0.0766750043957408
"2020-08-25 03:00:00",-1.27557025422389,0.254323738288938
"2020-08-25 04:00:00",-1.14318221561543,0.0464516465861829
"2020-08-25 05:00:00",-1.25078929511033,-0.203724641207507
"2020-08-25 06:00:00",-1.36428021299943,-0.0463313424916413
"2020-08-25 07:00:00",-1.62727242698636,-0.393175125925673
"2020-08-25 08:00:00",-1.88896367324984,-0.159504512803589
"2020-08-25 09:00:00",-1.87425928752034,0.132577054864774
"2020-08-25 10:00:00",-1.37206193809256,0.727157779294517
"2020-08-25 11:00:00",-0.730237406287422,0.556205605991203
"2020-08-25 12:00:00",-0.412841624571737,0.144050461652633
"2020-08-25 13:00:00",-0.0525052928381611,0.487933508515255
"2020-08-25 14:00:00",0.121679590743402,-0.043186824913115
"2020-08-25 15:00:00",0.407486238300347,0.491393776286422
"2020-08-25 16:00:00",1.21509090264392,0.979506418671466
"2020-08-25 17:00:00",1.79507049186401,0.284506855555894
"2020-08-25 18:00:00",1.90157892965862,-0.019529499888801
"2020-08-25 19:00:00",1.85812445192866,-0.0597896307171895
"2020-08-25 20:00:00",1.91749312749451,0.133590670694984
"2020-08-25 21:00:00",2.42954065816877,0.737544794594122
"2020-08-25 22:00:00",3.23971843766062,0.816969127745698
"2020-08-25 23:00:00",3.15263546719746,-0.689810737639826
"2020-08-26 00:00:00",2.32196636025431,-0.88916270880129
"2020-08-26 01:00:00",2.30218474773422,0.55774391771256
"2020-08-26 02:00:00",3.16787180534059,1.02687553478668
"2020-08-26 03:00:00",3.51158607258675,-0.132134062963101
"2020-08-26 04:00:00",2.9874631630472,-0.765063418885501
"2020-08-26 05:00:00",2.11409057115685,-0.907925014027731
"2020-08-26 06:00:00",1.55766011422702,-0.298387705056169
"2020-08-26 07:00:00",1.94583839538491,0.825428022107355
"2020-08-26 08:00:00",-0.301928931386612,-4.19222452035179
"2020-08-26 09:00:00",-3.33657795411661,-2.11835143906374
"2020-08-26 10:00:00",-4.99601219201595,-1.27033986258878
"2020-08-26 11:00:00",-6.09051031829114,-0.918824597418973
"2020-08-26 12:00:00",-6.84724892673015,-0.60487517239438
"2020-08-26 13:00:00",-6.36172156838859,1.19820147324161
"2020-08-26 14:00:00",-5.66441683378925,0.338441436350735
"2020-08-26 15:00:00",-5.72099683386874,-0.309935382941457
"2020-08-26 16:00:00",-5.31603250498084,0.869684484284854
"2020-08-26 17:00:00",-4.66253009333874,0.485179668823943
"2020-08-26 18:00:00",-3.86271663541756,0.977567264818288
"2020-08-26 19:00:00",-2.5484084049745,1.48132080876713
"2020-08-26 20:00:00",-1.29199942490833,1.05005041732053
"2020-08-26 21:00:00",-0.460867767122118,0.647358308779778
"2020-08-26 22:00:00",0.0329024832388878,0.368510170186
"2020-08-26 23:00:00",0.41879486298629,0.379100567651272
"2020-08-27 00:00:00",0.653512126830266,0.126770084945344
"2020-08-27 01:00:00",1.0048668920096,0.48353708797299
"2020-08-27 02:00:00",1.49627254117901,0.47200512023435
"2020-08-27 03:00:00",1.82774704012921,0.22010945696762
"2020-08-27 04:00:00",1.84881955778384,-0.114973110731482
"2020-08-27 05:00:00",1.07269197353241,-1.18239107657199
"2020-08-27 06:00:00",0.0530988141336103,-0.863994904568672
"2020-08-27 07:00:00",-0.801870041157672,-0.808392443304971
"2020-08-27 08:00:00",-1.62553384421524,-0.793671276653707
"2020-08-27 09:00:00",-2.3893236388987,-0.705479687634603
"2020-08-27 10:00:00",-2.87376535157717,-0.310986323757835
"2020-08-27 11:00:00",-3.05428840202588,-0.0812675448546262
"2020-08-27 12:00:00",-3.524286459828,-0.702877602360371
"2020-08-27 13:00:00",-4.35316802380985,-0.868953485210397
"2020-08-27 14:00:00",-4.35260739746548,0.58580973092116
"2020-08-27 15:00:00",-3.84798135428432,0.432133745650345
"2020-08-27 16:00:00",-3.470701342478,0.327741862674019
"2020-08-27 17:00:00",-3.22374784161091,0.185832762785605
"2020-08-27 18:00:00",-3.34642729663317,-0.318367032566366
"2020-08-27 19:00:00",-4.48994624389806,-1.63495944429098
"2020-08-27 20:00:00",-5.50135456262286,-0.54186739962266
"2020-08-27 21:00:00",-5.67366793115014,0.0893290613884275
"2020-08-27 22:00:00",-4.99700576212651,1.04336746521649
"2020-08-27 23:00:00",-4.57808934187602,-0.0108447557333511
"2020-08-28 00:00:00",-4.07575145432248,0.826482396794949
"2020-08-28 01:00:00",-3.17893664810125,0.906338218705421
"2020-08-28 02:00:00",-2.31352556581347,0.801099371625771
"2020-08-28 03:00:00",-1.58612063288818,0.646691522038757
"2020-08-28 04:00:00",-1.15020132894888,0.276736131049131
"2020-08-28 05:00:00",-1.32484342109397,-0.465774794559462
"2020-08-28 06:00:00",-2.04501328663761,-0.853834515009474
"2020-08-28 07:00:00",-2.85373358773371,-0.73757960297783
"2020-08-28 08:00:00",-3.97012329842311,-1.31219808179001
"2020-08-28 09:00:00",-5.02461455742843,-0.827464985329536
"2020-08-28 10:00:00",-5.43739149260723,-0.110233319019159
"2020-08-28 11:00:00",-5.21894029987871,0.434196433844946
"2020-08-28 12:00:00",-4.26360179218605,1.26408871370254
"2020-08-28 13:00:00",-3.13856517567842,0.984369827824652
"2020-08-28 14:00:00",-1.97313181264401,1.23480404238252
"2020-08-28 15:00:00",-1.07304999212972,0.636708705623166
"2020-08-28 16:00:00",-0.491393942656082,0.518697705295783
"2020-08-28 17:00:00",-0.484055608999129,-0.333277654043639
"2020-08-28 18:00:00",-1.17142064396128,-0.890132400470924
"2020-08-28 19:00:00",-1.23864783489027,0.486071085437796
"2020-08-28 20:00:00",-0.39272775020529,1.04721389823516
"2020-08-28 21:00:00",0.19395596846604,0.252296024854438
"2020-08-28 22:00:00",0.483965604878698,0.301120616619358
"2020-08-28 23:00:00",1.46580331871239,1.38836150480253
"2020-08-29 00:00:00",1.73344826937122,-0.494093928056541
"2020-08-29 01:00:00",1.43433063192215,-0.157155477821052
"2020-08-29 02:00:00",1.49934671735947,0.208190161470821
"2020-08-29 03:00:00",1.4965901913516,-0.145186336173962
"2020-08-29 04:00:00",1.27277346539667,-0.267528972011585
"2020-08-29 05:00:00",0.832783134638032,-0.535694658303145
"2020-08-29 06:00:00",0.454177523450861,-0.256963376169317
"2020-08-29 07:00:00",0.25422222536632,-0.153034059320268
"2020-08-29 08:00:00",-0.194758552923057,-0.625267566208508
"2020-08-29 09:00:00",-0.867512536808501,-0.672191258413017
"2020-08-29 10:00:00",-1.46780184380915,-0.522712248418164
"2020-08-29 11:00:00",-1.4885663221361,0.316739827371358
"2020-08-29 12:00:00",-0.690814663561742,1.08243030400945
"2020-08-29 13:00:00",0.246339327165528,0.796661978493093
"2020-08-29 14:00:00",0.754919600179339,0.292044210952623
"2020-08-29 15:00:00",0.92019565418603,0.0719387805466352
"2020-08-29 16:00:00",1.08724517375311,0.221331760763126
"2020-08-29 17:00:00",0.97720741357853,-0.327119134168305
"2020-08-29 18:00:00",1.58974972083301,1.20860583289602
"2020-08-29 19:00:00",0.797766801620997,-2.09010022541961
"2020-08-29 20:00:00",-0.185465731367382,-0.199638637268434
"2020-08-29 21:00:00",-0.027330019254197,0.38937239456766
"2020-08-29 22:00:00",0.795330798714509,1.07245778623444
"2020-08-29 23:00:00",0.0579799662836147,-1.90985593067247
"2020-08-30 00:00:00",-0.0931606276807142,1.0284238612637
"2020-08-30 01:00:00",0.332362397419132,0.00349539692609091
"2020-08-30 02:00:00",0.808220380978269,0.76772030316857
"2020-08-30 03:00:00",0.616920481308929,-0.822586910943355
"2020-08-30 04:00:00",0.0561807421003689,-0.36032687907686
"2020-08-30 05:00:00",0.00936223624229443,0.164335932964651
"2020-08-30 06:00:00",0.490085104128957,0.668788218521463
"2020-08-30 07:00:00",0.762185484359249,-0.00591526323331476
"2020-08-30 08:00:00",0.994402935056147,0.378952935810872
"2020-08-30 09:00:00",1.92935999794854,1.25991027081471
"2020-08-30 10:00:00",2.3974442740639,-0.0845200224471897
"2020-08-30 11:00:00",2.02905760890722,-0.543211732143994
"2020-08-30 12:00:00",1.59655280139438,-0.340763723506621
"2020-08-30 13:00:00",0.956243778285606,-0.811632750336893
"2020-08-30 14:00:00",0.162758745197975,-0.744913072334887
"2020-08-30 15:00:00",-0.989263005464948,-1.36888934373389
"2020-08-30 16:00:00",-2.07731765928095,-0.847856275435489
"2020-08-30 17:00:00",-2.59270590010475,-0.266578892105284
"2020-08-30 18:00:00",-2.42415579749074,0.453962750621545
"2020-08-30 19:00:00",-2.00018308516549,0.38695653739069
"2020-08-30 20:00:00",-1.71806694726425,0.201395169848853
"2020-08-30 21:00:00",-1.43151576283016,0.331918066299874
"2020-08-30 22:00:00",-1.108679472429,0.303285547488647
"2020-08-30 23:00:00",-0.865544764267135,0.192909861216279
"2020-08-31 00:00:00",-0.201041603610744,0.948431951202963
"2020-08-31 01:00:00",0.41480102861879,0.365114784354645
"2020-08-31 02:00:00",0.801668337700797,0.382450550342175
"2020-08-31 03:00:00",1.05077943377796,0.147349004287385
"2020-08-31 04:00:00",0.94469083857154,-0.27135690566473
"2020-08-31 05:00:00",0.514991529187614,-0.516057416290895
"2020-08-31 06:00:00",-0.203806538196809,-0.820463009529336
"2020-08-31 07:00:00",-0.768626196343083,-0.367291147919501
"2020-08-31 08:00:00",-0.878171157024466,0.068478879573431
"2020-08-31 09:00:00",-0.763759216877841,0.140728288372347
"2020-08-31 10:00:00",-0.489440218641675,0.351326679759337
"2020-08-31 11:00:00",-0.141093705943851,0.330437256411242
"2020-08-31 12:00:00",-0.40438954685558,-0.646417750425731
"2020-08-31 13:00:00",-0.52905512276474,0.229608447721965
"2020-08-31 14:00:00",-0.565094023031099,-0.210739853952001
"2020-08-31 15:00:00",-2.98251856533441,-3.77292015247801
"2020-08-31 16:00:00",-4.13875193893575,0.646981706665274
"2020-08-31 17:00:00",-3.44207317200024,0.702037030713418
"2020-08-31 18:00:00",-4.09653142237985,-1.52323826928762
"2020-08-31 19:00:00",-4.16911839175017,0.903225601863236
"2020-08-31 20:00:00",-4.13682489109654,-0.544480340194038
"2020-08-31 21:00:00",-4.19607413103014,0.272378870283144
"2020-08-31 22:00:00",-3.77381311023292,0.507522235328124
"2020-08-31 23:00:00",-3.39855263294739,0.274118245460632
"2020-09-01 00:00:00",-3.59836611374125,-0.501888253743427
"2020-09-01 01:00:00",-4.14690507089504,-0.548935842600705
"2020-09-01 02:00:00",-4.62279829240865,-0.399241140421384
"2020-09-01 03:00:00",-4.83475823060917,-0.071078796941303
"2020-09-01 04:00:00",-4.8830791688018,-0.024623060589285
"2020-09-01 05:00:00",-4.85151966636889,0.0738065383583404
"2020-09-01 06:00:00",-4.2336738193994,0.957424595700376
"2020-09-01 07:00:00",-3.30057917269807,0.877990390793051
"2020-09-01 08:00:00",-2.71449475937323,0.367886476526215
"2020-09-01 09:00:00",-2.88170924430117,-0.512498615741222
"2020-09-01 10:00:00",-3.26872367312997,-0.281255683993112
"2020-09-01 11:00:00",-3.40592824262076,-0.0304401810827229
"2020-09-01 12:00:00",-4.05152457461223,-1.02062631053614
"2020-09-01 13:00:00",-4.32971701668925,0.235195403290725
"2020-09-01 14:00:00",-4.19426095151143,0.0681067668737241
"2020-09-01 15:00:00",-4.03376083229789,0.219872489737629
"2020-09-01 16:00:00",-3.7921915224231,0.249752280348364
"2020-09-01 17:00:00",-3.66393402684774,0.0460542298152256
"2020-09-01 18:00:00",-3.71777400278079,-0.113155216443555
"2020-09-01 19:00:00",-3.65911141091283,0.175208959140636
"2020-09-01 20:00:00",-3.59709526215824,-0.0116763012365625
"2020-09-01 21:00:00",-3.76165572253875,-0.254026500988188
"2020-09-01 22:00:00",-4.20676057613966,-0.546489918134103
"2020-09-01 23:00:00",-4.79555659051656,-0.58359958008557
"2020-09-02 00:00:00",-4.22622982923662,1.31705681615365
"2020-09-02 01:00:00",-3.73450342823356,-0.0764051924673491
"2020-09-02 02:00:00",-3.70972785991019,0.0958632139583214
"2020-09-02 03:00:00",-3.54105140054121,0.213982744350596
"2020-09-02 04:00:00",-3.31021468440071,0.235666278372295
"2020-09-02 05:00:00",-3.34178835292311,-0.203964731695711
"2020-09-02 06:00:00",-3.52117645508307,-0.150173338301932
"2020-09-02 07:00:00",-4.16796754414581,-0.942591521430485
"2020-09-02 08:00:00",-4.68695220799733,-0.206552225232664
"2020-09-02 09:00:00",-5.40625220434985,-1.02090580355421
"2020-09-02 10:00:00",-6.21538450369773,-0.622536430821515
"2020-09-02 11:00:00",-6.65905289398735,-0.295333092274915
"2020-09-02 12:00:00",-6.57076656254478,0.348413805997826
"2020-09-02 13:00:00",-5.59554200501709,1.35521634252389
"2020-09-02 14:00:00",-6.16520913824385,-1.81862047628006
"2020-09-02 15:00:00",-7.3805957310678,-0.747538619798709
"2020-09-02 16:00:00",-6.78916248600291,1.46547213581783
"2020-09-02 17:00:00",-5.82256752425093,0.596832317122067
"2020-09-02 18:00:00",-5.4737427016815,0.174416292615543
"2020-09-02 19:00:00",-4.97858385707518,0.69250740767022
"2020-09-02 20:00:00",-4.29773157905159,0.647144041851314
"2020-09-02 21:00:00",-3.70392148592267,0.535575292839911
"2020-09-02 22:00:00",-2.98936622359523,0.804690874566704
"2020-09-02 23:00:00",-2.30311018788045,0.578542450255345
"2020-09-03 00:00:00",-1.88833773920092,0.288852351509812
"2020-09-03 01:00:00",-1.61321852411933,0.25532376114544
"2020-09-03 02:00:00",-1.22436433310408,0.46147365737941
"2020-09-03 03:00:00",-0.705880739811873,0.533429277987285
"2020-09-03 04:00:00",-0.578628882845839,-0.148665842900346
"2020-09-03 05:00:00",-1.19573704819273,-0.899327563925354
"2020-09-03 06:00:00",-1.98048521470387,-0.669531643272686
"2020-09-03 07:00:00",-2.31015112443532,-0.0848750287892916
"2020-09-03 08:00:00",-2.02525809149109,0.520839822359106
"2020-09-03 09:00:00",-1.37487415517376,0.70844913067922
"2020-09-03 10:00:00",-0.682555078887164,0.650438987881075
"2020-09-03 11:00:00",-0.18760939632741,0.368645268784414
"2020-09-03 12:00:00",-0.465685524934,-0.695760684443177
"2020-09-03 13:00:00",-0.676493499682949,0.123105904350404
"2020-09-03 14:00:00",-0.522397356402822,0.168305130093045
"2020-09-03 15:00:00",-0.13731635290832,0.511970165774522
"2020-09-03 16:00:00",0.520615298591846,0.724150119210649
"2020-09-03 17:00:00",0.415461605695894,-0.653687578436758
"2020-09-03 18:00:00",0.468976093926081,0.52189622386065
"2020-09-03 19:00:00",0.332023081039685,-0.570274811190347
"2020-09-03 20:00:00",0.309444926889731,0.343191831905657
"2020-09-03 21:00:00",0.147044868594709,-0.492137221588253
"2020-09-03 22:00:00",-0.288746616624219,-0.377709246304167
"2020-09-03 23:00:00",-0.262444177074875,0.294761211397176
"2020-09-04 00:00:00",0.141826041552293,0.458402512372552
"2020-09-04 01:00:00",0.899762350826101,0.921422727722855
"2020-09-04 02:00:00",1.61988129788887,0.550539676696542
"2020-09-04 03:00:00",2.18300026163461,0.542658590105673
"2020-09-04 04:00:00",2.51876707625226,0.179072868862244
"2020-09-04 05:00:00",2.47378801359814,-0.195452787270067
"2020-09-04 06:00:00",2.01824953913981,-0.610466817445855
"2020-09-04 07:00:00",1.32817503400754,-0.712954210101288
"2020-09-04 08:00:00",0.00509158836097146,-1.66866879665326
"2020-09-04 09:00:00",-1.33752429772715,-1.06145727191527
"2020-09-04 10:00:00",-1.89795000235126,-0.198055710944814
"2020-09-04 11:00:00",-1.76239226305545,0.353967018569625
"2020-09-04 12:00:00",-1.14736110716621,0.762116096761192
"2020-09-04 13:00:00",-0.59367052654105,0.389910050271229
"2020-09-04 14:00:00",0.0644562865137455,0.806426202596616
"2020-09-04 15:00:00",0.571912896068643,0.283949847990876
"2020-09-04 16:00:00",0.916547893413485,0.367977281418279
"2020-09-04 17:00:00",1.23153587144678,0.263513287278777
"2020-09-04 18:00:00",1.53840519137952,0.319603668322478
"2020-09-04 19:00:00",1.92762531095344,0.415152430109334
"2020-09-04 20:00:00",1.85797713372089,-0.392017409648432
"2020-09-04 21:00:00",1.82387293065265,0.203726994909834
"2020-09-04 22:00:00",2.33452050652975,0.688641957124016
"2020-09-04 23:00:00",3.4604569786856,1.36094918855449
"2020-09-05 00:00:00",4.02976217454366,0.0100393119630856
"2020-09-05 01:00:00",3.25958812437165,-1.25890205395517
"2020-09-05 02:00:00",3.01988053520652,0.446934356862628
"2020-09-05 03:00:00",3.39711859857698,0.308957138229806
"2020-09-05 04:00:00",3.5187667964371,-0.0133804738159545
"2020-09-05 05:00:00",3.15058449590139,-0.591751333098141
"2020-09-05 06:00:00",2.37241514935835,-0.869527642870752
"2020-09-05 07:00:00",1.02784506630011,-1.60042366547587
"2020-09-05 08:00:00",-0.899593632868149,-2.05517886357919
"2020-09-05 09:00:00",-2.8332938382618,-1.75966839948974
"2020-09-05 10:00:00",-3.67677891613823,-0.188973686643068
"2020-09-05 11:00:00",-3.53841774514113,0.354743766575466
"2020-09-05 12:00:00",-5.2271165593949,-2.96616535926474
"2020-09-05 13:00:00",-5.37080385522764,1.75149649454785
"2020-09-05 14:00:00",-4.69740297673343,-0.070396160626057
"2020-09-05 15:00:00",-4.82780236158312,-0.158151309900132
"2020-09-05 16:00:00",-4.83920300865718,0.0931943102633771
"2020-09-05 17:00:00",-4.63318620638907,0.277676514930735
"2020-09-05 18:00:00",-4.16032249121274,0.586486438650194
"2020-09-05 19:00:00",-3.31318801029038,0.986002591423259
"2020-09-05 20:00:00",-2.60527773764562,0.493148447073501
"2020-09-05 21:00:00",-2.77065588009908,-0.59317263225676
"2020-09-05 22:00:00",-3.19800298404688,-0.292921106391154
"2020-09-05 23:00:00",-3.1020493548251,0.354760346884341
"2020-09-06 00:00:00",-2.14041546797164,1.32451046828041
"2020-09-06 01:00:00",-1.22378844451235,0.60390992830421
"2020-09-06 02:00:00",-1.00339558168318,-0.0441768159204601
"2020-09-06 03:00:00",-1.60891722039371,-0.949678221951486
"2020-09-06 04:00:00",-2.71742516411922,-1.15964380562448
"2020-09-06 05:00:00",-3.62188413106835,-0.687857647026676
"2020-09-06 06:00:00",-3.64064398155817,0.43285640422174
"2020-09-06 07:00:00",-3.29181724329417,0.280923203874351
"2020-09-06 08:00:00",-3.07086041815994,0.174722010408073
"2020-09-06 09:00:00",-2.95150480901719,0.0807306946831769
"2020-09-06 10:00:00",-3.07407932663709,-0.248481075300624
"2020-09-06 11:00:00",-3.26675492098391,-0.142355503869666
"2020-09-06 12:00:00",-3.46859480363163,-0.227694636904856
"2020-09-06 13:00:00",-3.67467941788044,-0.17741555153102
"2020-09-06 14:00:00",-3.56210814543102,0.305278413965947
"2020-09-06 15:00:00",-3.23392338473828,0.332450388441781
"2020-09-06 16:00:00",-3.06510574595919,0.0558760976460539
"2020-09-06 17:00:00",-3.2802507690883,-0.381649479795626
"2020-09-06 18:00:00",-3.97707218150337,-0.869593058552058
"2020-09-06 19:00:00",-4.50006775094222,-0.261957232902131
"2020-09-06 20:00:00",-4.75779904777335,-0.23686806047935
"2020-09-06 21:00:00",-4.56009445462792,0.484150880316743
"2020-09-06 22:00:00",-4.08512883510931,0.45214827278719
"2020-09-06 23:00:00",-4.42030096595587,-0.838852280544686
"2020-09-07 00:00:00",-4.6268486072193,0.230492648307564
"2020-09-07 01:00:00",-4.72947558758892,-0.31386407224676
"2020-09-07 02:00:00",-4.63908510138253,0.361688051620408
"2020-09-07 03:00:00",-4.30960608021491,0.298327970870541
"2020-09-07 04:00:00",-4.992328013413,-1.29874829554165
"2020-09-07 05:00:00",-5.29323399488051,0.385042929612127
"2020-09-07 06:00:00",-4.43284050420986,1.14322399843639
"2020-09-07 07:00:00",-3.81975058146853,0.236251682053848
"2020-09-07 08:00:00",-4.08179383276571,-0.576860015111927
"2020-09-07 09:00:00",-3.83497618408878,0.789457971134818
"2020-09-07 10:00:00",-3.20246124298757,0.50277305390052
"2020-09-07 11:00:00",-2.92015411322895,0.126043956710982
"2020-09-07 12:00:00",-4.28959677320469,-2.29757894539777
"2020-09-07 13:00:00",-4.39522399742117,1.36619610557805
"2020-09-07 14:00:00",-3.47372579969458,0.586912603635148
"2020-09-07 15:00:00",-3.03483776455272,0.323827208866389
"2020-09-07 16:00:00",-2.80265957508035,0.163957596829441
"2020-09-07 17:00:00",-3.43354927066244,-1.12718796198382
"2020-09-07 18:00:00",-5.31041965139188,-2.28303807752551
"2020-09-07 19:00:00",-6.3483165359273,-0.151653616626626
"2020-09-07 20:00:00",-6.05770709046201,0.579817339961628
"2020-09-07 21:00:00",-5.59042041064531,0.377868280664496
"2020-09-07 22:00:00",-5.13901339876331,0.486185223997771
"2020-09-07 23:00:00",-4.89265624386765,0.0813898558650741
"2020-09-08 00:00:00",-4.5749526747653,0.466450966630617
"2020-09-08 01:00:00",-4.22915234222989,0.254830991207589
"2020-09-08 02:00:00",-3.75697387848236,0.600086378687068
"2020-09-08 03:00:00",-3.04188585108554,0.762615193478772
"2020-09-08 04:00:00",-2.28754057908555,0.716905842654514
"2020-09-08 05:00:00",-2.13962074062382,-0.235479090625398
"2020-09-08 06:00:00",-1.91325643545477,0.52625511541725
"2020-09-08 07:00:00",-1.09801875758017,0.971615305107621
"2020-09-08 08:00:00",-0.249713298425262,0.727204257366957
"2020-09-08 09:00:00",-0.0130694292622728,-0.101314244343949
"2020-09-08 10:00:00",0.44234371444005,0.804934360755688
"2020-09-08 11:00:00",0.776043314042783,0.00312121201315718
"2020-09-08 12:00:00",0.481177718415518,-0.480508290464865
"2020-09-08 13:00:00",0.38725952094608,0.167647061794494
"2020-09-08 14:00:00",0.280149642812584,-0.285687302289261
"2020-09-08 15:00:00",0.220135228924525,0.0929224809957081
"2020-09-08 16:00:00",0.238716157573741,-0.032145887235367
"2020-09-08 17:00:00",0.042320829481824,-0.296868132493784
"2020-09-08 18:00:00",0.0452889641856262,0.20266002097768
"2020-09-08 19:00:00",0.045874808173391,-0.134214193993632
"2020-09-08 20:00:00",-0.29339986463065,-0.459916346608365
"2020-09-08 21:00:00",-0.382741005759425,0.162328325529807
"2020-09-08 22:00:00",-0.174070681324891,0.230141786632867
"2020-09-08 23:00:00",0.0102555937034542,0.145248357742747
"2020-09-09 00:00:00",0.392303816130566,0.521744228020679
"2020-09-09 01:00:00",0.931095101217395,0.524047261075709
"2020-09-09 02:00:00",1.60358695905678,0.738297062919566
"2020-09-09 03:00:00",2.05502625404788,0.23668553665599
"2020-09-09 04:00:00",1.98322402584159,-0.27669336249944
"2020-09-09 05:00:00",1.50852508241642,-0.586698616981928
"2020-09-09 06:00:00",1.46952856431044,0.326041250523049
"2020-09-09 07:00:00",1.86136124465334,0.415179626625697
"2020-09-09 08:00:00",2.20562248653417,0.278225503291283
"2020-09-09 09:00:00",2.65577999095779,0.540543549419898
"2020-09-09 10:00:00",3.567145924322,1.11184692559629
"2020-09-09 11:00:00",4.48848123418491,0.745951843361187
"2020-09-09 12:00:00",4.19936226772363,-0.971199593963423
"2020-09-09 13:00:00",4.26361091987347,0.746071475069745
"2020-09-09 14:00:00",4.78459183512989,0.340672330933117
"2020-09-09 15:00:00",4.87600487895572,-0.0852662974924498
"2020-09-09 16:00:00",4.6077787628496,-0.38373453193012
"2020-09-09 17:00:00",4.23449328975272,-0.354518829582986
"2020-09-09 18:00:00",4.10430942107812,0.0200999470094019
"2020-09-09 19:00:00",4.64199655410178,0.851900079753697
"2020-09-09 20:00:00",4.95803041763505,-0.0622036220835576
"2020-09-09 21:00:00",4.69743523005439,-0.386859575259612
"2020-09-09 22:00:00",4.83012949404611,0.466698992193581
"2020-09-09 23:00:00",4.7650143396112,-0.422781776948562
"2020-09-10 00:00:00",3.42637638413186,-1.89172737769185
"2020-09-10 01:00:00",1.65342630634363,-1.61393231582337
"2020-09-10 02:00:00",0.151483965916318,-1.35804288268212
"2020-09-10 03:00:00",-1.08209777484755,-1.09218523943982
"2020-09-10 04:00:00",-1.95112823446123,-0.677572966814738
"2020-09-10 05:00:00",-2.58806189642964,-0.577060356655391
"2020-09-10 06:00:00",-2.64802227013035,0.290951362401538
"2020-09-10 07:00:00",-2.33277879702922,0.319870002464426
"2020-09-10 08:00:00",-1.93072170551401,0.440748071714402
"2020-09-10 09:00:00",-1.63115510044074,0.193699925999562
"2020-09-10 10:00:00",-1.52907874395168,0.0382463062558361
"2020-09-10 11:00:00",-1.64883655557254,-0.217430930484635
"2020-09-10 12:00:00",-1.9220506380238,-0.295294580358678
"2020-09-10 13:00:00",-2.221153105335,-0.284951112605258
"2020-09-10 14:00:00",-2.51577750772303,-0.284210622740804
"2020-09-10 15:00:00",-2.77017851621685,-0.21919747604249
"2020-09-10 16:00:00",-2.77373928235022,0.143933454765614
"2020-09-10 17:00:00",-2.78828959865924,-0.115938726965659
"2020-09-10 18:00:00",-2.4070201831714,0.698211205412917
"2020-09-10 19:00:00",-1.57320514022554,0.887695393395206
"2020-09-10 20:00:00",-1.41545848915197,-0.334346408825679
"2020-09-10 21:00:00",-2.22043498138867,-1.07864865633457
"2020-09-10 22:00:00",-3.10761819209032,-0.714522120012431
"2020-09-10 23:00:00",-3.23547875877674,0.273320836961641
"2020-09-11 00:00:00",-3.36388615769132,-0.385950633003209
"2020-09-11 01:00:00",-4.02224452033771,-0.804340989443669
"2020-09-11 02:00:00",-4.4234465948172,-0.108199431184148
"2020-09-11 03:00:00",-4.80074959021336,-0.533073107921002
"2020-09-11 04:00:00",-5.25532260931571,-0.374453268827688
"2020-09-11 05:00:00",-5.80203785880892,-0.628803084840508
"2020-09-11 06:00:00",-4.61148376117132,2.35434049050543
"2020-09-11 07:00:00",-2.78766919445504,1.38941244043829
"2020-09-11 08:00:00",-1.57647755787482,1.0384169068639
"2020-09-11 09:00:00",-0.607137108643674,0.879259263247016
"2020-09-11 10:00:00",0.172397321694204,0.676791711820633
"2020-09-11 11:00:00",0.605387928181292,0.249661699034453
"2020-09-11 12:00:00",0.733410821624359,0.0400680618329707
"2020-09-11 13:00:00",0.90531756097201,0.250683736977296
"2020-09-11 14:00:00",1.31722088234698,0.498641257439093
"2020-09-11 15:00:00",1.89315435265122,0.598395387439473
"2020-09-11 16:00:00",2.23466879477756,0.151595317323945
"2020-09-11 17:00:00",0.654403287615255,-2.66260624916706
"2020-09-11 18:00:00",-1.24470641978716,-1.30071940886418
"2020-09-11 19:00:00",-1.81874135020309,-0.0607051096042827
"2020-09-11 20:00:00",-2.24278021479754,-0.643763595366874
"2020-09-11 21:00:00",-2.94105800111611,-0.698548217316843
"2020-09-11 22:00:00",-3.50817055587596,-0.448751602856117
"2020-09-11 23:00:00",-3.10522847503579,0.956101332939127
"2020-09-12 00:00:00",-3.16186126279646,-0.725084913497938
"2020-09-12 01:00:00",-4.02680876361179,-0.913011538999411
"2020-09-12 02:00:00",-4.58577001905561,-0.291181316674074
"2020-09-12 03:00:00",-4.58851049047895,0.19558960236844
"2020-09-12 04:00:00",-4.17506538768337,0.544945736172099
"2020-09-12 05:00:00",-4.45493838115921,-0.811063492055522
"2020-09-12 06:00:00",-3.51273164544072,2.07200134430773
"2020-09-12 07:00:00",-1.119414412786,2.49832179665413
"2020-09-12 08:00:00",1.08835953143709,1.91060912524921
"2020-09-12 09:00:00",2.76562849937608,1.44060629503051
"2020-09-12 10:00:00",4.22812398502995,1.404027410352
"2020-09-12 11:00:00",5.55956629398298,1.2143354347722
"2020-09-12 12:00:00",6.37225696465677,0.499149451365558
"2020-09-12 13:00:00",6.67767520618335,0.153541744571618
"2020-09-12 14:00:00",7.31354674755103,0.918598271506403
"2020-09-12 15:00:00",7.77130206921148,0.119355440631214
"2020-09-12 16:00:00",7.30874834019198,-0.838520425369873
"2020-09-12 17:00:00",5.7330015285898,-2.00176230353958
"2020-09-12 18:00:00",4.42781959441049,-0.786168988470491
"2020-09-12 19:00:00",3.47190944424102,-1.02935044418699
"2020-09-12 20:00:00",2.4580857998421,-0.959770259049559
"2020-09-12 21:00:00",1.56491845273727,-0.809490897088058
"2020-09-12 22:00:00",1.10752115218438,-0.202953526942343
"2020-09-12 23:00:00",0.63124105787938,-0.637289347496414
"2020-09-13 00:00:00",0.14284485851643,-0.366740920179599
"2020-09-13 01:00:00",-0.177888956340671,-0.275005934512309
"2020-09-13 02:00:00",-0.385931173971414,-0.153285235237895
"2020-09-13 03:00:00",-0.652961858183979,-0.329673265501915
"2020-09-13 04:00:00",-1.03237490371786,-0.39370147028416
"2020-09-13 05:00:00",-1.47377052361261,-0.450886032000205
"2020-09-13 06:00:00",-1.0418575922354,1.0018104907066
"2020-09-13 07:00:00",-0.0082459716275935,1.00703798867962
"2020-09-13 08:00:00",0.959981144291816,0.896354733802724
"2020-09-13 09:00:00",1.69903200351468,0.597827133567208
"2020-09-13 10:00:00",2.00513466852396,0.0948878076235164
"2020-09-13 11:00:00",2.47909883283189,0.701571181630008
"2020-09-13 12:00:00",3.16717349869755,0.643185719028706
"2020-09-13 13:00:00",4.01246266690944,0.935773718633391
"2020-09-13 14:00:00",4.84180995949437,0.713817049501791
"2020-09-13 15:00:00",5.46629483243612,0.529016840662208
"2020-09-13 16:00:00",5.57591069284503,-0.18223278388914
"2020-09-13 17:00:00",4.22517319336209,-2.0727263864356
"2020-09-13 18:00:00",2.14372123174086,-1.99380419383201
"2020-09-13 19:00:00",1.00912185078328,-0.510652815253946
"2020-09-13 20:00:00",0.881223500026491,0.13204427461509
"2020-09-13 21:00:00",0.962608456556418,0.0426097473305204
"2020-09-13 22:00:00",0.894628974762428,-0.139714459591697
"2020-09-13 23:00:00",0.547423893826294,-0.470183675394054
"2020-09-14 00:00:00",0.273173043064598,-0.131304360439676
"2020-09-14 01:00:00",-0.267081569862028,-0.78756296188784
"2020-09-14 02:00:00",-0.634797802716378,-0.0700053475054395
"2020-09-14 03:00:00",-0.394061918339426,0.437271585655714
"2020-09-14 04:00:00",0.848089687776745,1.72021075308986
"2020-09-14 05:00:00",-0.130266861748526,-2.73197296566441
"2020-09-14 06:00:00",-0.596468462909312,1.06660856017787
"2020-09-14 07:00:00",1.31370186169666,2.38253386487844
"2020-09-14 08:00:00",3.74564115197937,2.34761866116931
"2020-09-14 09:00:00",5.88304757518477,1.89087250481717
"2020-09-14 10:00:00",7.43888437632959,1.25097020817514
"2020-09-14 11:00:00",8.5257316869774,0.91620189624705
"2020-09-14 12:00:00",9.49012142477831,0.939701021050952
"2020-09-14 13:00:00",10.3544292060054,0.760746191924744
"2020-09-14 14:00:00",10.9350415643588,0.419592168257193
"2020-09-14 15:00:00",11.3176293989284,0.325647521006533
"2020-09-14 16:00:00",10.8612766603299,-0.970575688209961
"2020-09-14 17:00:00",8.68147919703216,-2.89634490054148
"2020-09-14 18:00:00",6.61768883833883,-1.42188030834167
"2020-09-14 19:00:00",5.83042966923324,-0.335303039418464
"2020-09-14 20:00:00",5.48479496793388,-0.343611086859885
"2020-09-14 21:00:00",5.2245806151857,-0.199319934323181
"2020-09-14 22:00:00",5.2006510310971,0.0874000854037194
"2020-09-14 23:00:00",5.09965340122487,-0.228496176628496
"2020-09-15 00:00:00",4.97851468195392,-0.0503832484357391
"2020-09-15 01:00:00",4.71062311557951,-0.40657991686984
"2020-09-15 02:00:00",4.56560297202383,0.0301712654996182
"2020-09-15 03:00:00",4.55692232550998,-0.0400522005613145
"2020-09-15 04:00:00",4.42976909788823,-0.185049387678546
"2020-09-15 05:00:00",4.07477984354413,-0.45711990293879
"2020-09-15 06:00:00",4.59111243964984,1.13550341783217
"2020-09-15 07:00:00",6.07993405610228,1.64769916527695
"2020-09-15 08:00:00",7.68573594625449,1.49372959551247
"2020-09-15 09:00:00",8.96677249479998,1.06846574245376
"2020-09-15 10:00:00",10.012230509549,0.968885752112741
"2020-09-15 11:00:00",10.9910926898185,0.926096401626105
"2020-09-15 12:00:00",12.1946942748641,1.3172444642935
"2020-09-15 13:00:00",13.2506837635538,0.815928478531761
"2020-09-15 14:00:00",13.8967145839268,0.484993887538101
"2020-09-15 15:00:00",14.1160344030919,0.0138775859313761
"2020-09-15 16:00:00",13.3387031876644,-1.2860464106636
"2020-09-15 17:00:00",11.2330151412687,-2.56923381560171
"2020-09-15 18:00:00",9.32810396822648,-1.38599156052775
"2020-09-15 19:00:00",8.2520554857257,-0.830310279918047
"2020-09-15 20:00:00",7.71944333203479,-0.319474267915326
"2020-09-15 21:00:00",7.53373238679663,-0.0976592811067457
"2020-09-15 22:00:00",7.3912474775793,-0.175305299402293
"2020-09-15 23:00:00",6.65627187308598,-1.08268159273803
"2020-09-16 00:00:00",6.13863119542444,-0.124932395003447
"2020-09-16 01:00:00",5.42968932020406,-1.0724966960185
"2020-09-16 02:00:00",4.54782901009456,-0.719862774244902
"2020-09-16 03:00:00",3.92896845362417,-0.527979340084257
"2020-09-16 04:00:00",3.25954710687737,-0.736966802824875
"2020-09-16 05:00:00",2.90157823575289,-0.0924976435433243
"2020-09-16 06:00:00",4.04322820574175,1.90641169854516
"2020-09-16 07:00:00",6.0940541001418,2.04443638233633
"2020-09-16 08:00:00",8.00566649199503,1.72437319854273
"2020-09-16 09:00:00",9.47240700039909,1.2149736529127
"2020-09-16 10:00:00",10.4913899854067,0.827697230351711
"2020-09-16 11:00:00",11.1982993766182,0.57927448747348
"2020-09-16 12:00:00",11.7941038643983,0.564081975505521
"2020-09-16 13:00:00",12.2410258408009,0.332381355197402
"2020-09-16 14:00:00",12.3809258440294,-0.0108404189693295
"2020-09-16 15:00:00",12.020847177058,-0.591743528806501
"2020-09-16 16:00:00",10.940483651984,-1.37025651180018
"2020-09-16 17:00:00",9.62359994400482,-1.23282283272394
"2020-09-16 18:00:00",8.28093516579269,-1.36448986531167
"2020-09-16 19:00:00",6.84068023660917,-1.43299490613964
"2020-09-16 20:00:00",5.56501649405679,-1.1189742235325
"2020-09-16 21:00:00",4.5392093095687,-0.922122233430198
"2020-09-16 22:00:00",3.7124793958971,-0.729699640500984
"2020-09-16 23:00:00",3.19666940991642,-0.353492220074353
"2020-09-17 00:00:00",2.7725718987336,-0.455133282429817
"2020-09-17 01:00:00",1.96019076490804,-1.01551123539098
"2020-09-17 02:00:00",1.56952198329652,0.0419242461232532
"2020-09-17 03:00:00",2.06395660587731,0.770585410809618
"2020-09-17 04:00:00",2.71388329137801,0.535945191711304
"2020-09-17 05:00:00",2.56546774692539,-0.601092806938184
"2020-09-17 06:00:00",1.92634475860371,-0.63741115081306
"2020-09-17 07:00:00",1.24407298587374,-0.682239511638843
"2020-09-17 08:00:00",0.494519617411168,-0.760413326894585
"2020-09-17 09:00:00",-0.383329944146799,-0.915061449650862
"2020-09-17 10:00:00",-1.001479492967,-0.390343602334599
"2020-09-17 11:00:00",-1.14347254259925,0.0316091062628281
"2020-09-17 12:00:00",-1.12732844430291,0.00654058389834342
"2020-09-17 13:00:00",-1.09628916024825,0.0473491783357093
"2020-09-17 14:00:00",-1.16766738528122,-0.14572396797959
"2020-09-17 15:00:00",-1.43045813098584,-0.326841645991178
"2020-09-17 16:00:00",-1.81512062640057,-0.403086879859822
"2020-09-17 17:00:00",-2.78905015973277,-1.30586540490856
"2020-09-17 18:00:00",-3.84508541635589,-0.835708566412552
"2020-09-17 19:00:00",-4.39855773873295,-0.334062598836649
"2020-09-17 20:00:00",-4.76836245813038,-0.370391551906089
"2020-09-17 21:00:00",-5.19507664217511,-0.437840295656628
"2020-09-17 22:00:00",-5.71988442822751,-0.551152250734942
"2020-09-17 23:00:00",-6.28617427955071,-0.542101066475293
"2020-09-18 00:00:00",-6.57769232880619,-0.102512442280039
"2020-09-18 01:00:00",-7.45453456759467,-1.34291040835749
"2020-09-18 02:00:00",-8.18291394575263,-0.274480952003252
"2020-09-18 03:00:00",-8.65288547663227,-0.567419167225583
"2020-09-18 04:00:00",-9.07469848655663,-0.293549526232757
"2020-09-18 05:00:00",-9.40247672036714,-0.323327558361775
"2020-09-18 06:00:00",-8.2622135883451,2.07390517846816
"2020-09-18 07:00:00",-6.11325157885011,2.10752840973893
"2020-09-18 08:00:00",-4.42755627300239,1.33225234411283
"2020-09-18 09:00:00",-3.38872825888962,0.799555992294799
"2020-09-18 10:00:00",-2.61571944943956,0.722944805558055
"2020-09-18 11:00:00",-1.93535986653237,0.623010269190839
"2020-09-18 12:00:00",-1.4236607519006,0.415671216411637
"2020-09-18 13:00:00",-0.752387641303378,0.811607548137585
"2020-09-18 14:00:00",-0.104066833788721,0.509626556647456
"2020-09-18 15:00:00",0.231702002946467,0.204044230897914
"2020-09-18 16:00:00",0.21438637956562,-0.164362106943158
"2020-09-18 17:00:00",-1.64330262683536,-2.89855458597835
"2020-09-18 18:00:00",-3.4684044952697,-1.02063360479758
"2020-09-18 19:00:00",-4.05489671533443,-0.264730420325241
"2020-09-18 20:00:00",-4.36343443812939,-0.31785546071624
"2020-09-18 21:00:00",-4.73552561578996,-0.384943474640775
"2020-09-18 22:00:00",-5.00346345300567,-0.171100986509599
"2020-09-18 23:00:00",-5.08152748182539,-0.00588344552353399
"2020-09-19 00:00:00",-4.77345184882905,0.509286624027078
"2020-09-19 01:00:00",-5.14680227790646,-0.937872758962716
"2020-09-19 02:00:00",-5.64152941245241,-0.169160451664492
"2020-09-19 03:00:00",-5.82531959287095,-0.17753992650908
"2020-09-19 04:00:00",-6.2819898038992,-0.613546764205468
"2020-09-19 05:00:00",-7.09595587502972,-0.900802593740845
"2020-09-19 06:00:00",-6.50144468196566,1.5722632214514
"2020-09-19 07:00:00",-4.52653398888051,2.15786904814078
"2020-09-19 08:00:00",-2.40731834428482,1.99857625138527
"2020-09-19 09:00:00",-0.630272408560301,1.54801953536085
"2020-09-19 10:00:00",0.652037232022032,1.04505034262453
"2020-09-19 11:00:00",1.52701191110774,0.719174374073694
"2020-09-19 12:00:00",1.92086955454904,0.156299927551456
"2020-09-19 13:00:00",2.13147376645813,0.234323455015668
"2020-09-19 14:00:00",2.19485802222516,-0.0563318702081815
"2020-09-19 15:00:00",2.01774399446177,-0.252046044220381
"2020-09-19 16:00:00",1.54007936348031,-0.607976218511967
"2020-09-19 17:00:00",0.192637783694254,-1.77836513264684
"2020-09-19 18:00:00",-0.843283897409498,-0.491989649865625
"2020-09-19 19:00:00",-1.20494691358607,-0.256507416944486
"2020-09-19 20:00:00",-1.38168754763863,-0.113612387375269
"2020-09-19 21:00:00",-1.62223405290556,-0.31195676764897
"2020-09-19 22:00:00",-2.02278256135178,-0.438484458828565
"2020-09-19 23:00:00",-2.46984638900135,-0.428932575607569
"2020-09-20 00:00:00",-2.30875935811737,0.549954664705068
"2020-09-20 01:00:00",-2.53096250283456,-0.723432304795005
"2020-09-20 02:00:00",-2.92069507497763,-0.145488617121189
"2020-09-20 03:00:00",-3.1929017922441,-0.339985338928421
"2020-09-20 04:00:00",-3.62712325137026,-0.472296192892145
"2020-09-20 05:00:00",-4.29592669407125,-0.76335105561698
"2020-09-20 06:00:00",-4.08945219264657,0.84873811620384
"2020-09-20 07:00:00",-2.79993308296645,1.52736066720317
"2020-09-20 08:00:00",-1.25547223923616,1.48607696365037
"2020-09-20 09:00:00",0.202183678194693,1.3710597974903
"2020-09-20 10:00:00",1.52990277193493,1.23547288891704
"2020-09-20 11:00:00",2.66617577895495,1.01417448177423
"2020-09-20 12:00:00",3.0074103286413,-0.127035354218817
"2020-09-20 13:00:00",3.17840717189887,0.357680619073597
"2020-09-20 14:00:00",3.40733852377904,0.128125606214529
"2020-09-20 15:00:00",3.39289276857934,-0.113195950770788
"2020-09-20 16:00:00",2.85260650540332,-0.803706334170798
"2020-09-20 17:00:00",1.17144903559661,-2.18990333548127
"2020-09-20 18:00:00",-0.142608553517422,-0.669236650930262
"2020-09-20 19:00:00",-0.466551653763816,-0.0781739598270733
"2020-09-20 20:00:00",-0.460552987889125,0.0624289444307346
"2020-09-20 21:00:00",-0.617843665314247,-0.295700129832119
"2020-09-20 22:00:00",-1.18021132617574,-0.712623508146886
"2020-09-20 23:00:00",-2.06724840472639,-0.959638578891556
"2020-09-21 00:00:00",-2.04113079028247,0.684700052023176
"2020-09-21 01:00:00",-2.43314349312051,-1.08855068373092
"2020-09-21 02:00:00",-3.27595221891756,-0.635798457203572
"2020-09-21 03:00:00",-3.86161973334074,-0.520195529452217
"2020-09-21 04:00:00",-4.41708074947221,-0.547599726181757
"2020-09-21 05:00:00",-5.11718794873211,-0.762816653540695
"2020-09-21 06:00:00",-4.53416483728587,1.45912355158363
"2020-09-21 07:00:00",-2.66272205589161,2.06323056661258
"2020-09-21 08:00:00",-0.50905614484718,2.11504547339511
"2020-09-21 09:00:00",1.46735554608391,1.79072888654064
"2020-09-21 10:00:00",3.0057196975195,1.2951309361216
"2020-09-21 11:00:00",4.13778799696971,0.965693398053138
"2020-09-21 12:00:00",5.38953703777591,1.37763533232641
"2020-09-21 13:00:00",6.44962259448737,0.791069767997494
"2020-09-21 14:00:00",7.03349187126406,0.409681903517884
"2020-09-21 15:00:00",7.26461744351452,0.0920437654032354
"2020-09-21 16:00:00",6.79604322482539,-0.82940802995987
"2020-09-21 17:00:00",4.50010741996488,-3.17326041309746
"2020-09-21 18:00:00",2.65603784166212,-0.876127157651102
"2020-09-21 19:00:00",2.12213959979909,-0.283801547009462
"2020-09-21 20:00:00",1.95254437564051,-0.0881344869165186
"2020-09-21 21:00:00",1.78239709234122,-0.219252306953745
"2020-09-21 22:00:00",1.35591390001019,-0.546665361641322
"2020-09-21 23:00:00",0.85064560501915,-0.455407917392246
"2020-09-22 00:00:00",0.793387648344673,0.2097955849607
"2020-09-22 01:00:00",0.0275824753368689,-1.38082646606856
"2020-09-22 02:00:00",-1.06404033599759,-0.846985963533239
"2020-09-22 03:00:00",-1.32179124656912,0.148685090610389
"2020-09-22 04:00:00",-1.43879353949301,-0.286861091825294
"2020-09-22 05:00:00",-2.06732792096757,-0.824591149786818
"2020-09-22 06:00:00",-1.50461626804012,1.4634888018763
"2020-09-22 07:00:00",0.246251122524489,1.86118862553755
"2020-09-22 08:00:00",2.14020260372175,1.82547634047231
"2020-09-22 09:00:00",3.90937365487284,1.64480709942116
"2020-09-22 10:00:00",5.47591810244284,1.43489144153738
"2020-09-22 11:00:00",6.91128498844385,1.36041988756966
"2020-09-22 12:00:00",8.16092800682015,1.10750493634591
"2020-09-22 13:00:00",9.12187992127097,0.807071598422566
"2020-09-22 14:00:00",9.71803614337272,0.415464973753339
"2020-09-22 15:00:00",9.92282981933337,0.0420942362045739
"2020-09-22 16:00:00",9.09736601049047,-1.37738706406586
"2020-09-22 17:00:00",6.39196226432946,-3.47389700852528
"2020-09-22 18:00:00",4.35901067077045,-0.983969663295416
"2020-09-22 19:00:00",3.89797742136483,-0.0961238673560931
"2020-09-22 20:00:00",3.71593581916379,-0.235691540306112
"2020-09-22 21:00:00",3.73447202253475,0.182349332569386
"2020-09-22 22:00:00",3.7399471327101,-0.11751144218611
"2020-09-22 23:00:00",3.44768580993382,-0.399690482501717
"2020-09-23 00:00:00",4.08385625520921,1.29205963566631
"2020-09-23 01:00:00",4.09091245964838,-0.85519600878853
"2020-09-23 02:00:00",3.56097959186774,-0.293183903396067
"2020-09-23 03:00:00",3.51422332250264,0.11515920692785
"2020-09-23 04:00:00",3.3515174020622,-0.344742938263672
"2020-09-23 05:00:00",2.53566003900668,-1.09547806834214
"2020-09-23 06:00:00",2.90725058074772,1.3286945584637
"2020-09-23 07:00:00",4.4684375043813,1.638246343145
"2020-09-23 08:00:00",6.09272496363231,1.53203858887878
"2020-09-23 09:00:00",7.65322359843617,1.49746672695059
"2020-09-23 10:00:00",8.9806969764342,1.14120380285219
"2020-09-23 11:00:00",9.93537182262883,0.773386289187238
"2020-09-23 12:00:00",10.5247579097325,0.42591143515639
"2020-09-23 13:00:00",10.6464008994257,-0.100541764324478
"2020-09-23 14:00:00",10.3248357633771,-0.467349896082942
"2020-09-23 15:00:00",10.1245375270029,-0.0260533021750847
"2020-09-23 16:00:00",9.43282537698634,-1.11565392909699
"2020-09-23 17:00:00",7.52355253707755,-2.35977084642329
"2020-09-23 18:00:00",5.57553301502948,-1.59064946253423
"2020-09-23 19:00:00",4.6371193675779,-0.466188918002887
"2020-09-23 20:00:00",4.12973320656129,-0.516715232841889
"2020-09-23 21:00:00",3.56866229600571,-0.569300689517462
"2020-09-23 22:00:00",4.02895923323035,1.12021217048583
"2020-09-23 23:00:00",4.72073026700765,0.368084225171876
"2020-09-24 00:00:00",4.80393016381486,-0.11675649518759
"2020-09-24 01:00:00",4.30277570257908,-0.739791224009843
"2020-09-24 02:00:00",3.96083428430032,-0.0660084012901766
"2020-09-24 03:00:00",4.36052771395537,0.686058978130254
"2020-09-24 04:00:00",4.5198243519877,-0.20506094773707
"2020-09-24 05:00:00",4.18157349032226,-0.416793398542611
"2020-09-24 06:00:00",4.13514462458793,0.197294559922115
"2020-09-24 07:00:00",4.97327409814613,1.22018962157337
"2020-09-24 08:00:00",5.66135422280136,0.29424079423064
"2020-09-24 09:00:00",5.57084643288173,-0.349996832923436
"2020-09-24 10:00:00",5.9396629694484,0.823312852726599
"2020-09-24 11:00:00",4.26267052350877,-3.27179867833529
"2020-09-24 12:00:00",3.45914842251752,0.87465778595295
"2020-09-24 13:00:00",3.97111292773995,0.241387405780844
"2020-09-24 14:00:00",4.02158822802118,-0.0843129971093455
"2020-09-24 15:00:00",4.51434703294369,0.848869051167314
"2020-09-24 16:00:00",4.75991015983356,-0.174120191083529
"2020-09-24 17:00:00",2.68323198216698,-3.25247990736963
"2020-09-24 18:00:00",1.01518407052202,-0.535970813205671
"2020-09-24 19:00:00",0.595516604711952,-0.323499045584218
"2020-09-24 20:00:00",0.317985897881817,-0.234464965192835
"2020-09-24 21:00:00",0.425597113517565,0.33013477538235
"2020-09-24 22:00:00",0.563633658619088,0.00286539340070194
"2020-09-24 23:00:00",0.725558711108135,0.259542161746136
"2020-09-25 00:00:00",1.58432196514391,1.21649439720474
"2020-09-25 01:00:00",2.14600659552947,0.0964197249121357
"2020-09-25 02:00:00",1.91793205368994,-0.436327773916074
"2020-09-25 03:00:00",1.93002342206547,0.307986394989112
"2020-09-25 04:00:00",1.93512460222547,-0.199548306368109
"2020-09-25 05:00:00",1.67207846839234,-0.295371112896832
"2020-09-25 06:00:00",1.12740918216719,-0.687137556605214
"2020-09-25 07:00:00",0.296280280959058,-0.889079571043169
"2020-09-25 08:00:00",-0.83362296338134,-1.23713915449486
"2020-09-25 09:00:00",-2.02343107667864,-1.10064149972649
"2020-09-25 10:00:00",-3.0011325937673,-0.846675782504071
"2020-09-25 11:00:00",-3.28217904666628,0.11325578334899
"2020-09-25 12:00:00",-3.86373102464923,-1.01288494139472
"2020-09-25 13:00:00",-4.0974033321615,0.301876742045729
"2020-09-25 14:00:00",-3.78291034289072,0.313239069916636
"2020-09-25 15:00:00",-3.59181905449879,0.10545491769089
"2020-09-25 16:00:00",-3.18648196876007,0.590622194972957
"2020-09-25 17:00:00",-2.98342122905751,-0.0608524236336618
"2020-09-25 18:00:00",-2.89520691616828,0.187242992880358
"2020-09-25 19:00:00",-2.86160265138817,-0.0666859239250499
"2020-09-25 20:00:00",-3.15234329558859,-0.422604674559708
"2020-09-25 21:00:00",-3.07863852599555,0.405131829738992
"2020-09-25 22:00:00",-2.6408194938118,0.44277237318692
"2020-09-25 23:00:00",-2.36281351038276,0.158355863965535
"2020-09-26 00:00:00",-1.6257188117624,1.09093250882461
"2020-09-26 01:00:00",-1.49901442121988,-0.520029501668659
"2020-09-26 02:00:00",-1.47292361636865,0.390856657636853
"2020-09-26 03:00:00",-1.31641513347032,-0.00526017119470237
"2020-09-26 04:00:00",-1.5335265452186,-0.346329862245933
"2020-09-26 05:00:00",-2.06497340236236,-0.627625991454469
"2020-09-26 06:00:00",-2.8013323694718,-0.771194171186224
"2020-09-26 07:00:00",-3.76660383518658,-1.04517527648003
"2020-09-26 08:00:00",-4.86888695517204,-1.08312095718765
"2020-09-26 09:00:00",-5.94638903392481,-1.01627999040496
"2020-09-26 10:00:00",-6.78314276837044,-0.669647097065589
"2020-09-26 11:00:00",-7.34553051185243,-0.45541768462841
"2020-09-26 12:00:00",-8.24713081147836,-1.14674146084392
"2020-09-26 13:00:00",-8.81498439324834,-0.144323601133104
"2020-09-26 14:00:00",-8.65567018087755,0.36552443982883
"2020-09-26 15:00:00",-8.17017478881411,0.553557904327671
"2020-09-26 16:00:00",-7.60823020911976,0.551360408497212
"2020-09-26 17:00:00",-6.86162944357237,0.851084746358473
"2020-09-26 18:00:00",-6.22410203811657,0.473705225720316
"2020-09-26 19:00:00",-5.82203866046748,0.343217510782737
"2020-09-26 20:00:00",-5.71536285185609,-0.0485829050092548
"2020-09-26 21:00:00",-5.4606213346153,0.452214017713886
"2020-09-26 22:00:00",-5.17049058304448,0.175326774124045
"2020-09-26 23:00:00",-5.13014608792431,-0.0448966419640647
"2020-09-27 00:00:00",-4.7325785677148,0.680257171060471
"2020-09-27 01:00:00",-4.81632662902651,-0.582998235618357
"2020-09-27 02:00:00",-5.2269704838089,-0.270023047719962
"2020-09-27 03:00:00",-5.43724848692168,-0.153720919955953
"2020-09-27 04:00:00",-5.86120677973525,-0.576960854536836
"2020-09-27 05:00:00",-6.06913789833735,0.0555180237073899
"2020-09-27 06:00:00",-6.05518979429573,-0.00660684735493888
"2020-09-27 07:00:00",-6.3958366860561,-0.539346476312468
"2020-09-27 08:00:00",-6.97178185961561,-0.564733700696741
"2020-09-27 09:00:00",-7.2865615232832,-0.124204521820098
"2020-09-27 10:00:00",-7.24334347176364,0.162166950388424
"2020-09-27 11:00:00",-7.42430002528995,-0.391769007920585
"2020-09-27 12:00:00",-8.12768431742422,-0.868133011772119
"2020-09-27 13:00:00",-8.28749022693806,0.330471345994484
"2020-09-27 14:00:00",-7.9873174111288,0.27638934182373
"2020-09-27 15:00:00",-7.57647938963088,0.491238622631374
"2020-09-27 16:00:00",-7.14475302325695,0.381299858716292
"2020-09-27 17:00:00",-6.85281114691475,0.227704702810099
"2020-09-27 18:00:00",-6.13239540398609,1.02348102461489
"2020-09-27 19:00:00",-5.06184912651013,1.05895308915029
"2020-09-27 20:00:00",-4.40323995547301,0.366943731220224
"2020-09-27 21:00:00",-3.77827744633595,0.77294829805726
"2020-09-27 22:00:00",-3.36378403243832,0.160699743466397
"2020-09-27 23:00:00",-3.13247724815908,0.271720356574287
"2020-09-28 00:00:00",-2.84579860324409,0.287064380115561
"2020-09-28 01:00:00",-2.59524009364685,0.21798237850445
"2020-09-28 02:00:00",-2.64092331897476,-0.21594226949714
"2020-09-28 03:00:00",-3.0580070415037,-0.527953124261598
"2020-09-28 04:00:00",-3.59901334746792,-0.520059473462113
"2020-09-28 05:00:00",-4.67218880166573,-1.38627892503056
"2020-09-28 06:00:00",-5.136207958336,0.178880745934924
"2020-09-28 07:00:00",-4.67312422625003,0.637162239451736
"2020-09-28 08:00:00",-3.81794597236374,0.965904052274482
"2020-09-28 09:00:00",-2.66110092701757,1.2340841437212
"2020-09-28 10:00:00",-1.50228374408412,1.05700289299106
"2020-09-28 11:00:00",-0.733797329919858,0.541563203415433
"2020-09-28 12:00:00",-0.267034604911774,0.395661886046044
"2020-09-28 13:00:00",-0.0234648792615448,0.130946489504416
"2020-09-28 14:00:00",0.116450727329302,0.139276453916671
"2020-09-28 15:00:00",0.164446626309859,-0.0152875674193233
"2020-09-28 16:00:00",-0.454569000997946,-0.992290874856875
"2020-09-28 17:00:00",-1.81802623607118,-1.54552092377373
"2020-09-28 18:00:00",-2.58961050850526,-0.216627340556105
"2020-09-28 19:00:00",-2.34583048580899,0.542465765259085
"2020-09-28 20:00:00",-1.55091041159133,0.928468836761039
"2020-09-28 21:00:00",-0.815849318381145,0.573193643639831
"2020-09-28 22:00:00",-0.536976087659064,0.0704623633679264
"2020-09-28 23:00:00",-0.586089988084386,-0.125804255537159
"2020-09-29 00:00:00",-0.60059099261414,0.0611442194418987
"2020-09-29 01:00:00",-0.265673557269671,0.502288683887523
"2020-09-29 02:00:00",-0.00465094368075673,0.0881200056289026
"2020-09-29 03:00:00",0.0974223702928246,0.106530897147714
"2020-09-29 04:00:00",0.511945267291511,0.60002402505402
"2020-09-29 05:00:00",0.441511018524824,-0.514711573048784
"2020-09-29 06:00:00",-0.0756594876692341,-0.494803086378563
"2020-09-29 07:00:00",-0.43891837387416,-0.258204912464387
"2020-09-29 08:00:00",-0.623889849216795,-0.126794695611927
"2020-09-29 09:00:00",-0.743631402314986,-0.108545554222084
"2020-09-29 10:00:00",-0.422815317509095,0.592765603087016
"2020-09-29 11:00:00",0.245960606497166,0.688213650311203
"2020-09-29 12:00:00",0.285262621995186,-0.395482975754302
"2020-09-29 13:00:00",0.334883053458664,0.343625499175197
"2020-09-29 14:00:00",0.684659271362207,0.336823957819709
"2020-09-29 15:00:00",0.934929630619997,0.17979400042399
"2020-09-29 16:00:00",0.347962169088499,-1.07144555510194
"2020-09-29 17:00:00",-1.39112471913223,-2.10198167501237
"2020-09-29 18:00:00",-2.68034446698921,-0.684332134832182
"2020-09-29 19:00:00",-3.37885088565774,-0.671309325179657
"2020-09-29 20:00:00",-3.73265298249586,-0.120967769954384
"2020-09-29 21:00:00",-3.89593056129046,-0.178914915057646
"2020-09-29 22:00:00",-3.89791950193732,0.121074506710664
"2020-09-29 23:00:00",-4.05921724381574,-0.336855117132602
"2020-09-30 00:00:00",-3.51616380235065,1.10907436664705
"2020-09-30 01:00:00",-3.16234914863539,-0.161965438630327
"2020-09-30 02:00:00",-3.23826140502308,-0.010862147378413
"2020-09-30 03:00:00",-3.72227325426135,-0.77226690819086
"2020-09-30 04:00:00",-4.38070790676765,-0.546462868769715
"2020-09-30 05:00:00",-4.75313098127287,-0.233056240792101
"2020-09-30 06:00:00",-4.25410766688731,0.969479694745279
"2020-09-30 07:00:00",-2.77508898181544,1.75390540832023
"2020-09-30 08:00:00",-1.01220348567567,1.68867690204371
"2020-09-30 09:00:00",0.113664666542364,0.698472453964678
"2020-09-30 10:00:00",0.63850251382863,0.383996975371887
"2020-09-30 11:00:00",1.13512571731781,0.547284098887166
"2020-09-30 12:00:00",1.07031890199128,-0.471243664182751
"2020-09-30 13:00:00",1.08380760142574,0.33461796122813
"2020-09-30 14:00:00",1.46586985782902,0.394139309047125
"2020-09-30 15:00:00",1.84830329602167,0.354567751571613
"2020-09-30 16:00:00",2.11777386109004,0.197553283124356
"2020-09-30 17:00:00",2.01334466004442,-0.303513998397324
"2020-09-30 18:00:00",-0.549820905999789,-3.95036887704737
"2020-09-30 19:00:00",-2.45526503648039,-0.450930042618104
"2020-09-30 20:00:00",-2.7385669969089,-0.154925624506886
"2020-09-30 21:00:00",-2.52298767850259,0.455863151624325
"2020-09-30 22:00:00",-2.17678254130959,0.259900695828986
"2020-09-30 23:00:00",-2.3707661413801,-0.484545045263217
"2020-10-01 00:00:00",-1.93743011356174,1.02770950480238
"2020-10-01 01:00:00",-0.759569023045095,1.22448581698912
"2020-10-01 02:00:00",-1.21222284610645,-1.54823941296667
"2020-10-01 03:00:00",-2.06550995345261,-0.347883684921627
"2020-10-01 04:00:00",-1.7740183617015,0.706544682193339
"2020-10-01 05:00:00",-1.57848731224447,-0.152144462187393
"2020-10-01 06:00:00",-1.92965582588816,-0.465127636968363
"2020-10-01 07:00:00",-2.46000770214883,-0.546145440778528
"2020-10-01 08:00:00",-2.87574553491246,-0.305875347776641
"2020-10-01 09:00:00",-2.61189924906969,0.634822152707431
"2020-10-01 10:00:00",-1.95298714717588,0.64702639888477
"2020-10-01 11:00:00",-1.56071880031577,0.206308788581602
"2020-10-01 12:00:00",-1.53072942690529,-0.0869688559115631
"2020-10-01 13:00:00",-1.05743149280176,0.82628448889004
"2020-10-01 14:00:00",-0.493792087327983,0.363124463511174
"2020-10-01 15:00:00",-0.224755259223782,0.19416463972993
"2020-10-01 16:00:00",-0.102246727674687,0.0692066925580898
"2020-10-01 17:00:00",-0.240885969237984,-0.270481052137367
"2020-10-01 18:00:00",-0.0234567219565462,0.532675586257845
"2020-10-01 19:00:00",0.441274328393435,0.397381964488349
"2020-10-01 20:00:00",0.877321569762912,0.440534347914584
"2020-10-01 21:00:00",0.886531557424886,-0.279902888710467
"2020-10-01 22:00:00",0.762302639948438,-0.0156871273908808
"2020-10-01 23:00:00",0.495609565756457,-0.42233675871763
"2020-10-02 00:00:00",0.590932171504986,0.435254703556607
"2020-10-02 01:00:00",1.03560972583454,0.429067084433567
"2020-10-02 02:00:00",1.45063620482264,0.384609959944868
"2020-10-02 03:00:00",1.63123689559057,0.0341454989957198
"2020-10-02 04:00:00",1.58379740833289,-0.101676269157514
"2020-10-02 05:00:00",1.31598892376318,-0.367876209333702
"2020-10-02 06:00:00",1.16771839542883,0.00348072585616238
"2020-10-02 07:00:00",1.28314086578604,0.18305951959505
"2020-10-02 08:00:00",1.3076574973247,-0.0839953041226185
"2020-10-02 09:00:00",1.35373254894111,0.128912657151667
"2020-10-02 10:00:00",1.49402985454452,0.13947569123832
"2020-10-02 11:00:00",1.23172809715009,-0.519609649791816
"2020-10-02 12:00:00",0.0644370534631544,-1.5451896172788
"2020-10-02 13:00:00",-0.79082887884128,-0.35476593285247
"2020-10-02 14:00:00",-0.581412307973038,0.576599597455761
"2020-10-02 15:00:00",-0.169185208358164,0.283807726018795
"2020-10-02 16:00:00",0.132602630723917,0.299651625612557
"2020-10-02 17:00:00",0.207038229615836,-0.0794138829134985
"2020-10-02 18:00:00",0.281026760772945,0.172472401801828
"2020-10-02 19:00:00",0.625257726181357,0.442014974065155
"2020-10-02 20:00:00",0.809962705804977,0.00358511784582241
"2020-10-02 21:00:00",0.695557235723101,-0.188671771869417
"2020-10-02 22:00:00",0.546773072966512,-0.116019037270469
"2020-10-02 23:00:00",0.527522952036334,0.0454715830007305
"2020-10-03 00:00:00",0.720385918325507,0.281277738877866
"2020-10-03 01:00:00",1.15109680129677,0.508935903913014
"2020-10-03 02:00:00",1.86980565893835,0.822919247283329
"2020-10-03 03:00:00",2.36884309480054,0.256996517942077
"2020-10-03 04:00:00",2.53587577638178,0.0960680383243996
"2020-10-03 05:00:00",2.5408847027529,-0.0592018611485262
"2020-10-03 06:00:00",2.62362679382548,0.170163768382454
"2020-10-03 07:00:00",3.13292108530207,0.707795352210844
"2020-10-03 08:00:00",4.12883103614333,1.1366210326397
"2020-10-03 09:00:00",5.09064850942263,0.794258395898173
"2020-10-03 10:00:00",5.83248637415289,0.665079988906822
"2020-10-03 11:00:00",6.43441032517742,0.523701881956751
"2020-10-03 12:00:00",6.45829257801606,-0.318751420912797
"2020-10-03 13:00:00",6.3876098926048,0.0897303430371853
"2020-10-03 14:00:00",6.6584216391314,0.370430794318291
"2020-10-03 15:00:00",6.83974407483289,0.0380559898194918
"2020-10-03 16:00:00",6.35452713100102,-0.819816134247045
"2020-10-03 17:00:00",5.4680891206602,-0.896917294855507
"2020-10-03 18:00:00",4.92915772923635,-0.281714640784366
"2020-10-03 19:00:00",4.8405282104281,0.0379516456504102
"2020-10-03 20:00:00",5.01824798095526,0.256214331910755
"2020-10-03 21:00:00",5.66109106724788,0.863577247749068
"2020-10-03 22:00:00",5.03607272575072,-1.59499300662047
"2020-10-03 23:00:00",3.97529286376519,-0.660725672252529
"2020-10-04 00:00:00",3.84637605767349,0.226619941296784
"2020-10-04 01:00:00",3.7131498562902,-0.371745173062775
"2020-10-04 02:00:00",3.25437397095888,-0.499779392583557
"2020-10-04 03:00:00",2.59006308085183,-0.746622645891555
"2020-10-04 04:00:00",1.52305499328302,-1.23322877564953
"2020-10-04 05:00:00",0.00109343768743053,-1.64408678767959
"2020-10-04 06:00:00",-1.03485174301949,-0.581298258553775
"2020-10-04 07:00:00",-0.493048836070939,1.26611173545436
"2020-10-04 08:00:00",0.187102198958619,0.25783217454456
"2020-10-04 09:00:00",0.377140194386044,0.13557105782876
"2020-10-04 10:00:00",0.887716967375494,0.735828094147964
"2020-10-04 11:00:00",2.1226289169818,1.50780276313409
"2020-10-04 12:00:00",2.73689916208,-0.0133329645269623
"2020-10-04 13:00:00",2.91917350438679,0.300488692397446
"2020-10-04 14:00:00",2.82984249462001,-0.348723098642987
"2020-10-04 15:00:00",2.35233009633774,-0.544325919938575
"2020-10-04 16:00:00",1.77506622241463,-0.574822132662776
"2020-10-04 17:00:00",0.339413039670986,-1.94359687095097
"2020-10-04 18:00:00",-1.13140232315273,-1.08617818620385
"2020-10-04 19:00:00",-2.73355685279511,-1.86854166814364
"2020-10-04 20:00:00",-3.15236115553896,0.571094691162467
"2020-10-04 21:00:00",-2.99432113640279,-0.120772946864836
"2020-10-04 22:00:00",-3.21741279207465,-0.276843333445842
"2020-10-04 23:00:00",-3.29057107594624,0.070251831658086
"2020-10-05 00:00:00",-3.19305665585205,0.115295564704637
"2020-10-05 01:00:00",-3.32166745274742,-0.280986226949952
"2020-10-05 02:00:00",-3.2737881487268,0.269124376303841
"2020-10-05 03:00:00",-2.58902229944357,0.933534434970568
"2020-10-05 04:00:00",-2.84806286599361,-1.03843147886374
"2020-10-05 05:00:00",-2.89910724883351,0.613298147441782
"2020-10-05 06:00:00",-1.92931905436992,1.16509627221202
"2020-10-05 07:00:00",-0.971765158194968,0.776178418372524
"2020-10-05 08:00:00",-0.563327923610468,0.145124128654984
"2020-10-05 09:00:00",-0.192991324882512,0.503603451266189
"2020-10-05 10:00:00",0.0342962385765527,0.0325282155211966
"2020-10-05 11:00:00",-0.0858441115195613,-0.21625287448578
"2020-10-05 12:00:00",-0.803172557879448,-1.01717557363818
"2020-10-05 13:00:00",-1.49044711241525,-0.433650451237058
"2020-10-05 14:00:00",-1.51193500754202,0.256224170349541
"2020-10-05 15:00:00",-1.95245468834611,-0.882126241810942
"2020-10-05 16:00:00",-2.56605301818518,-0.402909026288594
"2020-10-05 17:00:00",-2.55120744494855,0.295945082639073
"2020-10-05 18:00:00",-2.34035879903058,0.147386730127663
"2020-10-05 19:00:00",-2.33122700538729,-0.0804547661854723
"2020-10-05 20:00:00",-2.16203419607042,0.330585787315106
"2020-10-05 21:00:00",-1.99543855921822,0.0521401889090084
"2020-10-05 22:00:00",-2.0681869601489,-0.149977782186447
"2020-10-05 23:00:00",-2.08007175867607,0.0834054484745757
"2020-10-06 00:00:00",-2.01194480282837,0.0573844886015136
"2020-10-06 01:00:00",-1.83898076994024,0.244389203062308
"2020-10-06 02:00:00",-1.49757474336696,0.392229122861462
"2020-10-06 03:00:00",-1.08553660287736,0.407593909626211
"2020-10-06 04:00:00",-0.903745463891105,0.024018723835742
"2020-10-06 05:00:00",-0.883125293992437,0.0185392108389911
"2020-10-06 06:00:00",-1.10226518231568,-0.366038563551707
"2020-10-06 07:00:00",-0.901287560941739,0.570852065739611
"2020-10-06 08:00:00",-0.221381165230267,0.721460733248779
"2020-10-06 09:00:00",0.440844446430985,0.591552933792092
"2020-10-06 10:00:00",0.812593171084133,0.206981732529626
"2020-10-06 11:00:00",0.545049247036219,-0.572222600873662
"2020-10-06 12:00:00",-0.751354276477181,-1.7182807270805
"2020-10-06 13:00:00",-1.08713907989151,0.602788029865551
"2020-10-06 14:00:00",-0.65353789315272,0.301608298329067
"2020-10-06 15:00:00",0.267127937775491,1.29045657122468
"2020-10-06 16:00:00",0.375369286042169,-0.685376585075675
"2020-10-06 17:00:00",-0.0528509138915644,-0.236920459490374
"2020-10-06 18:00:00",0.0537361465967188,0.330591356094286
"2020-10-06 19:00:00",0.115144380720056,-0.121031469839727
"2020-10-06 20:00:00",0.391925322597849,0.528683904577261
"2020-10-06 21:00:00",0.58693521990621,-0.037207457402077
"2020-10-06 22:00:00",0.400385633115918,-0.278000928471742
"2020-10-06 23:00:00",0.155830433052758,-0.211153254113377
"2020-10-07 00:00:00",0.0409747482453138,-0.0454013249915847
"2020-10-07 01:00:00",0.259741356053279,0.38442713641425
"2020-10-07 02:00:00",0.60193242198474,0.297438760677324
"2020-10-07 03:00:00",0.899360003519978,0.282510913903034
"2020-10-07 04:00:00",0.821509731127229,-0.315546517169252
"2020-10-07 05:00:00",0.178647174057604,-0.831579738667926
"2020-10-07 06:00:00",-0.55650412975753,-0.636163054219747
"2020-10-07 07:00:00",-0.748199710971741,0.114437416309972
"2020-10-07 08:00:00",-0.48993922868356,0.342832659643171
"2020-10-07 09:00:00",-0.381178608246514,-0.0518216680836467
"2020-10-07 10:00:00",-0.398436090732342,0.00709616782036453
"2020-10-07 11:00:00",-0.133619693205251,0.424556496579798
"2020-10-07 12:00:00",0.0693433312401899,0.0457640504701822
"2020-10-07 13:00:00",-0.750519169401092,-1.35806712578458
"2020-10-07 14:00:00",-2.0628918263324,-1.218579971994
"2020-10-07 15:00:00",-2.43472579163049,0.212981371078387
"2020-10-07 16:00:00",-2.39858388783035,-0.0803291437488503
"2020-10-07 17:00:00",-2.42733542112518,0.0100900180141453
"2020-10-07 18:00:00",-2.13670150522848,0.466977135395327
"2020-10-07 19:00:00",-1.88127778562443,0.105006267326112
"2020-10-07 20:00:00",-1.93261768383136,-0.150705067316102
"2020-10-07 21:00:00",-1.94992279546541,0.074939378772385
"2020-10-07 22:00:00",-1.71745786779553,0.32894626247188
"2020-10-07 23:00:00",-1.26116463450465,0.521720125754135
"2020-10-08 00:00:00",-0.712418132628077,0.542312831478345
"2020-10-08 01:00:00",-0.236876928114769,0.409348145821263
"2020-10-08 02:00:00",0.0141113193139501,0.133795205507486
"2020-10-08 03:00:00",-0.0388495396241419,-0.174964314297744
"2020-10-08 04:00:00",-0.310174934826677,-0.322621759740481
"2020-10-08 05:00:00",-0.883797284134056,-0.713295390599969
"2020-10-08 06:00:00",-1.5510318552833,-0.603682462175209
"2020-10-08 07:00:00",-1.58403217872308,0.351014809129594
"2020-10-08 08:00:00",-1.16735318539199,0.44269523489455
"2020-10-08 09:00:00",-1.03896366337216,-0.0857408178680815
"2020-10-08 10:00:00",-1.24029992289994,-0.267492410429431
"2020-10-08 11:00:00",-0.947688603444482,0.653701034920963
"2020-10-08 12:00:00",-1.63239314755279,-1.54320193423678
"2020-10-08 13:00:00",-2.34554652609945,-0.123804947528213
"2020-10-08 14:00:00",-2.50380968809279,-0.170691891726954
"2020-10-08 15:00:00",-2.14820457040325,0.692792129014467
"2020-10-08 16:00:00",-1.50378581177499,0.584316192238456
"2020-10-08 17:00:00",-0.667864908018252,0.965869889417365
"2020-10-08 18:00:00",0.330066350355664,0.972744698749806
"2020-10-08 19:00:00",1.03297374346905,0.489191868482878
"2020-10-08 20:00:00",1.56910209880197,0.54061125711362
"2020-10-08 21:00:00",2.09451261554197,0.488287753017918
"2020-10-08 22:00:00",2.53211554799757,0.380320033568442
"2020-10-08 23:00:00",2.91298631382803,0.359876307408988
"2020-10-09 00:00:00",3.41269483629163,0.565428933478714
"2020-10-09 01:00:00",4.09800803688996,0.728271467310703
"2020-10-09 02:00:00",4.74061034498915,0.549673777136202
"2020-10-09 03:00:00",4.42906644475913,-0.876983673414871
"2020-10-09 04:00:00",3.17635851231866,-1.44936593601512
"2020-10-09 05:00:00",1.61268108466397,-1.56967189551481
"2020-10-09 06:00:00",0.293257484133374,-1.09197415748351
"2020-10-09 07:00:00",-0.00751807367129531,0.240596026517899
"2020-10-09 08:00:00",0.194544034689785,0.166781090252317
"2020-10-09 09:00:00",0.255413249678886,-0.0128806624126208
"2020-10-09 10:00:00",0.224608354301891,-0.0416194775230022
"2020-10-09 11:00:00",0.0953860598765492,-0.181772053737273
"2020-10-09 12:00:00",-0.907539279495467,-1.50281615235494
"2020-10-09 13:00:00",-1.36523547106527,0.261957546684459
"2020-10-09 14:00:00",-1.46066229466002,-0.327385183633449
"2020-10-09 15:00:00",-1.34709158336149,0.404021732631953
"2020-10-09 16:00:00",-1.27996580029292,-0.158921636324541
"2020-10-09 17:00:00",-1.18546371979921,0.260607048277445
"2020-10-09 18:00:00",-0.779687518665439,0.484799358922546
"2020-10-09 19:00:00",-0.29484858037473,0.462830791323079
"2020-10-09 20:00:00",0.0542275970862134,0.257033115662358
"2020-10-09 21:00:00",0.332125420628845,0.278531990178826
"2020-10-09 22:00:00",0.827697151354589,0.616285218792321
"2020-10-09 23:00:00",1.32337308380716,0.390650332607865
"2020-10-10 00:00:00",1.5010405633185,0.0255333746413005
"2020-10-10 01:00:00",1.07725665407358,-0.705119995107633
"2020-10-10 02:00:00",1.03138817317547,0.394416588930576
"2020-10-10 03:00:00",1.44060624668821,0.398310740902829
"2020-10-10 04:00:00",1.36148605703241,-0.395498712710701
"2020-10-10 05:00:00",1.16542240296215,-0.0555467828495165
"2020-10-10 06:00:00",0.646013355227393,-0.80546510240562
"2020-10-10 07:00:00",0.0974198059547421,-0.352112380204974
"2020-10-10 08:00:00",-0.357384529862464,-0.501778006883298
"2020-10-10 09:00:00",-1.42917747068801,-1.40040503488084
"2020-10-10 10:00:00",-2.75583507091561,-1.21260992689191
"2020-10-10 11:00:00",-3.27333089891415,-0.0259520389818536
"2020-10-10 12:00:00",-3.86642909440617,-0.93878759441215
"2020-10-10 13:00:00",-4.1084717043217,0.238930164536984
"2020-10-10 14:00:00",-3.91317344343125,0.162224527942282
"2020-10-10 15:00:00",-3.75294123268528,0.156332388344588
"2020-10-10 16:00:00",-4.01013401831221,-0.515813913429447
"2020-10-10 17:00:00",-4.59834269289728,-0.60335229316388
"2020-10-10 18:00:00",-5.13226324364929,-0.45633653946036
"2020-10-10 19:00:00",-5.22702130234883,0.157406439632943
"2020-10-10 20:00:00",-5.5731884396182,-0.658692021361237
"2020-10-10 21:00:00",-5.89410695519911,-0.0733085583701348
"2020-10-10 22:00:00",-6.04760252220832,-0.192063537524537
"2020-10-10 23:00:00",-6.46245127081917,-0.535863450908894
"2020-10-11 00:00:00",-6.98815875653743,-0.485628188361626
"2020-10-11 01:00:00",-7.54117333708087,-0.562654273948459
"2020-10-11 02:00:00",-7.68928972523073,0.144993447743439
"2020-10-11 03:00:00",-7.30935302014009,0.52841693191825
"2020-10-11 04:00:00",-6.72349427655418,0.605731806680537
"2020-10-11 05:00:00",-6.48200767937674,-0.00415085855727299
"2020-10-11 06:00:00",-6.73599632200605,-0.400122284850808
"2020-10-11 07:00:00",-6.20753597220535,1.13107285049037
"2020-10-11 08:00:00",-5.18127647380736,0.915616924073713
"2020-10-11 09:00:00",-4.40742141968475,0.649252214534636
"2020-10-11 10:00:00",-4.0084377448352,0.218860739434084
"2020-10-11 11:00:00",-4.41222634825728,-0.794528115503706
"2020-10-11 12:00:00",-4.99051017357756,-0.400958151706341
"2020-10-11 13:00:00",-5.09608218513663,0.102796215623779
"2020-10-11 14:00:00",-4.86629403059827,0.310095419408339
"2020-10-11 15:00:00",-4.62959000758933,0.182799915071354
"2020-10-11 16:00:00",-4.87302778121472,-0.510057751462686
"2020-10-11 17:00:00",-5.69467296472786,-0.9840432121199
"2020-10-11 18:00:00",-6.12437305862285,-0.0323870614633971
"2020-10-11 19:00:00",-6.11420374431564,0.0459483529083251
"2020-10-11 20:00:00",-5.95538830896988,0.234390813475366
"2020-10-11 21:00:00",-5.30022028569728,0.912222343567832
"2020-10-11 22:00:00",-5.36406046401433,-0.704674037473108
"2020-10-11 23:00:00",-5.80413163753617,-0.235848242981431
"2020-10-12 00:00:00",-5.98216433599324,-0.123550475737135
"2020-10-12 01:00:00",-6.09017888458719,-0.0848160661338551
"2020-10-12 02:00:00",-6.23555343784579,-0.170990311967312
"2020-10-12 03:00:00",-6.18131071099978,0.209853074369464
"2020-10-12 04:00:00",-5.78542947416387,0.509051102765597
"2020-10-12 05:00:00",-5.31860123700476,0.423951837559779
"2020-10-12 06:00:00",-5.11528205697489,0.0534251586548659
"2020-10-12 07:00:00",-4.68388933877462,0.669458855682387
"2020-10-12 08:00:00",-4.28179198607834,0.210787596499861
"2020-10-12 09:00:00",-4.15752558897289,0.0661990121129569
"2020-10-12 10:00:00",-4.15034812484707,-0.0271532682526221
"2020-10-12 11:00:00",-4.07784009086216,0.140850363959288
"2020-10-12 12:00:00",-4.32206330963479,-0.48407458206015
"2020-10-12 13:00:00",-4.63463329557649,-0.177813005214688
"2020-10-12 14:00:00",-4.57564789667356,0.220017552125094
"2020-10-12 15:00:00",-4.41447801280192,0.120176239135841
"2020-10-12 16:00:00",-5.02213050576249,-1.05829970940271
"2020-10-12 17:00:00",-6.15388832456318,-1.12047716399349
"2020-10-12 18:00:00",-6.75739746803129,-0.222261384253435
"2020-10-12 19:00:00",-6.91592351602529,-0.0997959334802684
"2020-10-12 20:00:00",-6.60300237037413,0.582103229495579
"2020-10-12 21:00:00",-6.14601170447627,0.36037639804132
"2020-10-12 22:00:00",-6.38943246971266,-0.626458478223089
"2020-10-12 23:00:00",-6.59306853890673,0.0961508200786828
"2020-10-13 00:00:00",-6.90866800670125,-0.566602134529137
"2020-10-13 01:00:00",-6.37451247568204,1.25150131723787
"2020-10-13 02:00:00",-5.72098711660215,0.2320405256788
"2020-10-13 03:00:00",-5.49944001047642,0.211395874403679
"2020-10-13 04:00:00",-5.66760510076162,-0.406123802934383
"2020-10-13 05:00:00",-7.38821538451483,-2.50785423930741
"2020-10-13 06:00:00",-8.51053973916713,-0.135800830669842
"2020-10-13 07:00:00",-8.39975124954187,0.280880636517596
"2020-10-13 08:00:00",-7.91973107099024,0.600791260772937
"2020-10-13 09:00:00",-6.76398704625484,1.48099139552858
"2020-10-13 10:00:00",-5.04833998528564,1.79927112453538
"2020-10-13 11:00:00",-3.62955163609348,1.1042228135664
"2020-10-13 12:00:00",-3.75932915271141,-0.941586523167885
"2020-10-13 13:00:00",-4.19929163662756,-0.0798011232335105
"2020-10-13 14:00:00",-4.1550429192316,0.130255730974695
"2020-10-13 15:00:00",-3.90232424063038,0.327704404137696
"2020-10-13 16:00:00",-3.9711394746536,-0.324858615541319
"2020-10-13 17:00:00",-4.07011007755771,0.0614390714248277
"2020-10-13 18:00:00",-3.75267402091922,0.47825819619399
"2020-10-13 19:00:00",-3.13212455589027,0.690756274481836
"2020-10-13 20:00:00",-2.42835073634237,0.683045198696341
"2020-10-13 21:00:00",-1.89057453218749,0.418506228129807
"2020-10-13 22:00:00",-1.50561029713986,0.346746217570283
"2020-10-13 23:00:00",-1.05598338784916,0.498787018418878
"2020-10-14 00:00:00",-0.636837884169962,0.347495269040736
"2020-10-14 01:00:00",-0.347369027003209,0.237850489244378
"2020-10-14 02:00:00",-0.101937842370867,0.23926978217318
"2020-10-14 03:00:00",0.0240473593532874,0.0446080460697328
"2020-10-14 04:00:00",0.0105684551590627,-0.0515933613134668
"2020-10-14 05:00:00",-0.055450999946231,-0.0725131047262754
"2020-10-14 06:00:00",-0.214340632818584,-0.208851224052858
"2020-10-14 07:00:00",-0.561826072366739,-0.423118203829677
"2020-10-14 08:00:00",-1.29222972309629,-0.89982487248086
"2020-10-14 09:00:00",-2.18355904042658,-0.841645151832999
"2020-10-14 10:00:00",-3.29750745234095,-1.2397330115969
"2020-10-14 11:00:00",-4.46847757651731,-1.06523607304517
"2020-10-14 12:00:00",-5.18430147916632,-0.443112842351779
"2020-10-14 13:00:00",-5.47429300712118,-0.167451698588699
"2020-10-14 14:00:00",-5.4048714122654,0.231089733977161
"2020-10-14 15:00:00",-5.06602771068851,0.401541524074054
"2020-10-14 16:00:00",-4.56342713976014,0.55261693471144
"2020-10-14 17:00:00",-3.8251793118089,0.832799014133234
"2020-10-14 18:00:00",-2.82631190536329,1.06704136809245
"2020-10-14 19:00:00",-1.91729211762029,0.764119786174337
"2020-10-14 20:00:00",-1.28267330247815,0.520600230489134
"2020-10-14 21:00:00",-0.797060286018813,0.440865430365657
"2020-10-14 22:00:00",-0.40365354079633,0.34410080957458
"2020-10-14 23:00:00",-0.191148729960752,0.115197682746
"2020-10-15 00:00:00",0.200291263829366,0.557243756761402
"2020-10-15 01:00:00",0.491327314097726,0.0994793065679723
"2020-10-15 02:00:00",0.664575234200704,0.213560412111501
"2020-10-15 03:00:00",0.977059702988408,0.362727294818636
"2020-10-15 04:00:00",1.25901720310479,0.213454406828529
"2020-10-15 05:00:00",1.13205008248198,-0.349499935939332
"2020-10-15 06:00:00",0.743642086485091,-0.397348120562222
"2020-10-15 07:00:00",0.311148687896072,-0.436329633373163
"2020-10-15 08:00:00",-0.118403298479961,-0.405022542006864
"2020-10-15 09:00:00",-0.691727487367911,-0.658126818525537
"2020-10-15 10:00:00",-1.31267630334509,-0.565765454435602
"2020-10-15 11:00:00",-2.14695182620492,-0.971943462494756
"2020-10-15 12:00:00",-3.4167263092461,-1.40521971906732
"2020-10-15 13:00:00",-4.18636050203784,-0.304942373150451
"2020-10-15 14:00:00",-4.31602842148332,-0.00126399751109318
"2020-10-15 15:00:00",-4.12368936829429,0.317827358309781
"2020-10-15 16:00:00",-3.72855106316259,0.433215114664669
"2020-10-15 17:00:00",-3.0853487838485,0.757431390887364
"2020-10-15 18:00:00",-2.2958839755648,0.777280965513277
"2020-10-15 19:00:00",-1.57154633133815,0.657581100387207
"2020-10-15 20:00:00",-0.996257970115793,0.495115217460276
"2020-10-15 21:00:00",-0.661457658804636,0.213299792626506
"2020-10-15 22:00:00",-0.451793646764799,0.198129451676359
"2020-10-15 23:00:00",-0.348291085912918,0.0360828379175736
"2020-10-16 00:00:00",-0.500159279905363,-0.269501277707506
"2020-10-16 01:00:00",-0.593339344136118,0.0294377834754409
"2020-10-16 02:00:00",-0.759225617093969,-0.287452725013626
"2020-10-16 03:00:00",-1.13317733223135,-0.412868453433087
"2020-10-16 04:00:00",-1.90547107832603,-0.973747446064081
"2020-10-16 05:00:00",-2.58827351075727,-0.453940655563817
"2020-10-16 06:00:00",-2.75462691432214,0.0366084337471844
"2020-10-16 07:00:00",-2.56183865154104,0.291294814015821
"2020-10-16 08:00:00",-2.42141338724749,0.0364755211578673
"2020-10-16 09:00:00",-2.20407669784363,0.330701285577685
"2020-10-16 10:00:00",-2.19720551329488,-0.206498249373847
"2020-10-16 11:00:00",-2.98691337395952,-1.13814997391811
"2020-10-16 12:00:00",-4.17399931247036,-1.15945087887078
"2020-10-16 13:00:00",-4.98668028194225,-0.537508264568591
"2020-10-16 14:00:00",-5.29710010881517,-0.13785333003066
"2020-10-16 15:00:00",-5.17078668500158,0.303245102364535
"2020-10-16 16:00:00",-4.81590700261277,0.379101552441916
"2020-10-16 17:00:00",-4.33593587214358,0.530614215846433
"2020-10-16 18:00:00",-3.832389555617,0.467160426257687
"2020-10-16 19:00:00",-3.47056189646111,0.279351584607375
"2020-10-16 20:00:00",-3.19152672224656,0.270036816347792
"2020-10-16 21:00:00",-2.97482754155903,0.17495653988339
"2020-10-16 22:00:00",-2.8885101403118,0.0269572438339301
"2020-10-16 23:00:00",-2.77401087424039,0.171140817381449
"2020-10-17 00:00:00",-2.89554456554889,-0.307296949709014
"2020-10-17 01:00:00",-2.84521884572712,0.290076541411375
"2020-10-17 02:00:00",-2.31730150840368,0.665055230686297
"2020-10-17 03:00:00",-1.78242538611223,0.425660612721115
"2020-10-17 04:00:00",-1.46541635851751,0.231808622770139
"2020-10-17 05:00:00",-1.53860055497566,-0.271143309126959
"2020-10-17 06:00:00",-2.13848385986317,-0.788550892936532
"2020-10-17 07:00:00",-2.61662467403348,-0.245727675949544
"2020-10-17 08:00:00",-2.87188733150199,-0.246117515747561
"2020-10-17 09:00:00",-3.16021678897314,-0.299068344068458
"2020-10-17 10:00:00",-3.53564166007393,-0.404416171480677
"2020-10-17 11:00:00",-3.8922067774919,-0.303165196519176
"2020-10-17 12:00:00",-4.02826045148405,-0.0131672124082316
"2020-10-17 13:00:00",-3.89890896181011,0.223406450265762
"2020-10-17 14:00:00",-3.89218372455147,-0.133021923804174
"2020-10-17 15:00:00",-3.92712432474806,0.0371216490127195
"2020-10-17 16:00:00",-4.50524933036895,-0.95574990202001
"2020-10-17 17:00:00",-4.56186365592461,0.551294976627354
"2020-10-17 18:00:00",-3.85274542440925,0.786513510622365
"2020-10-17 19:00:00",-3.10380980396724,0.693259808983229
"2020-10-17 20:00:00",-2.72365828080843,0.157351195571032
"2020-10-17 21:00:00",-2.73463900084231,-0.119168608434473
"2020-10-17 22:00:00",-3.19908395599956,-0.669031324145905
"2020-10-17 23:00:00",-3.73595937333507,-0.41913866892863
"2020-10-18 00:00:00",-4.25633989944764,-0.558331667104731
"2020-10-18 01:00:00",-4.30232581346515,0.303242067534513
"2020-10-18 02:00:00",-3.87172987539215,0.500579398805606
"2020-10-18 03:00:00",-3.55448943147187,0.184930573167068
"2020-10-18 04:00:00",-3.35636137044623,0.20209161898015
"2020-10-18 05:00:00",-3.13866421396588,0.222080835920584
"2020-10-18 06:00:00",-2.94965192487133,0.162029690568503
"2020-10-18 07:00:00",-2.91022873384961,-0.0403855491930162
"2020-10-18 08:00:00",-3.28993425469772,-0.584121539559866
"2020-10-18 09:00:00",-4.07829275173764,-0.882812482198838
"2020-10-18 10:00:00",-4.97987020961456,-0.865989578531895
"2020-10-18 11:00:00",-5.53598206083534,-0.31668707632345
"2020-10-18 12:00:00",-5.61340319446956,0.0928994423282476
"2020-10-18 13:00:00",-5.73090228941887,-0.244945526129892
"2020-10-18 14:00:00",-5.48931683402558,0.561838788305084
"2020-10-18 15:00:00",-4.84066847490307,0.682770584358591
"2020-10-18 16:00:00",-4.36085135082758,0.327954168235876
"2020-10-18 17:00:00",-4.14430205567801,0.137609726445642
"2020-10-18 18:00:00",-3.74711319179131,0.556704865865405
"2020-10-18 19:00:00",-3.31973068006022,0.3256886384008
"2020-10-18 20:00:00",-3.56352831617726,-0.607585834834233
"2020-10-18 21:00:00",-3.49485887370994,0.52082748947765
"2020-10-18 22:00:00",-3.07491494037609,0.337237360704199
"2020-10-18 23:00:00",-3.07726442435147,-0.224662917419742
"2020-10-19 00:00:00",-2.70184758485247,0.761589028352261
"2020-10-19 01:00:00",-2.29045238007495,0.16186895700983
"2020-10-19 02:00:00",-2.13329780583836,0.149495288148323
"2020-10-19 03:00:00",-2.12580397865857,-0.0847793561825485
"2020-10-19 04:00:00",-2.05984344544976,0.166056993033941
"2020-10-19 05:00:00",-2.05394262737235,-0.0984942574750375
"2020-10-19 06:00:00",-2.38359920431983,-0.46545041372414
"2020-10-19 07:00:00",-2.71604721745047,-0.224912034027994
"2020-10-19 08:00:00",-2.84771323708568,-0.059746490014494
"2020-10-19 09:00:00",-3.00322518659971,-0.208295130794615
"2020-10-19 10:00:00",-2.965975960339,0.203042579741316
"2020-10-19 11:00:00",-2.78738483764295,0.157625835341856
"2020-10-19 12:00:00",-3.09441897773802,-0.59862034170738
"2020-10-19 13:00:00",-3.18876729753787,0.250298169514274
"2020-10-19 14:00:00",-2.86264082806249,0.365289526043863
"2020-10-19 15:00:00",-2.67589384723651,0.0625353201805588
"2020-10-19 16:00:00",-3.63975679659178,-1.59886659819624
"2020-10-19 17:00:00",-4.48950159948846,-0.305269216387136
"2020-10-19 18:00:00",-4.58599340675578,0.0530611593503757
"2020-10-19 19:00:00",-4.48398645491071,0.135699114735404
"2020-10-19 20:00:00",-4.52880569487544,-0.15725494777118
"2020-10-19 21:00:00",-4.6067934737742,-0.0156021648472548
"2020-10-19 22:00:00",-4.69244576983527,-0.122345157748527
"2020-10-19 23:00:00",-4.89452916444109,-0.239591782028391
"2020-10-20 00:00:00",-4.63031342176837,0.593833452793995
"2020-10-20 01:00:00",-4.57414864654408,-0.29897726065831
"2020-10-20 02:00:00",-5.01886194014644,-0.514842288028723
"2020-10-20 03:00:00",-4.97897158089335,0.414277589690132
"2020-10-20 04:00:00",-4.72887788443712,0.1351712079791
"2020-10-20 05:00:00",-4.46646294351442,0.340866483859054
"2020-10-20 06:00:00",-4.53533266643937,-0.332994465239051
"2020-10-20 07:00:00",-4.49327525374524,0.295933438510903
"2020-10-20 08:00:00",-4.02470471554223,0.567183835894447
"2020-10-20 09:00:00",-3.36317836683849,0.698171203756622
"2020-10-20 10:00:00",-2.87242086038902,0.33349734228345
"2020-10-20 11:00:00",-2.42959071975559,0.498375825662723
"2020-10-20 12:00:00",-2.70021357453844,-0.767289388224591
"2020-10-20 13:00:00",-2.67749092556104,0.551788151948566
"2020-10-20 14:00:00",-2.09757159144283,0.574565947571707
"2020-10-20 15:00:00",-1.73643671623773,0.204391924241718
"2020-10-20 16:00:00",-1.89378176768912,-0.388784456665689
"2020-10-20 17:00:00",-1.571895277506,0.782803589421118
"2020-10-20 18:00:00",-0.259646620084372,1.60487439201669
"2020-10-20 19:00:00",0.848150723084548,0.724111009597459
"2020-10-20 20:00:00",1.46120742545713,0.508796765763739
"2020-10-20 21:00:00",1.61430047580693,-0.0931965387415706
"2020-10-20 22:00:00",1.65610678923292,0.127739903194363
"2020-10-20 23:00:00",1.61255215664382,-0.157813422526077
"2020-10-21 00:00:00",1.71706493209747,0.272349642477331
"2020-10-21 01:00:00",1.94512914892002,0.185491031587155
"2020-10-21 02:00:00",2.14280898316895,0.193905461662781
"2020-10-21 03:00:00",2.27194676536973,0.0770623006583749
"2020-10-21 04:00:00",2.39167721960394,0.139558273989197
"2020-10-21 05:00:00",2.39791433358156,-0.0860204448551426
"2020-10-21 06:00:00",2.12644373200022,-0.385291782184727
"2020-10-21 07:00:00",1.68614236212693,-0.458791096227264
"2020-10-21 08:00:00",1.58551849422856,0.140759072303224
"2020-10-21 09:00:00",1.47135849181458,-0.280721460662756
"2020-10-21 10:00:00",0.773098549700052,-0.945329345103026
"2020-10-21 11:00:00",0.609351394286227,0.364083774614534
"2020-10-21 12:00:00",0.572369148724808,-0.303382905902955
"2020-10-21 13:00:00",0.562511293287873,0.185553089016557
"2020-10-21 14:00:00",1.39687232927196,1.22651920315895
"2020-10-21 15:00:00",2.05482399628707,0.245847608812771
"2020-10-21 16:00:00",2.3210471344995,0.264508005107802
"2020-10-21 17:00:00",2.86929499696665,0.708361291340277
"2020-10-21 18:00:00",3.44027599540537,0.448565674193648
"2020-10-21 19:00:00",4.13161915154442,0.815906766713143
"2020-10-21 20:00:00",5.01976733609222,0.888780098038442
"2020-10-21 21:00:00",6.39480041633018,1.62738711472941
"2020-10-21 22:00:00",7.76387802339,1.12357618082173
"2020-10-21 23:00:00",8.51903909825854,0.463665889288049
"2020-10-22 00:00:00",8.83426185717312,0.190305565900274
"2020-10-22 01:00:00",8.95381849485137,0.0553264371767017
"2020-10-22 02:00:00",9.28622217661184,0.489785260322421
"2020-10-22 03:00:00",9.6317807787291,0.221022214468339
"2020-10-22 04:00:00",9.72845666594146,-0.00322570926496979
"2020-10-22 05:00:00",9.33813134445611,-0.642375404147929
"2020-10-22 06:00:00",7.93134080213724,-1.86157530978914
"2020-10-22 07:00:00",6.89646037101802,-0.444803270166212
"2020-10-22 08:00:00",7.24514228992786,0.852207210045689
"2020-10-22 09:00:00",7.79262959961177,0.308991840867255
"2020-10-22 10:00:00",7.89262995841312,-0.0541184411763947
"2020-10-22 11:00:00",7.97601537436982,0.160920273905341
"2020-10-22 12:00:00",7.9395919403949,-0.176530721641561
"2020-10-22 13:00:00",6.8287703039031,-1.69111710701435
"2020-10-22 14:00:00",6.1280113884447,-0.0160311964406376
"2020-10-22 15:00:00",6.33538006633519,0.338548853840026
"2020-10-22 16:00:00",6.3166399159757,-0.264202015167793
"2020-10-22 17:00:00",6.09908582981111,-0.184257557080337
"2020-10-22 18:00:00",5.91948175575989,-0.175826389788593
"2020-10-22 19:00:00",6.05961563354742,0.336483603939648
"2020-10-22 20:00:00",6.10202408417442,-0.16346195293809
"2020-10-22 21:00:00",6.41245479322571,0.603739298468346
"2020-10-22 22:00:00",6.59868560707637,-0.109216098974394
"2020-10-22 23:00:00",6.66724285726446,0.175309978138955
"2020-10-23 00:00:00",6.66771127874992,-0.124704284400518
"2020-10-23 01:00:00",6.25818150455124,-0.588541615146114
"2020-10-23 02:00:00",5.59660764139716,-0.686887905861284
"2020-10-23 03:00:00",5.18378371628905,-0.217712330966714
"2020-10-23 04:00:00",5.02795571626994,-0.113847431778337
"2020-10-23 05:00:00",4.81990976885649,-0.267436688033284
"2020-10-23 06:00:00",4.04118384026086,-1.08878601739164
"2020-10-23 07:00:00",3.9006513828206,0.493096452437567
"2020-10-23 08:00:00",4.45680787820455,0.566741251526907
"2020-10-23 09:00:00",4.82992628378278,0.220565321069595
"2020-10-23 10:00:00",5.08478800843904,0.259390919746506
"2020-10-23 11:00:00",5.15572862004086,-0.0646140906061202
"2020-10-23 12:00:00",5.00458145116907,-0.208296145320355
"2020-10-23 13:00:00",4.54530114679882,-0.611224424593914
"2020-10-23 14:00:00",4.62022294328105,0.52292758431048
"2020-10-23 15:00:00",4.36488012345519,-0.768000854506785
"2020-10-23 16:00:00",3.92589207316986,-0.204414025507362
"2020-10-23 17:00:00",4.23601359143318,0.633343750793708
"2020-10-23 18:00:00",4.76065509939994,0.42178543563683
"2020-10-23 19:00:00",4.69277223365103,-0.397231688971031
"2020-10-23 20:00:00",4.62885166050169,0.1552734584594
"2020-10-23 21:00:00",4.32620319425668,-0.599507644468472
"2020-10-23 22:00:00",4.14018191264614,0.0928965172775716
"2020-10-23 23:00:00",3.67231190553297,-0.824810173232082
"2020-10-24 00:00:00",3.40195203362249,0.107382613851436
"2020-10-24 01:00:00",3.43771898788549,-0.0180593746880398
"2020-10-24 02:00:00",3.45803854446044,0.0405096760905376
"2020-10-24 03:00:00",3.60753337094761,0.210590453283267
"2020-10-24 04:00:00",3.90124841939284,0.330524705996291
"2020-10-24 05:00:00",4.08779907632396,0.0766776816205564
"2020-10-24 06:00:00",3.82295634607115,-0.485201518455843
"2020-10-24 07:00:00",3.69231164139846,0.107004414869843
"2020-10-24 08:00:00",3.79435357197179,0.0891267999940096
"2020-10-24 09:00:00",3.89773276698891,0.103078730628948
"2020-10-24 10:00:00",4.19355239183459,0.405231621533177
"2020-10-24 11:00:00",4.40254208178467,0.0628290988223532
"2020-10-24 12:00:00",4.147214109923,-0.460969174330542
"2020-10-24 13:00:00",4.02941771947996,0.111235123398029
"2020-10-24 14:00:00",4.36798524643734,0.468839098414396
"2020-10-24 15:00:00",4.42174597178396,-0.231136752491193
"2020-10-24 16:00:00",3.8516734612364,-0.774634224891937
"2020-10-24 17:00:00",4.07468105965524,0.872530472885709
"2020-10-24 18:00:00",4.88129197057552,0.719085031126725
"2020-10-24 19:00:00",4.95636958602035,-0.364111053006929
"2020-10-24 20:00:00",4.60313315506386,-0.335587993641736
"2020-10-24 21:00:00",3.71678524433155,-1.21732787408755
"2020-10-24 22:00:00",2.95139856883655,-0.43251638853673
"2020-10-24 23:00:00",2.71843423796494,-0.0926647195187479
"2020-10-25 00:00:00",3.24527170444446,0.911293999491699
"2020-10-25 01:00:00",3.44628201813338,-0.286237859953168
"2020-10-25 02:00:00",3.19581671480011,-0.219156249321922
"2020-10-25 03:00:00",3.01381526318119,-0.15270152886262
"2020-10-25 04:00:00",2.99408363514153,0.0659675185120654
"2020-10-25 05:00:00",2.8866648946426,-0.221761318787548
"2020-10-25 06:00:00",2.54682780637435,-0.406123840601714
"2020-10-25 07:00:00",2.59702188383329,0.348733856963763
"2020-10-25 08:00:00",3.15958431918559,0.675033293900195
"2020-10-25 09:00:00",3.89263646571718,0.732825134115952
"2020-10-25 10:00:00",4.50359026917575,0.495659457171071
"2020-10-25 11:00:00",5.02364557278145,0.505802925629886
"2020-10-25 12:00:00",5.15637282805129,-0.128766214071892
"2020-10-25 13:00:00",5.20614436362979,0.159785098289125
"2020-10-25 14:00:00",5.1712865883382,-0.169669692573868
"2020-10-25 15:00:00",4.80810582992258,-0.481591535264217
"2020-10-25 16:00:00",3.74642568006651,-1.40414469916319
"2020-10-25 17:00:00",3.01816494528662,-0.247900190645177
"2020-10-25 18:00:00",2.82518524686218,-0.151085579077724
"2020-10-25 19:00:00",2.75860312650201,-0.0107240157216479
"2020-10-25 20:00:00",2.87629198012633,0.194148762854513
"2020-10-25 21:00:00",2.95118854964176,-0.0118689624762978
"2020-10-25 22:00:00",2.68579229347096,-0.425603023014462
"2020-10-25 23:00:00",2.52058187390041,0.0127715065179256
"2020-10-26 00:00:00",2.89706888410785,0.597821480721125
"2020-10-26 01:00:00",3.20476649385806,0.0959302235198079
"2020-10-26 02:00:00",3.04229895187673,-0.331139100895901
"2020-10-26 03:00:00",2.93656042673949,0.0456303178554895
"2020-10-26 04:00:00",3.48546773594772,0.854551868201859
"2020-10-26 05:00:00",3.84527565243539,0.00839499341974315
"2020-10-26 06:00:00",3.62897661767511,-0.360769134801075
"2020-10-26 07:00:00",3.30987987682751,-0.28082862612862
"2020-10-26 08:00:00",2.96290961629886,-0.378841230849305
"2020-10-26 09:00:00",2.43696426423413,-0.60283851517889
"2020-10-26 10:00:00",1.71127289130978,-0.776247767045171
"2020-10-26 11:00:00",1.09166007455003,-0.487952818421828
"2020-10-26 12:00:00",0.390946697330882,-0.810660610302528
"2020-10-26 13:00:00",0.131887174928288,0.120474887444018
"2020-10-26 14:00:00",0.311394959335209,0.210162339762554
"2020-10-26 15:00:00",0.506008027428402,0.174597912182438
"2020-10-26 16:00:00",0.706459132134316,0.207508927535778
"2020-10-26 17:00:00",1.08208244136215,0.46893795005578
"2020-10-26 18:00:00",1.40955891961388,0.216214586683358
"2020-10-26 19:00:00",1.68743202277745,0.303957382960717
"2020-10-26 20:00:00",1.92338589397501,0.177232169478072
"2020-10-26 21:00:00",1.65152193062208,-0.560815988206356
"2020-10-26 22:00:00",1.30834728413452,-0.18390357762745
"2020-10-26 23:00:00",0.693765857103018,-0.874176554245254
"2020-10-27 00:00:00",0.556164179983375,0.359084696700062
"2020-10-27 01:00:00",0.306230891868319,-0.644778413704608
"2020-10-27 02:00:00",-0.0307784837616614,-0.1162136254616
"2020-10-27 03:00:00",-0.264952252432423,-0.301645086319494
"2020-10-27 04:00:00",-0.322956583714129,0.107517836893141
"2020-10-27 05:00:00",-0.16602752051763,0.18282831592316
"2020-10-27 06:00:00",-0.388826592824478,-0.482411547196879
"2020-10-27 07:00:00",-0.595392047452586,-0.0123542714756174
"2020-10-27 08:00:00",-0.569813901955685,0.0504177584109732
"2020-10-27 09:00:00",-0.245247968083478,0.492639388698541
"2020-10-27 10:00:00",0.143690695552185,0.301639926172539
"2020-10-27 11:00:00",0.361991514968122,0.152183680616388
"2020-10-27 12:00:00",0.314370853715954,-0.17902486079338
"2020-10-27 13:00:00",0.372260603488464,0.212674171988985
"2020-10-27 14:00:00",0.566925015346059,0.172928087017266
"2020-10-27 15:00:00",0.578470410297387,-0.0973204139158464
"2020-10-27 16:00:00",0.176295611615888,-0.587041944908812
"2020-10-27 17:00:00",-0.281769547150032,-0.350542300545562
"2020-10-27 18:00:00",-0.436079299928064,-0.0157944792350736
"2020-10-27 19:00:00",-0.51432797301088,-0.115603841694059
"2020-10-27 20:00:00",-0.494552468653472,0.109749917043365
"2020-10-27 21:00:00",-0.404634851491151,0.0730607582765024
"2020-10-27 22:00:00",-0.400786953290462,-0.0419546671792807
"2020-10-27 23:00:00",-0.279706580381038,0.224531352472276
"2020-10-28 00:00:00",0.0960839568743869,0.459131392438815
"2020-10-28 01:00:00",0.493604987764701,0.337434393851974
"2020-10-28 02:00:00",0.878912303564291,0.398276444174996
"2020-10-28 03:00:00",1.40213264140776,0.580519201673809
"2020-10-28 04:00:00",1.92182161502115,0.452634106009832
"2020-10-28 05:00:00",2.32458881940685,0.347907475847971
"2020-10-28 06:00:00",2.59373417820389,0.200853099209686
"2020-10-28 07:00:00",2.57134394599046,-0.173494908200823
"2020-10-28 08:00:00",1.98939308718748,-0.829909712965271
"2020-10-28 09:00:00",1.40985631228839,-0.387648613695463
"2020-10-28 10:00:00",1.02504235978155,-0.366454833367122
"2020-10-28 11:00:00",1.0415109758664,0.269643155619507
"2020-10-28 12:00:00",0.985382586836325,-0.271980647718412
"2020-10-28 13:00:00",0.93109282742747,0.092145100063371
"2020-10-28 14:00:00",1.3683337576823,0.645323716450024
"2020-10-28 15:00:00",1.78583680049173,0.244022456914034
"2020-10-28 16:00:00",1.42218118344723,-0.753788022647411
"2020-10-28 17:00:00",0.946039387879937,-0.270254105324868
"2020-10-28 18:00:00",0.727932736344138,-0.174197044580407
"2020-10-28 19:00:00",0.665446822203343,0.0140181929529831
"2020-10-28 20:00:00",0.74527487298733,0.119049677883041
"2020-10-28 21:00:00",0.736171894899766,-0.0950644276154943
"2020-10-28 22:00:00",0.720322808595389,0.0367647586889277
"2020-10-28 23:00:00",0.611900199259018,-0.200988583365694
"2020-10-29 00:00:00",0.939291526618969,0.663292727059401
"2020-10-29 01:00:00",1.76986858804069,0.901419210035516
"2020-10-29 02:00:00",2.4015936637888,0.419632212141169
"2020-10-29 03:00:00",2.60115928972727,0.040279136001522
"2020-10-29 04:00:00",2.8529518376974,0.377482242191096
"2020-10-29 05:00:00",3.05699411403738,0.0750453285930708
"2020-10-29 06:00:00",3.03067962064829,-0.0965753468500015
"2020-10-29 07:00:00",2.56706695966174,-0.690174810822918
"2020-10-29 08:00:00",1.8325763172361,-0.732439418649247
"2020-10-29 09:00:00",1.10424305249602,-0.693347396364578
"2020-10-29 10:00:00",0.265852879458855,-0.896666882988018
"2020-10-29 11:00:00",-0.318454781569779,-0.348648353520171
"2020-10-29 12:00:00",-1.72012168876746,-2.03665073507362
"2020-10-29 13:00:00",-1.89005446356444,1.08481645830493
"2020-10-29 14:00:00",-1.65587223992357,-0.341590349212564
"2020-10-29 15:00:00",-1.79791722013706,-0.000133347890766605
"2020-10-29 16:00:00",-1.88385587866498,-0.136740693499582
"2020-10-29 17:00:00",-1.65374461573901,0.466167887311903
"2020-10-29 18:00:00",-0.974472268762782,0.79119200709584
"2020-10-29 19:00:00",-0.393044500870864,0.41521393346999
"2020-10-29 20:00:00",-0.151419179728318,0.114926132040559
"2020-10-29 21:00:00",-0.066749008689538,0.0606715174558106
"2020-10-29 22:00:00",-0.508391368014838,-0.755440040768634
"2020-10-29 23:00:00",-1.08278549855271,-0.425748947304412
"2020-10-30 00:00:00",-1.30513512016774,-0.0747911804180447
"2020-10-30 01:00:00",-0.948163897827101,0.629526705060544
"2020-10-30 02:00:00",-0.0225418691343919,1.08025240908008
"2020-10-30 03:00:00",0.705857079901288,0.459249939815016
"2020-10-30 04:00:00",1.10181681865012,0.334041668243601
"2020-10-30 05:00:00",1.422318823772,0.294825870049748
"2020-10-30 06:00:00",1.5463620669097,0.00246283483694047
"2020-10-30 07:00:00",1.5067040342881,-0.0678462472821273
"2020-10-30 08:00:00",1.35612517888698,-0.200519116624209
"2020-10-30 09:00:00",1.1969619004572,-0.125777346178793
"2020-10-30 10:00:00",1.47710320343066,0.535894625030182
"2020-10-30 11:00:00",1.80916150667394,0.178487134129181
"2020-10-30 12:00:00",1.87300235533206,-0.0179536695816872
"2020-10-30 13:00:00",1.98116877982924,0.184691523740558
"2020-10-30 14:00:00",2.33600588604176,0.448851019698235
"2020-10-30 15:00:00",2.89377064805299,0.600857905708742
"2020-10-30 16:00:00",3.54508628680936,0.650274557844126
"2020-10-30 17:00:00",4.23612516911809,0.680808732789664
"2020-10-30 18:00:00",4.88739956485305,0.595178377535886
"2020-10-30 19:00:00",5.46775616764348,0.536599532186458
"2020-10-30 20:00:00",5.90080165285542,0.336386851416175
"2020-10-30 21:00:00",6.22826846737495,0.298355463951271
"2020-10-30 22:00:00",6.50616782833133,0.243030870930291
"2020-10-30 23:00:00",6.66560206232674,0.0877440532781669
"2020-10-31 00:00:00",6.96764023673284,0.421956580248544
"2020-10-31 01:00:00",7.33957553572516,0.311935744855569
"2020-10-31 02:00:00",7.57249232007715,0.159712567210663
"2020-10-31 03:00:00",7.74187851639972,0.158028169526731
"2020-10-31 04:00:00",7.82486406980411,0.0190384175437295
"2020-10-31 05:00:00",7.72856741964505,-0.178692525911773
"2020-10-31 06:00:00",7.49207514440221,-0.273745827276153
"2020-10-31 07:00:00",7.05713327376999,-0.531390179567676
"2020-10-31 08:00:00",6.44881259283186,-0.63979359803445
"2020-10-31 09:00:00",5.60715271409944,-0.944549898826238
"2020-10-31 10:00:00",4.91171954288066,-0.503536976540469
"2020-10-31 11:00:00",4.65683119820389,-0.0833424833832016
"2020-10-31 12:00:00",4.52316584258408,-0.166862450418059
"2020-10-31 13:00:00",4.52521363917466,0.108726881909917
"2020-10-31 14:00:00",4.81176981685488,0.385658900778793
"2020-10-31 15:00:00",4.94052808406158,-0.0548248613823637
"2020-10-31 16:00:00",4.69774895307422,-0.362909493197727
"2020-10-31 17:00:00",4.61336219453134,0.0992484302795901
"2020-10-31 18:00:00",4.90286736499022,0.396638994308679
"2020-10-31 19:00:00",5.61223343153922,0.877820822745619
"2020-10-31 20:00:00",6.14430883693572,0.269066577459226
"2020-10-31 21:00:00",6.06716081515548,-0.31220535673517
"2020-10-31 22:00:00",6.20368682426171,0.421369448967717
"2020-10-31 23:00:00",6.24976001052904,-0.214303503293105
"2020-11-01 00:00:00",5.69688759820997,-0.760362473323956
"2020-11-01 01:00:00",4.90601788153989,-0.780966898942903
"2020-11-01 02:00:00",4.25437729981108,-0.540780826587716
"2020-11-01 03:00:00",3.90390222444941,-0.212434541736962
"2020-11-01 04:00:00",3.70178297269053,-0.190668482548426
"2020-11-01 05:00:00",3.73781685801059,0.180683832986611
"2020-11-01 06:00:00",4.08761825723195,0.441105664631046
"2020-11-01 07:00:00",4.2837423215096,0.0182187826350682
"2020-11-01 08:00:00",4.18874957560641,-0.171471839441405
"2020-11-01 09:00:00",3.98380842256678,-0.222912584058251
"2020-11-01 10:00:00",3.34841955304962,-0.885308657248659
"2020-11-01 11:00:00",2.70027006356463,-0.463561163009099
"2020-11-01 12:00:00",2.44150560446541,-0.113418867433932
"2020-11-01 13:00:00",2.2699456223937,-0.205313763122696
"2020-11-01 14:00:00",2.5006916703242,0.507557726738432
"2020-11-01 15:00:00",2.92540415717489,0.346078816104726
"2020-11-01 16:00:00",3.28375084208022,0.345727058606625
"2020-11-01 17:00:00",3.68524539608496,0.41536206538972
"2020-11-01 18:00:00",4.56249881271761,1.13874046728418
"2020-11-01 19:00:00",5.67130179087679,1.03027616864898
"2020-11-01 20:00:00",6.54178611128749,0.715285352826576
"2020-11-01 21:00:00",7.21841075184603,0.610268783111182
"2020-11-01 22:00:00",7.94795620796206,0.76509274962143
"2020-11-01 23:00:00",8.33143459362133,0.100608763681391
"2020-11-02 00:00:00",8.53523168924061,0.252167996266901
"2020-11-02 01:00:00",8.74978097480326,0.168276862646067
"2020-11-02 02:00:00",9.07256037296116,0.399166147494405
"2020-11-02 03:00:00",9.59382004637763,0.566193194494827
"2020-11-02 04:00:00",9.98574945597815,0.244768729210099
"2020-11-02 05:00:00",10.1137575923281,0.0312185997815497
"2020-11-02 06:00:00",9.99798666005601,-0.221293480259723
"2020-11-02 07:00:00",9.80561760072169,-0.176828546170436
"2020-11-02 08:00:00",9.58737359313092,-0.248118509498161
"2020-11-02 09:00:00",9.38216184706475,-0.17921043843329
"2020-11-02 10:00:00",9.33812781604728,0.0360847059366226
"2020-11-02 11:00:00",9.71957230981983,0.581521390862345
"2020-11-02 12:00:00",9.98572498691899,0.0307384205543682
"2020-11-02 13:00:00",10.6576725394567,1.05461500091594
"2020-11-02 14:00:00",11.2905952356697,0.307989736924869
"2020-11-02 15:00:00",11.4874569489009,0.0988738629662304
"2020-11-02 16:00:00",11.5591978116611,0.0354407351381045
"2020-11-02 17:00:00",11.8069060610736,0.362551463800118
"2020-11-02 18:00:00",11.9559299466358,-0.0156212730471069
"2020-11-02 19:00:00",11.8839245241135,-0.121578927742379
"2020-11-02 20:00:00",12.2756251758949,0.69995431501006
"2020-11-02 21:00:00",12.5759019692133,0.00374234061965339
"2020-11-02 22:00:00",12.4339458173506,-0.248546425079843
"2020-11-02 23:00:00",12.5099896742067,0.272797835191091
"2020-11-03 00:00:00",11.5639694691025,-1.72971787099335
"2020-11-03 01:00:00",9.85011477546151,-1.63673942819375
"2020-11-03 02:00:00",8.83324216503341,-0.568006735568117
"2020-11-03 03:00:00",8.43534722334454,-0.276963762402092
"2020-11-03 04:00:00",8.13968293596877,-0.304951068022206
"2020-11-03 05:00:00",7.56299204665602,-0.740932486302975
"2020-11-03 06:00:00",6.63308120680731,-1.0214511516477
"2020-11-03 07:00:00",5.34536257035938,-1.41258308885519
"2020-11-03 08:00:00",4.57923187006837,-0.30565170159957
"2020-11-03 09:00:00",4.14559012928024,-0.504261392134095
"2020-11-03 10:00:00",3.43608443825335,-0.817959644783139
"2020-11-03 11:00:00",2.71892936814033,-0.620302132244645
"2020-11-03 12:00:00",2.41345988453665,-0.084572487506997
"2020-11-03 13:00:00",2.39122361099002,0.0172671791981991
"2020-11-03 14:00:00",2.40365251790055,0.00553151259329936
"2020-11-03 15:00:00",1.54654990368873,-1.39455067794938
"2020-11-03 16:00:00",0.233512405741821,-1.19829447643996
"2020-11-03 17:00:00",-0.242408359173206,0.0279681114549984
"2020-11-03 18:00:00",-0.40290238656958,-0.278194389272128
"2020-11-03 19:00:00",0.151620644986288,1.08382719128096
"2020-11-03 20:00:00",1.57120024834319,1.57575787160538
"2020-11-03 21:00:00",2.7359300888041,0.833343931627396
"2020-11-03 22:00:00",3.2698592616456,0.305425230429017
"2020-11-03 23:00:00",3.48394514271075,0.138807261340908
"2020-11-04 00:00:00",4.00033628754783,0.739081505275384
"2020-11-04 01:00:00",3.9499960349728,-0.579375204330245
"2020-11-04 02:00:00",3.22358873105922,-0.794998585578908
"2020-11-04 03:00:00",2.57532409774207,-0.523792436409979
"2020-11-04 04:00:00",1.92203532107524,-0.71189289894798
"2020-11-04 05:00:00",1.31117217186262,-0.51696002383125
"2020-11-04 06:00:00",0.798465615537447,-0.487197044020057
"2020-11-04 07:00:00",0.38397779546939,-0.347348528320491
"2020-11-04 08:00:00",0.354766014760067,0.183769130745095
"2020-11-04 09:00:00",0.267108982983498,-0.264896490975927
"2020-11-04 10:00:00",0.00962048307376528,-0.240658430175649
"2020-11-04 11:00:00",-0.0874344958120508,0.00327862967970514
"2020-11-04 12:00:00",-0.0159821173059009,0.113618072438048
"2020-11-04 13:00:00",0.127433982808341,0.156486669559692
"2020-11-04 14:00:00",0.277374192735309,0.138286704032601
"2020-11-04 15:00:00",0.0554114220319186,-0.451934920868788
"2020-11-04 16:00:00",-0.952679016111297,-1.33102210638051
"2020-11-04 17:00:00",-1.79753749154772,-0.479380119216107
"2020-11-04 18:00:00",-1.84917543027648,0.238288793378741
"2020-11-04 19:00:00",-1.67588032943985,0.124114672794623
"2020-11-04 20:00:00",-1.60988084952824,0.0262799523913133
"2020-11-04 21:00:00",-1.72612417183808,-0.203658938612992
"2020-11-04 22:00:00",-1.91567274902531,-0.168910325998208
"2020-11-04 23:00:00",-2.14336562719974,-0.253592236817934
"2020-11-05 00:00:00",-2.49562071742227,-0.398528346453209
"2020-11-05 01:00:00",-2.92052795761195,-0.419085707031529
"2020-11-05 02:00:00",-3.1715436690687,-0.123279457617383
"2020-11-05 03:00:00",-3.22014072465016,0.00758650871363674
"2020-11-05 04:00:00",-3.20737786844138,0.0197566727796694
"2020-11-05 05:00:00",-3.24886704817234,-0.0762145052976487
"2020-11-05 06:00:00",-3.46899526143055,-0.301422235667284
"2020-11-05 07:00:00",-3.55133522505208,0.0720952889019042
"2020-11-05 08:00:00",-2.99960654766114,0.849837305516245
"2020-11-05 09:00:00",-2.15187724026268,0.809905727228895
"2020-11-05 10:00:00",-1.43854310938404,0.617829875607243
"2020-11-05 11:00:00",-0.974280362720367,0.341678625035634
"2020-11-05 12:00:00",-0.801410242797404,0.0533737960449933
"2020-11-05 13:00:00",-0.721210435445007,0.0953051629195591
"2020-11-05 14:00:00",-0.433411731783949,0.40337889994362
"2020-11-05 15:00:00",-0.18715832048187,0.130361545560433
"2020-11-05 16:00:00",-0.102135027203738,0.0509992220325842
"2020-11-05 17:00:00",0.177327922228518,0.418621236446863
"2020-11-05 18:00:00",0.271712151860543,-0.126483701506202
"2020-11-05 19:00:00",0.291819978783821,0.116528221821598
"2020-11-05 20:00:00",0.550459014663429,0.340711577789394
"2020-11-05 21:00:00",0.989451144027944,0.482941446197348
"2020-11-05 22:00:00",1.37578143865313,0.302290779681815
"2020-11-05 23:00:00",1.58338408744879,0.132840325277344
"2020-11-06 00:00:00",1.85744982075499,0.35315064387745
"2020-11-06 01:00:00",2.17462966270031,0.275734028874207
"2020-11-06 02:00:00",2.37076273055141,0.130944322258216
"2020-11-06 03:00:00",2.51724138983553,0.146819182567948
"2020-11-06 04:00:00",2.70381224126937,0.200962082630664
"2020-11-06 05:00:00",2.72675385168792,-0.100310988722972
"2020-11-06 06:00:00",2.73743514495646,0.0806536453126298
"2020-11-06 07:00:00",2.65548708596943,-0.189980690002024
"2020-11-06 08:00:00",2.41614282438045,-0.264301116439648
"2020-11-06 09:00:00",2.31028577281783,0.00168736670979455
"2020-11-06 10:00:00",2.2869809854648,-0.0418355373179237
"2020-11-06 11:00:00",2.22099190986647,-0.0819023974402611
"2020-11-06 12:00:00",0.947213685710902,-2.01068150993637
"2020-11-06 13:00:00",-0.0376838190311816,-0.255471944625006
"2020-11-06 14:00:00",-0.0568314397290886,0.139357706193881
"2020-11-06 15:00:00",0.226316168325622,0.365624162007405
"2020-11-06 16:00:00",0.496660427233332,0.193687182211123
"2020-11-06 17:00:00",0.812823580995698,0.382148556405614
"2020-11-06 18:00:00",1.35285963834119,0.618583044088408
"2020-11-06 19:00:00",1.74152715100834,0.215180564275239
"2020-11-06 20:00:00",1.8786839587801,0.0763801220601254
"2020-11-06 21:00:00",2.01554722061761,0.168260154956908
"2020-11-06 22:00:00",2.10886126708061,0.0363193701627568
"2020-11-06 23:00:00",2.04807280551399,-0.12535476212583
"2020-11-07 00:00:00",2.02377776773766,0.0415923193602108
"2020-11-07 01:00:00",1.74823353505452,-0.47647917183635
"2020-11-07 02:00:00",1.33142940598095,-0.359467941801598
"2020-11-07 03:00:00",1.3645458095085,0.291545530227916
"2020-11-07 04:00:00",1.75835530811596,0.441512402607414
"2020-11-07 05:00:00",2.20649348293432,0.428994234580931
"2020-11-07 06:00:00",1.65415669699526,-1.1831429920038
"2020-11-07 07:00:00",0.378788954143887,-1.27837675412035
"2020-11-07 08:00:00",-0.200657128155422,-0.0864533809660943
"2020-11-07 09:00:00",-0.316238896683991,-0.129249427938111
"2020-11-07 10:00:00",-0.239276903471134,0.211184268851577
"2020-11-07 11:00:00",0.119536916893363,0.440489586122359
"2020-11-07 12:00:00",0.307219792143702,0.0100753136979961
"2020-11-07 13:00:00",0.600985786936284,0.468534463970191
"2020-11-07 14:00:00",0.812716334933484,0.0296951052370391
"2020-11-07 15:00:00",-0.158422124940239,-1.59324894094891
"2020-11-07 16:00:00",-1.60227829568559,-1.27544741557197
"2020-11-07 17:00:00",-2.42425859823667,-0.478549341604983
"2020-11-07 18:00:00",-3.38796345069156,-1.23821786600995
"2020-11-07 19:00:00",-4.2354476721733,-0.542361909679879
"2020-11-07 20:00:00",-4.68442865267025,-0.359935013411064
"2020-11-07 21:00:00",-5.43945121526517,-0.976495286749544
"2020-11-07 22:00:00",-5.52373374133197,0.521530227226574
"2020-11-07 23:00:00",-4.57892180998443,1.18921596575539
"2020-11-08 00:00:00",-5.18533817127304,-1.76876744165833
"2020-11-08 01:00:00",-6.60623338011288,-1.11478247751779
"2020-11-08 02:00:00",-7.01453931060531,0.0905856686042551
"2020-11-08 03:00:00",-6.79383320709674,0.306002685830346
"2020-11-08 04:00:00",-6.76142413018424,-0.142769132587346
"2020-11-08 05:00:00",-6.77121815185874,0.0880327004751181
"2020-11-08 06:00:00",-6.65649598060233,0.135788689287362
"2020-11-08 07:00:00",-6.63395644801812,-0.0454521608481694
"2020-11-08 08:00:00",-6.1934095637679,0.752154751319837
"2020-11-08 09:00:00",-5.22163879159184,1.07998185501486
"2020-11-08 10:00:00",-3.84051336383063,1.52298280305012
"2020-11-08 11:00:00",-2.39390413940864,1.33190129463181
"2020-11-08 12:00:00",-1.26122240142552,0.949131412453244
"2020-11-08 13:00:00",-0.464191483035842,0.659383112493431
"2020-11-08 14:00:00",0.0113031108434539,0.330907278877583
"2020-11-08 15:00:00",-0.740743396670492,-1.43828128814489
"2020-11-08 16:00:00",-1.97310934942818,-1.03557562723884
"2020-11-08 17:00:00",-2.81019381497131,-0.662439006251363
"2020-11-08 18:00:00",-3.33550090397218,-0.405303898067768
"2020-11-08 19:00:00",-3.50362174904115,0.00228562279691348
"2020-11-08 20:00:00",-3.35027492367201,0.251280399905889
"2020-11-08 21:00:00",-3.16799012560224,0.131943601252964
"2020-11-08 22:00:00",-2.99940296842564,0.189086886292773
"2020-11-08 23:00:00",-2.78943433407103,0.2177770073815
"2020-11-09 00:00:00",-2.64862408250705,0.0864031890056244
"2020-11-09 01:00:00",-2.37519901281657,0.388524236970156
"2020-11-09 02:00:00",-2.03210446848701,0.299565633617087
"2020-11-09 03:00:00",-1.73928828184375,0.277020755413311
"2020-11-09 04:00:00",-1.48410056699103,0.230747483741076
"2020-11-09 05:00:00",-1.26694990597861,0.199679811507902
"2020-11-09 06:00:00",-1.1878064256127,-0.00334097603264624
"2020-11-09 07:00:00",-1.32620930741639,-0.220335211511565
"2020-11-09 08:00:00",-1.70046365793642,-0.457372100916892
"2020-11-09 09:00:00",-2.19781966687992,-0.498186248936558
"2020-11-09 10:00:00",-2.80711399109142,-0.651579746298453
"2020-11-09 11:00:00",-3.15061856910123,-0.118184253977416
"2020-11-09 12:00:00",-3.81295216450528,-0.989560148397822
"2020-11-09 13:00:00",-4.25369061152535,-0.0490065386935298
"2020-11-09 14:00:00",-4.0323287454715,0.396566734807758
"2020-11-09 15:00:00",-3.64968721590134,0.360371378131433
"2020-11-09 16:00:00",-3.04775111925281,0.739075873672974
"2020-11-09 17:00:00",-2.36433573125072,0.617760883912808
"2020-11-09 18:00:00",-1.98516117205296,0.205148240513668
"2020-11-09 19:00:00",-1.91844927030386,-0.026189466730631
"2020-11-09 20:00:00",-1.74959674187927,0.293326668129641
"2020-11-09 21:00:00",-1.58227956996446,0.0776159799677327
"2020-11-09 22:00:00",-1.44254485900177,0.176545312908813
"2020-11-09 23:00:00",-1.27358316466317,0.157735940033593
"2020-11-10 00:00:00",-1.49835712155057,-0.46745399489445
"2020-11-10 01:00:00",-1.63799386964511,0.0874706124045072
"2020-11-10 02:00:00",-1.51458706836492,0.143610355295459
"2020-11-10 03:00:00",-1.26725318798366,0.306680271052876
"2020-11-10 04:00:00",-1.02878646352399,0.183292987216897
"2020-11-10 05:00:00",-0.997600926360718,-0.0703739416628241
"2020-11-10 06:00:00",-1.01368649259976,0.0221559519975055
"2020-11-10 07:00:00",-1.09929020027633,-0.15206820078581
"2020-11-10 08:00:00",-1.40097342151133,-0.385672548172944
"2020-11-10 09:00:00",-1.75989645642151,-0.322229247463955
"2020-11-10 10:00:00",-2.14754253361078,-0.410568072187862
"2020-11-10 11:00:00",-2.6050724450958,-0.464328433651328
"2020-11-10 12:00:00",-3.80845950889291,-1.63554342058756
"2020-11-10 13:00:00",-4.73891608634395,-0.411284368055651
"2020-11-10 14:00:00",-4.69738117208105,0.347542165116162
"2020-11-10 15:00:00",-4.27096249867089,0.464792006708104
"2020-11-10 16:00:00",-3.78328907625477,0.485257057709817
"2020-11-10 17:00:00",-3.22859724435443,0.57949742910093
"2020-11-10 18:00:00",-2.67196803668473,0.519093678711683
"2020-11-10 19:00:00",-2.1857000800542,0.444720457612362
"2020-11-10 20:00:00",-1.81879953828915,0.300403080872925
"2020-11-10 21:00:00",-1.51762684439257,0.289717924906823
"2020-11-10 22:00:00",-1.2405702859573,0.257405847964629
"2020-11-10 23:00:00",-1.16650330603682,-0.0500778870274596
"2020-11-11 00:00:00",-0.963446700140369,0.3636641124631
"2020-11-11 01:00:00",-0.789832686733566,0.0399075568183699
"2020-11-11 02:00:00",-0.692409710349302,0.132154238766664
"2020-11-11 03:00:00",-0.585012138735956,0.0866821785084146
"2020-11-11 04:00:00",-0.788583522205921,-0.386643060530209
"2020-11-11 05:00:00",-1.0381150982305,-0.145251720031545
"2020-11-11 06:00:00",-1.35241022395916,-0.410716010845848
"2020-11-11 07:00:00",-1.71507008873817,-0.311646902237387
"2020-11-11 08:00:00",-1.7915871364975,0.0860796105766276
"2020-11-11 09:00:00",-1.9456969236325,-0.304601515063237
"2020-11-11 10:00:00",-2.22455840655794,-0.245943216671182
"2020-11-11 11:00:00",-2.40067690981092,-0.11833388713286
"2020-11-11 12:00:00",-3.23140274510483,-1.26307670996548
"2020-11-11 13:00:00",-3.84127012417294,-0.141257378462816
"2020-11-11 14:00:00",-3.72939205899545,0.280265644071312
"2020-11-11 15:00:00",-3.43464299601158,0.295203904666774
"2020-11-11 16:00:00",-3.2645703856176,0.0829972831103337
"2020-11-11 17:00:00",-3.11264727096544,0.194860314401929
"2020-11-11 18:00:00",-2.75172846554316,0.458482908101966
"2020-11-11 19:00:00",-2.53371723548267,0.0508856008148212
"2020-11-11 20:00:00",-2.13443593023434,0.61583252654916
"2020-11-11 21:00:00",-1.64525231605854,0.384257167649817
"2020-11-11 22:00:00",-1.45663882353698,0.0513438544205908
"2020-11-11 23:00:00",-1.28738983185391,0.241685502459193
"2020-11-12 00:00:00",-0.873854899833467,0.510107291802647
"2020-11-12 01:00:00",-0.49611280554122,0.272676105616934
"2020-11-12 02:00:00",-0.151033624700544,0.377588429346459
"2020-11-12 03:00:00",0.312075164484072,0.498309387567641
"2020-11-12 04:00:00",0.883877461353862,0.593222924897678
"2020-11-12 05:00:00",1.46351361598566,0.54189556281309
"2020-11-12 06:00:00",1.80069553602852,0.182799920669971
"2020-11-12 07:00:00",2.00967621225481,0.214183222274686
"2020-11-12 08:00:00",1.80195483100823,-0.481705234041484
"2020-11-12 09:00:00",1.30052655987302,-0.493071182189519
"2020-11-12 10:00:00",0.861729405999572,-0.383439574348952
"2020-11-12 11:00:00",0.583396183124062,-0.196147711733945
"2020-11-12 12:00:00",0.48176463842317,-0.034544128319629
"2020-11-12 13:00:00",0.488579205962603,0.0334419414987927
"2020-11-12 14:00:00",0.223810508682168,-0.451620370619694
"2020-11-12 15:00:00",-0.612211499349641,-1.05284660550811
"2020-11-12 16:00:00",-1.28199803010037,-0.381800747547634
"2020-11-12 17:00:00",-1.02945688826856,0.665079967779933
"2020-11-12 18:00:00",0.0317393205435861,1.27616842910046
"2020-11-12 19:00:00",1.15661988918418,0.970529199823027
"2020-11-12 20:00:00",2.04700932075363,0.793162674034017
"2020-11-12 21:00:00",2.05606293580264,-0.516744907142471
"2020-11-12 22:00:00",1.25897033211925,-0.948760013082057
"2020-11-12 23:00:00",0.659861715045608,-0.33916467552498
"2020-11-13 00:00:00",0.580960867538545,0.0975044596860156
"2020-11-13 01:00:00",0.483062327041419,-0.224261552316783
"2020-11-13 02:00:00",0.44387292205728,0.0854297234647182
"2020-11-13 03:00:00",0.192561352525912,-0.464431777040645
"2020-11-13 04:00:00",0.117129021069252,0.187232609026124
"2020-11-13 05:00:00",0.330632431942409,0.220720505806068
"2020-11-13 06:00:00",0.212294812050738,-0.339175271829408
"2020-11-13 07:00:00",-0.0680043359828483,-0.228002989405313
"2020-11-13 08:00:00",0.274575130530839,0.70676981198167
"2020-11-13 09:00:00",0.903583469804606,0.546924345825494
"2020-11-13 10:00:00",1.25203673802395,0.198418824908129
"2020-11-13 11:00:00",1.33060720663646,-0.00667407171843956
"2020-11-13 12:00:00",1.45674929209116,0.206975887445179
"2020-11-13 13:00:00",1.68533304813905,0.230249444226589
"2020-11-13 14:00:00",1.72131921894991,-0.0974022406220017
"2020-11-13 15:00:00",0.597505190128997,-1.75689214708235
"2020-11-13 16:00:00",-0.557095720715117,-0.698984259452302
"2020-11-13 17:00:00",-0.697968251174582,0.238607706826559
"2020-11-13 18:00:00",-0.320488062692448,0.453022060251261
"2020-11-13 19:00:00",0.0544805263435163,0.305528534691519
"2020-11-13 20:00:00",0.974967093245256,1.28664052221304
"2020-11-13 21:00:00",2.12887013081598,1.00932380856442
"2020-11-13 22:00:00",3.26175137138374,1.15867442780875
"2020-11-13 23:00:00",4.15022859691999,0.661925858157307
"2020-11-14 00:00:00",4.30446826642802,-0.196889402598592
"2020-11-14 01:00:00",4.12481067534425,-0.165179416825301
"2020-11-14 02:00:00",4.44801036818187,0.628106805412292
"2020-11-14 03:00:00",4.90281455527542,0.311927372523097
"2020-11-14 04:00:00",5.08571386830466,0.0818730580235106
"2020-11-14 05:00:00",5.25256816159618,0.209025254571019
"2020-11-14 06:00:00",5.03609229311875,-0.496620129254767
"2020-11-14 07:00:00",4.7183413137259,-0.189897060289901
"2020-11-14 08:00:00",4.75261214191965,0.176004998198061
"2020-11-14 09:00:00",4.95294045380564,0.200899912198981
"2020-11-14 10:00:00",5.06290970686228,0.0377418330152642
"2020-11-14 11:00:00",5.29500772337351,0.344113422445376
"2020-11-14 12:00:00",5.5639979475371,0.199303572427365
"2020-11-14 13:00:00",5.85744187473187,0.33508909206624
"2020-11-14 14:00:00",5.68193654703315,-0.515103825042849
"2020-11-14 15:00:00",5.3536400149142,-0.195481721339793
"2020-11-14 16:00:00",5.18316139640388,-0.15260780801062
"2020-11-14 17:00:00",5.3500739016268,0.365311871058624
"2020-11-14 18:00:00",5.35635926738946,-0.240254348727856
"2020-11-14 19:00:00",5.04885084162488,-0.344633297425989
"2020-11-14 20:00:00",4.64074023023472,-0.437540878364866
"2020-11-14 21:00:00",4.39620660606835,-0.110224254271183
"2020-11-14 22:00:00",4.46692703694886,0.182322658968934
"2020-11-14 23:00:00",4.49827733131545,-0.0765420552718556
"2020-11-15 00:00:00",4.7816357143884,0.504026482443729
"2020-11-15 01:00:00",4.88360364063892,-0.177073623844514
"2020-11-15 02:00:00",4.66471762777358,-0.242652135257024
"2020-11-15 03:00:00",4.38245379282235,-0.301269127003126
"2020-11-15 04:00:00",4.29310454833411,0.0505268958750197
"2020-11-15 05:00:00",4.48141071119578,0.265677190595656
"2020-11-15 06:00:00",4.6326118260291,0.061925315424829
"2020-11-15 07:00:00",4.50006476071203,-0.261864138826912
"2020-11-15 08:00:00",4.70298613452329,0.497331685315938
"2020-11-15 09:00:00",5.29983587467494,0.628771824637504
"2020-11-15 10:00:00",5.75747025413008,0.314968841671474
"2020-11-15 11:00:00",6.12739597717304,0.381565340705144
"2020-11-15 12:00:00",6.51472795949048,0.364874842429008
"2020-11-15 13:00:00",6.52454207945693,-0.235750236291221
"2020-11-15 14:00:00",6.13178637085094,-0.48716825116459
"2020-11-15 15:00:00",5.3852879927311,-0.891810475960232
"2020-11-15 16:00:00",4.39957795995088,-1.00840783022931
"2020-11-15 17:00:00",3.36893568901213,-1.00215879950433
"2020-11-15 18:00:00",2.52026695775526,-0.710356752727886
"2020-11-15 19:00:00",2.00596591419896,-0.362407797712384
"2020-11-15 20:00:00",1.81779545504339,-0.065657337408885
"2020-11-15 21:00:00",1.92236976513582,0.210748448660389
"2020-11-15 22:00:00",2.08400902874283,0.118742209320618
"2020-11-15 23:00:00",2.21438647999898,0.129253250397973
"2020-11-16 00:00:00",2.0636722968303,-0.333047590307193
"2020-11-16 01:00:00",2.47748989536495,0.889395719135999
"2020-11-16 02:00:00",3.25641630146587,0.665074877953105
"2020-11-16 03:00:00",4.06117301928077,0.855438643841259
"2020-11-16 04:00:00",4.65214579625399,0.381349324165416
"2020-11-16 05:00:00",5.17702898315294,0.589633964091492
"2020-11-16 06:00:00",5.59646208386864,0.279365488881461
"2020-11-16 07:00:00",5.44542752176628,-0.437997588634773
"2020-11-16 08:00:00",5.09762202022754,-0.278167920589311
"2020-11-16 09:00:00",4.90797760734246,-0.128186732002859
"2020-11-16 10:00:00",4.7528447286759,-0.172049256562417
"2020-11-16 11:00:00",4.27663670908665,-0.662472495336814
"2020-11-16 12:00:00",3.63918709992679,-0.595987626890786
"2020-11-16 13:00:00",3.4677226311399,0.115004624733888
"2020-11-16 14:00:00",3.45096686008131,-0.108266818322754
"2020-11-16 15:00:00",3.26177259692174,-0.238601491803103
"2020-11-16 16:00:00",2.76959853072469,-0.642034901147238
"2020-11-16 17:00:00",3.02204514665813,0.833192549757005
"2020-11-16 18:00:00",3.9568123855313,0.954168820596164
"2020-11-16 19:00:00",4.60620191612746,0.41024946891904
"2020-11-16 20:00:00",4.56851834671751,-0.340445377885604
"2020-11-16 21:00:00",4.03319917509555,-0.645681787087712
"2020-11-16 22:00:00",3.69833400571402,-0.116942180224805
"2020-11-16 23:00:00",3.97670912237815,0.523921660892633
"2020-11-17 00:00:00",4.52283060703187,0.529845404902603
"2020-11-17 01:00:00",4.59921847211152,-0.23537005145063
"2020-11-17 02:00:00",4.27972134437009,-0.366325131607817
"2020-11-17 03:00:00",4.3341147033242,0.326768041899654
"2020-11-17 04:00:00",4.5952330386124,0.199359507527579
"2020-11-17 05:00:00",4.56557628728801,-0.186843802917429
"2020-11-17 06:00:00",4.06765991730491,-0.687517090324068
"2020-11-17 07:00:00",3.07067252822191,-1.16116280170766
"2020-11-17 08:00:00",2.798248070875,0.329046332799825
"2020-11-17 09:00:00",3.08047568587018,0.233998579132918
"2020-11-17 10:00:00",3.23928455348266,0.097167258053039
"2020-11-17 11:00:00",2.86268521263602,-0.678716768420548
"2020-11-17 12:00:00",2.21569298669291,-0.598787077599651
"2020-11-17 13:00:00",1.97577577477059,0.00787089880227182
"2020-11-17 14:00:00",2.03965711461168,0.0956394261563587
"2020-11-17 15:00:00",2.4875330408067,0.658785219167852
"2020-11-17 16:00:00",3.27920725659288,0.839440107940162
"2020-11-17 17:00:00",4.23875711991159,0.989798914566725
"2020-11-17 18:00:00",5.1161061936898,0.755230672938508
"2020-11-17 19:00:00",5.66279624018506,0.3750943614176
"2020-11-17 20:00:00",5.904905810833,0.134652596923651
"2020-11-17 21:00:00",6.13929156926682,0.28212651191298
"2020-11-17 22:00:00",6.2009130619912,-0.0962186456332755
"2020-11-17 23:00:00",6.22190880291564,0.0901491701757383
"2020-11-18 00:00:00",6.48302861502015,0.354672542370764
"2020-11-18 01:00:00",6.77048844979916,0.220638211748826
"2020-11-18 02:00:00",6.91148776696186,0.0724829997229413
"2020-11-18 03:00:00",6.95193787569604,0.00826693298344079
"2020-11-18 04:00:00",7.02263323717331,0.099995974991898
"2020-11-18 05:00:00",6.88121429109475,-0.304688702377916
"2020-11-18 06:00:00",6.59769046437392,-0.264808380995591
"2020-11-18 07:00:00",6.25274493418656,-0.390479558218197
"2020-11-18 08:00:00",5.87072670444473,-0.366281438655454
"2020-11-18 09:00:00",5.57442345407101,-0.243136766630613
"2020-11-18 10:00:00",5.29499450009921,-0.297528229900959
"2020-11-18 11:00:00",5.02093524080616,-0.25221353048557
"2020-11-18 12:00:00",4.72087935336326,-0.324161745114991
"2020-11-18 13:00:00",4.48608008505021,-0.17015108549077
"2020-11-18 14:00:00",4.42971844428267,0.0163942319034971
"2020-11-18 15:00:00",4.37298092211355,-0.108503185746002
"2020-11-18 16:00:00",4.5816329895407,0.404535311083927
"2020-11-18 17:00:00",4.62195950314814,-0.210295407764483
"2020-11-18 18:00:00",4.12845802323372,-0.664807299038806
"2020-11-18 19:00:00",3.79371498519157,-0.104117057421837
"2020-11-18 20:00:00",3.69179701711021,-0.100497421594631
"2020-11-18 21:00:00",3.67153891035442,0.0294392838634794
"2020-11-18 22:00:00",3.83755382520575,0.244443744708213
"2020-11-18 23:00:00",3.95972065930574,0.0298999276098126
"2020-11-19 00:00:00",4.32134928243375,0.560490508496644
"2020-11-19 01:00:00",4.84210722500427,0.463955458635948
"2020-11-19 02:00:00",5.1353376243094,0.15924197938225
"2020-11-19 03:00:00",5.35114515306137,0.236644848540154
"2020-11-19 04:00:00",6.23779922396193,1.27095753064104
"2020-11-19 05:00:00",7.58704964438438,1.32929128398159
"2020-11-19 06:00:00",8.36050371540173,0.356371515878857
"2020-11-19 07:00:00",8.29917572954487,-0.347648653595374
"2020-11-19 08:00:00",7.84332071588044,-0.517023711645823
"2020-11-19 09:00:00",7.50759704789236,-0.209012512141959
"2020-11-19 10:00:00",6.51149480918416,-1.48315996850251
"2020-11-19 11:00:00",4.57524997298758,-2.15467788056443
"2020-11-19 12:00:00",3.05500291018031,-1.03095482056067
"2020-11-19 13:00:00",2.53279417604151,-0.16217205198825
"2020-11-19 14:00:00",2.71453503184241,0.399112294322655
"2020-11-19 15:00:00",3.01696295121265,0.220103641019533
"2020-11-19 16:00:00",3.2231607769648,0.18324140554048
"2020-11-19 17:00:00",3.08439944121231,-0.35098570128006
"2020-11-19 18:00:00",2.55070490362543,-0.634112090979702
"2020-11-19 19:00:00",1.76003049413444,-0.860762010992743
"2020-11-19 20:00:00",0.90824126514238,-0.807598966453532
"2020-11-19 21:00:00",0.0965836295810808,-0.776964275815668
"2020-11-19 22:00:00",-0.57810043838028,-0.574562319790799
"2020-11-19 23:00:00",-1.10278956434,-0.465763064601355
"2020-11-20 00:00:00",-1.72748236780563,-0.699538120676672
"2020-11-20 01:00:00",-2.27594221740805,-0.419454219634876
"2020-11-20 02:00:00",-2.46308840012823,-0.0204509415129079
"2020-11-20 03:00:00",-2.44117094231275,0.052295001206192
"2020-11-20 04:00:00",-2.38288660195871,0.062653213457191
"2020-11-20 05:00:00",-2.43920834732643,-0.129890092867428
"2020-11-20 06:00:00",-2.76191363243384,-0.432768671896518
"2020-11-20 07:00:00",-3.25055830615001,-0.4991156409775
"2020-11-20 08:00:00",-3.21525288688052,0.394091065703758
"2020-11-20 09:00:00",-2.86378923035797,0.310487698124464
"2020-11-20 10:00:00",-2.60265795133472,0.219509031850307
"2020-11-20 11:00:00",-2.5565070438131,-0.0682585087483354
"2020-11-20 12:00:00",-3.00282737945512,-0.673854132134709
"2020-11-20 13:00:00",-3.31511703781079,-0.0525415178445637
"2020-11-20 14:00:00",-3.27990074644336,0.0963188980163545
"2020-11-20 15:00:00",-3.46378383074301,-0.357716775161802
"2020-11-20 16:00:00",-3.81580826112675,-0.327038206609577
"2020-11-20 17:00:00",-4.31382106394613,-0.583411657260787
"2020-11-20 18:00:00",-4.93579569272478,-0.612568236093694
"2020-11-20 19:00:00",-5.18775480448643,0.0067760856468598
"2020-11-20 20:00:00",-5.3775280565256,-0.305101106795369
"2020-11-20 21:00:00",-5.74228311445091,-0.380261301018372
"2020-11-20 22:00:00",-6.28920219987103,-0.62463367176498
"2020-11-20 23:00:00",-6.74258821080922,-0.309573983902091
"2020-11-21 00:00:00",-5.99137814222222,1.4313789282675
"2020-11-21 01:00:00",-4.97663480732775,0.69649148239144
"2020-11-21 02:00:00",-4.04096117691943,1.05707595976049
"2020-11-21 03:00:00",-3.31435802446527,0.476971123415534
"2020-11-21 04:00:00",-2.77561133965692,0.558599667119458
"2020-11-21 05:00:00",-2.54700556394076,0.00132700950156051
"2020-11-21 06:00:00",-2.73229487827544,-0.297611203652197
"2020-11-21 07:00:00",-3.14812343628413,-0.471358065762027
"2020-11-21 08:00:00",-3.49557635909633,-0.244283493319104
"2020-11-21 09:00:00",-3.4619257192041,0.221842256416259
"2020-11-21 10:00:00",-3.34567703988171,0.0447911115709199
"2020-11-21 11:00:00",-3.3549785525194,-0.040609425519845
"2020-11-21 12:00:00",-3.72187850057162,-0.562665224145609
"2020-11-21 13:00:00",-4.01204381038843,-0.0899173068713294
"2020-11-21 14:00:00",-3.66090375904134,0.633657270505005
"2020-11-21 15:00:00",-2.84036089022056,0.910856915763063
"2020-11-21 16:00:00",-1.92256097399289,0.882475319522156
"2020-11-21 17:00:00",-0.847475653697709,1.15487985637919
"2020-11-21 18:00:00",0.0336740484027361,0.657886404473767
"2020-11-21 19:00:00",0.449697226570166,0.234971207713146
"2020-11-21 20:00:00",0.673709515116951,0.205482068129578
"2020-11-21 21:00:00",0.864896713387281,0.171704214263895
"2020-11-21 22:00:00",1.22929283873962,0.4744248552844
"2020-11-21 23:00:00",1.46084300479713,0.0570492681861133
"2020-11-22 00:00:00",1.52896963418364,0.0703916423958681
"2020-11-22 01:00:00",1.76312064819684,0.330225152970425
"2020-11-22 02:00:00",2.11550215030431,0.348135259676803
"2020-11-22 03:00:00",2.42207903937913,0.261577413612468
"2020-11-22 04:00:00",2.68953562713023,0.255545525252821
"2020-11-22 05:00:00",2.9388870542442,0.229907354741308
"2020-11-22 06:00:00",2.97514680878664,-0.0983465397785842
"2020-11-22 07:00:00",2.66627475985882,-0.438376374974368
"2020-11-22 08:00:00",2.24120334926085,-0.399438214181042
"2020-11-22 09:00:00",2.03425238182343,-0.0716821342278024
"2020-11-22 10:00:00",2.03895890223673,0.0527864494098949
"2020-11-22 11:00:00",1.86775079745753,-0.315026976820065
"2020-11-22 12:00:00",1.86536813847824,0.203749808496474
"2020-11-22 13:00:00",2.22807295511948,0.44903382506013
"2020-11-22 14:00:00",2.35169728757447,-0.102057294672649
"2020-11-22 15:00:00",2.40705536138105,0.154638911181898
"2020-11-22 16:00:00",2.31468531159544,-0.255752261417258
"2020-11-22 17:00:00",2.32014268569169,0.176352162006097
"2020-11-22 18:00:00",2.34332668509322,-0.083017796759477
"2020-11-22 19:00:00",2.31966979120434,0.0140209319729482
"2020-11-22 20:00:00",2.36415779781141,0.0596958883489261
"2020-11-22 21:00:00",2.48077214471287,0.14597146200451
"2020-11-22 22:00:00",2.53084776984098,-0.0194301254039922
"2020-11-22 23:00:00",2.48087365892592,-0.0712229253720529
"2020-11-23 00:00:00",2.34986314314517,-0.167839542861889
"2020-11-23 01:00:00",2.02897825691323,-0.410693169650596
"2020-11-23 02:00:00",1.9085300372786,0.0761542310308135
"2020-11-23 03:00:00",1.87779538738483,-0.102991531511241
"2020-11-23 04:00:00",1.76345549336589,-0.118891701779278
"2020-11-23 05:00:00",1.79497531189491,0.128022287132718
"2020-11-23 06:00:00",1.78455410636573,-0.104533094931988
"2020-11-23 07:00:00",1.57714758601237,-0.268431388333595
"2020-11-23 08:00:00",1.3738859080186,-0.152189380356673
"2020-11-23 09:00:00",1.22525441982373,-0.140967110814069
"2020-11-23 10:00:00",1.06129811844478,-0.173069928707105
"2020-11-23 11:00:00",0.90912241970384,-0.132382740394852
"2020-11-23 12:00:00",0.763248497101684,-0.149107548132863
"2020-11-23 13:00:00",0.715350207942448,0.0208659863861956
"2020-11-23 14:00:00",0.69185753352172,-0.052870055252652
"2020-11-23 15:00:00",0.572107164848911,-0.159537554362443
"2020-11-23 16:00:00",0.489157960169246,-0.0286866902304712
"2020-11-23 17:00:00",0.23948181551443,-0.38576583316494
"2020-11-23 18:00:00",0.0784792825918127,-0.0038207250004518
"2020-11-23 19:00:00",-0.0762219943070709,-0.248036433351106
"2020-11-23 20:00:00",-0.300132765373555,-0.197088952944337
"2020-11-23 21:00:00",-0.281865861346132,0.161353765742779
"2020-11-23 22:00:00",-0.393656010628345,-0.288207606155687
"2020-11-23 23:00:00",-0.84776780713175,-0.542626355627091
"2020-11-24 00:00:00",-1.21775954389531,-0.236229737649762
"2020-11-24 01:00:00",-2.04370716890055,-1.17826853510162
"2020-11-24 02:00:00",-2.85223699540564,-0.520987192572984
"2020-11-24 03:00:00",-3.28462019415191,-0.34909291655514
"2020-11-24 04:00:00",-3.52301547533828,-0.149037167754585
"2020-11-24 05:00:00",-3.53880981191165,0.0783229945484637
"2020-11-24 06:00:00",-3.33789702192991,0.277650786521195
"2020-11-24 07:00:00",-3.15099743528803,0.12181966116321
"2020-11-24 08:00:00",-2.99032977232005,0.18299143038716
"2020-11-24 09:00:00",-2.77099933488919,0.236986916974289
"2020-11-24 10:00:00",-2.28018933913067,0.640270242272832
"2020-11-24 11:00:00",-1.59373411888929,0.687563016103828
"2020-11-24 12:00:00",-1.63151133791715,-0.517480370571354
"2020-11-24 13:00:00",-1.66436871239695,0.293882879191768
"2020-11-24 14:00:00",-1.61797104030513,-0.118649765202445
"2020-11-24 15:00:00",-2.33784861193968,-1.08439630132289
"2020-11-24 16:00:00",-2.81756888174242,-0.0508011919149456
"2020-11-24 17:00:00",-2.88015464171135,-0.0638372637353476
"2020-11-24 18:00:00",-3.05026080656505,-0.229156210550148
"2020-11-24 19:00:00",-3.3551108160965,-0.336894859540904
"2020-11-24 20:00:00",-4.19491216894383,-1.13083647713367
"2020-11-24 21:00:00",-4.8144617414185,-0.243851257061461
"2020-11-24 22:00:00",-4.99881793898726,-0.129729112844242
"2020-11-24 23:00:00",-5.07639297952101,-0.032678475857994
"2020-11-25 00:00:00",-4.99426147806167,0.161308773753342
"2020-11-25 01:00:00",-5.19086032289315,-0.419422054640513
"2020-11-25 02:00:00",-5.62272967304724,-0.412956332893003
"2020-11-25 03:00:00",-5.93616332414241,-0.224946727926172
"2020-11-25 04:00:00",-5.9454878488056,0.142513589644342
"2020-11-25 05:00:00",-5.47941312466437,0.667292257886884
"2020-11-25 06:00:00",-4.94664586118055,0.424829440447408
"2020-11-25 07:00:00",-4.64873599792699,0.205515983740125
"2020-11-25 08:00:00",-4.37655562001418,0.309679060174239
"2020-11-25 09:00:00",-4.19292579773926,0.0965120574347755
"2020-11-25 10:00:00",-4.04017113920229,0.188393274624643
"2020-11-25 11:00:00",-3.94877123523841,0.0276016325766719
"2020-11-25 12:00:00",-4.65241118453901,-1.15260120595342
"2020-11-25 13:00:00",-5.00427778879508,0.204662988045931
"2020-11-25 14:00:00",-4.43548264492192,0.790965520284233
"2020-11-25 15:00:00",-3.96576577680039,0.238949621615805
"2020-11-25 16:00:00",-3.85015271926695,0.0330064822608364
"2020-11-25 17:00:00",-4.00551499186285,-0.268595313539848
"2020-11-25 18:00:00",-4.04688646274365,0.117235964147293
"2020-11-25 19:00:00",-3.78087401643398,0.357769150319344
"2020-11-25 20:00:00",-3.54140877694886,0.154090082845924
"2020-11-25 21:00:00",-3.55304988537349,-0.117010078960371
"2020-11-25 22:00:00",-3.74168791105569,-0.222846780312524
"2020-11-25 23:00:00",-3.90013248575115,-0.103159789894385
"2020-11-26 00:00:00",-4.4553449008936,-0.825166704873978
"2020-11-26 01:00:00",-5.1808384274584,-0.618829740596512
"2020-11-26 02:00:00",-5.41392736859469,0.0418194856554734
"2020-11-26 03:00:00",-5.06653008852852,0.541580632497728
"2020-11-26 04:00:00",-4.42383456448321,0.686092542232424
"2020-11-26 05:00:00",-3.5819964106893,0.911363731687261
"2020-11-26 06:00:00",-2.68836157232512,0.843966567878855
"2020-11-26 07:00:00",-1.74142580720649,0.974047167897711
"2020-11-26 08:00:00",-0.84650316394902,0.801891697115577
"2020-11-26 09:00:00",-0.547172458724613,-0.0488374927844268
"2020-11-26 10:00:00",-0.66619555125758,-0.159451716219276
"2020-11-26 11:00:00",-0.71522523638597,0.0277720732216139
"2020-11-26 12:00:00",-1.28487352982617,-0.939930845922621
"2020-11-26 13:00:00",-1.26198074725242,0.665332179205777
"2020-11-26 14:00:00",-0.493743559163602,0.801959412750629
"2020-11-26 15:00:00",0.351226054946621,0.834126419660003
"2020-11-26 16:00:00",1.23411843397884,0.872995402122129
"2020-11-26 17:00:00",2.03442980635501,0.712235610312364
"2020-11-26 18:00:00",2.5844821350037,0.413172278767814
"2020-11-26 19:00:00",2.69819627485806,-0.0946552187126656
"2020-11-26 20:00:00",2.27733727137995,-0.62180245047345
"2020-11-26 21:00:00",1.67742387439676,-0.559748009298886
"2020-11-26 22:00:00",1.234420562143,-0.346285118808844
"2020-11-26 23:00:00",1.24845095201697,0.25197928287098
"2020-11-27 00:00:00",1.63906301995046,0.462861978892967
"2020-11-27 01:00:00",1.89236188837368,0.0994438017529328
"2020-11-27 02:00:00",2.01968013520925,0.137412325433047
"2020-11-27 03:00:00",2.2167429670938,0.22486231357325
"2020-11-27 04:00:00",2.40431588073834,0.150943904449239
"2020-11-27 05:00:00",2.61668496816208,0.240128683415204
"2020-11-27 06:00:00",2.71365071442505,-0.00645419667217193
"2020-11-27 07:00:00",2.80743672728639,0.152658239602189
"2020-11-27 08:00:00",2.42839244318881,-0.719112349030947
"2020-11-27 09:00:00",1.66883328134166,-0.75355870052289
"2020-11-27 10:00:00",0.83063129059541,-0.856949528130063
"2020-11-27 11:00:00",0.0982931151898073,-0.615535453567046
"2020-11-27 12:00:00",-0.359914582650818,-0.331677225806221
"2020-11-27 13:00:00",-0.566383720298917,-0.112723425347993
"2020-11-27 14:00:00",-0.687193748863892,-0.119730351709883
"2020-11-27 15:00:00",-2.00495458262753,-2.05292965299986
"2020-11-27 16:00:00",-2.63418437079705,0.352371575659538
"2020-11-27 17:00:00",-2.3302953450101,0.260521659782577
"2020-11-27 18:00:00",-2.0098249157299,0.34820985939935
"2020-11-27 19:00:00",-1.76592955591745,0.165353636994946
"2020-11-27 20:00:00",-1.79370976610254,-0.15293826412071
"2020-11-27 21:00:00",-1.92874484522435,-0.114371677528865
"2020-11-27 22:00:00",-2.05149109002556,-0.120011000370465
"2020-11-27 23:00:00",-2.06030380766189,0.068380534413935
"2020-11-28 00:00:00",-1.89797295943088,0.219904372568176
"2020-11-28 01:00:00",-1.86969449623064,-0.0983680374321969
"2020-11-28 02:00:00",-2.07823784424528,-0.269673186955074
"2020-11-28 03:00:00",-2.25414684731324,-0.102363513206412
"2020-11-28 04:00:00",-2.26450494470097,0.0543747032041069
"2020-11-28 05:00:00",-2.06610544420622,0.287904622818969
"2020-11-28 06:00:00",-1.84286696563015,0.172182670237616
"2020-11-28 07:00:00",-1.72404823818766,0.0799718879773466
"2020-11-28 08:00:00",-1.83768678853529,-0.235088361286347
"2020-11-28 09:00:00",-2.05482598803669,-0.192486943609755
"2020-11-28 10:00:00",-2.38018765226082,-0.395834496347902
"2020-11-28 11:00:00",-2.7838576775987,-0.386644383410373
"2020-11-28 12:00:00",-2.79569092792893,0.242186188253343
"2020-11-28 13:00:00",-2.48232441489166,0.349530800316519
"2020-11-28 14:00:00",-2.33843977184539,0.00315092992093077
"2020-11-28 15:00:00",-3.86143814788303,-2.4650288342699
"2020-11-28 16:00:00",-5.09778743936771,-0.353517091901942
"2020-11-28 17:00:00",-4.11401209084405,1.83510918051817
"2020-11-28 18:00:00",-2.64076246719199,1.16730742144623
"2020-11-28 19:00:00",-2.02287340319537,0.225657536810831
"2020-11-28 20:00:00",-2.92407804205747,-1.60700205447932
"2020-11-28 21:00:00",-4.79042589662205,-1.94678652620059
"2020-11-28 22:00:00",-5.99956091961575,-0.653745429119313
"2020-11-28 23:00:00",-5.84432805404364,0.694897050692066
"2020-11-29 00:00:00",-4.97090442476744,0.958465781928782
"2020-11-29 01:00:00",-3.97521874842152,0.97958966214496
"2020-11-29 02:00:00",-3.27961862275531,0.478344948310169
"2020-11-29 03:00:00",-2.61505620732754,0.761351817622895
"2020-11-29 04:00:00",-1.89197542650538,0.666576603853411
"2020-11-29 05:00:00",-1.68478652794027,-0.106471884660223
"2020-11-29 06:00:00",-1.62150399376841,0.175614096220932
"2020-11-29 07:00:00",-1.66377655466746,-0.183429648034619
"2020-11-29 08:00:00",-1.73931007100488,0.00212926112121098
"2020-11-29 09:00:00",-1.63605131566028,0.168011755770082
"2020-11-29 10:00:00",-1.64749283901372,-0.128423117245301
"2020-11-29 11:00:00",-1.85127375053398,-0.242212101450484
"2020-11-29 12:00:00",-2.65920265902036,-1.14428926312651
"2020-11-29 13:00:00",-3.17329133257736,-0.0661062515082345
"2020-11-29 14:00:00",-3.17026514388922,0.0530589896371801
"2020-11-29 15:00:00",-3.39927668527772,-0.402087711011569
"2020-11-29 16:00:00",-3.46911789514193,0.159351814493387
"2020-11-29 17:00:00",-3.29682579642098,0.177201889419858
"2020-11-29 18:00:00",-3.15531628456513,0.115238830185709
"2020-11-29 19:00:00",-3.13309546664977,-0.0367801337723468
"2020-11-29 20:00:00",-3.36708230840359,-0.350299559677217
"2020-11-29 21:00:00",-3.63833672653125,-0.201329905016262
"2020-11-29 22:00:00",-3.80786290639917,-0.135579935008623
"2020-11-29 23:00:00",-3.79423091265727,0.117363942738095
"2020-11-30 00:00:00",-4.54575192265869,-1.29016682491805
"2020-11-30 01:00:00",-5.44480720189805,-0.589738492895895
"2020-11-30 02:00:00",-5.7704735499717,-0.12712961817759
"2020-11-30 03:00:00",-5.67765356300576,0.242475638415791
"2020-11-30 04:00:00",-5.01429606214432,0.919734541913377
"2020-11-30 05:00:00",-4.27848404848525,0.584695154436522
"2020-11-30 06:00:00",-3.69966342725397,0.55291238403426
"2020-11-30 07:00:00",-3.55006135390031,-0.121608544519406
"2020-11-30 08:00:00",-3.72601377450382,-0.19924531913719
"2020-11-30 09:00:00",-4.09017672188067,-0.452000059336356
"2020-11-30 10:00:00",-4.61332124895915,-0.540443294599342
"2020-11-30 11:00:00",-5.12555783569985,-0.463146573793209
"2020-11-30 12:00:00",-5.27844091192044,0.0678254347367081
"2020-11-30 13:00:00",-5.1536854557622,0.163581638860046
"2020-11-30 14:00:00",-4.90235170540598,0.304531967114069
"2020-11-30 15:00:00",-4.90520064013124,-0.201313542047328
"2020-11-30 16:00:00",-5.27533294769607,-0.458766978508457
"2020-11-30 17:00:00",-5.21338647023475,0.412937025406036
"2020-11-30 18:00:00",-4.88942218625422,0.255973498643486
"2020-11-30 19:00:00",-4.69936699407133,0.143379585253111
"2020-11-30 20:00:00",-4.27835493425081,0.592146607662702
"2020-11-30 21:00:00",-3.97976529337866,0.0942125875229043
"2020-11-30 22:00:00",-3.7356927529593,0.337507624216155
"2020-11-30 23:00:00",-3.41968008754667,0.291480013884301
"2020-12-01 00:00:00",-3.3843963476739,-0.132780963644991
"2020-12-01 01:00:00",-3.3717280352442,0.113391985079628
"2020-12-01 02:00:00",-3.17939922929601,0.240157916124432
"2020-12-01 03:00:00",-3.00260753276615,0.130244196722458
"2020-12-01 04:00:00",-2.69398481795434,0.416743309863775
"2020-12-01 05:00:00",-2.37343432024263,0.244662144213634
"2020-12-01 06:00:00",-2.59468060106914,-0.518274766865464
"2020-12-01 07:00:00",-3.64463595162277,-1.35116638154732
"2020-12-01 08:00:00",-3.99925420703609,0.331283620905577
"2020-12-01 09:00:00",-3.36240043851158,0.815454295224592
"2020-12-01 10:00:00",-2.8505750938998,0.289420630371567
"2020-12-01 11:00:00",-2.88100459604546,-0.238540088920667
"2020-12-01 12:00:00",-3.52230693581549,-0.875619241462241
"2020-12-01 13:00:00",-3.86920137473868,0.026605832287139
"2020-12-01 14:00:00",-3.61861413570538,0.392983743305864
"2020-12-01 15:00:00",-3.30887162351342,0.244193461880501
"2020-12-01 16:00:00",-3.18802913853206,0.0371313313492525
"2020-12-01 17:00:00",-2.87763386233694,0.481926455214056
"2020-12-01 18:00:00",-2.45292268051767,0.370094415343503
"2020-12-01 19:00:00",-2.10661632596787,0.317152485645422
"2020-12-01 20:00:00",-2.23375732097562,-0.41457540500065
"2020-12-01 21:00:00",-3.20745934765274,-1.29729870001915
"2020-12-01 22:00:00",-4.42838796416499,-1.10786522723552
"2020-12-01 23:00:00",-5.3378255006641,-0.728232357703942
"2020-12-02 00:00:00",-4.78024366019023,1.39515917820894
"2020-12-02 01:00:00",-3.87161577504207,0.547261562839293
"2020-12-02 02:00:00",-3.6975508283949,-0.0780110973581704
"2020-12-02 03:00:00",-4.48199795157032,-1.21335543866314
"2020-12-02 04:00:00",-5.3796731727358,-0.638792869122223
"2020-12-02 05:00:00",-5.55267660260904,0.152670847054201
"2020-12-02 06:00:00",-5.3838124006794,0.178790425852815
"2020-12-02 07:00:00",-5.21456171813337,0.161785834799721
"2020-12-02 08:00:00",-5.14374768538233,0.0135216145097635
"2020-12-02 09:00:00",-5.26600642345817,-0.200339574873328
"2020-12-02 10:00:00",-5.39699217739628,-0.0717405433939157
"2020-12-02 11:00:00",-5.4098081466897,0.0340299630643682
"2020-12-02 12:00:00",-5.98329018105823,-0.94426063092208
"2020-12-02 13:00:00",-6.29893094768266,0.126141144126096
"2020-12-02 14:00:00",-6.36615866228867,-0.184826714344586
"2020-12-02 15:00:00",-7.11365544482316,-1.07887984702937
"2020-12-02 16:00:00",-7.58932979513699,-0.0417737879821816
"2020-12-02 17:00:00",-7.42075949866851,0.310566539967394
"2020-12-02 18:00:00",-7.21843177233824,0.130117612361457
"2020-12-02 19:00:00",-7.32969059427065,-0.257585136148767
"2020-12-02 20:00:00",-7.61475532070107,-0.280393043527609
"2020-12-02 21:00:00",-7.95735717625581,-0.357981135066874
"2020-12-02 22:00:00",-8.31057616830838,-0.323005728445845
"2020-12-02 23:00:00",-8.62952881000488,-0.290385232760885
"2020-12-03 00:00:00",-9.02375860927976,-0.433604819658179
"2020-12-03 01:00:00",-9.23391956680466,-0.039586212106078
"2020-12-03 02:00:00",-9.19021870008732,0.109046798448827
"2020-12-03 03:00:00",-8.81568559423712,0.545565887823146
"2020-12-03 04:00:00",-8.23319140551579,0.590792744313192
"2020-12-03 05:00:00",-7.65616455927839,0.551039045810769
"2020-12-03 06:00:00",-7.11855855258284,0.512969807164527
"2020-12-03 07:00:00",-6.5456780925786,0.594770252154276
"2020-12-03 08:00:00",-6.12261774853293,0.296920184438739
"2020-12-03 09:00:00",-6.13566197492028,-0.211174240690563
"2020-12-03 10:00:00",-6.57301799736277,-0.559452062679684
"2020-12-03 11:00:00",-7.16508620963918,-0.577207281041467
"2020-12-03 12:00:00",-8.14613794334906,-1.1944249693421
"2020-12-03 13:00:00",-8.28762569309499,0.577679011074716
"2020-12-03 14:00:00",-7.89555040502699,0.260389797868166
"2020-12-03 15:00:00",-7.58564189175879,0.338367950477831
"2020-12-03 16:00:00",-7.08485007926125,0.595050076158853
"2020-12-03 17:00:00",-6.46430672915613,0.617180264507198
"2020-12-03 18:00:00",-5.74222932333694,0.766024874106311
"2020-12-03 19:00:00",-5.16918812630163,0.42455645030074
"2020-12-03 20:00:00",-4.91342333691784,0.137746133252431
"2020-12-03 21:00:00",-4.71326151553593,0.238591431314148
"2020-12-03 22:00:00",-5.00137224738006,-0.619475244391487
"2020-12-03 23:00:00",-6.10267888028922,-1.36374399679281
"2020-12-04 00:00:00",-6.7340033028993,-0.105188947286324
"2020-12-04 01:00:00",-6.91402010089229,-0.212669498343451
"2020-12-04 02:00:00",-7.05762470511864,-0.0818287453980694
"2020-12-04 03:00:00",-6.97872429932532,0.191396489161995
"2020-12-04 04:00:00",-6.7055978031413,0.323626204351829
"2020-12-04 05:00:00",-5.95912202792894,1.0015394771927
"2020-12-04 06:00:00",-4.9919860957408,0.905921844220055
"2020-12-04 07:00:00",-3.98472292914307,1.03339105901199
"2020-12-04 08:00:00",-3.17182538137466,0.632410687016066
"2020-12-04 09:00:00",-2.714320147576,0.323250415872974
"2020-12-04 10:00:00",-2.58266777445867,0.00116412959134204
"2020-12-04 11:00:00",-2.59310328970093,-0.0143445775998106
"2020-12-04 12:00:00",-2.99112076082143,-0.63154007875239
"2020-12-04 13:00:00",-3.21635361653012,0.0601913114978767
"2020-12-04 14:00:00",-3.44810061878413,-0.411212205701813
"2020-12-04 15:00:00",-3.97265203023089,-0.570740050846776
"2020-12-04 16:00:00",-4.69286042979639,-0.780509297996728
"2020-12-04 17:00:00",-5.02725086396937,-0.0150456696381259
"2020-12-04 18:00:00",-4.92259352440406,0.185962840290486
"2020-12-04 19:00:00",-4.84138916617103,0.0138510048795965
"2020-12-04 20:00:00",-4.59231647723938,0.400287312093134
"2020-12-04 21:00:00",-4.12837619776594,0.490246368608809
"2020-12-04 22:00:00",-3.69046953634178,0.387524877876304
"2020-12-04 23:00:00",-3.38704361796093,0.237697811852312
"2020-12-05 00:00:00",-2.04882501906887,2.01265995875729
"2020-12-05 01:00:00",-1.06850889449067,0.248154654900252
"2020-12-05 02:00:00",-1.38117510632216,-0.670305893856649
"2020-12-05 03:00:00",-1.72874268600345,-0.114116377776099
"2020-12-05 04:00:00",-1.33879581330671,0.70968098262456
"2020-12-05 05:00:00",-0.595282073739105,0.732462400904518
"2020-12-05 06:00:00",0.142107883236222,0.706401719907493
"2020-12-05 07:00:00",0.253472209929352,-0.29079564139168
"2020-12-05 08:00:00",-0.0930790565878447,-0.36757978445379
"2020-12-05 09:00:00",-0.000288287197781123,0.395409865467029
"2020-12-05 10:00:00",1.00282873010628,1.36058116307377
"2020-12-05 11:00:00",1.97365675221679,0.663571624391882
"2020-12-05 12:00:00",1.38175548612609,-1.40328551716726
"2020-12-05 13:00:00",0.37113195824132,-0.702609638732181
"2020-12-05 14:00:00",-0.941637834855192,-1.6576326128992
"2020-12-05 15:00:00",-2.18856800585554,-0.912666462507227
"2020-12-05 16:00:00",-3.37932584439691,-1.31674472782567
"2020-12-05 17:00:00",-2.27955326834864,2.66285096776716
"2020-12-05 18:00:00",-1.83609888913761,-1.05425357054453
"2020-12-05 19:00:00",-2.60949227135784,-0.547039277528723
"2020-12-05 20:00:00",-2.97549988055815,-0.224566844480112
"2020-12-05 21:00:00",-2.89158055603042,0.289419716615447
"2020-12-05 22:00:00",-2.42111725746769,0.572526943415361
"2020-12-05 23:00:00",-1.72515043334225,0.748306631340524
"2020-12-06 00:00:00",-0.46576823828712,1.54247146478761
"2020-12-06 01:00:00",0.445283849183787,0.447420531618182
"2020-12-06 02:00:00",1.23299270856832,0.976558698772224
"2020-12-06 03:00:00",2.57789423470795,1.52496157339933
"2020-12-06 04:00:00",3.7236478668636,0.83518527359506
"2020-12-06 05:00:00",3.93301597976553,-0.222583586929315
"2020-12-06 06:00:00",3.996741172919,0.246498237988412
"2020-12-06 07:00:00",3.94912230843997,-0.246580982476904
"2020-12-06 08:00:00",3.96212816857799,0.180353976806055
"2020-12-06 09:00:00",4.29830366420073,0.418974326917083
"2020-12-06 10:00:00",4.64707632789755,0.279860118118332
"2020-12-06 11:00:00",5.04421179194882,0.450457881577439
"2020-12-06 12:00:00",5.58106332308414,0.562435534492775
"2020-12-06 13:00:00",5.85593057352119,0.0629050540278888
"2020-12-06 14:00:00",5.89667910200011,0.0164954907026308
"2020-12-06 15:00:00",5.79117747712619,-0.189416725532676
"2020-12-06 16:00:00",6.00053301635497,0.45778829339161
"2020-12-06 17:00:00",6.48960860875079,0.478960620497797
"2020-12-06 18:00:00",6.77718676333111,0.137963991074485
"2020-12-06 19:00:00",7.06977979850926,0.373040435029816
"2020-12-06 20:00:00",7.26680053084882,0.0612038622195507
"2020-12-06 21:00:00",6.86239759025726,-0.704949226464546
"2020-12-06 22:00:00",6.50431229068143,-0.118673464447533
"2020-12-06 23:00:00",6.12253996598597,-0.547408451814192
"2020-12-07 00:00:00",5.80069110693167,-0.164073767523195
"2020-12-07 01:00:00",5.42476118823737,-0.50677576163507
"2020-12-07 02:00:00",5.36839564409897,0.239590987222068
"2020-12-07 03:00:00",5.67787553340713,0.334447726124463
"2020-12-07 04:00:00",6.36310172501259,0.879196553508442
"2020-12-07 05:00:00",6.69747166254033,-0.0529301739948742
"2020-12-07 06:00:00",6.78308395716051,0.16527380444933
"2020-12-07 07:00:00",6.99908574978813,0.230814960718893
"2020-12-07 08:00:00",7.22089196137026,0.196241400350647
"2020-12-07 09:00:00",7.23339839177138,-0.119880585692971
"2020-12-07 10:00:00",6.64582593093486,-0.880761631707002
"2020-12-07 11:00:00",5.99472368781033,-0.47562239543637
"2020-12-07 12:00:00",4.5321607191729,-2.05873694706232
"2020-12-07 13:00:00",3.16067049569465,-0.854001277536645
"2020-12-07 14:00:00",2.40790670344314,-0.653575251391496
"2020-12-07 15:00:00",1.76590163408655,-0.606886894964059
"2020-12-07 16:00:00",0.2963252718831,-1.9771351571002
"2020-12-07 17:00:00",-0.535803318332382,-0.0296434150192945
"2020-12-07 18:00:00",-0.973656011674665,-0.688490697861318
"2020-12-07 19:00:00",-1.63295171432411,-0.607248744725853
"2020-12-07 20:00:00",-1.63068176631429,0.410605219696551
"2020-12-07 21:00:00",-1.49748086694878,-0.0559605185379399
"2020-12-07 22:00:00",-0.967367603719554,0.897561516375358
"2020-12-07 23:00:00",-0.276853078664438,0.520919270965594
"2020-12-08 00:00:00",1.0338967387498,1.77536537366631
"2020-12-08 01:00:00",2.09271218848506,0.529477074108685
"2020-12-08 02:00:00",2.15187514305967,-0.259882535037381
"2020-12-08 03:00:00",1.94252379470932,-0.168489115660001
"2020-12-08 04:00:00",1.30696068540466,-0.919242083398819
"2020-12-08 05:00:00",1.10820753403226,0.289325158958271
"2020-12-08 06:00:00",1.53235909109604,0.49245086172278
"2020-12-08 07:00:00",1.74578254874633,0.0152919971318771
"2020-12-08 08:00:00",1.49247860017449,-0.422577651302668
"2020-12-08 09:00:00",1.26069539361356,-0.0954980734409976
"2020-12-08 10:00:00",1.35040651309416,0.207294285456271
"2020-12-08 11:00:00",1.47462078861262,0.0611858283512123
"2020-12-08 12:00:00",1.04586960892967,-0.736896537808613
"2020-12-08 13:00:00",0.601217790690548,-0.230043434273136
"2020-12-08 14:00:00",0.0597425704121761,-0.724137072193105
"2020-12-08 15:00:00",-0.951866652790182,-1.15526004698673
"2020-12-08 16:00:00",-1.42823672889543,7.89553279488264e-05
"2020-12-08 17:00:00",-1.27173571687123,0.255184211849
"2020-12-08 18:00:00",-1.06738425500336,0.162391637939738
"2020-12-08 19:00:00",-1.03491720380705,-0.054315261947461
"2020-12-08 20:00:00",-1.09058037131037,-0.0525830882663296
"2020-12-08 21:00:00",-1.32340611960354,-0.340516442635034
"2020-12-08 22:00:00",-1.47047821690838,-0.00941727433667167
"2020-12-08 23:00:00",-1.10137260828841,0.605805120497938
"2020-12-09 00:00:00",-1.65219152550406,-1.29429478485941
"2020-12-09 01:00:00",-2.13195072501024,0.0881821969082937
"2020-12-09 02:00:00",-1.7289877432348,0.596411970181318
"2020-12-09 03:00:00",-0.944398196227805,0.874983918565362
"2020-12-09 04:00:00",-0.123746951760988,0.746650202013977
"2020-12-09 05:00:00",0.145074982663408,-0.0623396428740215
"2020-12-09 06:00:00",0.0280387121431083,-0.148125526966172
"2020-12-09 07:00:00",-0.0104894698888173,0.0363301829172486
"2020-12-09 08:00:00",-0.218720250271947,-0.361360155975265
"2020-12-09 09:00:00",-0.653382708355207,-0.462593110523544
"2020-12-09 10:00:00",-0.781720385029316,0.101435980981188
"2020-12-09 11:00:00",-0.945775426047929,-0.332242951059762
"2020-12-09 12:00:00",-2.50782547125634,-2.30646124074047
"2020-12-09 13:00:00",-3.73977423429858,-0.453846238518647
"2020-12-09 14:00:00",-3.89413990443752,0.0574390801125204
"2020-12-09 15:00:00",-3.64788549723289,0.365445283887164
"2020-12-09 16:00:00",-3.36399917705701,0.220725151075102
"2020-12-09 17:00:00",-2.99786127682556,0.450014290695042
"2020-12-09 18:00:00",-2.7974696472157,0.0283198859235726
"2020-12-09 19:00:00",-2.73357940459678,0.0881721966902824
"2020-12-09 20:00:00",-2.71955941545867,-0.0325577222851182
"2020-12-09 21:00:00",-2.71015258102544,0.0404401381856412
"2020-12-09 22:00:00",-2.70119245222767,-0.00895967797708179
"2020-12-09 23:00:00",-2.80043494290512,-0.151233330462447
"2020-12-10 00:00:00",-3.23110358505591,-0.592881974368
"2020-12-10 01:00:00",-3.59532873207332,-0.19031850901376
"2020-12-10 02:00:00",-3.800749767917,-0.201094816264661
"2020-12-10 03:00:00",-3.85056535337854,0.0583003638195981
"2020-12-10 04:00:00",-3.77312865091809,0.0914761252443881
"2020-12-10 05:00:00",-3.76536865684679,-0.0435565290372043
"2020-12-10 06:00:00",-3.87231548547746,-0.13927223150756
"2020-12-10 07:00:00",-4.10590725081825,-0.280380411819812
"2020-12-10 08:00:00",-4.53925976519402,-0.50944870438429
"2020-12-10 09:00:00",-5.14909842414456,-0.641935752108307
"2020-12-10 10:00:00",-6.03674324541969,-1.00263268018636
"2020-12-10 11:00:00",-6.8896834655698,-0.704836842277618
"2020-12-10 12:00:00",-7.27274508622933,-0.141467575695784
"2020-12-10 13:00:00",-7.39010376738481,-0.0863379198354718
"2020-12-10 14:00:00",-7.2951605159569,0.220806535175546
"2020-12-10 15:00:00",-6.93477195616901,0.445716748639943
"2020-12-10 16:00:00",-6.37809537147882,0.613131761270627
"2020-12-10 17:00:00",-5.81687301959628,0.508166524668116
"2020-12-10 18:00:00",-5.38874681371658,0.36191821083043
"2020-12-10 19:00:00",-5.05958946407636,0.298619714849415
"2020-12-10 20:00:00",-4.84185898025273,0.159978594036727
"2020-12-10 21:00:00",-4.67088671490577,0.176415961866607
"2020-12-10 22:00:00",-4.52852197898891,0.118918106041743
"2020-12-10 23:00:00",-4.43169015892283,0.0833419262676176
"2020-12-11 00:00:00",-4.54628686267534,-0.235397340600498
"2020-12-11 01:00:00",-4.63313841758658,0.0221627497608215
"2020-12-11 02:00:00",-4.63354602376622,-0.00946464451042273
"2020-12-11 03:00:00",-4.55492277441672,0.139582159818485
"2020-12-11 04:00:00",-4.36993505546793,0.212336535976951
"2020-12-11 05:00:00",-4.0335122900142,0.40879000525641
"2020-12-11 06:00:00",-3.67847625255733,0.307527147008797
"2020-12-11 07:00:00",-3.58611251905805,-0.0507251132682598
"2020-12-11 08:00:00",-3.90272566386637,-0.474202532871438
"2020-12-11 09:00:00",-4.46060769566381,-0.5821281901805
"2020-12-11 10:00:00",-4.95109140049469,-0.4003330243813
"2020-12-11 11:00:00",-5.33605111778346,-0.35003802605351
"2020-12-11 12:00:00",-5.80880495138954,-0.525222017980323
"2020-12-11 13:00:00",-5.78432560328823,0.397262686262121
"2020-12-11 14:00:00",-5.58027669858271,0.0729992792134412
"2020-12-11 15:00:00",-5.72687916073429,-0.278843972326162
"2020-12-11 16:00:00",-5.83255576588477,0.0221676699886748
"2020-12-11 17:00:00",-5.83400626589904,-0.00961094762213779
"2020-12-11 18:00:00",-5.39843291881068,0.719177367661906
"2020-12-11 19:00:00",-4.52400184835637,0.943335783460707
"2020-12-11 20:00:00",-4.11765983904579,0.0348727117200921
"2020-12-11 21:00:00",-4.07641982363842,0.0488311122695748
"2020-12-11 22:00:00",-3.79798574333458,0.423521985519635
"2020-12-11 23:00:00",-3.34884041878661,0.449778232468606
"2020-12-12 00:00:00",-2.67971325955744,0.787876112889061
"2020-12-12 01:00:00",-2.18807685172012,0.274237431572796
"2020-12-12 02:00:00",-2.19591290635514,-0.192689954870341
"2020-12-12 03:00:00",-2.24192722073569,0.0567840068384178
"2020-12-12 04:00:00",-1.86348095056392,0.57778956691995
"2020-12-12 05:00:00",-1.30855807190627,0.515710372539085
"2020-12-12 06:00:00",-0.830312336109303,0.432230005934064
"2020-12-12 07:00:00",-0.67246432803237,-0.031501129577045
"2020-12-12 08:00:00",-0.94346535563466,-0.41692059701225
"2020-12-12 09:00:00",-1.13710161950178,-0.0343653428425125
"2020-12-12 10:00:00",-1.31900419582519,-0.270149910998318
"2020-12-12 11:00:00",-1.70491491586571,-0.443045395263138
"2020-12-12 12:00:00",-2.05672221377668,-0.272068325652282
"2020-12-12 13:00:00",-2.23840021225276,-0.110135294380377
"2020-12-12 14:00:00",-2.65416936848889,-0.59688014271406
"2020-12-12 15:00:00",-3.2014455107468,-0.484781006232273
"2020-12-12 16:00:00",-3.40900879133218,-0.00876594630174274
"2020-12-12 17:00:00",-3.12462632013903,0.470690606334021
"2020-12-12 18:00:00",-3.1489696616727,-0.349177232812938
"2020-12-12 19:00:00",-3.37636985874153,-0.131353219640563
"2020-12-12 20:00:00",-3.24099816649426,0.311103292921434
"2020-12-12 21:00:00",-2.99496870958373,0.195132807662647
"2020-12-12 22:00:00",-2.8103283559923,0.172730815218254
"2020-12-12 23:00:00",-2.68723922533552,0.0877674944378373
"2020-12-13 00:00:00",-2.43356054417799,0.355692385449698
"2020-12-13 01:00:00",-2.1257831820655,0.264345046501085
"2020-12-13 02:00:00",-1.97259879245019,0.074538589427767
"2020-12-13 03:00:00",-1.88527315238499,0.094242420265286
"2020-12-13 04:00:00",-1.6545453707845,0.313181802708973
"2020-12-13 05:00:00",-1.2975862439499,0.371313087753542
"2020-12-13 06:00:00",-1.22367498699756,-0.126193428895956
"2020-12-13 07:00:00",-1.41039764391212,-0.216625030312172
"2020-12-13 08:00:00",-1.70620897095775,-0.33272710243179
"2020-12-13 09:00:00",-1.89080916305238,-0.0748798925339428
"2020-12-13 10:00:00",-1.92660149582423,-0.00559708315073879
"2020-12-13 11:00:00",-1.84727725797815,0.134650667980297
"2020-12-13 12:00:00",-1.91083087973467,-0.190287159749145
"2020-12-13 13:00:00",-1.9185368157232,0.116841290982698
"2020-12-13 14:00:00",-1.65326266208916,0.354094282946566
"2020-12-13 15:00:00",-2.45843487439613,-1.53761182030676
"2020-12-13 16:00:00",-2.52482792117643,0.920725766355254
"2020-12-13 17:00:00",-1.60802620117512,0.873873387160229
"2020-12-13 18:00:00",-0.896183496359866,0.572069864366686
"2020-12-13 19:00:00",-0.361686634085519,0.485204488609453
"2020-12-13 20:00:00",0.0829216540749255,0.396883179941271
"2020-12-13 21:00:00",0.472843232302945,0.366644913650109
"2020-12-13 22:00:00",0.911088529955982,0.464543641208159
"2020-12-13 23:00:00",1.31457713484761,0.342438391788168
"2020-12-14 00:00:00",1.46277672685341,0.00997294086040276
"2020-12-14 01:00:00",0.997221365439644,-0.76233090487166
"2020-12-14 02:00:00",0.937324565768418,0.409945927143793
"2020-12-14 03:00:00",1.25993011624301,0.24784177658192
"2020-12-14 04:00:00",1.50223815614469,0.225481081728056
"2020-12-14 05:00:00",1.78417592879515,0.304241650843566
"2020-12-14 06:00:00",1.79389967196951,-0.189379355688429
"2020-12-14 07:00:00",1.37809168529121,-0.549310537720891
"2020-12-14 08:00:00",0.984864123062667,-0.272263886794031
"2020-12-14 09:00:00",1.19926237339879,0.527377029984798
"2020-12-14 10:00:00",1.69950751165796,0.456840824612974
"2020-12-14 11:00:00",1.84405916542706,-0.0726965858255241
"2020-12-14 12:00:00",1.87764372869848,0.100465301025133
"2020-12-14 13:00:00",2.04973204435903,0.209239134951889
"2020-12-14 14:00:00",2.12893315773496,-0.01389429680082
"2020-12-14 15:00:00",1.74199548155499,-0.619985361228558
"2020-12-14 16:00:00",1.73607562731671,0.401486807565915
"2020-12-14 17:00:00",2.39471321771082,0.796533412155893
"2020-12-14 18:00:00",3.56994079465888,1.36875420814123
"2020-12-14 19:00:00",3.77019926225721,-0.592841883437175
"2020-12-14 20:00:00",4.0436900032503,0.833181690679074
"2020-12-14 21:00:00",4.28594093844114,-0.168418529948898
"2020-12-14 22:00:00",3.72310940126793,-0.804546547493502
"2020-12-14 23:00:00",2.92453792668135,-0.761438139399385
"2020-12-15 00:00:00",3.38802178768376,1.25429171664988
"2020-12-15 01:00:00",3.91220682674549,0.00818075867948581
"2020-12-15 02:00:00",3.23680982854399,-1.10405461786055
"2020-12-15 03:00:00",2.43497989310577,-0.566418716896328
"2020-12-15 04:00:00",2.17030410059763,-0.0540777256008751
"2020-12-15 05:00:00",2.21336584326882,0.10297738232456
"2020-12-15 06:00:00",2.19069728514893,-0.108206040213438
"2020-12-15 07:00:00",2.25109305352481,0.167102182274201
"2020-12-15 08:00:00",1.98420061050699,-0.546435491897049
"2020-12-15 09:00:00",1.59491264767006,-0.26858283357872
"2020-12-15 10:00:00",1.42969542149952,-0.090512167637916
"2020-12-15 11:00:00",1.39966542919976,0.0098754827089248
"2020-12-15 12:00:00",1.60712724490011,0.327521755273207
"2020-12-15 13:00:00",2.159192771942,0.673454107302924
"2020-12-15 14:00:00",2.47051069423071,0.0523219275555704
"2020-12-15 15:00:00",2.51744550699839,0.0379296621803133
"2020-12-15 16:00:00",3.20842275990787,1.09025618695427
"2020-12-15 17:00:00",3.97876538093109,0.516329971177818
"2020-12-15 18:00:00",4.44685628184248,0.408561666073461
"2020-12-15 19:00:00",5.16812353714789,0.889729766795322
"2020-12-15 20:00:00",5.51627144519577,-0.0361039451780206
"2020-12-15 21:00:00",5.42390221895149,-0.13259769642187
"2020-12-15 22:00:00",5.6134434490244,0.388300788525696
"2020-12-15 23:00:00",5.84600742770679,0.110456444926003
"2020-12-16 00:00:00",5.9451338753702,0.0793296790836338
"2020-12-16 01:00:00",6.21522755600132,0.376771979336599
"2020-12-16 02:00:00",6.55890278630517,0.297270962853554
"2020-12-16 03:00:00",6.82642338280249,0.22652317394869
"2020-12-16 04:00:00",7.16072801439054,0.381475280927083
"2020-12-16 05:00:00",7.29097877068967,-0.0526461430812939
"2020-12-16 06:00:00",7.29377712374052,0.0302326259688445
"2020-12-16 07:00:00",7.22647399184163,-0.138526398782028
"2020-12-16 08:00:00",6.80954877458428,-0.592021275607139
"2020-12-16 09:00:00",6.33295515528622,-0.385770482168731
"2020-12-16 10:00:00",5.84365344060713,-0.54323068465344
"2020-12-16 11:00:00",5.22091526265351,-0.653680265596005
"2020-12-16 12:00:00",4.6964222190214,-0.420173761768448
"2020-12-16 13:00:00",4.57444934700021,0.0765686425963515
"2020-12-16 14:00:00",4.38739931501503,-0.35979896133301
"2020-12-16 15:00:00",3.72811328430239,-0.833265435914113
"2020-12-16 16:00:00",3.64989927914667,0.424057751903158
"2020-12-16 17:00:00",4.08714275842869,0.420553042137588
"2020-12-16 18:00:00",4.27372472343226,0.0164709551955158
"2020-12-16 19:00:00",4.03089495915102,-0.409661976105212
"2020-12-16 20:00:00",3.49451060042676,-0.600570072260297
"2020-12-16 21:00:00",2.88500969988064,-0.590994605508088
"2020-12-16 22:00:00",2.14288278237646,-0.811332305197935
"2020-12-16 23:00:00",1.43946745835667,-0.600807351873657
"2020-12-17 00:00:00",1.61420144435045,0.681594663226085
"2020-12-17 01:00:00",2.08309576638368,0.302734882722158
"2020-12-17 02:00:00",1.92007205051847,-0.468461683425017
"2020-12-17 03:00:00",1.56851165492825,-0.259395794057774
"2020-12-17 04:00:00",1.35729707607415,-0.171078708159358
"2020-12-17 05:00:00",1.20945540915345,-0.127074234179504
"2020-12-17 06:00:00",1.14035760318026,-0.0287225230881162
"2020-12-17 07:00:00",0.942188243721847,-0.3031845860211
"2020-12-17 08:00:00",0.841860864652696,0.0384618648643484
"2020-12-17 09:00:00",1.07939384578217,0.357872581560546
"2020-12-17 10:00:00",1.16027167827513,-0.109016375649248
"2020-12-17 11:00:00",1.28646221988734,0.27550088703052
"2020-12-17 12:00:00",2.22608449246045,1.33605439984346
"2020-12-17 13:00:00",3.31523253165766,0.869922444748591
"2020-12-17 14:00:00",3.82479789472581,0.240845158406144
"2020-12-17 15:00:00",3.83300756039442,-0.152196776136587
"2020-12-17 16:00:00",4.29608887284603,0.846315245272119
"2020-12-17 17:00:00",4.97846884104619,0.535129452728009
"2020-12-17 18:00:00",5.15611837487295,-0.0755234069587004
"2020-12-17 19:00:00",4.66737425559086,-0.747639280971832
"2020-12-17 20:00:00",4.2291149119743,-0.217198095710662
"2020-12-17 21:00:00",3.91179551430148,-0.374436608837501
"2020-12-17 22:00:00",3.47848828962882,-0.457003880082632
"2020-12-17 23:00:00",3.2529182217758,-0.0650468890249949
"2020-12-18 00:00:00",3.86276665740685,1.02659974163591
"2020-12-18 01:00:00",4.27080150330857,-0.0287018757064643
"2020-12-18 02:00:00",3.77518204743755,-0.78884439705543
"2020-12-18 03:00:00",3.26361436743115,-0.30727497703164
"2020-12-18 04:00:00",3.16268876426772,0.0372287603049721
"2020-12-18 05:00:00",2.98684672679806,-0.313606360289955
"2020-12-18 06:00:00",2.7258685261225,-0.217340675583729
"2020-12-18 07:00:00",2.30139175634475,-0.545906843127178
"2020-12-18 08:00:00",1.74706948463409,-0.536556987907985
"2020-12-18 09:00:00",1.6307019939616,0.167032545995754
"2020-12-18 10:00:00",1.94984962250763,0.403288963032673
"2020-12-18 11:00:00",2.29872902370721,0.293515880736394
"2020-12-18 12:00:00",2.7796633299985,0.5800619891272
"2020-12-18 13:00:00",3.22296251634757,0.327478371841757
"2020-12-18 14:00:00",2.99328197709729,-0.594352355998792
"2020-12-18 15:00:00",2.08236530345898,-1.08252693854585
"2020-12-18 16:00:00",1.77886444648703,0.227579920425547
"2020-12-18 17:00:00",2.01732434246426,0.232089392390059
"2020-12-18 18:00:00",2.17592981643662,0.0994806779125366
"2020-12-18 19:00:00",2.17436588877397,-0.0716554357617745
"2020-12-18 20:00:00",2.04016921976986,-0.172315058399273
"2020-12-18 21:00:00",1.57754888518279,-0.636799444825832
"2020-12-18 22:00:00",0.778198574652329,-0.871763931465287
"2020-12-18 23:00:00",0.0432181387855134,-0.609869966247855
"2020-12-19 00:00:00",-0.255621380026223,-0.0773444224765088
"2020-12-19 01:00:00",-0.635991007708915,-0.563978702151856
"2020-12-19 02:00:00",-0.867928827240133,0.00126009693231877
"2020-12-19 03:00:00",-0.819341553539545,0.078947764624376
"2020-12-19 04:00:00",-0.628386763796662,0.257606628189333
"2020-12-19 05:00:00",-0.227628894569944,0.47795639618474
"2020-12-19 06:00:00",0.0739588699784901,0.169972729982343
"2020-12-19 07:00:00",0.110162952217726,-0.0547892059969068
"2020-12-19 08:00:00",0.0350680904545284,-0.0852052326276703
"2020-12-19 09:00:00",0.311048606147928,0.503607337406495
"2020-12-19 10:00:00",0.797891069645792,0.452130813073283
"2020-12-19 11:00:00",1.2703032508943,0.462455982559906
"2020-12-19 12:00:00",1.26715875989656,-0.315027040757083
"2020-12-19 13:00:00",1.22782813634997,0.14469999052408
"2020-12-19 14:00:00",1.13908823739245,-0.241729171269264
"2020-12-19 15:00:00",0.83769483801108,-0.328314682356526
"2020-12-19 16:00:00",0.944642398013397,0.390955952037767
"2020-12-19 17:00:00",1.1980554646683,0.148460072212593
"2020-12-19 18:00:00",1.14793228762174,-0.181671759038427
"2020-12-19 19:00:00",0.905442040854779,-0.272991459496303
"2020-12-19 20:00:00",0.736975958846598,-0.0919450241332654
"2020-12-19 21:00:00",0.647946366840898,-0.0838050384803426
"2020-12-19 22:00:00",0.525431180714743,-0.14333461279229
"2020-12-19 23:00:00",0.454996269592101,-0.0191659784806127
"2020-12-20 00:00:00",0.685090358018968,0.384744426908868
"2020-12-20 01:00:00",0.969677033606301,0.203409790157256
"2020-12-20 02:00:00",1.22199319450891,0.271680433325039
"2020-12-20 03:00:00",1.3396188296406,0.00776002340178625
"2020-12-20 04:00:00",1.3622480100173,0.0297402329656727
"2020-12-20 05:00:00",1.78359882697102,0.660642417903509
"2020-12-20 06:00:00",1.9777131636777,-0.128421650834073
"2020-12-20 07:00:00",1.09824581845552,-1.3409127574452
"2020-12-20 08:00:00",0.113343451812768,-0.70217938700723
"2020-12-20 09:00:00",-0.152910781148076,0.0368637980894048
"2020-12-20 10:00:00",0.033164851121161,0.276903351959069
"2020-12-20 11:00:00",0.183342436670749,0.0585160915133738
"2020-12-20 12:00:00",-0.223421004655326,-0.697851668164227
"2020-12-20 13:00:00",-0.221991865212171,0.467828448647961
"2020-12-20 14:00:00",0.116930340044209,0.237166855304782
"2020-12-20 15:00:00",0.321623215845805,0.173166372415931
"2020-12-20 16:00:00",0.212104113596036,-0.293183063409063
"2020-12-20 17:00:00",0.390205171959824,0.483548595556131
"2020-12-20 18:00:00",1.07536971381317,0.786511504466185
"2020-12-20 19:00:00",1.75177467794793,0.569473799353637
"2020-12-20 20:00:00",2.23926033041134,0.407405478081471
"2020-12-20 21:00:00",2.83482067805713,0.689808660144197
"2020-12-20 22:00:00",3.36729690764077,0.398633850488709
"2020-12-20 23:00:00",3.63567496653203,0.164450095953497
"2020-12-21 00:00:00",3.59125405043196,-0.186239964295403
"2020-12-21 01:00:00",3.25686719523583,-0.421887604891171
"2020-12-21 02:00:00",2.92959186087857,-0.252846425319112
"2020-12-21 03:00:00",2.95194675917357,0.200981995143744
"2020-12-21 04:00:00",3.23874114004778,0.326569520231927
"2020-12-21 05:00:00",3.3422765581553,-0.0542448331652728
"2020-12-21 06:00:00",3.17965874121831,-0.231444599919162
"2020-12-21 07:00:00",2.88381914794375,-0.328808049977439
"2020-12-21 08:00:00",2.27299129418859,-0.773527806704596
"2020-12-21 09:00:00",1.9052141398666,-0.0827337263800527
"2020-12-21 10:00:00",1.89847001633978,0.0417801808001142
"2020-12-21 11:00:00",1.86437677049345,-0.0855009459808453
"2020-12-21 12:00:00",1.85275369740394,0.0357779024732429
"2020-12-21 13:00:00",1.8541978125686,-0.0239007630827242
"2020-12-21 14:00:00",1.51330554137362,-0.538406699250696
"2020-12-21 15:00:00",0.729272246004016,-0.912474871039947
"2020-12-21 16:00:00",0.410453483411532,0.091155609360929
"2020-12-21 17:00:00",0.881480606719293,0.701358702041092
"2020-12-21 18:00:00",1.74314198890008,0.926446561311751
"2020-12-21 19:00:00",2.35688874074784,0.373872681127148
"2020-12-21 20:00:00",2.68041858636489,0.271557515940725
"2020-12-21 21:00:00",2.97475513974155,0.292081661982923
"2020-12-21 22:00:00",3.27485868216962,0.287357388325788
"2020-12-21 23:00:00",3.62079561837091,0.364330638221899
"2020-12-22 00:00:00",3.77613556824249,0.00396778433945455
"2020-12-22 01:00:00",4.20413311882418,0.685475200710505
"2020-12-22 02:00:00",4.66463616652794,0.28322391214512
"2020-12-22 03:00:00",5.1893002885742,0.654679008377645
"2020-12-22 04:00:00",6.03771555895384,0.9305675361973
"2020-12-22 05:00:00",6.91204320827889,0.787507363541917
"2020-12-22 06:00:00",7.8399484664371,0.968501981547985
"2020-12-22 07:00:00",8.81437680219782,0.921972440106022
"2020-12-22 08:00:00",9.66657169777378,0.753823397946607
"2020-12-22 09:00:00",10.4332671709046,0.726387533184477
"2020-12-22 10:00:00",10.76775292302,0.0438835056094576
"2020-12-22 11:00:00",10.5039438195038,-0.470273281308796
"2020-12-22 12:00:00",10.2022127751604,-0.188568724108266
"2020-12-22 13:00:00",10.2607204166142,0.207295660568067
"2020-12-22 14:00:00",10.2384234687465,-0.1875184815218
"2020-12-22 15:00:00",10.4675369634958,0.482782934736226
"2020-12-22 16:00:00",10.8174305904972,0.231187110498437
"2020-12-22 17:00:00",10.4283323742814,-0.79806437134405
"2020-12-22 18:00:00",9.80956434207033,-0.483273605306345
"2020-12-22 19:00:00",9.3210579094275,-0.481421975433761
"2020-12-22 20:00:00",8.68574053496514,-0.719733773566053
"2020-12-22 21:00:00",8.21959844168794,-0.28612546676807
"2020-12-22 22:00:00",7.76510010889238,-0.555739282112149
"2020-12-22 23:00:00",7.12318709676476,-0.678863974445314
"2020-12-23 00:00:00",6.89096929121444,0.0673972047080446
"2020-12-23 01:00:00",6.61714141436979,-0.497174966042585
"2020-12-23 02:00:00",5.9188626555241,-0.807690748715387
"2020-12-23 03:00:00",5.66410636123291,0.118339276465378
"2020-12-23 04:00:00",6.1773795538363,0.744868862702403
"2020-12-23 05:00:00",6.72516238137752,0.382403927032086
"2020-12-23 06:00:00",6.54911141982981,-0.548648111239735
"2020-12-23 07:00:00",6.26323664496581,-0.105550083931562
"2020-12-23 08:00:00",5.99950468084636,-0.364723173691584
"2020-12-23 09:00:00",5.67090179304036,-0.296639042023311
"2020-12-23 10:00:00",5.12413285501381,-0.694844773038478
"2020-12-23 11:00:00",4.72157477308466,-0.195177216968857
"2020-12-23 12:00:00",3.68666223303927,-1.55163244392519
"2020-12-23 13:00:00",3.05966909912745,0.0144663425568291
"2020-12-23 14:00:00",3.27118373858432,0.32888423328484
"2020-12-23 15:00:00",3.75565321078732,0.56095429976478
"2020-12-23 16:00:00",4.44252633003015,0.733338291829897
"2020-12-23 17:00:00",5.4376402159621,1.11661620518882
"2020-12-23 18:00:00",6.51026612156642,0.985322122045259
"2020-12-23 19:00:00",7.09008354645118,0.273543879681223
"2020-12-23 20:00:00",7.66693361525233,0.742502980243869
"2020-12-23 21:00:00",8.36656275312608,0.627921555420449
"2020-12-23 22:00:00",9.0372859052389,0.656603617965779
"2020-12-23 23:00:00",9.90371401881056,0.953491230840609
"2020-12-24 00:00:00",10.4224435797571,0.191481770925898
"2020-12-24 01:00:00",10.4453900277205,-0.103929249897089
"2020-12-24 02:00:00",10.1787319021507,-0.375930669536732
"2020-12-24 03:00:00",10.1080588061036,0.123070582070961
"2020-12-24 04:00:00",10.5584675971024,0.634202236519417
"2020-12-24 05:00:00",10.6185026556608,-0.339195009928757
"2020-12-24 06:00:00",10.2162974465477,-0.438781721503655
"2020-12-24 07:00:00",9.48613280280115,-0.902884362179079
"2020-12-24 08:00:00",8.19040545590845,-1.5082699000417
"2020-12-24 09:00:00",7.05662093097405,-0.840809238946043
"2020-12-24 10:00:00",6.13766310024847,-0.93648085646888
"2020-12-24 11:00:00",4.94647046171958,-1.31230187914563
"2020-12-24 12:00:00",2.61747493796981,-2.90248145503651
"2020-12-24 13:00:00",0.879234249149766,-0.882866089756407
"2020-12-24 14:00:00",0.139370783601808,-0.610505135999533
"2020-12-24 15:00:00",0.0852974141802655,0.319264807813819
"2020-12-24 16:00:00",0.716573619636922,0.809172532996292
"2020-12-24 17:00:00",1.68193417220051,1.0226874515368
"2020-12-24 18:00:00",2.47327822942073,0.59734624174651
"2020-12-24 19:00:00",2.89169626538693,0.27606457092704
"2020-12-24 20:00:00",3.00168178363586,-0.00968464624622528
"2020-12-24 21:00:00",3.02316384722585,0.0373707508526057
"2020-12-24 22:00:00",3.12940935789753,0.143216886601491
"2020-12-24 23:00:00",3.10230437219437,-0.143395512209735
"2020-12-25 00:00:00",3.00244354759356,-0.070090484032623
"2020-12-25 01:00:00",2.85794459401025,-0.191106199389471
"2020-12-25 02:00:00",2.44431358795361,-0.546005623935495
"2020-12-25 03:00:00",2.01824892045714,-0.32900879474684
"2020-12-25 04:00:00",1.93862196362394,0.0878079053782615
"2020-12-25 05:00:00",2.08881757673634,0.182151416116502
"2020-12-25 06:00:00",2.17767634772624,0.0197505730642336
"2020-12-25 07:00:00",1.97414191024743,-0.345522912566234
"2020-12-25 08:00:00",1.45503538811785,-0.612703233997365
"2020-12-25 09:00:00",0.866856036655063,-0.545755420459909
"2020-12-25 10:00:00",0.126295919725066,-0.836353804592224
"2020-12-25 11:00:00",-0.683788120900519,-0.754239232259308
"2020-12-25 12:00:00",-1.33443708599099,-0.549790407811425
"2020-12-25 13:00:00",-1.63060576017647,-0.111297082815002
"2020-12-25 14:00:00",-1.58554831171873,0.149252130456076
"2020-12-25 15:00:00",-1.5943544119597,-0.111714881277789
"2020-12-25 16:00:00",-1.34631244324773,0.478143496184625
"2020-12-25 17:00:00",-1.11433692163188,0.0585778384423097
"2020-12-25 18:00:00",-1.40647747835084,-0.510630605116799
"2020-12-25 19:00:00",-1.40946573338824,0.337388636106147
"2020-12-25 20:00:00",-0.802197555834038,0.760144067281298
"2020-12-25 21:00:00",-0.396307880614869,0.151470166038157
"2020-12-25 22:00:00",-0.467706003079189,-0.216070995440715
"2020-12-25 23:00:00",-0.842963040048441,-0.462944612941162
"2020-12-26 00:00:00",-1.17122800893393,-0.221794879011945
"2020-12-26 01:00:00",-1.36010774664409,-0.156451998203464
"2020-12-26 02:00:00",-1.55795771211341,-0.214293811499523
"2020-12-26 03:00:00",-1.68626458978262,-0.0628785866166088
"2020-12-26 04:00:00",-1.90145750991234,-0.304335349551568
"2020-12-26 05:00:00",-2.21638961724834,-0.304580911879008
"2020-12-26 06:00:00",-2.74033942822644,-0.642439482380184
"2020-12-26 07:00:00",-3.2775005698935,-0.437920026416386
"2020-12-26 08:00:00",-3.37779463194586,0.133775390260142
"2020-12-26 09:00:00",-3.12712471759163,0.321039217512477
"2020-12-26 10:00:00",-2.73470459116515,0.425388641441165
"2020-12-26 11:00:00",-2.54771435796823,0.0226989213841292
"2020-12-26 12:00:00",-2.91111130807803,-0.60023848196021
"2020-12-26 13:00:00",-3.23403618775974,-0.11895584307575
"2020-12-26 14:00:00",-2.92725649528129,0.580187974429944
"2020-12-26 15:00:00",-2.2207632641881,0.760895257366124
"2020-12-26 16:00:00",-1.80330543734812,0.171527749870831
"2020-12-26 17:00:00",-1.22367193307985,0.826479326361096
"2020-12-26 18:00:00",-0.429532891375869,0.736419058034415
"2020-12-26 19:00:00",-0.30754044316244,-0.292861873378952
"2020-12-26 20:00:00",-0.6818073736806,-0.41035483163445
"2020-12-26 21:00:00",-0.694063840551376,0.254598948410841
"2020-12-26 22:00:00",-0.480008996478733,0.177748517299151
"2020-12-26 23:00:00",-0.0239630931772562,0.620521885865343
"2020-12-27 00:00:00",0.624120379512806,0.635691921869781
"2020-12-27 01:00:00",0.998435520978738,0.181475447458171
"2020-12-27 02:00:00",1.13736634967283,0.102679745803537
"2020-12-27 03:00:00",1.06839364846255,-0.181593797643903
"2020-12-27 04:00:00",0.794529107656571,-0.323740189813587
"2020-12-27 05:00:00",0.603984793418972,-0.0937178488632319
"2020-12-27 06:00:00",0.386401580371598,-0.290597603841516
"2020-12-27 07:00:00",0.159566290257706,-0.174046648003381
"2020-12-27 08:00:00",-0.308396266036431,-0.64187151820637
"2020-12-27 09:00:00",-0.945663944980048,-0.603518556095173
"2020-12-27 10:00:00",-1.58281984009982,-0.628084591552182
"2020-12-27 11:00:00",-2.15669822326308,-0.508431575349098
"2020-12-27 12:00:00",-2.71970118504872,-0.56985062005362
"2020-12-27 13:00:00",-2.89474941084452,0.0999716938140566
"2020-12-27 14:00:00",-2.74623241769023,0.177552708204306
"2020-12-27 15:00:00",-2.57557417153124,0.161491228829089
"2020-12-27 16:00:00",-2.29135848960016,0.35584372759729
"2020-12-27 17:00:00",-1.71918194508855,0.692159156560509
"2020-12-27 18:00:00",-1.25836196792501,0.286913926846811
"2020-12-27 19:00:00",-0.893004624207671,0.401912044244669
"2020-12-27 20:00:00",-0.51805722388626,0.340304737439661
"2020-12-27 21:00:00",-0.387446877438938,-0.0147225036309217
"2020-12-27 22:00:00",-0.307703462218146,0.139429536008944
"2020-12-27 23:00:00",-0.204525445017302,0.0745042989645609
"2020-12-28 00:00:00",0.036617542048472,0.341038158033148
"2020-12-28 01:00:00",0.463426738640948,0.463660038128097
"2020-12-28 02:00:00",0.409479559318087,-0.397046456718161
"2020-12-28 03:00:00",0.023190078991061,-0.361289709769203
"2020-12-28 04:00:00",0.125940618234193,0.407192951631476
"2020-12-28 05:00:00",0.667543360099236,0.605308852703191
"2020-12-28 06:00:00",1.09954557243163,0.295077744953653
"2020-12-28 07:00:00",1.19882248306363,-0.0373892161548535
"2020-12-28 08:00:00",0.765793270481572,-0.67775227750045
"2020-12-28 09:00:00",0.377722223891827,-0.177499402913223
"2020-12-28 10:00:00",0.254449016383705,-0.081751889524453
"2020-12-28 11:00:00",0.0544322390787478,-0.269681915755501
"2020-12-28 12:00:00",0.0116321025116924,0.110415518950014
"2020-12-28 13:00:00",0.076996973051722,0.0322105271060427
"2020-12-28 14:00:00",0.225158130977343,0.218320530334893
"2020-12-28 15:00:00",0.216434619961943,-0.159959247796091
"2020-12-28 16:00:00",0.57447598850624,0.686076480633344
"2020-12-28 17:00:00",0.879763116055366,0.0361845363627843
"2020-12-28 18:00:00",0.780870894669345,-0.18537623454307
"2020-12-28 19:00:00",0.811964843504841,0.172921172724419
"2020-12-28 20:00:00",1.07426102285631,0.308368069314198
"2020-12-28 21:00:00",0.923339487959473,-0.451322020269686
"2020-12-28 22:00:00",0.551842687313269,-0.301817409545383
"2020-12-28 23:00:00",0.100814853045327,-0.529778317916584
"2020-12-29 00:00:00",-0.160661204459947,-0.0703156440266194
"2020-12-29 01:00:00",-0.340386685404066,-0.24391667211789
"2020-12-29 02:00:00",-0.381616036090422,0.0962910582968025
"2020-12-29 03:00:00",0.0126046531490924,0.574595719463475
"2020-12-29 04:00:00",0.0826133792562217,-0.269719926251007
"2020-12-29 05:00:00",-0.249343018346236,-0.357778777471484
"2020-12-29 06:00:00",-0.367301722879423,0.047845264604006
"2020-12-29 07:00:00",-0.62679961012513,-0.451585380741372
"2020-12-29 08:00:00",-1.13490850482098,-0.520837900778838
"2020-12-29 09:00:00",-1.14512582642384,0.332138600029143
"2020-12-29 10:00:00",-0.780531065303948,0.370382131405223
"2020-12-29 11:00:00",-0.488018268761339,0.227706553360792
"2020-12-29 12:00:00",-0.516452717500548,-0.197212184230175
"2020-12-29 13:00:00",-0.506086048067264,0.148923112969846
"2020-12-29 14:00:00",-0.16724811848346,0.44999644596083
"2020-12-29 15:00:00",0.0726344933033025,0.0886255387508059
"2020-12-29 16:00:00",0.0876519875863829,-0.0348609237017991
"2020-12-29 17:00:00",-0.200995185308654,-0.444231764451891
"2020-12-29 18:00:00",-0.172225702708964,0.342990209072996
"2020-12-29 19:00:00",0.25802204137885,0.468195283431557
"2020-12-29 20:00:00",0.435625319378024,-0.0248935292964264
"2020-12-29 21:00:00",0.218774867446338,-0.335076320441336
"2020-12-29 22:00:00",0.0391747214154822,-0.067698544710355
"2020-12-29 23:00:00",-0.0277086992070581,-0.0632122369712983
"2020-12-30 00:00:00",0.177940581745419,0.375150645526839
"2020-12-30 01:00:00",0.0544179446867851,-0.450325447414029
"2020-12-30 02:00:00",-0.323595810489827,-0.311913927620037
"2020-12-30 03:00:00",-0.467583121785583,-0.0247789582486263
"2020-12-30 04:00:00",-0.531281846147242,-0.0860153483241579
"2020-12-30 05:00:00",-0.672206207975468,-0.170148509241715
"2020-12-30 06:00:00",-0.931105060278114,-0.304895838097205
"2020-12-30 07:00:00",-1.30157575472637,-0.395382178882551
"2020-12-30 08:00:00",-1.64902487871301,-0.297306530539216
"2020-12-30 09:00:00",-1.48123086174439,0.472007267728765
"2020-12-30 10:00:00",-1.11378619968237,0.28218541056181
"2020-12-30 11:00:00",-0.966044480978015,0.0525287350031
"2020-12-30 12:00:00",-0.28189379532998,1.07395930530391
"2020-12-30 13:00:00",0.363734189502358,0.329762020287486
"2020-12-30 14:00:00",0.458529543068032,-0.0668197625584113
"2020-12-30 15:00:00",0.0720682477049998,-0.581778513876756
"2020-12-30 16:00:00",-0.248497561872211,-0.131286737126843
"2020-12-30 17:00:00",-0.0173129347943539,0.462162584852121
"2020-12-30 18:00:00",0.43319120470628,0.421346616264559
"2020-12-30 19:00:00",0.303746975856746,-0.491039017943979
"2020-12-30 20:00:00",-0.26420819043023,-0.592634273985032
"2020-12-30 21:00:00",-0.697651342790536,-0.306380135079511
"2020-12-30 22:00:00",-0.495533468304545,0.532405293928205
"2020-12-30 23:00:00",-0.495772779520257,-0.3546797956367
"2020-12-31 00:00:00",0.031216034367428,1.09035462826379
"2020-12-31 01:00:00",0.198906097304836,-0.45541799437891
"2020-12-31 02:00:00",0.118900164262117,0.173810063250732
"2020-12-31 03:00:00",0.451712039754669,0.422843070493497
"2020-12-31 04:00:00",0.578506071506597,-0.077175901594951
"2020-12-31 05:00:00",0.408133269762209,-0.225152472222473
"2020-12-31 06:00:00",0.254465407484196,-0.0992359822492489
"2020-12-31 07:00:00",0.219893401597869,0.009851519174669
"2020-12-31 08:00:00",-0.19205212633024,-0.673846771135864
"2020-12-31 09:00:00",-0.71331528755918,-0.394524906885972
"2020-12-31 10:00:00",-0.979780462715005,-0.167512035540417
"2020-12-31 11:00:00",-1.02400407860842,0.0413312926077931
"2020-12-31 12:00:00",-0.613189697972702,0.638930165803963
"2020-12-31 13:00:00",-0.219814261016772,0.21177225833663
"2020-12-31 14:00:00",-0.352329610731859,-0.355456244446371
"2020-12-31 15:00:00",-1.01788786347791,-0.840208518204692
"2020-12-31 16:00:00",-1.33477597320096,0.0483562280513585
"2020-12-31 17:00:00",-1.34710434576695,-0.0504782659947609
"2020-12-31 18:00:00",-1.15214800972842,0.35104831014765
"2020-12-31 19:00:00",-0.814865270587724,0.313563040930306
"2020-12-31 20:00:00",-0.378099668581954,0.499194464957647
"2020-12-31 21:00:00",0.136530597327259,0.500952943997929
"2020-12-31 22:00:00",0.476561032004579,0.216416615544007
"2020-12-31 23:00:00",0.552445120949067,-0.0220227354164258
"2021-01-01 00:00:00",-0.188895323628906,-1.18636133167828
"2021-01-01 01:00:00",-0.793360326794066,-0.187573479444613
"2021-01-01 02:00:00",-1.14012509747807,-0.435390143840016
"2021-01-01 03:00:00",-0.945879662710037,0.606234130944718
"2021-01-01 04:00:00",-0.394590756824602,0.489681337234687
"2021-01-01 05:00:00",-0.382825006651553,-0.30688988632557
"2021-01-01 06:00:00",-1.07974546188889,-0.923325918749712
"2021-01-01 07:00:00",-1.22814843994304,0.376646949001252
"2021-01-01 08:00:00",-1.0908789636931,-0.0272531774837208
"2021-01-01 09:00:00",-1.25604920835735,-0.247858915551355
"2021-01-01 10:00:00",-1.54972550789668,-0.308646857139933
"2021-01-01 11:00:00",-2.33271947203834,-1.06001568177199
"2021-01-01 12:00:00",-3.1752344210381,-0.654475211508074
"2021-01-01 13:00:00",-3.19754476048885,0.404277548056085
"2021-01-01 14:00:00",-2.53508002793296,0.807227055501337
"2021-01-01 15:00:00",-2.01962737936556,0.299712381170866
"2021-01-01 16:00:00",-1.46609686724332,0.699038806883004
"2021-01-01 17:00:00",-0.784808516598267,0.638969734792392
"2021-01-01 18:00:00",-0.276351435483192,0.398299863840541
"2021-01-01 19:00:00",-0.0132770443469843,0.160780579763435
"2021-01-01 20:00:00",-0.0180864223752471,-0.114955169133403
"2021-01-01 21:00:00",-0.343529560399694,-0.450277922840857
"2021-01-01 22:00:00",-0.579231969314345,-0.0810113876698168
"2021-01-01 23:00:00",-0.385294010242371,0.3687650125331
"2021-01-02 00:00:00",-0.497307719499005,-0.426708129359162
"2021-01-02 01:00:00",-1.05528934944475,-0.618340060112598
"2021-01-02 02:00:00",-1.61754100913346,-0.4967823463238
"2021-01-02 03:00:00",-1.95498110438639,-0.213094431498942
"2021-01-02 04:00:00",-1.88147365106432,0.263598298707929
"2021-01-02 05:00:00",-1.45049862530483,0.524502426070817
"2021-01-02 06:00:00",-0.965512557861894,0.437465153871692
"2021-01-02 07:00:00",-0.634598505384153,0.245400518302246
"2021-01-02 08:00:00",-0.563877304137649,-0.0482725926800839
"2021-01-02 09:00:00",-0.873475930014685,-0.468374497714516
"2021-01-02 10:00:00",-1.1774871486619,-0.178865577252031
"2021-01-02 11:00:00",-1.29484122310777,-0.0692532043640635
"2021-01-02 12:00:00",-1.74190614222633,-0.676022371961064
"2021-01-02 13:00:00",-1.90904378642902,0.182299990100336
"2021-01-02 14:00:00",-1.82573363338596,0.0158191848995722
"2021-01-02 15:00:00",-3.14233107196388,-2.13994366999985
"2021-01-02 16:00:00",-4.04396691314076,-0.0292168990449296
"2021-01-02 17:00:00",-3.99429214830868,0.105118843288755
"2021-01-02 18:00:00",-3.08493313908011,1.40744492503391
"2021-01-02 19:00:00",-1.88189929898182,1.01356992452603
"2021-01-02 20:00:00",-1.39201085300562,0.119919187228268
"2021-01-02 21:00:00",-1.53236731742722,-0.30540724317896
"2021-01-02 22:00:00",-1.99574105569348,-0.544689130083679
"2021-01-02 23:00:00",-2.50140415641651,-0.453045699019879
"2021-01-03 00:00:00",-2.45783416327373,0.375794403042288
"2021-01-03 01:00:00",-2.24748356885715,0.0932280165103457
"2021-01-03 02:00:00",-2.01988877554917,0.30925206896466
"2021-01-03 03:00:00",-1.62035027059094,0.443345451371793
"2021-01-03 04:00:00",-1.28558116352484,0.248566065091183
"2021-01-03 05:00:00",-0.929920985684957,0.411810896915923
"2021-01-03 06:00:00",-0.536171768313725,0.36419588370839
"2021-01-03 07:00:00",-0.543814697877588,-0.254477184075873
"2021-01-03 08:00:00",-1.09162409368899,-0.716628589096709
"2021-01-03 09:00:00",-2.03698440703008,-1.05151597437434
"2021-01-03 10:00:00",-3.00073056456608,-0.856812488610041
"2021-01-03 11:00:00",-3.82552833494292,-0.76039439756997
"2021-01-03 12:00:00",-4.55334339656129,-0.666581008530962
"2021-01-03 13:00:00",-4.6845666752631,0.237778903445906
"2021-01-03 14:00:00",-4.27544023262973,0.509951290365577
"2021-01-03 15:00:00",-3.6776583502594,0.633437723062864
"2021-01-03 16:00:00",-2.82447981714402,0.963866448255409
"2021-01-03 17:00:00",-1.97598179393266,0.734906572186589
"2021-01-03 18:00:00",-1.38306491513185,0.472629896510032
"2021-01-03 19:00:00",-1.04558320744013,0.233129736354484
"2021-01-03 20:00:00",-0.810445381098331,0.226650265962162
"2021-01-03 21:00:00",-0.695482940846517,0.0360865440256821
"2021-01-03 22:00:00",-0.619684155418116,0.0995674520576971
"2021-01-03 23:00:00",-0.534982696800496,0.0715645273524205
"2021-01-04 00:00:00",-0.561623194361897,-0.090154091351511
"2021-01-04 01:00:00",-0.516615976160355,0.133698225272525
"2021-01-04 02:00:00",-0.534824678494251,-0.117947299937696
"2021-01-04 03:00:00",-0.582203040593545,0.00260736295990009
"2021-01-04 04:00:00",-0.501659366915005,0.129423176236049
"2021-01-04 05:00:00",-0.240077585157998,0.337902266810882
"2021-01-04 06:00:00",0.0483702692652276,0.242081309987676
"2021-01-04 07:00:00",0.0448027200664921,-0.167223488049283
"2021-01-04 08:00:00",-0.260169220816954,-0.382368351836713
"2021-01-04 09:00:00",-0.87173140830308,-0.734959199095971
"2021-01-04 10:00:00",-1.71024764839854,-0.866584037910286
"2021-01-04 11:00:00",-2.57306473667858,-0.817101499873418
"2021-01-04 12:00:00",-3.26264559277746,-0.568484452137966
"2021-01-04 13:00:00",-3.51230268631315,-0.0210413399446585
"2021-01-04 14:00:00",-3.53401928610479,-0.0166088685945561
"2021-01-04 15:00:00",-3.40077174479712,0.231372209506835
"2021-01-04 16:00:00",-3.21617063883698,0.149030991307921
"2021-01-04 17:00:00",-3.04168561652773,0.187307016729594
"2021-01-04 18:00:00",-2.6545676763657,0.505846877016387
"2021-01-04 19:00:00",-2.16512434376295,0.458670453038782
"2021-01-04 20:00:00",-1.68192421574944,0.479381578431628
"2021-01-04 21:00:00",-1.30581139918944,0.291562820455788
"2021-01-04 22:00:00",-1.03481081368227,0.246097549936698
"2021-01-04 23:00:00",-0.909905172550449,0.0395104184596785
"2021-01-05 00:00:00",-0.985779124110105,-0.148017582855099
"2021-01-05 01:00:00",-0.902718218068053,0.234433896708543
"2021-01-05 02:00:00",-0.703391297797595,0.167614016729416
"2021-01-05 03:00:00",-0.507795560498259,0.205861705474868
"2021-01-05 04:00:00",-0.192699284454517,0.373599262267145
"2021-01-05 05:00:00",0.156335321038588,0.316320855929687
"2021-01-05 06:00:00",0.398777247103934,0.181468001530126
"2021-01-05 07:00:00",0.396431728465209,-0.125288198264235
"2021-01-05 08:00:00",0.0777443779370134,-0.432984960543245
"2021-01-05 09:00:00",-0.493024270649411,-0.635600509053882
"2021-01-05 10:00:00",-1.1484155601179,-0.636805838223788
"2021-01-05 11:00:00",-1.92962503538298,-0.838874523255808
"2021-01-05 12:00:00",-2.83075379700918,-0.897323319418919
"2021-01-05 13:00:00",-3.34610591575633,-0.232572059371401
"2021-01-05 14:00:00",-3.04108034243485,0.653235092788581
"2021-01-05 15:00:00",-2.13953922365111,1.02815373855104
"2021-01-05 16:00:00",-1.1219121206877,0.965009479671846
"2021-01-05 17:00:00",-0.303575607348818,0.683115055276438
"2021-01-05 18:00:00",0.368115548353614,0.632548205669243
"2021-01-05 19:00:00",0.924567848989288,0.478805947404291
"2021-01-05 20:00:00",1.3211150165588,0.321673847744431
"2021-01-05 21:00:00",1.68779380345899,0.377554848978782
"2021-01-05 22:00:00",2.03724770599946,0.311939546467517
"2021-01-05 23:00:00",2.2968911432362,0.209816676208556
"2021-01-06 00:00:00",2.37463599941611,-0.0169556844367419
"2021-01-06 01:00:00",2.32478876547297,-0.0724657999029642
"2021-01-06 02:00:00",2.13854133484512,-0.256245922875796
"2021-01-06 03:00:00",1.9228386003035,-0.181180059142548
"2021-01-06 04:00:00",1.67723577647851,-0.279357480463956
"2021-01-06 05:00:00",1.36481416974234,-0.321779189615027
"2021-01-06 06:00:00",1.11934183628471,-0.184695962365929
"2021-01-06 07:00:00",0.898523794106148,-0.235848269082176
"2021-01-06 08:00:00",0.523120333524422,-0.451757584324809
"2021-01-06 09:00:00",-0.0910735271576065,-0.693970873453172
"2021-01-06 10:00:00",-0.942689224971586,-0.916124882642099
"2021-01-06 11:00:00",-1.89718958998066,-0.93351159823426
"2021-01-06 12:00:00",-2.64599799629337,-0.58764742289561
"2021-01-06 13:00:00",-2.90733174866553,-0.0279669506507101
"2021-01-06 14:00:00",-2.80160932657623,0.193569676914675
"2021-01-06 15:00:00",-2.46493978880604,0.419679653304135
"2021-01-06 16:00:00",-1.98579285449819,0.499198674243011
"2021-01-06 17:00:00",-1.53337493121239,0.40229155848108
"2021-01-06 18:00:00",-1.23426682413956,0.218082777986484
"2021-01-06 19:00:00",-0.950069294391891,0.316358872486213
"2021-01-06 20:00:00",-0.733358634563965,0.141205945346328
"2021-01-06 21:00:00",-0.589656274891507,0.139482966725866
"2021-01-06 22:00:00",-0.459433334192626,0.118621412478011
"2021-01-06 23:00:00",-0.330380895761764,0.130465873008377
"2021-01-07 00:00:00",-0.326306130968805,-0.0799524519540696
"2021-01-07 01:00:00",-0.374802603215677,-0.024801175881704
"2021-01-07 02:00:00",-0.337474324247923,0.0774563682911385
"2021-01-07 03:00:00",-0.25358093938528,0.0846329648956485
"2021-01-07 04:00:00",-0.134138963129548,0.137298548762458
"2021-01-07 05:00:00",0.0599678716255511,0.222927403844647
"2021-01-07 06:00:00",0.217821187660717,0.106892961994649
"2021-01-07 07:00:00",0.207062866958723,-0.0889606377623205
"2021-01-07 08:00:00",-0.0634157990688545,-0.378902486463156
"2021-01-07 09:00:00",-0.608874885127671,-0.630493358940489
"2021-01-07 10:00:00",-1.29567164504322,-0.69091099171564
"2021-01-07 11:00:00",-1.87073628501668,-0.468838745916578
"2021-01-07 12:00:00",-2.75476211813425,-1.11639358193002
"2021-01-07 13:00:00",-3.28195275434487,-0.105793780190673
"2021-01-07 14:00:00",-3.11668598591542,0.342346484439221
"2021-01-07 15:00:00",-2.60671050911743,0.601508689720109
"2021-01-07 16:00:00",-2.00343062637534,0.579152181677399
"2021-01-07 17:00:00",-1.44314827582946,0.523660030672666
"2021-01-07 18:00:00",-0.980937693366098,0.401140661214654
"2021-01-07 19:00:00",-0.63574017848617,0.292763182686713
"2021-01-07 20:00:00",-0.428276976380976,0.141558204035087
"2021-01-07 21:00:00",-0.349299717709469,0.0340562612210667
"2021-01-07 22:00:00",-0.270752695044859,0.104924630788616
"2021-01-07 23:00:00",-0.214693048796218,0.021168513160773
"2021-01-08 00:00:00",-0.164641849001437,0.0672042502906488
"2021-01-08 01:00:00",-0.10544265993856,0.0512616211804748
"2021-01-08 02:00:00",-0.0627800322708864,0.035038634575367
"2021-01-08 03:00:00",-0.0333390294178051,0.0243911920214346
"2021-01-08 04:00:00",-0.0449451165042451,-0.0350093930128538
"2021-01-08 05:00:00",0.0277604273638917,0.141117282823079
"2021-01-08 06:00:00",-0.0246930182534365,-0.179041633617134
"2021-01-08 07:00:00",-0.514885132452397,-0.674296826630125
"2021-01-08 08:00:00",-1.04702099719328,-0.411413259820261
"2021-01-08 09:00:00",-1.47654719941578,-0.419841297215354
"2021-01-08 10:00:00",-1.89162600386716,-0.390276912683315
"2021-01-08 11:00:00",-2.31662039232465,-0.425505979714296
"2021-01-08 12:00:00",-2.81254062720119,-0.516311280075414
"2021-01-08 13:00:00",-3.04065506633274,-0.0215223817196085
"2021-01-08 14:00:00",-2.83467208720026,0.351780651008734
"2021-01-08 15:00:00",-2.42122527418858,0.438562911788107
"2021-01-08 16:00:00",-1.89962725156491,0.555287804655177
"2021-01-08 17:00:00",-1.28334948996667,0.630099773615851
"2021-01-08 18:00:00",-1.09932827708964,-0.120450316557275
"2021-01-08 19:00:00",-1.4797466480103,-0.534233650288241
"2021-01-08 20:00:00",-2.41829934533854,-1.16158795456032
"2021-01-08 21:00:00",-3.02382297724656,-0.202930048533174
"2021-01-08 22:00:00",-2.62992394264994,0.776957017789974
"2021-01-08 23:00:00",-1.87067616263385,0.714751763203972
"2021-01-09 00:00:00",-1.27333039112248,0.493101492022908
"2021-01-09 01:00:00",-0.900604861790747,0.276405375028977
"2021-01-09 02:00:00",-0.711593134158049,0.122929080974135
"2021-01-09 03:00:00",-0.57158645975932,0.145655472795048
"2021-01-09 04:00:00",-0.356699249195114,0.251566163619464
"2021-01-09 05:00:00",-0.109246774002027,0.233410921150992
"2021-01-09 06:00:00",0.0153485102239615,0.0462728401167652
"2021-01-09 07:00:00",-0.19776658170572,-0.375930141562671
"2021-01-09 08:00:00",-0.582396742503301,-0.371897856370235
"2021-01-09 09:00:00",-1.05971954913806,-0.524172371420818
"2021-01-09 10:00:00",-1.46036129943082,-0.297885607056149
"2021-01-09 11:00:00",-1.93922214187886,-0.574871984482373
"2021-01-09 12:00:00",-2.67722554560175,-0.809187523546313
"2021-01-09 13:00:00",-2.41888383875641,0.961189454868829
"2021-01-09 14:00:00",-1.82259182847962,0.327812711056985
"2021-01-09 15:00:00",-1.85595696499184,-0.270212222712492
"2021-01-09 16:00:00",-1.78921567397293,0.290593242976107
"2021-01-09 17:00:00",-1.17066574957758,0.810096495460053
"2021-01-09 18:00:00",-0.727248153652672,0.179406725671086
"2021-01-09 19:00:00",-0.487232030235695,0.269953422189287
"2021-01-09 20:00:00",-0.219153827238265,0.254717019188436
"2021-01-09 21:00:00",-0.012970952099121,0.164312049229477
"2021-01-09 22:00:00",0.199810073644492,0.234998627070678
"2021-01-09 23:00:00",0.322382537810596,0.0415409172413005
"2021-01-10 00:00:00",0.183695609226869,-0.252661901015391
"2021-01-10 01:00:00",-0.0157886811449298,-0.154790493551663
"2021-01-10 02:00:00",-0.175093852008074,-0.154724480291587
"2021-01-10 03:00:00",-0.140362838358944,0.159607770161384
"2021-01-10 04:00:00",0.0807455515012514,0.251782052036648
"2021-01-10 05:00:00",0.359812744845603,0.283891837928787
"2021-01-10 06:00:00",0.573850155948677,0.156834007393931
"2021-01-10 07:00:00",0.413524618522715,-0.364882552768618
"2021-01-10 08:00:00",-0.134296932990392,-0.644279559644787
"2021-01-10 09:00:00",-0.815571480148893,-0.673390672077043
"2021-01-10 10:00:00",-1.45796807485476,-0.590157010744684
"2021-01-10 11:00:00",-2.01644702340984,-0.508943305576004
"2021-01-10 12:00:00",-3.12261124396562,-1.44914216676609
"2021-01-10 13:00:00",-3.78681917337483,-0.105340769742527
"2021-01-10 14:00:00",-3.62632633460972,0.334965409698641
"2021-01-10 15:00:00",-3.15742775532211,0.540576958338149
"2021-01-10 16:00:00",-2.45199549534372,0.785880895987323
"2021-01-10 17:00:00",-1.75150984416437,0.613429453512228
"2021-01-10 18:00:00",-1.40427916853661,0.155524634166855
"2021-01-10 19:00:00",-1.50725712468542,-0.268607107794975
"2021-01-10 20:00:00",-1.63985096849853,-0.0336768486503253
"2021-01-10 21:00:00",-1.77683667293704,-0.197234532856329
"2021-01-10 22:00:00",-1.87803657777187,-0.0300793237113092
"2021-01-10 23:00:00",-1.68796531651299,0.330223801611072
"2021-01-11 00:00:00",-1.38188832371499,0.277609915274772
"2021-01-11 01:00:00",-1.18228185110022,0.139900580888018
"2021-01-11 02:00:00",-1.0603217913305,0.105727934210173
"2021-01-11 03:00:00",-0.928853803456794,0.143746785230419
"2021-01-11 04:00:00",-0.650198069683908,0.356548887500931
"2021-01-11 05:00:00",-0.220993780249392,0.458082735415277
"2021-01-11 06:00:00",0.143837088608362,0.285612252339904
"2021-01-11 07:00:00",0.278537867807989,0.0275085894625472
"2021-01-11 08:00:00",0.0917661334435368,-0.321106517789057
"2021-01-11 09:00:00",-0.295269174277025,-0.412713671477159
"2021-01-11 10:00:00",-0.606997258336406,-0.229211896826626
"2021-01-11 11:00:00",-1.15149230709955,-0.728024033585313
"2021-01-11 12:00:00",-2.13385805493164,-1.10375882643642
"2021-01-11 13:00:00",-3.0266779258627,-0.707020372042975
"2021-01-11 14:00:00",-3.43574953928803,-0.187103482503258
"2021-01-11 15:00:00",-3.19603956130594,0.517283901071673
"2021-01-11 16:00:00",-2.66942887066655,0.511922646339377
"2021-01-11 17:00:00",-2.13825386426006,0.52220841561407
"2021-01-11 18:00:00",-1.43371320103074,0.795369464591704
"2021-01-11 19:00:00",-0.712649250662362,0.639110759720895
"2021-01-11 20:00:00",-0.220876123004749,0.371099274432309
"2021-01-11 21:00:00",-0.0525238116269354,0.025474581415079
"2021-01-11 22:00:00",0.126518448383613,0.272978689988399
"2021-01-11 23:00:00",0.302863679829598,0.103381171986758
"2021-01-12 00:00:00",0.53026353426935,0.298881414200441
"2021-01-12 01:00:00",0.909013439779958,0.413313418634354
"2021-01-12 02:00:00",1.03586719626762,-0.0713154819105775
"2021-01-12 03:00:00",0.979536537902228,-0.0449989622167361
"2021-01-12 04:00:00",1.16345973171861,0.3265332452587
"2021-01-12 05:00:00",1.47594358108026,0.28676948300431
"2021-01-12 06:00:00",1.65248377226665,0.0927642684373804
"2021-01-12 07:00:00",1.52128261199954,-0.276403709764542
"2021-01-12 08:00:00",1.14722289484848,-0.423347861966115
"2021-01-12 09:00:00",0.507988566506072,-0.754258507465859
"2021-01-12 10:00:00",-0.375191152118879,-0.927812198629335
"2021-01-12 11:00:00",-1.06900091302941,-0.504357910248579
"2021-01-12 12:00:00",-2.07346118206615,-1.28874738733306
"2021-01-12 13:00:00",-2.5594450670646,0.0749482280832725
"2021-01-12 14:00:00",-2.37845941150594,0.24637384620329
"2021-01-12 15:00:00",-2.45689592167516,-0.288180960977367
"2021-01-12 16:00:00",-2.46688789937059,0.179104966048109
"2021-01-12 17:00:00",-1.9339985174178,0.746597930899725
"2021-01-12 18:00:00",-1.64851812109596,-0.0329997978067139
"2021-01-12 19:00:00",-1.53913504899658,0.201229840198779
"2021-01-12 20:00:00",-0.629615594465701,1.34046808863092
"2021-01-12 21:00:00",0.025866689770546,0.16849602665273
"2021-01-12 22:00:00",-0.356430817688028,-0.731353787316745
"2021-01-12 23:00:00",-0.849029263214057,-0.309563652592306
"2021-01-13 00:00:00",-1.02826816088533,-0.0827458243319361
"2021-01-13 01:00:00",-1.14061100855601,-0.125410381110998
"2021-01-13 02:00:00",-1.01629330413868,0.286362568408489
"2021-01-13 03:00:00",-0.693978897068058,0.332275311881956
"2021-01-13 04:00:00",-0.122663486475904,0.704418498652999
"2021-01-13 05:00:00",0.476211430759782,0.500213631984739
"2021-01-13 06:00:00",0.589061199599991,-0.151364632059651
"2021-01-13 07:00:00",0.298662816308373,-0.370045500550399
"2021-01-13 08:00:00",-0.0250030485532312,-0.277751092349579
"2021-01-13 09:00:00",-0.0923399715121534,0.0761688439593351
"2021-01-13 10:00:00",-0.260007457633204,-0.322135850539601
"2021-01-13 11:00:00",-0.650692185612489,-0.417483075180366
"2021-01-13 12:00:00",-1.21148427089661,-0.628842851192329
"2021-01-13 13:00:00",-1.23468547775698,0.383216681393335
"2021-01-13 14:00:00",-0.90070810277888,0.286872345948058
"2021-01-13 15:00:00",-0.62596765016607,0.254757819318961
"2021-01-13 16:00:00",-0.330429007201742,0.309488211818932
"2021-01-13 17:00:00",-0.431102981731788,-0.368901056150904
"2021-01-13 18:00:00",-0.233255671008197,0.566827106401073
"2021-01-13 19:00:00",-0.320470800582535,-0.518790934339108
"2021-01-13 20:00:00",-0.668986038588412,-0.218025849362609
"2021-01-13 21:00:00",-0.757869627068838,0.00229553969973538
"2021-01-13 22:00:00",-0.888519970563029,-0.212094425663647
"2021-01-13 23:00:00",-1.15401654016984,-0.287336227566006
"2021-01-14 00:00:00",-1.18792806234171,0.138133938841701
"2021-01-14 01:00:00",-0.855008616052418,0.448484896151982
"2021-01-14 02:00:00",-0.475863081960761,0.316005082725156
"2021-01-14 03:00:00",-0.705788771871748,-0.582334267637131
"2021-01-14 04:00:00",-0.927097653452167,0.0307965712096639
"2021-01-14 05:00:00",-0.634752228849748,0.454010965599984
"2021-01-14 06:00:00",0.385808300007353,1.35057540925092
"2021-01-14 07:00:00",0.710092380303419,-0.375805490960538
"2021-01-14 08:00:00",-0.520081428857628,-1.74220100940674
"2021-01-14 09:00:00",-1.02136126613317,0.350477624821407
"2021-01-14 10:00:00",-0.551680346854909,0.528145624691584
"2021-01-14 11:00:00",-0.617098296649908,-0.45730079603431
"2021-01-14 12:00:00",-1.19832396339607,-0.63542618987086
"2021-01-14 13:00:00",-1.45982345377432,0.00175120319218364
"2021-01-14 14:00:00",-1.45220716142025,0.0130454865053394
"2021-01-14 15:00:00",-1.48313029017547,-0.0568942882154829
"2021-01-14 16:00:00",-1.17728623073791,0.535043177289645
"2021-01-14 17:00:00",-0.663329631107916,0.476993277563647
"2021-01-14 18:00:00",-0.33983524283089,0.206646044180106
"2021-01-14 19:00:00",-0.403592921465822,-0.24055614463247
"2021-01-14 20:00:00",-0.643071137041069,-0.226859689398569
"2021-01-14 21:00:00",-0.60052841033369,0.220948355949003
"2021-01-14 22:00:00",-0.553548289056167,-0.0704553674586994
"2021-01-14 23:00:00",-0.580268222720404,0.00441954313160144
"2021-01-15 00:00:00",-0.467092508582615,0.181048295983775
"2021-01-15 01:00:00",-0.812352985047699,-0.679118608742596
"2021-01-15 02:00:00",-1.43051348345934,-0.547101061336372
"2021-01-15 03:00:00",-1.72538432714262,-0.110864782384349
"2021-01-15 04:00:00",-1.61212754303878,0.259510068255772
"2021-01-15 05:00:00",-1.17478712562432,0.537187223738248
"2021-01-15 06:00:00",-0.783935872253506,0.276236414767973
"2021-01-15 07:00:00",-1.10144780012323,-0.697239323533855
"2021-01-15 08:00:00",-1.79484836637329,-0.656472167949906
"2021-01-15 09:00:00",-2.3887984419089,-0.521732425831718
"2021-01-15 10:00:00",-3.09078812136024,-0.785722856090106
"2021-01-15 11:00:00",-4.01500069782539,-0.968636731737549
"2021-01-15 12:00:00",-4.85395281926179,-0.707456998599356
"2021-01-15 13:00:00",-5.28780409660871,-0.224579431392499
"2021-01-15 14:00:00",-5.09641121348759,0.466422044513327
"2021-01-15 15:00:00",-4.80326389363778,0.170269831261779
"2021-01-15 16:00:00",-4.68574416298932,0.0829585944717139
"2021-01-15 17:00:00",-4.56488149214977,0.146426340868694
"2021-01-15 18:00:00",-4.63908720799668,-0.211882771999676
"2021-01-15 19:00:00",-5.1106588750406,-0.616307979354715
"2021-01-15 20:00:00",-5.40317949098834,-0.0561800594991993
"2021-01-15 21:00:00",-5.27466277190435,0.252501304295444
"2021-01-15 22:00:00",-5.24564402319738,-0.114549147031304
"2021-01-15 23:00:00",-5.46224078775662,-0.267575306049165
"2021-01-16 00:00:00",-5.15237410222175,0.687135457383742
"2021-01-16 01:00:00",-4.71098500991856,0.263225753579494
"2021-01-16 02:00:00",-4.3239702803662,0.457219181575113
"2021-01-16 03:00:00",-4.05035909733614,0.143777942321417
"2021-01-16 04:00:00",-3.84511512646434,0.241686843824775
"2021-01-16 05:00:00",-3.62052685135645,0.207471930197762
"2021-01-16 06:00:00",-3.43268894481536,0.17048823734022
"2021-01-16 07:00:00",-3.24037911338404,0.202142223269771
"2021-01-16 08:00:00",-3.22021531542443,-0.0979357329933552
"2021-01-16 09:00:00",-3.6367079089093,-0.604919226756785
"2021-01-16 10:00:00",-4.41446603498669,-0.851337298225806
"2021-01-16 11:00:00",-5.17171551191901,-0.652852853319601
"2021-01-16 12:00:00",-6.12061220908748,-1.09450071102754
"2021-01-16 13:00:00",-6.41624299504568,0.258875337123492
"2021-01-16 14:00:00",-6.11879434625509,0.317297129234572
"2021-01-16 15:00:00",-5.7019979067376,0.471206944179962
"2021-01-16 16:00:00",-5.26763943304356,0.396500376321071
"2021-01-16 17:00:00",-4.82173321937659,0.464441562165764
"2021-01-16 18:00:00",-4.33333200204413,0.48737880318286
"2021-01-16 19:00:00",-3.88367383942161,0.408727940055074
"2021-01-16 20:00:00",-3.6259344792763,0.149838885532982
"2021-01-16 21:00:00",-3.75832884290008,-0.309583022829544
"2021-01-16 22:00:00",-4.14205556768955,-0.410077610060723
"2021-01-16 23:00:00",-4.40503668477137,-0.147084318314135
"2021-01-17 00:00:00",-4.03350617041689,0.705289309338545
"2021-01-17 01:00:00",-3.61481235179664,0.212934886459372
"2021-01-17 02:00:00",-3.61867067728461,-0.143543312804315
"2021-01-17 03:00:00",-4.0457676108393,-0.591171109009609
"2021-01-17 04:00:00",-4.14278793984156,0.242231655681775
"2021-01-17 05:00:00",-3.78731542329856,0.419411700156715
"2021-01-17 06:00:00",-3.43054009107619,0.302945043441019
"2021-01-17 07:00:00",-3.40944145995389,-0.163377814027435
"2021-01-17 08:00:00",-3.70866003032949,-0.371165477632682
"2021-01-17 09:00:00",-4.02985395171018,-0.267838222042929
"2021-01-17 10:00:00",-4.40568191514679,-0.424767951419437
"2021-01-17 11:00:00",-4.91600958883807,-0.537438938402878
"2021-01-17 12:00:00",-5.44034995383259,-0.484357064717592
"2021-01-17 13:00:00",-5.59867119397912,0.0735660354728959
"2021-01-17 14:00:00",-5.42901100731795,0.232874151103911
"2021-01-17 15:00:00",-5.22274801639192,0.18571683267916
"2021-01-17 16:00:00",-5.06493614156022,0.138439775692689
"2021-01-17 17:00:00",-4.84675080354256,0.267506774858376
"2021-01-17 18:00:00",-5.02130026547098,-0.454708655996819
"2021-01-17 19:00:00",-5.40676030254992,-0.314507832949604
"2021-01-17 20:00:00",-6.2090254188216,-1.08234088925898
"2021-01-17 21:00:00",-6.92314410643886,-0.426705986895781
"2021-01-17 22:00:00",-7.06474814692417,0.0641107760070145
"2021-01-17 23:00:00",-6.85689433628651,0.302907404118697
"2021-01-18 00:00:00",-6.12658457914554,0.989371754744668
"2021-01-18 01:00:00",-5.76558118880418,-0.0671617274684611
"2021-01-18 02:00:00",-5.80920293760142,-0.0184263147770935
"2021-01-18 03:00:00",-5.64019268703699,0.293420302851978
"2021-01-18 04:00:00",-5.16285650250679,0.584529917992646
"2021-01-18 05:00:00",-4.60598859085564,0.5186177151299
"2021-01-18 06:00:00",-4.23723472997554,0.257258624620612
"2021-01-18 07:00:00",-4.17654493841229,-0.0677777387605261
"2021-01-18 08:00:00",-4.3310570399942,-0.199609838941908
"2021-01-18 09:00:00",-4.53473862260182,-0.191136233347218
"2021-01-18 10:00:00",-4.80588954393063,-0.305764782652131
"2021-01-18 11:00:00",-4.9229355842119,0.0205191280397537
"2021-01-18 12:00:00",-5.40217184640603,-0.78328421580039
"2021-01-18 13:00:00",-5.34432672583853,0.622800981099509
"2021-01-18 14:00:00",-4.36764677184716,1.17307075228034
"2021-01-18 15:00:00",-2.89101599524456,1.61446028917817
"2021-01-18 16:00:00",-1.78395877385822,0.719912932830692
"2021-01-18 17:00:00",-1.57239098408501,-0.135078005255623
"2021-01-18 18:00:00",-1.40991052432869,0.355154624375534
"2021-01-18 19:00:00",-0.783912031726147,0.778627776601292
"2021-01-18 20:00:00",-0.299336297479278,0.266527772578689
"2021-01-18 21:00:00",0.300741850165706,0.794311699625745
"2021-01-18 22:00:00",1.17516191956844,0.885885331855038
"2021-01-18 23:00:00",1.73174706027,0.30909251566571
"2021-01-19 00:00:00",2.00220950058828,0.229625769210134
"2021-01-19 01:00:00",2.22108113888613,0.198721660912101
"2021-01-19 02:00:00",2.28139573819598,-0.0376834012237418
"2021-01-19 03:00:00",2.3440381575573,0.12360864459722
"2021-01-19 04:00:00",2.60466961599808,0.336572899516456
"2021-01-19 05:00:00",2.87054929516146,0.202760865177576
"2021-01-19 06:00:00",2.87972186678721,-0.124018960338845
"2021-01-19 07:00:00",2.61468857684731,-0.350157838746478
"2021-01-19 08:00:00",2.18487116465773,-0.465867525597909
"2021-01-19 09:00:00",1.54850211041701,-0.722610384887374
"2021-01-19 10:00:00",0.679648591511801,-0.927055325227206
"2021-01-19 11:00:00",-0.714123512812435,-1.63955599983216
"2021-01-19 12:00:00",-2.15651380419205,-1.24148703253579
"2021-01-19 13:00:00",-2.99577075260974,-0.528448268543898
"2021-01-19 14:00:00",-2.83007344041517,0.624439714546573
"2021-01-19 15:00:00",-1.89619726657847,1.09943328303285
"2021-01-19 16:00:00",-0.846589821642468,0.968957541667242
"2021-01-19 17:00:00",0.0256219681258841,0.767359680846342
"2021-01-19 18:00:00",0.81050175448121,0.759229659870093
"2021-01-19 19:00:00",1.74374616641684,1.0038607012433
"2021-01-19 20:00:00",3.08010097953413,1.49226410048567
"2021-01-19 21:00:00",4.4311506464595,1.18873828673631
"2021-01-19 22:00:00",5.13903280739174,0.347968764657765
"2021-01-19 23:00:00",6.63070280395821,2.17661925612709
"2021-01-20 00:00:00",7.17119127885366,-0.584474893861424
"2021-01-20 01:00:00",6.6188037048117,-0.513988052638437
"2021-01-20 02:00:00",5.7578913451606,-1.05981027958351
"2021-01-20 03:00:00",4.80994287443156,-0.835748884281565
"2021-01-20 04:00:00",4.18951818622968,-0.453593540682805
"2021-01-20 05:00:00",3.99069937164094,-0.0249227220438265
"2021-01-20 06:00:00",3.61505336230142,-0.596749521216209
"2021-01-20 07:00:00",3.17619061059824,-0.317410551465137
"2021-01-20 08:00:00",3.12695542761178,0.127792171551173
"2021-01-20 09:00:00",3.22040617677012,0.0620867540293663
"2021-01-20 10:00:00",3.37885669542285,0.21101267385441
"2021-01-20 11:00:00",3.92439582617538,0.738275348498103
"2021-01-20 12:00:00",4.44110994074915,0.339398241107267
"2021-01-20 13:00:00",4.69453617092271,0.178347078930614
"2021-01-20 14:00:00",5.18143513854712,0.663410263409027
"2021-01-20 15:00:00",5.66880938009428,0.340182392744105
"2021-01-20 16:00:00",6.34099105849431,0.854264348283926
"2021-01-20 17:00:00",7.02666429890374,0.532527343990101
"2021-01-20 18:00:00",6.66527657280867,-0.949202645081727
"2021-01-20 19:00:00",5.91540901394455,-0.589935370579953
"2021-01-20 20:00:00",6.19252443392126,0.834348588620637
"2021-01-20 21:00:00",6.2502821930887,-0.470684977112721
"2021-01-20 22:00:00",6.96458888809994,1.46229030252923
"2021-01-20 23:00:00",7.28000234644825,-0.473120958734219
"2021-01-21 00:00:00",6.56255959034513,-0.855609760674052
"2021-01-21 01:00:00",5.84227071126548,-0.604305304735028
"2021-01-21 02:00:00",5.40444735573909,-0.31356050640885
"2021-01-21 03:00:00",5.99845131127779,1.16384586515215
"2021-01-21 04:00:00",7.44600155905643,1.5601670689068
"2021-01-21 05:00:00",7.98600978085634,-0.175341904204216
"2021-01-21 06:00:00",7.49884132958052,-0.682190106353096
"2021-01-21 07:00:00",7.84878423998344,1.01172791591869
"2021-01-21 08:00:00",8.46322694761293,0.310278549209408
"2021-01-21 09:00:00",9.34940926916582,1.21709518555637
"2021-01-21 10:00:00",10.4551755094319,0.9669552894101
"2021-01-21 11:00:00",10.9813641771397,0.193872581343987
"2021-01-21 12:00:00",11.1611642312514,0.147724006859844
"2021-01-21 13:00:00",11.0861243107978,-0.234363072834043
"2021-01-21 14:00:00",10.6991886778956,-0.484547551867727
"2021-01-21 15:00:00",10.2451791223336,-0.425863921329385
"2021-01-21 16:00:00",9.93452413245105,-0.232290102183004
"2021-01-21 17:00:00",9.94592450501166,0.160514618859071
"2021-01-21 18:00:00",9.87021657049388,-0.242405656326494
"2021-01-21 19:00:00",9.61306708280918,-0.267477682113655
"2021-01-21 20:00:00",8.88861225193501,-1.00706284009187
"2021-01-21 21:00:00",8.36251668572295,-0.191910243097682
"2021-01-21 22:00:00",8.58468801613968,0.47688770315307
"2021-01-21 23:00:00",9.51027389515951,1.16966750017629
"2021-01-22 00:00:00",9.41676973589176,-0.943415998398967
"2021-01-22 01:00:00",9.82340668210208,1.27519948785631
"2021-01-22 02:00:00",10.9299087750285,0.928800397477853
"2021-01-22 03:00:00",11.7475856493727,0.690656065988032
"2021-01-22 04:00:00",12.1914031502694,0.243033430160356
"2021-01-22 05:00:00",12.2710463211126,-0.0487762080212937
"2021-01-22 06:00:00",12.2115057666418,-0.0796997520794392
"2021-01-22 07:00:00",12.1258532981489,-0.101286421918817
"2021-01-22 08:00:00",12.0146066205318,-0.128225686955485
"2021-01-22 09:00:00",11.5794767448027,-0.634534086112865
"2021-01-22 10:00:00",9.35580312544137,-3.19233578177258
"2021-01-22 11:00:00",6.76539210149748,-2.07809581827041
"2021-01-22 12:00:00",4.83808746667711,-1.74391245651862
"2021-01-22 13:00:00",3.71227081789104,-0.666496000066072
"2021-01-22 14:00:00",3.53795062804646,0.157291435733846
"2021-01-22 15:00:00",3.70093366387796,0.154473534850607
"2021-01-22 16:00:00",3.9781993979563,0.341181319444569
"2021-01-22 17:00:00",3.50822664866765,-0.993526471279919
"2021-01-22 18:00:00",2.08822408333694,-1.64135822985648
"2021-01-22 19:00:00",1.13227669033212,-0.456279432951178
"2021-01-22 20:00:00",0.581110053980652,-0.589691664757426
"2021-01-22 21:00:00",0.0967137505069843,-0.391931197907641
"2021-01-22 22:00:00",-0.583734056302039,-0.840579142629339
"2021-01-22 23:00:00",-1.62165324741951,-1.11940354872356
"2021-01-23 00:00:00",0.00687036859853274,3.38514733998615
"2021-01-23 01:00:00",1.67641422057872,0.446483030492882
"2021-01-23 02:00:00",1.53189935009726,-0.53379977476743
"2021-01-23 03:00:00",1.31390430237658,0.00092286243423495
"2021-01-23 04:00:00",1.64071805154832,0.526847595705799
"2021-01-23 05:00:00",2.05519220327049,0.317750021834255
"2021-01-23 06:00:00",2.17043776079019,-0.027879842279554
"2021-01-23 07:00:00",1.86844733876917,-0.47317414420732
"2021-01-23 08:00:00",1.19640542841283,-0.775090852659544
"2021-01-23 09:00:00",0.264715379033308,-0.993356118962157
"2021-01-23 10:00:00",-0.774606984111611,-1.02091918815823
"2021-01-23 11:00:00",-1.84808880225924,-1.05651365771557
"2021-01-23 12:00:00",-2.70040911797068,-0.673310570290802
"2021-01-23 13:00:00",-2.72740125492154,0.40864191670541
"2021-01-23 14:00:00",-2.0679746986059,0.798792480095433
"2021-01-23 15:00:00",-1.38774937141785,0.571522808134585
"2021-01-23 16:00:00",-0.904152360972039,0.403788831929615
"2021-01-23 17:00:00",-0.441716381283154,0.480723843310515
"2021-01-23 18:00:00",-0.0203318525182825,0.36237092655323
"2021-01-23 19:00:00",0.0635141323417174,-0.105792277393502
"2021-01-23 20:00:00",-0.241785294495445,-0.423876155476216
"2021-01-23 21:00:00",-0.774026996807958,-0.578880831468587
"2021-01-23 22:00:00",-1.31286108888667,-0.485534259759905
"2021-01-23 23:00:00",-1.50453029319619,0.0150372642143824
"2021-01-24 00:00:00",-1.27633728530858,0.361389580096701
"2021-01-24 01:00:00",-1.01884395597344,0.177639098613644
"2021-01-24 02:00:00",-0.896958375236896,0.0802381507953583
"2021-01-24 03:00:00",-0.708070016841678,0.253500568527304
"2021-01-24 04:00:00",-0.424010800930774,0.291845407579031
"2021-01-24 05:00:00",-0.0980687613215583,0.333730565492194
"2021-01-24 06:00:00",0.119648170772656,0.130156420027299
"2021-01-24 07:00:00",0.0579856126118908,-0.186763727444953
"2021-01-24 08:00:00",-0.241396979499057,-0.360308817265368
"2021-01-24 09:00:00",-0.800953529341473,-0.665485294639581
"2021-01-24 10:00:00",-1.61011392335052,-0.865459286799343
"2021-01-24 11:00:00",-2.33885688575893,-0.600896104478202
"2021-01-24 12:00:00",-2.86360035732838,-0.446026594861345
"2021-01-24 13:00:00",-3.34589892300358,-0.47987092984468
"2021-01-24 14:00:00",-3.36732741898269,0.289524404110105
"2021-01-24 15:00:00",-2.94443250822585,0.496050507406198
"2021-01-24 16:00:00",-2.43287936657719,0.501373562803983
"2021-01-24 17:00:00",-2.05397771428324,0.28238492744302
"2021-01-24 18:00:00",-1.79559051281401,0.232757341037863
"2021-01-24 19:00:00",-1.50571903799835,0.316486204073805
"2021-01-24 20:00:00",-1.19552054475153,0.293206586897963
"2021-01-24 21:00:00",-0.932237394853557,0.232364025759099
"2021-01-24 22:00:00",-0.696053688404757,0.228708096309813
"2021-01-24 23:00:00",-0.49536614844935,0.173367873794503
"2021-01-25 00:00:00",-0.319717854191289,0.169460181478765
"2021-01-25 01:00:00",-0.389927090487485,-0.226237861392862
"2021-01-25 02:00:00",-0.468441133119708,0.0242002330198848
"2021-01-25 03:00:00",-0.273651423002289,0.299861454409165
"2021-01-25 04:00:00",0.0656435313737299,0.349813057684264
"2021-01-25 05:00:00",0.0500048702086314,-0.25861046928322
"2021-01-25 06:00:00",-0.133776817607171,-0.125227925475804
"2021-01-25 07:00:00",-0.395118844859413,-0.339492037895746
"2021-01-25 08:00:00",-0.708095133186886,-0.279917840402409
"2021-01-25 09:00:00",-1.02916222842643,-0.332330117596426
"2021-01-25 10:00:00",-1.50505154291237,-0.547653699010167
"2021-01-25 11:00:00",-2.14122046459386,-0.663008331126735
"2021-01-25 12:00:00",-2.16327177294275,0.409053178977784
"2021-01-25 13:00:00",-1.95187045156297,0.0723775722422036
"2021-01-25 14:00:00",-1.93236961647522,-0.0141612222855352
"2021-01-25 15:00:00",-1.89656242269209,0.0699074160814252
"2021-01-25 16:00:00",-1.7985959729086,0.114460755283083
"2021-01-25 17:00:00",-1.71145076715602,0.0671117261214945
"2021-01-25 18:00:00",-1.65708209719332,0.0454952466085713
"2021-01-25 19:00:00",-1.32271605220455,0.513189769866498
"2021-01-25 20:00:00",-0.97645877118101,0.220221359773897
"2021-01-25 21:00:00",-0.679704346737812,0.334932285769005
"2021-01-25 22:00:00",-0.52366054449484,0.0302475928226217
"2021-01-25 23:00:00",-0.754700881533426,-0.393575669614185
"2021-01-26 00:00:00",-1.36219293721619,-0.720260431839133
"2021-01-26 01:00:00",-2.11003919551037,-0.72894400887967
"2021-01-26 02:00:00",-2.63954992950843,-0.368676468691407
"2021-01-26 03:00:00",-2.84207992387259,-0.0787421435133086
"2021-01-26 04:00:00",-2.76156570100909,0.186519646088163
"2021-01-26 05:00:00",-2.63005803859391,0.0921430087682153
"2021-01-26 06:00:00",-2.64444641930041,-0.0813352980879676
"2021-01-26 07:00:00",-3.09022447623056,-0.664145078697168
"2021-01-26 08:00:00",-3.10324872510209,0.425649917611904
"2021-01-26 09:00:00",-2.70684436865988,0.362069597941063
"2021-01-26 10:00:00",-2.43557372041372,0.201336459776833
"2021-01-26 11:00:00",-2.26305473458328,0.148248139786279
"2021-01-26 12:00:00",-2.21331553056858,-0.0153797218068197
"2021-01-26 13:00:00",-2.01562800675926,0.333188036878407
"2021-01-26 14:00:00",-1.83461562693016,0.0735593948985164
"2021-01-26 15:00:00",-1.82367085930514,-0.0289536219435279
"2021-01-26 16:00:00",-1.90912909902842,-0.116716452946496
"2021-01-26 17:00:00",-1.70225574669389,0.415225847880854
"2021-01-26 18:00:00",-1.16944442086271,0.588074986467841
"2021-01-26 19:00:00",-0.558612274425111,0.598483919876014
"2021-01-26 20:00:00",-0.432014339847624,-0.193283429566763
"2021-01-26 21:00:00",-0.939608887184399,-0.692454490676036
"2021-01-26 22:00:00",-1.29583469165111,-0.113938740321842
"2021-01-26 23:00:00",-1.53120618822468,-0.30347078925243
"2021-01-27 00:00:00",-0.824024387264763,1.34930708174017
"2021-01-27 01:00:00",-0.267127257607855,0.00323120217387096
"2021-01-27 02:00:00",-0.394533019035572,-0.208097138834143
"2021-01-27 03:00:00",-0.482010470214073,-0.00240042010966841
"2021-01-27 04:00:00",-0.330582445281422,0.247403941608708
"2021-01-27 05:00:00",-0.204836617887984,0.0390924156490799
"2021-01-27 06:00:00",-0.0498007043332503,0.225227016338289
"2021-01-27 07:00:00",-0.246301417443075,-0.468246017797834
"2021-01-27 08:00:00",-0.46455710977335,-0.0409095404967099
"2021-01-27 09:00:00",-0.50284732964163,-0.0341258827392759
"2021-01-27 10:00:00",-0.462655687832403,0.0884739062438704
"2021-01-27 11:00:00",-0.312186852177254,0.185244083441236
"2021-01-27 12:00:00",-0.443809842480957,-0.336207211385423
"2021-01-27 13:00:00",-0.407576211667957,0.283373419446977
"2021-01-27 14:00:00",-0.186521205880538,0.169530908377866
"2021-01-27 15:00:00",-0.496170166787874,-0.614142135010287
"2021-01-27 16:00:00",-1.57542881156342,-1.3374060346086
"2021-01-27 17:00:00",-2.21115632663966,-0.135710292231103
"2021-01-27 18:00:00",-1.48306843621455,1.27219462526754
"2021-01-27 19:00:00",-0.959087958291915,0.00219134144460886
"2021-01-27 20:00:00",-0.993056868145556,-0.0552252790659366
"2021-01-27 21:00:00",-0.56060240709997,0.738298480615379
"2021-01-27 22:00:00",0.168583512445311,0.689182925184121
"2021-01-27 23:00:00",0.537397891587266,0.13749590193883
"2021-01-28 00:00:00",0.532914985983683,-0.0996133071436733
"2021-01-28 01:00:00",0.600677984313278,0.175438548988705
"2021-01-28 02:00:00",1.06212805864325,0.629419358214176
"2021-01-28 03:00:00",2.02903911123277,1.14458606544555
"2021-01-28 04:00:00",3.08764158891663,0.948362334915709
"2021-01-28 05:00:00",3.96218613610155,0.779797004624778
"2021-01-28 06:00:00",4.31725095719256,0.0499367124478921
"2021-01-28 07:00:00",4.02928755301844,-0.505105694154684
"2021-01-28 08:00:00",3.12258506193167,-1.13653536442188
"2021-01-28 09:00:00",1.96791537521045,-1.11591361866958
"2021-01-28 10:00:00",0.966699082054127,-0.87971139501621
"2021-01-28 11:00:00",0.199553696807138,-0.65689407637587
"2021-01-28 12:00:00",-0.320288040923661,-0.404029655825712
"2021-01-28 13:00:00",-0.720100045566793,-0.377588753485956
"2021-01-28 14:00:00",-0.999300464339546,-0.199413962597949
"2021-01-28 15:00:00",-1.36250868091736,-0.45385542412449
"2021-01-28 16:00:00",-2.02856758347706,-0.774119082201186
"2021-01-28 17:00:00",-2.94815520089892,-0.970252785090507
"2021-01-28 18:00:00",-3.30165890198248,0.0782526505513869
"2021-01-28 19:00:00",-3.57125637101137,-0.484428025496576
"2021-01-28 20:00:00",-4.47940978441595,-1.14287545654374
"2021-01-28 21:00:00",-4.88968974525751,0.103377165277805
"2021-01-28 22:00:00",-4.84501829858453,0.00971303724943777
"2021-01-28 23:00:00",-4.54970645876844,0.477918062477587
"2021-01-29 00:00:00",-4.85157564218759,-0.801511194837295
"2021-01-29 01:00:00",-5.56924281975338,-0.621417309036447
"2021-01-29 02:00:00",-5.97460856086888,-0.234894576664051
"2021-01-29 03:00:00",-5.64277785684193,0.701571641604116
"2021-01-29 04:00:00",-5.54487056938069,-0.301910042214923
"2021-01-29 05:00:00",-5.60378055597591,0.113031771775124
"2021-01-29 06:00:00",-6.12569816379181,-0.913187839560428
"2021-01-29 07:00:00",-6.63823190537026,-0.213186704456239
"2021-01-29 08:00:00",-6.30558377892948,0.689278631764479
"2021-01-29 09:00:00",-5.51740665482754,0.824780014870237
"2021-01-29 10:00:00",-5.25012474106606,-0.109968560510513
"2021-01-29 11:00:00",-5.53397262113756,-0.379511909498897
"2021-01-29 12:00:00",-5.98429822564479,-0.469003699885379
"2021-01-29 13:00:00",-6.05324388809977,0.208742779944688
"2021-01-29 14:00:00",-5.7431370500842,0.370745840099444
"2021-01-29 15:00:00",-5.35767873150799,0.384350321561652
"2021-01-29 16:00:00",-4.97206828478318,0.37503043688106
"2021-01-29 17:00:00",-4.38114662208168,0.71317348067133
"2021-01-29 18:00:00",-3.75517027362441,0.543745442750701
"2021-01-29 19:00:00",-3.35301928051816,0.293485228987579
"2021-01-29 20:00:00",-3.1995024623551,0.0572317877535126
"2021-01-29 21:00:00",-3.07200845183401,0.172399131772172
"2021-01-29 22:00:00",-2.98994955619916,0.0218922807457074
"2021-01-29 23:00:00",-2.9533789325622,0.0484710435405603
"2021-01-30 00:00:00",-2.83375364938234,0.165181835445584
"2021-01-30 01:00:00",-2.76450475275762,0.00565558514761071
"2021-01-30 02:00:00",-2.68632132385997,0.126381609583868
"2021-01-30 03:00:00",-2.53909462262861,0.157588657751218
"2021-01-30 04:00:00",-2.17983860940338,0.479898894804356
"2021-01-30 05:00:00",-1.71673283291189,0.432712995314937
"2021-01-30 06:00:00",-1.58209953432202,-0.068268652150912
"2021-01-30 07:00:00",-2.24317988063867,-1.02282865959466
"2021-01-30 08:00:00",-2.81898206956328,-0.247537279668526
"2021-01-30 09:00:00",-2.66727935241012,0.414281926575683
"2021-01-30 10:00:00",-2.60460190535961,-0.171262922885005
"2021-01-30 11:00:00",-2.78422322329942,-0.173301718829194
"2021-01-30 12:00:00",-3.46439506527456,-0.982170476489258
"2021-01-30 13:00:00",-4.22474441189611,-0.571875577474464
"2021-01-30 14:00:00",-4.50740326418335,-0.0709752084407309
"2021-01-30 15:00:00",-4.31135139546201,0.370558871245117
"2021-01-30 16:00:00",-4.56696534031076,-0.655353230688707
"2021-01-30 17:00:00",-5.65792109706308,-1.32362604199695
"2021-01-30 18:00:00",-6.28134530789564,-0.119715393573451
"2021-01-30 19:00:00",-6.47413405222942,-0.224248176274084
"2021-01-30 20:00:00",-6.20899360562326,0.587137248712252
"2021-01-30 21:00:00",-5.41340937902634,0.904741759630994
"2021-01-30 22:00:00",-5.03031918640558,0.0240998582176261
"2021-01-30 23:00:00",-5.49260903152954,-0.758094400285702
"2021-01-31 00:00:00",-6.24331745661454,-0.70303359096601
"2021-01-31 01:00:00",-7.00847999347207,-0.76217599007365
"2021-01-31 02:00:00",-8.01540193868846,-1.11320377571069
"2021-01-31 03:00:00",-9.52486524205993,-1.69157451654922
"2021-01-31 04:00:00",-11.6309507810374,-2.27006801658425
"2021-01-31 05:00:00",-11.951079547164,1.01000865708547
"2021-01-31 06:00:00",-11.2368424338779,0.498519439042213
"2021-01-31 07:00:00",-10.7559496546619,0.460769901860375
"2021-01-31 08:00:00",-10.3632554011741,0.342510746752651
"2021-01-31 09:00:00",-9.82116379349197,0.662737466012869
"2021-01-31 10:00:00",-8.53563981376589,1.65227620350869
"2021-01-31 11:00:00",-7.40400249788619,0.741774904038167
"2021-01-31 12:00:00",-7.02745759782417,0.124709941970395
"2021-01-31 13:00:00",-6.60264517866413,0.613746092217169
"2021-01-31 14:00:00",-6.22866498108225,0.204875812078602
"2021-01-31 15:00:00",-6.76534363476134,-0.997511082283262
"2021-01-31 16:00:00",-9.2759537322091,-3.39130534569599
"2021-01-31 17:00:00",-10.8013688217312,-0.197069589206473
"2021-01-31 18:00:00",-10.6251591083339,0.430603598123623
"2021-01-31 19:00:00",-10.3721094046803,0.136349216854944
"2021-01-31 20:00:00",-10.0566876146941,0.433178300925191
"2021-01-31 21:00:00",-9.77001995567089,0.188332290444555
"2021-01-31 22:00:00",-9.77829841568727,-0.126367084861319
"2021-01-31 23:00:00",-12.9531857326387,-5.04373089317911
"2021-02-01 00:00:00",-12.9792321955984,3.33694905307322
"2021-02-01 01:00:00",-10.7217122747796,1.44736175489831
"2021-02-01 02:00:00",-10.0216044223538,0.182494284977159
"2021-02-01 03:00:00",-9.88145951350741,0.118166668702175
"2021-02-01 04:00:00",-9.68177187066916,0.257278217173544
"2021-02-01 05:00:00",-9.40815728659805,0.283979211089077
"2021-02-01 06:00:00",-9.22908361887961,0.112751666405946
"2021-02-01 07:00:00",-9.07995402474548,0.178187150361627
"2021-02-01 08:00:00",-8.93262544809448,0.131455972030798
"2021-02-01 09:00:00",-8.69805928464674,0.303669237588375
"2021-02-01 10:00:00",-8.12614718327682,0.734769039041138
"2021-02-01 11:00:00",-7.0859454103649,1.20486175041041
"2021-02-01 12:00:00",-6.41104266188536,0.298662695346272
"2021-02-01 13:00:00",-5.56677882885888,1.17613414090911
"2021-02-01 14:00:00",-4.67987938340319,0.659108011257616
"2021-02-01 15:00:00",-4.42344828688912,-0.0181706090419158
"2021-02-01 16:00:00",-4.80794159816824,-0.604733405108132
"2021-02-01 17:00:00",-4.66802024648495,0.635895981188989
"2021-02-01 18:00:00",-4.20185483485521,0.336876921909369
"2021-02-01 19:00:00",-3.82103155705123,0.397438367435205
"2021-02-01 20:00:00",-3.53438100680289,0.204095569167626
"2021-02-01 21:00:00",-3.22268894003268,0.37316483348423
"2021-02-01 22:00:00",-2.89999498427014,0.277865806515267
"2021-02-01 23:00:00",-2.63045877129581,0.254911977839428
"2021-02-02 00:00:00",-2.63604576634884,-0.175594952083762
"2021-02-02 01:00:00",-2.63103531469422,0.128570721731172
"2021-02-02 02:00:00",-1.95169745170684,1.01761839008886
"2021-02-02 03:00:00",-1.12288676272533,0.666071414417736
"2021-02-02 04:00:00",-0.51387221939865,0.543484239852051
"2021-02-02 05:00:00",-0.0310554206938751,0.420091551449433
"2021-02-02 06:00:00",0.180362110163638,0.0622974623429451
"2021-02-02 07:00:00",0.00137659104121299,-0.331565256978391
"2021-02-02 08:00:00",-0.541380826766984,-0.657760101039688
"2021-02-02 09:00:00",-1.30159992388528,-0.791701195593647
"2021-02-02 10:00:00",-2.07640225962543,-0.725041274708665
"2021-02-02 11:00:00",-2.63189312893104,-0.413386965175609
"2021-02-02 12:00:00",-3.56652766408578,-1.23432236041538
"2021-02-02 13:00:00",-4.22437987412814,-0.237688749156399
"2021-02-02 14:00:00",-4.08053662704419,0.396801788877622
"2021-02-02 15:00:00",-3.85732010435242,0.102146024884931
"2021-02-02 16:00:00",-3.8147444349336,0.00581012813134624
"2021-02-02 17:00:00",-3.36686192743233,0.726225017533912
"2021-02-02 18:00:00",-2.61702450939586,0.734285483663497
"2021-02-02 19:00:00",-1.93117750161889,0.624336514015986
"2021-02-02 20:00:00",-1.29156959670857,0.621883410408829
"2021-02-02 21:00:00",-0.766231209635104,0.437676695069519
"2021-02-02 22:00:00",-0.441359263860359,0.235219707448854
"2021-02-02 23:00:00",-0.290717710545804,0.0876674145653914
"2021-02-03 00:00:00",-0.0101620134610737,0.396188502067949
"2021-02-03 01:00:00",0.217397328378755,0.104341423815257
"2021-02-03 02:00:00",0.286804692010793,0.0425400534511433
"2021-02-03 03:00:00",0.362025744063236,0.0930639846991347
"2021-02-03 04:00:00",0.51612641698329,0.187001840573055
"2021-02-03 05:00:00",0.749748283182403,0.252934718535857
"2021-02-03 06:00:00",0.938424981972842,0.135906825553951
"2021-02-03 07:00:00",1.19091888050751,0.317009701388408
"2021-02-03 08:00:00",1.63616560962643,0.508044183982712
"2021-02-03 09:00:00",2.09218646633825,0.397561051143124
"2021-02-03 10:00:00",2.7147340219813,0.740256980170152
"2021-02-03 11:00:00",3.62923177007632,0.983701756099517
"2021-02-03 12:00:00",2.69497600501642,-2.1731538690242
"2021-02-03 13:00:00",2.16886920236262,0.593433529523981
"2021-02-03 14:00:00",3.32930674644481,1.48049578665954
"2021-02-03 15:00:00",4.09539038776921,0.249122999361593
"2021-02-03 16:00:00",4.18066397642777,-0.0332869529855336
"2021-02-03 17:00:00",4.64750507813494,0.772682992106513
"2021-02-03 18:00:00",5.09426309474268,0.202259965355728
"2021-02-03 19:00:00",5.32202365182753,0.227373183563227
"2021-02-03 20:00:00",5.67072730209164,0.406161150397031
"2021-02-03 21:00:00",6.62863267923547,1.27290231916813
"2021-02-03 22:00:00",8.24460950192109,1.75935748354451
"2021-02-03 23:00:00",8.42869941529731,-0.885442510069196
"2021-02-04 00:00:00",4.92280567986238,-5.09709504562832
"2021-02-04 01:00:00",2.3051413395785,-0.846692267900568
"2021-02-04 02:00:00",1.63434044349518,-0.524636332149888
"2021-02-04 03:00:00",1.22654523855065,-0.312630275320477
"2021-02-04 04:00:00",1.07595443428776,-0.0369908596242285
"2021-02-04 05:00:00",0.959519969825044,-0.165249551362086
"2021-02-04 06:00:00",0.665683251831572,-0.366833547392867
"2021-02-04 07:00:00",0.0926720237560292,-0.6840893621271
"2021-02-04 08:00:00",-0.569094938716098,-0.61555829042726
"2021-02-04 09:00:00",-1.44629496949858,-1.00920759315244
"2021-02-04 10:00:00",-2.3639138320554,-0.811092393425163
"2021-02-04 11:00:00",-3.16194193876044,-0.748350817747742
"2021-02-04 12:00:00",-4.06463280748642,-0.958612741595846
"2021-02-04 13:00:00",-4.5212810335164,-0.0950735762755404
"2021-02-04 14:00:00",-4.44506209854344,0.192616239647983
"2021-02-04 15:00:00",-4.09524558289034,0.44371975914037
"2021-02-04 16:00:00",-3.64928030330919,0.431547400090376
"2021-02-04 17:00:00",-3.08427745223287,0.631825521605119
"2021-02-04 18:00:00",-2.50629066215582,0.518603735093054
"2021-02-04 19:00:00",-2.01745971283354,0.44898342385118
"2021-02-04 20:00:00",-1.62227384952563,0.343142141029656
"2021-02-04 21:00:00",-1.42927332033519,0.0858270078621123
"2021-02-04 22:00:00",-1.30935250513074,0.138792831060788
"2021-02-04 23:00:00",-1.17054196982534,0.133913376459044
"2021-02-05 00:00:00",-1.06381896155881,0.0850333492035836
"2021-02-05 01:00:00",-0.921199369550014,0.175603412483101
"2021-02-05 02:00:00",-0.812561108888004,0.0600202142329915
"2021-02-05 03:00:00",-0.694433780978878,0.152298476630612
"2021-02-05 04:00:00",-0.581590660264328,0.0820726066904754
"2021-02-05 05:00:00",-0.476777289776376,0.115742394514015
"2021-02-05 06:00:00",-0.570173335303198,-0.22776682128553
"2021-02-05 07:00:00",-1.04714526092595,-0.619705730206592
"2021-02-05 08:00:00",-1.78210033395923,-0.775512729484816
"2021-02-05 09:00:00",-2.5752710153498,-0.764955082569996
"2021-02-05 10:00:00",-3.20444900782606,-0.50544484630241
"2021-02-05 11:00:00",-3.74920454084995,-0.540946542510723
"2021-02-05 12:00:00",-4.44841027236354,-0.766653057777972
"2021-02-05 13:00:00",-4.74406726242536,0.0381167108359099
"2021-02-05 14:00:00",-4.60400868798254,0.207476358586165
"2021-02-05 15:00:00",-4.44951481767972,0.117764064891286
"2021-02-05 16:00:00",-4.4010539637893,0.00569029131723464
"2021-02-05 17:00:00",-4.1808806036691,0.35836833708579
"2021-02-05 18:00:00",-3.76905470596144,0.433281431391461
"2021-02-05 19:00:00",-3.3177770902578,0.44668723428505
"2021-02-05 20:00:00",-2.91898993549468,0.352179472270282
"2021-02-05 21:00:00",-2.65133242780702,0.202352969166514
"2021-02-05 22:00:00",-2.53787776569923,0.0522153290793209
"2021-02-05 23:00:00",-2.50788624669861,0.0170210166932235
"2021-02-06 00:00:00",-2.29139584239868,0.342411913740355
"2021-02-06 01:00:00",-2.35195150138566,-0.323365915876184
"2021-02-06 02:00:00",-2.72516876856576,-0.385685180267017
"2021-02-06 03:00:00",-2.83021116430581,0.0905528178299703
"2021-02-06 04:00:00",-2.71762824266053,0.125566538877785
"2021-02-06 05:00:00",-2.69669467591296,-0.0463133941283937
"2021-02-06 06:00:00",-2.87856018664485,-0.26011497911352
"2021-02-06 07:00:00",-3.24567556052749,-0.417293377392067
"2021-02-06 08:00:00",-3.88510092105548,-0.75294339952792
"2021-02-06 09:00:00",-4.77032254895869,-0.92633413533258
"2021-02-06 10:00:00",-5.58151387551017,-0.689736444802455
"2021-02-06 11:00:00",-6.08538555191366,-0.348827953495127
"2021-02-06 12:00:00",-6.55603837600138,-0.521661310064642
"2021-02-06 13:00:00",-6.4311807025797,0.558377966607861
"2021-02-06 14:00:00",-6.23444643380023,-0.0454189472859647
"2021-02-06 15:00:00",-6.34312011870391,-0.137645012682818
"2021-02-06 16:00:00",-6.5239447296029,-0.192844136665142
"2021-02-06 17:00:00",-6.43519824007068,0.280659949763572
"2021-02-06 18:00:00",-6.09195364594766,0.376948590761164
"2021-02-06 19:00:00",-6.06461000560482,-0.199171672559713
"2021-02-06 20:00:00",-6.25182268885666,-0.162529102106286
"2021-02-06 21:00:00",-6.47277188983124,-0.241339839434511
"2021-02-06 22:00:00",-6.68049643102023,-0.16710299896416
"2021-02-06 23:00:00",-6.82684802170802,-0.116954560306498
"2021-02-07 00:00:00",-7.17785158409365,-0.481557081548719
"2021-02-07 01:00:00",-7.61694186992874,-0.380664930990177
"2021-02-07 02:00:00",-7.91861332658729,-0.224859639125516
"2021-02-07 03:00:00",-8.0446711067553,-0.0439969126986361
"2021-02-07 04:00:00",-8.33718512101755,-0.433922874179606
"2021-02-07 05:00:00",-8.83685124420056,-0.509007141228834
"2021-02-07 06:00:00",-9.39279735679676,-0.549432901029972
"2021-02-07 07:00:00",-10.0140662880452,-0.627532990141008
"2021-02-07 08:00:00",-10.6995758987034,-0.67868097909462
"2021-02-07 09:00:00",-11.3190427318057,-0.536767310666803
"2021-02-07 10:00:00",-11.8713030087521,-0.521760023893189
"2021-02-07 11:00:00",-12.3597662049928,-0.427756920015698
"2021-02-07 12:00:00",-12.9726843824207,-0.691304709511051
"2021-02-07 13:00:00",-13.2707176998129,-0.0049779265966052
"2021-02-07 14:00:00",-13.3279821615299,-0.0722998028665577
"2021-02-07 15:00:00",-12.854498903228,0.832007239174237
"2021-02-07 16:00:00",-12.1192303927861,0.652401879534394
"2021-02-07 17:00:00",-11.5073353617823,0.571430850935661
"2021-02-07 18:00:00",-11.0826710663232,0.321470107624152
"2021-02-07 19:00:00",-10.812187096284,0.237921643741139
"2021-02-07 20:00:00",-10.643561318668,0.128348863407492
"2021-02-07 21:00:00",-10.4496034450646,0.242194967383519
"2021-02-07 22:00:00",-10.3142038614615,0.0712350773807314
"2021-02-07 23:00:00",-10.4410078012337,-0.2395112386842
"2021-02-08 00:00:00",-10.4855970780888,0.100929591203396
"2021-02-08 01:00:00",-10.5653037090082,-0.182829439961351
"2021-02-08 02:00:00",-11.0339824392673,-0.623355984860733
"2021-02-08 03:00:00",-11.7271935303973,-0.692621087239869
"2021-02-08 04:00:00",-12.1808151492215,-0.257623915977151
"2021-02-08 05:00:00",-12.4316797353865,-0.218741373227194
"2021-02-08 06:00:00",-12.6835885893232,-0.246030178614071
"2021-02-08 07:00:00",-13.0609664861904,-0.430664789470221
"2021-02-08 08:00:00",-13.7209863999279,-0.764726717635979
"2021-02-08 09:00:00",-14.654199233265,-0.983508533676609
"2021-02-08 10:00:00",-15.6652441332147,-0.962474625909432
"2021-02-08 11:00:00",-16.8758781637812,-1.29835611964462
"2021-02-08 12:00:00",-17.3255881564628,0.159160637596517
"2021-02-08 13:00:00",-17.5351974788488,-0.423165627259462
"2021-02-08 14:00:00",-17.6059430943268,0.190154651314709
"2021-02-08 15:00:00",-17.2723240587495,0.436093920559283
"2021-02-08 16:00:00",-16.804276593015,0.489365195821519
"2021-02-08 17:00:00",-16.2736036486197,0.554647658206479
"2021-02-08 18:00:00",-15.6876005242111,0.600030018067524
"2021-02-08 19:00:00",-15.0733353186306,0.614780656113948
"2021-02-08 20:00:00",-14.5119935933747,0.518465210103967
"2021-02-08 21:00:00",-14.0534837906236,0.415452207756909
"2021-02-08 22:00:00",-14.1973785389559,-0.491839369216549
"2021-02-08 23:00:00",-14.8059137826541,-0.639119293951703
"2021-02-09 00:00:00",-14.649612487626,0.698224219401665
"2021-02-09 01:00:00",-15.6312467477835,-2.0359969191796
"2021-02-09 02:00:00",-16.0924784306983,0.630653844276529
"2021-02-09 03:00:00",-17.3610587867479,-2.45369625761768
"2021-02-09 04:00:00",-18.166132710365,0.354617026627308
"2021-02-09 05:00:00",-18.3848708649068,-0.567165382171208
"2021-02-09 06:00:00",-18.7201668379841,-0.141095267327879
"2021-02-09 07:00:00",-19.1544365984458,-0.584957172037484
"2021-02-09 08:00:00",-18.6975345872777,1.15443368819785
"2021-02-09 09:00:00",-17.3395214299159,1.45329215772276
"2021-02-09 10:00:00",-16.5314934798109,0.361805749163898
"2021-02-09 11:00:00",-16.44491055354,-0.0797078073733476
"2021-02-09 12:00:00",-16.0510741977066,0.712003115759256
"2021-02-09 13:00:00",-15.5846793037773,0.301179407028767
"2021-02-09 14:00:00",-15.1948763853759,0.450443425990306
"2021-02-09 15:00:00",-14.7659893821098,0.413715914646949
"2021-02-09 16:00:00",-14.5758348768245,0.0511074558277816
"2021-02-09 17:00:00",-14.2948007043838,0.439743852218475
"2021-02-09 18:00:00",-13.9944553371263,0.211562614634763
"2021-02-09 19:00:00",-14.1020779062465,-0.297261743719512
"2021-02-09 20:00:00",-14.5920898082523,-0.577052907718299
"2021-02-09 21:00:00",-13.7765115601914,1.72403086789723
"2021-02-09 22:00:00",-13.0291342364697,0.078523434133289
"2021-02-09 23:00:00",-13.2163695758025,-0.338718270281137
"2021-02-10 00:00:00",-13.4411463587817,-0.121105271423224
"2021-02-10 01:00:00",-13.5614287819074,-0.0966979207489413
"2021-02-10 02:00:00",-14.2507411500984,-1.03415110682202
"2021-02-10 03:00:00",-15.4832013759468,-1.28773490878104
"2021-02-10 04:00:00",-17.7088560696606,-2.72521071023855
"2021-02-10 05:00:00",-18.9062930579283,-0.0992174062782096
"2021-02-10 06:00:00",-18.8810418814182,0.13139147575071
"2021-02-10 07:00:00",-19.7201298114735,-1.42186031231748
"2021-02-10 08:00:00",-20.3885320923829,-0.108932100627982
"2021-02-10 09:00:00",-19.8662736167721,0.944500263943716
"2021-02-10 10:00:00",-18.8134081044989,1.10067589080013
"2021-02-10 11:00:00",-17.8232514745633,0.893669637815367
"2021-02-10 12:00:00",-16.4088826193697,1.7172528619984
"2021-02-10 13:00:00",-14.9071908259363,1.30777183046755
"2021-02-10 14:00:00",-13.8827258613973,0.806124339058675
"2021-02-10 15:00:00",-13.4781868549949,0.135485765163977
"2021-02-10 16:00:00",-13.4941710892894,-0.0988350328713064
"2021-02-10 17:00:00",-13.4190449979739,0.204916799492591
"2021-02-10 18:00:00",-13.1977047281607,0.23906284049462
"2021-02-10 19:00:00",-13.185091919109,-0.12194417338599
"2021-02-10 20:00:00",-15.1502436987939,-3.08356306947417
"2021-02-10 21:00:00",-16.9537140875948,-0.844867407860244
"2021-02-10 22:00:00",-16.5559154557308,1.22917199590379
"2021-02-10 23:00:00",-16.4004034793937,-0.546305214595701
"2021-02-11 00:00:00",-14.9924548785477,2.66499112233038
"2021-02-11 01:00:00",-11.7470473472371,3.49744479282561
"2021-02-11 02:00:00",-9.36619007908035,1.53847856003527
"2021-02-11 03:00:00",-8.60755924967264,0.214760716388571
"2021-02-11 04:00:00",-8.57856689579684,-0.085137161495025
"2021-02-11 05:00:00",-8.92360731958331,-0.490855932151298
"2021-02-11 06:00:00",-9.46474331209369,-0.537442109825118
"2021-02-11 07:00:00",-10.4751700392993,-1.26553341757912
"2021-02-11 08:00:00",-11.2340094759688,-0.371491340874508
"2021-02-11 09:00:00",-11.2093823175169,0.30200752128933
"2021-02-11 10:00:00",-10.8087619398198,0.46176830866337
"2021-02-11 11:00:00",-10.4684352278144,0.257123033631674
"2021-02-11 12:00:00",-10.3713256322266,-0.000689231345490149
"2021-02-11 13:00:00",-10.8303437523024,-0.729388854457945
"2021-02-11 14:00:00",-11.1939128826658,-0.0884609332069668
"2021-02-11 15:00:00",-10.6711907426725,0.919755639201145
"2021-02-11 16:00:00",-10.861695221446,-0.907861873806129
"2021-02-11 17:00:00",-11.9559201345193,-1.1524716405496
"2021-02-11 18:00:00",-12.108061593533,0.537370062334879
"2021-02-11 19:00:00",-14.0759573393478,-3.52892917147346
"2021-02-11 20:00:00",-15.1371889136875,0.652439596886753
"2021-02-11 21:00:00",-14.9331925476324,-0.085148792713965
"2021-02-11 22:00:00",-15.0195945524695,-0.0638888508119085
"2021-02-11 23:00:00",-15.3751495148528,-0.513745821203714
"2021-02-12 00:00:00",-16.952582402847,-2.191774659951
"2021-02-12 01:00:00",-18.0052588256575,-0.221422908913638
"2021-02-12 02:00:00",-18.7874578478162,-1.09567234944881
"2021-02-12 03:00:00",-19.3834118532548,-0.210285288711023
"2021-02-12 04:00:00",-19.0059312183889,0.776357700678752
"2021-02-12 05:00:00",-18.7954890530754,-0.152337594553185
"2021-02-12 06:00:00",-19.3117247893166,-0.710079419180518
"2021-02-12 07:00:00",-19.785405602292,-0.268690394970382
"2021-02-12 08:00:00",-19.5203169397656,0.63383389459136
"2021-02-12 09:00:00",-18.2306589751922,1.69073669563691
"2021-02-12 10:00:00",-16.1032190365584,2.34096788010641
"2021-02-12 11:00:00",-13.7556701806614,2.26113262414521
"2021-02-12 12:00:00",-11.7557648676783,1.74844799889578
"2021-02-12 13:00:00",-10.8743698860503,0.27663451603214
"2021-02-12 14:00:00",-11.2381153504844,-0.759360615657758
"2021-02-12 15:00:00",-12.8229499237635,-2.04534953219784
"2021-02-12 16:00:00",-14.4988650995714,-1.33346776035143
"2021-02-12 17:00:00",-16.0388761718875,-1.58584077439657
"2021-02-12 18:00:00",-14.9024745033923,2.9178658234513
"2021-02-12 19:00:00",-13.5376163785026,0.283883250135857
"2021-02-12 20:00:00",-14.0199089048935,-0.95270499546019
"2021-02-12 21:00:00",-14.7146689362722,-0.47171908625145
"2021-02-12 22:00:00",-15.4256676139741,-0.817768249296646
"2021-02-12 23:00:00",-15.9897879322115,-0.348340473993038
"2021-02-13 00:00:00",-16.1473161487192,-0.00223218527227124
"2021-02-13 01:00:00",-17.4364693941207,-2.06501901568946
"2021-02-13 02:00:00",-18.6380204558647,-0.546350000810064
"2021-02-13 03:00:00",-18.5576906894328,0.518308866148419
"2021-02-13 04:00:00",-18.1845447992114,0.282553916028666
"2021-02-13 05:00:00",-17.8255758346235,0.416286019627344
"2021-02-13 06:00:00",-17.4299218403839,0.386068279177029
"2021-02-13 07:00:00",-17.0278657571547,0.416069113787215
"2021-02-13 08:00:00",-15.8236852200487,1.69429941637302
"2021-02-13 09:00:00",-13.8710217553876,2.0525042699857
"2021-02-13 10:00:00",-11.5277114245963,2.44369929709814
"2021-02-13 11:00:00",-9.5268752989137,1.62537511620731
"2021-02-13 12:00:00",-8.54459475934067,0.519157021984449
"2021-02-13 13:00:00",-8.34568587367795,-0.0130277563180825
"2021-02-13 14:00:00",-8.08864021647747,0.43563112492404
"2021-02-13 15:00:00",-7.84181717532412,0.119647228160033
"2021-02-13 16:00:00",-9.20070966705753,-2.26989034062844
"2021-02-13 17:00:00",-10.6041727697681,-0.747307052886054
"2021-02-13 18:00:00",-11.7782111759379,-1.38906712292699
"2021-02-13 19:00:00",-12.7282651388128,-0.597060166796229
"2021-02-13 20:00:00",-12.3768566892252,0.983413051253486
"2021-02-13 21:00:00",-12.2646110419002,-0.457907878126934
"2021-02-13 22:00:00",-12.8982307628612,-0.70484564234097
"2021-02-13 23:00:00",-13.70326937683,-0.816957277353106
"2021-02-14 00:00:00",-14.1589962652023,-0.175596879341621
"2021-02-14 01:00:00",-15.2978104854857,-1.70858731460705
"2021-02-14 02:00:00",-16.1842129152103,-0.276454476410493
"2021-02-14 03:00:00",-16.2675142839235,0.0702785260304191
"2021-02-14 04:00:00",-16.1865978300481,0.10512543605963
"2021-02-14 05:00:00",-16.5551638363522,-0.645982961784034
"2021-02-14 06:00:00",-17.1319652562708,-0.481939027153253
"2021-02-14 07:00:00",-16.3705554507805,1.57618948153842
"2021-02-14 08:00:00",-14.6578741630812,1.74338379894028
"2021-02-14 09:00:00",-13.4172579949937,0.865378205479968
"2021-02-14 10:00:00",-12.8698092117711,0.326774425209877
"2021-02-14 11:00:00",-12.4289493865326,0.512550077039672
"2021-02-14 12:00:00",-12.7057920002222,-0.773924235077311
"2021-02-14 13:00:00",-12.8569724408615,0.287531694048764
"2021-02-14 14:00:00",-12.2873411801857,0.747193385501979
"2021-02-14 15:00:00",-12.8903140795585,-1.45858223575441
"2021-02-14 16:00:00",-13.7732390333922,-0.440593493381395
"2021-02-14 17:00:00",-13.9936135818659,-0.0453442084387772
"2021-02-14 18:00:00",-13.6109650701032,0.667821065099307
"2021-02-14 19:00:00",-13.0920897555371,0.412462235606531
"2021-02-14 20:00:00",-14.0989818968257,-1.88839511409022
"2021-02-14 21:00:00",-16.288148941284,-2.26748257639228
"2021-02-14 22:00:00",-18.3602349632638,-1.82237082147428
"2021-02-14 23:00:00",-19.7913852578724,-1.07867475954034
"2021-02-15 00:00:00",-19.4435703055035,1.30776716188304
"2021-02-15 01:00:00",-19.7058242050781,-1.27139987062457
"2021-02-15 02:00:00",-19.5715566195613,1.09037590593922
"2021-02-15 03:00:00",-18.9713380495393,0.270150360599269
"2021-02-15 04:00:00",-18.4931783398906,0.618554805570671
"2021-02-15 05:00:00",-17.8099270539397,0.717744110678597
"2021-02-15 06:00:00",-17.3116414839417,0.351253934768259
"2021-02-15 07:00:00",-16.1408979838701,1.68373536559095
"2021-02-15 08:00:00",-14.6470119468918,1.31713254481134
"2021-02-15 09:00:00",-13.3220332455912,1.28612132344076
"2021-02-15 10:00:00",-11.8632451835635,1.52174331751088
"2021-02-15 11:00:00",-10.1890349829256,1.71158260403242
"2021-02-15 12:00:00",-8.79685979186632,1.12621479250572
"2021-02-15 13:00:00",-8.13086579190539,0.338873315045295
"2021-02-15 14:00:00",-7.83714245606452,0.260143712849254
"2021-02-15 15:00:00",-7.28290774778878,0.734054086988401
"2021-02-15 16:00:00",-6.73321538295849,0.41005032384684
"2021-02-15 17:00:00",-6.58956557860058,-0.0320972930120813
"2021-02-15 18:00:00",-6.59291974094408,0.0244582738888649
"2021-02-15 19:00:00",-6.62059902845878,-0.0526261643753331
"2021-02-15 20:00:00",-6.44983330603227,0.320107726251082
"2021-02-15 21:00:00",-6.124394647481,0.321839144567698
"2021-02-15 22:00:00",-5.72556277388106,0.439099125641353
"2021-02-15 23:00:00",-5.2502324322891,0.484274620063474
"2021-02-16 00:00:00",-4.6463996598546,0.661608540932667
"2021-02-16 01:00:00",-3.8215862763035,0.900407500608728
"2021-02-16 02:00:00",-2.85880502406608,0.96353678332362
"2021-02-16 03:00:00",-1.94761822008756,0.836672240385941
"2021-02-16 04:00:00",-1.01463120030855,0.955370535766416
"2021-02-16 05:00:00",-0.228243192823514,0.637673690368509
"2021-02-16 06:00:00",0.129053705169662,0.153697791516331
"2021-02-16 07:00:00",-0.0350615640752144,-0.368354706123882
"2021-02-16 08:00:00",-0.468938233929823,-0.456894519690922
"2021-02-16 09:00:00",-1.13062047948245,-0.766158100663399
"2021-02-16 10:00:00",-2.06302447396824,-0.997468565049191
"2021-02-16 11:00:00",-2.77998788523434,-0.493235092893862
"2021-02-16 12:00:00",-3.42307750859564,-0.708849468439412
"2021-02-16 13:00:00",-3.90881570106361,-0.309506927621252
"2021-02-16 14:00:00",-3.90760315640583,0.213334620137404
"2021-02-16 15:00:00",-3.54492432911853,0.450041004069291
"2021-02-16 16:00:00",-2.9363369344249,0.689931493297356
"2021-02-16 17:00:00",-2.34836301740499,0.49584695731547
"2021-02-16 18:00:00",-2.04736871698942,0.159817760515118
"2021-02-16 19:00:00",-1.89897500388649,0.136364466837236
"2021-02-16 20:00:00",-1.55902512427894,0.461964004133395
"2021-02-16 21:00:00",-1.08947985322214,0.4542958270535
"2021-02-16 22:00:00",-0.519408944642083,0.621567486905298
"2021-02-16 23:00:00",0.0179750794155005,0.456395829237464
"2021-02-17 00:00:00",0.0781236766408306,-0.206893142270487
"2021-02-17 01:00:00",0.272635787995438,0.452767328153141
"2021-02-17 02:00:00",0.38129303644982,-0.126260231879863
"2021-02-17 03:00:00",0.482106703027912,0.246911772426303
"2021-02-17 04:00:00",1.51923435260077,1.51402444588259
"2021-02-17 05:00:00",3.01463164097221,1.40996139663336
"2021-02-17 06:00:00",3.78538973188456,0.304119189615763
"2021-02-17 07:00:00",3.48991329635456,-0.686037079128262
"2021-02-17 08:00:00",2.85921795662939,-0.568328320618451
"2021-02-17 09:00:00",2.17362739931076,-0.734869613021083
"2021-02-17 10:00:00",1.55834169940849,-0.50912738512824
"2021-02-17 11:00:00",0.954400114391816,-0.640459139115142
"2021-02-17 12:00:00",0.973385962472109,0.456476374093816
"2021-02-17 13:00:00",1.73837498725352,0.933054559528713
"2021-02-17 14:00:00",1.69297100232241,-0.697781144747638
"2021-02-17 15:00:00",1.33202226102829,-0.121427105856129
"2021-02-17 16:00:00",1.22185628245448,-0.0991401089354466
"2021-02-17 17:00:00",0.884842958391251,-0.481152607942062
"2021-02-17 18:00:00",0.73667497850299,0.0797186605941101
"2021-02-17 19:00:00",0.752412731227175,-0.0286125886247927
"2021-02-17 20:00:00",0.482817267029973,-0.41840655043235
"2021-02-17 21:00:00",-0.0170134514059306,-0.530983100924199
"2021-02-17 22:00:00",-0.604328336124243,-0.596938022910664
"2021-02-17 23:00:00",-0.607903926052499,0.392941320660186
"2021-02-18 00:00:00",0.624269481404934,1.73388325818437
"2021-02-18 01:00:00",1.99340306835781,1.06010647255236
"2021-02-18 02:00:00",2.6762928357517,0.396397043221181
"2021-02-18 03:00:00",2.94025596679321,0.159683331643591
"2021-02-18 04:00:00",2.93105116670717,-0.125146378784529
"2021-02-18 05:00:00",2.5996906024017,-0.456865261955635
"2021-02-18 06:00:00",1.92754447997681,-0.787074267369442
"2021-02-18 07:00:00",1.07737640089117,-0.854314293702817
"2021-02-18 08:00:00",0.72282468296375,-0.00592253433288842
"2021-02-18 09:00:00",0.949249859260683,0.369630023075549
"2021-02-18 10:00:00",1.55361388384504,0.730908523406088
"2021-02-18 11:00:00",2.57242518145189,1.16032799661383
"2021-02-18 12:00:00",3.99392883217551,1.52475405339466
"2021-02-18 13:00:00",5.32632026596083,1.13569091217409
"2021-02-18 14:00:00",6.08161710106664,0.458950378904281
"2021-02-18 15:00:00",5.99804735401224,-0.449109279529921
"2021-02-18 16:00:00",5.12414245716778,-1.12329884480695
"2021-02-18 17:00:00",4.11158970301913,-0.897210367172816
"2021-02-18 18:00:00",3.86179249861904,0.188376298102239
"2021-02-18 19:00:00",4.03981109364303,0.157677958192753
"2021-02-18 20:00:00",4.23802923546712,0.210619592196425
"2021-02-18 21:00:00",4.39280550740986,0.104732046346697
"2021-02-18 22:00:00",4.59559389191116,0.252861247415565
"2021-02-18 23:00:00",4.92134054323087,0.352934965132112
"2021-02-19 00:00:00",4.86957032369719,-0.325450643937737
"2021-02-19 01:00:00",4.77867339802021,0.0635140319260629
"2021-02-19 02:00:00",4.53255783991033,-0.446994318772296
"2021-02-19 03:00:00",4.91007979328214,0.903409937998832
"2021-02-19 04:00:00",5.87243240984491,0.949589585890122
"2021-02-19 05:00:00",6.34149043663263,0.11885254459541
"2021-02-19 06:00:00",6.01781907850771,-0.611473266512578
"2021-02-19 07:00:00",5.04887062502041,-1.16897194253754
"2021-02-19 08:00:00",4.33214520777185,-0.38768045373844
"2021-02-19 09:00:00",4.0656191801936,-0.178675013925021
"2021-02-19 10:00:00",3.96260886684181,-0.0529119879488617
"2021-02-19 11:00:00",3.75636330974059,-0.30377175214525
"2021-02-19 12:00:00",3.87811938086983,0.394810285765809
"2021-02-19 13:00:00",4.44290919942859,0.646271813903303
"2021-02-19 14:00:00",4.61603002716828,-0.156259532832604
"2021-02-19 15:00:00",4.5883591243507,0.053420108185522
"2021-02-19 16:00:00",2.79638575400854,-2.94297400198601
"2021-02-19 17:00:00",-0.160105180386659,-2.82861493192379
"2021-02-19 18:00:00",-2.14064252045006,-1.32084166749634
"2021-02-19 19:00:00",-2.98068283699697,-0.476834904417201
"2021-02-19 20:00:00",-2.46232558586369,1.16101636030475
"2021-02-19 21:00:00",-2.29723096275603,-0.503514222407174
"2021-02-19 22:00:00",-3.0994588562822,-0.960285417686058
"2021-02-19 23:00:00",-3.38163883848972,0.187285623989965
"2021-02-20 00:00:00",-2.81613221596622,0.79513474483961
"2021-02-20 01:00:00",-2.01246662210515,0.774791913632343
"2021-02-20 02:00:00",-1.33513199267829,0.582770954824239
"2021-02-20 03:00:00",-0.710700192822893,0.624253074383589
"2021-02-20 04:00:00",-0.393203190753709,0.0988249638180971
"2021-02-20 05:00:00",-0.625070977346842,-0.440801004000303
"2021-02-20 06:00:00",-1.13933020217021,-0.537987812344513
"2021-02-20 07:00:00",-1.24782718690402,0.18444923468023
"2021-02-20 08:00:00",-0.294277012152961,1.42257131754787
"2021-02-20 09:00:00",1.2751052697315,1.59305776980843
"2021-02-20 10:00:00",2.95872845303203,1.66235131803613
"2021-02-20 11:00:00",4.64610132506845,1.62005814705584
"2021-02-20 12:00:00",6.23170119383433,1.48129443917182
"2021-02-20 13:00:00",7.63978118724468,1.28432998904124
"2021-02-20 14:00:00",8.46414352068523,0.468704658204433
"2021-02-20 15:00:00",8.58098630783802,-0.134186979436717
"2021-02-20 16:00:00",6.89621852694712,-2.64946917413086
"2021-02-20 17:00:00",5.05865959794744,-1.21786140338735
"2021-02-20 18:00:00",4.55915262520645,-0.00339443387725513
"2021-02-20 19:00:00",4.32094305565108,-0.389305684723043
"2021-02-20 20:00:00",3.92415007896397,-0.388497021459684
"2021-02-20 21:00:00",3.65467738099729,-0.182375964114516
"2021-02-20 22:00:00",3.31887646891458,-0.426834838940019
"2021-02-20 23:00:00",3.00794373634101,-0.2231673344726
"2021-02-21 00:00:00",3.20605035514569,0.465661249320624
"2021-02-21 01:00:00",3.68322221267926,0.458039264084645
"2021-02-21 02:00:00",3.97326421665924,0.159516930801087
"2021-02-21 03:00:00",4.05500374585033,0.0208846640876173
"2021-02-21 04:00:00",3.93656719088595,-0.210913028224252
"2021-02-21 05:00:00",3.5789969367639,-0.443421219403211
"2021-02-21 06:00:00",3.05702039594845,-0.554153759651503
"2021-02-21 07:00:00",2.90053283669582,0.112115682938904
"2021-02-21 08:00:00",3.91353755708433,1.56171230858295
"2021-02-21 09:00:00",5.65138872373208,1.76765054843791
"2021-02-21 10:00:00",7.32371276220427,1.52202398819822
"2021-02-21 11:00:00",8.74308751027498,1.27405799845871
"2021-02-21 12:00:00",9.89008360653505,0.996518772155701
"2021-02-21 13:00:00",10.8215195287115,0.8310425342321
"2021-02-21 14:00:00",11.4505029519924,0.450446176304296
"2021-02-21 15:00:00",11.3562137611869,-0.467714467601041
"2021-02-21 16:00:00",9.83866427990738,-2.15994824667498
"2021-02-21 17:00:00",7.88250620858676,-1.74002293763337
"2021-02-21 18:00:00",6.4271204076359,-1.20662928411419
"2021-02-21 19:00:00",5.16023931318042,-1.25512887284125
"2021-02-21 20:00:00",4.00294998095553,-1.04371989153353
"2021-02-21 21:00:00",2.84280835417212,-1.1877838039735
"2021-02-21 22:00:00",1.7728800206348,-0.944180272343375
"2021-02-21 23:00:00",1.0043954211813,-0.61712276285044
"2021-02-22 00:00:00",0.906902754405025,0.252260068463238
"2021-02-22 01:00:00",0.84544931894313,-0.268840637919585
"2021-02-22 02:00:00",0.606438060498583,-0.208857122684951
"2021-02-22 03:00:00",0.369888506042311,-0.24455163410696
"2021-02-22 04:00:00",0.0481107124362257,-0.358446992116425
"2021-02-22 05:00:00",-0.323843248588973,-0.363345436798393
"2021-02-22 06:00:00",-0.815371385131535,-0.553207420513503
"2021-02-22 07:00:00",-0.981113601962677,0.101490198456669
"2021-02-22 08:00:00",-0.181363009300679,1.22851027482901
"2021-02-22 09:00:00",1.15152461973759,1.3393670953235
"2021-02-22 10:00:00",2.6075414346283,1.46310914676241
"2021-02-22 11:00:00",4.06320677505132,1.37817053891583
"2021-02-22 12:00:00",5.16038228466557,0.852475752353419
"2021-02-22 13:00:00",6.08287033759058,0.918676445202603
"2021-02-22 14:00:00",6.85086205647542,0.623204100352327
"2021-02-22 15:00:00",7.17216199150373,0.0959379376105344
"2021-02-22 16:00:00",5.33349452010616,-3.05025232108043
"2021-02-22 17:00:00",2.59870043334021,-2.40140921422559
"2021-02-22 18:00:00",1.38310065540105,-0.37065767605625
"2021-02-22 19:00:00",0.939971049537162,-0.472168432158013
"2021-02-22 20:00:00",0.513031137047725,-0.377711408315843
"2021-02-22 21:00:00",-0.210295654155828,-0.92002221563406
"2021-02-22 22:00:00",-0.743797285988959,-0.250202959419177
"2021-02-22 23:00:00",-0.796502555874619,0.0824206044525276
"2021-02-23 00:00:00",0.49268929818026,2.03345721726918
"2021-02-23 01:00:00",1.32553856731124,-0.00775383367892335
"2021-02-23 02:00:00",1.38703207692413,0.103027409195258
"2021-02-23 03:00:00",1.94199593987126,0.828090887611947
"2021-02-23 04:00:00",2.72276916892144,0.709624367278524
"2021-02-23 05:00:00",2.91389929273983,-0.167117788988183
"2021-02-23 06:00:00",1.91279116686751,-1.51327510500195
"2021-02-23 07:00:00",2.02705312703884,1.19137385280797
"2021-02-23 08:00:00",3.83451583402734,2.12968014633984
"2021-02-23 09:00:00",5.78386665169071,1.73156025988321
"2021-02-23 10:00:00",7.63800956122702,1.84030254935335
"2021-02-23 11:00:00",9.61905133908457,1.97088620574692
"2021-02-23 12:00:00",11.1819482317801,1.20424569339009
"2021-02-23 13:00:00",12.347783635189,1.07042021761746
"2021-02-23 14:00:00",13.3244898095033,0.851907452088856
"2021-02-23 15:00:00",13.459420796767,-0.366626953064951
"2021-02-23 16:00:00",12.0251558402682,-2.09519999154323
"2021-02-23 17:00:00",10.1072043781636,-1.7241435168268
"2021-02-23 18:00:00",9.43914355927507,0.0547041283568955
"2021-02-23 19:00:00",9.58600844908062,0.189162193989039
"2021-02-23 20:00:00",9.53315337820263,-0.224038035481064
"2021-02-23 21:00:00",9.29553503932036,-0.247664630598503
"2021-02-23 22:00:00",9.07189238617354,-0.208979103186839
"2021-02-23 23:00:00",9.14604424974391,0.247688999569805
"2021-02-24 00:00:00",9.55631159894468,0.48736988924281
"2021-02-24 01:00:00",9.48846728236248,-0.447071164413361
"2021-02-24 02:00:00",9.1357656164605,-0.285256371956002
"2021-02-24 03:00:00",8.73258586830296,-0.474407468193722
"2021-02-24 04:00:00",8.09404256177763,-0.728874952989053
"2021-02-24 05:00:00",7.56142157275933,-0.3869073664909
"2021-02-24 06:00:00",7.37847823570252,-0.0480198819796168
"2021-02-24 07:00:00",7.71906582038104,0.573962470070201
"2021-02-24 08:00:00",8.97980192174535,1.64872132268873
"2021-02-24 09:00:00",10.5872815573179,1.49202790972199
"2021-02-24 10:00:00",12.0227652085275,1.31593213097267
"2021-02-24 11:00:00",13.2098723411891,1.02932220195218
"2021-02-24 12:00:00",14.1694781925532,0.850507033009443
"2021-02-24 13:00:00",14.890604688714,0.58234806801274
"2021-02-24 14:00:00",15.1869047477094,0.0723366543740992
"2021-02-24 15:00:00",14.8961006734178,-0.538644756155665
"2021-02-24 16:00:00",13.4756822070063,-1.95995534377461
"2021-02-24 17:00:00",11.7286167199246,-1.53948659242896
"2021-02-24 18:00:00",10.958760366993,-0.235308568501225
"2021-02-24 19:00:00",10.7342812551059,-0.220713904027076
"2021-02-24 20:00:00",10.2495169377643,-0.651591408747607
"2021-02-24 21:00:00",9.36904849711408,-1.00441873686208
"2021-02-24 22:00:00",8.469384246915,-0.799150554931415
"2021-02-24 23:00:00",7.84969798989867,-0.481511934001641
"2021-02-25 00:00:00",7.56329273655907,-0.152841625565887
"2021-02-25 01:00:00",6.77682851071609,-1.18124590108347
"2021-02-25 02:00:00",6.32551180330363,0.0480082142300443
"2021-02-25 03:00:00",6.65642378125055,0.495635546279754
"2021-02-25 04:00:00",6.70045546825506,-0.267702257483626
"2021-02-25 05:00:00",6.35874680824609,-0.383441829238119
"2021-02-25 06:00:00",6.10195998081522,-0.16834309588902
"2021-02-25 07:00:00",6.50688317191733,0.759989604147879
"2021-02-25 08:00:00",7.78715319419405,1.55789541905388
"2021-02-25 09:00:00",9.37904868171687,1.52888147447377
"2021-02-25 10:00:00",10.9991901716411,1.59190658786278
"2021-02-25 11:00:00",12.458431385709,1.28728341403797
"2021-02-25 12:00:00",13.6804351469556,1.10436201493276
"2021-02-25 13:00:00",14.5266272821302,0.6162427369682
"2021-02-25 14:00:00",14.9700668787225,0.288448537839319
"2021-02-25 15:00:00",14.7843843545904,-0.512231402433427
"2021-02-25 16:00:00",13.2428535262738,-2.17351738086559
"2021-02-25 17:00:00",11.1242923282447,-1.99831637937561
"2021-02-25 18:00:00",10.0632925751792,-0.400049257505161
"2021-02-25 19:00:00",9.76293393178295,-0.232594023195231
"2021-02-25 20:00:00",9.57874615917119,-0.155745474203477
"2021-02-25 21:00:00",8.65057175906536,-1.41135518902855
"2021-02-25 22:00:00",8.21769558881281,0.228855052875387
"2021-02-25 23:00:00",9.182885754541,1.39961743676742
"2021-02-26 00:00:00",7.53780704020934,-3.60850176721301
"2021-02-26 01:00:00",6.36025262831773,0.489293196212244
"2021-02-26 02:00:00",7.21498859138022,1.04954805702027
"2021-02-26 03:00:00",8.08180433900083,0.694508538013404
"2021-02-26 04:00:00",8.5907071171133,0.350570786489396
"2021-02-26 05:00:00",8.55313317878729,-0.305617170811469
"2021-02-26 06:00:00",7.92715681158991,-0.820821088755504
"2021-02-26 07:00:00",6.89615715931975,-1.13233878412013
"2021-02-26 08:00:00",5.95470482998216,-0.77834599333373
"2021-02-26 09:00:00",5.10517805770196,-0.864284062998785
"2021-02-26 10:00:00",4.09042196332797,-1.07342703846432
"2021-02-26 11:00:00",3.78006325209023,0.207822050918861
"2021-02-26 12:00:00",3.82434543449835,-0.0717177868125745
"2021-02-26 13:00:00",3.67578929767504,-0.197649579996609
"2021-02-26 14:00:00",3.6043497571606,0.0113572179235096
"2021-02-26 15:00:00",3.87346946989563,0.42352552485583
"2021-02-26 16:00:00",4.06369099354215,0.0206576125833953
"2021-02-26 17:00:00",3.40938588831265,-1.07841693766715
"2021-02-26 18:00:00",2.91142639653145,-0.0917250098730852
"2021-02-26 19:00:00",3.23688202625726,0.584354259283177
"2021-02-26 20:00:00",3.5323014452785,0.0845902765211847
"2021-02-26 21:00:00",3.62817992246188,0.0942960251584101
"2021-02-26 22:00:00",3.68298965175437,0.0212061972406923
"2021-02-26 23:00:00",3.14290407794094,-0.893355125184097
"2021-02-27 00:00:00",3.08772484358663,0.502167392840165
"2021-02-27 01:00:00",3.00084547213865,-0.479420950532715
"2021-02-27 02:00:00",3.07193981666413,0.430853100973559
"2021-02-27 03:00:00",3.29467900668569,0.069456017497459
"2021-02-27 04:00:00",3.2194686060194,-0.172324607659797
"2021-02-27 05:00:00",3.07895839757485,-0.116772606071758
"2021-02-27 06:00:00",2.90405499027109,-0.209312854343534
"2021-02-27 07:00:00",2.66922566101388,-0.244423238703508
"2021-02-27 08:00:00",2.36433686860095,-0.334149913012339
"2021-02-27 09:00:00",2.03304571153253,-0.316689283356687
"2021-02-27 10:00:00",1.75825854178934,-0.23641496389364
"2021-02-27 11:00:00",1.80006082533781,0.223025210051228
"2021-02-27 12:00:00",1.41734523750814,-0.770669109343461
"2021-02-27 13:00:00",1.11654906134792,0.0249144048479573
"2021-02-27 14:00:00",1.21903416016567,0.147889214014605
"2021-02-27 15:00:00",1.55257611900153,0.439887820801716
"2021-02-27 16:00:00",1.84944453738104,0.185416123188896
"2021-02-27 17:00:00",1.54631712286472,-0.616796364957146
"2021-02-27 18:00:00",0.983782243113928,-0.501622449608335
"2021-02-27 19:00:00",0.809932044280107,0.0516544920296419
"2021-02-27 20:00:00",0.477196770380709,-0.574223092957028
"2021-02-27 21:00:00",-0.0533520283856452,-0.476836670788425
"2021-02-27 22:00:00",-0.382766346503559,-0.215412105799693
"2021-02-27 23:00:00",-0.339482794208674,0.214180832390272
"2021-02-28 00:00:00",0.194301733432012,0.721922413119057
"2021-02-28 01:00:00",0.486536195222438,-0.00835649845167064
"2021-02-28 02:00:00",0.761940722991443,0.450861351678687
"2021-02-28 03:00:00",1.5288517626562,0.940182315478128
"2021-02-28 04:00:00",1.91968197970136,0.00405960550542817
"2021-02-28 05:00:00",1.39350676950103,-0.857129295743147
"2021-02-28 06:00:00",0.37154360141645,-1.08508319193419
"2021-02-28 07:00:00",-0.0442094827924773,0.0497369917091504
"2021-02-28 08:00:00",0.157745112049062,0.293891496499048
"2021-02-28 09:00:00",0.203548968110121,-0.121964946853324
"2021-02-28 10:00:00",0.0586763000861688,-0.153522260134218
"2021-02-28 11:00:00",-0.124787185134194,-0.19478150753038
"2021-02-28 12:00:00",-1.48496874208368,-2.07230603144243
"2021-02-28 13:00:00",-2.03953717214751,0.485505786748788
"2021-02-28 14:00:00",-1.3438270079077,0.805412485036402
"2021-02-28 15:00:00",-0.585071048526545,0.693328189077067
"2021-02-28 16:00:00",0.137437679232082,0.708382860910752
"2021-02-28 17:00:00",0.0645429862504682,-0.590450780403763
"2021-02-28 18:00:00",-0.0458696461384287,0.214770955372751
"2021-02-28 19:00:00",0.212207390787778,0.27474272226119
"2021-02-28 20:00:00",0.731846682649978,0.657934536067245
"2021-02-28 21:00:00",1.49056068516784,0.788902521164092
"2021-02-28 22:00:00",1.83177201807447,0.0246207145959977
"2021-02-28 23:00:00",1.89830255901778,0.0889480507094317
"2021-03-01 00:00:00",1.87225637069953,-0.103916164224384
"2021-03-01 01:00:00",1.68832536930428,-0.230945622568089
"2021-03-01 02:00:00",1.655459641012,0.0985714910464099
"2021-03-01 03:00:00",1.78007427980233,0.13392161806187
"2021-03-01 04:00:00",1.83182139080605,-0.00778775272088659
"2021-03-01 05:00:00",1.76084091465874,-0.112095776489565
"2021-03-01 06:00:00",1.503807497183,-0.34371182664894
"2021-03-01 07:00:00",1.15033886826451,-0.345114251516833
"2021-03-01 08:00:00",0.814793873819273,-0.314703036810008
"2021-03-01 09:00:00",0.686647468886804,0.00126207477600279
"2021-03-01 10:00:00",0.369766166975398,-0.514800114901281
"2021-03-01 11:00:00",-0.0267989831368108,-0.299375131225258
"2021-03-01 12:00:00",-0.304238787295929,-0.249598205854146
"2021-03-01 13:00:00",-0.148220019188512,0.419403640517809
"2021-03-01 14:00:00",0.478506721961733,0.735349148064802
"2021-03-01 15:00:00",1.13312869908857,0.569080955991097
"2021-03-01 16:00:00",0.791925037185265,-0.933296177656653
"2021-03-01 17:00:00",-0.867493895550857,-2.06565853352796
"2021-03-01 18:00:00",-2.27841386458373,-0.9062711150703
"2021-03-01 19:00:00",-3.07586489035327,-0.684075212005585
"2021-03-01 20:00:00",-3.33113485458008,0.0466891775090602
"2021-03-01 21:00:00",-3.10861333807048,0.333459500017456
"2021-03-01 22:00:00",-2.76023865376512,0.345769176890304
"2021-03-01 23:00:00",-2.89951886601798,-0.452465665752736
"2021-03-02 00:00:00",-3.66299516646115,-0.930797006910999
"2021-03-02 01:00:00",-3.82567339666916,0.361842779357479
"2021-03-02 02:00:00",-2.79329449524089,1.43526718772004
"2021-03-02 03:00:00",-2.03381775000894,0.276466982525233
"2021-03-02 04:00:00",-2.94943909821851,-1.66420295626843
"2021-03-02 05:00:00",-4.52504850534358,-1.43787545913707
"2021-03-02 06:00:00",-5.72375432699328,-0.976469404997986
"2021-03-02 07:00:00",-4.97017936803447,1.87848457166574
"2021-03-02 08:00:00",-3.36736865018197,1.34927127289955
"2021-03-02 09:00:00",-1.69952522997321,1.80530558958251
"2021-03-02 10:00:00",0.220521877175109,1.90749075506531
"2021-03-02 11:00:00",1.80488494907718,1.29337618094013
"2021-03-02 12:00:00",2.45893002251145,0.194425974281019
"2021-03-02 13:00:00",3.33715082982717,1.28917526571244
"2021-03-02 14:00:00",4.49739074700207,1.01485037858207
"2021-03-02 15:00:00",5.22365795755426,0.493574616072643
"2021-03-02 16:00:00",5.4129054956801,-0.0293578539183058
"2021-03-02 17:00:00",4.47727255175929,-1.50232049062911
"2021-03-02 18:00:00",3.82329522279275,-0.063117596676732
"2021-03-02 19:00:00",3.69094156795552,-0.177147567380259
"2021-03-02 20:00:00",3.53175754744216,-0.144400334016945
"2021-03-02 21:00:00",3.33247380414223,-0.230953236101278
"2021-03-02 22:00:00",0.767090409783559,-4.00403269037506
"2021-03-02 23:00:00",-1.77895341268529,-1.45406978408054
"2021-03-03 00:00:00",-2.37293327104293,0.00992162184926382
"2021-03-03 01:00:00",-2.86213041898697,-0.795633282092437
"2021-03-03 02:00:00",-3.10663397520593,0.138216828444983
"2021-03-03 03:00:00",-3.22905342332182,-0.286353539009138
"2021-03-03 04:00:00",-4.09547350009549,-1.2077918931834
"2021-03-03 05:00:00",-5.01541796868449,-0.679056851440734
"2021-03-03 06:00:00",-5.77655220802748,-0.773220117052522
"2021-03-03 07:00:00",-4.83003015618283,2.05546296394031
"2021-03-03 08:00:00",-2.87820483958457,1.79620919142996
"2021-03-03 09:00:00",-0.88954592329244,2.02616561203364
"2021-03-03 10:00:00",1.34142640216942,2.26263971959731
"2021-03-03 11:00:00",3.47213844183969,1.93978311755467
"2021-03-03 12:00:00",5.18484929252296,1.47547079812455
"2021-03-03 13:00:00",6.63669896628359,1.36043038628769
"2021-03-03 14:00:00",7.83060316423329,1.01760303492433
"2021-03-03 15:00:00",8.38959496998298,0.216602744041523
"2021-03-03 16:00:00",7.23896551188375,-2.01823580252399
"2021-03-03 17:00:00",4.6770404684756,-2.81196547609875
"2021-03-03 18:00:00",3.33998165177901,-0.296294976373598
"2021-03-03 19:00:00",3.86562774181358,1.04431528458916
"2021-03-03 20:00:00",4.95872886850802,1.06869977742641
"2021-03-03 21:00:00",5.43886598715362,0.0585630443160682
"2021-03-03 22:00:00",5.22552445766695,-0.391478826694375
"2021-03-03 23:00:00",4.69189536180659,-0.609770215858339
"2021-03-04 00:00:00",4.12515185188855,-0.517174192988688
"2021-03-04 01:00:00",3.64505373786833,-0.437882844954247
"2021-03-04 02:00:00",3.18457301988727,-0.458360964548809
"2021-03-04 03:00:00",2.80042463281976,-0.320523314551398
"2021-03-04 04:00:00",2.38407772207861,-0.464052305330819
"2021-03-04 05:00:00",1.73242604717693,-0.748821849804879
"2021-03-04 06:00:00",0.930170693129556,-0.801986825722507
"2021-03-04 07:00:00",0.120180068794615,-0.778034779917359
"2021-03-04 08:00:00",-0.852933484980409,-1.05707700336257
"2021-03-04 09:00:00",-2.03042234144891,-1.20070946774551
"2021-03-04 10:00:00",-3.11739706935108,-0.956884116416938
"2021-03-04 11:00:00",-3.90046725732543,-0.625968138893449
"2021-03-04 12:00:00",-4.70955641579442,-0.887694251868589
"2021-03-04 13:00:00",-5.34724727238852,-0.434653371334109
"2021-03-04 14:00:00",-5.22653335198137,0.492106712230032
"2021-03-04 15:00:00",-4.57146028271963,0.739321706998815
"2021-03-04 16:00:00",-3.69717956113231,0.928597382394505
"2021-03-04 17:00:00",-2.98344990827885,0.541335117305558
"2021-03-04 18:00:00",-2.27241973249374,0.79421506533473
"2021-03-04 19:00:00",-1.52981220945755,0.675843074643844
"2021-03-04 20:00:00",-0.649852834507202,0.97619081282664
"2021-03-04 21:00:00",-0.246540842271506,0.0030715078139224
"2021-03-04 22:00:00",-0.353059163192948,-0.17419759767303
"2021-03-04 23:00:00",-0.510584887704031,-0.138470858677833
"2021-03-05 00:00:00",-0.607038096970307,-0.0632005847109822
"2021-03-05 01:00:00",-0.791646233615872,-0.255990449258816
"2021-03-05 02:00:00",-1.29328403437027,-0.640542314674613
"2021-03-05 03:00:00",-2.1031067848487,-0.882525689194605
"2021-03-05 04:00:00",-3.33918324187677,-1.41032537014897
"2021-03-05 05:00:00",-4.60647001955836,-1.10740581850073
"2021-03-05 06:00:00",-5.86654912463143,-1.29604554859186
"2021-03-05 07:00:00",-5.73375755012022,1.08658298783762
"2021-03-05 08:00:00",-4.44750538081237,1.36562932465784
"2021-03-05 09:00:00",-3.31560158685589,0.928033103751804
"2021-03-05 10:00:00",-2.83721202820549,0.160171969789081
"2021-03-05 11:00:00",-2.75968080658889,0.0224101064127578
"2021-03-05 12:00:00",-2.64281158098809,0.177843469025138
"2021-03-05 13:00:00",-2.41441501052861,0.254650325443245
"2021-03-05 14:00:00",-2.35144404186146,-0.0646942435498224
"2021-03-05 15:00:00",-2.14388320748127,0.38222805349142
"2021-03-05 16:00:00",-2.34945517258569,-0.584900771329423
"2021-03-05 17:00:00",-4.39285636994943,-2.91558976299025
"2021-03-05 18:00:00",-6.07433831374699,-0.773193753743459
"2021-03-05 19:00:00",-6.47760778739873,-0.129666985213661
"2021-03-05 20:00:00",-6.53000953198041,0.00994465920011175
"2021-03-05 21:00:00",-6.6408774295508,-0.17772532700354
"2021-03-05 22:00:00",-7.27099944328647,-0.893214305931296
"2021-03-05 23:00:00",-7.78854386954666,-0.233139318257863
"2021-03-06 00:00:00",-7.39831332756514,0.797296200383011
"2021-03-06 01:00:00",-6.41715193781088,1.06664538561075
"2021-03-06 02:00:00",-5.52160314712128,0.747199534098329
"2021-03-06 03:00:00",-5.00328556952109,0.348217182574543
"2021-03-06 04:00:00",-4.92606719013954,-0.100666590030738
"2021-03-06 05:00:00",-5.51151629905321,-0.874464115504317
"2021-03-06 06:00:00",-6.43063407500342,-0.898108377660298
"2021-03-06 07:00:00",-6.34163303129751,0.751120077691449
"2021-03-06 08:00:00",-5.39718346260535,1.03662588078128
"2021-03-06 09:00:00",-4.63382879646061,0.551857601177051
"2021-03-06 10:00:00",-4.14412128680219,0.430975361492456
"2021-03-06 11:00:00",-4.76502453178453,-1.28729877108226
"2021-03-06 12:00:00",-5.971788263016,-1.08958978587392
"2021-03-06 13:00:00",-5.98019094869017,0.720471036169174
"2021-03-06 14:00:00",-5.22144915960023,0.755906318821863
"2021-03-06 15:00:00",-4.60739676226911,0.497033676970793
"2021-03-06 16:00:00",-4.39011197958774,0.0264005118012921
"2021-03-06 17:00:00",-4.32324797851701,0.0963189492480657
"2021-03-06 18:00:00",-3.99094326985736,0.479405900222619
"2021-03-06 19:00:00",-3.42549815488197,0.601076745215703
"2021-03-06 20:00:00",-2.57014251429361,0.988640169295356
"2021-03-06 21:00:00",-2.01771158092657,0.238690405316951
"2021-03-06 22:00:00",-1.90025510431679,0.0336537823032325
"2021-03-06 23:00:00",-1.71568305671401,0.278860438466929
"2021-03-07 00:00:00",-1.1308061645738,0.763302259091355
"2021-03-07 01:00:00",-0.327714839313798,0.792911689131326
"2021-03-07 02:00:00",0.236014708842782,0.384578264014896
"2021-03-07 03:00:00",0.175576988176638,-0.354542192741727
"2021-03-07 04:00:00",-0.600119214036122,-1.01982645674264
"2021-03-07 05:00:00",-1.81719695247662,-1.2899683063325
"2021-03-07 06:00:00",-2.61800724701174,-0.434314845364289
"2021-03-07 07:00:00",-2.73847714753281,0.0978547295259035
"2021-03-07 08:00:00",-2.62708829464109,0.118647112263158
"2021-03-07 09:00:00",-2.75928087210588,-0.289749248563899
"2021-03-07 10:00:00",-3.22430724023826,-0.556222453742774
"2021-03-07 11:00:00",-3.67025102368609,-0.347080122929639
"2021-03-07 12:00:00",-4.17216984861617,-0.576562551237379
"2021-03-07 13:00:00",-4.52572860750323,-0.182714953170775
"2021-03-07 14:00:00",-4.45539461144089,0.241520050676503
"2021-03-07 15:00:00",-4.1349441868007,0.363583388017375
"2021-03-07 16:00:00",-3.65129459858149,0.546037921629671
"2021-03-07 17:00:00",-3.18795734804999,0.390891956131642
"2021-03-07 18:00:00",-2.63529986759235,0.638345399381277
"2021-03-07 19:00:00",-1.98253288014318,0.63475798518209
"2021-03-07 20:00:00",-1.43675112093602,0.463084763158335
"2021-03-07 21:00:00",-1.04167596628861,0.332813856185725
"2021-03-07 22:00:00",-0.773271496730506,0.214053495842436
"2021-03-07 23:00:00",-0.662347798307268,0.037897074221556
"2021-03-08 00:00:00",-0.662135571925888,-0.0240671670396763
"2021-03-08 01:00:00",-0.750169001754477,-0.12564036687484
"2021-03-08 02:00:00",-0.97698270169876,-0.282516742326136
"2021-03-08 03:00:00",-1.90475999586114,-1.31259740464517
"2021-03-08 04:00:00",-4.23141554827889,-2.88966724371799
"2021-03-08 05:00:00",-6.15845380110915,-1.18827224173887
"2021-03-08 06:00:00",-7.01921464018039,-0.593585037627836
"2021-03-08 07:00:00",-6.36238400782141,1.46825974229839
"2021-03-08 08:00:00",-5.17285951645806,0.955377234183614
"2021-03-08 09:00:00",-4.35648729983214,0.691576013265741
"2021-03-08 10:00:00",-3.83049897421381,0.396217524047802
"2021-03-08 11:00:00",-3.59866339880326,0.116168749605409
"2021-03-08 12:00:00",-3.53468433424096,0.0307835075320866
"2021-03-08 13:00:00",-3.41890039647428,0.171502733541271
"2021-03-08 14:00:00",-3.20755020747048,0.232277065123445
"2021-03-08 15:00:00",-3.02785871997638,0.140229439818726
"2021-03-08 16:00:00",-3.32399682030659,-0.569070896582864
"2021-03-08 17:00:00",-5.28526830314789,-2.79190786384071
"2021-03-08 18:00:00",-7.62236615279774,-1.91602833953349
"2021-03-08 19:00:00",-8.10910006713164,0.499064353100545
"2021-03-08 20:00:00",-7.9939445369789,-0.135802122838248
"2021-03-08 21:00:00",-8.16306238164616,-0.172990616890705
"2021-03-08 22:00:00",-8.51438920148227,-0.443001900000039
"2021-03-08 23:00:00",-8.86626445594284,-0.263432693979795
"2021-03-09 00:00:00",-8.54985014196211,0.699361673953219
"2021-03-09 01:00:00",-8.50908020404128,-0.38920385630274
"2021-03-09 02:00:00",-8.80089748299752,-0.20206225871979
"2021-03-09 03:00:00",-8.52206234358805,0.597518714970451
"2021-03-09 04:00:00",-7.62803192775405,1.06019928205297
"2021-03-09 05:00:00",-7.7863666002762,-0.95332349436977
"2021-03-09 06:00:00",-8.10530571161829,0.129165918554092
"2021-03-09 07:00:00",-7.43020010268489,1.0174231248691
"2021-03-09 08:00:00",-6.03966906042608,1.58276282974883
"2021-03-09 09:00:00",-5.01308705209068,0.614801238297299
"2021-03-09 10:00:00",-4.52595553713389,0.385331471034853
"2021-03-09 11:00:00",-3.89818868296078,0.765388759012673
"2021-03-09 12:00:00",-3.20874954454085,0.611068398508987
"2021-03-09 13:00:00",-2.93770060712224,0.0356278393458532
"2021-03-09 14:00:00",-2.83085224678417,0.153036047564128
"2021-03-09 15:00:00",-2.66039647302673,0.177616603246609
"2021-03-09 16:00:00",-3.53936177145981,-1.53814528007647
"2021-03-09 17:00:00",-6.41702340040799,-3.62935198990738
"2021-03-09 18:00:00",-8.13312744058619,-0.350809866864654
"2021-03-09 19:00:00",-8.53040908897697,-0.398903430982147
"2021-03-09 20:00:00",-8.62430150203629,0.124898782119796
"2021-03-09 21:00:00",-8.42441077178562,0.251499075263713
"2021-03-09 22:00:00",-8.45990367326069,-0.214275391621246
"2021-03-09 23:00:00",-8.76148612208855,-0.334553770199002
"2021-03-10 00:00:00",-8.51112497035342,0.639690850797983
"2021-03-10 01:00:00",-8.19629391734068,0.0942683461402849
"2021-03-10 02:00:00",-8.17610681320217,-0.0195971249169095
"2021-03-10 03:00:00",-8.27194704120877,-0.131578142184802
"2021-03-10 04:00:00",-8.44622794350116,-0.183808016212663
"2021-03-10 05:00:00",-8.76662846281427,-0.385351648861003
"2021-03-10 06:00:00",-9.04447210121326,-0.181673253042876
"2021-03-10 07:00:00",-7.83357268661226,2.09337899924334
"2021-03-10 08:00:00",-5.54446924189944,2.32090178516983
"2021-03-10 09:00:00",-3.51737742758821,1.74204029156218
"2021-03-10 10:00:00",-2.13190276388093,1.08646387667517
"2021-03-10 11:00:00",-1.55177684313658,0.217752941462345
"2021-03-10 12:00:00",-1.2020004284692,0.423169037575371
"2021-03-10 13:00:00",-0.92581651643782,0.166620295928872
"2021-03-10 14:00:00",-0.922843211499875,-0.105071130571605
"2021-03-10 15:00:00",-1.15097317335244,-0.298138034492191
"2021-03-10 16:00:00",-2.60209636826118,-2.14932738971484
"2021-03-10 17:00:00",-5.18180735421541,-2.74068927351985
"2021-03-10 18:00:00",-6.11311730698396,0.325855034251967
"2021-03-10 19:00:00",-4.69493767415021,2.08687006921321
"2021-03-10 20:00:00",-3.4362977708235,0.652735913594105
"2021-03-10 21:00:00",-2.9317202301514,0.386257760277739
"2021-03-10 22:00:00",-2.86089900526496,-0.139053819760414
"2021-03-10 23:00:00",-2.81967281218834,0.163138335704694
"2021-03-11 00:00:00",-2.24827837293459,0.820041694067978
"2021-03-11 01:00:00",-1.43669394091172,0.770277503843902
"2021-03-11 02:00:00",-0.605070809596007,0.834852645608293
"2021-03-11 03:00:00",0.264813219477277,0.85268125146874
"2021-03-11 04:00:00",1.05118967247245,0.704464660754789
"2021-03-11 05:00:00",1.33939362524169,-0.00434831815436226
"2021-03-11 06:00:00",1.04670387176747,-0.472731634215475
"2021-03-11 07:00:00",0.637824305996886,-0.34823132388485
"2021-03-11 08:00:00",0.332734215265291,-0.262653967600809
"2021-03-11 09:00:00",0.231302095067994,0.010438523147437
"2021-03-11 10:00:00",-0.216566611733434,-0.732417315128222
"2021-03-11 11:00:00",-0.645004470571214,-0.205150156461025
"2021-03-11 12:00:00",-0.506249694124603,0.362258466834446
"2021-03-11 13:00:00",0.872901962129021,1.99218493607052
"2021-03-11 14:00:00",2.020545255582,0.528964963426789
"2021-03-11 15:00:00",2.20788847113626,-0.0519068600594038
"2021-03-11 16:00:00",3.1169038377048,1.50357844985864
"2021-03-11 17:00:00",3.50509187560653,-0.377855870366771
"2021-03-11 18:00:00",3.36487762667912,0.0203570644728414
"2021-03-11 19:00:00",3.60638596666519,0.373127742745224
"2021-03-11 20:00:00",3.98408297301483,0.358148038345162
"2021-03-11 21:00:00",3.98207242535454,-0.247150543423241
"2021-03-11 22:00:00",3.6418111630964,-0.391296309840789
"2021-03-11 23:00:00",3.59528559036279,0.180835741829391
"2021-03-12 00:00:00",3.58009467668716,-0.149784147660272
"2021-03-12 01:00:00",3.74520531261137,0.362577695941288
"2021-03-12 02:00:00",3.84391796804438,-0.0867112140630243
"2021-03-12 03:00:00",3.55444013468147,-0.415850749038909
"2021-03-12 04:00:00",3.13721948282411,-0.402888083843319
"2021-03-12 05:00:00",2.83212002348665,-0.229452622599284
"2021-03-12 06:00:00",2.21788025522508,-0.845221372658336
"2021-03-12 07:00:00",1.64707671224675,-0.363595150242239
"2021-03-12 08:00:00",1.49460070262327,-0.00660914986142511
"2021-03-12 09:00:00",1.15124063029998,-0.553466576925045
"2021-03-12 10:00:00",0.788525655571486,-0.219796891595023
"2021-03-12 11:00:00",0.785053285420668,0.139890452792583
"2021-03-12 12:00:00",0.630010529829894,-0.345305653710404
"2021-03-12 13:00:00",0.485462768938732,-0.00465444108196247
"2021-03-12 14:00:00",1.06424124232959,0.93959842606894
"2021-03-12 15:00:00",1.85415804161818,0.651223020350263
"2021-03-12 16:00:00",2.01253419664369,-0.180098058767709
"2021-03-12 17:00:00",1.76058534374622,-0.290469467559811
"2021-03-12 18:00:00",1.1017639693759,-0.875347073959616
"2021-03-12 19:00:00",1.00161478003184,0.419979957977872
"2021-03-12 20:00:00",1.67569490313199,0.810154837938531
"2021-03-12 21:00:00",2.10444647721567,0.151953738930969
"2021-03-12 22:00:00",2.20024480076576,0.0510979577076465
"2021-03-12 23:00:00",2.44392550901851,0.357652261016052
"2021-03-13 00:00:00",2.58647145046182,-0.0107787698683381
"2021-03-13 01:00:00",2.42375682378046,-0.259604306405397
"2021-03-13 02:00:00",2.18042012120406,-0.224051855546192
"2021-03-13 03:00:00",2.08971817113239,-0.000303097931821872
"2021-03-13 04:00:00",2.04423232645118,-0.0761385101113989
"2021-03-13 05:00:00",1.59525008008643,-0.678839375029328
"2021-03-13 06:00:00",0.913304369424795,-0.653666576533728
"2021-03-13 07:00:00",1.06270602546972,0.676495073593194
"2021-03-13 08:00:00",1.28999546235174,-0.0843459697318421
"2021-03-13 09:00:00",0.704021485691845,-0.894204168601945
"2021-03-13 10:00:00",-0.230117868777352,-0.917279858831477
"2021-03-13 11:00:00",-0.782185147859773,-0.282065932041719
"2021-03-13 12:00:00",-0.280825407668767,1.00081831743069
"2021-03-13 13:00:00",0.847076411428722,1.159387421785
"2021-03-13 14:00:00",0.00244289967882527,-2.14157997230671
"2021-03-13 15:00:00",-0.920091400718392,-0.0660158397549063
"2021-03-13 16:00:00",-0.655276381292103,0.473966982156674
"2021-03-13 17:00:00",-0.244494352381883,0.349983727383442
"2021-03-13 18:00:00",0.356872696031872,0.74069157386135
"2021-03-13 19:00:00",0.972417876039925,0.502405485718211
"2021-03-13 20:00:00",1.32747275016525,0.238697761392261
"2021-03-13 21:00:00",1.94259021297778,0.835119124757013
"2021-03-13 22:00:00",2.45038454335329,0.262948217438509
"2021-03-13 23:00:00",2.93631920060544,0.608340912508226
"2021-03-14 00:00:00",2.8736638528511,-0.510785009672463
"2021-03-14 01:00:00",3.23213667454997,0.91723085414232
"2021-03-14 02:00:00",3.81497213312975,0.328048081097942
"2021-03-14 03:00:00",3.80205013812078,-0.244533446706551
"2021-03-14 04:00:00",3.36538878740856,-0.548893892618831
"2021-03-14 05:00:00",2.10627492288065,-1.67709018287923
"2021-03-14 06:00:00",0.98244187695622,-0.704311504538336
"2021-03-14 07:00:00",0.295995514330026,-0.643182949821264
"2021-03-14 08:00:00",-0.578440742583104,-0.987431290911094
"2021-03-14 09:00:00",-1.6204585790508,-1.02814685741397
"2021-03-14 10:00:00",-2.08861247791541,-0.0704970847375904
"2021-03-14 11:00:00",-2.3499801259922,-0.373501138918755
"2021-03-14 12:00:00",-2.09495060840584,0.664952204861833
"2021-03-14 13:00:00",-1.60487149503646,0.352910323597588
"2021-03-14 14:00:00",-0.821196385869303,1.03567506956454
"2021-03-14 15:00:00",-0.657782482511566,-0.4247908408179
"2021-03-14 16:00:00",-0.773559438066685,0.0965780797414258
"2021-03-14 17:00:00",-1.0497629071764,-0.510598482444206
"2021-03-14 18:00:00",-1.70808836018052,-0.724172512339254
"2021-03-14 19:00:00",-1.65218591387749,0.575488211386531
"2021-03-14 20:00:00",-1.62182595341146,-0.332366414152764
"2021-03-14 21:00:00",-1.42198287736158,0.547236866276206
"2021-03-14 22:00:00",-0.989395915577318,0.337431091214475
"2021-03-14 23:00:00",-0.832070785609994,0.0310554617958933
"2021-03-15 00:00:00",-0.514531468233433,0.494508263259706
"2021-03-15 01:00:00",-0.418409636943023,-0.173369256734803
"2021-03-15 02:00:00",-0.546436643217396,-0.0911764285876954
"2021-03-15 03:00:00",-0.602822250438191,-0.02980857483523
"2021-03-15 04:00:00",-0.569121480379152,0.075214972539167
"2021-03-15 05:00:00",-0.956561133944209,-0.676726604417595
"2021-03-15 06:00:00",-1.6903622584396,-0.735747782825278
"2021-03-15 07:00:00",-1.768795846135,0.365673772547126
"2021-03-15 08:00:00",-1.81239885694109,-0.312098336010272
"2021-03-15 09:00:00",-2.38676657049763,-0.719581974692067
"2021-03-15 10:00:00",-3.0013692638896,-0.512336587396037
"2021-03-15 11:00:00",-3.14924605734756,0.105986855269583
"2021-03-15 12:00:00",-2.4205694621481,1.11322792985575
"2021-03-15 13:00:00",-1.60783532272124,0.576906864819509
"2021-03-15 14:00:00",-1.6833868080627,-0.504854355607373
"2021-03-15 15:00:00",-2.52807598554753,-1.02893360255151
"2021-03-15 16:00:00",-3.31497017159709,-0.584886930062038
"2021-03-15 17:00:00",-3.29635611169665,0.424328377550111
"2021-03-15 18:00:00",-2.78086350900795,0.556019518029855
"2021-03-15 19:00:00",-2.1774554996178,0.609909650581372
"2021-03-15 20:00:00",-1.45553897812242,0.765087356651031
"2021-03-15 21:00:00",-0.634446831758085,0.821285871630569
"2021-03-15 22:00:00",-0.16112721379558,0.219671739763954
"2021-03-15 23:00:00",-0.0597802520100844,0.0178567957575807
"2021-03-16 00:00:00",0.18766917327796,0.388826984907561
"2021-03-16 01:00:00",0.468438467184232,0.19514824538096
"2021-03-16 02:00:00",0.661972899228891,0.182658315097592
"2021-03-16 03:00:00",0.844377071056312,0.172714001447425
"2021-03-16 04:00:00",0.743753693070954,-0.279151718484169
"2021-03-16 05:00:00",0.00595140635741331,-1.00946266889727
"2021-03-16 06:00:00",-1.20373268247233,-1.2856870368343
"2021-03-16 07:00:00",-2.03398950332691,-0.485637416046221
"2021-03-16 08:00:00",-2.51082800666479,-0.445692611524941
"2021-03-16 09:00:00",-2.88866422651359,-0.311409414037496
"2021-03-16 10:00:00",-2.86540030446775,0.248992539986405
"2021-03-16 11:00:00",-2.86468750096793,-0.161145751422791
"2021-03-16 12:00:00",-3.07036621099387,-0.221901703107159
"2021-03-16 13:00:00",-3.16141942822841,0.00446088243796845
"2021-03-16 14:00:00",-2.9932840872519,0.273333909450243
"2021-03-16 15:00:00",-2.41738036215357,0.754104082478709
"2021-03-16 16:00:00",-2.01233488572784,0.156211199326237
"2021-03-16 17:00:00",-2.25391718158778,-0.492700553359819
"2021-03-16 18:00:00",-3.49296475650926,-1.67482070973281
"2021-03-16 19:00:00",-4.83340544900455,-1.04932655137322
"2021-03-16 20:00:00",-5.67032206042752,-0.649314334759913
"2021-03-16 21:00:00",-6.1209784707026,-0.289498378268692
"2021-03-16 22:00:00",-6.30240371936253,-0.0928690365460486
"2021-03-16 23:00:00",-6.25706310227748,0.143445521069612
"2021-03-17 00:00:00",-6.0129295530713,0.307719521119432
"2021-03-17 01:00:00",-5.67138997983576,0.355604387230063
"2021-03-17 02:00:00",-5.43002528712072,0.161044817647999
"2021-03-17 03:00:00",-5.19288937379274,0.283591013396797
"2021-03-17 04:00:00",-4.80900185687526,0.43920016848341
"2021-03-17 05:00:00",-4.36158376136791,0.437832459423466
"2021-03-17 06:00:00",-3.85657894352005,0.531408446361135
"2021-03-17 07:00:00",-3.18712744109872,0.734636315963687
"2021-03-17 08:00:00",-2.76039396155296,0.205297210996488
"2021-03-17 09:00:00",-2.88267830348613,-0.331300445891275
"2021-03-17 10:00:00",-3.33683628365539,-0.510765715960755
"2021-03-17 11:00:00",-3.84886401546783,-0.48423800007483
"2021-03-17 12:00:00",-4.31640113608319,-0.429226696384198
"2021-03-17 13:00:00",-5.38125806923984,-1.43243984577248
"2021-03-17 14:00:00",-5.7361164679351,0.387313993204001
"2021-03-17 15:00:00",-5.47454571257924,0.172705208248322
"2021-03-17 16:00:00",-4.92858019949251,0.775912053845148
"2021-03-17 17:00:00",-4.95866755032385,-0.559630522203192
"2021-03-17 18:00:00",-5.3251832730514,-0.213968391196286
"2021-03-17 19:00:00",-5.39377081981611,0.0384526213453886
"2021-03-17 20:00:00",-5.47928832700169,-0.157148735376936
"2021-03-17 21:00:00",-5.94539904097357,-0.642872014640056
"2021-03-17 22:00:00",-6.70073679155694,-0.786759260259366
"2021-03-17 23:00:00",-7.63438246305362,-0.978567507261513
"2021-03-18 00:00:00",-7.9159251140938,0.206349086280717
"2021-03-18 01:00:00",-8.2564383993958,-0.678700635491339
"2021-03-18 02:00:00",-8.46364771653615,0.127598577165986
"2021-03-18 03:00:00",-8.14313112876958,0.444801897324433
"2021-03-18 04:00:00",-6.98131089505495,1.59510862719386
"2021-03-18 05:00:00",-5.56233704446171,1.24312001338402
"2021-03-18 06:00:00",-5.06469892122716,-0.0158212397147266
"2021-03-18 07:00:00",-4.87937782812127,0.317133723811315
"2021-03-18 08:00:00",-4.30218281999907,0.729425875080298
"2021-03-18 09:00:00",-3.36503128754747,1.03664389781789
"2021-03-18 10:00:00",-2.76773719119312,0.280352314897332
"2021-03-18 11:00:00",-2.61537683276169,0.0633602581804231
"2021-03-18 12:00:00",-2.80801259488913,-0.350772798870559
"2021-03-18 13:00:00",-3.06695620494001,-0.181801959367673
"2021-03-18 14:00:00",-3.79971606615924,-1.06128657381366
"2021-03-18 15:00:00",-4.56591980825164,-0.528179374007677
"2021-03-18 16:00:00",-5.97347953897343,-1.92103343001978
"2021-03-18 17:00:00",-6.58332751486091,0.300937861974092
"2021-03-18 18:00:00",-6.34707594550817,0.190384827976416
"2021-03-18 19:00:00",-5.77237412024145,0.811778177253597
"2021-03-18 20:00:00",-5.19703254318646,0.397818236647104
"2021-03-18 21:00:00",-4.77924976793512,0.417936347150941
"2021-03-18 22:00:00",-4.96642725817894,-0.575526818889774
"2021-03-18 23:00:00",-5.39046671564377,-0.296499791983387
"2021-03-19 00:00:00",-5.92761860499264,-0.665112663446486
"2021-03-19 01:00:00",-5.89872767998162,0.497817585407692
"2021-03-19 02:00:00",-5.51291246106269,0.300415620860175
"2021-03-19 03:00:00",-5.2705056652535,0.19931979961706
"2021-03-19 04:00:00",-5.3679351670842,-0.28383768606908
"2021-03-19 05:00:00",-5.96350206845306,-0.768164809692322
"2021-03-19 06:00:00",-6.64886781502731,-0.589914622052628
"2021-03-19 07:00:00",-6.66086627878386,0.382410321320259
"2021-03-19 08:00:00",-6.29248611309256,0.350104861376264
"2021-03-19 09:00:00",-6.48397973607392,-0.535345049362041
"2021-03-19 10:00:00",-6.67475561063147,0.0563537991074669
"2021-03-19 11:00:00",-6.46789535777775,0.305967386706372
"2021-03-19 12:00:00",-6.44008131324602,-0.150605584843298
"2021-03-19 13:00:00",-6.66867581508988,-0.261424909420536
"2021-03-19 14:00:00",-7.47934563636519,-1.12971116841493
"2021-03-19 15:00:00",-8.28434982057547,-0.540645388391102
"2021-03-19 16:00:00",-8.76582060533167,-0.408467356775412
"2021-03-19 17:00:00",-9.38488609105261,-0.718748671910869
"2021-03-19 18:00:00",-9.92126204933729,-0.377214641060413
"2021-03-19 19:00:00",-10.1587051979113,-0.120196088422259
"2021-03-19 20:00:00",-10.144673452726,0.115939138143878
"2021-03-19 21:00:00",-10.031569042933,0.118912356047446
"2021-03-19 22:00:00",-10.0331908891369,-0.0689729168935301
"2021-03-19 23:00:00",-10.2030111426079,-0.21605219888164
"2021-03-20 00:00:00",-10.2314208689445,0.111180707632726
"2021-03-20 01:00:00",-10.0790684466679,0.185744243099993
"2021-03-20 02:00:00",-9.41379115409063,0.966334880564747
"2021-03-20 03:00:00",-8.50465985554757,0.839925457440468
"2021-03-20 04:00:00",-7.55097042171012,0.995171161011317
"2021-03-20 05:00:00",-7.28029945862103,-0.21545296370467
"2021-03-20 06:00:00",-7.7990950539824,-0.686986401283776
"2021-03-20 07:00:00",-8.0699504000717,0.0294814179642935
"2021-03-20 08:00:00",-7.61884972950841,0.721138308172468
"2021-03-20 09:00:00",-7.19463278721011,0.215931812592634
"2021-03-20 10:00:00",-6.97645571891001,0.218577218568623
"2021-03-20 11:00:00",-7.32152003341,-0.695431917375845
"2021-03-20 12:00:00",-8.42902044937784,-1.32014591611954
"2021-03-20 13:00:00",-8.84478544792681,0.217763902085271
"2021-03-20 14:00:00",-8.45174256832739,0.502613762272875
"2021-03-20 15:00:00",-7.87587652084955,0.60822617271804
"2021-03-20 16:00:00",-7.41591754767548,0.349407710425093
"2021-03-20 17:00:00",-7.11847665070214,0.258218859356303
"2021-03-20 18:00:00",-6.4248738654602,0.960067106982453
"2021-03-20 19:00:00",-5.24996905917735,1.27057586044523
"2021-03-20 20:00:00",-4.16388606686367,0.918244948370916
"2021-03-20 21:00:00",-3.34131778695259,0.72506256240986
"2021-03-20 22:00:00",-2.63299443110733,0.667810610485386
"2021-03-20 23:00:00",-2.06136447300269,0.483739984464239
"2021-03-21 00:00:00",-1.76675094748646,0.15718777160906
"2021-03-21 01:00:00",-1.21724589703713,0.787209980967088
"2021-03-21 02:00:00",-0.444477751908736,0.727987509597841
"2021-03-21 03:00:00",0.216493038586641,0.585457578261913
"2021-03-21 04:00:00",0.643056923928562,0.300087534395102
"2021-03-21 05:00:00",0.695874745278261,-0.115364375667663
"2021-03-21 06:00:00",0.354371403333507,-0.476928785260826
"2021-03-21 07:00:00",-0.118187755458535,-0.447647057708025
"2021-03-21 08:00:00",-0.777831952497292,-0.769475068814615
"2021-03-21 09:00:00",-1.36741170292541,-0.440632804592207
"2021-03-21 10:00:00",-1.97639895605866,-0.690520930599301
"2021-03-21 11:00:00",-1.97214259853885,0.469777903341628
"2021-03-21 12:00:00",-2.59415812854052,-1.31776643791056
"2021-03-21 13:00:00",-2.64093247822802,0.80610488837383
"2021-03-21 14:00:00",-1.42023890145629,1.442477881744
"2021-03-21 15:00:00",-0.674832764988898,0.247108391308433
"2021-03-21 16:00:00",-0.79425015017231,-0.35721954682931
"2021-03-21 17:00:00",-1.74653534611433,-1.30271347245052
"2021-03-21 18:00:00",-3.12806098446006,-1.3661664055987
"2021-03-21 19:00:00",-3.50926212375975,0.297576506344772
"2021-03-21 20:00:00",-3.46997583056593,-0.130249109883175
"2021-03-21 21:00:00",-3.76750616043472,-0.390439411547538
"2021-03-21 22:00:00",-4.11487123275507,-0.297287974771519
"2021-03-21 23:00:00",-4.69172954578682,-0.73052104536553
"2021-03-22 00:00:00",-4.70236417044015,0.475832632906272
"2021-03-22 01:00:00",-4.42478239141076,0.138285716393792
"2021-03-22 02:00:00",-3.90791713465893,0.750387999586767
"2021-03-22 03:00:00",-3.36941717091677,0.376690214781375
"2021-03-22 04:00:00",-3.65214914958805,-0.704562282048324
"2021-03-22 05:00:00",-4.71130855903473,-1.24051677895119
"2021-03-22 06:00:00",-5.19347479688534,0.0523754416111514
"2021-03-22 07:00:00",-4.37808011763244,1.29201082700536
"2021-03-22 08:00:00",-3.14112485048993,1.14711443700197
"2021-03-22 09:00:00",-2.14162932918826,0.857636830110374
"2021-03-22 10:00:00",-1.60061121164742,0.306993406294681
"2021-03-22 11:00:00",-1.22926537879371,0.398663150427324
"2021-03-22 12:00:00",-0.751239761370451,0.50980158998798
"2021-03-22 13:00:00",-0.485136963929221,0.0919626935002897
"2021-03-22 14:00:00",-0.425393434531024,0.0360506211535091
"2021-03-22 15:00:00",-0.419968893602415,-0.0147021111920028
"2021-03-22 16:00:00",-0.571051565399728,-0.234280986493006
"2021-03-22 17:00:00",-1.65939879362797,-1.60526167902225
"2021-03-22 18:00:00",-3.82073178625149,-2.42719748412534
"2021-03-22 19:00:00",-4.52556481042972,0.481807122483421
"2021-03-22 20:00:00",-4.08711866740669,0.394536256433912
"2021-03-22 21:00:00",-3.6831113759051,0.396389684620948
"2021-03-22 22:00:00",-2.4983020988344,1.65885811637107
"2021-03-22 23:00:00",-0.891193187452496,1.49946054352507
"2021-03-23 00:00:00",0.3856140214382,1.06884949235692
"2021-03-23 01:00:00",1.06577881354441,0.388228146198854
"2021-03-23 02:00:00",1.37940432717773,0.247614625536958
"2021-03-23 03:00:00",1.23557544486815,-0.39972964626829
"2021-03-23 04:00:00",0.863889123034017,-0.336920950394276
"2021-03-23 05:00:00",0.617997821513596,-0.174634502335634
"2021-03-23 06:00:00",0.261346496495019,-0.461842329069993
"2021-03-23 07:00:00",-0.22285817226562,-0.476440318445668
"2021-03-23 08:00:00",-1.04480942557136,-1.0129422120881
"2021-03-23 09:00:00",-1.76316170341302,-0.486480334045476
"2021-03-23 10:00:00",-2.19522225819611,-0.372978073103191
"2021-03-23 11:00:00",-2.22991133847819,0.195310257840781
"2021-03-23 12:00:00",-2.7214853612703,-0.923256397248088
"2021-03-23 13:00:00",-3.34184819146303,-0.385451063058298
"2021-03-23 14:00:00",-3.65891057448233,-0.252097808970317
"2021-03-23 15:00:00",-3.53502321261917,0.373367712145649
"2021-03-23 16:00:00",-3.09341615268028,0.470669521050064
"2021-03-23 17:00:00",-2.65903919836476,0.393527167896159
"2021-03-23 18:00:00",-2.21241817373936,0.464219612871473
"2021-03-23 19:00:00",-1.62913147284696,0.637796920576729
"2021-03-23 20:00:00",-1.17133294164318,0.318146633964184
"2021-03-23 21:00:00",-1.06627082445555,-0.0404749348487973
"2021-03-23 22:00:00",-1.19717922033924,-0.183601675624403
"2021-03-23 23:00:00",-1.24331919411237,0.0492348329343867
"2021-03-24 00:00:00",-0.92303543015662,0.487362452711494
"2021-03-24 01:00:00",-0.697589229907887,0.0413146789236934
"2021-03-24 02:00:00",-0.621667036595128,0.0962846160398484
"2021-03-24 03:00:00",-0.807435858378972,-0.364172574799177
"2021-03-24 04:00:00",-1.164703001523,-0.334646036554467
"2021-03-24 05:00:00",-1.98439149232238,-1.10259275735501
"2021-03-24 06:00:00",-2.0147637707937,0.688429635721085
"2021-03-24 07:00:00",-1.23279103869688,0.809771116000949
"2021-03-24 08:00:00",-0.517348393744183,0.620149255549173
"2021-03-24 09:00:00",-0.187949066343476,0.120583128344059
"2021-03-24 10:00:00",-0.0152891504912018,0.199414689225568
"2021-03-24 11:00:00",-0.0952095142391756,-0.262323117437009
"2021-03-24 12:00:00",-0.0801751967168172,0.199344412805262
"2021-03-24 13:00:00",0.127744886740999,0.203860185235098
"2021-03-24 14:00:00",0.637791746106424,0.689766146538073
"2021-03-24 15:00:00",1.43187620345542,0.825072583176411
"2021-03-24 16:00:00",2.13396636025384,0.584895276587404
"2021-03-24 17:00:00",2.59674421460905,0.356626890293384
"2021-03-24 18:00:00",2.56538357550101,-0.291870533903934
"2021-03-24 19:00:00",-0.0578348563509965,-4.05607616947364
"2021-03-24 20:00:00",-2.67598067407347,-1.53505466172908
"2021-03-24 21:00:00",-3.09320769793555,0.351253416481765
"2021-03-24 22:00:00",-2.95865258537529,-0.0123160589037649
"2021-03-24 23:00:00",-3.11734026229326,-0.244913862208408
"2021-03-25 00:00:00",-2.97530973437116,0.397256884116629
"2021-03-25 01:00:00",-2.82542520396001,-0.018316028654184
"2021-03-25 02:00:00",-3.17736646396631,-0.553989466671718
"2021-03-25 03:00:00",-3.2544279240515,0.248641419254593
"2021-03-25 04:00:00",-3.44205408938949,-0.465356786992845
"2021-03-25 05:00:00",-4.13445037171678,-0.806415744127482
"2021-03-25 06:00:00",-3.32587633619269,1.85212039818177
"2021-03-25 07:00:00",-1.23725952298018,2.15131440503128
"2021-03-25 08:00:00",0.676475647772238,1.66600655494602
"2021-03-25 09:00:00",2.09379606759996,1.18331060775123
"2021-03-25 10:00:00",3.29977711596759,1.16108891911502
"2021-03-25 11:00:00",4.2377743651904,0.740446879543666
"2021-03-25 12:00:00",5.05721598912859,0.827703779452797
"2021-03-25 13:00:00",5.34635058891166,-0.0901616452275156
"2021-03-25 14:00:00",5.34086050739186,0.0443282741141979
"2021-03-25 15:00:00",5.37670243294672,0.02159906065511
"2021-03-25 16:00:00",4.90959093720976,-0.777644581119905
"2021-03-25 17:00:00",3.55920730202006,-1.67436032955145
"2021-03-25 18:00:00",3.08500507645592,0.343837052911563
"2021-03-25 19:00:00",3.09067914230194,-0.224009065290577
"2021-03-25 20:00:00",2.9992980166733,-0.00260425771762368
"2021-03-25 21:00:00",2.85568381252307,-0.234659673112765
"2021-03-25 22:00:00",1.8348739652491,-1.50007269456744
"2021-03-25 23:00:00",0.836029192664944,-0.619598424274057
"2021-03-26 00:00:00",0.89528130686607,0.507918560800902
"2021-03-26 01:00:00",0.938858249502091,-0.269203305237357
"2021-03-26 02:00:00",1.86814115441668,1.68289146544359
"2021-03-26 03:00:00",2.680045405862,0.190267481219051
"2021-03-26 04:00:00",0.994203039097137,-2.85990446408397
"2021-03-26 05:00:00",-0.367465960105354,-0.299437736558898
"2021-03-26 06:00:00",-0.18101635248715,0.501982575562151
"2021-03-26 07:00:00",0.889733483789889,1.39927351093752
"2021-03-26 08:00:00",2.52088560196742,1.70707743533031
"2021-03-26 09:00:00",3.92268327982924,1.12842035431501
"2021-03-26 10:00:00",4.60108839759335,0.341107905616944
"2021-03-26 11:00:00",4.86346168990199,0.191487685039563
"2021-03-26 12:00:00",5.50902793712489,0.911336240895211
"2021-03-26 13:00:00",5.93876259447976,0.0811527402616372
"2021-03-26 14:00:00",5.24828179892321,-1.17973591372033
"2021-03-26 15:00:00",5.1690920691357,0.651495451027612
"2021-03-26 16:00:00",5.48357927655707,0.0682137448199259
"2021-03-26 17:00:00",4.49255409970467,-1.65714575350907
"2021-03-26 18:00:00",2.09703239624182,-2.77971944667809
"2021-03-26 19:00:00",0.780070398296826,-0.281927895174535
"2021-03-26 20:00:00",0.99949603201548,0.542223507193145
"2021-03-26 21:00:00",1.36660721772656,0.2316387783886
"2021-03-26 22:00:00",1.4832825522791,0.0327289936990496
"2021-03-26 23:00:00",1.62128694369723,0.199717571648962
"2021-03-27 00:00:00",1.99381062180753,0.467934531901126
"2021-03-27 01:00:00",2.18841947095174,0.000577905559631914
"2021-03-27 02:00:00",2.1550343184087,-0.0572603552061816
"2021-03-27 03:00:00",2.3310318202399,0.320359854196535
"2021-03-27 04:00:00",3.4447448413761,1.58667950411833
"2021-03-27 05:00:00",3.66846806048125,-0.699969005588707
"2021-03-27 06:00:00",3.47970710694943,0.156281278559192
"2021-03-27 07:00:00",4.30251507997517,1.22356834707824
"2021-03-27 08:00:00",4.50467972292134,-0.493910581001524
"2021-03-27 09:00:00",1.76474487893419,-4.11286379989559
"2021-03-27 10:00:00",-1.31577759948234,-2.24819616341927
"2021-03-27 11:00:00",-2.3836331213249,-0.22853575417791
"2021-03-27 12:00:00",-1.91720917912244,0.910629945089692
"2021-03-27 13:00:00",-2.3267554516576,-1.26771698478046
"2021-03-27 14:00:00",-3.46503493800104,-0.994900723455697
"2021-03-27 15:00:00",-3.8253617702625,0.0843028030023571
"2021-03-27 16:00:00",-3.53205480681187,0.423632300336452
"2021-03-27 17:00:00",-3.41148888633932,-0.0826527407167496
"2021-03-27 18:00:00",-3.88144750915137,-0.701430016465767
"2021-03-27 19:00:00",-4.1533278569901,0.0324024510788375
"2021-03-27 20:00:00",-3.87177003189318,0.439631112221499
"2021-03-27 21:00:00",-3.25230477659392,0.714905211888048
"2021-03-27 22:00:00",-2.95888724633385,0.00267838753087307
"2021-03-27 23:00:00",-2.83494442681341,0.202707533201421
"2021-03-28 00:00:00",-2.65985392835893,0.152012362403456
"2021-03-28 01:00:00",-2.6548118090244,-0.0897485079037184
"2021-03-28 02:00:00",-2.46486030599567,0.370809629368382
"2021-03-28 03:00:00",-2.54253074883273,-0.36978504387478
"2021-03-28 04:00:00",-2.98034469952817,-0.459084856731603
"2021-03-28 05:00:00",-3.68947301611272,-0.838283356589685
"2021-03-28 06:00:00",-3.59253674190269,0.720553374208233
"2021-03-28 07:00:00",-2.8000704920272,0.807379196653625
"2021-03-28 08:00:00",-2.21527188015494,0.41223296913606
"2021-03-28 09:00:00",-1.97084241812125,0.123801807825417
"2021-03-28 10:00:00",-1.06334349520795,1.38937068467012
"2021-03-28 11:00:00",0.191360490903843,1.10667519811223
"2021-03-28 12:00:00",0.760044086163922,0.182758526583209
"2021-03-28 13:00:00",0.15262337691037,-1.10631310613913
"2021-03-28 14:00:00",-0.373028010484192,-0.113768174808096
"2021-03-28 15:00:00",-0.194124129367902,0.36599457043104
"2021-03-28 16:00:00",0.574483704967129,1.00073853529198
"2021-03-28 17:00:00",1.08815465145828,0.163815121221458
"2021-03-28 18:00:00",1.5834935077805,0.691410566843921
"2021-03-28 19:00:00",2.15158015802513,0.456836500836038
"2021-03-28 20:00:00",2.62146316498637,0.453479475338744
"2021-03-28 21:00:00",3.35566172364701,0.883074799881036
"2021-03-28 22:00:00",4.20654642329753,0.784667410631439
"2021-03-28 23:00:00",4.69393381168297,0.260623185474928
"2021-03-29 00:00:00",5.53821882727152,1.18721785842054
"2021-03-29 01:00:00",6.26851758366411,0.383851320666068
"2021-03-29 02:00:00",5.80105989921383,-1.02085171964833
"2021-03-29 03:00:00",5.53202333962245,0.237474295299077
"2021-03-29 04:00:00",5.13164005626231,-0.813717063102835
"2021-03-29 05:00:00",4.64206116453167,-0.25683856647511
"2021-03-29 06:00:00",4.42296805723126,-0.189500469554186
"2021-03-29 07:00:00",4.05253519634452,-0.479149101286431
"2021-03-29 08:00:00",3.75530251336843,-0.167054894791695
"2021-03-29 09:00:00",3.50844949072128,-0.293159644442871
"2021-03-29 10:00:00",3.04099558870261,-0.565955972592921
"2021-03-29 11:00:00",2.352005827025,-0.742189163762742
"2021-03-29 12:00:00",3.76589061295469,2.78102543163959
"2021-03-29 13:00:00",5.92716419966882,1.64055763503495
"2021-03-29 14:00:00",7.70992073007618,1.78520102847976
"2021-03-29 15:00:00",8.00474620809947,-0.72268630788411
"2021-03-29 16:00:00",7.997142589702,0.459156550976539
"2021-03-29 17:00:00",7.8780094470157,-0.50929703848423
"2021-03-29 18:00:00",7.34381840305135,-0.535553920603666
"2021-03-29 19:00:00",6.97352975317136,-0.251980999658683
"2021-03-29 20:00:00",6.73019370002642,-0.234995740175466
"2021-03-29 21:00:00",6.62586309980469,-0.0209367552286669
"2021-03-29 22:00:00",6.52831077773489,-0.152530937603554
"2021-03-29 23:00:00",6.24983985167718,-0.357609091998925
"2021-03-30 00:00:00",6.58812303228133,0.778075001395102
"2021-03-30 01:00:00",5.81597311145703,-1.77741308442154
"2021-03-30 02:00:00",4.90430828216976,-0.298681796899177
"2021-03-30 03:00:00",4.73051660703338,-0.0885942035313512
"2021-03-30 04:00:00",3.99718053649863,-1.1344047777072
"2021-03-30 05:00:00",2.87269205176764,-1.06959351396759
"2021-03-30 06:00:00",3.23816800875851,1.30110383819514
"2021-03-30 07:00:00",4.67186660159044,1.44979247630436
"2021-03-30 08:00:00",6.03406056175519,1.23304520857521
"2021-03-30 09:00:00",7.11961035448491,0.927861085734919
"2021-03-30 10:00:00",7.96551324036351,0.741893949608596
"2021-03-30 11:00:00",8.66862974633136,0.633589343924174
"2021-03-30 12:00:00",9.83936829539111,1.46202886164791
"2021-03-30 13:00:00",10.7739182048215,0.525815043053045
"2021-03-30 14:00:00",11.2297698390941,0.373665149737848
"2021-03-30 15:00:00",11.5508393397176,0.256278678661704
"2021-03-30 16:00:00",11.3994433954681,-0.430864553562477
"2021-03-30 17:00:00",9.2698791525295,-3.17550530118457
"2021-03-30 18:00:00",6.23925756325584,-2.80196601734407
"2021-03-30 19:00:00",5.00854776456188,-0.132780708204725
"2021-03-30 20:00:00",5.09795590415206,0.226828923079818
"2021-03-30 21:00:00",4.79530136407502,-0.647824800907626
"2021-03-30 22:00:00",4.15305990095456,-0.614179603820667
"2021-03-30 23:00:00",4.74686592592768,1.36554726361571
"2021-03-31 00:00:00",6.08354075437203,1.24779214437953
"2021-03-31 01:00:00",6.15083681765332,-0.730725105480954
"2021-03-31 02:00:00",5.49946928774085,-0.575436749383249
"2021-03-31 03:00:00",5.05509867772465,-0.342965047782204
"2021-03-31 04:00:00",2.68993497091048,-3.60739626775814
"2021-03-31 05:00:00",0.253895200898684,-1.54285583801473
"2021-03-31 06:00:00",1.00635040547392,2.24655333396094
"2021-03-31 07:00:00",3.67054039149167,2.81471233801749
"2021-03-31 08:00:00",6.44265255114792,2.60725369062932
"2021-03-31 09:00:00",8.78016989824467,2.03831686308625
"2021-03-31 10:00:00",10.4827861879007,1.38659837151318
"2021-03-31 11:00:00",11.5776056382806,0.834770269805036
"2021-03-31 12:00:00",12.6504100108077,1.16559326439255
"2021-03-31 13:00:00",13.3360624185452,0.316814222322496
"2021-03-31 14:00:00",13.4848926608206,0.0125857065983721
"2021-03-31 15:00:00",13.4228023358352,-0.12629958582215
"2021-03-31 16:00:00",12.8127481100017,-0.92085904548806
"2021-03-31 17:00:00",10.0070870889317,-3.94536166605531
"2021-03-31 18:00:00",6.63049202101266,-2.84986520947183
"2021-03-31 19:00:00",4.91583383435581,-0.884930870901827
"2021-03-31 20:00:00",4.30176782163799,-0.410646994074351
"2021-03-31 21:00:00",4.31909669102226,0.296274590836804
"2021-03-31 22:00:00",4.68664253375899,0.392028095790731
"2021-03-31 23:00:00",4.75213567444676,-0.16134452727251
"2021-04-01 00:00:00",4.32633927447894,-0.587984677211345
"2021-04-01 01:00:00",4.2456823398744,0.255813704788389
"2021-04-01 02:00:00",4.19082301376292,-0.264835265507274
"2021-04-01 03:00:00",3.80246805844494,-0.457645921117537
"2021-04-01 04:00:00",3.64672323860718,0.0480202274460769
"2021-04-01 05:00:00",3.36761945718264,-0.488619085535428
"2021-04-01 06:00:00",4.172206157107,1.62413636855206
"2021-04-01 07:00:00",5.14801640176573,0.491853975399681
"2021-04-01 08:00:00",5.58276592919973,0.369387809602579
"2021-04-01 09:00:00",5.66168214071043,-0.125672221410217
"2021-04-01 10:00:00",4.34397020967796,-2.05707042717935
"2021-04-01 11:00:00",3.24699343012202,-0.410395161158083
"2021-04-01 12:00:00",5.02916331691482,3.15498357155438
"2021-04-01 13:00:00",6.73938906523971,0.65932076755287
"2021-04-01 14:00:00",6.62002128453884,-0.64149676811173
"2021-04-01 15:00:00",4.95645994608874,-2.2744053614153
"2021-04-01 16:00:00",2.76650573778407,-2.03597604799401
"2021-04-01 17:00:00",1.07039181519326,-1.39250966764661
"2021-04-01 18:00:00",0.442283396918512,-0.0900481968393092
"2021-04-01 19:00:00",0.647657729196869,0.391990173825486
"2021-04-01 20:00:00",0.110288807120871,-1.13223031860917
"2021-04-01 21:00:00",-0.530463015645702,-0.282799035850111
"2021-04-01 22:00:00",-1.0520415306502,-0.655293514423366
"2021-04-01 23:00:00",-1.57698572672691,-0.411745453100629
"2021-04-02 00:00:00",-1.25959077656326,0.790430025223378
"2021-04-02 01:00:00",-0.982641681043305,-0.0769030753169127
"2021-04-02 02:00:00",-1.77011831438378,-1.22249771672091
"2021-04-02 03:00:00",-2.67221354384812,-0.64334923116102
"2021-04-02 04:00:00",-2.89255493194247,0.0755729556695155
"2021-04-02 05:00:00",-3.03349629377114,-0.274857022649053
"2021-04-02 06:00:00",-3.13514397435233,0.0225624440023644
"2021-04-02 07:00:00",-3.24023772586629,-0.181162522313945
"2021-04-02 08:00:00",-3.58660962373457,-0.43587489288737
"2021-04-02 09:00:00",-3.78409923110722,-0.0245625024056941
"2021-04-02 10:00:00",-3.55284659916683,0.395680368248407
"2021-04-02 11:00:00",-2.82319943594558,0.922193746653006
"2021-04-02 12:00:00",-2.04490848540525,0.649011452227872
"2021-04-02 13:00:00",-1.69315789037001,0.139500139430679
"2021-04-02 14:00:00",-0.810597770325043,1.33816816975503
"2021-04-02 15:00:00",-1.72296451191944,-2.36829836364699
"2021-04-02 16:00:00",-2.82844853680457,-0.208869940644864
"2021-04-02 17:00:00",-3.30941667715651,-0.635863849278455
"2021-04-02 18:00:00",-3.2879136141103,0.462982948559768
"2021-04-02 19:00:00",-2.93360029176089,0.269268179807257
"2021-04-02 20:00:00",-2.39212404207061,0.700994848737016
"2021-04-02 21:00:00",-1.91103770507487,0.314704708782137
"2021-04-02 22:00:00",-1.76355682516021,0.0314545708012738
"2021-04-02 23:00:00",-1.7421207414068,0.0160110880591129
"2021-04-03 00:00:00",-1.54143904225229,0.316501981833389
"2021-04-03 01:00:00",-1.4980623850624,-0.138778752695111
"2021-04-03 02:00:00",-1.84600996651042,-0.468926467107613
"2021-04-03 03:00:00",-2.26963892301592,-0.37092179064438
"2021-04-03 04:00:00",-2.72318890436887,-0.484157459884454
"2021-04-03 05:00:00",-3.41782636982565,-0.798437281067056
"2021-04-03 06:00:00",-3.32364994279864,0.689171162355261
"2021-04-03 07:00:00",-2.67075000668527,0.601976983072432
"2021-04-03 08:00:00",-2.39840982474184,0.0430861171558907
"2021-04-03 09:00:00",-2.52600199146576,-0.232222086940967
"2021-04-03 10:00:00",-2.99910518733228,-0.607951331276099
"2021-04-03 11:00:00",-3.83834766869223,-0.949689076765062
"2021-04-03 12:00:00",-3.7964059191957,0.705970820873664
"2021-04-03 13:00:00",-4.0524827176279,-0.880370395222549
"2021-04-03 14:00:00",-4.71909921474258,-0.4872171090988
"2021-04-03 15:00:00",-5.11417770910183,-0.30879890311909
"2021-04-03 16:00:00",-5.19114605709054,0.0878303354237648
"2021-04-03 17:00:00",-5.22164188991509,-0.101240180442004
"2021-04-03 18:00:00",-5.29493470759414,-0.0444501449758959
"2021-04-03 19:00:00",-5.75571160070937,-0.709604513435553
"2021-04-03 20:00:00",-6.93357706930434,-1.42664596482472
"2021-04-03 21:00:00",-8.24836696838013,-1.16880790146648
"2021-04-03 22:00:00",-8.70888575605134,0.0441783364439598
"2021-04-03 23:00:00",-7.51279080513014,1.91841094334091
"2021-04-04 00:00:00",-6.29243128643119,0.706690021429988
"2021-04-04 01:00:00",-7.22020244564554,-1.96519803133648
"2021-04-04 02:00:00",-8.34752626246863,-0.505876828396176
"2021-04-04 03:00:00",-8.9244602147114,-0.586132450489268
"2021-04-04 04:00:00",-9.22376417609348,-0.0823654497875006
"2021-04-04 05:00:00",-9.19233317827553,0.117686134878179
"2021-04-04 06:00:00",-7.88345448776273,2.05264175835481
"2021-04-04 07:00:00",-5.95857372444587,1.75839769546317
"2021-04-04 08:00:00",-4.48162104201193,1.22682019667633
"2021-04-04 09:00:00",-3.72053917138127,0.420203779886654
"2021-04-04 10:00:00",-3.36696301569664,0.297151049612525
"2021-04-04 11:00:00",-3.01767780108398,0.371781581868867
"2021-04-04 12:00:00",-2.91433025592739,-0.0766278955390396
"2021-04-04 13:00:00",-2.99568429985611,-0.0768834710836873
"2021-04-04 14:00:00",-3.29621275791549,-0.431481449852887
"2021-04-04 15:00:00",-3.83273381369371,-0.576803654429584
"2021-04-04 16:00:00",-4.34462428629728,-0.439352199517812
"2021-04-04 17:00:00",-4.56940359510258,-0.0654533017893498
"2021-04-04 18:00:00",-4.351958900403,0.401595451202163
"2021-04-04 19:00:00",-3.68082136772354,0.824545106080853
"2021-04-04 20:00:00",-2.71485461140599,1.01908723316646
"2021-04-04 21:00:00",-1.86435285203229,0.701196396980166
"2021-04-04 22:00:00",-1.28303290090866,0.476182118536912
"2021-04-04 23:00:00",-1.10024877303771,-0.0198436985789477
"2021-04-05 00:00:00",-1.84576385678578,-1.19244365289701
"2021-04-05 01:00:00",-2.34996931291705,-0.0190497880836389
"2021-04-05 02:00:00",-2.16426760719668,0.316404127837074
"2021-04-05 03:00:00",-1.79198497026094,0.394632580583876
"2021-04-05 04:00:00",-1.39991623291659,0.374037827063837
"2021-04-05 05:00:00",-1.17698085320114,0.113412298300421
"2021-04-05 06:00:00",-1.07807838958865,0.0860462749695992
"2021-04-05 07:00:00",-1.31250245079349,-0.435538451304517
"2021-04-05 08:00:00",-2.60779264372049,-1.80520568583326
"2021-04-05 09:00:00",-4.70194241426673,-2.18390286161826
"2021-04-05 10:00:00",-6.85375111763529,-2.0221014906844
"2021-04-05 11:00:00",-8.56642778256471,-1.41617992796957
"2021-04-05 12:00:00",-10.0938011202419,-1.51788256311924
"2021-04-05 13:00:00",-11.3345655683403,-0.984055004966919
"2021-04-05 14:00:00",-11.2274791107588,0.844018790405441
"2021-04-05 15:00:00",-10.3305797267131,0.904000115459862
"2021-04-05 16:00:00",-9.63744729926453,0.532931078648895
"2021-04-05 17:00:00",-9.57551594200155,-0.242587312783288
"2021-04-05 18:00:00",-9.61005357403877,0.118139983892706
"2021-04-05 19:00:00",-9.17592609241024,0.636536265453435
"2021-04-05 20:00:00",-8.56658525358486,0.574079434419415
"2021-04-05 21:00:00",-8.03619984263783,0.487091845207223
"2021-04-05 22:00:00",-7.66121016041576,0.292792314160637
"2021-04-05 23:00:00",-7.53662691380706,0.0163978508249547
"2021-04-06 00:00:00",-7.59583293245753,-0.0970826493883423
"2021-04-06 01:00:00",-7.51699217842102,0.202162534992267
"2021-04-06 02:00:00",-7.41949963718497,0.0327673059111048
"2021-04-06 03:00:00",-7.52377553593396,-0.181120631599974
"2021-04-06 04:00:00",-7.85849841894588,-0.411521731646233
"2021-04-06 05:00:00",-8.67195639812071,-1.03262951909693
"2021-04-06 06:00:00",-9.15873230372151,-0.0885737269232174
"2021-04-06 07:00:00",-8.85885398283908,0.556393851020928
"2021-04-06 08:00:00",-8.29909583304929,0.546817110902988
"2021-04-06 09:00:00",-7.91985969553488,0.260190499099513
"2021-04-06 10:00:00",-7.71488101258069,0.168636469427601
"2021-04-06 11:00:00",-7.49565988353236,0.252467780136084
"2021-04-06 12:00:00",-7.98664025700517,-0.95361414808182
"2021-04-06 13:00:00",-8.57839306559575,-0.312104732102479
"2021-04-06 14:00:00",-9.20512393909685,-0.795642159234312
"2021-04-06 15:00:00",-9.53154263402066,0.0137645473210284
"2021-04-06 16:00:00",-9.25111732536849,0.457152817240293
"2021-04-06 17:00:00",-9.35804975467478,-0.465980591242066
"2021-04-06 18:00:00",-9.4654525772465,0.14880743601728
"2021-04-06 19:00:00",-9.0423183253594,0.598105776463494
"2021-04-06 20:00:00",-8.57908363795318,0.362961425956228
"2021-04-06 21:00:00",-8.48318771692365,-0.0756466808294398
"2021-04-06 22:00:00",-8.48680585639159,0.0555034065116074
"2021-04-06 23:00:00",-8.31173644793739,0.257395603798612
"2021-04-07 00:00:00",-8.04729587035509,0.267281568481502
"2021-04-07 01:00:00",-7.41540254049433,0.855306272512412
"2021-04-07 02:00:00",-6.65384184955882,0.672431274307717
"2021-04-07 03:00:00",-6.60336930157174,-0.357983902573977
"2021-04-07 04:00:00",-6.79506826256921,-0.063225723563702
"2021-04-07 05:00:00",-7.20665155169841,-0.615503470197068
"2021-04-07 06:00:00",-7.56005748958863,-0.152597121638977
"2021-04-07 07:00:00",-7.6013875698855,0.0445525289062431
"2021-04-07 08:00:00",-7.67149025822039,-0.133411857628328
"2021-04-07 09:00:00",-7.83603695624936,-0.167598305016588
"2021-04-07 10:00:00",-7.7450372183088,0.269168751969957
"2021-04-07 11:00:00",-7.34064165083332,0.485308857129761
"2021-04-07 12:00:00",-8.44877924165534,-2.10830015399033
"2021-04-07 13:00:00",-9.51980703135476,-0.317742961668518
"2021-04-07 14:00:00",-9.45172971381108,0.334318678963087
"2021-04-07 15:00:00",-9.48271476411537,-0.260864904087459
"2021-04-07 16:00:00",-9.10691601651847,0.794595674592307
"2021-04-07 17:00:00",-9.00912230121367,-0.359645030909323
"2021-04-07 18:00:00",-9.1244971752635,0.0645607990215053
"2021-04-07 19:00:00",-8.33589271925873,1.24557587522719
"2021-04-07 20:00:00",-7.17461396088061,1.0606400057152
"2021-04-07 21:00:00",-6.657308169438,0.13975224487693
"2021-04-07 22:00:00",-6.51572153496508,0.144660012654664
"2021-04-07 23:00:00",-6.45951807883803,0.00295879396322843
"2021-04-08 00:00:00",-6.35202731036138,0.18039338768508
"2021-04-08 01:00:00",-6.32673368179412,-0.0711212045418682
"2021-04-08 02:00:00",-6.2587061330696,0.165711791620142
"2021-04-08 03:00:00",-5.99313062263725,0.327595161075988
"2021-04-08 04:00:00",-5.47677263342621,0.625383468879771
"2021-04-08 05:00:00",-5.44956074669463,-0.36579817047768
"2021-04-08 06:00:00",-5.95351425910465,-0.565085688948586
"2021-04-08 07:00:00",-6.51040631114809,-0.517294894891787
"2021-04-08 08:00:00",-6.73473306614866,-0.0099688201053547
"2021-04-08 09:00:00",-6.43988126699398,0.49272928863935
"2021-04-08 10:00:00",-6.21820674526727,0.0387389717283989
"2021-04-08 11:00:00",-6.12746510907953,0.129110262821208
"2021-04-08 12:00:00",-6.67841254973121,-0.970235083151709
"2021-04-08 13:00:00",-7.38081547039246,-0.481867656451616
"2021-04-08 14:00:00",-7.49714930327923,0.142390257589982
"2021-04-08 15:00:00",-7.55958544636408,-0.186357048392524
"2021-04-08 16:00:00",-7.84759458564785,-0.332348795817584
"2021-04-08 17:00:00",-7.64331226041331,0.562435367603435
"2021-04-08 18:00:00",-7.1577727670464,0.421053058373457
"2021-04-08 19:00:00",-6.38337958503568,0.982374089594147
"2021-04-08 20:00:00",-5.54683182186589,0.707805239353204
"2021-04-08 21:00:00",-4.93352087157909,0.52831930406492
"2021-04-08 22:00:00",-4.96068115327824,-0.389825790638496
"2021-04-08 23:00:00",-5.53590274893415,-0.665090236289898
"2021-04-09 00:00:00",-5.5924463177638,0.358967803195374
"2021-04-09 01:00:00",-5.24015016539417,0.338313975630442
"2021-04-09 02:00:00",-4.99683635639448,0.175171754456021
"2021-04-09 03:00:00",-5.05861439221213,-0.210367337258641
"2021-04-09 04:00:00",-5.38103613795036,-0.375283638866809
"2021-04-09 05:00:00",-5.76089143298556,-0.357918555069733
"2021-04-09 06:00:00",-5.53577781754046,0.61052136156204
"2021-04-09 07:00:00",-4.84585063542043,0.717211983601655
"2021-04-09 08:00:00",-4.42528222808734,0.209068569040871
"2021-04-09 09:00:00",-3.6894040127179,1.05781264683228
"2021-04-09 10:00:00",-2.71659244958588,0.874671902028037
"2021-04-09 11:00:00",-1.93774359597415,0.681458093904375
"2021-04-09 12:00:00",-1.44226552206733,0.35044565894035
"2021-04-09 13:00:00",-1.04906997275696,0.404869091581637
"2021-04-09 14:00:00",-0.98914970509986,-0.171537271747801
"2021-04-09 15:00:00",-1.1089306103728,-0.0783107188053873
"2021-04-09 16:00:00",-0.840528666169192,0.488214486131067
"2021-04-09 17:00:00",-0.921478096145176,-0.455455857725643
"2021-04-09 18:00:00",-2.07231131279773,-1.55853601579477
"2021-04-09 19:00:00",-2.27981016546831,0.705707941800212
"2021-04-09 20:00:00",-2.44154122664285,-0.729390841135964
"2021-04-09 21:00:00",-2.94196548922612,-0.320856459460823
"2021-04-09 22:00:00",-2.85597006639302,0.356929981047974
"2021-04-09 23:00:00",-3.18754073517335,-0.771127124463957
"2021-04-10 00:00:00",-3.5268699335809,-0.0312366257728538
"2021-04-10 01:00:00",-3.06496901957621,0.773249189125017
"2021-04-10 02:00:00",-2.80009535444492,-0.0826747402199831
"2021-04-10 03:00:00",-2.18772345747493,1.05023715783743
"2021-04-10 04:00:00",-1.37988642910958,0.610670869359672
"2021-04-10 05:00:00",-1.43807645491995,-0.499546480516182
"2021-04-10 06:00:00",-2.1925025895951,-0.886640086643009
"2021-04-10 07:00:00",-3.2945806250798,-1.1905056167905
"2021-04-10 08:00:00",-4.60281384055985,-1.32030517029572
"2021-04-10 09:00:00",-5.77058887966098,-1.00466691940503
"2021-04-10 10:00:00",-6.4984205043715,-0.501255835820306
"2021-04-10 11:00:00",-6.50841232334822,0.326360628460384
"2021-04-10 12:00:00",-5.62431155647203,1.22229604969683
"2021-04-10 13:00:00",-5.0981221103238,0.044369503868938
"2021-04-10 14:00:00",-5.08957356421253,-0.00916849202010014
"2021-04-10 15:00:00",-4.69861437074272,0.645686745677849
"2021-04-10 16:00:00",-4.30378208317861,0.21489124769288
"2021-04-10 17:00:00",-3.98642355122025,0.376134061033272
"2021-04-10 18:00:00",-3.81568157417588,0.0308395755933564
"2021-04-10 19:00:00",-3.38853012566901,0.675973804312666
"2021-04-10 20:00:00",-2.62450207266219,0.790790215963276
"2021-04-10 21:00:00",-1.72512989322246,0.932403265046412
"2021-04-10 22:00:00",-1.0749472122692,0.433365538321032
"2021-04-10 23:00:00",-0.697352848674504,0.323856340031183
"2021-04-11 00:00:00",-0.251036885544692,0.507644289455413
"2021-04-11 01:00:00",0.185057721550646,0.367996175093601
"2021-04-11 02:00:00",0.685633950303443,0.564935911326387
"2021-04-11 03:00:00",1.12398097603485,0.332242388615586
"2021-04-11 04:00:00",1.20416891013046,-0.093104363435358
"2021-04-11 05:00:00",0.788382762679812,-0.61269749535066
"2021-04-11 06:00:00",0.236202960660252,-0.486612032711275
"2021-04-11 07:00:00",-0.0397180736022323,-0.122655523787805
"2021-04-11 08:00:00",0.282378552414856,0.603338401163191
"2021-04-11 09:00:00",1.54467085193505,1.64124027915368
"2021-04-11 10:00:00",3.27872581208841,1.71153873454735
"2021-04-11 11:00:00",5.14904139823637,1.8830638842746
"2021-04-11 12:00:00",6.14977909692542,0.358340744092773
"2021-04-11 13:00:00",6.71419142111626,0.667045964986347
"2021-04-11 14:00:00",7.1361976877262,0.229943885796248
"2021-04-11 15:00:00",7.08124259369741,-0.251468777939243
"2021-04-11 16:00:00",7.09755119800134,0.18492400754203
"2021-04-11 17:00:00",6.10483954203899,-1.73976167587172
"2021-04-11 18:00:00",3.92402153426066,-2.37908618977557
"2021-04-11 19:00:00",2.58738297021453,-0.583225504015972
"2021-04-11 20:00:00",1.02754548637456,-2.14011274293322
"2021-04-11 21:00:00",-0.568434514281516,-1.15871512032551
"2021-04-11 22:00:00",-1.52854171954012,-0.781348008063853
"2021-04-11 23:00:00",-2.29050892827773,-0.710869030146536
"2021-04-12 00:00:00",-2.86033701794126,-0.445772981658756
"2021-04-12 01:00:00",-3.03227792706218,0.0224670581444271
"2021-04-12 02:00:00",-3.00298320223703,0.0363617392830656
"2021-04-12 03:00:00",-2.99627502686706,-0.00950967003579829
"2021-04-12 04:00:00",-3.0577410410298,-0.0893211787374789
"2021-04-12 05:00:00",-3.51300994980201,-0.673655658871532
"2021-04-12 06:00:00",-4.50690108921755,-1.15562193213677
"2021-04-12 07:00:00",-5.79622478268246,-1.31138128741225
"2021-04-12 08:00:00",-7.0795191662957,-1.19611978344653
"2021-04-12 09:00:00",-7.89217176230805,-0.509272760848765
"2021-04-12 10:00:00",-8.10593466066892,0.00356803887913673
"2021-04-12 11:00:00",-7.76103230042724,0.56651046006754
"2021-04-12 12:00:00",-8.05773001156407,-0.848060376844073
"2021-04-12 13:00:00",-8.27072744334686,0.230875362346249
"2021-04-12 14:00:00",-8.04227831906724,0.22663352742199
"2021-04-12 15:00:00",-7.5735111703167,0.618274564484371
"2021-04-12 16:00:00",-6.79464577080689,0.858672156126426
"2021-04-12 17:00:00",-6.35169278101851,0.153518275151952
"2021-04-12 18:00:00",-6.78345716288021,-0.793244292056528
"2021-04-12 19:00:00",-6.72304630140582,0.635375121457994
"2021-04-12 20:00:00",-7.23634724579932,-1.24601701943511
"2021-04-12 21:00:00",-8.28313735696998,-0.854906899530245
"2021-04-12 22:00:00",-8.4233572761582,0.353566785782873
"2021-04-12 23:00:00",-8.11671074721266,0.271649542246348
"2021-04-13 00:00:00",-7.49309798067475,0.839076428480458
"2021-04-13 01:00:00",-7.22046277627772,-0.108285768724748
"2021-04-13 02:00:00",-7.521970452077,-0.406688394351325
"2021-04-13 03:00:00",-7.93780286652309,-0.392475457324066
"2021-04-13 04:00:00",-8.42888941574449,-0.523261430065489
"2021-04-13 05:00:00",-8.47549752208299,0.284231620011503
"2021-04-13 06:00:00",-7.89931157834068,0.75436037170527
"2021-04-13 07:00:00",-7.24177689253291,0.571918713002388
"2021-04-13 08:00:00",-6.78880446668235,0.361483005694699
"2021-04-13 09:00:00",-6.29095943326396,0.573842262503551
"2021-04-13 10:00:00",-6.1957355606611,-0.220268132523135
"2021-04-13 11:00:00",-6.19440778460281,0.156976586403643
"2021-04-13 12:00:00",-6.69478172322814,-0.906840676423505
"2021-04-13 13:00:00",-7.00466060041858,0.111441037372508
"2021-04-13 14:00:00",-6.83831597904228,0.204067977422097
"2021-04-13 15:00:00",-6.55008027663331,0.339461619086386
"2021-04-13 16:00:00",-6.21161600237552,0.330156189121488
"2021-04-13 17:00:00",-6.33106671262058,-0.405503092153927
"2021-04-13 18:00:00",-6.9706384308325,-0.757064608160105
"2021-04-13 19:00:00",-7.65328806229879,-0.591619079886976
"2021-04-13 20:00:00",-7.47290831061597,0.696327400013003
"2021-04-13 21:00:00",-7.0088895305077,0.296728668737341
"2021-04-13 22:00:00",-6.93623905139561,-0.0711531340009754
"2021-04-13 23:00:00",-7.13940612311634,-0.272582499154274
"2021-04-14 00:00:00",-6.88493299953264,0.602945005313557
"2021-04-14 01:00:00",-6.76000252351405,-0.190805209125939
"2021-04-14 02:00:00",-7.03258839285601,-0.305441372396064
"2021-04-14 03:00:00",-7.3295857249862,-0.268192782034857
"2021-04-14 04:00:00",-7.89412919653053,-0.72583564178697
"2021-04-14 05:00:00",-8.34860162017683,-0.241798092821979
"2021-04-14 06:00:00",-8.04450019744079,0.664335546418226
"2021-04-14 07:00:00",-7.27422515217021,0.814663316411163
"2021-04-14 08:00:00",-6.80669472893671,0.223269197553141
"2021-04-14 09:00:00",-6.78178365682253,-0.0997381229050024
"2021-04-14 10:00:00",-7.09063771575036,-0.424846802195281
"2021-04-14 11:00:00",-7.19067176724909,0.130394639212878
"2021-04-14 12:00:00",-7.53715073635669,-0.638659005659976
"2021-04-14 13:00:00",-7.7477295693463,0.0945220332054396
"2021-04-14 14:00:00",-7.82659172520813,-0.180718491022267
"2021-04-14 15:00:00",-7.86760967550858,0.0641486272468298
"2021-04-14 16:00:00",-7.60151616887299,0.398214724762514
"2021-04-14 17:00:00",-7.45151347906355,-0.0128019526732939
"2021-04-14 18:00:00",-8.12349799220162,-1.06989786211882
"2021-04-14 19:00:00",-9.02332632767483,-0.733223400065695
"2021-04-14 20:00:00",-9.07501056380616,0.416750943797725
"2021-04-14 21:00:00",-9.01385598271848,-0.167117659143911
"2021-04-14 22:00:00",-9.07079417516253,0.0308344251251271
"2021-04-14 23:00:00",-9.28793230207928,-0.360443515957048
"2021-04-15 00:00:00",-8.64134514104714,1.29917257567513
"2021-04-15 01:00:00",-7.83125997332252,0.456672882791963
"2021-04-15 02:00:00",-7.34301506026335,0.496182820377503
"2021-04-15 03:00:00",-7.10421718271192,0.0653254729148438
"2021-04-15 04:00:00",-6.93665325598978,0.236913676574761
"2021-04-15 05:00:00",-6.91516490470737,-0.114208675077377
"2021-04-15 06:00:00",-6.85589473196983,0.181015153098706
"2021-04-15 07:00:00",-6.87011649627616,-0.134867223013632
"2021-04-15 08:00:00",-7.01788638247086,-0.140496783967593
"2021-04-15 09:00:00",-7.41194310464033,-0.53532528244265
"2021-04-15 10:00:00",-7.90567796979619,-0.432995428115577
"2021-04-15 11:00:00",-8.47605591486188,-0.624673525355444
"2021-04-15 12:00:00",-8.89980275763501,-0.258739599865268
"2021-04-15 13:00:00",-9.02209997250799,-0.0140574309406581
"2021-04-15 14:00:00",-9.02503539567118,0.0162444514763071
"2021-04-15 15:00:00",-9.13759946736027,-0.181456374671277
"2021-04-15 16:00:00",-9.16264529789832,0.0921909349064982
"2021-04-15 17:00:00",-9.36443323826818,-0.37637476495072
"2021-04-15 18:00:00",-10.2807709548593,-1.22069618314914
"2021-04-15 19:00:00",-10.7830525645123,0.013769196165676
"2021-04-15 20:00:00",-10.1549760759709,1.02165696156954
"2021-04-15 21:00:00",-8.95233278227687,1.2792356297447
"2021-04-15 22:00:00",-7.44774042052809,1.59486631762732
"2021-04-15 23:00:00",-6.24473215745279,0.894204924169614
"2021-04-16 00:00:00",-5.73384015469314,0.239124051557689
"2021-04-16 01:00:00",-5.31604269394368,0.524446187259558
"2021-04-16 02:00:00",-4.85641476689422,0.40142549012574
"2021-04-16 03:00:00",-4.49596765854873,0.322258389155756
"2021-04-16 04:00:00",-4.53494308746149,-0.272148330202181
"2021-04-16 05:00:00",-4.90699832517107,-0.41513518273077
"2021-04-16 06:00:00",-5.3734943683222,-0.472245308938801
"2021-04-16 07:00:00",-6.19032925100844,-1.00081765037579
"2021-04-16 08:00:00",-6.51086049428811,0.156193628820022
"2021-04-16 09:00:00",-6.22531179930368,0.366604723509589
"2021-04-16 10:00:00",-5.96680289855327,0.182183970422889
"2021-04-16 11:00:00",-5.89338691236615,0.00510533867058113
"2021-04-16 12:00:00",-5.86673255134597,0.0473477276027926
"2021-04-16 13:00:00",-5.80245404057922,0.0800708811838069
"2021-04-16 14:00:00",-5.4593450308422,0.509637494133424
"2021-04-16 15:00:00",-5.52661273236709,-0.44163325531685
"2021-04-16 16:00:00",-5.91495740420361,-0.327244091970401
"2021-04-16 17:00:00",-6.08951689747208,-0.0568545388236475
"2021-04-16 18:00:00",-6.20540735711177,-0.141893109518517
"2021-04-16 19:00:00",-5.79256162087036,0.771043476395222
"2021-04-16 20:00:00",-4.94434202629969,0.866826889730598
"2021-04-16 21:00:00",-4.21309487733999,0.612485046699074
"2021-04-16 22:00:00",-3.93847414080741,0.0417608468719239
"2021-04-16 23:00:00",-3.80925386420489,0.186460213254648
"2021-04-17 00:00:00",-3.78219093445555,-0.0755775540183851
"2021-04-17 01:00:00",-3.4174311911427,0.645853543573674
"2021-04-17 02:00:00",-3.16011342315064,-0.00952559018129501
"2021-04-17 03:00:00",-3.03684943041082,0.210003567033
"2021-04-17 04:00:00",-3.20051367620596,-0.401081417713122
"2021-04-17 05:00:00",-3.50920055426953,-0.228298789893171
"2021-04-17 06:00:00",-3.99049108181877,-0.622556276788294
"2021-04-17 07:00:00",-4.75736926590224,-0.821507474097862
"2021-04-17 08:00:00",-5.19453065094275,-0.154031038615352
"2021-04-17 09:00:00",-4.36587894860997,1.45107910457742
"2021-04-17 10:00:00",-3.16336400262982,0.985291424440067
"2021-04-17 11:00:00",-2.7189498215336,0.066793470687095
"2021-04-17 12:00:00",-3.62750390730866,-1.51209726133124
"2021-04-17 13:00:00",-3.30916190376386,1.52816118950823
"2021-04-17 14:00:00",-1.90926975994874,1.25212308949424
"2021-04-17 15:00:00",-1.37261982083447,0.0366349213554146
"2021-04-17 16:00:00",-1.42068347584468,-0.10047571181086
"2021-04-17 17:00:00",-1.61133585211917,-0.239878771049496
"2021-04-17 18:00:00",-2.17926805778638,-0.75756666333828
"2021-04-17 19:00:00",-2.70079754018211,-0.336583081641786
"2021-04-17 20:00:00",-3.00047941368737,-0.257360558133289
"2021-04-17 21:00:00",-3.36058043230136,-0.407615327024464
"2021-04-17 22:00:00",-3.693178335026,-0.262451864370247
"2021-04-17 23:00:00",-3.91386126960697,-0.177591727544696
"2021-04-18 00:00:00",-2.99794135196148,1.60643481212204
"2021-04-18 01:00:00",-1.88769006075889,0.730572577481741
"2021-04-18 02:00:00",-1.25036378713924,0.547310256591176
"2021-04-18 03:00:00",-0.746343105772325,0.45282192710237
"2021-04-18 04:00:00",-0.723133772601725,-0.263335377619627
"2021-04-18 05:00:00",-1.16830063496121,-0.54429993209779
"2021-04-18 06:00:00",-1.84884799288788,-0.737532799018481
"2021-04-18 07:00:00",-2.91490807136974,-1.23203365392778
"2021-04-18 08:00:00",-3.96396462693434,-0.873467255059135
"2021-04-18 09:00:00",-4.6329128405529,-0.495708554960944
"2021-04-18 10:00:00",-5.30606266447954,-0.753484404560955
"2021-04-18 11:00:00",-5.53102075095363,0.14491406678116
"2021-04-18 12:00:00",-4.56494860419289,1.47472173114579
"2021-04-18 13:00:00",-3.587793988207,0.604897428883057
"2021-04-18 14:00:00",-3.45385053559733,-0.181762246616802
"2021-04-18 15:00:00",-4.07201725581738,-0.875272614131963
"2021-04-18 16:00:00",-4.01085765544492,0.687778105223733
"2021-04-18 17:00:00",-3.67232733769759,0.0947840273220043
"2021-04-18 18:00:00",-3.93510064169361,-0.483921863723583
"2021-04-18 19:00:00",-4.28063588387058,-0.231788688427784
"2021-04-18 20:00:00",-4.48909528899579,-0.177484946888174
"2021-04-18 21:00:00",-4.13764796891552,0.693146946317529
"2021-04-18 22:00:00",-3.61614958648198,0.387618428838139
"2021-04-18 23:00:00",-3.60909461662443,-0.242325205492469
"2021-04-19 00:00:00",-3.95759724832672,-0.398075100841676
"2021-04-19 01:00:00",-3.84737486687593,0.44894368516987
"2021-04-19 02:00:00",-3.41531165613575,0.405236095871148
"2021-04-19 03:00:00",-2.94865312765763,0.489831766842975
"2021-04-19 04:00:00",-2.44272731251076,0.496413351285935
"2021-04-19 05:00:00",-1.94692107854888,0.474988790154893
"2021-04-19 06:00:00",-1.42524414427936,0.530520878762433
"2021-04-19 07:00:00",-1.09753054203519,0.178774861265207
"2021-04-19 08:00:00",-0.94567300649664,0.128111055774972
"2021-04-19 09:00:00",-0.347543147734699,0.884266272304298
"2021-04-19 10:00:00",0.372567456572316,0.576903992467901
"2021-04-19 11:00:00",0.983883320267684,0.604727297522362
"2021-04-19 12:00:00",0.0136232610416493,-1.9753955680117
"2021-04-19 13:00:00",-0.167735139652812,1.02324663201218
"2021-04-19 14:00:00",0.9753909143226,1.16893984459362
"2021-04-19 15:00:00",2.03366716364109,0.93295627508282
"2021-04-19 16:00:00",2.50062939903541,0.131494475766951
"2021-04-19 17:00:00",2.03134902455999,-0.850712566808313
"2021-04-19 18:00:00",0.668274895686326,-1.64248790846851
"2021-04-19 19:00:00",-0.482679142806618,-0.769438873206403
"2021-04-19 20:00:00",-1.52025483810825,-1.16640364546652
"2021-04-19 21:00:00",-2.42580938712608,-0.686667728218133
"2021-04-19 22:00:00",-3.29211324892159,-0.941767168936115
"2021-04-19 23:00:00",-4.248164804271,-0.915901160394187
"2021-04-20 00:00:00",-4.39703627392569,0.375021453540756
"2021-04-20 01:00:00",-4.49741498743598,-0.406870864990935
"2021-04-20 02:00:00",-4.75776562758902,-0.144505097620907
"2021-04-20 03:00:00",-4.66569763315962,0.251536546258768
"2021-04-20 04:00:00",-4.88278509025049,-0.513170122159183
"2021-04-20 05:00:00",-4.86579803470654,0.375903918883619
"2021-04-20 06:00:00",-4.10292021588619,0.990874638757038
"2021-04-20 07:00:00",-3.02044634807846,1.0973875305646
"2021-04-20 08:00:00",-2.11567586481229,0.7372593120956
"2021-04-20 09:00:00",-1.48323838654897,0.535230665680285
"2021-04-20 10:00:00",-0.804724843929603,0.743702612373434
"2021-04-20 11:00:00",-0.0422618335010605,0.739774943728936
"2021-04-20 12:00:00",0.691021490279317,0.694164956530438
"2021-04-20 13:00:00",1.34417338932685,0.593882517387467
"2021-04-20 14:00:00",1.93661013913695,0.561588611526719
"2021-04-20 15:00:00",2.38826678267744,0.354411963425698
"2021-04-20 16:00:00",2.63178240071134,0.154936755481966
"2021-04-20 17:00:00",1.94274622769371,-1.22232402469577
"2021-04-20 18:00:00",-0.135577056290415,-2.55272263440212
"2021-04-20 19:00:00",-1.80292977442383,-0.997709855143124
"2021-04-20 20:00:00",-2.04811316746076,0.270466636051081
"2021-04-20 21:00:00",-2.33045212071412,-0.634814025387102
"2021-04-20 22:00:00",-3.46815516886394,-1.41589079925889
"2021-04-20 23:00:00",-4.95949848673999,-1.46630742079881
"2021-04-21 00:00:00",-5.5815027478078,-0.0231969754074468
"2021-04-21 01:00:00",-5.37745285313801,0.353041226470006
"2021-04-21 02:00:00",-4.98763645160982,0.402738307810195
"2021-04-21 03:00:00",-4.8876336910957,-0.100142545044426
"2021-04-21 04:00:00",-5.41655841391383,-0.783342327729657
"2021-04-21 05:00:00",-5.240513702191,0.814239477658985
"2021-04-21 06:00:00",-4.03318014716542,1.4187730303271
"2021-04-21 07:00:00",-2.54485439883282,1.46916629835932
"2021-04-21 08:00:00",-1.1932385649349,1.21230155545425
"2021-04-21 09:00:00",-0.0586929378138591,1.03033394122245
"2021-04-21 10:00:00",0.834778667640868,0.759850026274127
"2021-04-21 11:00:00",1.40704136732587,0.418937348928556
"2021-04-21 12:00:00",1.5137414440507,-0.108338011149546
"2021-04-21 13:00:00",0.562868032482913,-1.4693198874122
"2021-04-21 14:00:00",0.353550168391285,0.63989062109087
"2021-04-21 15:00:00",0.106835564702949,-0.826506622127795
"2021-04-21 16:00:00",-0.542754732470539,-0.500917629478139
"2021-04-21 17:00:00",-1.19197504983478,-0.716537180479788
"2021-04-21 18:00:00",-1.61163846932304,-0.200272815854646
"2021-04-21 19:00:00",-1.72892866451427,-0.0543190785939356
"2021-04-21 20:00:00",-2.19711053787953,-0.719610145846862
"2021-04-21 21:00:00",-2.90383037549851,-0.661712384617685
"2021-04-21 22:00:00",-3.58489255886461,-0.657856330685386
"2021-04-21 23:00:00",-4.6610748261474,-1.29930254242084
"2021-04-22 00:00:00",-5.06300320229057,0.221416570222708
"2021-04-22 01:00:00",-5.13343569776501,-0.255124178282183
"2021-04-22 02:00:00",-5.3117892228037,-0.112083787260497
"2021-04-22 03:00:00",-5.10119767758498,0.422542369427571
"2021-04-22 04:00:00",-4.70322718909232,0.369251590860152
"2021-04-22 05:00:00",-4.65694735546749,-0.16516966000808
"2021-04-22 06:00:00",-4.91592103159292,-0.303201444640951
"2021-04-22 07:00:00",-5.06598719052692,-0.0345120129916902
"2021-04-22 08:00:00",-4.94158595103675,0.230958158388377
"2021-04-22 09:00:00",-4.769937749152,0.130319993440861
"2021-04-22 10:00:00",-4.79602070459249,-0.122963858506447
"2021-04-22 11:00:00",-5.10032950931446,-0.40456270091808
"2021-04-22 12:00:00",-5.60780778259065,-0.545400190859234
"2021-04-22 13:00:00",-6.11358648546931,-0.448104348674252
"2021-04-22 14:00:00",-6.3843880851897,-0.131855507035955
"2021-04-22 15:00:00",-6.48841486713621,-0.0723044317752315
"2021-04-22 16:00:00",-6.43009974455509,0.150983198943974
"2021-04-22 17:00:00",-7.18721922803548,-1.31824740443122
"2021-04-22 18:00:00",-7.77208629039188,-0.0589011758628755
"2021-04-22 19:00:00",-7.51451939895226,0.466317698675506
"2021-04-22 20:00:00",-6.65046680855,1.09782865425665
"2021-04-22 21:00:00",-5.87752536646348,0.528193712027928
"2021-04-22 22:00:00",-5.52732053556608,0.222479828523849
"2021-04-22 23:00:00",-5.25998026181553,0.291665374706439
"2021-04-23 00:00:00",-4.82970031060885,0.509019467144642
"2021-04-23 01:00:00",-4.51901544583501,0.169924018191991
"2021-04-23 02:00:00",-3.9805935241833,0.764320756321048
"2021-04-23 03:00:00",-3.5299813106495,0.225193294372867
"2021-04-23 04:00:00",-4.00009092225695,-0.906749018569506
"2021-04-23 05:00:00",-4.59796477908083,-0.358395483329315
"2021-04-23 06:00:00",-4.82837729036127,-0.128218000909695
"2021-04-23 07:00:00",-4.93266785126521,-0.0771615576039273
"2021-04-23 08:00:00",-5.40334662198869,-0.704296576144299
"2021-04-23 09:00:00",-5.66953030477105,0.0454982467968257
"2021-04-23 10:00:00",-5.57149564286744,0.13570553431762
"2021-04-23 11:00:00",-6.01233061398185,-0.797061208875321
"2021-04-23 12:00:00",-5.88133503058112,0.751212286176032
"2021-04-23 13:00:00",-5.30536508421322,0.43935263652287
"2021-04-23 14:00:00",-4.66687900052628,0.747735492232169
"2021-04-23 15:00:00",-4.3993227756914,-0.0592582532766858
"2021-04-23 16:00:00",-4.36783452488733,0.0961575438910243
"2021-04-23 17:00:00",-4.48195606114098,-0.243253864476203
"2021-04-23 18:00:00",-5.32423209781853,-1.19581755339478
"2021-04-23 19:00:00",-7.09742441201048,-2.06698057097049
"2021-04-23 20:00:00",-7.59548397541797,0.580683268096935
"2021-04-23 21:00:00",-6.97726426669771,0.623653683698008
"2021-04-23 22:00:00",-6.61014600539659,0.187643187003949
"2021-04-23 23:00:00",-5.85754062156584,1.10199496050146
"2021-04-24 00:00:00",-4.21801262553433,1.92751597792724
"2021-04-24 01:00:00",-2.89336001887122,0.865239161209966
"2021-04-24 02:00:00",-2.77097513905805,-0.374930212840061
"2021-04-24 03:00:00",-3.12253477793289,-0.315702965131235
"2021-04-24 04:00:00",-3.69844324152635,-0.717985377710844
"2021-04-24 05:00:00",-4.30764969166833,-0.502973494631453
"2021-04-24 06:00:00",-4.88554647088899,-0.594832688820955
"2021-04-24 07:00:00",-5.5321737705693,-0.644133648775477
"2021-04-24 08:00:00",-6.15958101567788,-0.57931377384718
"2021-04-24 09:00:00",-6.6001116592633,-0.319139179021136
"2021-04-24 10:00:00",-6.98532355974376,-0.402449739512659
"2021-04-24 11:00:00",-7.56115665003069,-0.655055560292335
"2021-04-24 12:00:00",-7.92638634842446,-0.144916970453776
"2021-04-24 13:00:00",-7.6337516324008,0.580639000893672
"2021-04-24 14:00:00",-7.29508278191811,0.171101637783886
"2021-04-24 15:00:00",-7.11933808961807,0.179889146735207
"2021-04-24 16:00:00",-6.90323634196433,0.23914800527896
"2021-04-24 17:00:00",-6.41068779440977,0.646969275582289
"2021-04-24 18:00:00",-5.96907754809939,0.291982291265061
"2021-04-24 19:00:00",-5.48991074356901,0.588876398582877
"2021-04-24 20:00:00",-5.22003437657758,0.0514631991373941
"2021-04-24 21:00:00",-5.12852490087641,0.120584584053118
"2021-04-24 22:00:00",-6.21122474946037,-1.82681810924869
"2021-04-24 23:00:00",-7.29872828670274,-0.534954264389108
"2021-04-25 00:00:00",-7.07703084755757,0.724993567668407
"2021-04-25 01:00:00",-6.68572066339428,0.159382979686487
"2021-04-25 02:00:00",-6.38090750374346,0.395895638559179
"2021-04-25 03:00:00",-6.18002889984064,0.0695462335030866
"2021-04-25 04:00:00",-5.93223128417848,0.362818235817979
"2021-04-25 05:00:00",-5.70670017482572,0.130935060153221
"2021-04-25 06:00:00",-6.17629062520464,-0.8402657552796
"2021-04-25 07:00:00",-7.25495682325731,-1.17838087332137
"2021-04-25 08:00:00",-8.62392804987211,-1.42162797496267
"2021-04-25 09:00:00",-10.2909921726485,-1.74035488264324
"2021-04-25 10:00:00",-11.6559121290506,-1.03651319135821
"2021-04-25 11:00:00",-11.7484043856219,0.556259320983067
"2021-04-25 12:00:00",-10.7405258429278,1.27619813469137
"2021-04-25 13:00:00",-9.00434435430109,1.97416983871481
"2021-04-25 14:00:00",-8.20486299782247,-0.010018936617246
"2021-04-25 15:00:00",-8.48975236826225,-0.444022717032875
"2021-04-25 16:00:00",-8.45367545397144,0.365363428888855
"2021-04-25 17:00:00",-8.03010016739688,0.453147879473803
"2021-04-25 18:00:00",-7.98198910032429,-0.213847563167399
"2021-04-25 19:00:00",-8.1180844932947,-0.06750876738087
"2021-04-25 20:00:00",-8.63949455885025,-0.788767814392956
"2021-04-25 21:00:00",-10.2340389236162,-2.04481510930294
"2021-04-25 22:00:00",-10.9975741211518,0.140107205490218
"2021-04-25 23:00:00",-11.667640939758,-1.16416113042809
"2021-04-26 00:00:00",-11.7931324313465,0.587941371100866
"2021-04-26 01:00:00",-11.7359229606033,-0.2841277910643
"2021-04-26 02:00:00",-12.0191585115187,-0.254058703642965
"2021-04-26 03:00:00",-12.344859866338,-0.342497360230206
"2021-04-26 04:00:00",-12.6749477399205,-0.290221926114356
"2021-04-26 05:00:00",-11.7831068927352,1.65382254861747
"2021-04-26 06:00:00",-9.96545712109213,1.85567618482929
"2021-04-26 07:00:00",-8.43613839815688,1.25191996284345
"2021-04-26 08:00:00",-7.7943169912501,0.215467744792285
"2021-04-26 09:00:00",-7.74337867699953,-0.0511229509438139
"2021-04-26 10:00:00",-7.92808614153852,-0.255007036910116
"2021-04-26 11:00:00",-8.4611724057837,-0.682921266929801
"2021-04-26 12:00:00",-9.0060461881077,-0.41604860037268
"2021-04-26 13:00:00",-9.08503122130251,0.161078681592965
"2021-04-26 14:00:00",-9.02843207820595,-0.00403532792269512
"2021-04-26 15:00:00",-9.04603011623657,-0.0141694461380083
"2021-04-26 16:00:00",-8.89594663786355,0.264108380931437
"2021-04-26 17:00:00",-8.85506598298578,-0.0984146569075398
"2021-04-26 18:00:00",-9.37924469243243,-0.771697376417499
"2021-04-26 19:00:00",-10.6237966659094,-1.48855667703637
"2021-04-26 20:00:00",-11.7517439227715,-0.820255935335482
"2021-04-26 21:00:00",-12.2909317467608,-0.31104714685446
"2021-04-26 22:00:00",-12.2181087274734,0.341109673860427
"2021-04-26 23:00:00",-11.9845796234253,0.166456985794279
"2021-04-27 00:00:00",-11.6417969530759,0.459485603861559
"2021-04-27 01:00:00",-11.4452112286929,0.0269820435049502
"2021-04-27 02:00:00",-11.2691956204827,0.281753738671269
"2021-04-27 03:00:00",-11.4254405545835,-0.42629301619888
"2021-04-27 04:00:00",-12.0996106337988,-0.792659758298763
"2021-04-27 05:00:00",-11.3978351304151,1.68029241492076
"2021-04-27 06:00:00",-9.47459927065191,2.0084916863465
"2021-04-27 07:00:00",-7.74321089747907,1.47659041977126
"2021-04-27 08:00:00",-6.92800178891412,0.345535345582663
"2021-04-27 09:00:00",-6.91462535899465,-0.199767348966631
"2021-04-27 10:00:00",-7.03984862021938,-0.0606673580884042
"2021-04-27 11:00:00",-6.70624746927973,0.589661384821231
"2021-04-27 12:00:00",-6.37911731789838,0.14520891553155
"2021-04-27 13:00:00",-6.14370335468629,0.292583027321663
"2021-04-27 14:00:00",-5.9223403666595,0.171281487229258
"2021-04-27 15:00:00",-5.68648618068769,0.275325786531368
"2021-04-27 16:00:00",-5.32421725296161,0.410342836441249
"2021-04-27 17:00:00",-5.14009004025341,0.0314305035294574
"2021-04-27 18:00:00",-6.29440772337985,-1.88332717458152
"2021-04-27 19:00:00",-6.85334865105288,0.358639766337133
"2021-04-27 20:00:00",-6.11534603154425,0.964668696627097
"2021-04-27 21:00:00",-5.78833995374744,-0.105754056355015
"2021-04-27 22:00:00",-6.1749044151007,-0.547940107873778
"2021-04-27 23:00:00",-6.64868125349948,-0.393864969053333
"2021-04-28 00:00:00",-6.74842549121615,0.109640177826559
"2021-04-28 01:00:00",-6.68835518900602,0.0328657668588323
"2021-04-28 02:00:00",-6.60470092065967,0.122156085088919
"2021-04-28 03:00:00",-6.57082867782373,-0.0180814550743164
"2021-04-28 04:00:00",-6.80722083590446,-0.362229820965602
"2021-04-28 05:00:00",-6.7613959081412,0.324451010693715
"2021-04-28 06:00:00",-6.4240348702405,0.338649102820748
"2021-04-28 07:00:00",-5.90236912935164,0.627163532349514
"2021-04-28 08:00:00",-5.11700665464214,0.861112499984239
"2021-04-28 09:00:00",-3.97984169812848,1.27375322012642
"2021-04-28 10:00:00",-2.59870849871432,1.39221648651117
"2021-04-28 11:00:00",-1.43479503067325,0.959754294107176
"2021-04-28 12:00:00",-1.08651621328419,-0.0740657218018391
"2021-04-28 13:00:00",-0.95965192466023,0.256186934314458
"2021-04-28 14:00:00",-0.489744308073403,0.591292557426611
"2021-04-28 15:00:00",0.0895764235090866,0.544441782905257
"2021-04-28 16:00:00",0.554636270393391,0.389924678335455
"2021-04-28 17:00:00",0.33214821453774,-0.620898520363257
"2021-04-28 18:00:00",-0.841743525663325,-1.48719307632164
"2021-04-28 19:00:00",-1.79555881410438,-0.551826753139871
"2021-04-28 20:00:00",-1.93987035464567,0.13653201461333
"2021-04-28 21:00:00",-1.72123016280914,0.265488118110289
"2021-04-28 22:00:00",-1.25004811765746,0.588136712704175
"2021-04-28 23:00:00",-0.783868625253857,0.36433431049536
"2021-04-29 00:00:00",-0.365669477921775,0.435245966327281
"2021-04-29 01:00:00",-0.136911224812423,0.080702860438734
"2021-04-29 02:00:00",0.176465306192725,0.453774660195385
"2021-04-29 03:00:00",0.113021282790937,-0.405463221428998
"2021-04-29 04:00:00",-0.216542213828286,-0.263449528948619
"2021-04-29 05:00:00",-0.558138363323646,-0.377181550721046
"2021-04-29 06:00:00",-1.14474850291155,-0.697632286372718
"2021-04-29 07:00:00",-1.2811179197194,0.245754807085615
"2021-04-29 08:00:00",-1.82571263514394,-1.04395585320811
"2021-04-29 09:00:00",-3.01205278013592,-1.22253467449275
"2021-04-29 10:00:00",-3.61415911896575,-0.156001418541232
"2021-04-29 11:00:00",-3.65806798189438,0.0375619544443348
"2021-04-29 12:00:00",-2.50293535050072,1.84998976062786
"2021-04-29 13:00:00",-1.44791373081451,0.478143143574595
"2021-04-29 14:00:00",-0.902738285253244,0.565822279768331
"2021-04-29 15:00:00",-0.639062515810061,0.0508817303817674
"2021-04-29 16:00:00",-1.92413237873742,-2.11380001041841
"2021-04-29 17:00:00",-2.83128250868025,-0.0571438598855003
"2021-04-29 18:00:00",-3.21927229122936,-0.58646459777051
"2021-04-29 19:00:00",-3.45066589719867,0.0204604013204875
"2021-04-29 20:00:00",-3.1036840264432,0.55261732689012
"2021-04-29 21:00:00",-2.90692660871149,-0.0458289021800111
"2021-04-29 22:00:00",-2.85630047330674,0.116268537959314
"2021-04-29 23:00:00",-2.42433128247396,0.625586451728312
"2021-04-30 00:00:00",-1.67306292105864,0.802479077411876
"2021-04-30 01:00:00",-1.19102941819497,0.247656711783217
"2021-04-30 02:00:00",-1.05860951105368,0.0508389162985293
"2021-04-30 03:00:00",-1.0560159139241,-0.0283285315453013
"2021-04-30 04:00:00",-1.23266965893401,-0.265780298568055
"2021-04-30 05:00:00",-1.71474528637309,-0.601773738215239
"2021-04-30 06:00:00",-2.38850123755601,-0.687517218618383
"2021-04-30 07:00:00",-3.46277362260762,-1.27797825702121
"2021-04-30 08:00:00",-4.54299780059592,-0.89259668107761
"2021-04-30 09:00:00",-5.39035058020008,-0.771070942056652
"2021-04-30 10:00:00",-5.70062776860924,0.0186036074014275
"2021-04-30 11:00:00",-5.95705171622305,-0.420241645108776
"2021-04-30 12:00:00",-7.40109819050551,-2.05027509391372
"2021-04-30 13:00:00",-8.20057137503633,0.0819081287810786
"2021-04-30 14:00:00",-8.32583206060976,-0.246851365096259
"2021-04-30 15:00:00",-8.54078255412465,-0.172740665192178
"2021-04-30 16:00:00",-8.37269600926599,0.398319093192024
"2021-04-30 17:00:00",-7.75625621448808,0.743347333639101
"2021-04-30 18:00:00",-7.07371619392958,0.619563312287043
"2021-04-30 19:00:00",-6.66421335143092,0.259120745478869
"2021-04-30 20:00:00",-6.12710764053357,0.705490445451345
"2021-04-30 21:00:00",-5.68417861337011,0.2547387032141
"2021-04-30 22:00:00",-5.61501571224787,-0.0505141769527075
"2021-04-30 23:00:00",-5.36546375000292,0.444969608179492
"2021-05-01 00:00:00",-4.56955402509356,0.998958641058772
"2021-05-01 01:00:00",-4.05386957265625,0.174890421973652
"2021-05-01 02:00:00",-3.58888534083962,0.641504881508272
"2021-05-01 03:00:00",-2.99012422800529,0.546437627737184
"2021-05-01 04:00:00",-2.81508823318522,-0.0770254436598947
"2021-05-01 05:00:00",-2.74132270987036,0.174413354863276
"2021-05-01 06:00:00",-3.30164639228694,-1.01998141306193
"2021-05-01 07:00:00",-4.21660646858939,-0.797214233875587
"2021-05-01 08:00:00",-4.92880092541405,-0.61623904038242
"2021-05-01 09:00:00",-5.60733153391296,-0.681463048529825
"2021-05-01 10:00:00",-6.00631453768529,-0.184481159609353
"2021-05-01 11:00:00",-6.12950931317521,-0.0687440296818607
"2021-05-01 12:00:00",-6.56240224401917,-0.647185506838819
"2021-05-01 13:00:00",-6.55999505141913,0.44380356369694
"2021-05-01 14:00:00",-6.00496483256885,0.611258570183207
"2021-05-01 15:00:00",-5.82519029101838,-0.108681412277139
"2021-05-01 16:00:00",-5.59133688212671,0.458599845910808
"2021-05-01 17:00:00",-5.1421409425979,0.428786244672
"2021-05-01 18:00:00",-5.21270364671568,-0.393477139070932
"2021-05-01 19:00:00",-5.73805991760448,-0.581592545808597
"2021-05-01 20:00:00",-5.34921557652557,1.02470773123177
"2021-05-01 21:00:00",-4.70897348772582,0.360405078197019
"2021-05-01 22:00:00",-4.35021956864192,0.346673372054358
"2021-05-01 23:00:00",-4.19958785288268,0.0183872400122503
"2021-05-02 00:00:00",-4.38183161180226,-0.301923819463619
"2021-05-02 01:00:00",-4.24690847089514,0.425384471191288
"2021-05-02 02:00:00",-3.68713803940946,0.628232173334228
"2021-05-02 03:00:00",-3.29422471158585,0.222116991614692
"2021-05-02 04:00:00",-3.25017826554695,-0.0725133786960188
"2021-05-02 05:00:00",-3.41324404752078,-0.211496083262968
"2021-05-02 06:00:00",-3.77388621988934,-0.438535441381464
"2021-05-02 07:00:00",-4.37230778923124,-0.671710897138107
"2021-05-02 08:00:00",-5.26114148482786,-0.985708837459681
"2021-05-02 09:00:00",-6.3276657139453,-1.06294021595162
"2021-05-02 10:00:00",-7.01792424960273,-0.40085383915879
"2021-05-02 11:00:00",-7.18171991391672,0.0110671777411015
"2021-05-02 12:00:00",-7.4741238234712,-0.471565367686081
"2021-05-02 13:00:00",-7.25140647965414,0.684612396153415
"2021-05-02 14:00:00",-8.04696319500683,-1.73517096160637
"2021-05-02 15:00:00",-9.54518471561744,-1.25869409248963
"2021-05-02 16:00:00",-9.45508299182617,0.997302036332595
"2021-05-02 17:00:00",-8.90292286898653,0.241349350187689
"2021-05-02 18:00:00",-8.73086668422556,0.129157790672977
"2021-05-02 19:00:00",-7.98936429272029,1.12574006183648
"2021-05-02 20:00:00",-7.04235139624758,0.793157083712923
"2021-05-02 21:00:00",-6.24779213504606,0.766811828363577
"2021-05-02 22:00:00",-5.65022825628243,0.464388846721041
"2021-05-02 23:00:00",-5.30546121087398,0.255918277577459
"2021-05-03 00:00:00",-5.23314161909562,-0.0466774485645643
"2021-05-03 01:00:00",-5.10119260173,0.251504585239643
"2021-05-03 02:00:00",-4.92634489998644,0.122008701125592
"2021-05-03 03:00:00",-4.95305328020597,-0.118234192884845
"2021-05-03 04:00:00",-5.38231371613955,-0.609827095349423
"2021-05-03 05:00:00",-5.98719870694407,-0.565910938168073
"2021-05-03 06:00:00",-6.76725407536578,-0.878033099839884
"2021-05-03 07:00:00",-7.59433495954313,-0.745090708677568
"2021-05-03 08:00:00",-8.29313361269813,-0.624945314880721
"2021-05-03 09:00:00",-8.54870504980962,0.0135047368525965
"2021-05-03 10:00:00",-8.23372010022162,0.512016301082175
"2021-05-03 11:00:00",-7.77291848313019,0.415372011027899
"2021-05-03 12:00:00",-7.99591262700378,-0.627951696483732
"2021-05-03 13:00:00",-8.38646324989651,-0.203423704092111
"2021-05-03 14:00:00",-9.22839998500148,-1.21678983825137
"2021-05-03 15:00:00",-9.30151686607356,0.704685006974965
"2021-05-03 16:00:00",-8.49646814424737,0.845687229940644
"2021-05-03 17:00:00",-7.85119079823238,0.491958363217519
"2021-05-03 18:00:00",-7.91647856990025,-0.423559469523059
"2021-05-03 19:00:00",-8.41412358456296,-0.513185631826508
"2021-05-03 20:00:00",-8.18243533625203,0.728095164043745
"2021-05-03 21:00:00",-7.81768449672828,0.115736511154069
"2021-05-03 22:00:00",-7.37707132924415,0.646330122211847
"2021-05-03 23:00:00",-6.77283839901328,0.556961911702074
"2021-05-04 00:00:00",-6.71475860588547,-0.268535126082709
"2021-05-04 01:00:00",-5.99033530215171,1.36061287501197
"2021-05-04 02:00:00",-4.28992972860524,1.85384714865146
"2021-05-04 03:00:00",-3.04801769346463,0.780475314636039
"2021-05-04 04:00:00",-2.4945725453623,0.379722567823887
"2021-05-04 05:00:00",-2.20766364093625,0.214614943771795
"2021-05-04 06:00:00",-1.90193717344466,0.354783316682931
"2021-05-04 07:00:00",-1.78380361804874,-0.0427930868913124
"2021-05-04 08:00:00",-1.96755755865213,-0.266695783217771
"2021-05-04 09:00:00",-3.57947516553096,-2.4295843157939
"2021-05-04 10:00:00",-5.08601453750384,-0.814984203412947
"2021-05-04 11:00:00",-5.82088493212814,-0.639987706940355
"2021-05-04 12:00:00",-5.13512849438431,1.54448498346683
"2021-05-04 13:00:00",-4.80522121589322,-0.488857376423967
"2021-05-04 14:00:00",-4.95614891167598,0.0877189225273531
"2021-05-04 15:00:00",-4.54378324540257,0.615584289339553
"2021-05-04 16:00:00",-5.11738029247999,-1.33325913603338
"2021-05-04 17:00:00",-5.22578599314166,0.719895050928045
"2021-05-04 18:00:00",-4.80486981603713,0.208332557354961
"2021-05-04 19:00:00",-4.37915214241834,0.556600337863985
"2021-05-04 20:00:00",-3.50553987273613,1.04907944655626
"2021-05-04 21:00:00",-3.00802833129987,0.110681617601196
"2021-05-04 22:00:00",-2.63228736008506,0.538465381558888
"2021-05-04 23:00:00",-2.24494891706489,0.271574734595457
"2021-05-05 00:00:00",-2.55906548133452,-0.686751378696735
"2021-05-05 01:00:00",-2.53997234377728,0.492038497998735
"2021-05-05 02:00:00",-1.97111669955061,0.596307551772637
"2021-05-05 03:00:00",-1.52347425950273,0.329802332933037
"2021-05-05 04:00:00",-1.69753469191135,-0.499728880121499
"2021-05-05 05:00:00",-2.22267028801534,-0.514931578531879
"2021-05-05 06:00:00",-2.78993956450696,-0.572340090442069
"2021-05-05 07:00:00",-3.5440414037378,-0.835844750646798
"2021-05-05 08:00:00",-4.83184724849518,-1.52334560329179
"2021-05-05 09:00:00",-5.64100647096572,-0.288365996559629
"2021-05-05 10:00:00",-5.84301272911055,-0.127565888859706
"2021-05-05 11:00:00",-5.79891260029203,0.163975876302236
"2021-05-05 12:00:00",-8.2482445403312,-4.0676445565665
"2021-05-05 13:00:00",-8.7260657600088,1.94868827725239
"2021-05-05 14:00:00",-7.52707197251667,0.653474868986822
"2021-05-05 15:00:00",-6.93479137574052,0.53303966409959
"2021-05-05 16:00:00",-9.05340914458421,-3.77674800049839
"2021-05-05 17:00:00",-10.3177971114868,0.48223948591067
"2021-05-05 18:00:00",-9.74688782148148,0.61618771905144
"2021-05-05 19:00:00",-8.54651966577381,1.545334268343
"2021-05-05 20:00:00",-7.27508720554743,1.03942969743716
"2021-05-05 21:00:00",-6.51319608077482,0.550038607695264
"2021-05-05 22:00:00",-6.11669409252715,0.283697329354027
"2021-05-05 23:00:00",-5.82270212423032,0.294766580883819
"2021-05-06 00:00:00",-5.65676945570104,0.0796629409066843
"2021-05-06 01:00:00",-5.55270735207232,0.122672261263306
"2021-05-06 02:00:00",-5.60106104764706,-0.15291614099866
"2021-05-06 03:00:00",-5.76236658531307,-0.152015735846398
"2021-05-06 04:00:00",-6.08087871656507,-0.40694699892883
"2021-05-06 05:00:00",-6.26582066971027,-0.0203169755029923
"2021-05-06 06:00:00",-6.39391215711348,-0.185779012608338
"2021-05-06 07:00:00",-6.79628343172524,-0.519404082461013
"2021-05-06 08:00:00",-7.59859950223922,-0.944037667897645
"2021-05-06 09:00:00",-8.4218548137952,-0.693823016827779
"2021-05-06 10:00:00",-9.49537666843532,-1.26478469864718
"2021-05-06 11:00:00",-9.78687692148839,0.383432677288507
"2021-05-06 12:00:00",-11.125689436711,-2.41072572381274
"2021-05-06 13:00:00",-10.7426539670708,2.24164635185465
"2021-05-06 14:00:00",-9.46652184731591,0.585668808907124
"2021-05-06 15:00:00",-9.07787369144365,0.251033483268538
"2021-05-06 16:00:00",-8.86901258398603,0.182519428629862
"2021-05-06 17:00:00",-8.5174246088718,0.459019769845797
"2021-05-06 18:00:00",-8.35421396315491,-0.030772250905402
"2021-05-06 19:00:00",-8.54035266671489,-0.270104191827405
"2021-05-06 20:00:00",-8.07267553701381,0.948304371274444
"2021-05-06 21:00:00",-7.41989528421082,0.435150221971457
"2021-05-06 22:00:00",-7.21228602597226,0.0556136338796455
"2021-05-06 23:00:00",-6.46331099362671,1.18491105623273
"2021-05-07 00:00:00",-6.4171263196834,-0.706819481644136
"2021-05-07 01:00:00",-7.03777474132392,-0.525440124656987
"2021-05-07 02:00:00",-6.70736370726995,0.894336750604613
"2021-05-07 03:00:00",-5.87660263055096,0.757543858150738
"2021-05-07 04:00:00",-5.77512595446746,-0.333143590907803
"2021-05-07 05:00:00",-5.86114013588226,0.0902651129881286
"2021-05-07 06:00:00",-6.24111816467811,-0.667859203961496
"2021-05-07 07:00:00",-7.8932179004004,-2.22169999906751
"2021-05-07 08:00:00",-10.421109353709,-2.60172069434435
"2021-05-07 09:00:00",-12.9788119868692,-2.3933887740073
"2021-05-07 10:00:00",-14.5707855162061,-0.965331734916617
"2021-05-07 11:00:00",-14.0121245551522,1.56686755182292
"2021-05-07 12:00:00",-13.6579309814554,-0.45301716210282
"2021-05-07 13:00:00",-13.097842100405,1.22646597525355
"2021-05-07 14:00:00",-12.7665094775437,-0.264279744977294
"2021-05-07 15:00:00",-12.2390532319512,1.04665780036989
"2021-05-07 16:00:00",-12.468401266723,-1.05333454443904
"2021-05-07 17:00:00",-12.3345606073914,0.934984116932425
"2021-05-07 18:00:00",-11.2633160792357,1.12707267584686
"2021-05-07 19:00:00",-10.5992859764239,0.338299850679708
"2021-05-07 20:00:00",-9.82335073463122,1.04447348529964
"2021-05-07 21:00:00",-9.05286234334223,0.563879964632481
"2021-05-07 22:00:00",-8.71226697090548,0.187222100694309
"2021-05-07 23:00:00",-8.46340193469718,0.289360314348397
"2021-05-08 00:00:00",-7.92909685992121,0.683114889489608
"2021-05-08 01:00:00",-7.58473094410674,0.112390438343964
"2021-05-08 02:00:00",-7.63362063028692,-0.144311093247864
"2021-05-08 03:00:00",-7.62238797942862,0.124229608690162
"2021-05-08 04:00:00",-7.60663173020552,-0.0474846517352831
"2021-05-08 05:00:00",-7.15464003476204,0.773293813691903
"2021-05-08 06:00:00",-6.49916415595962,0.555003562670062
"2021-05-08 07:00:00",-6.27794061565873,-0.0034303175087585
"2021-05-08 08:00:00",-6.43186029070562,-0.238840325875567
"2021-05-08 09:00:00",-6.60625459256601,-0.11485584008698
"2021-05-08 10:00:00",-6.78831740141308,-0.209702398459291
"2021-05-08 11:00:00",-7.08226847873483,-0.327400150937923
"2021-05-08 12:00:00",-7.3053830552327,-0.133863594281565
"2021-05-08 13:00:00",-6.81734846639949,0.888848961379389
"2021-05-08 14:00:00",-6.22045270292657,0.382684292107839
"2021-05-08 15:00:00",-6.06962713336385,-0.00289578409612268
"2021-05-08 16:00:00",-5.68758809413352,0.628324960699886
"2021-05-08 17:00:00",-5.27542855201718,0.255795144764133
"2021-05-08 18:00:00",-5.40560886728784,-0.374508958119589
"2021-05-08 19:00:00",-5.11891767673795,0.720826098512053
"2021-05-08 20:00:00",-3.97804108672488,1.37328800832702
"2021-05-08 21:00:00",-3.13744160153093,0.450661147623755
"2021-05-08 22:00:00",-2.74868796545299,0.333052230316344
"2021-05-08 23:00:00",-2.35573840401428,0.417749677023975
"2021-05-09 00:00:00",-1.38522426018574,1.29593494267057
"2021-05-09 01:00:00",-0.528443438175925,0.525087679084206
"2021-05-09 02:00:00",0.368941732283824,1.10361708433279
"2021-05-09 03:00:00",1.30927428499523,0.786318623900968
"2021-05-09 04:00:00",1.49121534367769,-0.231303351925444
"2021-05-09 05:00:00",1.24916721098733,-0.239630800650096
"2021-05-09 06:00:00",1.42760113865337,0.447050296466608
"2021-05-09 07:00:00",1.72448556154376,0.180828175855137
"2021-05-09 08:00:00",2.26154866176356,0.746805975841505
"2021-05-09 09:00:00",3.2156107478224,1.04397985082953
"2021-05-09 10:00:00",4.21823108564949,0.92326029941458
"2021-05-09 11:00:00",5.13102709386256,0.857008858238421
"2021-05-09 12:00:00",6.24059395099915,1.21859828612736
"2021-05-09 13:00:00",7.1097585506134,0.586869002678001
"2021-05-09 14:00:00",7.5924987550552,0.381221071379066
"2021-05-09 15:00:00",7.84615330676149,0.146774481290072
"2021-05-09 16:00:00",7.84051609223247,-0.117085935698512
"2021-05-09 17:00:00",7.15201101682041,-1.04683066287351
"2021-05-09 18:00:00",6.41165576215012,-0.510076615386553
"2021-05-09 19:00:00",5.73841562538497,-0.758284071385658
"2021-05-09 20:00:00",5.64694357374977,0.350013973195417
"2021-05-09 21:00:00",6.04927807920752,0.410818966458439
"2021-05-09 22:00:00",6.55751577866858,0.541236221002433
"2021-05-09 23:00:00",6.4260396953672,-0.58214569626408
"2021-05-10 00:00:00",6.53473944436761,0.555809681877969
"2021-05-10 01:00:00",6.65987030325843,-0.176350275919189
"2021-05-10 02:00:00",6.31034195661309,-0.456950958970138
"2021-05-10 03:00:00",5.67188018545355,-0.737259119197641
"2021-05-10 04:00:00",4.6573873502775,-1.15841289974396
"2021-05-10 05:00:00",4.31511697667349,0.212078422045123
"2021-05-10 06:00:00",4.81431242330524,0.66132167180311
"2021-05-10 07:00:00",5.27971833949774,0.306478129106246
"2021-05-10 08:00:00",5.57553795909543,0.267853486501936
"2021-05-10 09:00:00",6.02178117041997,0.536777878929395
"2021-05-10 10:00:00",6.77174588882048,0.848689392295022
"2021-05-10 11:00:00",7.91650320478391,1.27900841987287
"2021-05-10 12:00:00",9.30595054888312,1.38684523226862
"2021-05-10 13:00:00",10.7940633216575,1.4729175549734
"2021-05-10 14:00:00",11.9201974832038,0.827526787567972
"2021-05-10 15:00:00",12.2634849749428,-0.0112063619011466
"2021-05-10 16:00:00",11.9128162889208,-0.576112197933137
"2021-05-10 17:00:00",11.1645364386271,-0.842849369947407
"2021-05-10 18:00:00",9.96383166306217,-1.39660086555038
"2021-05-10 19:00:00",7.65111501585115,-2.82639071529637
"2021-05-10 20:00:00",6.06235026496614,-0.698056840858892
"2021-05-10 21:00:00",6.07713902111117,0.481496447462447
"2021-05-10 22:00:00",6.756582839312,0.771288792040817
"2021-05-10 23:00:00",6.6087688109093,-0.762221356048131
"2021-05-11 00:00:00",5.86202355350981,-0.709459208844374
"2021-05-11 01:00:00",5.69030294662027,0.187372006992753
"2021-05-11 02:00:00",5.59175915890752,-0.291800856371152
"2021-05-11 03:00:00",5.00331153084928,-0.765451661698867
"2021-05-11 04:00:00",4.37335628761518,-0.516138002338141
"2021-05-11 05:00:00",4.51474927841577,0.567385181569075
"2021-05-11 06:00:00",5.61926750783082,1.40429718997325
"2021-05-11 07:00:00",6.95084965324648,1.21258937750072
"2021-05-11 08:00:00",7.428755643556,-0.0435412720404177
"2021-05-11 09:00:00",7.7509341710756,0.54110522552021
"2021-05-11 10:00:00",8.13665273654913,0.253812292205902
"2021-05-11 11:00:00",8.51814816609537,0.438002808760917
"2021-05-11 12:00:00",9.85496671260638,1.86151769873886
"2021-05-11 13:00:00",10.8793794793396,0.404973745826178
"2021-05-11 14:00:00",11.0354438978522,-0.0313075288186592
"2021-05-11 15:00:00",11.0134981421054,-0.0288820560018045
"2021-05-11 16:00:00",9.818374325127,-1.93000560671767
"2021-05-11 17:00:00",7.89244631602143,-1.84434271001136
"2021-05-11 18:00:00",6.72673855671018,-0.668068598026393
"2021-05-11 19:00:00",6.48415238014806,0.0439234675230846
"2021-05-11 20:00:00",6.63604041538177,0.208290124220884
"2021-05-11 21:00:00",6.37350681802694,-0.572486515520118
"2021-05-11 22:00:00",5.35954803647027,-1.2682988521793
"2021-05-11 23:00:00",4.52619750980922,-0.510695888641831
"2021-05-12 00:00:00",4.10711435801334,-0.343926903111695
"2021-05-12 01:00:00",3.85339643111955,-0.186815523273899
"2021-05-12 02:00:00",3.53602771214747,-0.394287023301718
"2021-05-12 03:00:00",3.13016217740129,-0.398854452427272
"2021-05-12 04:00:00",2.88161026038252,-0.140574407217464
"2021-05-12 05:00:00",2.43816650504937,-0.627994307863716
"2021-05-12 06:00:00",1.50190491554811,-1.10042089711982
"2021-05-12 07:00:00",0.370150576900345,-1.10079805584308
"2021-05-12 08:00:00",-0.617576528231617,-0.865888563305385
"2021-05-12 09:00:00",-1.58022347919976,-0.980611281148949
"2021-05-12 10:00:00",-2.52703445755684,-0.877249706003857
"2021-05-12 11:00:00",-2.78124487476374,0.176478325990653
"2021-05-12 12:00:00",-3.54824662389176,-1.35594649930114
"2021-05-12 13:00:00",-4.23983915809935,-0.211261092626661
"2021-05-12 14:00:00",-4.3996756403031,-0.112495223149283
"2021-05-12 15:00:00",-4.53677842085437,-0.141323102518599
"2021-05-12 16:00:00",-4.32608682176208,0.4411982419204
"2021-05-12 17:00:00",-3.7341923799448,0.669805009414556
"2021-05-12 18:00:00",-2.74159238727782,1.1654371595107
"2021-05-12 19:00:00",-1.56524515493851,1.13125403088088
"2021-05-12 20:00:00",-0.400878699546345,1.13312805431852
"2021-05-12 21:00:00",0.534223676573663,0.759168596469889
"2021-05-12 22:00:00",1.02116366228571,0.281629840767133
"2021-05-12 23:00:00",1.1306237147479,-0.0118352038200185
"2021-05-13 00:00:00",1.06230150560681,-0.104189865210504
"2021-05-13 01:00:00",1.13040809619003,0.178363693540376
"2021-05-13 02:00:00",1.3644179931592,0.25853009974625
"2021-05-13 03:00:00",1.51907908228764,0.0763086743966772
"2021-05-13 04:00:00",1.43935973892366,-0.181905529610492
"2021-05-13 05:00:00",1.00366408475847,-0.586036984664868
"2021-05-13 06:00:00",-0.051948975300351,-1.31978974624383
"2021-05-13 07:00:00",-1.60093526734734,-1.62810763119338
"2021-05-13 08:00:00",-3.32545624716316,-1.70478437192512
"2021-05-13 09:00:00",-4.77798067311099,-1.21104577697626
"2021-05-13 10:00:00",-5.80786547083018,-0.854016505175534
"2021-05-13 11:00:00",-6.15063493820369,0.0218283024986071
"2021-05-13 12:00:00",-7.22914039311212,-1.75287332105799
"2021-05-13 13:00:00",-7.92095404073325,0.0577374847418854
"2021-05-13 14:00:00",-7.94918995814266,-0.0740018900708876
"2021-05-13 15:00:00",-8.10352967853958,-0.190319952365123
"2021-05-13 16:00:00",-8.15300414903185,0.0572140976931927
"2021-05-13 17:00:00",-7.72001997301963,0.673424121195821
"2021-05-13 18:00:00",-6.79068349532538,1.06572834236386
"2021-05-13 19:00:00",-5.62822988987964,1.18044742077219
"2021-05-13 20:00:00",-4.43680771060678,1.14937545759818
"2021-05-13 21:00:00",-3.35853535759204,0.985349526844725
"2021-05-13 22:00:00",-2.52407677437884,0.698541180406122
"2021-05-13 23:00:00",-1.93842506687148,0.485816053219636
"2021-05-14 00:00:00",-1.32270078497563,0.675567327140697
"2021-05-14 01:00:00",-0.6622990380634,0.620614091008476
"2021-05-14 02:00:00",-0.00491889544339799,0.651505583030521
"2021-05-14 03:00:00",0.480385569668329,0.351450575740221
"2021-05-14 04:00:00",0.469653274619984,-0.252292490127005
"2021-05-14 05:00:00",-0.106085718165416,-0.764612794444475
"2021-05-14 06:00:00",-1.35779040121657,-1.51681021392959
"2021-05-14 07:00:00",-3.11232465154527,-1.82789027863491
"2021-05-14 08:00:00",-4.97551614668304,-1.79417705125114
"2021-05-14 09:00:00",-6.5089852001207,-1.28038576847503
"2021-05-14 10:00:00",-7.57413033990967,-0.86265135147033
"2021-05-14 11:00:00",-8.55491225378952,-1.00316817287654
"2021-05-14 12:00:00",-9.34534214959054,-0.600022232800134
"2021-05-14 13:00:00",-9.7952147135792,-0.31635445521742
"2021-05-14 14:00:00",-9.5122435445745,0.68169029156881
"2021-05-14 15:00:00",-8.99027633580881,0.402940843584767
"2021-05-14 16:00:00",-8.64364187771629,0.304210486847802
"2021-05-14 17:00:00",-8.01915512826406,0.819463597550893
"2021-05-14 18:00:00",-7.18060300275679,0.821763585994642
"2021-05-14 19:00:00",-6.57024724963895,0.449668761894176
"2021-05-14 20:00:00",-5.94128591131514,0.727066254820588
"2021-05-14 21:00:00",-5.73953732586383,-0.150388319846969
"2021-05-14 22:00:00",-6.03973072499665,-0.378400822961056
"2021-05-14 23:00:00",-6.45988614251852,-0.420243057071175
"2021-05-15 00:00:00",-5.32913890067116,2.11931508825014
"2021-05-15 01:00:00",-4.74621067901316,-0.462145638007388
"2021-05-15 02:00:00",-5.49775711475011,-0.902648088322763
"2021-05-15 03:00:00",-5.6245018095114,0.403622699368059
"2021-05-15 04:00:00",-4.47808072511254,1.59438214923816
"2021-05-15 05:00:00",-3.03421614645097,1.2806801471043
"2021-05-15 06:00:00",-2.0344303118297,0.768926823808865
"2021-05-15 07:00:00",-1.44979845945077,0.436610843960869
"2021-05-15 08:00:00",-1.04875670471126,0.360140387158423
"2021-05-15 09:00:00",-0.837095572187886,0.103970059018158
"2021-05-15 10:00:00",-1.14035274602314,-0.55924814113248
"2021-05-15 11:00:00",-1.26462127434672,0.173087590603749
"2021-05-15 12:00:00",-3.19845770615573,-3.24490444442554
"2021-05-15 13:00:00",-3.56802647358324,1.56897245747514
"2021-05-15 14:00:00",-4.51030785492311,-2.56704794738518
"2021-05-15 15:00:00",-5.17999398009859,0.632835383481699
"2021-05-15 16:00:00",-3.68263420898538,2.00922096038746
"2021-05-15 17:00:00",-2.93601256930134,-0.125830560746916
"2021-05-15 18:00:00",-3.16635771742551,-0.285291175056239
"2021-05-15 19:00:00",-3.13788591139211,0.240370782370461
"2021-05-15 20:00:00",-2.8421914477339,0.322568549428401
"2021-05-15 21:00:00",-2.47156452215997,0.388715783463936
"2021-05-15 22:00:00",-2.49861639047813,-0.299755280961896
"2021-05-15 23:00:00",-2.77609450592889,-0.246221635023737
"2021-05-16 00:00:00",-2.9566263336455,-0.124583343696686
"2021-05-16 01:00:00",-3.25949691053615,-0.40352461145204
"2021-05-16 02:00:00",-3.07749775153004,0.567893428827115
"2021-05-16 03:00:00",-3.20075730402176,-0.574197550007603
"2021-05-16 04:00:00",-2.81127786568321,1.01753656915579
"2021-05-16 05:00:00",-1.89324025024549,0.811704144355441
"2021-05-16 06:00:00",-1.40066072822383,0.258865930355114
"2021-05-16 07:00:00",-1.54441876982094,-0.403533308825307
"2021-05-16 08:00:00",-2.2026262354148,-0.79471963868268
"2021-05-16 09:00:00",-3.40597344361274,-1.41574040072916
"2021-05-16 10:00:00",-4.43728225708583,-0.721629368085461
"2021-05-16 11:00:00",-4.44262206184792,0.478150102314679
"2021-05-16 12:00:00",-5.32289369466347,-1.73831612296482
"2021-05-16 13:00:00",-5.47371216127529,0.921521261710937
"2021-05-16 14:00:00",-4.77278368253975,0.527614841181182
"2021-05-16 15:00:00",-4.32936083212246,0.372374825164314
"2021-05-16 16:00:00",-3.79709249769735,0.619147951084642
"2021-05-16 17:00:00",-3.27763376985328,0.433208941547348
"2021-05-16 18:00:00",-3.25873843078248,-0.253983408199692
"2021-05-16 19:00:00",-3.97849888335704,-0.991871480948048
"2021-05-16 20:00:00",-3.69527050204767,1.12494842689245
"2021-05-16 21:00:00",-3.22097316937022,0.0227606768120189
"2021-05-16 22:00:00",-3.56295212399754,-0.564733444874644
"2021-05-16 23:00:00",-4.07182104962855,-0.442854213736773
"2021-05-17 00:00:00",-4.04871558912331,0.337888964537572
"2021-05-17 01:00:00",-4.15137541039574,-0.386258559236509
"2021-05-17 02:00:00",-4.05888932229897,0.412598353965955
"2021-05-17 03:00:00",-3.19114269652001,1.13516918104097
"2021-05-17 04:00:00",-2.48170640751191,0.396019296664801
"2021-05-17 05:00:00",-2.07889893881,0.39138960427163
"2021-05-17 06:00:00",-1.63561830580518,0.459488516530025
"2021-05-17 07:00:00",-1.48470341191772,-0.059861103930448
"2021-05-17 08:00:00",-1.77504946844359,-0.428289852858955
"2021-05-17 09:00:00",-2.16267768778261,-0.339813757215334
"2021-05-17 10:00:00",-2.35450003728682,-0.0812609876205229
"2021-05-17 11:00:00",-2.63821560962267,-0.402167032953718
"2021-05-17 12:00:00",-2.9894718685917,-0.297225252126204
"2021-05-17 13:00:00",-2.91918433807768,0.315804111246553
"2021-05-17 14:00:00",-2.75546102316106,0.0583194534033424
"2021-05-17 15:00:00",-2.81472863972743,-0.131290636792612
"2021-05-17 16:00:00",-2.73477780761518,0.220603931516965
"2021-05-17 17:00:00",-3.01400174615584,-0.595644318856902
"2021-05-17 18:00:00",-3.30673970086305,-0.0730092444774187
"2021-05-17 19:00:00",-3.83204234313117,-0.797603380855244
"2021-05-17 20:00:00",-3.88186408084477,0.455996377556741
"2021-05-17 21:00:00",-3.73963948088768,-0.0687093161875084
"2021-05-17 22:00:00",-3.52477625981605,0.398517103358442
"2021-05-17 23:00:00",-3.38292215106753,-0.0314504655322269
"2021-05-18 00:00:00",-3.8191696867488,-0.681018264344951
"2021-05-18 01:00:00",-3.49450935933265,0.984595099659255
"2021-05-18 02:00:00",-2.6466600132906,0.720900805508175
"2021-05-18 03:00:00",-2.32412180125237,0.0450513067587933
"2021-05-18 04:00:00",-2.06117594248728,0.398706272019966
"2021-05-18 05:00:00",-1.66080022165873,0.385119093321633
"2021-05-18 06:00:00",-1.72684215484139,-0.361532494491215
"2021-05-18 07:00:00",-2.39320227674963,-0.835684897718161
"2021-05-18 08:00:00",-3.1766485116329,-0.708308317032992
"2021-05-18 09:00:00",-4.07414152047824,-0.976872297581406
"2021-05-18 10:00:00",-4.81905899449201,-0.549635619349283
"2021-05-18 11:00:00",-5.13668594164819,-0.141653867789037
"2021-05-18 12:00:00",-6.59272590540887,-2.25647334888159
"2021-05-18 13:00:00",-7.30436009765508,0.360552920247505
"2021-05-18 14:00:00",-6.98776290190743,0.281661746335504
"2021-05-18 15:00:00",-6.90503154838883,-0.0448136055822674
"2021-05-18 16:00:00",-6.51689206154576,0.667223655516328
"2021-05-18 17:00:00",-5.80516328430616,0.71597510137856
"2021-05-18 18:00:00",-5.20610469502251,0.500129194987203
"2021-05-18 19:00:00",-5.47503139975155,-0.762134179844227
"2021-05-18 20:00:00",-4.43607236059303,2.1973519829158
"2021-05-18 21:00:00",-3.82043015194042,-0.46235176113161
"2021-05-18 22:00:00",-5.33614904700074,-2.14100279846816
"2021-05-18 23:00:00",-6.09704781705932,0.20218858237832
"2021-05-19 00:00:00",-5.64763064098269,0.600734065325006
"2021-05-19 01:00:00",-5.61437948861417,-0.339366953154529
"2021-05-19 02:00:00",-5.22741830198217,0.860018276262052
"2021-05-19 03:00:00",-4.60167771949575,0.446559332650034
"2021-05-19 04:00:00",-4.1066591142008,0.509730976683447
"2021-05-19 05:00:00",-3.58859717328367,0.504289675771479
"2021-05-19 06:00:00",-3.50112001448724,-0.189925761204537
"2021-05-19 07:00:00",-3.72076113231513,-0.224502287826294
"2021-05-19 08:00:00",-3.90266680682811,-0.140069815192863
"2021-05-19 09:00:00",-4.21759499520985,-0.411504321345257
"2021-05-19 10:00:00",-4.64610991318583,-0.414057595940396
"2021-05-19 11:00:00",-5.06156528887807,-0.390658083680533
"2021-05-19 12:00:00",-5.67330705310166,-0.723536505749416
"2021-05-19 13:00:00",-5.68441647990144,0.471672439140997
"2021-05-19 14:00:00",-5.27949254420876,0.348508875068717
"2021-05-19 15:00:00",-4.99721693797046,0.231510416111611
"2021-05-19 16:00:00",-4.60410477121776,0.488603799854736
"2021-05-19 17:00:00",-4.18018751209186,0.366582181582732
"2021-05-19 18:00:00",-4.08644578181338,-0.0872168033671105
"2021-05-19 19:00:00",-5.11265878308805,-1.59816912222617
"2021-05-19 20:00:00",-4.8557401934781,1.48800236092726
"2021-05-19 21:00:00",-5.26023106297389,-1.64065345609544
"2021-05-19 22:00:00",-5.42828110697099,0.828432903448159
"2021-05-19 23:00:00",-4.7014591065999,0.631539288964555
"2021-05-20 00:00:00",-4.06799946656879,0.610696537237619
"2021-05-20 01:00:00",-3.5927910436242,0.367544948449021
"2021-05-20 02:00:00",-3.65018243094304,-0.333320630532486
"2021-05-20 03:00:00",-3.78704895720181,0.00530808039084484
"2021-05-20 04:00:00",-3.4804929760525,0.497697150460267
"2021-05-20 05:00:00",-3.07210174485129,0.333933417786198
"2021-05-20 06:00:00",-3.0416848810607,-0.169410776696134
"2021-05-20 07:00:00",-3.1896447235412,-0.122709002991136
"2021-05-20 08:00:00",-3.62496005408109,-0.618919957699277
"2021-05-20 09:00:00",-4.3482347280377,-0.753802652985486
"2021-05-20 10:00:00",-4.98135102933483,-0.516971698040431
"2021-05-20 11:00:00",-5.34715974161162,-0.241233150455358
"2021-05-20 12:00:00",-5.61632316981197,-0.268102498623337
"2021-05-20 13:00:00",-5.4998406556945,0.374570182341937
"2021-05-20 14:00:00",-5.34496003425565,0.00815063401184538
"2021-05-20 15:00:00",-5.30122977859614,0.0722590609068571
"2021-05-20 16:00:00",-5.38901608331765,-0.183478720462235
"2021-05-20 17:00:00",-5.26729583649884,0.326342979089889
"2021-05-20 18:00:00",-4.95783007592639,0.290296272285805
"2021-05-20 19:00:00",-5.4915953606483,-1.05137754442106
"2021-05-20 20:00:00",-5.99265655164562,-0.103303274487861
"2021-05-20 21:00:00",-5.98974266238057,0.0813077793182901
"2021-05-20 22:00:00",-5.59488474352948,0.592842772185736
"2021-05-20 23:00:00",-4.48370232279873,1.41114321259617
"2021-05-21 00:00:00",-3.02408849440226,1.42834479418564
"2021-05-21 01:00:00",-1.83648269171693,0.974578418559929
"2021-05-21 02:00:00",-1.11992019840331,0.512870679753703
"2021-05-21 03:00:00",-0.998331421474719,-0.143596110032476
"2021-05-21 04:00:00",-0.900026402879782,0.256184764810445
"2021-05-21 05:00:00",-0.381499315007081,0.669938708552388
"2021-05-21 06:00:00",0.0799068090063442,0.300952627820542
"2021-05-21 07:00:00",-0.170633238536686,-0.606393079355873
"2021-05-21 08:00:00",-0.784123443834395,-0.588849005108816
"2021-05-21 09:00:00",-1.09254800305034,-0.105811535148707
"2021-05-21 10:00:00",-1.13292966226072,0.00656428354202104
"2021-05-21 11:00:00",-1.16735091779579,-0.0586489220291871
"2021-05-21 12:00:00",-0.875333879237,0.513418173686742
"2021-05-21 13:00:00",-1.0670618118935,-0.651578647799208
"2021-05-21 14:00:00",-1.69224006677129,-0.576495210523602
"2021-05-21 15:00:00",-1.74078402497766,0.307904982301673
"2021-05-21 16:00:00",-1.54287253213177,0.117422279685831
"2021-05-21 17:00:00",-2.0023953587323,-0.820322025026003
"2021-05-21 18:00:00",-2.83045523331214,-0.791289202781873
"2021-05-21 19:00:00",-3.66771006436835,-0.82446494133583
"2021-05-21 20:00:00",-3.18343216752814,1.33847198888878
"2021-05-21 21:00:00",-3.79060086581464,-1.87128613225069
"2021-05-21 22:00:00",-4.03650955297855,0.854227926897101
"2021-05-21 23:00:00",-3.09273861959464,0.963819302078312
"2021-05-22 00:00:00",-3.18972785034208,-0.795588804739299
"2021-05-22 01:00:00",-3.41327904120394,0.172534047787247
"2021-05-22 02:00:00",-2.99646778618377,0.564251706212977
"2021-05-22 03:00:00",-2.28155609746202,0.785239069998994
"2021-05-22 04:00:00",-1.21945127108485,1.1991483406131
"2021-05-22 05:00:00",-0.39958798397891,0.529622863853208
"2021-05-22 06:00:00",-0.414085745169436,-0.376034878724146
"2021-05-22 07:00:00",-1.14239353243412,-0.928010114566266
"2021-05-22 08:00:00",-3.38987120544636,-3.01883705907343
"2021-05-22 09:00:00",-4.68357100176837,-0.077783780277306
"2021-05-22 10:00:00",-4.04356953849344,1.0941396379934
"2021-05-22 11:00:00",-3.56709338841533,0.0472761404764992
"2021-05-22 12:00:00",-3.78958559595214,-0.387165503913937
"2021-05-22 13:00:00",-4.29978492031467,-0.563092896836531
"2021-05-22 14:00:00",-4.94982274932668,-0.671570073003117
"2021-05-22 15:00:00",-6.51725493405947,-2.0838018029864
"2021-05-22 16:00:00",-7.65216793706639,-0.440002724324215
"2021-05-22 17:00:00",-7.65767010436462,0.294281982079916
"2021-05-22 18:00:00",-6.85949716733742,1.10603353509315
"2021-05-22 19:00:00",-5.57726630050084,1.34760209986002
"2021-05-22 20:00:00",-4.20388387581828,1.33249360828038
"2021-05-22 21:00:00",-2.87600380760128,1.2671215259903
"2021-05-22 22:00:00",-1.84959233958507,0.820872402472485
"2021-05-22 23:00:00",-1.95489393131527,-0.715353239290086
"2021-05-23 00:00:00",-2.65625990731227,-0.656193763313366
"2021-05-23 01:00:00",-2.84095149614049,0.14183714917565
"2021-05-23 02:00:00",-2.50397457112119,0.454715819838686
"2021-05-23 03:00:00",-2.37691160523888,-0.0941799159954124
"2021-05-23 04:00:00",-2.49053035077213,-0.118115778374384
"2021-05-23 05:00:00",-2.50076049157311,0.0653878176055138
"2021-05-23 06:00:00",-2.8201400268095,-0.557487586772349
"2021-05-23 07:00:00",-3.61192012045059,-0.906713555617333
"2021-05-23 08:00:00",-4.38480702818857,-0.642289257578981
"2021-05-23 09:00:00",-6.36055763789515,-2.76517316927006
"2021-05-23 10:00:00",-7.06599339665684,0.709417334962434
"2021-05-23 11:00:00",-5.94762601367583,1.34695724712896
"2021-05-23 12:00:00",-6.25408940477187,-1.38649814822266
"2021-05-23 13:00:00",-6.76479680125382,0.105470710960661
"2021-05-23 14:00:00",-7.01551587633565,-0.467543819897053
"2021-05-23 15:00:00",-8.31601734288099,-1.78495801688732
"2021-05-23 16:00:00",-8.23439191485223,1.33283054406267
"2021-05-23 17:00:00",-7.452068759465,0.388759743888329
"2021-05-23 18:00:00",-7.17164158466434,0.204483667640674
"2021-05-23 19:00:00",-7.00523117368067,0.14236229946236
"2021-05-23 20:00:00",-6.59978007275652,0.570600803964498
"2021-05-23 21:00:00",-6.58644835901792,-0.350303797244106
"2021-05-23 22:00:00",-6.50277365111034,0.377499919189253
"2021-05-23 23:00:00",-5.66195136178614,1.11812275718603
"2021-05-24 00:00:00",-4.47730338724031,1.17999962505315
"2021-05-24 01:00:00",-3.74153319205535,0.410428356913088
"2021-05-24 02:00:00",-3.96944468857006,-0.637812671206081
"2021-05-24 03:00:00",-4.68929312394613,-0.735216275882966
"2021-05-24 04:00:00",-4.59171298834185,0.654174012031802
"2021-05-24 05:00:00",-3.35173539799307,1.57750062840213
"2021-05-24 06:00:00",-1.95150780990386,1.21982867639633
"2021-05-24 07:00:00",-1.05732325026021,0.63711578193684
"2021-05-24 08:00:00",-0.659759327612949,0.220335863807287
"2021-05-24 09:00:00",-0.468306720968145,0.163949885677283
"2021-05-24 10:00:00",-0.00581456108287609,0.640143104882734
"2021-05-24 11:00:00",-0.0532173900596226,-0.503498989182139
"2021-05-24 12:00:00",-0.481496402311948,-0.35771308988976
"2021-05-24 13:00:00",-0.50857668547442,0.195245152384216
"2021-05-24 14:00:00",-0.479310618581788,-0.0821201405708222
"2021-05-24 15:00:00",-0.450702098930543,0.101684557266592
"2021-05-24 16:00:00",-0.223431444487617,0.300774320765113
"2021-05-24 17:00:00",0.113158261594878,0.344759612161302
"2021-05-24 18:00:00",0.309992413017733,0.088719597649353
"2021-05-24 19:00:00",0.224058191087317,-0.198684048556218
"2021-05-24 20:00:00",0.564635358905832,0.683605837472783
"2021-05-24 21:00:00",1.34051005966697,0.799789582344711
"2021-05-24 22:00:00",1.70403849713181,0.0536905793337747
"2021-05-24 23:00:00",1.75323978612879,0.0416746491650587
"2021-05-25 00:00:00",2.77101581313679,1.61787599495773
"2021-05-25 01:00:00",2.66273985693691,-1.25744997876124
"2021-05-25 02:00:00",1.50442905428335,-1.04060814640709
"2021-05-25 03:00:00",0.752844650129287,-0.525128960595457
"2021-05-25 04:00:00",0.489219140165459,-0.0777356218501979
"2021-05-25 05:00:00",0.59386917287065,0.220635104989226
"2021-05-25 06:00:00",-0.457274953494669,-1.84979817372247
"2021-05-25 07:00:00",-2.33863285334744,-1.81240720083923
"2021-05-25 08:00:00",-4.70655885932984,-2.62272973948453
"2021-05-25 09:00:00",-6.50863541684512,-1.16328531696207
"2021-05-25 10:00:00",-7.01297485559843,-0.0326967300843732
"2021-05-25 11:00:00",-6.7311501789401,0.487146830081619
"2021-05-25 12:00:00",-8.23422411259638,-2.74976650117105
"2021-05-25 13:00:00",-8.72713995580536,1.04565944865149
"2021-05-25 14:00:00",-7.84248427904401,0.746529129351618
"2021-05-25 15:00:00",-9.20571446132111,-2.69482699231743
"2021-05-25 16:00:00",-10.0146606127442,0.498589526571807
"2021-05-25 17:00:00",-8.84763186881812,1.57009574539853
"2021-05-25 18:00:00",-7.7050627384497,0.814663076021617
"2021-05-25 19:00:00",-6.92723174287697,0.726243371861987
"2021-05-25 20:00:00",-6.42418881135834,0.339267278131849
"2021-05-25 21:00:00",-5.82119184747642,0.758437934798697
"2021-05-25 22:00:00",-5.37941437649481,0.217182246020821
"2021-05-25 23:00:00",-4.91589422230615,0.612648359342032
"2021-05-26 00:00:00",-4.81487026010817,-0.238519195234924
"2021-05-26 01:00:00",-4.68472177233754,0.375942635269231
"2021-05-26 02:00:00",-4.4590384114729,0.120824589061188
"2021-05-26 03:00:00",-4.13016409834755,0.457689785214738
"2021-05-26 04:00:00",-3.67124679179908,0.443250296313508
"2021-05-26 05:00:00",-3.54429290357023,-0.085208832560086
"2021-05-26 06:00:00",-3.82001899010426,-0.385065954556015
"2021-05-26 07:00:00",-4.30672075431247,-0.526407609999795
"2021-05-26 08:00:00",-4.96716703127406,-0.7128702729857
"2021-05-26 09:00:00",-5.481337689763,-0.350872759870661
"2021-05-26 10:00:00",-6.17937748669734,-0.889246944126975
"2021-05-26 11:00:00",-7.2261040980405,-1.0940087860903
"2021-05-26 12:00:00",-7.65053252679399,0.0514310199669301
"2021-05-26 13:00:00",-7.40896209333716,0.366707070080587
"2021-05-26 14:00:00",-7.73238179095313,-0.758580576750209
"2021-05-26 15:00:00",-8.28108777860276,-0.37275389159855
"2021-05-26 16:00:00",-9.06293306194297,-1.00674450691729
"2021-05-26 17:00:00",-9.31567229185642,0.273610916246352
"2021-05-26 18:00:00",-8.61977129835042,0.95635831780325
"2021-05-26 19:00:00",-7.76863919343751,0.751644631824213
"2021-05-26 20:00:00",-6.71647953499689,1.21251230560281
"2021-05-26 21:00:00",-5.70787578878463,0.833393629970647
"2021-05-26 22:00:00",-4.8264593766084,0.878901861456608
"2021-05-26 23:00:00",-4.59762057910762,-0.209184167942334
"2021-05-27 00:00:00",-4.9060560835551,-0.35402081241358
"2021-05-27 01:00:00",-4.73154444607306,0.52488988728503
"2021-05-27 02:00:00",-4.29593925340529,0.361480438296389
"2021-05-27 03:00:00",-4.31308382253034,-0.263206544745503
"2021-05-27 04:00:00",-3.98241032550983,0.716431258703726
"2021-05-27 05:00:00",-3.38811821929407,0.4897587192187
"2021-05-27 06:00:00",-3.2803087246298,-0.147576139263388
"2021-05-27 07:00:00",-4.08642820013426,-1.20260767130405
"2021-05-27 08:00:00",-5.18874629809215,-0.977812311946184
"2021-05-27 09:00:00",-6.57150992789213,-1.58033237498906
"2021-05-27 10:00:00",-6.98384561845282,0.394377544262803
"2021-05-27 11:00:00",-6.61969700985162,0.3356915708605
"2021-05-27 12:00:00",-7.79623355869159,-2.1202332070694
"2021-05-27 13:00:00",-9.44267730637512,-1.24230530816877
"2021-05-27 14:00:00",-9.40469509761096,0.901855689327498
"2021-05-27 15:00:00",-9.02400024607008,0.0272886428924161
"2021-05-27 16:00:00",-8.33792130146762,1.10429130911279
"2021-05-27 17:00:00",-8.30084219734226,-0.665401433975657
"2021-05-27 18:00:00",-8.07250785911656,0.823994238873839
"2021-05-27 19:00:00",-7.38492331065132,0.574374915388449
"2021-05-27 20:00:00",-6.61907222103264,0.866623142328666
"2021-05-27 21:00:00",-5.94844452250941,0.516627789368156
"2021-05-27 22:00:00",-5.59136141102174,0.241418571324798
"2021-05-27 23:00:00",-5.4134561659116,0.134314804736316
"2021-05-28 00:00:00",-5.14806962752854,0.34713097482506
"2021-05-28 01:00:00",-4.85440185512143,0.250705116511909
"2021-05-28 02:00:00",-4.48747473325195,0.433226368650257
"2021-05-28 03:00:00",-3.93392557322597,0.613241237930741
"2021-05-28 04:00:00",-3.33238649137209,0.570222265243272
"2021-05-28 05:00:00",-3.41480966567739,-0.509301981348905
"2021-05-28 06:00:00",-4.27859389707079,-1.05465495479671
"2021-05-28 07:00:00",-5.27641315371037,-0.907000324762778
"2021-05-28 08:00:00",-6.70186721230452,-1.69654821265576
"2021-05-28 09:00:00",-7.64529824762111,-0.387894174124539
"2021-05-28 10:00:00",-7.66139113448296,0.242386868121736
"2021-05-28 11:00:00",-7.07212397576912,0.802387613829713
"2021-05-28 12:00:00",-7.54708796986276,-1.29483424047795
"2021-05-28 13:00:00",-8.41314560154849,-0.529331746323978
"2021-05-28 14:00:00",-7.885234339853,1.21848315373947
"2021-05-28 15:00:00",-7.21299837465044,0.286293988687525
"2021-05-28 16:00:00",-8.09939562485347,-1.61676252311941
"2021-05-28 17:00:00",-8.62214942822532,0.241850780381158
"2021-05-28 18:00:00",-8.07152708480826,0.741411815523146
"2021-05-28 19:00:00",-8.25726666828684,-0.784602903525548
"2021-05-28 20:00:00",-9.00394173131281,-0.675268466667671
"2021-05-28 21:00:00",-8.97046863440982,0.515971302617881
"2021-05-28 22:00:00",-8.44656781951825,0.515850943868881
"2021-05-28 23:00:00",-7.99758529696794,0.393953178495794
"2021-05-29 00:00:00",-7.50149482247797,0.550912606819973
"2021-05-29 01:00:00",-6.87113812192649,0.663030782420599
"2021-05-29 02:00:00",-6.26347761602068,0.550726094468372
"2021-05-29 03:00:00",-6.0849862283388,-0.070071593106948
"2021-05-29 04:00:00",-5.69370077082188,0.688099076773591
"2021-05-29 05:00:00",-4.75287640773622,1.07193454719437
"2021-05-29 06:00:00",-4.0288352026591,0.463834795516788
"2021-05-29 07:00:00",-4.00381901947555,-0.263521824746688
"2021-05-29 08:00:00",-4.44232953035115,-0.529170620832133
"2021-05-29 09:00:00",-5.00238550352984,-0.548307993531752
"2021-05-29 10:00:00",-5.09756514435984,0.21786974678764
"2021-05-29 11:00:00",-4.91912512448869,0.150243324981278
"2021-05-29 12:00:00",-6.41974753163798,-2.52353357524041
"2021-05-29 13:00:00",-7.13248774426761,0.53657636378423
"2021-05-29 14:00:00",-6.77236347614904,0.234569545839429
"2021-05-29 15:00:00",-6.62646434750428,0.0885803220974368
"2021-05-29 16:00:00",-6.34355077853564,0.407561838210096
"2021-05-29 17:00:00",-5.7850703055572,0.640726833576825
"2021-05-29 18:00:00",-5.29897631240761,0.367362918437282
"2021-05-29 19:00:00",-5.13437579770583,0.0284343918911852
"2021-05-29 20:00:00",-5.40387180166159,-0.448690497917403
"2021-05-29 21:00:00",-5.78786721447224,-0.315655464541636
"2021-05-29 22:00:00",-6.0781320763041,-0.252086659442706
"2021-05-29 23:00:00",-6.61211855116945,-0.68870955852872
"2021-05-30 00:00:00",-6.85602423792182,0.0727358018659694
"2021-05-30 01:00:00",-6.66310712746155,0.272703973880312
"2021-05-30 02:00:00",-6.48263966851572,0.118987842016191
"2021-05-30 03:00:00",-6.65307271535323,-0.346924673162813
"2021-05-30 04:00:00",-6.33472937716299,0.75529349552206
"2021-05-30 05:00:00",-5.26313233983181,1.23970380159653
"2021-05-30 06:00:00",-4.32578516663337,0.698019410495149
"2021-05-30 07:00:00",-3.98750242619199,0.0879615588131065
"2021-05-30 08:00:00",-4.08627673192828,-0.213430807128441
"2021-05-30 09:00:00",-4.25591446407767,-0.127116208132338
"2021-05-30 10:00:00",-4.27335852063213,0.0619825579712609
"2021-05-30 11:00:00",-3.9379622329238,0.507237840352789
"2021-05-30 12:00:00",-3.58968247188407,0.230833910803527
"2021-05-30 13:00:00",-3.45685955536734,0.0657973481842212
"2021-05-30 14:00:00",-3.59865437172933,-0.268994759707035
"2021-05-30 15:00:00",-3.9047471314463,-0.311641799941573
"2021-05-30 16:00:00",-4.15526876299535,-0.192839274604724
"2021-05-30 17:00:00",-4.29632688736943,-0.094480488670916
"2021-05-30 18:00:00",-4.44294437301953,-0.168871499062211
"2021-05-30 19:00:00",-5.04481331768805,-0.856203442797166
"2021-05-30 20:00:00",-5.78817970923844,-0.626317945202682
"2021-05-30 21:00:00",-6.39300023753946,-0.554289853462822
"2021-05-30 22:00:00",-6.93513945032038,-0.500038823441518
"2021-05-30 23:00:00",-7.49217103557287,-0.559619743882682
"2021-05-31 00:00:00",-7.70365941671796,0.0402994402362014
"2021-05-31 01:00:00",-7.99277838945842,-0.485061884587623
"2021-05-31 02:00:00",-8.19037872766373,0.0137267524897765
"2021-05-31 03:00:00",-8.17975979063431,0.0185965764054128
"2021-05-31 04:00:00",-7.61320364327245,0.915474369421695
"2021-05-31 05:00:00",-6.43119828300746,1.31333188883736
"2021-05-31 06:00:00",-5.22762711721878,1.08149287375054
"2021-05-31 07:00:00",-4.43468843132227,0.569628841239735
"2021-05-31 08:00:00",-4.16202183461913,0.0674526936398741
"2021-05-31 09:00:00",-4.15907829955058,-0.0348385550709376
"2021-05-31 10:00:00",-4.13012448605601,0.0754648436206128
"2021-05-31 11:00:00",-3.92046808369224,0.294475251657629
"2021-05-31 12:00:00",-3.07696157863785,1.17449016225685
"2021-05-31 13:00:00",-2.23789471455007,0.579548154642227
"2021-05-31 14:00:00",-1.88908478393434,0.181295566870116
"2021-05-31 15:00:00",-1.80313412482538,0.0207384085033321
"2021-05-31 16:00:00",-1.68660070010365,0.177181606257634
"2021-05-31 17:00:00",-1.40725294114196,0.336356296020374
"2021-05-31 18:00:00",-1.5024345245668,-0.376532290389987
"2021-05-31 19:00:00",-1.47058842303007,0.304516483238777
"2021-05-31 20:00:00",-0.494667113783758,1.37903679794868
"2021-05-31 21:00:00",0.27500092829737,0.3274923698631
"2021-05-31 22:00:00",0.41165160867173,0.00257712135895907
"2021-05-31 23:00:00",-1.79246029417259,-3.57100551322422
"2021-06-01 00:00:00",-3.54072056316227,-0.447731360944737
"2021-06-01 01:00:00",-4.07068093271062,-0.555032848375324
"2021-06-01 02:00:00",-4.56719251737471,-0.428658695509657
"2021-06-01 03:00:00",-4.50881376467203,0.386176037770363
"2021-06-01 04:00:00",-2.98998175720403,2.20755933520389
"2021-06-01 05:00:00",-0.828283250593038,2.03225549180885
"2021-06-01 06:00:00",0.800327371853024,1.28319538563089
"2021-06-01 07:00:00",1.42570492336135,0.156090907092469
"2021-06-01 08:00:00",1.55758991181838,0.107643735216279
"2021-06-01 09:00:00",1.681712800725,0.127203462108493
"2021-06-01 10:00:00",1.92772484091044,0.31135903768705
"2021-06-01 11:00:00",2.12522336432679,0.109723736794727
"2021-06-01 12:00:00",2.11172385991296,-0.0977440085198588
"2021-06-01 13:00:00",1.78216563062486,-0.471159192699116
"2021-06-01 14:00:00",0.838369489248413,-1.2163300170501
"2021-06-01 15:00:00",-0.308984681956417,-1.04792983812025
"2021-06-01 16:00:00",-1.72846594680225,-1.59932703364674
"2021-06-01 17:00:00",-2.07060544574962,0.514456893923581
"2021-06-01 18:00:00",-1.94188664026359,-0.131884033218166
"2021-06-01 19:00:00",-1.71899317346373,0.451318352922721
"2021-06-01 20:00:00",-1.60236348557638,-0.10981939633857
"2021-06-01 21:00:00",-1.77695043385751,-0.207403527903213
"2021-06-01 22:00:00",-1.80745314362159,0.0911684144418403
"2021-06-01 23:00:00",-1.96413384093282,-0.312136202047761
"2021-06-02 00:00:00",-1.44585871147549,1.04977619536321
"2021-06-02 01:00:00",-0.856650083894108,0.25603308663121
"2021-06-02 02:00:00",-0.810911584270926,-0.0955251094720045
"2021-06-02 03:00:00",-1.1511206694258,-0.486117522951348
"2021-06-02 04:00:00",-1.70396050505871,-0.569566702493683
"2021-06-02 05:00:00",-1.93543945601543,0.007104518986699
"2021-06-02 06:00:00",-1.72486216431355,0.338711014282693
"2021-06-02 07:00:00",-1.1762274486564,0.664733364143128
"2021-06-02 08:00:00",-0.660008608986516,0.394196125098434
"2021-06-02 09:00:00",-0.127526599799632,0.600218321004711
"2021-06-02 10:00:00",0.655116546321881,0.867231270588991
"2021-06-02 11:00:00",1.46505983287954,0.732419778342569
"2021-06-02 12:00:00",2.43139583503915,1.07446997887518
"2021-06-02 13:00:00",2.68879135312001,-0.302675933406671
"2021-06-02 14:00:00",1.9292787012988,-1.03143852571036
"2021-06-02 15:00:00",1.90888967806686,0.652115393393589
"2021-06-02 16:00:00",2.47564145755132,0.480452198698598
"2021-06-02 17:00:00",1.94144068323579,-1.18842987424157
"2021-06-02 18:00:00",1.4879280357801,0.0554727827288736
"2021-06-02 19:00:00",1.24035369470505,-0.439755104546332
"2021-06-02 20:00:00",1.08093996758732,0.0334542875195679
"2021-06-02 21:00:00",1.38113892797597,0.462367578951522
"2021-06-02 22:00:00",1.88847383426101,0.511424659304364
"2021-06-02 23:00:00",1.97803706536721,-0.198362431464479
"2021-06-03 00:00:00",2.1556115334929,0.41720771515131
"2021-06-03 01:00:00",2.23103233585754,-0.158794946012726
"2021-06-03 02:00:00",2.13864579232235,-0.0465997732690847
"2021-06-03 03:00:00",1.72460412028607,-0.642079651022853
"2021-06-03 04:00:00",1.59476433331242,0.215595266795986
"2021-06-03 05:00:00",2.12236479321147,0.708474163437171
"2021-06-03 06:00:00",2.7488986247488,0.539400512373179
"2021-06-03 07:00:00",3.22930940937906,0.414713933999461
"2021-06-03 08:00:00",3.65286673177425,0.405164369202745
"2021-06-03 09:00:00",3.99104860780638,0.27275038217238
"2021-06-03 10:00:00",4.14427035373156,0.0611134892018314
"2021-06-03 11:00:00",4.2860195375954,0.183429285740585
"2021-06-03 12:00:00",4.74588784894265,0.616782285935375
"2021-06-03 13:00:00",5.04237744877101,0.0627602276423383
"2021-06-03 14:00:00",5.06703181050856,-0.00841826432889047
"2021-06-03 15:00:00",5.02504326007007,-0.0689024489262174
"2021-06-03 16:00:00",5.09830081105624,0.158072880999824
"2021-06-03 17:00:00",5.37227253664372,0.331647706849756
"2021-06-03 18:00:00",5.31495945933826,-0.320815088163813
"2021-06-03 19:00:00",4.74880213905524,-0.709661444142059
"2021-06-03 20:00:00",4.42403339392605,-0.0588644353273676
"2021-06-03 21:00:00",4.61396205838427,0.341061847958984
"2021-06-03 22:00:00",4.66236314334277,-0.154948310904681
"2021-06-03 23:00:00",4.18691514152557,-0.672525766646472
"2021-06-04 00:00:00",4.29629052206702,0.620041308752127
"2021-06-04 01:00:00",4.4756674389702,-0.12845443351335
"2021-06-04 02:00:00",4.43418877684244,0.0127079187165759
"2021-06-04 03:00:00",4.78573822523045,0.555020701359077
"2021-06-04 04:00:00",4.88829052740876,-0.210128297254025
"2021-06-04 05:00:00",4.63443409783451,-0.277243960345905
"2021-06-04 06:00:00",3.69723559683336,-1.33859759594359
"2021-06-04 07:00:00",2.76748668563701,-0.617770901609098
"2021-06-04 08:00:00",2.63826041724602,0.199039224012471
"2021-06-04 09:00:00",2.97190936584727,0.404132812988968
"2021-06-04 10:00:00",2.8568816063573,-0.459492499276923
"2021-06-04 11:00:00",2.57159857939787,-0.159270241846964
"2021-06-04 12:00:00",2.02564386378126,-0.781110339040135
"2021-06-04 13:00:00",1.3880717662044,-0.51419477439246
"2021-06-04 14:00:00",0.721595331804089,-0.738113955771015
"2021-06-04 15:00:00",0.545736769036565,0.206398868521604
"2021-06-04 16:00:00",0.721333766885939,0.146015274154308
"2021-06-04 17:00:00",1.05476943375184,0.441606326317243
"2021-06-04 18:00:00",1.48596768526901,0.40241021726704
"2021-06-04 19:00:00",1.31530884865865,-0.546503625245346
"2021-06-04 20:00:00",0.972353861420983,-0.192656090661946
"2021-06-04 21:00:00",0.928401253550596,0.0560169996218056
"2021-06-04 22:00:00",0.933890324238088,-0.0296528165618247
"2021-06-04 23:00:00",0.821152480514732,-0.163973102300478
"2021-06-05 00:00:00",1.15165426237832,0.643382764376273
"2021-06-05 01:00:00",1.04263670535888,-0.60691286145449
"2021-06-05 02:00:00",0.795180512152864,0.00259295537984811
"2021-06-05 03:00:00",0.940626071971829,0.232742873320132
"2021-06-05 04:00:00",1.71422794601893,1.09619529329841
"2021-06-05 05:00:00",2.94530504097043,1.26028783652362
"2021-06-05 06:00:00",4.00891187167665,0.878151157265328
"2021-06-05 07:00:00",4.58605896625319,0.343889587500076
"2021-06-05 08:00:00",4.93642032234741,0.332117273468453
"2021-06-05 09:00:00",5.26973354416717,0.311910627440689
"2021-06-05 10:00:00",5.61033705592943,0.336755962181713
"2021-06-05 11:00:00",5.95916247288956,0.33306616857058
"2021-06-05 12:00:00",6.32936030196062,0.369681337088325
"2021-06-05 13:00:00",6.57007454478322,0.135143061673332
"2021-06-05 14:00:00",6.53063557564592,-0.162417076504745
"2021-06-05 15:00:00",6.21058771511392,-0.418340152775064
"2021-06-05 16:00:00",5.97526824122006,-0.110128457426003
"2021-06-05 17:00:00",6.04941315385606,0.185768725350481
"2021-06-05 18:00:00",6.05520204045036,-0.12226597518232
"2021-06-05 19:00:00",6.02581897895028,0.0261313910350611
"2021-06-05 20:00:00",6.03954170599515,-0.00296651499924024
"2021-06-05 21:00:00",6.32736750989302,0.460224247204118
"2021-06-05 22:00:00",6.73848742868562,0.350694680917277
"2021-06-05 23:00:00",6.35200860751144,-0.868237472369359
"2021-06-06 00:00:00",5.26528400587931,-1.18892494075208
"2021-06-06 01:00:00",4.37587790095402,-0.654251073320998
"2021-06-06 02:00:00",4.07400981114127,-0.0582442330500996
"2021-06-06 03:00:00",3.59006433034173,-0.749994486570919
"2021-06-06 04:00:00",3.73871790428926,0.736052086406949
"2021-06-06 05:00:00",4.92186658461619,1.42016787546717
"2021-06-06 06:00:00",6.06332832303366,0.895076965100657
"2021-06-06 07:00:00",6.68009278246749,0.394104497413528
"2021-06-06 08:00:00",6.9206030610041,0.118079031853748
"2021-06-06 09:00:00",6.94627464363858,-0.0460700978316719
"2021-06-06 10:00:00",6.87491018912993,-0.0937868200622739
"2021-06-06 11:00:00",6.67582967314367,-0.268673927415318
"2021-06-06 12:00:00",6.27867764440582,-0.472532683802304
"2021-06-06 13:00:00",6.23169958977914,0.230861924235836
"2021-06-06 14:00:00",6.33987262073822,0.0132113647211761
"2021-06-06 15:00:00",6.07370907964061,-0.447931940618188
"2021-06-06 16:00:00",5.82323090725511,-0.114768546240241
"2021-06-06 17:00:00",5.56153717769812,-0.354710467569916
"2021-06-06 18:00:00",5.09738300839887,-0.522225668109309
"2021-06-06 19:00:00",4.86886845096787,-0.0284200621619863
"2021-06-06 20:00:00",4.7227191123295,-0.223963275782354
"2021-06-06 21:00:00",4.26635242843388,-0.595699093089473
"2021-06-06 22:00:00",3.54829977700672,-0.77099651366567
"2021-06-06 23:00:00",2.80044220861438,-0.701466478430474
"2021-06-07 00:00:00",2.49798836871923,-0.0256861380892983
"2021-06-07 01:00:00",2.39139196393497,-0.158689174730123
"2021-06-07 02:00:00",2.20456103873278,-0.199795226722626
"2021-06-07 03:00:00",1.48276026311764,-1.03833986884434
"2021-06-07 04:00:00",1.01838475400038,-0.0615829259901981
"2021-06-07 05:00:00",1.53237097076446,0.871955909054666
"2021-06-07 06:00:00",2.42877199590513,0.868126486512799
"2021-06-07 07:00:00",3.12791134352724,0.550130802684842
"2021-06-07 08:00:00",3.50973728353273,0.247449859435643
"2021-06-07 09:00:00",3.69802086119686,0.135370310059754
"2021-06-07 10:00:00",3.9166855708992,0.259037310397369
"2021-06-07 11:00:00",4.22769096991201,0.325824404921128
"2021-06-07 12:00:00",4.76217227273086,0.642737556958763
"2021-06-07 13:00:00",5.1061942966963,0.122397482989308
"2021-06-07 14:00:00",5.05926480920412,-0.16416198621739
"2021-06-07 15:00:00",4.9369938474739,-0.0950531934350373
"2021-06-07 16:00:00",4.99591568282361,0.152408402162683
"2021-06-07 17:00:00",5.53551092353071,0.765636500540425
"2021-06-07 18:00:00",6.16703590072461,0.504976110609733
"2021-06-07 19:00:00",5.58640958491569,-1.28470485440181
"2021-06-07 20:00:00",4.91323290166739,-0.240707829718093
"2021-06-07 21:00:00",4.64989089993067,-0.27224852245496
"2021-06-07 22:00:00",4.1614774356169,-0.615303723879641
"2021-06-07 23:00:00",3.35915311447169,-0.894239136601311
"2021-06-08 00:00:00",3.12849165479578,0.218348471585723
"2021-06-08 01:00:00",2.9119931307958,-0.500135108790838
"2021-06-08 02:00:00",2.62250474763927,-0.139055687259007
"2021-06-08 03:00:00",2.29903410202142,-0.434420103207907
"2021-06-08 04:00:00",2.60398994067679,0.780410967027613
"2021-06-08 05:00:00",3.50482190266993,0.934948821813475
"2021-06-08 06:00:00",4.29737871417944,0.655452321409749
"2021-06-08 07:00:00",4.88809278167013,0.513948025077468
"2021-06-08 08:00:00",5.31721335647445,0.345879588628911
"2021-06-08 09:00:00",5.52117930606874,0.0928143879749592
"2021-06-08 10:00:00",5.51917683026591,-0.0722320606506857
"2021-06-08 11:00:00",5.4655720472669,-0.0457515302999295
"2021-06-08 12:00:00",4.94752701356395,-0.815327790184884
"2021-06-08 13:00:00",4.36199836613823,-0.4108832263889
"2021-06-08 14:00:00",3.88080855059796,-0.510815103730861
"2021-06-08 15:00:00",3.35048196565838,-0.523134033678817
"2021-06-08 16:00:00",3.22766489134741,0.145575157539504
"2021-06-08 17:00:00",3.66326882012495,0.604094399634687
"2021-06-08 18:00:00",4.24742142373855,0.538379269243403
"2021-06-08 19:00:00",4.31814338703946,-0.24987817280784
"2021-06-08 20:00:00",3.92986840934999,-0.467651717448587
"2021-06-08 21:00:00",3.85395059291808,0.183777255841367
"2021-06-08 22:00:00",3.52749340867202,-0.656060873855958
"2021-06-08 23:00:00",2.7721395058437,-0.790199716791301
"2021-06-09 00:00:00",2.32738278140385,-0.196902903821426
"2021-06-09 01:00:00",1.63703995146918,-0.989491625603391
"2021-06-09 02:00:00",0.669421099188816,-0.909166106631125
"2021-06-09 03:00:00",-0.47358468100997,-1.24544397282031
"2021-06-09 04:00:00",-0.142148627620201,1.36753225801692
"2021-06-09 05:00:00",1.41697081227201,1.61293688640019
"2021-06-09 06:00:00",2.97950852536852,1.45286214220736
"2021-06-09 07:00:00",3.93285248231388,0.571195791033777
"2021-06-09 08:00:00",4.02115584283371,-0.242883458075023
"2021-06-09 09:00:00",3.79560500108675,-0.208459572487417
"2021-06-09 10:00:00",3.70912756933995,-0.0059390278745815
"2021-06-09 11:00:00",3.88909721556366,0.290575058878964
"2021-06-09 12:00:00",4.07367082334219,0.10012487578317
"2021-06-09 13:00:00",4.31352937189321,0.316365516550266
"2021-06-09 14:00:00",4.49657060275616,0.0799034799734162
"2021-06-09 15:00:00",4.46199612202884,-0.115043134819704
"2021-06-09 16:00:00",4.47683131306473,0.0949646098877543
"2021-06-09 17:00:00",4.75427679261044,0.380144479236845
"2021-06-09 18:00:00",5.32763193480811,0.668788264454982
"2021-06-09 19:00:00",5.89900442121846,0.472413315992243
"2021-06-09 20:00:00",5.74034451606996,-0.579430286148223
"2021-06-09 21:00:00",4.7755608826797,-1.18323260539215
"2021-06-09 22:00:00",4.36690467311474,0.120984635497131
"2021-06-09 23:00:00",4.16846501048392,-0.407583042788494
"2021-06-10 00:00:00",4.05030836676359,0.0750342880093749
"2021-06-10 01:00:00",5.06684968010086,1.59067744983948
"2021-06-10 02:00:00",4.72538929268452,-1.61983363907923
"2021-06-10 03:00:00",3.99658339165561,-0.106254182194691
"2021-06-10 04:00:00",4.0982945885113,0.230369207711252
"2021-06-10 05:00:00",4.85473652093839,1.06592447252322
"2021-06-10 06:00:00",5.94226584483917,1.04399782779547
"2021-06-10 07:00:00",6.65635943786892,0.452570709281944
"2021-06-10 08:00:00",6.81807036797373,-0.0484540655618872
"2021-06-10 09:00:00",6.18942243373848,-0.994350095845488
"2021-06-10 10:00:00",5.47711430393744,-0.498410570391649
"2021-06-10 11:00:00",5.41210382957238,0.219949507311393
"2021-06-10 12:00:00",5.72964603550674,0.360539489838922
"2021-06-10 13:00:00",6.06751743856978,0.299320971922257
"2021-06-10 14:00:00",5.87545490565991,-0.518337884916188
"2021-06-10 15:00:00",5.54167357342596,-0.202455722313803
"2021-06-10 16:00:00",5.24590048325282,-0.351069646034783
"2021-06-10 17:00:00",5.1003017426239,-0.00846153938048586
"2021-06-10 18:00:00",5.17950879959495,0.127315704471904
"2021-06-10 19:00:00",5.24707949888608,0.0178561606879586
"2021-06-10 20:00:00",5.16202363019228,-0.156382291684696
"2021-06-10 21:00:00",5.34416104461158,0.392506588111631
"2021-06-10 22:00:00",5.25768639222089,-0.40856732230879
"2021-06-10 23:00:00",4.76195555781567,-0.537057081009096
"2021-06-11 00:00:00",4.34657571530145,-0.320660707337053
"2021-06-11 01:00:00",4.13162519226087,-0.139864926431409
"2021-06-11 02:00:00",4.02636927344287,-0.0825059378742383
"2021-06-11 03:00:00",4.00044169289301,0.00783438653474851
"2021-06-11 04:00:00",4.29235797024156,0.462274376314736
"2021-06-11 05:00:00",4.82969813159751,0.556317998909248
"2021-06-11 06:00:00",5.29285518630325,0.372818355303057
"2021-06-11 07:00:00",5.53504356854547,0.136774219798574
"2021-06-11 08:00:00",5.46983660513844,-0.203892648548659
"2021-06-11 09:00:00",5.26284879385761,-0.206263698100347
"2021-06-11 10:00:00",5.41212474720357,0.372423198031366
"2021-06-11 11:00:00",5.44988870474755,-0.194106989345198
"2021-06-11 12:00:00",5.09372554438629,-0.454296839159319
"2021-06-11 13:00:00",4.45655099845486,-0.735376583117484
"2021-06-11 14:00:00",4.58052169677494,0.68522549788937
"2021-06-11 15:00:00",4.64800594928095,-0.353445528869416
"2021-06-11 16:00:00",4.34285877623715,-0.264437816365052
"2021-06-11 17:00:00",4.5741847772634,0.545240971782167
"2021-06-11 18:00:00",5.19785539625702,0.640425464750885
"2021-06-11 19:00:00",5.12244133205854,-0.555746652721941
"2021-06-11 20:00:00",4.61755626290925,-0.453586861800208
"2021-06-11 21:00:00",4.35102141904715,-0.135120205759214
"2021-06-11 22:00:00",4.73509077014819,0.706332433247229
"2021-06-11 23:00:00",5.33192213571439,0.489369228027273
"2021-06-12 00:00:00",6.36604515655748,1.34127452181154
"2021-06-12 01:00:00",6.31715318493805,-0.981533904735675
"2021-06-12 02:00:00",5.75918168420634,-0.257227148828615
"2021-06-12 03:00:00",5.84727933493287,0.306702690524509
"2021-06-12 04:00:00",6.0888345301115,0.179110939752721
"2021-06-12 05:00:00",5.7160923063593,-0.730771686166917
"2021-06-12 06:00:00",4.63220766580086,-1.27514952619363
"2021-06-12 07:00:00",3.31296070850489,-1.2919240227515
"2021-06-12 08:00:00",1.6958253858474,-1.76136302528063
"2021-06-12 09:00:00",-0.694707039640979,-2.69856026819335
"2021-06-12 10:00:00",-2.49579836060726,-1.11630690883016
"2021-06-12 11:00:00",-3.20538708984154,-0.401512586132378
"2021-06-12 12:00:00",-3.10042423456671,0.441750120178797
"2021-06-12 13:00:00",-5.2612654092969,-3.78919572054647
"2021-06-12 14:00:00",-7.10327485174091,-0.449596460417145
"2021-06-12 15:00:00",-5.90610406967081,2.24726150838771
"2021-06-12 16:00:00",-3.91258998291173,1.73723207160964
"2021-06-12 17:00:00",-2.94966579109173,0.406011875625615
"2021-06-12 18:00:00",-2.43154554881334,0.57203807513079
"2021-06-12 19:00:00",-1.97602596705827,0.359329181031558
"2021-06-12 20:00:00",-1.65783011573092,0.278199931375254
"2021-06-12 21:00:00",-1.45981400328866,0.13728781139939
"2021-06-12 22:00:00",-0.941095853524111,0.750232698822173
"2021-06-12 23:00:00",-0.891274138789702,-0.418265849010089
"2021-06-13 00:00:00",-1.04725336659508,0.0274360873722216
"2021-06-13 01:00:00",-1.42165888185381,-0.623154391251368
"2021-06-13 02:00:00",-1.86904134233602,-0.307111884479128
"2021-06-13 03:00:00",-2.30906433086403,-0.505310844719859
"2021-06-13 04:00:00",-2.34385195765426,0.283517749915041
"2021-06-13 05:00:00",-2.16811869549908,0.0985476978688632
"2021-06-13 06:00:00",-2.64155698439792,-0.829464520243919
"2021-06-13 07:00:00",-3.27516274222892,-0.469523020406379
"2021-06-13 08:00:00",-4.58484477650054,-1.80332296299554
"2021-06-13 09:00:00",-6.13153935705207,-1.29620594205607
"2021-06-13 10:00:00",-6.86550782672413,-0.316371041690637
"2021-06-13 11:00:00",-6.77514999712695,0.366058942672772
"2021-06-13 12:00:00",-7.62181626676122,-1.60617260700678
"2021-06-13 13:00:00",-7.27052261257608,1.64937728456821
"2021-06-13 14:00:00",-6.52493121879481,0.11701639551013
"2021-06-13 15:00:00",-5.97879090939959,0.814673842383419
"2021-06-13 16:00:00",-5.20315398323942,0.720459231193438
"2021-06-13 17:00:00",-4.24886046669225,1.07153775101651
"2021-06-13 18:00:00",-3.19757090099783,0.993309462423366
"2021-06-13 19:00:00",-2.63113507074845,0.259061930579558
"2021-06-13 20:00:00",-2.62984403647063,-0.16722420383733
"2021-06-13 21:00:00",-2.78812250369997,-0.141404647070435
"2021-06-13 22:00:00",-3.44366371161619,-0.963549459614293
"2021-06-13 23:00:00",-3.95144394018511,-0.175372332553372
"2021-06-14 00:00:00",-3.25183614508525,1.25476491674658
"2021-06-14 01:00:00",-3.07860354324915,-0.55181834866333
"2021-06-14 02:00:00",-4.05745364873251,-1.21305172621237
"2021-06-14 03:00:00",-4.78433530202035,-0.363004386167112
"2021-06-14 04:00:00",-3.94802237097138,1.60226830928181
"2021-06-14 05:00:00",-2.31290436688546,1.58440507817367
"2021-06-14 06:00:00",-0.876149610136186,1.27302960963979
"2021-06-14 07:00:00",-0.291704477669138,0.0987531227193552
"2021-06-14 08:00:00",-0.449268211122557,-0.320575531497375
"2021-06-14 09:00:00",-0.652017723737182,-0.113986710102978
"2021-06-14 10:00:00",-0.458187958008405,0.390666800736735
"2021-06-14 11:00:00",0.189496459827554,0.788839470170317
"2021-06-14 12:00:00",1.1267747001705,0.99145270317509
"2021-06-14 13:00:00",2.14779186544363,0.990756436981828
"2021-06-14 14:00:00",2.80122645814451,0.3947387389245
"2021-06-14 15:00:00",3.12265623753146,0.253674181418907
"2021-06-14 16:00:00",3.45397490272104,0.363312887793116
"2021-06-14 17:00:00",4.06596266985436,0.744236174211944
"2021-06-14 18:00:00",4.78998833640115,0.670907606523202
"2021-06-14 19:00:00",5.99968026470712,1.50521926111838
"2021-06-14 20:00:00",4.82589626094346,-2.91170967881904
"2021-06-14 21:00:00",3.66460068528824,0.0545928167153147
"2021-06-14 22:00:00",3.67755577308672,-0.0201407346749203
"2021-06-14 23:00:00",3.71201593502621,0.0644837370274964
"2021-06-15 00:00:00",3.70092999293156,-0.0657213669662887
"2021-06-15 01:00:00",3.4172371113164,-0.420292866282936
"2021-06-15 02:00:00",3.17519964618339,-0.11610451271009
"2021-06-15 03:00:00",3.134075229895,0.00672412675001366
"2021-06-15 04:00:00",3.42389138073352,0.460730542528639
"2021-06-15 05:00:00",3.88874037763836,0.441093249653318
"2021-06-15 06:00:00",3.98646272171991,-0.140842438840474
"2021-06-15 07:00:00",3.56319251201683,-0.596575616508791
"2021-06-15 08:00:00",2.79089788284236,-0.857331226619058
"2021-06-15 09:00:00",2.52056096631378,0.130235903638886
"2021-06-15 10:00:00",2.73792876687597,0.261877587499027
"2021-06-15 11:00:00",2.78901719395927,-0.0953910758153051
"2021-06-15 12:00:00",0.681935747322586,-3.35165244095459
"2021-06-15 13:00:00",-1.1378063088508,-0.712891503061428
"2021-06-15 14:00:00",-1.63846194035215,-0.333910437062912
"2021-06-15 15:00:00",-1.54996781845574,0.367998530314583
"2021-06-15 16:00:00",-0.996505649360768,0.652799619360694
"2021-06-15 17:00:00",-0.208047073921633,0.842713398258156
"2021-06-15 18:00:00",0.764009188337381,1.01235997987604
"2021-06-15 19:00:00",1.14189861748962,-0.0640253469219038
"2021-06-15 20:00:00",1.11725473534453,0.00130959958668681
"2021-06-15 21:00:00",0.945402277610591,-0.280565248378983
"2021-06-15 22:00:00",0.35602168424315,-0.768465262862068
"2021-06-15 23:00:00",-0.118291336988551,-0.256134561062642
"2021-06-16 00:00:00",-0.624365499700124,-0.6484969974649
"2021-06-16 01:00:00",-1.10035382257342,-0.337561270787583
"2021-06-16 02:00:00",-1.40205604345693,-0.262041985116524
"2021-06-16 03:00:00",-1.61769027490704,-0.172642768797893
"2021-06-16 04:00:00",-1.18601052646329,0.816126018183226
"2021-06-16 05:00:00",-0.312294437229718,0.872118681722892
"2021-06-16 06:00:00",0.565628438124127,0.840476362855182
"2021-06-16 07:00:00",1.36508120270677,0.733385813696521
"2021-06-16 08:00:00",1.85729854201483,0.306292185940953
"2021-06-16 09:00:00",2.0683713730239,0.135170982444145
"2021-06-16 10:00:00",2.32164334331981,0.317304015192298
"2021-06-16 11:00:00",2.76816927531494,0.50846213495142
"2021-06-16 12:00:00",3.23391695519401,0.4115727767841
"2021-06-16 13:00:00",3.76643722359902,0.583678333792235
"2021-06-16 14:00:00",4.25063205931522,0.39001158322285
"2021-06-16 15:00:00",4.67029823681829,0.41401595973303
"2021-06-16 16:00:00",4.91524758070215,0.114582211286588
"2021-06-16 17:00:00",5.20286694975063,0.382974269289772
"2021-06-16 18:00:00",5.81343641744519,0.726578773792385
"2021-06-16 19:00:00",5.68321899933383,-0.702708541053912
"2021-06-16 20:00:00",5.30752643699185,-0.147156298698469
"2021-06-16 21:00:00",5.33028484736618,0.128112247043343
"2021-06-16 22:00:00",5.58168127520845,0.314769713338235
"2021-06-16 23:00:00",5.75214216745237,0.0589639161676496
"2021-06-17 00:00:00",6.07433252807574,0.474949225215793
"2021-06-17 01:00:00",6.09725309965657,-0.287343297467771
"2021-06-17 02:00:00",6.09127143652627,0.174016938786943
"2021-06-17 03:00:00",6.23070565443628,0.101904450261514
"2021-06-17 04:00:00",6.66915521047903,0.633945464555201
"2021-06-17 05:00:00",7.58749833875339,1.05570544501926
"2021-06-17 06:00:00",8.55917095793155,0.859701207001173
"2021-06-17 07:00:00",9.26993657170324,0.566672461777705
"2021-06-17 08:00:00",9.78096695444347,0.437707255439957
"2021-06-17 09:00:00",10.3275342977337,0.580563267666539
"2021-06-17 10:00:00",11.0407954040152,0.754523110992186
"2021-06-17 11:00:00",11.7101666427413,0.566569071938713
"2021-06-17 12:00:00",12.1424820613383,0.30718147598311
"2021-06-17 13:00:00",12.05937655067,-0.354990064240698
"2021-06-17 14:00:00",11.8770555095948,-0.0740861870127612
"2021-06-17 15:00:00",11.8004031608179,-0.0900253460404866
"2021-06-17 16:00:00",11.9292420749598,0.253417663009528
"2021-06-17 17:00:00",12.4558043769767,0.668261777153514
"2021-06-17 18:00:00",12.7779358540549,0.0600238697945836
"2021-06-17 19:00:00",11.7827640894891,-1.66779929488051
"2021-06-17 20:00:00",10.7596311945139,-0.559927163731431
"2021-06-17 21:00:00",11.012024500908,0.768072747090536
"2021-06-17 22:00:00",11.4526497187457,0.187202282546713
"2021-06-17 23:00:00",11.1280470254479,-0.665133163874041
"2021-06-18 00:00:00",10.3228421237414,-0.874661214734217
"2021-06-18 01:00:00",9.40570860986408,-0.915168275505077
"2021-06-18 02:00:00",8.8204697532573,-0.349599611044481
"2021-06-18 03:00:00",8.43226827362269,-0.406854557651435
"2021-06-18 04:00:00",8.7837522913834,0.829466440035381
"2021-06-18 05:00:00",9.93364233364525,1.29754142408722
"2021-06-18 06:00:00",10.9594674918214,0.783137043702779
"2021-06-18 07:00:00",11.5316066705174,0.390166305941172
"2021-06-18 08:00:00",11.9209676614626,0.355462361180331
"2021-06-18 09:00:00",12.1932227038005,0.188485742837434
"2021-06-18 10:00:00",12.4441784079161,0.264964253254164
"2021-06-18 11:00:00",12.7028260934227,0.226110425660319
"2021-06-18 12:00:00",12.8991585862496,0.150782473037876
"2021-06-18 13:00:00",12.9723927893717,0.00143438889616929
"2021-06-18 14:00:00",12.8690481734702,-0.185001403687628
"2021-06-18 15:00:00",12.6705955106652,-0.21457267371819
"2021-06-18 16:00:00",12.6037995732501,0.0185670466032767
"2021-06-18 17:00:00",12.8793692542829,0.417565777926217
"2021-06-18 18:00:00",13.1094022466685,0.0774859304310286
"2021-06-18 19:00:00",12.8907260217214,-0.422615688069348
"2021-06-18 20:00:00",12.5579210442164,-0.273728437774816
"2021-06-18 21:00:00",12.3534747532924,-0.16472590014177
"2021-06-18 22:00:00",12.027582362987,-0.433767337031648
"2021-06-18 23:00:00",11.6932530834024,-0.267649940117722
"2021-06-19 00:00:00",11.0210274888133,-0.92506228339655
"2021-06-19 01:00:00",9.91274707227184,-1.19196064812832
"2021-06-19 02:00:00",9.39011026930966,-0.0643666096583262
"2021-06-19 03:00:00",9.41229549459328,0.0667311899642791
"2021-06-19 04:00:00",9.93435345571301,0.788667506964161
"2021-06-19 05:00:00",10.830082238825,0.911735939596914
"2021-06-19 06:00:00",11.5287892155925,0.509532366558243
"2021-06-19 07:00:00",11.8297667283159,0.132785089120182
"2021-06-19 08:00:00",11.9895874583663,0.155005821606205
"2021-06-19 09:00:00",12.3615650308406,0.483497094976396
"2021-06-19 10:00:00",13.1276446109514,0.902132049686328
"2021-06-19 11:00:00",13.739432883667,0.372241016772115
"2021-06-19 12:00:00",14.3438724622255,0.712808848370084
"2021-06-19 13:00:00",14.3324477379417,-0.512179497393211
"2021-06-19 14:00:00",13.0717623781604,-1.71824260147807
"2021-06-19 15:00:00",12.3732397601432,-0.00237166190382276
"2021-06-19 16:00:00",12.5125635163005,0.211221092546686
"2021-06-19 17:00:00",12.8508875994765,0.390857399505065
"2021-06-19 18:00:00",13.3343034927282,0.505589301937832
"2021-06-19 19:00:00",12.7288861685604,-1.33448936652587
"2021-06-19 20:00:00",11.5055726339748,-1.10746888109275
"2021-06-19 21:00:00",10.9168270922292,-0.22978505115508
"2021-06-19 22:00:00",10.5245935328571,-0.495959422713167
"2021-06-19 23:00:00",10.4927142845971,0.265455238827854
"2021-06-20 00:00:00",10.1875076024894,-0.684659169911159
"2021-06-20 01:00:00",9.73394161162862,-0.291080890347502
"2021-06-20 02:00:00",9.62930467148984,0.0120860901220302
"2021-06-20 03:00:00",9.42316269693061,-0.354237436750191
"2021-06-20 04:00:00",9.83467076757073,0.890299197412229
"2021-06-20 05:00:00",10.9477118575657,1.19596926283522
"2021-06-20 06:00:00",12.1551898779092,1.14366464235957
"2021-06-20 07:00:00",12.9398994066414,0.492458149179078
"2021-06-20 08:00:00",13.6133677421913,0.745462672023698
"2021-06-20 09:00:00",12.6456524956568,-2.08137146513416
"2021-06-20 10:00:00",11.6277605731283,-0.276843112902975
"2021-06-20 11:00:00",11.2155933521349,-0.497779327707674
"2021-06-20 12:00:00",10.9838502386734,-0.0578287174602683
"2021-06-20 13:00:00",11.4206680225742,0.731665499770552
"2021-06-20 14:00:00",11.8500070608589,0.192672934034906
"2021-06-20 15:00:00",11.2396664242363,-1.13194083697523
"2021-06-20 16:00:00",10.8131549858621,0.0495510388066968
"2021-06-20 17:00:00",11.0696236573915,0.368290416437964
"2021-06-20 18:00:00",11.5406773332591,0.502912920217243
"2021-06-20 19:00:00",11.2666613464656,-0.793810035691065
"2021-06-20 20:00:00",10.8138040691104,-0.21855796625837
"2021-06-20 21:00:00",10.8698299804138,0.222481797984519
"2021-06-20 22:00:00",10.6706359205964,-0.484847786455165
"2021-06-20 23:00:00",10.1773655718907,-0.489195540338079
"2021-06-21 00:00:00",9.99555362148747,0.0186320556136864
"2021-06-21 01:00:00",9.82770563237139,-0.297070114964089
"2021-06-21 02:00:00",9.52036301375168,-0.312250053592178
"2021-06-21 03:00:00",9.15219759811443,-0.400214607730071
"2021-06-21 04:00:00",8.60598380397873,-0.62938269271173
"2021-06-21 05:00:00",7.82278767556692,-0.859609341504792
"2021-06-21 06:00:00",7.23203741423793,-0.393522242997111
"2021-06-21 07:00:00",7.44521228197355,0.598183663938913
"2021-06-21 08:00:00",8.00210727473246,0.493312517204484
"2021-06-21 09:00:00",8.34122307308433,0.209893678769615
"2021-06-21 10:00:00",8.53535709025559,0.163654166318373
"2021-06-21 11:00:00",8.97724163300119,0.595371630270892
"2021-06-21 12:00:00",8.55811253948446,-1.08710276166655
"2021-06-21 13:00:00",8.57976215010709,0.748748637037402
"2021-06-21 14:00:00",8.98372316012102,0.143854667294658
"2021-06-21 15:00:00",8.24794978197581,-1.29879506708773
"2021-06-21 16:00:00",7.66994283146402,-0.0806514187595831
"2021-06-21 17:00:00",7.8596995943213,0.351125261114362
"2021-06-21 18:00:00",8.28706115176682,0.447748974342169
"2021-06-21 19:00:00",8.58452640671668,0.172463774286251
"2021-06-21 20:00:00",8.24664884811455,-0.673105619426766
"2021-06-21 21:00:00",7.77358085535878,-0.327858538983712
"2021-06-21 22:00:00",7.46470204495784,-0.291565151900483
"2021-06-21 23:00:00",7.00042600806948,-0.566971563515688
"2021-06-22 00:00:00",6.6453792158248,-0.205915123678275
"2021-06-22 01:00:00",6.46451686977586,-0.164129521028972
"2021-06-22 02:00:00",6.22288073043247,-0.290154098713031
"2021-06-22 03:00:00",6.29875614062791,0.30826662858719
"2021-06-22 04:00:00",6.20622155419098,-0.36345024365459
"2021-06-22 05:00:00",5.42148238255279,-1.03630071656366
"2021-06-22 06:00:00",3.93987729130339,-1.71505083117719
"2021-06-22 07:00:00",1.85434418092326,-2.2384908356783
"2021-06-22 08:00:00",-0.37948996991498,-2.12696888360095
"2021-06-22 09:00:00",-2.18955568722502,-1.51229834386224
"2021-06-22 10:00:00",-3.49536470317974,-1.10327913485936
"2021-06-22 11:00:00",-4.3258536079537,-0.604663416026432
"2021-06-22 12:00:00",-5.75050941499028,-1.89803515241785
"2021-06-22 13:00:00",-6.20622490852777,0.534880074313442
"2021-06-22 14:00:00",-5.81427127723591,0.286042877016696
"2021-06-22 15:00:00",-5.31600973140258,0.623553442174938
"2021-06-22 16:00:00",-4.06938256855308,1.60961388452494
"2021-06-22 17:00:00",-2.57131286968768,1.35776464541278
"2021-06-22 18:00:00",-1.37774119188001,1.03070717407949
"2021-06-22 19:00:00",-0.325565153327753,1.01826499508988
"2021-06-22 20:00:00",0.824053861114286,1.18297724505349
"2021-06-22 21:00:00",1.77742869359321,0.753943514414878
"2021-06-22 22:00:00",1.87408788221134,-0.348406521342749
"2021-06-22 23:00:00",1.5796992377227,-0.246803117885981
"2021-06-23 00:00:00",0.682194359906689,-1.2906854540038
"2021-06-23 01:00:00",-0.711006936089302,-1.39621907753448
"2021-06-23 02:00:00",-1.20443424570146,0.132787240325291
"2021-06-23 03:00:00",-0.75256929968862,0.644659516251456
"2021-06-23 04:00:00",0.0216188174100463,0.824719893230828
"2021-06-23 05:00:00",0.563412811200631,0.327406356838924
"2021-06-23 06:00:00",0.630075705103113,-0.111056931036148
"2021-06-23 07:00:00",0.213604160954089,-0.601099295828459
"2021-06-23 08:00:00",-0.433884934843696,-0.647922089874437
"2021-06-23 09:00:00",-1.00309262483633,-0.489124825000318
"2021-06-23 10:00:00",-2.23007856756639,-1.65928687207466
"2021-06-23 11:00:00",-3.73836491696534,-1.33307456921928
"2021-06-23 12:00:00",-4.95913263135448,-1.08307040606033
"2021-06-23 13:00:00",-6.07404087957736,-1.0767630773526
"2021-06-23 14:00:00",-7.15553922903873,-1.02543605509779
"2021-06-23 15:00:00",-6.81308755843388,1.24730891348379
"2021-06-23 16:00:00",-5.92251777488167,0.61920772994997
"2021-06-23 17:00:00",-4.98801005985058,1.10792867519444
"2021-06-23 18:00:00",-3.68742468740705,1.37364554579892
"2021-06-23 19:00:00",-2.66554021054813,0.743573369072979
"2021-06-23 20:00:00",-2.25576398731676,0.171211056540794
"2021-06-23 21:00:00",-2.01058743196991,0.285742189362458
"2021-06-23 22:00:00",-2.08303200865269,-0.305198362059744
"2021-06-23 23:00:00",-2.25701551537753,-0.0755566453778972
"2021-06-24 00:00:00",-2.00181020607878,0.466490738312488
"2021-06-24 01:00:00",-1.81527857470041,-0.00638895640624113
"2021-06-24 02:00:00",-1.34617334723664,0.76614357069725
"2021-06-24 03:00:00",-0.476975726616291,0.898330119653225
"2021-06-24 04:00:00",0.0906367898224682,0.320779889580302
"2021-06-24 05:00:00",0.280161165195827,0.0928993082870767
"2021-06-24 06:00:00",0.0957794671277838,-0.36083189102933
"2021-06-24 07:00:00",-0.412632707659489,-0.582761368113374
"2021-06-24 08:00:00",-1.05127677769644,-0.645018902233246
"2021-06-24 09:00:00",-2.05318046200262,-1.1908583592103
"2021-06-24 10:00:00",-2.8637760580955,-0.515926673170245
"2021-06-24 11:00:00",-3.33226894599684,-0.410918168874398
"2021-06-24 12:00:00",-5.05865732163637,-2.51702287019187
"2021-06-24 13:00:00",-6.75689614307072,-1.06517423854644
"2021-06-24 14:00:00",-6.56369942690151,1.03162282279202
"2021-06-24 15:00:00",-5.79197051279498,0.570255130809036
"2021-06-24 16:00:00",-5.54029523398554,0.0347963628614783
"2021-06-24 17:00:00",-5.03210299368298,0.806774386764616
"2021-06-24 18:00:00",-4.25020751402059,0.734638997464399
"2021-06-24 19:00:00",-3.5825900796362,0.59668919544676
"2021-06-24 20:00:00",-2.94700351756969,0.635931546385344
"2021-06-24 21:00:00",-2.53674325003643,0.244117484119221
"2021-06-24 22:00:00",-2.29656477694989,0.229408219785275
"2021-06-24 23:00:00",-1.86915500782821,0.542057675692582
"2021-06-25 00:00:00",-0.903865738417738,1.20397755325779
"2021-06-25 01:00:00",-0.247357192081605,0.261503233651401
"2021-06-25 02:00:00",0.356728125898774,0.804082509442093
"2021-06-25 03:00:00",0.0775290490270654,-0.988566906233126
"2021-06-25 04:00:00",0.535743165199646,1.40084454347285
"2021-06-25 05:00:00",1.33289309286826,0.35612324778603
"2021-06-25 06:00:00",1.08048064275528,-0.647819137840286
"2021-06-25 07:00:00",0.195218880342242,-1.00287940134754
"2021-06-25 08:00:00",-0.553270150575436,-0.543582159080518
"2021-06-25 09:00:00",-0.936666319675757,-0.257675633957414
"2021-06-25 10:00:00",-1.11265805425992,-0.111966724292324
"2021-06-25 11:00:00",-1.11077800078992,0.0791210492411729
"2021-06-25 12:00:00",-2.85737173882075,-2.87928799168866
"2021-06-25 13:00:00",-3.13296460111019,1.4769525300809
"2021-06-25 14:00:00",-2.19943308217063,0.530933277966932
"2021-06-25 15:00:00",-1.77626815029654,0.334046237078563
"2021-06-25 16:00:00",-1.34084774717814,0.484600031350065
"2021-06-25 17:00:00",-0.573054077077993,0.92182898553371
"2021-06-25 18:00:00",0.167131437144054,0.584657209576748
"2021-06-25 19:00:00",0.426600940789347,0.0301361768502351
"2021-06-25 20:00:00",0.478918639600247,0.0640693105176455
"2021-06-25 21:00:00",0.804035641513715,0.483079369798842
"2021-06-25 22:00:00",1.19827751684201,0.31524768319526
"2021-06-25 23:00:00",1.40303794716023,0.119829328095108
"2021-06-26 00:00:00",1.49091255995825,0.06058813580281
"2021-06-26 01:00:00",1.37610852179617,-0.228195946170686
"2021-06-26 02:00:00",1.00163221290318,-0.455973275554469
"2021-06-26 03:00:00",0.225827724059957,-0.953446660313395
"2021-06-26 04:00:00",0.535028837545556,1.13596802263962
"2021-06-26 05:00:00",1.56707488530908,0.913034302098086
"2021-06-26 06:00:00",1.82739663042331,-0.189202248997918
"2021-06-26 07:00:00",1.37244332375471,-0.612853369116583
"2021-06-26 08:00:00",0.519339573285877,-0.974497545500115
"2021-06-26 09:00:00",-0.279429689421992,-0.644331272041888
"2021-06-26 10:00:00",-0.715182865083186,-0.275636680132359
"2021-06-26 11:00:00",-0.594312048837569,0.380382555127236
"2021-06-26 12:00:00",0.314283431485773,1.21832143030083
"2021-06-26 13:00:00",1.19023901768807,0.605685719149399
"2021-06-26 14:00:00",1.59009722709414,0.242107448081877
"2021-06-26 15:00:00",0.535497802881504,-1.87099115944011
"2021-06-26 16:00:00",-0.398764051421594,-0.266080728524584
"2021-06-26 17:00:00",-0.00685031334026431,0.812459654547443
"2021-06-26 18:00:00",0.510944242216098,0.296758040990682
"2021-06-26 19:00:00",0.525200388890559,-0.175411108175563
"2021-06-26 20:00:00",-0.294032924919676,-1.21018818981004
"2021-06-26 21:00:00",-0.540815034308246,0.407583566598301
"2021-06-26 22:00:00",-0.585695716599554,-0.343688820909085
"2021-06-26 23:00:00",-1.04516483292351,-0.514066272645705
"2021-06-27 00:00:00",-1.04164274024037,0.349754595091102
"2021-06-27 01:00:00",-1.04589165782513,-0.23870310634085
"2021-06-27 02:00:00",-1.29285435959938,-0.239385765328006
"2021-06-27 03:00:00",-1.62713860675649,-0.379997892804016
"2021-06-27 04:00:00",-0.730947122332506,1.70648029575324
"2021-06-27 05:00:00",0.953701664671713,1.59098316171507
"2021-06-27 06:00:00",2.1209651611445,0.828091949602942
"2021-06-27 07:00:00",2.37590674524147,-0.141999924787338
"2021-06-27 08:00:00",2.12629654286692,-0.312549440991021
"2021-06-27 09:00:00",1.92667561618918,-0.117590601923133
"2021-06-27 10:00:00",1.95592350388316,0.123266012071005
"2021-06-27 11:00:00",2.21114811458473,0.328547018176334
"2021-06-27 12:00:00",2.49475850463056,0.237326885281465
"2021-06-27 13:00:00",2.48095692977236,-0.183776610145691
"2021-06-27 14:00:00",2.05316239583502,-0.573338827856867
"2021-06-27 15:00:00",1.69274970234821,-0.203983454276917
"2021-06-27 16:00:00",1.69336725480239,0.134805301424532
"2021-06-27 17:00:00",2.21935748647767,0.759598991719181
"2021-06-27 18:00:00",2.94414422156449,0.664277702279177
"2021-06-27 19:00:00",2.77484547043188,-0.720755832925466
"2021-06-27 20:00:00",1.84935890644578,-1.02156853711907
"2021-06-27 21:00:00",1.56355027074434,0.215888037403646
"2021-06-27 22:00:00",1.62350983459936,-0.0488550179756949
"2021-06-27 23:00:00",1.54609602262602,-0.094866079131007
"2021-06-28 00:00:00",1.82729620310847,0.516552036168615
"2021-06-28 01:00:00",1.80762967059156,-0.378559638141674
"2021-06-28 02:00:00",1.95922727413812,0.495496663487097
"2021-06-28 03:00:00",2.39473725604375,0.372299730971402
"2021-06-28 04:00:00",3.06848243927769,0.83960363364947
"2021-06-28 05:00:00",4.18774938753153,1.24856512610946
"2021-06-28 06:00:00",5.45253098691876,1.2100944744792
"2021-06-28 07:00:00",6.401189915567,0.722265741863094
"2021-06-28 08:00:00",7.12015250227577,0.674347335055005
"2021-06-28 09:00:00",7.31649421882171,-0.140828336637158
"2021-06-28 10:00:00",7.06941178482367,-0.315604105193045
"2021-06-28 11:00:00",6.84035977216659,-0.169576802224852
"2021-06-28 12:00:00",6.37647262386315,-0.646861566461378
"2021-06-28 13:00:00",6.18964485026506,0.120517476255209
"2021-06-28 14:00:00",6.58411367666264,0.550379116918091
"2021-06-28 15:00:00",6.92197313839813,0.171642962795825
"2021-06-28 16:00:00",7.41305132929575,0.67177606400929
"2021-06-28 17:00:00",8.14258431135285,0.723817578898792
"2021-06-28 18:00:00",8.31650494401521,-0.211428227548691
"2021-06-28 19:00:00",7.67627338850451,-0.906388826731133
"2021-06-28 20:00:00",7.09250364785083,-0.350845236639361
"2021-06-28 21:00:00",7.21033600518604,0.415540115758646
"2021-06-28 22:00:00",7.20512167894927,-0.294755970307413
"2021-06-28 23:00:00",6.27238357098659,-1.32301371378349
"2021-06-29 00:00:00",6.10774051892359,0.607332162582928
"2021-06-29 01:00:00",6.53579384626173,0.280324898137465
"2021-06-29 02:00:00",6.88551929144069,0.370950970282968
"2021-06-29 03:00:00",6.72669909602466,-0.513320616703862
"2021-06-29 04:00:00",7.12618656932501,0.980364526207587
"2021-06-29 05:00:00",7.91753064391359,0.618545636349378
"2021-06-29 06:00:00",7.86781224558253,-0.503060130233382
"2021-06-29 07:00:00",7.72708893052754,0.0973791297582264
"2021-06-29 08:00:00",8.06759892759283,0.476456591624449
"2021-06-29 09:00:00",8.63291460893021,0.58729476204662
"2021-06-29 10:00:00",8.45057696776744,-0.697877002118202
"2021-06-29 11:00:00",7.33016560605401,-1.35974432024207
"2021-06-29 12:00:00",3.40085001391148,-5.46506120660532
"2021-06-29 13:00:00",0.535465221215835,-1.00051756808613
"2021-06-29 14:00:00",1.33572339190622,1.96203727660152
"2021-06-29 15:00:00",2.41208854849989,0.433057673564515
"2021-06-29 16:00:00",3.03229630221948,0.712392283355822
"2021-06-29 17:00:00",3.4125916327192,0.136922312378022
"2021-06-29 18:00:00",4.12419346794785,1.05650272588209
"2021-06-29 19:00:00",4.41581421287055,-0.237464000847069
"2021-06-29 20:00:00",4.23097905234879,-0.14665681123844
"2021-06-29 21:00:00",4.14856560928357,-0.0411210425512413
"2021-06-29 22:00:00",4.01332976608025,-0.196897485866574
"2021-06-29 23:00:00",3.69568359943661,-0.388221143488939
"2021-06-30 00:00:00",4.03126941026157,0.797406556630557
"2021-06-30 01:00:00",4.42013126066996,0.0928301772992302
"2021-06-30 02:00:00",4.70859855894344,0.39948629755637
"2021-06-30 03:00:00",4.99730767013075,0.195072151468312
"2021-06-30 04:00:00",5.11686059087356,0.0570870314401577
"2021-06-30 05:00:00",4.61159805059479,-0.862739728188369
"2021-06-30 06:00:00",3.3528703162009,-1.46884382662295
"2021-06-30 07:00:00",1.2926008327389,-2.36096439970302
"2021-06-30 08:00:00",-1.10113676225679,-2.30350279029168
"2021-06-30 09:00:00",-3.33221112471155,-2.07535142074319
"2021-06-30 10:00:00",-5.05175399986419,-1.39633574442301
"2021-06-30 11:00:00",-6.22614578601909,-0.964115638384916
"2021-06-30 12:00:00",-6.79092549712121,-0.263699308326948
"2021-06-30 13:00:00",-7.38998102139189,-0.785405063732514
"2021-06-30 14:00:00",-8.08632464658048,-0.594357838011139
"2021-06-30 15:00:00",-8.35901825936876,-0.034876194346388
"2021-06-30 16:00:00",-8.07723970777537,0.490259604601806
"2021-06-30 17:00:00",-7.44596514591388,0.705693478130822
"2021-06-30 18:00:00",-6.32176264488365,1.35937725621765
"2021-06-30 19:00:00",-4.78268892459677,1.5938797390755
"2021-06-30 20:00:00",-3.22151537321667,1.47134678340363
"2021-06-30 21:00:00",-1.96397948516072,1.0593916351642
"2021-06-30 22:00:00",-1.08399112481084,0.721102493819742
"2021-06-30 23:00:00",-0.376877829068188,0.665582578339628
"2021-07-01 00:00:00",-0.0162148819159276,0.140733802273038
"2021-07-01 01:00:00",0.509703229157482,0.757732911689816
"2021-07-01 02:00:00",1.12937181574107,0.497524205366941
"2021-07-01 03:00:00",1.43251298324179,0.157694289950542
"2021-07-01 04:00:00",1.23203415691181,-0.431576170977648
"2021-07-01 05:00:00",0.214521058262573,-1.36136713690449
"2021-07-01 06:00:00",-1.69493347082173,-2.18438032396497
"2021-07-01 07:00:00",-4.18097225002692,-2.56682196651672
"2021-07-01 08:00:00",-6.67907838505315,-2.32820037489485
"2021-07-01 09:00:00",-8.72395065758619,-1.75021241773825
"2021-07-01 10:00:00",-10.015562077615,-0.91326440232358
"2021-07-01 11:00:00",-10.1820202315094,0.35222025337009
"2021-07-01 12:00:00",-10.9233777354728,-1.4220476746097
"2021-07-01 13:00:00",-10.9010502054123,0.998242876986578
"2021-07-01 14:00:00",-10.4045812626599,0.15241380419161
"2021-07-01 15:00:00",-9.93648254423606,0.66971531690819
"2021-07-01 16:00:00",-8.96881638257496,1.13311793331772
"2021-07-01 17:00:00",-7.78327598019053,1.1757091839587
"2021-07-01 18:00:00",-6.39206184901095,1.47880156073579
"2021-07-01 19:00:00",-5.02865344555081,1.22992942493389
"2021-07-01 20:00:00",-3.85156728142102,1.09240344233954
"2021-07-01 21:00:00",-2.81838537555734,0.949568521947179
"2021-07-01 22:00:00",-2.19452333190787,0.380714299145721
"2021-07-01 23:00:00",-1.65839010011435,0.617095248073861
"2021-07-02 00:00:00",-1.05553867269488,0.566845589487987
"2021-07-02 01:00:00",-0.250129734848398,0.927536128119521
"2021-07-02 02:00:00",0.587642270026774,0.738442196918051
"2021-07-02 03:00:00",1.27829380185804,0.62521507707682
"2021-07-02 04:00:00",1.54590928310448,0.0148556626449291
"2021-07-02 05:00:00",1.32036380036687,-0.377084478412113
"2021-07-02 06:00:00",0.806433298376444,-0.582439409556655
"2021-07-02 07:00:00",0.0589198524690504,-0.823078750460501
"2021-07-02 08:00:00",-0.929752977969857,-1.05216184336479
"2021-07-02 09:00:00",-1.66569359790028,-0.488960535064824
"2021-07-02 10:00:00",-1.95592324302384,-0.141806693869719
"2021-07-02 11:00:00",-1.86636596634947,0.242062005352178
"2021-07-02 12:00:00",-2.09150922943318,-0.523504520747907
"2021-07-02 13:00:00",-2.38277878132838,-0.11991280587479
"2021-07-02 14:00:00",-2.8086334323931,-0.606505654466092
"2021-07-02 15:00:00",-3.11713389681647,-0.091554760729383
"2021-07-02 16:00:00",-3.19532407352311,-0.0615483325822878
"2021-07-02 17:00:00",-2.97343325997396,0.40442042077936
"2021-07-02 18:00:00",-2.40186015198041,0.659677114841686
"2021-07-02 19:00:00",-2.08293738523249,0.0796970645341841
"2021-07-02 20:00:00",-2.01612290581386,0.0577353175063559
"2021-07-02 21:00:00",-1.50121447662555,0.797815199266489
"2021-07-02 22:00:00",-1.12030188349502,0.0868159592189962
"2021-07-02 23:00:00",-1.03150227827388,0.0873459294940415
"2021-07-03 00:00:00",-0.626909754931363,0.598189888758038
"2021-07-03 01:00:00",-0.239773339657747,0.228847838515774
"2021-07-03 02:00:00",-0.018865362839377,0.205426391013152
"2021-07-03 03:00:00",0.171227250703373,0.170861499110064
"2021-07-03 04:00:00",0.378488302760529,0.22145745567128
"2021-07-03 05:00:00",0.490625890634947,0.0334424839615715
"2021-07-03 06:00:00",0.216607504948539,-0.466599873422717
"2021-07-03 07:00:00",-0.471790946242818,-0.803828536801762
"2021-07-03 08:00:00",-1.41663792521642,-0.993351215084558
"2021-07-03 09:00:00",-2.5567160087453,-1.18189309049567
"2021-07-03 10:00:00",-3.26057486969661,-0.348433269980767
"2021-07-03 11:00:00",-3.37476203761572,0.0516019227323477
"2021-07-03 12:00:00",-2.79389146807075,0.910456474893444
"2021-07-03 13:00:00",-2.23320596178597,0.304465585239121
"2021-07-03 14:00:00",-2.04484827596321,0.104880791820178
"2021-07-03 15:00:00",-2.0295289294712,-0.0424802569581762
"2021-07-03 16:00:00",-1.84897140133083,0.323282134896632
"2021-07-03 17:00:00",-1.30130895222087,0.673604804614355
"2021-07-03 18:00:00",-0.829688822716433,0.316231732164564
"2021-07-03 19:00:00",-1.25148894079272,-0.892700227395954
"2021-07-03 20:00:00",-1.6728008672428,-0.0854252382555367
"2021-07-03 21:00:00",-1.63122452515424,0.126422513416342
"2021-07-03 22:00:00",-1.62041838084381,-0.0646816438901259
"2021-07-03 23:00:00",-1.97510303193219,-0.52907426913008
"2021-07-04 00:00:00",-1.6125254333074,0.942317779735583
"2021-07-04 01:00:00",-1.15393647470346,0.1163945719221
"2021-07-04 02:00:00",-0.656078995595056,0.729990873555497
"2021-07-04 03:00:00",0.0300205603625754,0.625081583012672
"2021-07-04 04:00:00",0.431770484859331,0.233735087360758
"2021-07-04 05:00:00",0.951825570296123,0.685662795343305
"2021-07-04 06:00:00",1.74031786948441,0.818348976965131
"2021-07-04 07:00:00",2.19781027058857,0.192943107812684
"2021-07-04 08:00:00",1.88750187307379,-0.633890160762973
"2021-07-04 09:00:00",1.16287246160587,-0.753119525144819
"2021-07-04 10:00:00",0.641922106852644,-0.342916771591663
"2021-07-04 11:00:00",0.498912188089327,-0.00377237582950399
"2021-07-04 12:00:00",0.486757218729505,-0.0178085702872975
"2021-07-04 13:00:00",-0.149123175344518,-1.01833191433245
"2021-07-04 14:00:00",-0.387047358820842,0.293837002832488
"2021-07-04 15:00:00",-0.308966035794711,-0.0689649912416507
"2021-07-04 16:00:00",-0.0741153499806657,0.426629224074026
"2021-07-04 17:00:00",0.291390772429615,0.307484965760731
"2021-07-04 18:00:00",0.44512671817313,0.0435574141641835
"2021-07-04 19:00:00",0.419322979736989,-0.0713911361730444
"2021-07-04 20:00:00",0.407776733239423,0.0283580043976546
"2021-07-04 21:00:00",1.00645707848283,0.949914445036075
"2021-07-04 22:00:00",1.69672221262227,0.483070649019247
"2021-07-04 23:00:00",1.91753350936374,0.0332954854153031
"2021-07-05 00:00:00",2.59619318989935,1.0741748045713
"2021-07-05 01:00:00",3.68954812598512,1.0508405071654
"2021-07-05 02:00:00",4.32285754870692,0.320111281152943
"2021-07-05 03:00:00",4.50538215763456,0.0765578443594782
"2021-07-05 04:00:00",4.03415561144846,-0.819823197630314
"2021-07-05 05:00:00",3.52894268397222,-0.276667295944585
"2021-07-05 06:00:00",3.10418380518445,-0.507848042439417
"2021-07-05 07:00:00",1.7318884198546,-1.88737331158188
"2021-07-05 08:00:00",-0.0190175162276615,-1.57895900344765
"2021-07-05 09:00:00",-1.5171041254208,-1.37295997277547
"2021-07-05 10:00:00",-3.08339325484168,-1.61878906789119
"2021-07-05 11:00:00",-4.30004866312802,-0.886782905275052
"2021-07-05 12:00:00",-4.28801664113487,0.616201110661772
"2021-07-05 13:00:00",-4.07325415710595,-0.0575385970216836
"2021-07-05 14:00:00",-3.53012244673422,0.923011318055471
"2021-07-05 15:00:00",-2.7034538435277,0.727707352518417
"2021-07-05 16:00:00",-2.404488296242,0.00241951880726493
"2021-07-05 17:00:00",-2.18637119997721,0.354646678483505
"2021-07-05 18:00:00",-1.44437851853309,0.967777316416739
"2021-07-05 19:00:00",-1.51131027095047,-0.751684359684255
"2021-07-05 20:00:00",-0.464135856626615,2.19857973013533
"2021-07-05 21:00:00",-0.550249175957669,-1.60452612922826
"2021-07-05 22:00:00",-0.305272399821682,1.46702577224069
"2021-07-05 23:00:00",0.406812102898481,0.175354408767012
"2021-07-06 00:00:00",-0.112756836621064,-0.958677971682155
"2021-07-06 01:00:00",-0.43875287555562,0.111421203826309
"2021-07-06 02:00:00",0.0896606263649058,0.781859171392415
"2021-07-06 03:00:00",0.835461029930991,0.686206139432491
"2021-07-06 04:00:00",1.60325155847879,0.784617717688418
"2021-07-06 05:00:00",2.36879670669296,0.714386160558849
"2021-07-06 06:00:00",2.84201209561255,0.286898281117256
"2021-07-06 07:00:00",2.9707529518497,0.0135244688343949
"2021-07-06 08:00:00",2.97415714624034,-0.0073324055978817
"2021-07-06 09:00:00",3.03223899783291,0.0950981207253174
"2021-07-06 10:00:00",3.33760284028773,0.427120596333561
"2021-07-06 11:00:00",3.58151314568536,0.105880895453695
"2021-07-06 12:00:00",4.22753166752347,0.970790676296923
"2021-07-06 13:00:00",4.99136311952594,0.584116610443816
"2021-07-06 14:00:00",4.89247410368445,-0.555951106416476
"2021-07-06 15:00:00",3.88173435983853,-1.2722017595679
"2021-07-06 16:00:00",1.91408004001167,-2.34278183720714
"2021-07-06 17:00:00",0.89243569808213,-0.0948194984796008
"2021-07-06 18:00:00",1.30859604230608,0.735882151290536
"2021-07-06 19:00:00",1.59164006742566,-0.0339792751841195
"2021-07-06 20:00:00",1.79537686395548,0.350479075677862
"2021-07-06 21:00:00",2.41933571088328,0.774311973168035
"2021-07-06 22:00:00",2.95387585630087,0.34617641375124
"2021-07-06 23:00:00",3.17260964665046,0.119573037459706
"2021-07-07 00:00:00",3.39358127008837,0.273980897136655
"2021-07-07 01:00:00",3.78554078593247,0.447611979965056
"2021-07-07 02:00:00",3.91598787943992,-0.0920693819550686
"2021-07-07 03:00:00",3.89210610519733,0.0176645838057694
"2021-07-07 04:00:00",3.79315223988537,-0.177011310256465
"2021-07-07 05:00:00",3.01165680755228,-1.15222971117689
"2021-07-07 06:00:00",1.58496800152948,-1.54574391459537
"2021-07-07 07:00:00",-0.236705584170966,-1.92110121403473
"2021-07-07 08:00:00",-2.43630565393159,-2.28043423462135
"2021-07-07 09:00:00",-4.51853304845307,-1.84800621536422
"2021-07-07 10:00:00",-5.92263286368188,-1.03562273683392
"2021-07-07 11:00:00",-6.41413716766302,-0.0977769687241837
"2021-07-07 12:00:00",-7.07497333123387,-0.996534873467474
"2021-07-07 13:00:00",-6.5979474750887,1.44583188131979
"2021-07-07 14:00:00",-5.50090724714915,0.820887831061591
"2021-07-07 15:00:00",-4.8241253774087,0.555641059148427
"2021-07-07 16:00:00",-3.84403530441078,1.22269439382372
"2021-07-07 17:00:00",-2.78413249422784,0.905964429893206
"2021-07-07 18:00:00",-2.03747584465344,0.608560235618237
"2021-07-07 19:00:00",-1.58826118273132,0.324265166366261
"2021-07-07 20:00:00",-1.34224434449031,0.184208232722408
"2021-07-07 21:00:00",-1.10473497608903,0.263486175654178
"2021-07-07 22:00:00",-0.99500676203315,0.00343398220855973
"2021-07-07 23:00:00",-0.883045293726317,0.180273726583441
"2021-07-08 00:00:00",-0.400011459131082,0.663054924385825
"2021-07-08 01:00:00",0.25145352469301,0.613296743176736
"2021-07-08 02:00:00",0.830182686399221,0.527859637399691
"2021-07-08 03:00:00",0.948441166725611,-0.161493676810716
"2021-07-08 04:00:00",1.16002230159315,0.449017113399154
"2021-07-08 05:00:00",1.52695284810249,0.293275990586308
"2021-07-08 06:00:00",1.39276807285124,-0.41474505064337
"2021-07-08 07:00:00",0.473021395961509,-1.21449767850593
"2021-07-08 08:00:00",-0.803591247684134,-1.25796764119548
"2021-07-08 09:00:00",-2.07221654959986,-1.21441052581128
"2021-07-08 10:00:00",-3.12463135043508,-0.891739153022181
"2021-07-08 11:00:00",-3.70975148096151,-0.348879986699622
"2021-07-08 12:00:00",-3.89376222200859,-0.0605753275339006
"2021-07-08 13:00:00",-3.68027004647614,0.391073228609442
"2021-07-08 14:00:00",-4.04313776751095,-0.843500900341976
"2021-07-08 15:00:00",-4.89859812346115,-0.817572295548663
"2021-07-08 16:00:00",-4.97277753645951,0.431244731563898
"2021-07-08 17:00:00",-4.14357410510633,1.06150943019791
"2021-07-08 18:00:00",-3.18820778849508,0.844546435768636
"2021-07-08 19:00:00",-2.25675108260934,0.949241992895282
"2021-07-08 20:00:00",-1.43354422219005,0.702974638382353
"2021-07-08 21:00:00",-0.504195269135654,1.03794780473151
"2021-07-08 22:00:00",0.259436151459265,0.545119353263042
"2021-07-08 23:00:00",0.742595331542497,0.418559374503134
"2021-07-09 00:00:00",0.844354410989472,-0.11522997693657
"2021-07-09 01:00:00",0.972710997848745,0.283557429369261
"2021-07-09 02:00:00",1.65322789724203,0.911560914109763
"2021-07-09 03:00:00",2.3309768092903,0.487540344972435
"2021-07-09 04:00:00",2.60168856542529,0.110294072799029
"2021-07-09 05:00:00",2.33409265289457,-0.510154848034494
"2021-07-09 06:00:00",1.46668566560937,-1.06736013173716
"2021-07-09 07:00:00",-0.111099520949413,-1.8449774289574
"2021-07-09 08:00:00",-1.96876608789235,-1.77770756563973
"2021-07-09 09:00:00",-3.69733118220485,-1.61112675514469
"2021-07-09 10:00:00",-4.58146784891146,-0.352706832569005
"2021-07-09 11:00:00",-5.26439588214791,-0.864715816862872
"2021-07-09 12:00:00",-6.04037068760166,-0.673157630009533
"2021-07-09 13:00:00",-6.40011726434459,-0.125930886368574
"2021-07-09 14:00:00",-6.78759804280281,-0.535184423795829
"2021-07-09 15:00:00",-6.32033192498809,1.12209746137626
"2021-07-09 16:00:00",-6.09173205937352,-0.369773691762641
"2021-07-09 17:00:00",-6.2324141294856,0.0265779959275236
"2021-07-09 18:00:00",-5.59774276852776,1.0179319688325
"2021-07-09 19:00:00",-4.31611856776483,1.40372731801777
"2021-07-09 20:00:00",-3.2353565612709,0.819660055520622
"2021-07-09 21:00:00",-2.65064040995228,0.404473261220985
"2021-07-09 22:00:00",-2.30602506512472,0.291750446061102
"2021-07-09 23:00:00",-1.88446521566076,0.491037269091733
"2021-07-10 00:00:00",-2.01500100146408,-0.536279524722055
"2021-07-10 01:00:00",-1.73192068051925,0.81845570754211
"2021-07-10 02:00:00",-0.88545797727371,0.827142099844107
"2021-07-10 03:00:00",-0.351137889525671,0.314859164344245
"2021-07-10 04:00:00",-0.300543820265295,-0.127531404471354
"2021-07-10 05:00:00",-0.68642298576663,-0.539384084305323
"2021-07-10 06:00:00",-1.56711607830759,-1.06549409223393
"2021-07-10 07:00:00",-2.87560187942858,-1.40627975114531
"2021-07-10 08:00:00",-4.04560229162764,-0.953180361005635
"2021-07-10 09:00:00",-4.32658863737363,0.185700855756651
"2021-07-10 10:00:00",-3.71061482021485,0.879122150787853
"2021-07-10 11:00:00",-2.80855665828049,0.879264835522985
"2021-07-10 12:00:00",-2.44315964673173,0.0090799181338353
"2021-07-10 13:00:00",-2.35871198654978,0.133827318235366
"2021-07-10 14:00:00",-2.04559910433359,0.420795073436576
"2021-07-10 15:00:00",-1.8311885822664,0.0692704477599346
"2021-07-10 16:00:00",-1.7269808164856,0.124906692845866
"2021-07-10 17:00:00",-1.25237954059405,0.687399687994544
"2021-07-10 18:00:00",-0.48765832754231,0.781542775048364
"2021-07-10 19:00:00",-0.593630385600794,-0.691974489492852
"2021-07-10 20:00:00",-1.26382100768887,-0.623056312284445
"2021-07-10 21:00:00",-1.60250267330754,-0.131379284461826
"2021-07-10 22:00:00",-1.69362658430857,-0.0578923215350948
"2021-07-10 23:00:00",-1.71446427830522,0.00703756695894804
"2021-07-11 00:00:00",-0.285201394461879,2.31168865914607
"2021-07-11 01:00:00",0.188096344460285,-0.774398777665639
"2021-07-11 02:00:00",0.671455022103875,1.29863819458794
"2021-07-11 03:00:00",1.60916537349926,0.651671231035405
"2021-07-11 04:00:00",1.99688251710891,0.19125309475732
"2021-07-11 05:00:00",2.17396600154895,0.156649169828067
"2021-07-11 06:00:00",2.3129832922027,0.117855527889858
"2021-07-11 07:00:00",2.43538035679576,0.116627974490486
"2021-07-11 08:00:00",2.46551528289371,-0.0320963439205154
"2021-07-11 09:00:00",2.31522844845788,-0.225114680834872
"2021-07-11 10:00:00",1.96070710636164,-0.426927757723088
"2021-07-11 11:00:00",1.57723366260436,-0.338808538078736
"2021-07-11 12:00:00",1.60234047474492,0.264487466976522
"2021-07-11 13:00:00",1.7506670881758,0.0617741996600215
"2021-07-11 14:00:00",1.43008998349901,-0.562495947789497
"2021-07-11 15:00:00",0.887992810263165,-0.5045809186649
"2021-07-11 16:00:00",1.17360649918897,0.797684743062522
"2021-07-11 17:00:00",1.38399642206629,-0.19264323444811
"2021-07-11 18:00:00",0.939164520539435,-0.593600122232148
"2021-07-11 19:00:00",1.01046926231917,0.509968596438567
"2021-07-11 20:00:00",1.70746277493053,0.787251911607411
"2021-07-11 21:00:00",2.30745758146965,0.444447250906178
"2021-07-11 22:00:00",2.6384194876979,0.236605812317015
"2021-07-11 23:00:00",2.99964712219822,0.423742283479254
"2021-07-12 00:00:00",2.56910497097021,-0.983461722773061
"2021-07-12 01:00:00",2.09463146079326,-0.115917634497281
"2021-07-12 02:00:00",2.20661429833068,0.255893430858126
"2021-07-12 03:00:00",2.5228247395613,0.338551550991831
"2021-07-12 04:00:00",2.92203332479546,0.417424887889237
"2021-07-12 05:00:00",3.31488986922081,0.354044315857735
"2021-07-12 06:00:00",3.05525887167039,-0.660675009359091
"2021-07-12 07:00:00",2.09015491674238,-1.12612902697726
"2021-07-12 08:00:00",0.765945725668139,-1.39602819565322
"2021-07-12 09:00:00",-0.834265331594639,-1.66127665657491
"2021-07-12 10:00:00",-2.70959905548111,-1.92784633840111
"2021-07-12 11:00:00",-2.94467341707612,0.908083366085558
"2021-07-12 12:00:00",-0.994912267325761,2.55534435881849
"2021-07-12 13:00:00",0.400307893767437,0.556799182416331
"2021-07-12 14:00:00",-0.83967987804602,-2.37941789815529
"2021-07-12 15:00:00",-2.02357921661277,-0.329560299873716
"2021-07-12 16:00:00",-2.38562057471259,-0.363883482740009
"2021-07-12 17:00:00",-1.85790341782049,1.10010485195449
"2021-07-12 18:00:00",-0.658114619901822,1.21162453186118
"2021-07-12 19:00:00",-0.221123557267506,-0.099340008053456
"2021-07-12 20:00:00",-0.132775842886836,0.209557459006424
"2021-07-12 21:00:00",0.141990806368496,0.305353067423498
"2021-07-12 22:00:00",0.167660406616021,-0.162185663135734
"2021-07-12 23:00:00",0.16075079231575,0.0967182950299058
"2021-07-13 00:00:00",1.43405929097835,1.99697475915432
"2021-07-13 01:00:00",2.38316348394612,0.203586885027733
"2021-07-13 02:00:00",2.42076286212847,-0.0779147208126053
"2021-07-13 03:00:00",2.56987575018196,0.290256934796761
"2021-07-13 04:00:00",3.07943853582643,0.628238587093947
"2021-07-13 05:00:00",3.64681196616567,0.495867973525447
"2021-07-13 06:00:00",3.89520317630216,0.0669068344918435
"2021-07-13 07:00:00",3.83160681611834,-0.152594302425273
"2021-07-13 08:00:00",3.46482689047748,-0.497076172026049
"2021-07-13 09:00:00",3.08441611415082,-0.289023046372309
"2021-07-13 10:00:00",2.86565075976478,-0.165506661271776
"2021-07-13 11:00:00",3.28113532965265,0.779369282667783
"2021-07-13 12:00:00",3.70071917159405,0.155564526357231
"2021-07-13 13:00:00",3.83129201840182,0.10293854048675
"2021-07-13 14:00:00",3.96944980715511,0.150134735014356
"2021-07-13 15:00:00",3.98798152605476,-0.0751977726497436
"2021-07-13 16:00:00",4.55694016958043,0.966213547679118
"2021-07-13 17:00:00",5.38455237473636,0.690013219383046
"2021-07-13 18:00:00",5.37792238867516,-0.477674394087694
"2021-07-13 19:00:00",4.80174034875925,-0.621402860458835
"2021-07-13 20:00:00",4.59445765803578,0.0724551923253162
"2021-07-13 21:00:00",5.00061380946077,0.603399018089347
"2021-07-13 22:00:00",5.61002543452746,0.578017344033643
"2021-07-13 23:00:00",5.84139906296389,-0.0179420544970272
"2021-07-14 00:00:00",5.45656653114735,-0.61866225403606
"2021-07-14 01:00:00",5.26421801160777,0.0939648008342675
"2021-07-14 02:00:00",5.24727636690182,-0.0968564170985415
"2021-07-14 03:00:00",4.92054259619069,-0.471218186954607
"2021-07-14 04:00:00",4.95081185028613,0.356809595957259
"2021-07-14 05:00:00",5.28523083572076,0.297221194341921
"2021-07-14 06:00:00",5.07078912437816,-0.552164940009651
"2021-07-14 07:00:00",4.2002569127335,-1.04794053589942
"2021-07-14 08:00:00",2.95392904878609,-1.32477157988314
"2021-07-14 09:00:00",2.32717036192596,-0.135447877470751
"2021-07-14 10:00:00",2.48566351093111,0.34392024538369
"2021-07-14 11:00:00",3.02248198862444,0.636702840384179
"2021-07-14 12:00:00",1.06788549954927,-3.59311375042727
"2021-07-14 13:00:00",-1.04449673950722,-1.02624161769393
"2021-07-14 14:00:00",-1.67184965316684,-0.330274266714782
"2021-07-14 15:00:00",-1.42717544321317,0.618494289656154
"2021-07-14 16:00:00",-0.679776035447715,0.799657812556501
"2021-07-14 17:00:00",0.194662000090692,0.883613897534678
"2021-07-14 18:00:00",0.881077836879595,0.522083806125577
"2021-07-14 19:00:00",0.700064942990724,-0.642269837496538
"2021-07-14 20:00:00",0.577862077589953,0.229407487279825
"2021-07-14 21:00:00",0.725026746125967,0.0845992488655043
"2021-07-14 22:00:00",0.738050980570332,-0.0362448044864561
"2021-07-14 23:00:00",0.859614758905292,0.220040039254678
"2021-07-15 00:00:00",1.12526420982096,0.282324024180628
"2021-07-15 01:00:00",0.413187036806001,-1.342612654996
"2021-07-15 02:00:00",0.308786513615096,0.725488886975693
"2021-07-15 03:00:00",0.925612647360234,0.514676440920907
"2021-07-15 04:00:00",1.44880486961874,0.502814815273856
"2021-07-15 05:00:00",2.12438741492533,0.756788912321045
"2021-07-15 06:00:00",2.37566059459084,-0.100409426151727
"2021-07-15 07:00:00",1.83359849985285,-0.813795051690872
"2021-07-15 08:00:00",1.24006886394567,-0.42084712881698
"2021-07-15 09:00:00",0.799222597591272,-0.434828015374382
"2021-07-15 10:00:00",0.740808797628769,0.194270678235845
"2021-07-15 11:00:00",1.13532681356379,0.50831213803297
"2021-07-15 12:00:00",0.985552201311043,-0.582837477321194
"2021-07-15 13:00:00",0.447762769212464,-0.483472479939972
"2021-07-15 14:00:00",-0.039082321993788,-0.466535880044437
"2021-07-15 15:00:00",-0.427948281963948,-0.318557867095877
"2021-07-15 16:00:00",-0.349118514180634,0.340555890110305
"2021-07-15 17:00:00",0.394472786641236,0.977391922907083
"2021-07-15 18:00:00",1.29203446370987,0.801182543263152
"2021-07-15 19:00:00",1.28083286707272,-0.553914482055849
"2021-07-15 20:00:00",1.36683647206938,0.506871137164008
"2021-07-15 21:00:00",1.98469929842018,0.660734290637844
"2021-07-15 22:00:00",1.65097771605614,-0.983380193053722
"2021-07-15 23:00:00",1.29805334714866,0.082015702813454
"2021-07-16 00:00:00",2.49537674299737,1.88228058027368
"2021-07-16 01:00:00",3.48480093067833,0.343964325287654
"2021-07-16 02:00:00",3.22335214889316,-0.65711731589753
"2021-07-16 03:00:00",2.71524073825693,-0.388784290206373
"2021-07-16 04:00:00",3.15526536889912,0.968146032535632
"2021-07-16 05:00:00",4.2004240248654,1.04276840795238
"2021-07-16 06:00:00",4.8327156168639,0.323186270764757
"2021-07-16 07:00:00",4.90759920368882,-0.100434572756327
"2021-07-16 08:00:00",4.7749755893684,-0.154104334541117
"2021-07-16 09:00:00",4.63718141930902,-0.126526033312888
"2021-07-16 10:00:00",4.53454011823249,-0.0878164186575479
"2021-07-16 11:00:00",4.52231780629246,0.0329105147371385
"2021-07-16 12:00:00",4.53700807427974,-0.00398186890320338
"2021-07-16 13:00:00",4.45854442047623,-0.130235163852227
"2021-07-16 14:00:00",4.051756272363,-0.577568636142534
"2021-07-16 15:00:00",3.2432528004223,-0.929258935859519
"2021-07-16 16:00:00",2.2838095269116,-0.938152938773218
"2021-07-16 17:00:00",1.65272303849859,-0.39933306597762
"2021-07-16 18:00:00",1.92568020150644,0.706042629214614
"2021-07-16 19:00:00",2.69809178240443,0.77747087550061
"2021-07-16 20:00:00",3.54785009927611,0.854092411165023
"2021-07-16 21:00:00",4.40473958230841,0.813463584429459
"2021-07-16 22:00:00",4.98148690993427,0.385856567854759
"2021-07-16 23:00:00",5.18070490192912,0.0589085455673186
"2021-07-17 00:00:00",5.06527484992933,-0.232844490195679
"2021-07-17 01:00:00",5.26312705310099,0.469049575936115
"2021-07-17 02:00:00",5.76498478399264,0.493099464924546
"2021-07-17 03:00:00",6.06695162724653,0.15276924563171
"2021-07-17 04:00:00",6.2129889721897,0.126792038822571
"2021-07-17 05:00:00",6.20666800810852,-0.102767127748017
"2021-07-17 06:00:00",5.5022813245446,-1.07998548795262
"2021-07-17 07:00:00",4.47822399380217,-0.945200192749945
"2021-07-17 08:00:00",3.49140560694258,-0.973441024907051
"2021-07-17 09:00:00",2.41033090956482,-1.10595630093173
"2021-07-17 10:00:00",1.98383357457035,0.0436285863171429
"2021-07-17 11:00:00",2.30342898184977,0.485826849143786
"2021-07-17 12:00:00",2.5778104266709,0.117413607236733
"2021-07-17 13:00:00",1.69283955181898,-1.51448440391232
"2021-07-17 14:00:00",1.29510676955503,0.363474329508784
"2021-07-17 15:00:00",1.25848706071975,-0.303273281150272
"2021-07-17 16:00:00",1.41298915656887,0.450716998504051
"2021-07-17 17:00:00",2.0426735982187,0.717251081202496
"2021-07-17 18:00:00",2.20405333067035,-0.219495741507033
"2021-07-17 19:00:00",1.80876621930829,-0.496535720203151
"2021-07-17 20:00:00",1.44978008792241,-0.252559934244271
"2021-07-17 21:00:00",1.34903417271157,0.00338092014510183
"2021-07-17 22:00:00",1.21730657144831,-0.21727717432982
"2021-07-17 23:00:00",0.945400149882409,-0.296973101423403
"2021-07-18 00:00:00",1.28352401660586,0.744229018328134
"2021-07-18 01:00:00",1.76749252457984,0.285812619263644
"2021-07-18 02:00:00",1.94161871555826,0.0891178833838352
"2021-07-18 03:00:00",1.77266270972743,-0.335475636512191
"2021-07-18 04:00:00",1.60711722472633,-0.0466782634629357
"2021-07-18 05:00:00",1.84872627618498,0.42024531361635
"2021-07-18 06:00:00",2.07573532518962,0.0850174663386244
"2021-07-18 07:00:00",1.80403924235228,-0.499265054459914
"2021-07-18 08:00:00",1.24243512027537,-0.578800407916233
"2021-07-18 09:00:00",1.12713127388059,0.197566804190338
"2021-07-18 10:00:00",1.41953564018363,0.340281054558542
"2021-07-18 11:00:00",1.7871933201087,0.366608390790899
"2021-07-18 12:00:00",1.26784244867023,-1.0876041415829
"2021-07-18 13:00:00",0.548433866683483,-0.441396929335313
"2021-07-18 14:00:00",0.488973284824613,0.197278163131372
"2021-07-18 15:00:00",0.604149323516891,0.0543390344791606
"2021-07-18 16:00:00",0.770796102407322,0.232819890378874
"2021-07-18 17:00:00",0.555354575143049,-0.505033020444388
"2021-07-18 18:00:00",0.668887711240643,0.51979295118384
"2021-07-18 19:00:00",0.572494873983181,-0.503457816376646
"2021-07-18 20:00:00",0.740193211488452,0.606421575469679
"2021-07-18 21:00:00",1.13331371987834,0.231287558050288
"2021-07-18 22:00:00",1.54799238435455,0.515771687894769
"2021-07-18 23:00:00",1.50859106530907,-0.409632809099272
"2021-07-19 00:00:00",1.82295781316997,0.780142487411486
"2021-07-19 01:00:00",1.82322078399562,-0.522009466554689
"2021-07-19 02:00:00",1.19145049954483,-0.677271002177772
"2021-07-19 03:00:00",0.137711301430633,-1.25617603979378
"2021-07-19 04:00:00",-1.15561581626566,-1.256813464996
"2021-07-19 05:00:00",-1.98519077401367,-0.503844112486272
"2021-07-19 06:00:00",-2.71895563369978,-0.849616623101782
"2021-07-19 07:00:00",-3.5231178882819,-0.732142946826964
"2021-07-19 08:00:00",-4.20041819128514,-0.604014409300769
"2021-07-19 09:00:00",-5.19687622689579,-1.20531900960501
"2021-07-19 10:00:00",-6.20957718771685,-0.829471528985655
"2021-07-19 11:00:00",-6.56387180886918,-0.0126778860831167
"2021-07-19 12:00:00",-7.14227524388927,-0.919603887119727
"2021-07-19 13:00:00",-7.54578654977925,-0.0310773006111384
"2021-07-19 14:00:00",-7.40102675516967,0.264827117747237
"2021-07-19 15:00:00",-6.95301178177242,0.558385692603265
"2021-07-19 16:00:00",-6.43655275559251,0.472926207649214
"2021-07-19 17:00:00",-6.13556181049786,0.180360592672803
"2021-07-19 18:00:00",-5.55119379609523,0.833839206745577
"2021-07-19 19:00:00",-5.06273333879879,0.242153768522339
"2021-07-19 20:00:00",-5.06170028471255,-0.153236644496408
"2021-07-19 21:00:00",-5.18710820107286,-0.0943739561356855
"2021-07-19 22:00:00",-5.406740246652,-0.286015167749615
"2021-07-19 23:00:00",-5.35040516084137,0.28885482354249
"2021-07-20 00:00:00",-4.69014837377042,0.883373439721205
"2021-07-20 01:00:00",-4.3081927662884,0.0355761252593842
"2021-07-20 02:00:00",-3.429351693976,1.4047977526263
"2021-07-20 03:00:00",-2.37498896592455,0.775059737536311
"2021-07-20 04:00:00",-1.75020652186865,0.497970416192605
"2021-07-20 05:00:00",-1.39845173010584,0.239819504083236
"2021-07-20 06:00:00",-1.6890258425662,-0.628553943511798
"2021-07-20 07:00:00",-2.44486765308479,-0.802605365175971
"2021-07-20 08:00:00",-3.25413136246901,-0.772096393341918
"2021-07-20 09:00:00",-3.89889849063757,-0.525050207841451
"2021-07-20 10:00:00",-4.50361285146907,-0.624063156696649
"2021-07-20 11:00:00",-4.92143826561871,-0.254677779794798
"2021-07-20 12:00:00",-5.92027284003507,-1.44112499395214
"2021-07-20 13:00:00",-6.68301791438719,-0.266625448926748
"2021-07-20 14:00:00",-6.68714133752661,0.179682618252481
"2021-07-20 15:00:00",-6.34650950708185,0.440359906344456
"2021-07-20 16:00:00",-5.9886686957532,0.294002730783421
"2021-07-20 17:00:00",-5.24451074467607,1.01661142129937
"2021-07-20 18:00:00",-4.37799945573739,0.732028220430573
"2021-07-20 19:00:00",-3.74371251121524,0.544627758948407
"2021-07-20 20:00:00",-3.22726973973482,0.477936200678136
"2021-07-20 21:00:00",-2.97199071906647,0.0988713615709103
"2021-07-20 22:00:00",-3.32932855584059,-0.640662000594651
"2021-07-20 23:00:00",-3.81790874586666,-0.359686855951919
"2021-07-21 00:00:00",-3.41594252688729,0.895544913261952
"2021-07-21 01:00:00",-2.6615323403018,0.628874641411194
"2021-07-21 02:00:00",-1.75335200365484,1.05465447782801
"2021-07-21 03:00:00",-0.974001378455938,0.561042948102468
"2021-07-21 04:00:00",-0.454479901240795,0.468408731990186
"2021-07-21 05:00:00",-0.0472194285371395,0.347728540806562
"2021-07-21 06:00:00",-0.212330901236111,-0.499092195677487
"2021-07-21 07:00:00",-0.93199248261506,-0.832233887454008
"2021-07-21 08:00:00",-1.58546569393887,-0.502047854086009
"2021-07-21 09:00:00",-2.22640086656932,-0.701025300943037
"2021-07-21 10:00:00",-2.61784393240931,-0.16358834586401
"2021-07-21 11:00:00",-3.13840158361551,-0.73042325648725
"2021-07-21 12:00:00",-4.64122566313332,-1.94229188888621
"2021-07-21 13:00:00",-5.65283921929719,-0.337119937301714
"2021-07-21 14:00:00",-6.05693332290949,-0.422256276702785
"2021-07-21 15:00:00",-5.88202753643111,0.572500623796025
"2021-07-21 16:00:00",-5.19046782153082,0.745648182016408
"2021-07-21 17:00:00",-4.25492650561201,1.02436668998345
"2021-07-21 18:00:00",-3.12038636517527,1.15955812689801
"2021-07-21 19:00:00",-2.27571368153569,0.598635217981231
"2021-07-21 20:00:00",-1.53515200733979,0.802919171644158
"2021-07-21 21:00:00",-0.752135061695823,0.73451874758097
"2021-07-21 22:00:00",-0.491744731204054,-0.0670943189346443
"2021-07-21 23:00:00",-0.726651729107637,-0.334983935692852
"2021-07-22 00:00:00",-0.245487595915967,1.00332539477519
"2021-07-22 01:00:00",0.329059660464329,0.261714215914794
"2021-07-22 02:00:00",0.786370848510452,0.565551805826946
"2021-07-22 03:00:00",1.28824007006465,0.434553066428556
"2021-07-22 04:00:00",1.61315620268797,0.234726253099292
"2021-07-22 05:00:00",1.44008908227107,-0.438779439867918
"2021-07-22 06:00:00",0.786113829149689,-0.768215911439491
"2021-07-22 07:00:00",-0.0635023643432378,-0.864521897969072
"2021-07-22 08:00:00",-1.19687249601128,-1.25866040754461
"2021-07-22 09:00:00",-2.4483651594043,-1.18570183646288
"2021-07-22 10:00:00",-3.24908258730783,-0.50286096550507
"2021-07-22 11:00:00",-3.63939431631134,-0.292546057342751
"2021-07-22 12:00:00",-3.68777135433312,0.121388108953243
"2021-07-22 13:00:00",-3.69813182994582,-0.0929470107863779
"2021-07-22 14:00:00",-3.97713520008913,-0.385015388129513
"2021-07-22 15:00:00",-4.01464540322854,0.201063382401493
"2021-07-22 16:00:00",-3.4744909161907,0.745716861243915
"2021-07-22 17:00:00",-2.5398660041493,1.02062592169424
"2021-07-22 18:00:00",-1.74369257069178,0.611980182160009
"2021-07-22 19:00:00",-2.01119661228505,-0.838858407704093
"2021-07-22 20:00:00",-2.06056261188365,0.481890831818921
"2021-07-22 21:00:00",-1.37446498304764,0.792285505058193
"2021-07-22 22:00:00",-0.753323271764353,0.479302652896472
"2021-07-22 23:00:00",-0.348837585101765,0.336358381878324
"2021-07-23 00:00:00",-1.0681970128084,-1.38852639080327
"2021-07-23 01:00:00",-1.59228904528018,0.0784687849959503
"2021-07-23 02:00:00",-0.828158659362729,1.18697122194051
"2021-07-23 03:00:00",-0.850744379773343,-0.826802958688521
"2021-07-23 04:00:00",-0.889496985215591,0.489543176962573
"2021-07-23 05:00:00",-0.331922944482867,0.57757782487734
"2021-07-23 06:00:00",-0.206432920032233,-0.181432236682588
"2021-07-23 07:00:00",-1.05869867546748,-1.258715409108
"2021-07-23 08:00:00",-2.62003838125094,-1.68752773148792
"2021-07-23 09:00:00",-4.1851934397271,-1.40582332364635
"2021-07-23 10:00:00",-4.76267196096265,0.00757643880265291
"2021-07-23 11:00:00",-3.69659358723196,1.72721219649694
"2021-07-23 12:00:00",-1.73235311965543,2.03368061273423
"2021-07-23 13:00:00",-1.01709983632454,-0.195439479774644
"2021-07-23 14:00:00",-1.24404144184147,-0.235847917890703
"2021-07-23 15:00:00",-1.30413550441819,0.06153189053417
"2021-07-23 16:00:00",-0.932506781752101,0.562377393482679
"2021-07-23 17:00:00",-0.390720835932777,0.503514850459703
"2021-07-23 18:00:00",-0.256511293519666,-0.117863902905513
"2021-07-23 19:00:00",-0.959730101876058,-1.05970176782851
"2021-07-23 20:00:00",-1.92429042131377,-0.854061769339656
"2021-07-23 21:00:00",-2.27680192345823,0.00108044063431245
"2021-07-23 22:00:00",-2.42092841659768,-0.231146803288331
"2021-07-23 23:00:00",-2.60747976012589,-0.144837142018139
"2021-07-24 00:00:00",-2.40145309088746,0.43350165341731
"2021-07-24 01:00:00",-2.04907273742034,0.284650015463639
"2021-07-24 02:00:00",-1.38355615585724,0.890438837917097
"2021-07-24 03:00:00",-0.0196289476933494,1.61655068393695
"2021-07-24 04:00:00",0.96588490925539,0.518024061763756
"2021-07-24 05:00:00",1.8421922839062,1.07227267916023
"2021-07-24 06:00:00",2.62126475621184,0.544214109077897
"2021-07-24 07:00:00",3.03914858954364,0.310429752185599
"2021-07-24 08:00:00",3.50321560046366,0.54052171831587
"2021-07-24 09:00:00",3.92507475752085,0.318191416279556
"2021-07-24 10:00:00",3.94677246434878,-0.182050318916367
"2021-07-24 11:00:00",4.01987732804833,0.234645752308248
"2021-07-24 12:00:00",3.77182578219918,-0.563237049290504
"2021-07-24 13:00:00",3.72513139636056,0.295020095417324
"2021-07-24 14:00:00",4.04812382014279,0.321491746872113
"2021-07-24 15:00:00",4.20413368325783,0.0330605897034515
"2021-07-24 16:00:00",4.26363343511587,0.0688807435691822
"2021-07-24 17:00:00",4.25834918038727,-0.0599697459170522
"2021-07-24 18:00:00",4.2089761578747,-0.0454497756287537
"2021-07-24 19:00:00",4.30709048498694,0.183736112340106
"2021-07-24 20:00:00",5.0977271596604,1.1521095629715
"2021-07-24 21:00:00",5.88250239263351,0.496028897150583
"2021-07-24 22:00:00",6.18769483120907,0.155887568782976
"2021-07-24 23:00:00",6.09681092653348,-0.259050130202563
"2021-07-25 00:00:00",6.58157848476245,0.949745464884169
"2021-07-25 01:00:00",6.99396874400272,0.0260819999719695
"2021-07-25 02:00:00",6.99810359457321,-0.0197052180602825
"2021-07-25 03:00:00",6.9080149362056,-0.141746929120268
"2021-07-25 04:00:00",6.41686183866848,-0.709648962560134
"2021-07-25 05:00:00",5.84981655798677,-0.453300880058602
"2021-07-25 06:00:00",4.97043355441665,-1.12918328215808
"2021-07-25 07:00:00",4.28949505590771,-0.356160815352799
"2021-07-25 08:00:00",3.52275346842314,-1.00954983077026
"2021-07-25 09:00:00",3.47104971694806,0.584767027265408
"2021-07-25 10:00:00",4.22709523361157,0.829829668789975
"2021-07-25 11:00:00",4.97341039111739,0.649728325063303
"2021-07-25 12:00:00",5.43456170528075,0.307113103821754
"2021-07-25 13:00:00",4.75745002980815,-1.30807747354039
"2021-07-25 14:00:00",4.24743406438196,0.0401212444128428
"2021-07-25 15:00:00",3.43013770565197,-1.35553425538414
"2021-07-25 16:00:00",3.19537964714366,0.519148929087906
"2021-07-25 17:00:00",3.64696733075154,0.38097090618304
"2021-07-25 18:00:00",4.11485228454196,0.498893613870583
"2021-07-25 19:00:00",4.1136978446031,-0.339761694300602
"2021-07-25 20:00:00",4.03727677937629,0.097466972121655
"2021-07-25 21:00:00",4.25741747212794,0.286258428693012
"2021-07-25 22:00:00",4.52188842473947,0.23189263488359
"2021-07-25 23:00:00",4.40037750606479,-0.357162068570602
"2021-07-26 00:00:00",3.99956995601865,-0.41652823580146
"2021-07-26 01:00:00",3.69220860551681,-0.225132872293441
"2021-07-26 02:00:00",4.16873234258236,0.91688503414595
"2021-07-26 03:00:00",4.84630816856882,0.48046927367883
"2021-07-26 04:00:00",4.80076508110727,-0.400292818202014
"2021-07-26 05:00:00",4.62511581698616,-0.0237289321317275
"2021-07-26 06:00:00",4.3990682675033,-0.356142616710302
"2021-07-26 07:00:00",4.20985035399606,-0.0746137664743345
"2021-07-26 08:00:00",4.22187815071549,0.0637915140766055
"2021-07-26 09:00:00",4.37562347699959,0.200967347429302
"2021-07-26 10:00:00",4.60641434801506,0.234067440643158
"2021-07-26 11:00:00",4.95435087533786,0.401378442447769
"2021-07-26 12:00:00",4.29019306200524,-1.34932710733541
"2021-07-26 13:00:00",4.32066811583716,0.943351126863163
"2021-07-26 14:00:00",4.90616163600104,0.313535946839691
"2021-07-26 15:00:00",5.12918766150972,0.145766986421473
"2021-07-26 16:00:00",5.31306857837598,0.193942422278101
"2021-07-26 17:00:00",5.2337890820065,-0.264503448272345
"2021-07-26 18:00:00",4.5744567419852,-0.897960338870747
"2021-07-26 19:00:00",4.03672940843762,-0.27791822557658
"2021-07-26 20:00:00",4.12050296478222,0.315714755895405
"2021-07-26 21:00:00",4.54693218370896,0.474664308224157
"2021-07-26 22:00:00",4.77036586062794,0.0394728399257069
"2021-07-26 23:00:00",4.65148996342118,-0.22493810325778
"2021-07-27 00:00:00",4.24882836836236,-0.508001588881255
"2021-07-27 01:00:00",3.96088256639308,-0.133036447161634
"2021-07-27 02:00:00",4.04815969144775,0.224899027221173
"2021-07-27 03:00:00",4.37896807253716,0.380477180428252
"2021-07-27 04:00:00",4.651908954527,0.182638534214204
"2021-07-27 05:00:00",4.73819502382289,0.0119574907429512
"2021-07-27 06:00:00",4.50169461774984,-0.397003473135165
"2021-07-27 07:00:00",4.23036944462625,-0.180448722889839
"2021-07-27 08:00:00",3.95956289725415,-0.323626760954445
"2021-07-27 09:00:00",3.72090010317225,-0.175782280293011
"2021-07-27 10:00:00",3.3292197513411,-0.521792302690108
"2021-07-27 11:00:00",2.93095107572044,-0.301285530071389
"2021-07-27 12:00:00",2.34866727514008,-0.745719871923686
"2021-07-27 13:00:00",1.84752620207052,-0.31730387853529
"2021-07-27 14:00:00",1.93701760264729,0.354050379215334
"2021-07-27 15:00:00",1.98090671529612,-0.167463183301167
"2021-07-27 16:00:00",1.90711713545051,-0.0103877212796644
"2021-07-27 17:00:00",2.32331389305471,0.678346695807006
"2021-07-27 18:00:00",2.66504188176233,0.0980868056719156
"2021-07-27 19:00:00",2.08630489980936,-1.00587816210604
"2021-07-27 20:00:00",1.70052724935071,0.0432592024463928
"2021-07-27 21:00:00",2.3202866667949,0.972444533708266
"2021-07-27 22:00:00",2.89014966287715,0.271410408291771
"2021-07-27 23:00:00",3.05217977934707,0.0776873537700351
"2021-07-28 00:00:00",3.39978013117407,0.507088536769681
"2021-07-28 01:00:00",3.78470081232151,0.280804696105938
"2021-07-28 02:00:00",3.17620937470433,-1.17730732818985
"2021-07-28 03:00:00",2.33718093380023,-0.577735753696515
"2021-07-28 04:00:00",2.03120605846023,-0.11327597193113
"2021-07-28 05:00:00",2.17239674471971,0.301505562354098
"2021-07-28 06:00:00",1.61765073292601,-1.10200890860032
"2021-07-28 07:00:00",0.763925303443799,-0.649721923148861
"2021-07-28 08:00:00",-0.506928160267333,-1.62552840611684
"2021-07-28 09:00:00",-1.96442324483608,-1.27556230953351
"2021-07-28 10:00:00",-2.27420903879292,0.351306497699162
"2021-07-28 11:00:00",-1.57036985590098,0.908341549008288
"2021-07-28 12:00:00",-0.881062220260827,0.512555612007671
"2021-07-28 13:00:00",-0.919066202598684,-0.402096247357392
"2021-07-28 14:00:00",-1.03759603814373,0.0773280084878643
"2021-07-28 15:00:00",-0.864250966956962,0.230455159236927
"2021-07-28 16:00:00",-0.37235615623083,0.643924109154154
"2021-07-28 17:00:00",0.535498173736572,1.04114399736568
"2021-07-28 18:00:00",1.22117112279215,0.415423479193836
"2021-07-28 19:00:00",1.16309796713039,-0.372546237649944
"2021-07-28 20:00:00",1.15624914461311,0.235772020177329
"2021-07-28 21:00:00",1.53509350102117,0.454731923032079
"2021-07-28 22:00:00",1.77677943694715,0.0861948045200865
"2021-07-28 23:00:00",1.77754138409276,-0.0585180854547333
"2021-07-29 00:00:00",2.45558599438304,1.13456732759283
"2021-07-29 01:00:00",3.11901419882424,0.314650827839313
"2021-07-29 02:00:00",3.32671776012535,0.122517501442246
"2021-07-29 03:00:00",3.27133399609849,-0.175637595241603
"2021-07-29 04:00:00",3.10179530732324,-0.161631877117959
"2021-07-29 05:00:00",2.95598730052431,-0.132327195479753
"2021-07-29 06:00:00",2.72380268862533,-0.291530905943367
"2021-07-29 07:00:00",2.24807927708194,-0.579420148314074
"2021-07-29 08:00:00",1.18387401116355,-1.33971639401646
"2021-07-29 09:00:00",0.00555010840994052,-1.01626306847846
"2021-07-29 10:00:00",-1.14145341345049,-1.17966463194134
"2021-07-29 11:00:00",-1.87126623062606,-0.39376557090893
"2021-07-29 12:00:00",-1.93352449305852,0.164112650736288
"2021-07-29 13:00:00",-1.27685588267638,0.956320758230674
"2021-07-29 14:00:00",-1.11382397646638,-0.371920205707603
"2021-07-29 15:00:00",-1.29676384337417,-0.0468266512481688
"2021-07-29 16:00:00",-1.17699127223726,0.226816329869465
"2021-07-29 17:00:00",-1.01412543113801,0.114010288616989
"2021-07-29 18:00:00",-0.930471027291765,0.0607490836680635
"2021-07-29 19:00:00",-0.837948602192727,0.11050668926469
"2021-07-29 20:00:00",-0.842006343424667,-0.0791601384996461
"2021-07-29 21:00:00",-0.791766275609209,0.135203043198067
"2021-07-29 22:00:00",-0.846477113751522,-0.17769786091744
"2021-07-29 23:00:00",-1.24726023341069,-0.529368387552376
"2021-07-30 00:00:00",-2.10935351074172,-1.04133278698741
"2021-07-30 01:00:00",-2.93903904165309,-0.646445519334017
"2021-07-30 02:00:00",-2.78238848486239,0.688382186235136
"2021-07-30 03:00:00",-1.98994900849902,0.827738989141521
"2021-07-30 04:00:00",-1.62435899365438,0.0426875458436103
"2021-07-30 05:00:00",-1.23187860225902,0.609114404340497
"2021-07-30 06:00:00",-0.488352610084014,0.799387718265144
"2021-07-30 07:00:00",-0.013317856345834,0.23685904356583
"2021-07-30 08:00:00",-0.131709260955134,-0.349577986993372
"2021-07-30 09:00:00",-0.245549085915697,0.0488956073999508
"2021-07-30 10:00:00",-0.558889001593731,-0.539620055825907
"2021-07-30 11:00:00",-0.768198975087572,0.0215594816142709
"2021-07-30 12:00:00",-0.321422185218093,0.710009553616306
"2021-07-30 13:00:00",0.410386537184428,0.711980358960366
"2021-07-30 14:00:00",1.12185013642455,0.676781983349298
"2021-07-30 15:00:00",1.53350806054396,0.213904209045814
"2021-07-30 16:00:00",1.85210903910899,0.371281859074718
"2021-07-30 17:00:00",2.5205031069058,0.832317247960964
"2021-07-30 18:00:00",2.89427269645156,0.047067120105401
"2021-07-30 19:00:00",2.30886401081889,-0.982963395248771
"2021-07-30 20:00:00",2.12134971819269,0.348711508090018
"2021-07-30 21:00:00",2.14982191579853,-0.189103608341736
"2021-07-30 22:00:00",1.4311327769274,-1.04035879412038
"2021-07-30 23:00:00",1.19888120546278,0.315669760619766
"2021-07-31 00:00:00",1.29317283810904,-0.0593168411524201
"2021-07-31 01:00:00",1.48845830036594,0.354071244378092
"2021-07-31 02:00:00",3.14723613048358,2.44782543470157
"2021-07-31 03:00:00",4.087658772251,-0.113239353906234
"2021-07-31 04:00:00",3.05170531398274,-1.60712528903792
"2021-07-31 05:00:00",2.35730106201053,-0.0568686207176103
"2021-07-31 06:00:00",2.40729556886601,0.115822072453842
"2021-07-31 07:00:00",2.21316401134235,-0.39464084030702
"2021-07-31 08:00:00",1.68364598306066,-0.597124150209951
"2021-07-31 09:00:00",1.18163476816859,-0.416917952241172
"2021-07-31 10:00:00",0.66937473733079,-0.553000723736968
"2021-07-31 11:00:00",0.453497939349609,0.0182644585642627
"2021-07-31 12:00:00",-1.37042097576997,-2.9659333171789
"2021-07-31 13:00:00",-2.31017912245712,0.45742507960566
"2021-07-31 14:00:00",-2.02508265890945,0.159641948336667
"2021-07-31 15:00:00",-1.87127578764668,0.145217594700987
"2021-07-31 16:00:00",-1.18730886737525,1.0130367130871
"2021-07-31 17:00:00",-0.467870655893457,0.491051906649892
"2021-07-31 18:00:00",-0.136578838416751,0.209647014300082
"2021-07-31 19:00:00",-0.012632148106445,0.0611002349769499
"2021-07-31 20:00:00",0.0497272768936641,0.0602518687575398
"2021-07-31 21:00:00",0.0964791735031408,0.0354663689418634
"2021-07-31 22:00:00",0.0546856998646582,-0.0914374880011817
"2021-07-31 23:00:00",-0.172019476690424,-0.306179694120376
"2021-08-01 00:00:00",-0.157406485958507,0.227998427766603
"2021-08-01 01:00:00",-0.221394376601199,-0.255398647764838
"2021-08-01 02:00:00",-0.505669836512945,-0.289732467501762
"2021-08-01 03:00:00",-0.736930683813388,-0.180639455584817
"2021-08-01 04:00:00",-0.905521291594963,-0.15159725542464
"2021-08-01 05:00:00",-0.635254674188114,0.539828398223063
"2021-08-01 06:00:00",-0.682662687731791,-0.435820949713087
"2021-08-01 07:00:00",-1.4153611146032,-0.894916363639845
"2021-08-01 08:00:00",-1.99207974602623,-0.335361270338505
"2021-08-01 09:00:00",-2.66283124276347,-0.859900534669768
"2021-08-01 10:00:00",-3.09758643961035,-0.127239164294525
"2021-08-01 11:00:00",-3.06883077407489,0.135375545791012
"2021-08-01 12:00:00",-4.10083741491962,-1.75725349712326
"2021-08-01 13:00:00",-5.10272990842293,-0.445433398178636
"2021-08-01 14:00:00",-4.83408404491969,0.738500131170002
"2021-08-01 15:00:00",-4.02227383468203,0.828335250085278
"2021-08-01 16:00:00",-3.26379092798262,0.681055929618173
"2021-08-01 17:00:00",-2.71324630419562,0.441582738030255
"2021-08-01 18:00:00",-3.01254037536331,-0.775485052354035
"2021-08-01 19:00:00",-3.38787695523267,-0.0868577432249822
"2021-08-01 20:00:00",-3.27214183162779,0.249660695687466
"2021-08-01 21:00:00",-3.13540525825738,0.0591739318641555
"2021-08-01 22:00:00",-2.86836863876248,0.396960262271986
"2021-08-01 23:00:00",-2.65303912560242,0.0877082420010991
"2021-08-02 00:00:00",-2.54404096577917,0.121430370531328
"2021-08-02 01:00:00",-2.43062229406438,0.105966287227147
"2021-08-02 02:00:00",-2.10276927486292,0.463327730289732
"2021-08-02 03:00:00",-1.25731529694911,1.06273469145727
"2021-08-02 04:00:00",-0.735350220713662,0.13827482193938
"2021-08-02 05:00:00",-1.01673039140179,-0.54682686080723
"2021-08-02 06:00:00",-1.66905791414703,-0.690351769055014
"2021-08-02 07:00:00",-2.62378586456929,-1.083456958229
"2021-08-02 08:00:00",-3.5579778284661,-0.786910449728547
"2021-08-02 09:00:00",-4.11937152217608,-0.37978986986176
"2021-08-02 10:00:00",-4.21400749886294,0.105268649046763
"2021-08-02 11:00:00",-4.33675047457114,-0.263485336002776
"2021-08-02 12:00:00",-5.10125197774706,-1.05658969521624
"2021-08-02 13:00:00",-5.21715919254713,0.523285121370012
"2021-08-02 14:00:00",-4.59469770010281,0.665721793687025
"2021-08-02 15:00:00",-3.81696564058422,0.821367687201006
"2021-08-02 16:00:00",-3.59544657790779,-0.183981176049989
"2021-08-02 17:00:00",-3.8804826888584,-0.334227118708044
"2021-08-02 18:00:00",-3.80494387742708,0.350122295988697
"2021-08-02 19:00:00",-3.68926245085183,-0.0412039162914835
"2021-08-02 20:00:00",-3.52229233846654,0.302570106415675
"2021-08-02 21:00:00",-3.56304017718015,-0.263147476691136
"2021-08-02 22:00:00",-3.72676870745523,-0.0850787608922094
"2021-08-02 23:00:00",-3.78796939389472,-0.037571724114059
"2021-08-03 00:00:00",-3.04281417532952,1.23643622004612
"2021-08-03 01:00:00",-2.54052066390213,-0.00707439225764606
"2021-08-03 02:00:00",-2.63831806351011,-0.150357408296179
"2021-08-03 03:00:00",-3.16890040303267,-0.755448683596933
"2021-08-03 04:00:00",-3.45569981680961,0.0433401044673189
"2021-08-03 05:00:00",-2.98023871737054,0.745396285099931
"2021-08-03 06:00:00",-2.7136316943559,-0.0614090924257892
"2021-08-03 07:00:00",-3.0475749509035,-0.49626408396149
"2021-08-03 08:00:00",-3.68357462501649,-0.69500577136047
"2021-08-03 09:00:00",-4.36373205246557,-0.633191416905351
"2021-08-03 10:00:00",-5.05233355921918,-0.687195954862843
"2021-08-03 11:00:00",-4.7712928603367,0.919676427529298
"2021-08-03 12:00:00",-5.07707767644884,-1.10206619805452
"2021-08-03 13:00:00",-5.18070575613928,0.573452716490316
"2021-08-03 14:00:00",-4.76417457820088,0.298801129016807
"2021-08-03 15:00:00",-4.46826797296247,0.286054758291906
"2021-08-03 16:00:00",-4.11380839780383,0.388976114717059
"2021-08-03 17:00:00",-3.4467077574209,0.826114697314497
"2021-08-03 18:00:00",-2.86131403004359,0.401539673503775
"2021-08-03 19:00:00",-2.15740285203143,0.875726442276922
"2021-08-03 20:00:00",-1.90309052763381,-0.169261486881609
"2021-08-03 21:00:00",-1.88257838246821,0.148503350647376
"2021-08-03 22:00:00",-1.67503459223955,0.239466952483689
"2021-08-03 23:00:00",-1.30759246012426,0.437455304140589
"2021-08-04 00:00:00",-1.42701349401717,-0.483305879190504
"2021-08-04 01:00:00",-1.51982504622727,0.173762785514205
"2021-08-04 02:00:00",-1.22820792431607,0.35828633261356
"2021-08-04 03:00:00",-0.936789985474264,0.23457443375297
"2021-08-04 04:00:00",-0.959116637248658,-0.191323054286638
"2021-08-04 05:00:00",-1.33011558803384,-0.471915310990417
"2021-08-04 06:00:00",-2.03319924108975,-0.822069210568443
"2021-08-04 07:00:00",-3.07522729083743,-1.13652832130401
"2021-08-04 08:00:00",-3.5597626697235,-0.0228932333206338
"2021-08-04 09:00:00",-3.60084887201629,-0.0466751585694085
"2021-08-04 10:00:00",-3.59480097935715,0.0455486453095684
"2021-08-04 11:00:00",-3.41424019064188,0.266619474518332
"2021-08-04 12:00:00",-3.74564539757569,-0.709933848545312
"2021-08-04 13:00:00",-3.98465185466053,0.0911238837441843
"2021-08-04 14:00:00",-3.80640180068639,0.232997462277923
"2021-08-04 15:00:00",-3.54073115586397,0.279732812687452
"2021-08-04 16:00:00",-3.18852826907725,0.3883415684794
"2021-08-04 17:00:00",-2.8238399184867,0.335698772958694
"2021-08-04 18:00:00",-2.52134810768527,0.269618781800934
"2021-08-04 19:00:00",-3.0570413247064,-1.04385400859274
"2021-08-04 20:00:00",-3.53513775445195,-0.0742729634587136
"2021-08-04 21:00:00",-3.43805321371041,0.211262913207278
"2021-08-04 22:00:00",-3.33556101144205,0.0295395180453365
"2021-08-04 23:00:00",-2.87519265851704,0.730004500363395
"2021-08-05 00:00:00",-1.8158046834529,1.23233676996781
"2021-08-05 01:00:00",-1.35272835427662,-0.0694205438508911
"2021-08-05 02:00:00",-1.28484115291895,0.157941313906514
"2021-08-05 03:00:00",-1.69513143409849,-0.767952567396191
"2021-08-05 04:00:00",-2.11750642659093,-0.16973851131862
"2021-08-05 05:00:00",-2.10651221592045,0.133686826227232
"2021-08-05 06:00:00",-1.93316138600544,0.194269974342259
"2021-08-05 07:00:00",-1.72589248943459,0.208576476785885
"2021-08-05 08:00:00",-2.06613240739535,-0.687719367565519
"2021-08-05 09:00:00",-2.63736181153345,-0.463763878437428
"2021-08-05 10:00:00",-2.07167525700411,1.22849266904288
"2021-08-05 11:00:00",-1.26558235130539,0.488862360404534
"2021-08-05 12:00:00",-1.55144450397327,-0.78712161778651
"2021-08-05 13:00:00",-2.0935996991076,-0.351084957325381
"2021-08-05 14:00:00",-2.3335287769504,-0.151727332295326
"2021-08-05 15:00:00",-3.32562682113998,-1.50218487505131
"2021-08-05 16:00:00",-4.53216299533141,-0.947821161588618
"2021-08-05 17:00:00",-4.50495574940161,0.681762446862225
"2021-08-05 18:00:00",-3.96755476664433,0.421429751251993
"2021-08-05 19:00:00",-3.89925307476309,-0.165246112035724
"2021-08-05 20:00:00",-3.57591046805122,0.638722438757141
"2021-08-05 21:00:00",-3.12579159837802,0.307603826489485
"2021-08-05 22:00:00",-2.77706472808568,0.363598373943358
"2021-08-05 23:00:00",-2.31788331636696,0.504660867318662
"2021-08-06 00:00:00",-1.70667194756243,0.656186278226053
"2021-08-06 01:00:00",-1.03340352429105,0.654862254713832
"2021-08-06 02:00:00",-0.438014564180388,0.528779906114589
"2021-08-06 03:00:00",0.00461382147415926,0.364726017200131
"2021-08-06 04:00:00",0.0181019226819135,-0.221313440987534
"2021-08-06 05:00:00",-0.291763646989194,-0.354198037184586
"2021-08-06 06:00:00",-0.889644635089159,-0.731546655903592
"2021-08-06 07:00:00",-1.5061040897172,-0.509295801976273
"2021-08-06 08:00:00",-2.0004749611396,-0.45898814075863
"2021-08-06 09:00:00",-2.28798435442214,-0.15695209658732
"2021-08-06 10:00:00",-2.10243190193428,0.408015910682281
"2021-08-06 11:00:00",-1.44040796825473,0.802609984887658
"2021-08-06 12:00:00",-0.56768466455508,0.879849578814495
"2021-08-06 13:00:00",-1.84238031887731,-2.64973061944642
"2021-08-06 14:00:00",-2.42876693566526,0.819391588712318
"2021-08-06 15:00:00",-1.56391785576955,0.857186187668387
"2021-08-06 16:00:00",-1.02096434859674,0.309683052115615
"2021-08-06 17:00:00",-1.93401441228265,-1.68348852725072
"2021-08-06 18:00:00",-2.45027694184765,0.288899602839753
"2021-08-06 19:00:00",-2.45329881001194,-0.19433187772676
"2021-08-06 20:00:00",-2.31605742276305,0.354926180200516
"2021-08-06 21:00:00",-2.1448378695786,0.0435987579422848
"2021-08-06 22:00:00",-1.96365977972218,0.267050455818675
"2021-08-06 23:00:00",-1.62096472767604,0.379369644921322
"2021-08-07 00:00:00",-0.773626346264308,1.12113605622689
"2021-08-07 01:00:00",-0.236746657363519,0.122866744503931
"2021-08-07 02:00:00",-0.0428581750283956,0.232327121541697
"2021-08-07 03:00:00",0.084041975132552,0.050641704404711
"2021-08-07 04:00:00",-0.191252807309065,-0.47960856420639
"2021-08-07 05:00:00",-0.358797343854929,0.0487026866953308
"2021-08-07 06:00:00",-0.314694072092279,0.0394036325622052
"2021-08-07 07:00:00",-0.405073290923716,-0.172199380842828
"2021-08-07 08:00:00",-0.525171801282395,-0.0791362043706795
"2021-08-07 09:00:00",-0.452742853896566,0.170705630277218
"2021-08-07 10:00:00",-0.302519759756586,0.130013198555981
"2021-08-07 11:00:00",-0.613929944823504,-0.590499626908318
"2021-08-07 12:00:00",-0.704905110590389,0.247149699076982
"2021-08-07 13:00:00",-0.759123513872863,-0.251642312687009
"2021-08-07 14:00:00",-0.909935985696029,-0.0754489996500367
"2021-08-07 15:00:00",-0.857081547648964,0.137049547363891
"2021-08-07 16:00:00",-0.506772714389319,0.476937267284928
"2021-08-07 17:00:00",-0.370016124713324,-0.0958722537937071
"2021-08-07 18:00:00",-0.0956534727540394,0.508621012878122
"2021-08-07 19:00:00",0.00653151912154157,-0.173500279945999
"2021-08-07 20:00:00",-0.651251585838492,-0.949383848164791
"2021-08-07 21:00:00",-0.802245485052994,0.389271399017779
"2021-08-07 22:00:00",-0.316496688698689,0.528017273057667
"2021-08-07 23:00:00",-0.0112197777149952,0.142687121020887
"2021-08-08 00:00:00",0.482731091589428,0.704664971428348
"2021-08-08 01:00:00",1.10977772119413,0.544883045449577
"2021-08-08 02:00:00",1.54668065185033,0.342726003606493
"2021-08-08 03:00:00",1.32825102155418,-0.584140470309076
"2021-08-08 04:00:00",0.704296653776129,-0.622558185229201
"2021-08-08 05:00:00",0.303368973685089,-0.235032236520032
"2021-08-08 06:00:00",0.112141684149609,-0.153328407439947
"2021-08-08 07:00:00",-0.168042449276587,-0.351583522654703
"2021-08-08 08:00:00",-0.473010992211546,-0.259183967401774
"2021-08-08 09:00:00",-0.721919929123357,-0.229621519824483
"2021-08-08 10:00:00",-0.872031236631819,-0.0890419399397972
"2021-08-08 11:00:00",-0.826493167935255,0.134216313154183
"2021-08-08 12:00:00",-3.15829055701573,-3.86390819442147
"2021-08-08 13:00:00",-3.86722689124276,1.43210062972643
"2021-08-08 14:00:00",-3.00691648234256,0.443225268569926
"2021-08-08 15:00:00",-2.39241273666878,0.703361342628904
"2021-08-08 16:00:00",-1.72530639872586,0.614319131796088
"2021-08-08 17:00:00",-1.1552296169697,0.515715920572354
"2021-08-08 18:00:00",-1.11375882893246,-0.275169328538081
"2021-08-08 19:00:00",-2.61165137759628,-2.2404135016905
"2021-08-08 20:00:00",-3.17530050549768,0.584324491644546
"2021-08-08 21:00:00",-2.53028409941129,0.658917911551303
"2021-08-08 22:00:00",-1.71248299848174,0.888120566410911
"2021-08-08 23:00:00",-1.49636037466795,-0.239931738777298
"2021-08-09 00:00:00",-1.29655364851345,0.4853942616068
"2021-08-09 01:00:00",-1.24961079955847,-0.245913110507969
"2021-08-09 02:00:00",-1.47856134590865,-0.205152535636628
"2021-08-09 03:00:00",-1.67258811663079,-0.175484424394987
"2021-08-09 04:00:00",-2.25813281492224,-0.828933593905726
"2021-08-09 05:00:00",-2.39151833569226,0.339553567648893
"2021-08-09 06:00:00",-1.98914226420501,0.42821808031069
"2021-08-09 07:00:00",-1.67193390566663,0.230692791592158
"2021-08-09 08:00:00",-1.64765467746842,-0.11232677360545
"2021-08-09 09:00:00",-1.92121342575418,-0.365922417211692
"2021-08-09 10:00:00",-2.23988285469215,-0.269549335776394
"2021-08-09 11:00:00",-2.25237629332008,0.162354244994817
"2021-08-09 12:00:00",-2.26723387742083,-0.129388380548871
"2021-08-09 13:00:00",-1.90624617344524,0.673667209396977
"2021-08-09 14:00:00",-1.55545962521351,0.121323643372403
"2021-08-09 15:00:00",-1.16575522269699,0.552107738778263
"2021-08-09 16:00:00",-1.20748574305533,-0.434130803810409
"2021-08-09 17:00:00",-1.46450790822996,-0.125182247113484
"2021-08-09 18:00:00",-2.04896644949285,-0.860977306938606
"2021-08-09 19:00:00",-2.07708249947439,0.531091744514658
"2021-08-09 20:00:00",-2.0934253393395,-0.377839937179366
"2021-08-09 21:00:00",-2.50099199274356,-0.405319244914243
"2021-08-09 22:00:00",-2.41861682488729,0.406807630663925
"2021-08-09 23:00:00",-2.54561374087273,-0.473709164921502
"2021-08-10 00:00:00",-2.56533249675188,0.287153688099005
"2021-08-10 01:00:00",-2.75402237494894,-0.493641459907005
"2021-08-10 02:00:00",-2.77591393309832,0.297192152051442
"2021-08-10 03:00:00",-2.48605006007881,0.274781321960383
"2021-08-10 04:00:00",-2.47740703728208,-0.165986707244267
"2021-08-10 05:00:00",-1.87366555576621,1.09138789853427
"2021-08-10 06:00:00",-0.887763472428949,0.871144359727824
"2021-08-10 07:00:00",-0.308219623332721,0.35875121301143
"2021-08-10 08:00:00",-0.0806764002654788,0.129657171719606
"2021-08-10 09:00:00",-0.697354314616063,-1.0848181271448
"2021-08-10 10:00:00",-2.44323530894445,-2.10272036950041
"2021-08-10 11:00:00",-4.70900601249999,-2.26365277823913
"2021-08-10 12:00:00",-4.47004138995917,1.90206056893428
"2021-08-10 13:00:00",-3.15828203478735,0.861657981957963
"2021-08-10 14:00:00",-2.94472277802585,-0.22457770376015
"2021-08-10 15:00:00",-2.65937774183293,0.615522925072828
"2021-08-10 16:00:00",-2.23539203822397,0.27957571641734
"2021-08-10 17:00:00",-1.80402333466159,0.514944469997825
"2021-08-10 18:00:00",-1.93943941769609,-0.560222911309448
"2021-08-10 19:00:00",-1.58923967325471,0.942995804298428
"2021-08-10 20:00:00",-1.8720799987708,-1.084562314678
"2021-08-10 21:00:00",-2.06985991951538,0.405209073491155
"2021-08-10 22:00:00",-2.08496436928303,-0.291923760599964
"2021-08-10 23:00:00",-2.69690281918436,-0.793512370568013
"2021-08-11 00:00:00",-2.71185283221754,0.508268413698083
"2021-08-11 01:00:00",-2.3918376346058,0.182802741105179
"2021-08-11 02:00:00",-1.94375920926416,0.606715603688658
"2021-08-11 03:00:00",-1.39921779805794,0.47972111228651
"2021-08-11 04:00:00",-1.28557851132207,-0.134008176469096
"2021-08-11 05:00:00",-1.59506183722979,-0.410101741034745
"2021-08-11 06:00:00",-2.25485833355473,-0.792848356408809
"2021-08-11 07:00:00",-2.90219423891424,-0.51666265833927
"2021-08-11 08:00:00",-3.27545196185271,-0.25617932742194
"2021-08-11 09:00:00",-3.38295395244871,0.000943716459930501
"2021-08-11 10:00:00",-3.05075530514658,0.541604926970868
"2021-08-11 11:00:00",-2.59200497072339,0.385646542444697
"2021-08-11 12:00:00",-2.79532510094416,-0.582956250665987
"2021-08-11 13:00:00",-2.82498576530404,0.344208321672729
"2021-08-11 14:00:00",-2.66711682484429,0.0297832208157534
"2021-08-11 15:00:00",-2.71912409036786,-0.100625147383519
"2021-08-11 16:00:00",-2.48604082466611,0.447979663494627
"2021-08-11 17:00:00",-2.10622879176482,0.319522792045533
"2021-08-11 18:00:00",-2.27756422956998,-0.487712896837185
"2021-08-11 19:00:00",-3.23238462033939,-1.21791281014571
"2021-08-11 20:00:00",-3.86853441979008,-0.213919684559691
"2021-08-11 21:00:00",-3.43520987179756,0.849207078873145
"2021-08-11 22:00:00",-2.83070378048144,0.417075713856869
"2021-08-11 23:00:00",-3.32365754231806,-1.07255734117831
"2021-08-12 00:00:00",-3.11338503074531,1.05976878734156
"2021-08-12 01:00:00",-3.120865271604,-0.714600210616574
"2021-08-12 02:00:00",-3.45825340495355,-0.0658636670713735
"2021-08-12 03:00:00",-3.35174458000434,0.220816935753254
"2021-08-12 04:00:00",-3.06597525770255,0.319809650049475
"2021-08-12 05:00:00",-2.30950174873541,1.01558149293168
"2021-08-12 06:00:00",-1.11415244109408,1.26136627394836
"2021-08-12 07:00:00",0.208736595350193,1.30247637314084
"2021-08-12 08:00:00",1.18633112187417,0.714286650764175
"2021-08-12 09:00:00",1.46866732887178,-0.0205710220761214
"2021-08-12 10:00:00",1.5585672071207,0.157381396970798
"2021-08-12 11:00:00",1.85958377163313,0.380459247007003
"2021-08-12 12:00:00",2.08947695822526,0.116196882391429
"2021-08-12 13:00:00",2.58024286131545,0.714460989634375
"2021-08-12 14:00:00",3.26219294691973,0.624545796646661
"2021-08-12 15:00:00",3.44596796430271,-0.123003718051331
"2021-08-12 16:00:00",3.47059537726941,0.117435764491327
"2021-08-12 17:00:00",3.65166504635366,0.210415046378016
"2021-08-12 18:00:00",3.38975307533579,-0.569050955623595
"2021-08-12 19:00:00",2.79092584326691,-0.594589883241769
"2021-08-12 20:00:00",2.76382606721547,0.348911953464691
"2021-08-12 21:00:00",2.87637318563439,-0.0539363945602514
"2021-08-12 22:00:00",2.92852902225339,0.116697900898806
"2021-08-12 23:00:00",3.45384804060511,0.768991978177311
"2021-08-13 00:00:00",2.21628865448674,-2.52088026157215
"2021-08-13 01:00:00",1.08393714044959,-0.155728619869779
"2021-08-13 02:00:00",1.19245908676688,0.278132361570952
"2021-08-13 03:00:00",1.63910231571508,0.536221110734582
"2021-08-13 04:00:00",1.58601624273703,-0.445540409215161
"2021-08-13 05:00:00",1.86622188766962,0.748669240159205
"2021-08-13 06:00:00",1.96869819600903,-0.335586108323601
"2021-08-13 07:00:00",2.16696308115567,0.542201253207108
"2021-08-13 08:00:00",2.97048789537903,0.936762253623199
"2021-08-13 09:00:00",3.9683001887512,0.987268475025469
"2021-08-13 10:00:00",5.09788435307015,1.16566903832547
"2021-08-13 11:00:00",6.03777116745026,0.738135948250873
"2021-08-13 12:00:00",6.61531725762713,0.435263130598513
"2021-08-13 13:00:00",6.60165928579882,-0.320809096801001
"2021-08-13 14:00:00",6.20251006966297,-0.440914634411117
"2021-08-13 15:00:00",5.89020269220732,-0.219722537658946
"2021-08-13 16:00:00",5.93478001383943,0.211065872994833
"2021-08-13 17:00:00",5.92773511072968,-0.159762390709466
"2021-08-13 18:00:00",5.10938868785328,-1.22614617735765
"2021-08-13 19:00:00",4.40991315740147,-0.321713011736936
"2021-08-13 20:00:00",4.98160418407146,1.13443466203857
"2021-08-13 21:00:00",5.71756110295442,0.428918109188352
"2021-08-13 22:00:00",6.00976676643437,0.179812524592207
"2021-08-13 23:00:00",5.43098611167415,-1.06474176351906
"2021-08-14 00:00:00",4.47601595874116,-0.843409093947846
"2021-08-14 01:00:00",3.88103046454133,-0.406867008095581
"2021-08-14 02:00:00",2.9279569248836,-1.27691670661252
"2021-08-14 03:00:00",1.42798778230278,-1.5811636349776
"2021-08-14 04:00:00",0.283860554249774,-0.800246458780467
"2021-08-14 05:00:00",0.52474144515818,0.923141766865869
"2021-08-14 06:00:00",1.08841001945086,0.29656248391618
"2021-08-14 07:00:00",1.00916663313297,-0.327413322085357
"2021-08-14 08:00:00",0.781656466241262,-0.151398460533329
"2021-08-14 09:00:00",0.569083000179542,-0.244261998065658
"2021-08-14 10:00:00",0.814226568011101,0.559026045082997
"2021-08-14 11:00:00",1.38144319994805,0.544673952262453
"2021-08-14 12:00:00",1.82710417449502,0.356695794220939
"2021-08-14 13:00:00",1.80740500417846,-0.272043209922418
"2021-08-14 14:00:00",2.00121232324922,0.492830473136277
"2021-08-14 15:00:00",3.15863421454779,1.54289664659032
"2021-08-14 16:00:00",4.18507695205416,0.629299852323276
"2021-08-14 17:00:00",4.584655950646,0.222053743432458
"2021-08-14 18:00:00",3.95194720484788,-1.17838262381797
"2021-08-14 19:00:00",3.06945325923536,-0.648395079447009
"2021-08-14 20:00:00",2.57008740877308,-0.380240451105242
"2021-08-14 21:00:00",2.37588896275888,-0.0642561581004706
"2021-08-14 22:00:00",2.15021043873704,-0.325629076596798
"2021-08-14 23:00:00",2.31639032381781,0.48337946860535
"2021-08-15 00:00:00",1.83239298489157,-1.10888995283282
"2021-08-15 01:00:00",0.733697482367166,-1.04205122679536
"2021-08-15 02:00:00",-0.240453750462006,-0.883539734612083
"2021-08-15 03:00:00",-0.744416546722732,-0.226657947421473
"2021-08-15 04:00:00",-1.17600675027439,-0.546741256331132
"2021-08-15 05:00:00",-0.469773236241738,1.50949153660591
"2021-08-15 06:00:00",0.69469396130764,0.879725476178644
"2021-08-15 07:00:00",1.08146169063597,0.0388606553263585
"2021-08-15 08:00:00",0.942685979230871,-0.251996987512446
"2021-08-15 09:00:00",0.882789537018114,0.0697999217073052
"2021-08-15 10:00:00",0.918298202654791,0.00982330712034716
"2021-08-15 11:00:00",1.17664796229524,0.410571329946219
"2021-08-15 12:00:00",1.82226027857298,0.770108351673186
"2021-08-15 13:00:00",1.7441727611903,-0.642179355893072
"2021-08-15 14:00:00",2.02272903916296,0.876885305166365
"2021-08-15 15:00:00",2.47378376309505,0.143132160026837
"2021-08-15 16:00:00",2.80010031090312,0.429743348252601
"2021-08-15 17:00:00",3.23048262184606,0.406748591014014
"2021-08-15 18:00:00",2.65132110744306,-1.21306520620201
"2021-08-15 19:00:00",2.0117443325119,-0.230281822955361
"2021-08-15 20:00:00",1.88226887734392,-0.05871208100977
"2021-08-15 21:00:00",2.14480147600038,0.461791233026693
"2021-08-15 22:00:00",2.44656810911239,0.177981832270176
"2021-08-15 23:00:00",2.56245837509747,0.0658369204926017
"2021-08-16 00:00:00",2.40145743837219,-0.307874929271424
"2021-08-16 01:00:00",1.93483079810347,-0.553380034151189
"2021-08-16 02:00:00",1.73734993941075,0.0466721949411276
"2021-08-16 03:00:00",1.96595532966215,0.336790213308527
"2021-08-16 04:00:00",1.98644085537814,-0.193887480613939
"2021-08-16 05:00:00",2.07468759590557,0.269579893192583
"2021-08-16 06:00:00",2.52689009142728,0.549787032928522
"2021-08-16 07:00:00",2.823518771015,0.110507554270308
"2021-08-16 08:00:00",2.29295292637717,-0.936367109460756
"2021-08-16 09:00:00",1.39309598069068,-0.835711313603051
"2021-08-16 10:00:00",0.909111190745755,-0.228300897351616
"2021-08-16 11:00:00",0.713795053768915,-0.165216848020531
"2021-08-16 12:00:00",0.770735740978916,0.201417628125754
"2021-08-16 13:00:00",0.342635624145091,-0.828421640878615
"2021-08-16 14:00:00",-0.804760707503115,-1.3059605121027
"2021-08-16 15:00:00",-1.64480576015676,-0.488484586805519
"2021-08-16 16:00:00",-3.40464434763787,-2.52164770047192
"2021-08-16 17:00:00",-5.22379427247286,-1.25999394906469
"2021-08-16 18:00:00",-6.04456110189253,-0.482220030594952
"2021-08-16 19:00:00",-6.06102945956171,0.302599067810777
"2021-08-16 20:00:00",-5.73257734288156,0.337889573847123
"2021-08-16 21:00:00",-5.31227087648358,0.462664413382226
"2021-08-16 22:00:00",-4.9156190401288,0.340640924687084
"2021-08-16 23:00:00",-4.62308559950853,0.25289557114994
"2021-08-17 00:00:00",-4.5953622663083,-0.117749060592517
"2021-08-17 01:00:00",-4.10439889357754,0.879356099146761
"2021-08-17 02:00:00",-3.32262164327956,0.684865142577454
"2021-08-17 03:00:00",-2.61047230492697,0.70077913158469
"2021-08-17 04:00:00",-2.1737669004711,0.243271113227038
"2021-08-17 05:00:00",-2.36366142935469,-0.466841967767046
"2021-08-17 06:00:00",-2.90842888267741,-0.567784095473181
"2021-08-17 07:00:00",-3.93332878661671,-1.27718824944691
"2021-08-17 08:00:00",-5.02178457511169,-0.905845085755887
"2021-08-17 09:00:00",-5.60602422299263,-0.335605906001319
"2021-08-17 10:00:00",-6.00909059512002,-0.421661902352531
"2021-08-17 11:00:00",-6.00414621293864,0.296852096601328
"2021-08-17 12:00:00",-6.75326268390081,-1.40308260763817
"2021-08-17 13:00:00",-7.15099834928839,0.300086663630831
"2021-08-17 14:00:00",-6.79885874390455,0.379322277368364
"2021-08-17 15:00:00",-6.56140866658806,0.140347714758411
"2021-08-17 16:00:00",-6.93959546407118,-0.697444430383064
"2021-08-17 17:00:00",-7.14854150568191,0.135585357868577
"2021-08-17 18:00:00",-6.47557917596282,1.00844042822795
"2021-08-17 19:00:00",-5.51892802925536,0.885010498428191
"2021-08-17 20:00:00",-4.6043481523004,0.897943881362091
"2021-08-17 21:00:00",-3.8409895718659,0.643295397648931
"2021-08-17 22:00:00",-3.45635040253145,0.198876276127347
"2021-08-17 23:00:00",-3.30304210847771,0.120098879544326
"2021-08-18 00:00:00",-3.10989550531705,0.236922345309292
"2021-08-18 01:00:00",-2.87757429847997,0.222221476450352
"2021-08-18 02:00:00",-2.29318800970232,0.801763782990083
"2021-08-18 03:00:00",-1.75660209065202,0.337260440046396
"2021-08-18 04:00:00",-2.03338181488102,-0.670716966903761
"2021-08-18 05:00:00",-2.50828368650642,-0.319173443670541
"2021-08-18 06:00:00",-2.83806897175091,-0.317956378440408
"2021-08-18 07:00:00",-3.29625732701378,-0.526244819434976
"2021-08-18 08:00:00",-3.96949786516555,-0.734996526312371
"2021-08-18 09:00:00",-4.23138173384238,0.0710788668424032
"2021-08-18 10:00:00",-4.26324541355782,-0.0935242018920734
"2021-08-18 11:00:00",-4.5280763276509,-0.360955263355014
"2021-08-18 12:00:00",-4.87141108093511,-0.309438038979998
"2021-08-18 13:00:00",-5.88761757089535,-1.43281073112161
"2021-08-18 14:00:00",-6.46595596040878,0.0263692321508247
"2021-08-18 15:00:00",-5.93493666242033,0.850545292974805
"2021-08-18 16:00:00",-4.9887381978019,0.972651158052507
"2021-08-18 17:00:00",-3.9295409795099,1.07298971142785
"2021-08-18 18:00:00",-3.0917469488925,0.646251717151081
"2021-08-18 19:00:00",-2.62192317344367,0.333865424463063
"2021-08-18 20:00:00",-1.52076668262127,1.5637275683921
"2021-08-18 21:00:00",-0.293973847064644,0.945836725123641
"2021-08-18 22:00:00",0.0736759757032177,-0.0348932637326651
"2021-08-18 23:00:00",0.075864441783807,0.0267102682017309
"2021-08-19 00:00:00",-0.112541277117543,-0.322958791766289
"2021-08-19 01:00:00",-0.0619374259276014,0.297381759482136
"2021-08-19 02:00:00",0.224800493084507,0.266096356051308
"2021-08-19 03:00:00",0.860637387174296,0.851822180358599
"2021-08-19 04:00:00",0.978124120017656,-0.378753861180599
"2021-08-19 05:00:00",0.589265285238489,-0.37837745452535
"2021-08-19 06:00:00",-0.128421201070069,-0.910544006419408
"2021-08-19 07:00:00",-0.974456289152568,-0.762661343188933
"2021-08-19 08:00:00",-1.85941525478846,-0.923180973841697
"2021-08-19 09:00:00",-2.47888156948073,-0.385160623712047
"2021-08-19 10:00:00",-3.00519928654902,-0.592216299008134
"2021-08-19 11:00:00",-3.25283070212429,-0.0022722722480909
"2021-08-19 12:00:00",-4.41752209856279,-1.8800874045649
"2021-08-19 13:00:00",-4.6489672733516,0.884321584613929
"2021-08-19 14:00:00",-3.99736351867194,0.471488005689441
"2021-08-19 15:00:00",-3.30659916016256,0.809272428601686
"2021-08-19 16:00:00",-3.14707261129705,-0.276949775762306
"2021-08-19 17:00:00",-3.11549252539112,0.239817820792693
"2021-08-19 18:00:00",-2.76629023900812,0.409544772199265
"2021-08-19 19:00:00",-2.02075911718552,0.93765570364884
"2021-08-19 20:00:00",-1.09060969587318,0.883549156480814
"2021-08-19 21:00:00",-0.308716527109789,0.678373950415822
"2021-08-19 22:00:00",0.322725463637759,0.570546639969901
"2021-08-19 23:00:00",0.592490630300007,0.0560126453961608
"2021-08-20 00:00:00",0.616873414644557,0.00137443180589819
"2021-08-20 01:00:00",0.660314642680858,0.0686260849817157
"2021-08-20 02:00:00",1.0305378884343,0.552840970269756
"2021-08-20 03:00:00",1.27527467970731,0.0263797970691026
"2021-08-20 04:00:00",0.982057575993448,-0.493987926330338
"2021-08-20 05:00:00",0.541114366753163,-0.385892799756436
"2021-08-20 06:00:00",-0.13917064623496,-0.844913740680086
"2021-08-20 07:00:00",-1.11135750501778,-1.01065714002898
"2021-08-20 08:00:00",-2.4817487473176,-1.5436577202123
"2021-08-20 09:00:00",-4.04334747747925,-1.49615506265464
"2021-08-20 10:00:00",-4.79224571786525,-0.209938046840611
"2021-08-20 11:00:00",-4.9501649219222,-0.109561075931373
"2021-08-20 12:00:00",-4.90073799141703,0.159447167431282
"2021-08-20 13:00:00",-4.14325896074303,1.12648035051669
"2021-08-20 14:00:00",-3.40056255484538,0.456891299078562
"2021-08-20 15:00:00",-3.21476292144404,0.000627783414475891
"2021-08-20 16:00:00",-3.05862191020297,0.256537552279268
"2021-08-20 17:00:00",-2.79580796400037,0.258450715144195
"2021-08-20 18:00:00",-2.84293596031517,-0.245001534250141
"2021-08-20 19:00:00",-2.93228580963315,0.0223254281933034
"2021-08-20 20:00:00",-2.83390803855045,0.148182157907175
"2021-08-20 21:00:00",-2.4586600674323,0.512442839247611
"2021-08-20 22:00:00",-1.8472692914584,0.651470273592559
"2021-08-20 23:00:00",-1.23959210147832,0.551986248305199
"2021-08-21 00:00:00",-1.73783275547602,-1.17310667374856
"2021-08-21 01:00:00",-2.41950683994821,-0.319425820442268
"2021-08-21 02:00:00",-2.88152783707604,-0.532010133896653
"2021-08-21 03:00:00",-3.11532370755013,-0.0201667697581854
"2021-08-21 04:00:00",-3.33113486015244,-0.331968935724341
"2021-08-21 05:00:00",-2.98603514961213,0.784364744501875
"2021-08-21 06:00:00",-2.2396232101445,0.689489273610061
"2021-08-21 07:00:00",-1.73573300628624,0.359101013176072
"2021-08-21 08:00:00",-1.61375287615602,-0.0396575447435798
"2021-08-21 09:00:00",-1.48479655134839,0.237315223554962
"2021-08-21 10:00:00",-1.39831436833895,-0.0162677522987445
"2021-08-21 11:00:00",-1.29188624965786,0.184968448793462
"2021-08-21 12:00:00",-1.39404961586645,-0.2870618827076
"2021-08-21 13:00:00",-1.42435109809274,0.144105496705449
"2021-08-21 14:00:00",-1.33603754717086,0.0487583588255714
"2021-08-21 15:00:00",-1.41762042209847,-0.162877183402652
"2021-08-21 16:00:00",-1.44202934694947,0.0708883224054562
"2021-08-21 17:00:00",-1.10702674145066,0.497014900962939
"2021-08-21 18:00:00",-1.07275316231372,-0.274417567263104
"2021-08-21 19:00:00",-1.61671048748427,-0.696416610915202
"2021-08-21 20:00:00",-1.54993424017826,0.574473003934193
"2021-08-21 21:00:00",-0.998833921572713,0.511328097484376
"2021-08-21 22:00:00",-0.657444859120529,0.213162792484719
"2021-08-21 23:00:00",-0.671418320445926,-0.163883879404463
"2021-08-22 00:00:00",-0.428589380023149,0.503292346747795
"2021-08-22 01:00:00",-0.0734429197698336,0.240060152955728
"2021-08-22 02:00:00",0.210101448034251,0.299154146267399
"2021-08-22 03:00:00",0.759781150167629,0.690302753110999
"2021-08-22 04:00:00",0.936694079876872,-0.174727004195219
"2021-08-22 05:00:00",0.433207954018215,-0.699936850171998
"2021-08-22 06:00:00",0.27918517132851,0.216674608296541
"2021-08-22 07:00:00",0.488752166754829,0.194510421258053
"2021-08-22 08:00:00",0.435132291307587,-0.217119097827037
"2021-08-22 09:00:00",0.278703279654111,-0.10909694189024
"2021-08-22 10:00:00",0.259491412710785,0.0412643027615591
"2021-08-22 11:00:00",0.160885078963765,-0.187500517812956
"2021-08-22 12:00:00",-2.09654386500154,-3.53029363591347
"2021-08-22 13:00:00",-4.51618567590738,-1.56153836105874
"2021-08-22 14:00:00",-4.8789929153658,0.459393231613228
"2021-08-22 15:00:00",-3.65204468938322,1.68662616042776
"2021-08-22 16:00:00",-2.91787916826443,0.0690214344636408
"2021-08-22 17:00:00",-2.6869675430042,0.331623788423596
"2021-08-22 18:00:00",-2.74138129612388,-0.305719640862818
"2021-08-22 19:00:00",-2.70749630111749,0.262206595840844
"2021-08-22 20:00:00",-2.30116513190498,0.486592865286779
"2021-08-22 21:00:00",-1.56532703650136,0.869997490307124
"2021-08-22 22:00:00",-1.0810335307104,0.206165621884187
"2021-08-22 23:00:00",-0.800474777071766,0.318214379592467
"2021-08-23 00:00:00",0.0816798402020859,1.21722048601036
"2021-08-23 01:00:00",1.19189843664363,0.986023083314065
"2021-08-23 02:00:00",1.87994034450529,0.455159965865907
"2021-08-23 03:00:00",2.04013842100799,-0.0464748503599555
"2021-08-23 04:00:00",1.35041958066342,-1.08839483284804
"2021-08-23 05:00:00",0.128565291342667,-1.25450417006538
"2021-08-23 06:00:00",-1.19631096939547,-1.30899859485681
"2021-08-23 07:00:00",-2.51041985414801,-1.25352851642563
"2021-08-23 08:00:00",-3.75109481728202,-1.16991507963201
"2021-08-23 09:00:00",-3.848956724453,0.626312101282207
"2021-08-23 10:00:00",-3.53487242798199,0.0959706115236769
"2021-08-23 11:00:00",-3.37473814601843,0.199854881974454
"2021-08-23 12:00:00",-4.37153348598385,-1.74283291730116
"2021-08-23 13:00:00",-4.15995231967526,1.51008079342461
"2021-08-23 14:00:00",-3.24928745866401,0.473147284578829
"2021-08-23 15:00:00",-2.64616828595201,0.665292815135254
"2021-08-23 16:00:00",-2.98947058529285,-0.995964326289717
"2021-08-23 17:00:00",-3.76135185181143,-0.581963565799002
"2021-08-23 18:00:00",-3.91156469936927,0.149600976804543
"2021-08-23 19:00:00",-3.42333909101485,0.69581180335231
"2021-08-23 20:00:00",-2.73983238328627,0.647234949803445
"2021-08-23 21:00:00",-2.42915785375409,0.0750721923962944
"2021-08-23 22:00:00",-2.57971439399273,-0.290688599424616
"2021-08-23 23:00:00",-2.91782010579973,-0.350325810659701
"2021-08-24 00:00:00",-2.20665142693491,1.38878531679801
"2021-08-24 01:00:00",-1.71545331748877,-0.127681180093527
"2021-08-24 02:00:00",-2.25623814322628,-0.788274326002765
"2021-08-24 03:00:00",-3.02124729008506,-0.710239168125379
"2021-08-24 04:00:00",-3.47533213687168,-0.257847200853923
"2021-08-24 05:00:00",-3.47645115717939,0.174561678794327
"2021-08-24 06:00:00",-3.14474223672163,0.425189121757217
"2021-08-24 07:00:00",-2.88246813042044,0.145255136842709
"2021-08-24 08:00:00",-2.68271082958548,0.230313459741079
"2021-08-24 09:00:00",-2.64388243592838,-0.087214329151185
"2021-08-24 10:00:00",-2.91985817450906,-0.385293465072006
"2021-08-24 11:00:00",-3.16808755130723,-0.141296646189481
"2021-08-24 12:00:00",-3.1672692775122,0.0996034516207754
"2021-08-24 13:00:00",-2.79910186378252,0.533793278001517
"2021-08-24 14:00:00",-2.67376291023832,-0.149308440707792
"2021-08-24 15:00:00",-2.54593841530941,0.309947922476532
"2021-08-24 16:00:00",-2.29855054862628,0.197206840845203
"2021-08-24 17:00:00",-2.57564471256312,-0.577160247916322
"2021-08-24 18:00:00",-3.5294978100047,-1.15633196645626
"2021-08-24 19:00:00",-4.43584484360554,-0.692076105946473
"2021-08-24 20:00:00",-4.9209930603488,-0.318428681651573
"2021-08-24 21:00:00",-5.46634827559687,-0.664380913170888
"2021-08-24 22:00:00",-6.12472220528533,-0.616039923202974
"2021-08-24 23:00:00",-6.82957880524685,-0.722680093572103
"2021-08-25 00:00:00",-6.7761109721708,0.577150842651045
"2021-08-25 01:00:00",-7.29676826104435,-1.219044033497
"2021-08-25 02:00:00",-8.12162594502839,-0.513471937438301
"2021-08-25 03:00:00",-8.41848704721907,-0.127884180073708
"2021-08-25 04:00:00",-8.48073246462722,-0.00468109429401252
"2021-08-25 05:00:00",-7.95064711015933,0.872329211179059
"2021-08-25 06:00:00",-6.92943570780855,1.0821823778441
"2021-08-25 07:00:00",-5.93092150222362,0.904216854771366
"2021-08-25 08:00:00",-5.68007157826453,-0.188998331635827
"2021-08-25 09:00:00",-5.84924968416977,-0.140606295169383
"2021-08-25 10:00:00",-5.75240396515369,0.25807965622956
"2021-08-25 11:00:00",-5.38019179777816,0.438024461215909
"2021-08-25 12:00:00",-4.08894626620252,1.80562369364703
"2021-08-25 13:00:00",-2.53174602758903,1.32285924648779
"2021-08-25 14:00:00",-1.67442899203265,0.509484052374701
"2021-08-25 15:00:00",-0.646138673757199,1.3274492803305
"2021-08-25 16:00:00",-0.956197936876851,-1.38614673643104
"2021-08-25 17:00:00",-2.22795215726041,-1.13382873702332
"2021-08-25 18:00:00",-2.76470281442723,-0.110328359474645
"2021-08-25 19:00:00",-2.65340784363037,0.257315277687656
"2021-08-25 20:00:00",-2.43547724672027,0.184737834975797
"2021-08-25 21:00:00",-2.23211938289582,0.209245916876474
"2021-08-25 22:00:00",-1.92102553260642,0.367084643886892
"2021-08-25 23:00:00",-1.50031682689657,0.438941093583291
"2021-08-26 00:00:00",-1.73386741904599,-0.66883932548203
"2021-08-26 01:00:00",-2.04473602183997,-0.0552189597570282
"2021-08-26 02:00:00",-1.68707127449183,0.618554736436396
"2021-08-26 03:00:00",-1.44921113442377,-0.0250609739788185
"2021-08-26 04:00:00",-1.58845986169339,-0.206888151648138
"2021-08-26 05:00:00",-2.15236988244143,-0.77307705103903
"2021-08-26 06:00:00",-2.81195306208817,-0.549805375003126
"2021-08-26 07:00:00",-3.48804956283982,-0.72453801920929
"2021-08-26 08:00:00",-4.07846388487722,-0.468449241412105
"2021-08-26 09:00:00",-4.55074698782345,-0.447140887121562
"2021-08-26 10:00:00",-5.44108670606841,-1.13762816532411
"2021-08-26 11:00:00",-6.30221619113508,-0.628868468428133
"2021-08-26 12:00:00",-7.58150805297747,-1.64398798949875
"2021-08-26 13:00:00",-8.48462794028575,-0.356530996608709
"2021-08-26 14:00:00",-8.53365157678749,0.169240629846596
"2021-08-26 15:00:00",-9.31097670051907,-1.36042387172956
"2021-08-26 16:00:00",-9.70036385521813,0.288461220925295
"2021-08-26 17:00:00",-9.23866945254817,0.567741662922426
"2021-08-26 18:00:00",-8.89863788480609,0.183974232436709
"2021-08-26 19:00:00",-8.28213365275713,0.887023550156436
"2021-08-26 20:00:00",-7.45726754014164,0.754903735556905
"2021-08-26 21:00:00",-6.60812601700244,0.881224395571953
"2021-08-26 22:00:00",-5.93215230515965,0.515535602730893
"2021-08-26 23:00:00",-5.4076430557306,0.513211382637406
"2021-08-27 00:00:00",-5.07403382866443,0.204991850712988
"2021-08-27 01:00:00",-4.61820166780147,0.607933733036128
"2021-08-27 02:00:00",-3.96586253846623,0.656894484700808
"2021-08-27 03:00:00",-3.41021429744642,0.466858232584517
"2021-08-27 04:00:00",-3.50193747601026,-0.455351474984224
"2021-08-27 05:00:00",-3.98466710308944,-0.473529836841506
"2021-08-27 06:00:00",-4.62018544066219,-0.708174797604513
"2021-08-27 07:00:00",-5.66815806486628,-1.21874814151095
"2021-08-27 08:00:00",-6.93433044265176,-1.23031633931188
"2021-08-27 09:00:00",-7.75256718417023,-0.495704023232436
"2021-08-27 10:00:00",-8.23429355646616,-0.439526844016435
"2021-08-27 11:00:00",-8.21395206445448,0.336559258531856
"2021-08-27 12:00:00",-8.61033920536175,-0.855589285894938
"2021-08-27 13:00:00",-8.38314221582519,0.949341290300718
"2021-08-27 14:00:00",-8.4763581220219,-0.773010243307161
"2021-08-27 15:00:00",-8.42044684065443,0.61678201624514
"2021-08-27 16:00:00",-7.88596039591832,0.465075757004611
"2021-08-27 17:00:00",-7.50459363251473,0.317601222142473
"2021-08-27 18:00:00",-7.76188742679266,-0.618653835009579
"2021-08-27 19:00:00",-7.95411790375629,0.1111835574631
"2021-08-27 20:00:00",-7.52389775771964,0.632713465291923
"2021-08-27 21:00:00",-6.77414747380379,0.801841120560044
"2021-08-27 22:00:00",-6.07433811455844,0.607263981310164
"2021-08-27 23:00:00",-5.47294267896439,0.576732579052862
"2021-08-28 00:00:00",-5.11017437554328,0.209941758656775
"2021-08-28 01:00:00",-4.68841969269879,0.549504348091649
"2021-08-28 02:00:00",-4.20173385659054,0.427722015410741
"2021-08-28 03:00:00",-3.86196030636342,0.270410746846157
"2021-08-28 04:00:00",-3.91625777427877,-0.263209264444447
"2021-08-28 05:00:00",-4.16342955384407,-0.219688386967862
"2021-08-28 06:00:00",-4.12944577571703,0.206845784964651
"2021-08-28 07:00:00",-3.90959800294908,0.22338977905735
"2021-08-28 08:00:00",-3.87947989604669,-0.0951207977795767
"2021-08-28 09:00:00",-3.85828902959009,0.102722769249317
"2021-08-28 10:00:00",-3.83852402141842,-0.0315066766831485
"2021-08-28 11:00:00",-3.74672188091029,0.174590555136322
"2021-08-28 12:00:00",-4.38943034388084,-1.15219615858336
"2021-08-28 13:00:00",-4.80795054669346,0.0961328417249735
"2021-08-28 14:00:00",-4.65595985874742,0.18820162672291
"2021-08-28 15:00:00",-4.31482664772904,0.432875095146741
"2021-08-28 16:00:00",-3.9701509829342,0.27505833967599
"2021-08-28 17:00:00",-4.05207685726694,-0.310902341677363
"2021-08-28 18:00:00",-4.69485897568078,-0.828265479716785
"2021-08-28 19:00:00",-5.33157863912011,-0.472718328015061
"2021-08-28 20:00:00",-4.79854014242003,1.18507231029046
"2021-08-28 21:00:00",-3.80954627407543,0.817464142565101
"2021-08-28 22:00:00",-3.33758803985558,0.224106669899999
"2021-08-28 23:00:00",-3.09615616673512,0.245809927276439
"2021-08-29 00:00:00",-2.63367692310558,0.588935988855684
"2021-08-29 01:00:00",-2.05786585170484,0.543092847013516
"2021-08-29 02:00:00",-1.37598523599555,0.744653458611781
"2021-08-29 03:00:00",-0.91085081650587,0.258461744538503
"2021-08-29 04:00:00",-0.967573987233193,-0.262973727291711
"2021-08-29 05:00:00",-1.37430101252632,-0.481986718237156
"2021-08-29 06:00:00",-1.96268382123833,-0.629581845048459
"2021-08-29 07:00:00",-2.71940858465943,-0.802997095455335
"2021-08-29 08:00:00",-3.79686800047021,-1.20572680491979
"2021-08-29 09:00:00",-5.26299417671704,-1.56516082039667
"2021-08-29 10:00:00",-6.31193426763823,-0.648171927321002
"2021-08-29 11:00:00",-6.73092277514794,-0.238158549105052
"2021-08-29 12:00:00",-5.34499745629196,2.41144474568475
"2021-08-29 13:00:00",-4.04539023661161,0.503525777476955
"2021-08-29 14:00:00",-4.95442406500059,-1.80231473218785
"2021-08-29 15:00:00",-6.24081370880928,-0.874932742913882
"2021-08-29 16:00:00",-6.41708687938718,0.305910274378619
"2021-08-29 17:00:00",-6.18664270032397,0.177452770579251
"2021-08-29 18:00:00",-5.72352046520254,0.639530134211897
"2021-08-29 19:00:00",-5.03223497105907,0.700314345172004
"2021-08-29 20:00:00",-4.11887716300578,1.01846672165559
"2021-08-29 21:00:00",-3.11775778930825,0.947289688656273
"2021-08-29 22:00:00",-2.35007833470768,0.615479218289106
"2021-08-29 23:00:00",-1.84802683917624,0.405605428778224
"2021-08-30 00:00:00",-1.94197372856944,-0.420130481281955
"2021-08-30 01:00:00",-2.54172106886464,-0.688487861035274
"2021-08-30 02:00:00",-2.54607100815216,0.455216252870163
"2021-08-30 03:00:00",-2.26059998037428,0.162024914292166
"2021-08-30 04:00:00",-2.06326105238515,0.214416785950007
"2021-08-30 05:00:00",-1.9917025169186,-0.0244203940614192
"2021-08-30 06:00:00",-2.27597689396814,-0.441432401349346
"2021-08-30 07:00:00",-3.16360107804875,-1.13996819776912
"2021-08-30 08:00:00",-4.03617243141846,-0.648769172531713
"2021-08-30 09:00:00",-4.41940406402343,-0.182797684473026
"2021-08-30 10:00:00",-5.14316800446946,-1.04431439037882
"2021-08-30 11:00:00",-6.2282324819618,-1.05404171240482
"2021-08-30 12:00:00",-6.91955111153184,-0.40863064002365
"2021-08-30 13:00:00",-6.59616719753526,0.804934871944862
"2021-08-30 14:00:00",-6.28393765666376,-0.0225722800347673
"2021-08-30 15:00:00",-6.54362278349454,-0.397320159892121
"2021-08-30 16:00:00",-6.6137127391377,0.159822538268135
"2021-08-30 17:00:00",-5.95830981367968,0.963162338974624
"2021-08-30 18:00:00",-5.24098335096907,0.527029609644751
"2021-08-30 19:00:00",-4.3792057881935,1.05074148351817
"2021-08-30 20:00:00",-3.29683172047143,1.0576714061095
"2021-08-30 21:00:00",-2.48098087803348,0.620119434884825
"2021-08-30 22:00:00",-2.24717310756143,-0.0316423978221801
"2021-08-30 23:00:00",-2.13811179472837,0.200575374365152
"2021-08-31 00:00:00",-1.63648883950937,0.681236309710244
"2021-08-31 01:00:00",-1.18748374612227,0.274959239549668
"2021-08-31 02:00:00",-0.678713362851648,0.641995587984518
"2021-08-31 03:00:00",-0.199893439865812,0.348159358011411
"2021-08-31 04:00:00",-0.173200796739107,-0.188625711469942
"2021-08-31 05:00:00",-0.596860390649321,-0.559990981810887
"2021-08-31 06:00:00",-1.24010981038931,-0.667418195735429
"2021-08-31 07:00:00",-2.13150376207564,-0.996752129577372
"2021-08-31 08:00:00",-3.45950891592841,-1.48298417117181
"2021-08-31 09:00:00",-4.08995583131406,-0.0276820157079959
"2021-08-31 10:00:00",-3.93463847515694,0.275204592687241
"2021-08-31 11:00:00",-3.55871589358003,0.430273330614203
"2021-08-31 12:00:00",-3.4395340037382,-0.0892865978754551
"2021-08-31 13:00:00",-3.18685714976985,0.473073760227646
"2021-08-31 14:00:00",-2.73571455906074,0.419190622592815
"2021-08-31 15:00:00",-2.50288081221541,0.101059050473211
"2021-08-31 16:00:00",-2.45470873038928,0.0138507939091764
"2021-08-31 17:00:00",-2.77457432886065,-0.523976496581089
"2021-08-31 18:00:00",-3.40672130557969,-0.670644888260254
"2021-08-31 19:00:00",-3.85169252721052,-0.268990022015377
"2021-08-31 20:00:00",-4.70467894918556,-1.19681413081358
"2021-08-31 21:00:00",-5.45655269318543,-0.413460849687979
"2021-08-31 22:00:00",-5.77776680028475,-0.237422140708295
"2021-08-31 23:00:00",-5.4750677279696,0.655834931682551
"2021-09-01 00:00:00",-4.61608865631623,0.960643223213494
"2021-09-01 01:00:00",-3.89817276631434,0.527933774379839
"2021-09-01 02:00:00",-3.06654760323136,0.999587540438169
"2021-09-01 03:00:00",-2.04351261245609,0.994003934699693
"2021-09-01 04:00:00",-1.22453567998591,0.666010241538586
"2021-09-01 05:00:00",-1.04776728642829,-0.156209312006418
"2021-09-01 06:00:00",-1.11321361678172,-0.000478583227761356
"2021-09-01 07:00:00",-1.26136829883199,-0.238129052274236
"2021-09-01 08:00:00",-1.43501262211964,-0.120778370609397
"2021-09-01 09:00:00",-1.31300843410201,0.279908080492312
"2021-09-01 10:00:00",-0.535156792779364,1.07453732852615
"2021-09-01 11:00:00",0.107609867823758,0.325070158415388
"2021-09-01 12:00:00",-1.15978786091938,-2.26893777417864
"2021-09-01 13:00:00",-1.72823958354949,0.59369343253371
"2021-09-01 14:00:00",-1.07938053064233,0.657029148115809
"2021-09-01 15:00:00",-0.490181946853201,0.517371519334656
"2021-09-01 16:00:00",-0.232077152055102,0.0736299070186435
"2021-09-01 17:00:00",-0.657260111022171,-0.737215771682084
"2021-09-01 18:00:00",-2.20205942867795,-2.00892443078198
"2021-09-01 19:00:00",-2.95626638444791,0.120934209673515
"2021-09-01 20:00:00",-2.81932556495641,0.144913804524313
"2021-09-01 21:00:00",-2.73706820043067,0.0402112644507957
"2021-09-01 22:00:00",-2.76666810950017,-0.0712063615713489
"2021-09-01 23:00:00",-2.91614906325429,-0.1909947774492
"2021-09-02 00:00:00",-2.74976322827435,0.400486736690568
"2021-09-02 01:00:00",-2.68196072310693,-0.153661830503525
"2021-09-02 02:00:00",-2.39426551642913,0.571713127394632
"2021-09-02 03:00:00",-2.15357965837251,0.0116527465528266
"2021-09-02 04:00:00",-2.35788422037561,-0.335790151584316
"2021-09-02 05:00:00",-2.71003397009207,-0.343283674940723
"2021-09-02 06:00:00",-2.52716629123098,0.528431699860368
"2021-09-02 07:00:00",-2.10183450416854,0.339644676520919
"2021-09-02 08:00:00",-1.77970279563848,0.297857517029159
"2021-09-02 09:00:00",-1.34498236078927,0.507596518759586
"2021-09-02 10:00:00",-0.920314948805656,0.350935491669142
"2021-09-02 11:00:00",-0.407175546252542,0.598075373776483
"2021-09-02 12:00:00",-0.503529070252665,-0.554194951639142
"2021-09-02 13:00:00",-0.71248284467086,0.031781312704295
"2021-09-02 14:00:00",-1.04215092402922,-0.554046548373362
"2021-09-02 15:00:00",-1.69020705162864,-0.678589998811243
"2021-09-02 16:00:00",-2.06366848688833,-0.150121191985502
"2021-09-02 17:00:00",-2.27032221125273,-0.231862155577724
"2021-09-02 18:00:00",-2.73399520600316,-0.593251970860163
"2021-09-02 19:00:00",-3.32115158381569,-0.551668409842837
"2021-09-02 20:00:00",-4.0617569348566,-0.827088470120811
"2021-09-02 21:00:00",-4.47143803576273,-0.106712482222884
"2021-09-02 22:00:00",-3.17654202265038,2.17351512485474
"2021-09-02 23:00:00",-3.80749241961375,-2.46648682621627
"2021-09-03 00:00:00",-4.98329074400675,-0.25457437511588
"2021-09-03 01:00:00",-5.11401239574744,-0.0355213101292968
"2021-09-03 02:00:00",-4.63764723465682,0.801570365614683
"2021-09-03 03:00:00",-3.84988083246814,0.747105814481514
"2021-09-03 04:00:00",-3.51739160579513,0.0452441076995704
"2021-09-03 05:00:00",-3.5060940123053,-0.00733739215289078
"2021-09-03 06:00:00",-3.14656721414381,0.591532244282278
"2021-09-03 07:00:00",-2.51402195639562,0.633883313106748
"2021-09-03 08:00:00",-1.9045620003791,0.567456405675387
"2021-09-03 09:00:00",-1.39850878930632,0.443525327226369
"2021-09-03 10:00:00",-0.938971354928387,0.450177180796572
"2021-09-03 11:00:00",-0.343811805603721,0.664741182368513
"2021-09-03 12:00:00",0.42754344118825,0.806218816686207
"2021-09-03 13:00:00",1.13522182219048,0.607806515707935
"2021-09-03 14:00:00",1.59853273778948,0.343503065705178
"2021-09-03 15:00:00",1.80430672685854,0.102118047324285
"2021-09-03 16:00:00",1.62344873805951,-0.363236255804577
"2021-09-03 17:00:00",0.541236491187729,-1.5121874074164
"2021-09-03 18:00:00",-1.96974341888202,-3.05820760215021
"2021-09-03 19:00:00",-3.86416685059716,-1.02602045153197
"2021-09-03 20:00:00",-4.41518113787812,-0.203185672802825
"2021-09-03 21:00:00",-4.55116963609827,-0.0790396701644469
"2021-09-03 22:00:00",-3.11221682221418,2.38841719458396
"2021-09-03 23:00:00",-2.00246054304674,0.208605567980714
"2021-09-04 00:00:00",-3.11000100377163,-1.92974633608006
"2021-09-04 01:00:00",-4.88285305407345,-1.58000530489046
"2021-09-04 02:00:00",-4.98213330087209,0.898862855529272
"2021-09-04 03:00:00",-4.94796574350758,-0.537489891595342
"2021-09-04 04:00:00",-5.08939733221529,0.135699480186923
"2021-09-04 05:00:00",-4.8268179604218,0.341245108082051
"2021-09-04 06:00:00",-4.48473607689113,0.332604029782099
"2021-09-04 07:00:00",-4.04002131026878,0.504100445481678
"2021-09-04 08:00:00",-3.7230081185803,0.182432155743894
"2021-09-04 09:00:00",-3.50725264026702,0.232515541425135
"2021-09-04 10:00:00",-3.62126026457826,-0.335082162059408
"2021-09-04 11:00:00",-3.38778624601536,0.606076867555942
"2021-09-04 12:00:00",-3.98236132016951,-1.36237685432908
"2021-09-04 13:00:00",-4.6603371875732,-0.18436762754996
"2021-09-04 14:00:00",-4.75933230399087,-0.0313715969370961
"2021-09-04 15:00:00",-4.57365684508906,0.327680725654048
"2021-09-04 16:00:00",-4.17595548403873,0.431376076516347
"2021-09-04 17:00:00",-3.73041769230972,0.439188224122965
"2021-09-04 18:00:00",-3.53640142010771,0.0261585396773166
"2021-09-04 19:00:00",-3.72813531633397,-0.323325000745084
"2021-09-04 20:00:00",-3.76729517708897,0.156945272692879
"2021-09-04 21:00:00",-3.29391472970961,0.666693448719233
"2021-09-04 22:00:00",-2.88652269865182,0.219412859268519
"2021-09-04 23:00:00",-2.23046909867377,0.919686819806636
"2021-09-05 00:00:00",-2.15053579447352,-0.4808171122902
"2021-09-05 01:00:00",-2.70058296059177,-0.567290696019405
"2021-09-05 02:00:00",-2.32865659743128,0.98386673865332
"2021-09-05 03:00:00",-1.38408952826542,0.87648320932026
"2021-09-05 04:00:00",-1.08103419813486,-0.0918409208181366
"2021-09-05 05:00:00",-1.65876286897985,-0.872802048768814
"2021-09-05 06:00:00",-2.44817368279512,-0.694167828221028
"2021-09-05 07:00:00",-2.87462651843568,-0.224559721441616
"2021-09-05 08:00:00",-2.91503330555432,0.0879840954666168
"2021-09-05 09:00:00",-2.57607778373133,0.493916327409217
"2021-09-05 10:00:00",-2.02463556566625,0.566907506176095
"2021-09-05 11:00:00",-1.47370081529948,0.516715297925873
"2021-09-05 12:00:00",-1.01092628707052,0.406722879534407
"2021-09-05 13:00:00",-0.333298794532674,0.827329766126523
"2021-09-05 14:00:00",0.312653924281416,0.49477096141941
"2021-09-05 15:00:00",0.800067266276782,0.458943892121654
"2021-09-05 16:00:00",0.965948928610747,-0.0384034068252894
"2021-09-05 17:00:00",0.474785403704303,-0.770903441974551
"2021-09-05 18:00:00",0.0924824426932139,-0.105685370057729
"2021-09-05 19:00:00",0.496530457096201,0.724545249770109
"2021-09-05 20:00:00",0.876488764961836,0.131542363114196
"2021-09-05 21:00:00",0.666279689071167,-0.42917995522722
"2021-09-05 22:00:00",0.256405071571156,-0.378386196726235
"2021-09-05 23:00:00",-0.222523559978434,-0.523527809683559
"2021-09-06 00:00:00",0.0677250643907351,0.819251387702614
"2021-09-06 01:00:00",0.2325041882827,-0.279445808665076
"2021-09-06 02:00:00",0.0121544790555125,-0.170781703163625
"2021-09-06 03:00:00",-0.389029150950666,-0.535733991086651
"2021-09-06 04:00:00",-0.990112289240776,-0.615584114059536
"2021-09-06 05:00:00",-1.756748997323,-0.829630796538253
"2021-09-06 06:00:00",-1.84799638254737,0.407599654283826
"2021-09-06 07:00:00",-1.51340793057898,0.272397032109447
"2021-09-06 08:00:00",-1.33112461301103,0.115496708565896
"2021-09-06 09:00:00",-1.07465516322839,0.339977705968127
"2021-09-06 10:00:00",-0.666247121070091,0.436005003141654
"2021-09-06 11:00:00",-0.181363207390353,0.495286454226129
"2021-09-06 12:00:00",0.504624497352101,0.78075573090348
"2021-09-06 13:00:00",1.07136883978244,0.396490912328608
"2021-09-06 14:00:00",1.37202923632795,0.22110671636579
"2021-09-06 15:00:00",1.39218347259807,-0.11653752559002
"2021-09-06 16:00:00",1.10422172895092,-0.390352827713509
"2021-09-06 17:00:00",0.133942103093036,-1.31220678457946
"2021-09-06 18:00:00",-1.52653012319364,-1.8139132855326
"2021-09-06 19:00:00",-3.05343427898201,-1.26104338747328
"2021-09-06 20:00:00",-2.67398288755757,1.45899943897032
"2021-09-06 21:00:00",-1.45857747384492,0.998702541727195
"2021-09-06 22:00:00",-0.857583456985372,0.309180151089619
"2021-09-06 23:00:00",-0.761720112105059,-0.0497957406319826
"2021-09-07 00:00:00",-0.771523922527912,0.0183044455205482
"2021-09-07 01:00:00",-0.0767248078082378,1.1137657093513
"2021-09-07 02:00:00",0.83086625655753,0.727114348616548
"2021-09-07 03:00:00",1.34561284066335,0.34763939112521
"2021-09-07 04:00:00",1.12306438385507,-0.593825851921539
"2021-09-07 05:00:00",-0.0927434617103273,-1.57412826455298
"2021-09-07 06:00:00",-0.513516629160783,0.368231607431719
"2021-09-07 07:00:00",-0.0554081573965735,0.496918063254721
"2021-09-07 08:00:00",0.346814784874027,0.320051952198676
"2021-09-07 09:00:00",0.54269371709655,0.103343373805302
"2021-09-07 10:00:00",0.80010233699771,0.34718584216931
"2021-09-07 11:00:00",1.00636349321755,0.101480548361185
"2021-09-07 12:00:00",0.827888912048707,-0.357923976323261
"2021-09-07 13:00:00",0.492849086267667,-0.304929920285801
"2021-09-07 14:00:00",0.645836313169118,0.450355224776412
"2021-09-07 15:00:00",0.983819754191971,0.246177207620361
"2021-09-07 16:00:00",1.24524210117676,0.257895233612241
"2021-09-07 17:00:00",0.596825271400851,-1.2234069172143
"2021-09-07 18:00:00",-1.05815892118465,-1.86482279211936
"2021-09-07 19:00:00",-1.54948535625813,0.449033374072882
"2021-09-07 20:00:00",-0.220324346023897,1.85473862868575
"2021-09-07 21:00:00",0.0874312829009101,-0.737889371524457
"2021-09-07 22:00:00",-1.35171968521691,-1.83837592803979
"2021-09-07 23:00:00",-2.19985205420241,-0.145936634768294
"2021-09-08 00:00:00",-2.22781507339785,0.0548482323450878
"2021-09-08 01:00:00",-2.6536858772023,-0.723236882135497
"2021-09-08 02:00:00",-2.53607256258164,0.676001252005017
"2021-09-08 03:00:00",-2.11604804436779,0.232684925069369
"2021-09-08 04:00:00",-2.89562956174185,-1.41464245753242
"2021-09-08 05:00:00",-3.51590807868083,-0.0575049798065307
"2021-09-08 06:00:00",-2.70258507202103,1.35974717761525
"2021-09-08 07:00:00",-0.938756324193002,1.95287843684102
"2021-09-08 08:00:00",0.832903204348481,1.56787052127797
"2021-09-08 09:00:00",2.22421964785942,1.2064279768522
"2021-09-08 10:00:00",2.96775075255523,0.396740168505225
"2021-09-08 11:00:00",3.2319365293127,0.159439507621549
"2021-09-08 12:00:00",3.45025856793199,0.243037213178223
"2021-09-08 13:00:00",3.78591917624034,0.377012129668871
"2021-09-08 14:00:00",4.15125671213082,0.335315481137194
"2021-09-08 15:00:00",4.43613034686242,0.232360002445208
"2021-09-08 16:00:00",4.49253510654063,-0.0692934480296631
"2021-09-08 17:00:00",3.47873135284483,-1.60108040121929
"2021-09-08 18:00:00",1.86374348971063,-1.55199884050559
"2021-09-08 19:00:00",1.32251969386676,0.155931834005807
"2021-09-08 20:00:00",1.33094496607032,-0.0920153293745835
"2021-09-08 21:00:00",1.12721676713117,-0.270236202734846
"2021-09-08 22:00:00",1.02069117359741,0.00622246810650692
"2021-09-08 23:00:00",0.827021108895571,-0.319041680945166
"2021-09-09 00:00:00",0.810850309564139,0.185442437488115
"2021-09-09 01:00:00",0.514775271571046,-0.604056822558704
"2021-09-09 02:00:00",0.189388144953598,-0.124811620999499
"2021-09-09 03:00:00",-0.12519855452123,-0.426396365995673
"2021-09-09 04:00:00",-0.730609596797154,-0.69582206775253
"2021-09-09 05:00:00",-1.25084680946057,-0.377519823776834
"2021-09-09 06:00:00",-0.721193163436587,1.11086876705062
"2021-09-09 07:00:00",0.46080331391451,1.17417576253418
"2021-09-09 08:00:00",1.48305243494486,0.871795995813112
"2021-09-09 09:00:00",2.26253798728388,0.678994590028824
"2021-09-09 10:00:00",2.97595848205612,0.699553929880213
"2021-09-09 11:00:00",3.75776723838102,0.795658523254199
"2021-09-09 12:00:00",4.89526892743102,1.30649768748879
"2021-09-09 13:00:00",5.96573357931283,0.855936141323514
"2021-09-09 14:00:00",6.70842820629135,0.624221771105428
"2021-09-09 15:00:00",7.20875178573754,0.385306675496823
"2021-09-09 16:00:00",7.10996109561629,-0.426111505755118
"2021-09-09 17:00:00",5.31513224506202,-2.63116440164176
"2021-09-09 18:00:00",3.17955835186009,-1.71055376554267
"2021-09-09 19:00:00",2.55217305665415,0.120430588056854
"2021-09-09 20:00:00",3.037128132232,0.701633818518335
"2021-09-09 21:00:00",3.45976958541251,0.212652407918125
"2021-09-09 22:00:00",3.42554125248124,-0.201644445909637
"2021-09-09 23:00:00",3.15957114554669,-0.300628564790836
"2021-09-10 00:00:00",3.45103233055717,0.66825955209952
"2021-09-10 01:00:00",3.49423109606843,-0.380001141670475
"2021-09-10 02:00:00",3.4792181597266,0.224519173251003
"2021-09-10 03:00:00",3.67343245358673,0.160299138792742
"2021-09-10 04:00:00",3.3322835061403,-0.663964408845536
"2021-09-10 05:00:00",2.93622929779235,-0.202924152939126
"2021-09-10 06:00:00",3.5974295724839,1.20207006030333
"2021-09-10 07:00:00",4.70253513206166,0.983314114279381
"2021-09-10 08:00:00",5.17055672768326,0.0961993073559439
"2021-09-10 09:00:00",5.26622264038835,0.0841015827118844
"2021-09-10 10:00:00",5.5831154197394,0.450239713291603
"2021-09-10 11:00:00",6.24003924075369,0.756299920136092
"2021-09-10 12:00:00",5.62276447694696,-1.51168412202501
"2021-09-10 13:00:00",4.58387257629529,-0.681580410948511
"2021-09-10 14:00:00",4.52649605973924,0.355572112952046
"2021-09-10 15:00:00",5.02816481307215,0.56939306673038
"2021-09-10 16:00:00",5.42206938458069,0.251716856408205
"2021-09-10 17:00:00",4.29698908705764,-1.99645330778022
"2021-09-10 18:00:00",2.9402018081566,-0.871413893024574
"2021-09-10 19:00:00",3.22604404034723,1.03996149882807
"2021-09-10 20:00:00",3.56371661889675,-0.150715167839543
"2021-09-10 21:00:00",3.38793793978039,-0.188726703953331
"2021-09-10 22:00:00",2.74886466186875,-0.913296580879244
"2021-09-10 23:00:00",2.02374190035034,-0.568760477502352
"2021-09-11 00:00:00",3.74651144757195,3.16595771002584
"2021-09-11 01:00:00",4.80262840264701,-0.405433499933128
"2021-09-11 02:00:00",4.40500495047999,-0.379710676889281
"2021-09-11 03:00:00",4.49635474887338,0.395367650793368
"2021-09-11 04:00:00",4.70966707143611,0.0760137085467233
"2021-09-11 05:00:00",4.45736820482337,-0.465249991968618
"2021-09-11 06:00:00",4.09581905504781,-0.280979586122091
"2021-09-11 07:00:00",3.70052118008561,-0.458002332414493
"2021-09-11 08:00:00",3.18678739467242,-0.531243635330249
"2021-09-11 09:00:00",3.13791851718657,0.27092459359197
"2021-09-11 10:00:00",3.28061230439191,0.0463838033795894
"2021-09-11 11:00:00",3.56649587021042,0.427734988060106
"2021-09-11 12:00:00",3.28415937330169,-0.746888804021626
"2021-09-11 13:00:00",2.49532035884234,-0.783552179032326
"2021-09-11 14:00:00",2.4561738291408,0.455760270030256
"2021-09-11 15:00:00",2.87678682628305,0.374029603947205
"2021-09-11 16:00:00",3.07280033628507,0.0643166699350643
"2021-09-11 17:00:00",2.08405683064327,-1.64774689219267
"2021-09-11 18:00:00",0.628090697021192,-1.26161338837117
"2021-09-11 19:00:00",0.0428091955591623,-0.107398355739901
"2021-09-11 20:00:00",0.131931795217766,0.215844142031543
"2021-09-11 21:00:00",0.633807025683885,0.668540603055116
"2021-09-11 22:00:00",1.55422432677463,1.04377790071482
"2021-09-11 23:00:00",2.53983300387724,0.897991592949422
"2021-09-12 00:00:00",3.39167912477981,0.777330995216934
"2021-09-12 01:00:00",3.54910233235612,-0.267692814851245
"2021-09-12 02:00:00",3.4837402393274,0.0680553806891314
"2021-09-12 03:00:00",3.66418774172825,0.242310434641976
"2021-09-12 04:00:00",3.60286519120409,-0.26554876578647
"2021-09-12 05:00:00",3.05225292026006,-0.719129289225182
"2021-09-12 06:00:00",2.7392401675967,-0.0313319283653986
"2021-09-12 07:00:00",2.64464532598998,-0.135804090785238
"2021-09-12 08:00:00",2.13187663203605,-0.743115619359667
"2021-09-12 09:00:00",1.2789396039897,-0.888366170035725
"2021-09-12 10:00:00",0.941036276799767,0.0434746085840099
"2021-09-12 11:00:00",1.29017110502054,0.5351015842123
"2021-09-12 12:00:00",1.82811823723194,0.512618721313092
"2021-09-12 13:00:00",2.00457031273651,-0.0583958263054817
"2021-09-12 14:00:00",1.96427927496657,-0.0288898592143307
"2021-09-12 15:00:00",1.64458103626968,-0.500906520139055
"2021-09-12 16:00:00",1.36972369928157,-0.113218585922317
"2021-09-12 17:00:00",1.29024240565418,-0.0549782657827281
"2021-09-12 18:00:00",0.992464848623618,-0.447153416612105
"2021-09-12 19:00:00",0.840951626588329,0.0514978331260288
"2021-09-12 20:00:00",0.902844417969195,0.0647978940930011
"2021-09-12 21:00:00",1.49114762472023,0.908181655102657
"2021-09-12 22:00:00",2.26138498236106,0.639753377304697
"2021-09-12 23:00:00",2.14119049491663,-0.624020275985873
"2021-09-13 00:00:00",1.69413937682608,-0.310589221542227
"2021-09-13 01:00:00",1.43638553033479,-0.212465622285516
"2021-09-13 02:00:00",0.793760211917889,-0.900707377790727
"2021-09-13 03:00:00",0.754252108216867,0.535469600614365
"2021-09-13 04:00:00",1.57545129014311,0.971687564996814
"2021-09-13 05:00:00",2.18391827999806,0.33537995463408
"2021-09-13 06:00:00",2.0404016606335,-0.458769973225603
"2021-09-13 07:00:00",1.60752110783508,-0.397680278117332
"2021-09-13 08:00:00",1.3375198911594,-0.174124442217324
"2021-09-13 09:00:00",0.90591812172827,-0.584464501855447
"2021-09-13 10:00:00",0.286183500702568,-0.614965607486198
"2021-09-13 11:00:00",-0.0294211422601154,-0.101405486529561
"2021-09-13 12:00:00",-1.14605375634026,-1.74033967780486
"2021-09-13 13:00:00",-1.89628293640936,-0.0530394687266149
"2021-09-13 14:00:00",-1.66505362730388,0.412194296722324
"2021-09-13 15:00:00",-1.32833962203747,0.27253980965146
"2021-09-13 16:00:00",-1.08288484144897,0.217446239143496
"2021-09-13 17:00:00",-1.03383963700779,-0.0641554494384776
"2021-09-13 18:00:00",-1.81023846560094,-1.21299354393405
"2021-09-13 19:00:00",-2.553758896307,-0.392879369509515
"2021-09-13 20:00:00",-2.88940159334581,-0.278245272834486
"2021-09-13 21:00:00",-3.04689127350698,-0.0657802343750209
"2021-09-13 22:00:00",-2.93615419671066,0.227077350378594
"2021-09-13 23:00:00",-2.83357693036662,0.0184877236385597
"2021-09-14 00:00:00",-2.22960997830462,0.969231050763631
"2021-09-14 01:00:00",-1.88535597009573,-0.0858759712349351
"2021-09-14 02:00:00",-1.70143309208509,0.357475300455421
"2021-09-14 03:00:00",-1.84772693699204,-0.47299001376939
"2021-09-14 04:00:00",-2.0637338468573,-0.0320422553183141
"2021-09-14 05:00:00",-2.21943072514881,-0.228073965542798
"2021-09-14 06:00:00",-1.66932161861377,1.04560816594808
"2021-09-14 07:00:00",-0.606942984802642,1.02522628740992
"2021-09-14 08:00:00",0.175180769906642,0.583674226203806
"2021-09-14 09:00:00",0.526314433968729,0.179197861007025
"2021-09-14 10:00:00",0.722711627945078,0.197852347148684
"2021-09-14 11:00:00",1.07992879062036,0.445552563390006
"2021-09-14 12:00:00",1.10500078451613,-0.257826642009823
"2021-09-14 13:00:00",1.33294486692776,0.539530100158189
"2021-09-14 14:00:00",2.03218895032878,0.770773015331986
"2021-09-14 15:00:00",2.51954227147262,0.272632667110778
"2021-09-14 16:00:00",2.53373528684987,-0.162018286404101
"2021-09-14 17:00:00",1.32348508652692,-1.85481430757006
"2021-09-14 18:00:00",-0.253831463430564,-1.3190735417949
"2021-09-14 19:00:00",-0.623274739421634,0.28151565525329
"2021-09-14 20:00:00",-0.293796608015825,0.346599134886787
"2021-09-14 21:00:00",-0.109384456977681,0.0679047617172316
"2021-09-14 22:00:00",-0.0675457343179941,0.0226144602729667
"2021-09-14 23:00:00",0.19821609469924,0.415315541547311
"2021-09-15 00:00:00",0.832071963509255,0.749171112720542
"2021-09-15 01:00:00",1.13052795604934,-0.0172703143024474
"2021-09-15 02:00:00",1.68047740068277,0.900499518458316
"2021-09-15 03:00:00",2.27343389711024,0.357588914749933
"2021-09-15 04:00:00",2.3437558228135,-0.127457351526651
"2021-09-15 05:00:00",2.24878249550177,-0.0718247594630179
"2021-09-15 06:00:00",2.18716041726066,-0.0547899355660399
"2021-09-15 07:00:00",2.44276139149308,0.4475603888113
"2021-09-15 08:00:00",3.21109586876502,0.942521761103775
"2021-09-15 09:00:00",4.34721591131461,1.20705788264295
"2021-09-15 10:00:00",5.69386929245222,1.37012156646884
"2021-09-15 11:00:00",6.77202097347716,0.824938212213838
"2021-09-15 12:00:00",6.48811574160513,-1.01835709655067
"2021-09-15 13:00:00",5.33781528431961,-1.19196022964443
"2021-09-15 14:00:00",3.74002694227728,-1.7992882523603
"2021-09-15 15:00:00",2.31073622126426,-1.11953027739432
"2021-09-15 16:00:00",1.79589166456663,-0.0902400821121
"2021-09-15 17:00:00",2.18750930916278,0.691927099862433
"2021-09-15 18:00:00",2.64699990758941,0.279882038333637
"2021-09-15 19:00:00",3.10489761477438,0.551402895592217
"2021-09-15 20:00:00",3.76422488821725,0.695943876188956
"2021-09-15 21:00:00",4.1866020771993,0.215080825256844
"2021-09-15 22:00:00",4.43385423848601,0.251555254961928
"2021-09-15 23:00:00",4.57962505218819,0.0626086647924484
"2021-09-16 00:00:00",5.13580572933158,0.852892487852658
"2021-09-16 01:00:00",5.81800908093049,0.529376676700617
"2021-09-16 02:00:00",6.17274008763144,0.213948878315245
"2021-09-16 03:00:00",6.1890340079868,-0.124202265963529
"2021-09-16 04:00:00",5.92219545219882,-0.357222973271664
"2021-09-16 05:00:00",5.08604279844391,-1.12333158677261
"2021-09-16 06:00:00",3.80764409718973,-1.32758019744882
"2021-09-16 07:00:00",2.53513016511365,-1.18024117877509
"2021-09-16 08:00:00",1.42779760893326,-1.00937465610836
"2021-09-16 09:00:00",0.55498650994983,-0.742134698503451
"2021-09-16 10:00:00",-0.0431966840032854,-0.474507019421003
"2021-09-16 11:00:00",-0.425706375196616,-0.302946898462644
"2021-09-16 12:00:00",-1.64440430601159,-1.77072798952149
"2021-09-16 13:00:00",-2.17130542828312,0.329459741706739
"2021-09-16 14:00:00",-1.73884877787051,0.483367967734519
"2021-09-16 15:00:00",-1.45728168132154,0.135896242967585
"2021-09-16 16:00:00",-1.14414154615797,0.418298360667821
"2021-09-16 17:00:00",-0.835581082556634,0.222214843616166
"2021-09-16 18:00:00",-0.284349651702221,0.745454676009211
"2021-09-16 19:00:00",0.698454498362208,1.09469864721034
"2021-09-16 20:00:00",1.48828474180825,0.548155826982944
"2021-09-16 21:00:00",1.89737776440759,0.295028419359808
"2021-09-16 22:00:00",1.98004203131398,-0.0652825461778446
"2021-09-16 23:00:00",1.8968824700935,-0.0936771543558965
"2021-09-17 00:00:00",1.50292326821739,-0.577867474740468
"2021-09-17 01:00:00",1.33051910059816,0.104156007611749
"2021-09-17 02:00:00",1.53416536467079,0.25858033940673
"2021-09-17 03:00:00",2.07054428228098,0.694109537746258
"2021-09-17 04:00:00",2.61479318457839,0.415813049105974
"2021-09-17 05:00:00",2.5714516993201,-0.350749183436922
"2021-09-17 06:00:00",1.85499438323333,-0.929526585325959
"2021-09-17 07:00:00",0.656938600257896,-1.3225317177343
"2021-09-17 08:00:00",-0.314927246127377,-0.692756639969576
"2021-09-17 09:00:00",-0.993180371766081,-0.635948313141105
"2021-09-17 10:00:00",-1.83909637271197,-0.944414899848099
"2021-09-17 11:00:00",-2.25840041350464,-0.0469411445620775
"2021-09-17 12:00:00",-3.24992306979735,-1.57120633102614
"2021-09-17 13:00:00",-4.27676303970437,-0.610952587391152
"2021-09-17 14:00:00",-4.71302863865435,-0.293567496926055
"2021-09-17 15:00:00",-4.88506586259401,-0.0767701255429269
"2021-09-17 16:00:00",-4.74557190817915,0.283333781198901
"2021-09-17 17:00:00",-4.50857279364212,0.200962936836485
"2021-09-17 18:00:00",-4.27562989649463,0.249002940690144
"2021-09-17 19:00:00",-3.85062701381904,0.527647887444813
"2021-09-17 20:00:00",-3.48680998853239,0.242271847494171
"2021-09-17 21:00:00",-3.33807157265834,0.0838089835073088
"2021-09-17 22:00:00",-3.09953560597449,0.334651893155078
"2021-09-17 23:00:00",-2.65337343847503,0.503293801941238
"2021-09-18 00:00:00",-1.48490916101214,1.55979821632429
"2021-09-18 01:00:00",-0.458782138517102,0.623504793937165
"2021-09-18 02:00:00",0.000772629071061667,0.329010035826563
"2021-09-18 03:00:00",0.270223391512637,0.21694012898863
"2021-09-18 04:00:00",0.343897948830254,-0.0256833849716582
"2021-09-18 05:00:00",0.218912663622938,-0.185689357524195
"2021-09-18 06:00:00",-0.039286190404939,-0.294550347244049
"2021-09-18 07:00:00",-0.109632016239354,0.0825147399545985
"2021-09-18 08:00:00",-0.204583430673168,-0.208606881822191
"2021-09-18 09:00:00",-0.436814241927451,-0.236680747016726
"2021-09-18 10:00:00",-0.348195031795653,0.301833929955427
"2021-09-18 11:00:00",-0.611760555678636,-0.627518972134391
"2021-09-18 12:00:00",-2.22739316860291,-2.19680176523732
"2021-09-18 13:00:00",-2.6973878714357,0.706394593425346
"2021-09-18 14:00:00",-2.97117411954781,-0.910743103503308
"2021-09-18 15:00:00",-3.71531813086927,-0.593889940894602
"2021-09-18 16:00:00",-3.86667674004154,0.155637296310948
"2021-09-18 17:00:00",-3.42882346677675,0.610170153017487
"2021-09-18 18:00:00",-2.9964802667494,0.297667598807967
"2021-09-18 19:00:00",-3.02132608593229,-0.234809219836959
"2021-09-18 20:00:00",-3.07909346691699,0.0668968521401869
"2021-09-18 21:00:00",-3.1233123325844,-0.11222579968599
"2021-09-18 22:00:00",-3.08638117675198,0.138637186530787
"2021-09-18 23:00:00",-3.07478203148966,-0.069665536651857
"2021-09-19 00:00:00",-2.4299128062857,1.09453605738744
"2021-09-19 01:00:00",-1.67404332825347,0.497308319770165
"2021-09-19 02:00:00",-1.74875968535793,-0.45035205469929
"2021-09-19 03:00:00",-2.47203566659784,-0.868599134915594
"2021-09-19 04:00:00",-3.30728507155055,-0.770140658363435
"2021-09-19 05:00:00",-3.56591966823091,0.0989155808653269
"2021-09-19 06:00:00",-3.37333234316174,0.250477501183762
"2021-09-19 07:00:00",-3.16264575390689,0.178494933296468
"2021-09-19 08:00:00",-3.17021320080588,-0.127171964338951
"2021-09-19 09:00:00",-3.2926703662794,-0.109409810660222
"2021-09-19 10:00:00",-3.34160632446656,-0.00205241231701606
"2021-09-19 11:00:00",-3.45922318987113,-0.184763474094604
"2021-09-19 12:00:00",-4.38745802747401,-1.37530736888619
"2021-09-19 13:00:00",-5.04635561952527,-0.144335101307067
"2021-09-19 14:00:00",-5.10931159046361,0.000790204362281447
"2021-09-19 15:00:00",-5.09454570665808,0.0299650172451314
"2021-09-19 16:00:00",-4.86658621297225,0.35568590000775
"2021-09-19 17:00:00",-4.76555784409663,-0.0672701889800465
"2021-09-19 18:00:00",-4.91222928054516,-0.186494096811683
"2021-09-19 19:00:00",-4.88707558240832,0.171384431769907
"2021-09-19 20:00:00",-4.71584265007102,0.169292519863479
"2021-09-19 21:00:00",-4.71465457021661,-0.104859294156249
"2021-09-19 22:00:00",-4.8783745821353,-0.189104673765946
"2021-09-19 23:00:00",-5.00078868876614,-0.0658511884694295
"2021-09-20 00:00:00",-4.5914517572314,0.713116221113263
"2021-09-20 01:00:00",-4.36478127359912,-0.102475901631478
"2021-09-20 02:00:00",-4.37686345251711,0.0543778593534607
"2021-09-20 03:00:00",-4.51593319944942,-0.255784124761171
"2021-09-20 04:00:00",-5.40987332094085,-1.27107158648719
"2021-09-20 05:00:00",-6.64769565885076,-1.14986488595163
"2021-09-20 06:00:00",-6.60453958586494,0.84500537214068
"2021-09-20 07:00:00",-5.35363585227339,1.47056650486824
"2021-09-20 08:00:00",-4.27431803183821,0.774099957704969
"2021-09-20 09:00:00",-3.97612076232562,-0.0277280991116373
"2021-09-20 10:00:00",-4.08445011827159,-0.151791265232218
"2021-09-20 11:00:00",-4.11163250897511,0.0624436819017684
"2021-09-20 12:00:00",-4.85005805405474,-1.23194159536674
"2021-09-20 13:00:00",-5.3356127360324,0.0413511892318369
"2021-09-20 14:00:00",-5.20234293105633,0.195090397759462
"2021-09-20 15:00:00",-4.85358706159092,0.441328846612604
"2021-09-20 16:00:00",-4.51892542864162,0.253902765168604
"2021-09-20 17:00:00",-5.17228982745315,-1.22132842272276
"2021-09-20 18:00:00",-5.66881943812709,0.016921184368872
"2021-09-20 19:00:00",-5.44938406391439,0.351319939158798
"2021-09-20 20:00:00",-5.0617348111267,0.400469594903569
"2021-09-20 21:00:00",-5.18384873971412,-0.45817174801032
"2021-09-20 22:00:00",-5.59477294193961,-0.353219632136935
"2021-09-20 23:00:00",-5.66875922709271,0.122891312310633
"2021-09-21 00:00:00",-5.06812728412691,0.89788340547846
"2021-09-21 01:00:00",-4.21877860671407,0.783163002735608
"2021-09-21 02:00:00",-3.4237390587957,0.77061364227114
"2021-09-21 03:00:00",-3.00489234730622,0.168847878719973
"2021-09-21 04:00:00",-3.0823079584185,-0.234037663445802
"2021-09-21 05:00:00",-3.32622534704085,-0.234941114550049
"2021-09-21 06:00:00",-3.61560220910009,-0.307629584725432
"2021-09-21 07:00:00",-3.49827314451779,0.399713687507047
"2021-09-21 08:00:00",-3.48107029508242,-0.234109672472882
"2021-09-21 09:00:00",-3.61696531825157,-0.0594763613515428
"2021-09-21 10:00:00",-3.77429662922905,-0.21042975234907
"2021-09-21 11:00:00",-3.66505463650239,0.322025318521457
"2021-09-21 12:00:00",-4.74114628145833,-1.95229590205092
"2021-09-21 13:00:00",-5.0848484236412,0.751117488420562
"2021-09-21 14:00:00",-4.4594911474381,0.518354290232893
"2021-09-21 15:00:00",-4.27934485628933,-0.0481358505016349
"2021-09-21 16:00:00",-4.52234113622403,-0.355839663924947
"2021-09-21 17:00:00",-4.91600411593617,-0.394344016300471
"2021-09-21 18:00:00",-4.80406910614578,0.450464314716742
"2021-09-21 19:00:00",-4.14102569211818,0.77944352272145
"2021-09-21 20:00:00",-3.34526024244814,0.774168395299295
"2021-09-21 21:00:00",-2.58390773509636,0.720940432543444
"2021-09-21 22:00:00",-1.83970924476488,0.727669378332896
"2021-09-21 23:00:00",-1.34060534849695,0.325383029961774
"2021-09-22 00:00:00",-1.17409060560602,0.0544191671923872
"2021-09-22 01:00:00",-0.982712401680695,0.275101443196817
"2021-09-22 02:00:00",-0.84459811899591,0.0414942703337959
"2021-09-22 03:00:00",-0.991115779028379,-0.263806056884064
"2021-09-22 04:00:00",-1.34845219544322,-0.401431390708668
"2021-09-22 05:00:00",-1.80230300829676,-0.465492194791853
"2021-09-22 06:00:00",-2.06352933047399,-0.110315629846143
"2021-09-22 07:00:00",-2.17106452606611,-0.0979125458144539
"2021-09-22 08:00:00",-2.42859814585205,-0.348910413220064
"2021-09-22 09:00:00",-2.78502718541984,-0.341374612512325
"2021-09-22 10:00:00",-3.04961211055272,-0.197230986425739
"2021-09-22 11:00:00",-3.10164219905002,0.0511710264373912
"2021-09-22 12:00:00",-2.87817131724247,0.331713079586622
"2021-09-22 13:00:00",-2.71070507901319,0.0537211066760982
"2021-09-22 14:00:00",-2.53034074913397,0.259713923364023
"2021-09-22 15:00:00",-2.07521218417232,0.567035958875643
"2021-09-22 16:00:00",-1.5079061237212,0.54320221516274
"2021-09-22 17:00:00",-1.35292331394371,-0.109247352751006
"2021-09-22 18:00:00",-1.20284803067021,0.317566007218346
"2021-09-22 19:00:00",-0.64564954967649,0.692023033057539
"2021-09-22 20:00:00",-0.166242640162883,0.315716097106138
"2021-09-22 21:00:00",-0.339272548084219,-0.490418578462941
"2021-09-22 22:00:00",-0.971628473929404,-0.696492891687301
"2021-09-22 23:00:00",-1.68831747184465,-0.694844204311706
"2021-09-23 00:00:00",-2.30262142052165,-0.529244465567155
"2021-09-23 01:00:00",-2.47424438978662,0.0779098910460487
"2021-09-23 02:00:00",-2.20509271307852,0.387042430373802
"2021-09-23 03:00:00",-1.87997379428376,0.271229306668653
"2021-09-23 04:00:00",-1.73364522755197,0.0585319014667459
"2021-09-23 05:00:00",-1.85061990194404,-0.226184550673449
"2021-09-23 06:00:00",-1.81577351995553,0.209592884080279
"2021-09-23 07:00:00",-1.5198607443938,0.341736609708407
"2021-09-23 08:00:00",-1.04923884491231,0.536138808771271
"2021-09-23 09:00:00",-0.524846485097294,0.492994783000508
"2021-09-23 10:00:00",0.0964522161613746,0.677985800278993
"2021-09-23 11:00:00",0.515764180840017,0.226815934183001
"2021-09-23 12:00:00",0.627803935836506,0.0295349275260396
"2021-09-23 13:00:00",0.680370365348467,0.0646135961599286
"2021-09-23 14:00:00",0.9708749442734,0.42641470767499
"2021-09-23 15:00:00",1.3136161326281,0.269421879248039
"2021-09-23 16:00:00",1.23346911197071,-0.311073198151689
"2021-09-23 17:00:00",0.658971446818846,-0.724400689890989
"2021-09-23 18:00:00",0.76323756488077,0.65089750798853
"2021-09-23 19:00:00",1.51406167372434,0.780778532562807
"2021-09-23 20:00:00",1.33083358651013,-0.819132431589618
"2021-09-23 21:00:00",0.952425581632388,-0.0683298901572199
"2021-09-23 22:00:00",0.428228125325222,-0.804421793075892
"2021-09-23 23:00:00",-0.344627091076148,-0.715637417600838
"2021-09-24 00:00:00",-0.371041989042964,0.434758315711402
"2021-09-24 01:00:00",-0.0297988980207415,0.263163132895596
"2021-09-24 02:00:00",-0.0709139451298276,-0.241971577459766
"2021-09-24 03:00:00",-0.194483398930961,-0.0386727190943793
"2021-09-24 04:00:00",-0.166635432529541,0.0711216331352024
"2021-09-24 05:00:00",-0.53705271702785,-0.646954868226319
"2021-09-24 06:00:00",-0.969891250495803,-0.268836471468222
"2021-09-24 07:00:00",-1.23729510696764,-0.252492138933562
"2021-09-24 08:00:00",-1.42395461393384,-0.132307514944042
"2021-09-24 09:00:00",-1.2975873354069,0.29464423451043
"2021-09-24 10:00:00",-1.0761583987464,0.163769468142893
"2021-09-24 11:00:00",-1.283101890162,-0.442860730460637
"2021-09-24 12:00:00",-2.24173444897671,-1.25526762724972
"2021-09-24 13:00:00",-2.79831492875423,-0.0614598889493774
"2021-09-24 14:00:00",-1.86804634659012,1.55080984724523
"2021-09-24 15:00:00",-0.993964393647944,0.38380899638455
"2021-09-24 16:00:00",-0.716456933589039,0.19473480963764
"2021-09-24 17:00:00",-0.173273361858807,0.750590307283544
"2021-09-24 18:00:00",0.596334716177956,0.745938375583182
"2021-09-24 19:00:00",1.08691915843129,0.296270673774461
"2021-09-24 20:00:00",1.92259070819155,1.15415487856113
"2021-09-24 21:00:00",2.76044949523202,0.584706338792576
"2021-09-24 22:00:00",2.86075163928564,-0.230951921410336
"2021-09-24 23:00:00",2.64018308842081,-0.206851497238847
"2021-09-25 00:00:00",3.26704193318518,1.14946628270077
"2021-09-25 01:00:00",4.29746243340802,0.897883171447761
"2021-09-25 02:00:00",4.7725854909615,0.16517251396649
"2021-09-25 03:00:00",4.78669060020349,-0.0934249894472632
"2021-09-25 04:00:00",4.82502165653643,0.118177358991469
"2021-09-25 05:00:00",4.62029276157696,-0.416485007017851
"2021-09-25 06:00:00",4.04717539480707,-0.656256694379049
"2021-09-25 07:00:00",3.66417353103524,-0.187850227476896
"2021-09-25 08:00:00",3.48555867803644,-0.168692015850918
"2021-09-25 09:00:00",3.66578739371805,0.39978277464608
"2021-09-25 10:00:00",4.07538495206208,0.391953106452835
"2021-09-25 11:00:00",3.74968710901503,-0.793898290024513
"2021-09-25 12:00:00",2.91726165941598,-0.823385296485174
"2021-09-25 13:00:00",2.78066203536914,0.323981704021823
"2021-09-25 14:00:00",3.54201878105291,1.01317284382504
"2021-09-25 15:00:00",4.185601022418,0.362045828589555
"2021-09-25 16:00:00",4.12130187618451,-0.350862416163265
"2021-09-25 17:00:00",2.95539503650026,-1.65916814825366
"2021-09-25 18:00:00",2.31420197038134,0.0641062855778308
"2021-09-25 19:00:00",1.88945959421044,-0.733434558798137
"2021-09-25 20:00:00",2.10309211966322,0.832413475061334
"2021-09-25 21:00:00",2.50779066163051,0.0976190251873751
"2021-09-25 22:00:00",1.99361135763501,-0.900836017714964
"2021-09-25 23:00:00",2.43615903091571,1.31452311594219
"2021-09-26 00:00:00",1.6515584647662,-2.14984819886096
"2021-09-26 01:00:00",0.859551867206909,0.148713282269273
"2021-09-26 02:00:00",1.45573998542558,0.865061539902844
"2021-09-26 03:00:00",2.1180446334943,0.493787521268948
"2021-09-26 04:00:00",2.58531442390232,0.424657938928057
"2021-09-26 05:00:00",2.5064024739759,-0.414201111890656
"2021-09-26 06:00:00",2.31020936503115,-0.0447636669362418
"2021-09-26 07:00:00",3.07665093724433,1.26783818317489
"2021-09-26 08:00:00",4.33447877349334,1.18741865519034
"2021-09-26 09:00:00",5.33064528671115,0.815744658451396
"2021-09-26 10:00:00",6.18282716513623,0.829108766207977
"2021-09-26 11:00:00",6.87655211157671,0.562538065136016
"2021-09-26 12:00:00",7.29114799495473,0.287407005040288
"2021-09-26 13:00:00",7.64693874822698,0.375076858356293
"2021-09-26 14:00:00",7.47092740567482,-0.544887129862054
"2021-09-26 15:00:00",7.10570618289996,-0.23771790364458
"2021-09-26 16:00:00",6.77663794527074,-0.383486701356117
"2021-09-26 17:00:00",5.69300847082946,-1.50762240008661
"2021-09-26 18:00:00",4.85595728590144,-0.357571119562401
"2021-09-26 19:00:00",4.81472249067155,0.165354606953362
"2021-09-26 20:00:00",5.07187297298644,0.299922841611072
"2021-09-26 21:00:00",5.17269089257842,-0.0432428466294551
"2021-09-26 22:00:00",4.95279582396064,-0.333877459750942
"2021-09-26 23:00:00",4.67613312535659,-0.231755487053393
"2021-09-27 00:00:00",4.88460939471205,0.486026840855847
"2021-09-27 01:00:00",4.97534754897582,-0.183389285640851
"2021-09-27 02:00:00",4.80270701904243,-0.163682258151079
"2021-09-27 03:00:00",4.78335143919536,0.0715915959623436
"2021-09-27 04:00:00",4.97616705739917,0.258303986316072
"2021-09-27 05:00:00",4.85498104869668,-0.374828646465398
"2021-09-27 06:00:00",4.42177274229374,-0.457797748722513
"2021-09-27 07:00:00",4.09064169577681,-0.236650748986765
"2021-09-27 08:00:00",4.00225078104453,0.00937639971936663
"2021-09-27 09:00:00",4.21184769954601,0.327957813370059
"2021-09-27 10:00:00",4.55254045929997,0.327565710872226
"2021-09-27 11:00:00",5.09347052967514,0.651599538254689
"2021-09-27 12:00:00",4.08272489581656,-2.07749044908873
"2021-09-27 13:00:00",3.42216487468046,0.310172696346953
"2021-09-27 14:00:00",3.88281640948371,0.534669412399107
"2021-09-27 15:00:00",4.42674030349028,0.519243149929793
"2021-09-27 16:00:00",4.57648599382241,-0.109401881070969
"2021-09-27 17:00:00",3.6266222308175,-1.47092253371446
"2021-09-27 18:00:00",3.30213626727587,0.450538273570382
"2021-09-27 19:00:00",3.7242288415688,0.378816409216923
"2021-09-27 20:00:00",3.98080259819332,0.158088787939842
"2021-09-27 21:00:00",4.10520992237362,0.090911993739027
"2021-09-27 22:00:00",4.28241593563111,0.221023715274986
"2021-09-27 23:00:00",4.54754445288155,0.276414182090278
"2021-09-28 00:00:00",4.87369289644436,0.337945746806391
"2021-09-28 01:00:00",4.819834614251,-0.318777459650188
"2021-09-28 02:00:00",5.07669683585171,0.622198773997938
"2021-09-28 03:00:00",5.68320076311335,0.560678386814782
"2021-09-28 04:00:00",5.75651595848003,-0.262395343317128
"2021-09-28 05:00:00",4.78086686651068,-1.41219915380219
"2021-09-28 06:00:00",3.63758614011182,-0.915837445452612
"2021-09-28 07:00:00",2.71930959650318,-0.880954048099144
"2021-09-28 08:00:00",1.847779286237,-0.82733745497232
"2021-09-28 09:00:00",0.873458086303616,-1.02839062938946
"2021-09-28 10:00:00",-0.0333036011610562,-0.783713899113093
"2021-09-28 11:00:00",-0.28526988891519,0.114542316022001
"2021-09-28 12:00:00",-1.13345033436149,-1.44931217928303
"2021-09-28 13:00:00",-1.31323196444876,0.676561423866274
"2021-09-28 14:00:00",-0.667884105214734,0.595564877565082
"2021-09-28 15:00:00",-0.0254215531012299,0.644058364800971
"2021-09-28 16:00:00",0.0858067833892859,-0.249238416423303
"2021-09-28 17:00:00",-0.470998031468595,-0.735497176440872
"2021-09-28 18:00:00",-1.03553781659798,-0.423136624491977
"2021-09-28 19:00:00",-1.76058076024392,-0.890522455338852
"2021-09-28 20:00:00",-2.0814492879569,0.0764104782168358
"2021-09-28 21:00:00",-1.57145616251311,0.777490936534328
"2021-09-28 22:00:00",-1.02287817641407,0.371928831427323
"2021-09-28 23:00:00",-1.1876743010561,-0.513457628915306
"2021-09-29 00:00:00",-0.861564407908899,0.871846008997082
"2021-09-29 01:00:00",-0.520651016866827,-0.0281254791409511
"2021-09-29 02:00:00",-0.190533810111462,0.553925576491477
"2021-09-29 03:00:00",0.47868887051758,0.714530606315806
"2021-09-29 04:00:00",0.395883042474749,-0.611036418766459
"2021-09-29 05:00:00",0.218351937466065,0.119393581164142
"2021-09-29 06:00:00",0.683696246003481,0.673579996885513
"2021-09-29 07:00:00",1.23687669758656,0.445747657884729
"2021-09-29 08:00:00",1.33630833685699,-0.137760563758845
"2021-09-29 09:00:00",0.643530476757407,-1.03158473643789
"2021-09-29 10:00:00",-0.49848531656682,-1.16219664708101
"2021-09-29 11:00:00",-1.54220182940094,-0.914492008534321
"2021-09-29 12:00:00",-2.33893092579106,-0.678374486792227
"2021-09-29 13:00:00",-2.13185439086829,0.79054102621605
"2021-09-29 14:00:00",-1.42663254720068,0.6175787600596
"2021-09-29 15:00:00",-0.803773048430813,0.598620401172163
"2021-09-29 16:00:00",-0.414287208801817,0.232592778000482
"2021-09-29 17:00:00",-0.799436264893897,-0.778134097033431
"2021-09-29 18:00:00",-0.923780917189858,0.318446535010935
"2021-09-29 19:00:00",-0.450356255581176,0.555435209962664
"2021-09-29 20:00:00",-0.354290259004376,-0.214159634233855
"2021-09-29 21:00:00",-0.795283014766249,-0.570800050370351
"2021-09-29 22:00:00",-1.49204435672235,-0.746599666963285
"2021-09-29 23:00:00",-2.11935665811808,-0.516056616605343
"2021-09-30 00:00:00",-2.66586627526511,-0.538110494700327
"2021-09-30 01:00:00",-2.96824544970671,-0.127423530788738
"2021-09-30 02:00:00",-2.99257066505432,0.0493866194206498
"2021-09-30 03:00:00",-2.84519118714438,0.209559780976205
"2021-09-30 04:00:00",-2.37833489370115,0.61986599108989
"2021-09-30 05:00:00",-2.43497758839718,-0.501884522095744
"2021-09-30 06:00:00",-2.73953524806701,-0.155398556888001
"2021-09-30 07:00:00",-3.36075154543108,-0.898706253888768
"2021-09-30 08:00:00",-4.06232719779684,-0.532488399859102
"2021-09-30 09:00:00",-3.74967390601185,0.866449172104858
"2021-09-30 10:00:00",-2.80848662880152,0.951119037069662
"2021-09-30 11:00:00",-2.52974263718616,-0.179125190269127
"2021-09-30 12:00:00",-2.89261144825398,-0.464859378802327
"2021-09-30 13:00:00",-3.57880957269945,-0.797419692593631
"2021-09-30 14:00:00",-3.66573269174128,0.39547542265316
"2021-09-30 15:00:00",-3.11847423137718,0.627163717942255
"2021-09-30 16:00:00",-3.04852061685691,-0.300819204474916
"2021-09-30 17:00:00",-3.9711979475954,-1.28946906024628
"2021-09-30 18:00:00",-4.69210909994447,-0.302504453808805
"2021-09-30 19:00:00",-4.53808655005434,0.45709591777694
"2021-09-30 20:00:00",-4.03227169294198,0.520105362449482
"2021-09-30 21:00:00",-3.7785135954648,0.0693338029211494
"2021-09-30 22:00:00",-4.15946914614277,-0.65817163762081
"2021-09-30 23:00:00",-4.2789285729813,0.250712482803851
"2021-10-01 00:00:00",-3.87815247169109,0.487286007861923
"2021-10-01 01:00:00",-3.83845301277573,-0.255575650180253
"2021-10-01 02:00:00",-3.93062932774286,0.0260811061587081
"2021-10-01 03:00:00",-4.06353480396679,-0.227514164149802
"2021-10-01 04:00:00",-4.3474296162003,-0.302754523084055
"2021-10-01 05:00:00",-4.72642446707063,-0.406209205970993
"2021-10-01 06:00:00",-4.77435556394544,0.199285041680336
"2021-10-01 07:00:00",-4.07441203635198,1.00660155457699
"2021-10-01 08:00:00",-2.98110243403248,1.10441089002359
"2021-10-01 09:00:00",-1.91220617925573,0.998268404299904
"2021-10-01 10:00:00",-1.00439242074243,0.806837015338131
"2021-10-01 11:00:00",-0.297785073736944,0.607505426821328
"2021-10-01 12:00:00",0.300795954346992,0.564571068378739
"2021-10-01 13:00:00",0.699950079068944,0.269522875327446
"2021-10-01 14:00:00",0.984858086303793,0.280723990394446
"2021-10-01 15:00:00",1.01219360471429,-0.144155323085576
"2021-10-01 16:00:00",0.264666287388057,-1.11555080195031
"2021-10-01 17:00:00",-1.16711383874855,-1.57489988708271
"2021-10-01 18:00:00",-1.90187751669967,-0.138262907717152
"2021-10-01 19:00:00",-1.77186933676678,0.305125393261827
"2021-10-01 20:00:00",-1.5146875212041,0.215282079473315
"2021-10-01 21:00:00",-1.3508264968498,0.123746149835477
"2021-10-01 22:00:00",-1.37320388364248,-0.116987402359018
"2021-10-01 23:00:00",-1.59060951972364,-0.272249512521721
"2021-10-02 00:00:00",-1.85415208891731,-0.243165012471991
"2021-10-02 01:00:00",-2.28309410189091,-0.530018951207911
"2021-10-02 02:00:00",-2.51539424214133,-0.0198435508373474
"2021-10-02 03:00:00",-2.37153655775847,0.249395297069687
"2021-10-02 04:00:00",-2.38019111339118,-0.177217671010719
"2021-10-02 05:00:00",-2.55546870669653,-0.162588047561121
"2021-10-02 06:00:00",-2.70496667076662,-0.130374376303381
"2021-10-02 07:00:00",-2.19308395199689,0.919208145436836
"2021-10-02 08:00:00",-1.10229347140415,1.15616910559879
"2021-10-02 09:00:00",0.363783726530658,1.60443246351337
"2021-10-02 10:00:00",1.642680793975,1.00063600328191
"2021-10-02 11:00:00",2.41258828834434,0.577388828986615
"2021-10-02 12:00:00",2.99658351810938,0.557539493760509
"2021-10-02 13:00:00",3.42808867693172,0.323117457456994
"2021-10-02 14:00:00",3.64382361097772,0.129478790147904
"2021-10-02 15:00:00",3.69964863950561,-0.000624833592234832
"2021-10-02 16:00:00",3.02586761149592,-1.0952939451583
"2021-10-02 17:00:00",1.50266493922857,-1.73998784084405
"2021-10-02 18:00:00",1.21481109067571,0.691961411222408
"2021-10-02 19:00:00",2.1215820854133,1.00532038695873
"2021-10-02 20:00:00",2.85749412644702,0.518605585675672
"2021-10-02 21:00:00",3.20316991651954,0.210282763363969
"2021-10-02 22:00:00",3.35600172762611,0.103141763707898
"2021-10-02 23:00:00",4.28268916109413,1.42734847523686
"2021-10-03 00:00:00",4.80217092967544,-0.115956561942871
"2021-10-03 01:00:00",4.73616895419923,-0.0357511661050225
"2021-10-03 02:00:00",4.41677318685635,-0.499414495602318
"2021-10-03 03:00:00",4.65588376643576,0.714398488111677
"2021-10-03 04:00:00",5.18560516340329,0.375433846329691
"2021-10-03 05:00:00",5.26304674904677,-0.131578684648046
"2021-10-03 06:00:00",4.74083876359073,-0.764590066848432
"2021-10-03 07:00:00",4.11317842912879,-0.512658398434539
"2021-10-03 08:00:00",3.52888696557431,-0.609581101772225
"2021-10-03 09:00:00",3.0482654242231,-0.376358436574013
"2021-10-03 10:00:00",2.5692262238646,-0.528656231965184
"2021-10-03 11:00:00",4.17504055600094,2.94915268640591
"2021-10-03 12:00:00",4.17698095484319,-1.96830671276242
"2021-10-03 13:00:00",4.91514208358818,2.50198312959498
"2021-10-03 14:00:00",6.5253809214363,0.932901551259628
"2021-10-03 15:00:00",6.88726087707551,-0.0443995509757297
"2021-10-03 16:00:00",6.76113734910309,-0.183486843384402
"2021-10-03 17:00:00",6.52773257954205,-0.264303951789079
"2021-10-03 18:00:00",6.50747356446479,0.134985945720097
"2021-10-03 19:00:00",6.62976299305264,0.0996286098176484
"2021-10-03 20:00:00",6.57366896989438,-0.165784888062075
"2021-10-03 21:00:00",6.50647365938301,-0.0067477601917233
"2021-10-03 22:00:00",6.61535830055602,0.172413263360191
"2021-10-03 23:00:00",6.50713898932151,-0.298686540356911
"2021-10-04 00:00:00",6.62791519588617,0.386289030309022
"2021-10-04 01:00:00",7.14406130925144,0.569648403896845
"2021-10-04 02:00:00",7.22534639172244,-0.257353380709232
"2021-10-04 03:00:00",6.55068322372116,-0.930115978093984
"2021-10-04 04:00:00",5.8934502182105,-0.452523992074402
"2021-10-04 05:00:00",5.096053993176,-0.997009677278415
"2021-10-04 06:00:00",4.14994294158961,-0.873787372218455
"2021-10-04 07:00:00",3.4100949423815,-0.620747090883693
"2021-10-04 08:00:00",2.37794966068559,-1.26175345743873
"2021-10-04 09:00:00",0.772725313929746,-1.76098605388786
"2021-10-04 10:00:00",-0.76725720592715,-1.32046607298986
"2021-10-04 11:00:00",-1.79680614636852,-0.785695276906831
"2021-10-04 12:00:00",-2.16481302172002,-0.0697498430809264
"2021-10-04 13:00:00",-1.91287975593234,0.457202906953212
"2021-10-04 14:00:00",-1.75950993753196,-0.0540052553378065
"2021-10-04 15:00:00",-1.72486548609691,0.0943642713312048
"2021-10-04 16:00:00",-1.55034437229441,0.221887628132462
"2021-10-04 17:00:00",-1.38626888063738,0.119735724199148
"2021-10-04 18:00:00",-1.52333672305992,-0.29996760925486
"2021-10-04 19:00:00",-1.49535858519512,0.247238400757203
"2021-10-04 20:00:00",-1.38723763826345,0.0121666207312155
"2021-10-04 21:00:00",-1.206567216457,0.286206635611849
"2021-10-04 22:00:00",-1.09093214465673,-0.00201750814101359
"2021-10-04 23:00:00",-1.09182110306945,0.00131140849509795
"2021-10-05 00:00:00",-0.125933153659948,1.56443664383936
"2021-10-05 01:00:00",0.673089440286515,0.250948426491555
"2021-10-05 02:00:00",1.28998790080557,0.83067906585086
"2021-10-05 03:00:00",1.79054362172641,0.255028853735109
"2021-10-05 04:00:00",1.82722802783491,-0.112926603563068
"2021-10-05 05:00:00",1.60532044701753,-0.286369989522446
"2021-10-05 06:00:00",1.18965467703198,-0.484177938058135
"2021-10-05 07:00:00",0.786585894700119,-0.331376340620825
"2021-10-05 08:00:00",0.339235397035863,-0.504421077966178
"2021-10-05 09:00:00",-0.283583956133376,-0.672591363783632
"2021-10-05 10:00:00",-0.74512887544577,-0.298551925966797
"2021-10-05 11:00:00",-0.897406096852371,-0.0465661152346264
"2021-10-05 12:00:00",-0.862376090323468,0.0889182913515877
"2021-10-05 13:00:00",-0.729420359064604,0.157106811255922
"2021-10-05 14:00:00",-1.08993415290653,-0.687517050135401
"2021-10-05 15:00:00",-1.96995606467502,-0.965133755963814
"2021-10-05 16:00:00",-2.49179953041352,-0.19898546018821
"2021-10-05 17:00:00",-2.54116141791366,0.0559420413559009
"2021-10-05 18:00:00",-2.14863393235991,0.601535862886816
"2021-10-05 19:00:00",-1.71011762365585,0.311769150939087
"2021-10-05 20:00:00",-1.64316218867255,-0.0972289781630417
"2021-10-05 21:00:00",-1.62246772546255,0.100442745423692
"2021-10-05 22:00:00",-1.43640503853865,0.236390808239529
"2021-10-05 23:00:00",-0.886837514104997,0.734084321029305
"2021-10-06 00:00:00",-0.124665167051144,0.745822216010664
"2021-10-06 01:00:00",-0.00606897797198408,-0.305022396129443
"2021-10-06 02:00:00",0.128684859893475,0.421537440698561
"2021-10-06 03:00:00",0.65646642511139,0.573364120321036
"2021-10-06 04:00:00",1.35521324022495,0.748283945493038
"2021-10-06 05:00:00",1.43712873741494,-0.367961516295773
"2021-10-06 06:00:00",0.722739588919804,-0.913241562491664
"2021-10-06 07:00:00",0.314427548487113,-0.0532266448102596
"2021-10-06 08:00:00",0.213403580995044,-0.128492886401829
"2021-10-06 09:00:00",0.115799228131431,-0.0726492402107155
"2021-10-06 10:00:00",0.255138966736877,0.273892781406715
"2021-10-06 11:00:00",0.455144354971202,0.140915060642351
"2021-10-06 12:00:00",-0.11706252055472,-1.02100905429055
"2021-10-06 13:00:00",-1.17214330922253,-1.02750728698004
"2021-10-06 14:00:00",-1.68874261481275,-0.149940858721723
"2021-10-06 15:00:00",-1.49589393628006,0.414383233364741
"2021-10-06 16:00:00",-1.45981245204182,-0.215902383547398
"2021-10-06 17:00:00",-2.15388513220509,-0.977984491600004
"2021-10-06 18:00:00",-2.95170594875373,-0.63702631154577
"2021-10-06 19:00:00",-3.50750141618419,-0.471427888315407
"2021-10-06 20:00:00",-3.90654307183789,-0.327303029223384
"2021-10-06 21:00:00",-4.40738972555082,-0.587706581456883
"2021-10-06 22:00:00",-4.50336607829467,0.242078333967722
"2021-10-06 23:00:00",-4.82267557773096,-0.672585326079334
"2021-10-07 00:00:00",-4.86920485902278,0.3792598776226
"2021-10-07 01:00:00",-4.47226927009264,0.396131509335959
"2021-10-07 02:00:00",-4.85957435536047,-0.885419880766419
"2021-10-07 03:00:00",-5.22269005551531,0.00859824970360756
"2021-10-07 04:00:00",-5.67426806590576,-0.730168363477209
"2021-10-07 05:00:00",-6.46200689072091,-0.78137380359474
"2021-10-07 06:00:00",-6.90985052062337,-0.195885785476343
"2021-10-07 07:00:00",-6.51881453028227,0.772632781883052
"2021-10-07 08:00:00",-5.56795065077369,1.03289827760871
"2021-10-07 09:00:00",-3.68128888812755,2.37334967704142
"2021-10-07 10:00:00",-1.41797088057909,2.08715707757543
"2021-10-07 11:00:00",0.0213027463878157,0.940792464008441
"2021-10-07 12:00:00",0.649738477126825,0.390311117331061
"2021-10-07 13:00:00",1.13711810853306,0.528093662824802
"2021-10-07 14:00:00",1.60318711939395,0.401107356858796
"2021-10-07 15:00:00",1.84235614405626,0.117780943894064
"2021-10-07 16:00:00",0.43033386372287,-2.36714951103964
"2021-10-07 17:00:00",-1.34203188305857,-1.29218278790461
"2021-10-07 18:00:00",-1.63460569611902,0.389453156958483
"2021-10-07 19:00:00",-0.281142579967855,1.93391620288118
"2021-10-07 20:00:00",0.885486601779493,0.600037961337579
"2021-10-07 21:00:00",1.31297971571341,0.291009928690201
"2021-10-07 22:00:00",1.52214762994016,0.142976069121193
"2021-10-07 23:00:00",1.48672397529478,-0.154632916126085
"2021-10-08 00:00:00",1.13134559546021,-0.474234859707548
"2021-10-08 01:00:00",0.465555880563569,-0.763310739881151
"2021-10-08 02:00:00",-0.269780341275563,-0.682344067186725
"2021-10-08 03:00:00",-0.730992071567432,-0.291528542574301
"2021-10-08 04:00:00",-1.22843412517745,-0.610135326397073
"2021-10-08 05:00:00",-1.81439368557,-0.540415279063112
"2021-10-08 06:00:00",-2.09732691168677,-0.0954986020523688
"2021-10-08 07:00:00",-1.61149504348533,0.852995149577418
"2021-10-08 08:00:00",-1.17900160704445,0.133688456975924
"2021-10-08 09:00:00",-0.972425115439036,0.24687056721902
"2021-10-08 10:00:00",-0.74024834881699,0.212601237265735
"2021-10-08 11:00:00",-0.440494990410592,0.34456358386176
"2021-10-08 12:00:00",-0.1446367398074,0.249897203541546
"2021-10-08 13:00:00",0.0398345509133556,0.132275174202755
"2021-10-08 14:00:00",0.176818480370966,0.133562327634817
"2021-10-08 15:00:00",0.0507854476718875,-0.293332518500437
"2021-10-08 16:00:00",-1.03273665735904,-1.5588834223628
"2021-10-08 17:00:00",-2.67058922353348,-1.61133729063303
"2021-10-08 18:00:00",-3.66286800679611,-0.528986331075745
"2021-10-08 19:00:00",-4.01177258615345,-0.207552431265731
"2021-10-08 20:00:00",-4.29199172093889,-0.31017739872246
"2021-10-08 21:00:00",-4.72749523834012,-0.492827361242075
"2021-10-08 22:00:00",-5.14990138556889,-0.349295166727593
"2021-10-08 23:00:00",-5.47028982695953,-0.279256823741214
"2021-10-09 00:00:00",-5.66010852492801,-0.11412523489942
"2021-10-09 01:00:00",-6.15197948608594,-0.713030203652865
"2021-10-09 02:00:00",-6.43410843977053,0.0264676890073837
"2021-10-09 03:00:00",-6.41067535971874,0.0285874808511906
"2021-10-09 04:00:00",-6.51400276275525,-0.178098351666293
"2021-10-09 05:00:00",-6.87935295612216,-0.464427521539678
"2021-10-09 06:00:00",-7.28401759529531,-0.336729283516524
"2021-10-09 07:00:00",-6.8782656236454,0.890836185133091
"2021-10-09 08:00:00",-5.92123152972712,0.964550944967165
"2021-10-09 09:00:00",-4.99697304799446,0.861107198021678
"2021-10-09 10:00:00",-4.12510328627198,0.844053069905954
"2021-10-09 11:00:00",-3.51200258309606,0.435316501157702
"2021-10-09 12:00:00",-2.6050938044833,1.18272814271758
"2021-10-09 13:00:00",-1.81989712753385,0.486225052527747
"2021-10-09 14:00:00",-1.53694973987469,0.136330869608756
"2021-10-09 15:00:00",-1.69275419516768,-0.341173810829566
"2021-10-09 16:00:00",-2.83341760728144,-1.61726259865864
"2021-10-09 17:00:00",-4.37003217447487,-1.40618005593342
"2021-10-09 18:00:00",-5.26564146312333,-0.507044550930302
"2021-10-09 19:00:00",-5.77791779125114,-0.484635796105369
"2021-10-09 20:00:00",-6.20394752450956,-0.359269626594025
"2021-10-09 21:00:00",-6.43597342795251,-0.128178087603357
"2021-10-09 22:00:00",-6.71320645825455,-0.355134008968066
"2021-10-09 23:00:00",-7.24003125530686,-0.607598402518365
"2021-10-10 00:00:00",-7.26408747298784,0.375437935683074
"2021-10-10 01:00:00",-7.7488949409329,-1.02589649487773
"2021-10-10 02:00:00",-8.42520508920016,-0.401133509131523
"2021-10-10 03:00:00",-8.75128316020176,-0.249690255448727
"2021-10-10 04:00:00",-9.22601236104966,-0.590916935578101
"2021-10-10 05:00:00",-9.95950808974289,-0.781802805131798
"2021-10-10 06:00:00",-10.2481026707102,0.066752949335022
"2021-10-10 07:00:00",-9.19840013506859,1.66831564917513
"2021-10-10 08:00:00",-7.47907569411938,1.6834815531422
"2021-10-10 09:00:00",-5.92531846385159,1.40307977031513
"2021-10-10 10:00:00",-4.84928721290505,0.814505617886545
"2021-10-10 11:00:00",-4.25261731696953,0.429343937552495
"2021-10-10 12:00:00",-3.41639255636065,1.07321709667012
"2021-10-10 13:00:00",-2.75178713371563,0.365022972565113
"2021-10-10 14:00:00",-2.46019975180371,0.232321045316021
"2021-10-10 15:00:00",-2.59883728651864,-0.376180903467469
"2021-10-10 16:00:00",-4.6911578739819,-3.13361978319487
"2021-10-10 17:00:00",-6.3221202939947,-0.545660493431375
"2021-10-10 18:00:00",-6.59285418911606,-0.0664408382929691
"2021-10-10 19:00:00",-6.5247418189551,0.16307185939043
"2021-10-10 20:00:00",-6.29951986070283,0.264360008052469
"2021-10-10 21:00:00",-6.49136131205361,-0.478736898256809
"2021-10-10 22:00:00",-7.3812574454475,-1.11334562271349
"2021-10-10 23:00:00",-8.62421604025764,-1.26078973196289
"2021-10-11 00:00:00",-9.579565022589,-0.695214562505486
"2021-10-11 01:00:00",-10.2041815158907,-0.535526349659841
"2021-10-11 02:00:00",-9.8048450261119,1.01674069403479
"2021-10-11 03:00:00",-8.85562534036927,0.871734612699215
"2021-10-11 04:00:00",-7.89886898561848,0.97938343087504
"2021-10-11 05:00:00",-6.97172564776404,0.858438390820521
"2021-10-11 06:00:00",-6.29575549674235,0.531188783132507
"2021-10-11 07:00:00",-5.80402689640764,0.450168312767354
"2021-10-11 08:00:00",-5.62079111128109,0.00405557305241205
"2021-10-11 09:00:00",-5.23735717541896,0.625370960226239
"2021-10-11 10:00:00",-4.11629530103908,1.40499359156203
"2021-10-11 11:00:00",-2.45744997094493,1.75455393699601
"2021-10-11 12:00:00",-1.92599170280145,-0.30601295169533
"2021-10-11 13:00:00",-2.01655436611822,0.0598537374427665
"2021-10-11 14:00:00",-1.97467915200875,0.0304983744895142
"2021-10-11 15:00:00",-2.14453071927788,-0.292800136181666
"2021-10-11 16:00:00",-2.79213890558354,-0.850605528721686
"2021-10-11 17:00:00",-3.4490310823006,-0.492939093845583
"2021-10-11 18:00:00",-3.46387391615556,0.309032344635331
"2021-10-11 19:00:00",-3.17999242659494,0.258088203320395
"2021-10-11 20:00:00",-2.84553017911153,0.373581709293838
"2021-10-11 21:00:00",-2.58562212288447,0.175442976391001
"2021-10-11 22:00:00",-2.88281506516428,-0.59482398741431
"2021-10-11 23:00:00",-3.36644004648531,-0.382797233006981
"2021-10-12 00:00:00",-3.64970187363376,-0.199107612087354
"2021-10-12 01:00:00",-3.82709974102709,-0.149792126430775
"2021-10-12 02:00:00",-3.96991282087367,-0.126442490977125
"2021-10-12 03:00:00",-4.15923443300196,-0.217128263656354
"2021-10-12 04:00:00",-4.04361623209462,0.337310894825557
"2021-10-12 05:00:00",-3.46336094886633,0.719852698156143
"2021-10-12 06:00:00",-3.28036886626128,-0.179141736378097
"2021-10-12 07:00:00",-3.43425283080498,-0.125506198608325
"2021-10-12 08:00:00",-3.53136523358472,-0.0691434434531739
"2021-10-12 09:00:00",-3.74798752554992,-0.300095607744309
"2021-10-12 10:00:00",-4.1242560940449,-0.404340002652783
"2021-10-12 11:00:00",-4.54058353450748,-0.399220819708276
"2021-10-12 12:00:00",-4.5544027261534,0.249618537479717
"2021-10-12 13:00:00",-4.29990471399034,0.251526141848247
"2021-10-12 14:00:00",-4.22690729795561,-0.0439476736388132
"2021-10-12 15:00:00",-4.93276821679505,-1.10814012198993
"2021-10-12 16:00:00",-5.82175784779513,-0.694291214784683
"2021-10-12 17:00:00",-6.47065926713229,-0.580304797236715
"2021-10-12 18:00:00",-6.8026565052707,-0.142347306002383
"2021-10-12 19:00:00",-6.98630472975393,-0.193688985382032
"2021-10-12 20:00:00",-7.25290928699777,-0.293542717405064
"2021-10-12 21:00:00",-7.2999701766742,0.128839920634743
"2021-10-12 22:00:00",-7.25835121792515,-0.00909836225627425
"2021-10-12 23:00:00",-7.15271089243278,0.186464609891413
"2021-10-13 00:00:00",-7.08878093899462,-0.0115793942991982
"2021-10-13 01:00:00",-7.24404324051578,-0.234536749480834
"2021-10-13 02:00:00",-7.30036018657369,0.0745050347091715
"2021-10-13 03:00:00",-7.19134071281262,0.136255387732236
"2021-10-13 04:00:00",-7.16469838214523,-0.0384311010654506
"2021-10-13 05:00:00",-7.33485984366334,-0.240661854320008
"2021-10-13 06:00:00",-7.59177778708889,-0.246094908898928
"2021-10-13 07:00:00",-7.07077465668174,1.01741817325583
"2021-10-13 08:00:00",-6.15656464709475,0.811074428079915
"2021-10-13 09:00:00",-5.49653782408637,0.535899394496009
"2021-10-13 10:00:00",-4.8542300361712,0.689806278741043
"2021-10-13 11:00:00",-4.19054978973694,0.620980667072298
"2021-10-13 12:00:00",-4.16165788782217,-0.36180026694168
"2021-10-13 13:00:00",-4.17839732235061,0.21945537174307
"2021-10-13 14:00:00",-4.01845198896024,0.118056410546646
"2021-10-13 15:00:00",-4.10627999703118,-0.215730275859333
"2021-10-13 16:00:00",-4.81453262141491,-0.99764826023356
"2021-10-13 17:00:00",-6.11784731080246,-1.43895220077111
"2021-10-13 18:00:00",-6.51742594805662,0.32019650569397
"2021-10-13 19:00:00",-6.10892249844056,0.456360255379416
"2021-10-13 20:00:00",-5.48866865218976,0.707912259337628
"2021-10-13 21:00:00",-4.73817324511683,0.75029330734628
"2021-10-13 22:00:00",-4.02056777902957,0.667819379346678
"2021-10-13 23:00:00",-3.5774854601468,0.27738604464633
"2021-10-14 00:00:00",-3.169234575826,0.480702748030431
"2021-10-14 01:00:00",-2.7798004567166,0.314167598275213
"2021-10-14 02:00:00",-2.39616014704034,0.415306365245851
"2021-10-14 03:00:00",-1.88223942478634,0.558329014331483
"2021-10-14 04:00:00",-1.33952643475471,0.508938556294565
"2021-10-14 05:00:00",-0.99358077338476,0.222572561403884
"2021-10-14 06:00:00",-1.14087890392597,-0.385594585718672
"2021-10-14 07:00:00",-1.64618483398644,-0.559630198784905
"2021-10-14 08:00:00",-2.24673025557647,-0.597162976496799
"2021-10-14 09:00:00",-2.72071153373406,-0.366443122126754
"2021-10-14 10:00:00",-3.12973348641579,-0.414465002376744
"2021-10-14 11:00:00",-3.48672010961585,-0.297671615915044
"2021-10-14 12:00:00",-3.88461413836394,-0.441307199920637
"2021-10-14 13:00:00",-3.70617595232237,0.588121218882782
"2021-10-14 14:00:00",-2.92482475075279,0.877815466956372
"2021-10-14 15:00:00",-2.02838872016392,0.870020382223681
"2021-10-14 16:00:00",-1.59078458475782,0.13115061805398
"2021-10-14 17:00:00",-1.49569294536089,0.0685839113155221
"2021-10-14 18:00:00",-1.11076859403109,0.579450397369779
"2021-10-14 19:00:00",-0.443473894503856,0.695578493678658
"2021-10-14 20:00:00",0.0254380813794242,0.296092582204536
"2021-10-14 21:00:00",0.266848418158469,0.193451679526994
"2021-10-14 22:00:00",0.103696459352163,-0.393474680984052
"2021-10-14 23:00:00",0.0814285849874981,0.22612367748133
"2021-10-15 00:00:00",0.69612832201207,0.844430997819883
"2021-10-15 01:00:00",1.83295790915194,1.27684024444419
"2021-10-15 02:00:00",2.29634290706697,-0.103291028036304
"2021-10-15 03:00:00",2.55132931577911,0.478758146414806
"2021-10-15 04:00:00",2.52420154823271,-0.366377878137688
"2021-10-15 05:00:00",2.30627316156737,-0.111860590847312
"2021-10-15 06:00:00",1.86815882847357,-0.637766091923377
"2021-10-15 07:00:00",1.44706655457722,-0.259042771715192
"2021-10-15 08:00:00",1.30528672236194,-0.0587332583585103
"2021-10-15 09:00:00",0.504470411034046,-1.25915769110424
"2021-10-15 10:00:00",-0.283293303509091,-0.436722410818803
"2021-10-15 11:00:00",-0.418027354294747,0.0733556440819121
"2021-10-15 12:00:00",-2.09846406301555,-2.7692198985341
"2021-10-15 13:00:00",-3.8843094306713,-1.0427071375961
"2021-10-15 14:00:00",-4.88446594383698,-0.919257811048367
"2021-10-15 15:00:00",-4.88541064271563,0.617592682908293
"2021-10-15 16:00:00",-4.90821202853086,-0.442344719330991
"2021-10-15 17:00:00",-5.23717497131196,-0.231419561719822
"2021-10-15 18:00:00",-5.10906222372251,0.368457666023215
"2021-10-15 19:00:00",-4.68893586334437,0.441190954861953
"2021-10-15 20:00:00",-4.42189772511457,0.144290885461303
"2021-10-15 21:00:00",-4.39635885293485,-0.0491433505423694
"2021-10-15 22:00:00",-4.45221794785909,-0.0520166649680352
"2021-10-15 23:00:00",-4.64171609388168,-0.266408978051323
"2021-10-16 00:00:00",-4.91251454823718,-0.254875258762578
"2021-10-16 01:00:00",-5.19947130707865,-0.288377818290208
"2021-10-16 02:00:00",-5.25834579297729,0.103622842186815
"2021-10-16 03:00:00",-5.27111833346685,-0.0829853256653132
"2021-10-16 04:00:00",-4.81233789176485,0.804942900733646
"2021-10-16 05:00:00",-4.40735337135605,0.125306662723226
"2021-10-16 06:00:00",-4.08641414787814,0.441787195922412
"2021-10-16 07:00:00",-3.86048279021153,0.076559521556151
"2021-10-16 08:00:00",-3.96320813355882,-0.212390521824052
"2021-10-16 09:00:00",-4.43925803406719,-0.62409128920832
"2021-10-16 10:00:00",-5.01123222964326,-0.504329799328804
"2021-10-16 11:00:00",-5.38328007714261,-0.259724444296686
"2021-10-16 12:00:00",-5.16347799603597,0.535973043045599
"2021-10-16 13:00:00",-4.4941106189679,0.733141157005927
"2021-10-16 14:00:00",-4.00220181054244,0.313505863249107
"2021-10-16 15:00:00",-3.75031482921691,0.203996133759736
"2021-10-16 16:00:00",-3.81194133159323,-0.230944174131485
"2021-10-16 17:00:00",-3.53619654348426,0.605340553308114
"2021-10-16 18:00:00",-3.22735266470245,0.101063436550401
"2021-10-16 19:00:00",-3.11366614460369,0.120858209057108
"2021-10-16 20:00:00",-3.07919590643216,-0.020746515436875
"2021-10-16 21:00:00",-2.80655175081753,0.459246592159012
"2021-10-16 22:00:00",-2.74401446310514,-0.201286330922283
"2021-10-16 23:00:00",-2.70967424028533,0.193326035398057
"2021-10-17 00:00:00",-2.51892671656807,0.183456019708945
"2021-10-17 01:00:00",-1.95492585345182,0.794138054784395
"2021-10-17 02:00:00",-2.04147551268291,-0.667032980265513
"2021-10-17 03:00:00",-2.94059209170359,-1.00848028340062
"2021-10-17 04:00:00",-3.27557827257231,0.133709856947714
"2021-10-17 05:00:00",-3.96754116666096,-1.20529955861416
"2021-10-17 06:00:00",-4.37043363672184,0.156294290445027
"2021-10-17 07:00:00",-3.71118129369992,0.968856515422367
"2021-10-17 08:00:00",-3.46080205815631,-0.235713166159972
"2021-10-17 09:00:00",-4.01196925415375,-0.730815640903573
"2021-10-17 10:00:00",-4.16985865976969,0.236727568152653
"2021-10-17 11:00:00",-3.43771932058564,1.0329907390441
"2021-10-17 12:00:00",-3.40542160196579,-0.631924616925705
"2021-10-17 13:00:00",-3.41887276115788,0.403884908764955
"2021-10-17 14:00:00",-2.88836455914918,0.594118439128258
"2021-10-17 15:00:00",-2.45953916728614,0.301976317478447
"2021-10-17 16:00:00",-2.33729120709809,-0.000208711513124654
"2021-10-17 17:00:00",-2.181351143274,0.255639138698438
"2021-10-17 18:00:00",-2.05197771696839,0.0418608457062675
"2021-10-17 19:00:00",-2.0072303131861,0.0471895449792066
"2021-10-17 20:00:00",-1.71482603103232,0.444569653853994
"2021-10-17 21:00:00",-1.41363696748086,0.193501026418509
"2021-10-17 22:00:00",-1.15285988888217,0.29505666889516
"2021-10-17 23:00:00",-1.00554567462204,0.0433062035543322
"2021-10-18 00:00:00",-0.992284475956624,-0.00610288773604199
"2021-10-18 01:00:00",-0.8598967092961,0.219700980182093
"2021-10-18 02:00:00",-0.569118000219339,0.325453502175104
"2021-10-18 03:00:00",-0.0709043633010577,0.590443683637807
"2021-10-18 04:00:00",0.330947381357778,0.257121541894366
"2021-10-18 05:00:00",0.275680218133836,-0.261322975506203
"2021-10-18 06:00:00",-0.312134148814351,-0.777894293281339
"2021-10-18 07:00:00",-0.610752814034472,0.0354853987262916
"2021-10-18 08:00:00",-0.419154480388582,0.287354247392935
"2021-10-18 09:00:00",-0.136812127065018,0.266124540601812
"2021-10-18 10:00:00",0.506154585327482,0.863813509167068
"2021-10-18 11:00:00",1.18538859208331,0.523254094016459
"2021-10-18 12:00:00",1.73138825048977,0.533690072178398
"2021-10-18 13:00:00",1.90381770538187,-0.0788316801513043
"2021-10-18 14:00:00",1.83027386099075,-0.0689771751577566
"2021-10-18 15:00:00",1.29751434681196,-0.818984604951722
"2021-10-18 16:00:00",-0.140368099709106,-1.78381875206269
"2021-10-18 17:00:00",-1.07865117272192,-0.32983466629008
"2021-10-18 18:00:00",-0.979750294392015,0.38140998038728
"2021-10-18 19:00:00",-0.804355767673529,0.030981080267897
"2021-10-18 20:00:00",-1.25994283156444,-0.757274647507249
"2021-10-18 21:00:00",-1.59796909112781,-0.0408457132759493
"2021-10-18 22:00:00",-1.65790236751624,-0.0677509764921498
"2021-10-18 23:00:00",-1.52796126610522,0.257695239468037
"2021-10-19 00:00:00",-0.776298164159316,1.04721981824321
"2021-10-19 01:00:00",-0.487374703717118,-0.229328018722458
"2021-10-19 02:00:00",-0.891686307233549,-0.501124697574378
"2021-10-19 03:00:00",-1.24240483897438,-0.232634507845419
"2021-10-19 04:00:00",-1.68460085661504,-0.559287500327735
"2021-10-19 05:00:00",-2.0430619225562,-0.205374431609781
"2021-10-19 06:00:00",-2.02776897360678,0.164308017868392
"2021-10-19 07:00:00",-1.61313778874382,0.564420441027799
"2021-10-19 08:00:00",-0.917029466092904,0.752898821411473
"2021-10-19 09:00:00",-0.732619554056724,-0.202157645605983
"2021-10-19 10:00:00",0.209839537598572,1.66168301265709
"2021-10-19 11:00:00",1.82097542886822,1.50060783990891
"2021-10-19 12:00:00",2.22140016461914,-0.3543926910695
"2021-10-19 13:00:00",2.41796880129746,0.551666675342279
"2021-10-19 14:00:00",2.79629964623898,0.24168175614828
"2021-10-19 15:00:00",3.12300129779025,0.364252671298895
"2021-10-19 16:00:00",3.18005900669577,-0.154471101026696
"2021-10-19 17:00:00",3.52366929966693,0.655232990011344
"2021-10-19 18:00:00",3.87880379099102,0.133655861043346
"2021-10-19 19:00:00",3.95921287193954,0.0360926303120307
"2021-10-19 20:00:00",3.86928290538231,-0.174772020673536
"2021-10-19 21:00:00",4.08731284104348,0.464546894749245
"2021-10-19 22:00:00",4.88029930297467,0.968993370188376
"2021-10-19 23:00:00",5.39561271312267,0.182089123599657
"2021-10-20 00:00:00",5.67528576754382,0.324485261343332
"2021-10-20 01:00:00",6.06882937086788,0.413567631832978
"2021-10-20 02:00:00",5.91886631726809,-0.526337943394917
"2021-10-20 03:00:00",5.6237331022099,-0.134601820703818
"2021-10-20 04:00:00",5.4691585145643,-0.16779097338738
"2021-10-20 05:00:00",5.28199268493699,-0.198235715963951
"2021-10-20 06:00:00",5.07850705863874,-0.204122353948828
"2021-10-20 07:00:00",5.08648955978206,0.142459881273562
"2021-10-20 08:00:00",5.48034907825121,0.536186062957194
"2021-10-20 09:00:00",6.19604269633405,0.79429204312975
"2021-10-20 10:00:00",6.27128517422859,-0.415675460483844
"2021-10-20 11:00:00",5.17476212272857,-1.50638885008367
"2021-10-20 12:00:00",4.60493808648166,0.0749514438458643
"2021-10-20 13:00:00",5.08511690519189,0.721574141586152
"2021-10-20 14:00:00",6.31983141435764,1.51157680326128
"2021-10-20 15:00:00",7.21927565981931,0.440478054871833
"2021-10-20 16:00:00",6.88292883451942,-0.847541063377286
"2021-10-20 17:00:00",6.37830577032695,-0.260904879135568
"2021-10-20 18:00:00",6.50488954271001,0.370670935119065
"2021-10-20 19:00:00",6.9991673630879,0.54481108038779
"2021-10-20 20:00:00",7.52632643838363,0.481321913888334
"2021-10-20 21:00:00",7.96953928082368,0.387047643557783
"2021-10-20 22:00:00",8.38842034236244,0.409928508888273
"2021-10-20 23:00:00",8.62283057455419,0.0954517209497133
"2021-10-21 00:00:00",8.55710036806804,-0.181170892455726
"2021-10-21 01:00:00",8.4949460108487,0.00911555067937792
"2021-10-21 02:00:00",8.54091618899555,0.0574084905392435
"2021-10-21 03:00:00",8.50437361765534,-0.108444861346794
"2021-10-21 04:00:00",9.00044444486833,0.864542805508587
"2021-10-21 05:00:00",9.63763368673887,0.443746005796372
"2021-10-21 06:00:00",9.3983433979604,-0.695688210316833
"2021-10-21 07:00:00",8.56972201277589,-0.889977111904587
"2021-10-21 08:00:00",7.28635361873713,-1.495682879161
"2021-10-21 09:00:00",5.35327194413445,-2.14220630540222
"2021-10-21 10:00:00",3.65815362612296,-1.32341197006011
"2021-10-21 11:00:00",1.60426836133323,-2.44797379943548
"2021-10-21 12:00:00",-0.373550050415863,-1.57246938054508
"2021-10-21 13:00:00",-0.885638114468481,0.219636309912422
"2021-10-21 14:00:00",-0.83653047269787,-0.065768548671479
"2021-10-21 15:00:00",-0.993722380099254,-0.209592174623105
"2021-10-21 16:00:00",-1.55764734377262,-0.772064970298538
"2021-10-21 17:00:00",-2.33026817409651,-0.734269774578596
"2021-10-21 18:00:00",-2.84927928425767,-0.347841912845887
"2021-10-21 19:00:00",-3.02474462112389,-0.0485399939439034
"2021-10-21 20:00:00",-2.93772986595099,0.17714584724352
"2021-10-21 21:00:00",-3.15588981218107,-0.467540319023014
"2021-10-21 22:00:00",-3.40565624507687,-0.0886508910163106
"2021-10-21 23:00:00",-3.46116130048771,-0.0263821269780021
"2021-10-22 00:00:00",-3.59539359200927,-0.195292515759155
"2021-10-22 01:00:00",-3.7061460292589,-0.0444974448191641
"2021-10-22 02:00:00",-3.69485937684061,0.0527148108609765
"2021-10-22 03:00:00",-3.53938695455682,0.221349568251966
"2021-10-22 04:00:00",-3.11438912303223,0.545126259366478
"2021-10-22 05:00:00",-2.76939324432677,0.19919708698414
"2021-10-22 06:00:00",-2.79374408179378,-0.168654502687036
"2021-10-22 07:00:00",-2.92088390405814,-0.0898222275738677
"2021-10-22 08:00:00",-3.00076808006943,-0.0656990373592964
"2021-10-22 09:00:00",-3.21778618677902,-0.303716442741178
"2021-10-22 10:00:00",-3.22839957093933,0.18943611703306
"2021-10-22 11:00:00",-3.4944073100132,-0.552831223572269
"2021-10-22 12:00:00",-4.45974476648291,-1.18996186781045
"2021-10-22 13:00:00",-4.38041650013696,0.927484559111303
"2021-10-22 14:00:00",-5.01068191737112,-1.63315344686466
"2021-10-22 15:00:00",-5.58418335954199,0.166630444342221
"2021-10-22 16:00:00",-5.2264502248769,0.475329279546589
"2021-10-22 17:00:00",-4.91095393829554,0.200685360092221
"2021-10-22 18:00:00",-5.06790088917301,-0.381578207627026
"2021-10-22 19:00:00",-5.30053056585352,-0.115747447501521
"2021-10-22 20:00:00",-5.32052042717604,0.0516275959055989
"2021-10-22 21:00:00",-5.2062064742513,0.157528024799371
"2021-10-22 22:00:00",-5.08014687114138,0.10579943376638
"2021-10-22 23:00:00",-5.00803670344674,0.0527706631047279
"2021-10-23 00:00:00",-4.80566756544587,0.29893665101888
"2021-10-23 01:00:00",-4.60620858954935,0.129856047263098
"2021-10-23 02:00:00",-4.44436174773192,0.181418359979542
"2021-10-23 03:00:00",-4.35946405213643,0.0222443754179581
"2021-10-23 04:00:00",-4.33267444085054,0.0341642785818146
"2021-10-23 05:00:00",-4.27143297594958,0.0819655275656835
"2021-10-23 06:00:00",-4.48030450089393,-0.387330023954511
"2021-10-23 07:00:00",-4.50883439041672,0.21779517801764
"2021-10-23 08:00:00",-4.09527682036608,0.530221698919252
"2021-10-23 09:00:00",-3.54420048398908,0.544069555501158
"2021-10-23 10:00:00",-2.96377228343921,0.581652353661351
"2021-10-23 11:00:00",-2.46728694146384,0.419934734060096
"2021-10-23 12:00:00",-2.97953487629416,-1.10617151054814
"2021-10-23 13:00:00",-3.15713858842415,0.453710048426503
"2021-10-23 14:00:00",-2.95340843283885,0.0314668608642119
"2021-10-23 15:00:00",-2.79066239692366,0.246336168191327
"2021-10-23 16:00:00",-3.62623613510726,-1.51353284970259
"2021-10-23 17:00:00",-4.54115869514093,-0.467706498011624
"2021-10-23 18:00:00",-4.80345526637222,-0.107043053957822
"2021-10-23 19:00:00",-5.33849684767102,-0.788754564191453
"2021-10-23 20:00:00",-6.50209690347447,-1.35132013382476
"2021-10-23 21:00:00",-7.36169904959745,-0.482569382528036
"2021-10-23 22:00:00",-7.65989119733155,-0.151619917258274
"2021-10-23 23:00:00",-7.35283922901243,0.60810764476794
"2021-10-24 00:00:00",-7.07654431352033,0.0514356498648473
"2021-10-24 01:00:00",-6.97184615391895,0.144349513915557
"2021-10-24 02:00:00",-7.07378687259568,-0.252303382461009
"2021-10-24 03:00:00",-7.40841752114604,-0.364497880183791
"2021-10-24 04:00:00",-7.77448849094434,-0.340177766718276
"2021-10-24 05:00:00",-8.46362618576727,-0.879008160527331
"2021-10-24 06:00:00",-9.18026033940782,-0.563426460042704
"2021-10-24 07:00:00",-8.18885787111248,1.99265639412389
"2021-10-24 08:00:00",-6.08110791354911,2.09487090575106
"2021-10-24 09:00:00",-4.24411941924793,1.58561337062277
"2021-10-24 10:00:00",-2.80893107534861,1.27217641477968
"2021-10-24 11:00:00",-1.93478001534385,0.570885790527124
"2021-10-24 12:00:00",-1.57092396171786,0.211041506307689
"2021-10-24 13:00:00",-1.32147214166716,0.265228758486019
"2021-10-24 14:00:00",-1.27568808952154,-0.100982730296017
"2021-10-24 15:00:00",-1.81031973656397,-0.796676837745086
"2021-10-24 16:00:00",-3.30024746240183,-1.87895399114367
"2021-10-24 17:00:00",-4.56682254369483,-0.793889860176491
"2021-10-24 18:00:00",-4.96357822993466,-0.10726568457529
"2021-10-24 19:00:00",-5.0707465368683,-0.0956147752419211
"2021-10-24 20:00:00",-5.25872389228475,-0.234084662589098
"2021-10-24 21:00:00",-5.52957649581394,-0.275717039307878
"2021-10-24 22:00:00",-5.7931994106392,-0.235907721847928
"2021-10-24 23:00:00",-5.99731788715184,-0.165761334322489
"2021-10-25 00:00:00",-6.07720073712796,-0.0111073958306573
"2021-10-25 01:00:00",-6.40734695673259,-0.519315781506451
"2021-10-25 02:00:00",-6.57723007310245,0.0793972702483639
"2021-10-25 03:00:00",-6.54654842995798,0.00522252568926784
"2021-10-25 04:00:00",-6.75851105509496,-0.338242095715472
"2021-10-25 05:00:00",-7.00664995944642,-0.167570736731276
"2021-10-25 06:00:00",-7.3919642278796,-0.503135543140918
"2021-10-25 07:00:00",-6.96227773347186,1.04066416341
"2021-10-25 08:00:00",-5.62472560616645,1.48088603299671
"2021-10-25 09:00:00",-4.32559431701638,1.12347762205845
"2021-10-25 10:00:00",-3.58906636344095,0.44914047730532
"2021-10-25 11:00:00",-2.82804655833785,0.937397524277088
"2021-10-25 12:00:00",-2.18174491910253,0.425173367582087
"2021-10-25 13:00:00",-1.85781565957855,0.243852805674746
"2021-10-25 14:00:00",-1.65364577999662,0.170406994617122
"2021-10-25 15:00:00",-1.916638094339,-0.537292194522345
"2021-10-25 16:00:00",-2.97560707792727,-1.3539563315204
"2021-10-25 17:00:00",-3.94790379915201,-0.6678240141453
"2021-10-25 18:00:00",-4.41937359903835,-0.313078010503642
"2021-10-25 19:00:00",-4.63514855997267,-0.134959085144507
"2021-10-25 20:00:00",-4.8147867429816,-0.194914621308937
"2021-10-25 21:00:00",-5.00329735642032,-0.169079130634425
"2021-10-25 22:00:00",-5.08269779502695,-0.00939536992266844
"2021-10-25 23:00:00",-4.90850916806904,0.294848099221856
"2021-10-26 00:00:00",-4.99388007382492,-0.328464101855181
"2021-10-26 01:00:00",-5.38563505706545,-0.408897153526697
"2021-10-26 02:00:00",-5.06895863494256,0.792275605255673
"2021-10-26 03:00:00",-3.41364190650988,2.15853999871415
"2021-10-26 04:00:00",-2.04394003005919,0.783130139318644
"2021-10-26 05:00:00",-1.18933479627916,0.864278011800219
"2021-10-26 06:00:00",-0.513912573949713,0.51895743354202
"2021-10-26 07:00:00",-0.0959523445755574,0.331430922587763
"2021-10-26 08:00:00",0.361352304030334,0.51961186771293
"2021-10-26 09:00:00",0.750649150544873,0.283456861909772
"2021-10-26 10:00:00",0.734911639279479,-0.215416500525403
"2021-10-26 11:00:00",0.49607179715012,-0.244052627292754
"2021-10-26 12:00:00",0.952166812404653,0.900539639179874
"2021-10-26 13:00:00",1.31583405104803,-0.0127498339990954
"2021-10-26 14:00:00",1.32840455006516,0.0271575155129148
"2021-10-26 15:00:00",1.06404671226747,-0.447847782032331
"2021-10-26 16:00:00",0.118514574946955,-1.23375614336998
"2021-10-26 17:00:00",-0.126768799056571,0.425190319500156
"2021-10-26 18:00:00",0.0125518032655127,-0.0577130580978364
"2021-10-26 19:00:00",-0.0460644941633215,-0.0564492122218883
"2021-10-26 20:00:00",0.377377851252321,0.723302290828204
"2021-10-26 21:00:00",0.646269794868131,-0.0473070248003071
"2021-10-26 22:00:00",0.293362142603301,-0.540700794334161
"2021-10-26 23:00:00",0.268146723232937,0.319255881236443
"2021-10-27 00:00:00",1.36255003506655,1.55880865222891
"2021-10-27 01:00:00",2.31500881657738,0.501216364979311
"2021-10-27 02:00:00",2.65319263366563,0.210443901892927
"2021-10-27 03:00:00",3.15128314441811,0.66276384045223
"2021-10-27 04:00:00",3.7102571016465,0.45915905893153
"2021-10-27 05:00:00",3.57602673904569,-0.528219101251485
"2021-10-27 06:00:00",3.36403771054218,0.00429298482907275
"2021-10-27 07:00:00",3.16683402955813,-0.326496412118603
"2021-10-27 08:00:00",3.03514838681025,0.000362855835449122
"2021-10-27 09:00:00",3.13507463140192,0.157641204744983
"2021-10-27 10:00:00",3.35767713283315,0.251291528898095
"2021-10-27 11:00:00",3.65249878507036,0.305504820171892
"2021-10-27 12:00:00",3.01548089108323,-1.23979165763415
"2021-10-27 13:00:00",2.14276718224612,-0.590414155653059
"2021-10-27 14:00:00",2.10253028829999,0.325692615586589
"2021-10-27 15:00:00",2.69123331171029,0.733356229567221
"2021-10-27 16:00:00",3.17273178842925,0.287247737844272
"2021-10-27 17:00:00",3.18722736537734,-0.172113310954404
"2021-10-27 18:00:00",3.32492574051964,0.333585620925539
"2021-10-27 19:00:00",3.45776461088487,-0.0115869361072318
"2021-10-27 20:00:00",3.59922464939029,0.232311878993448
"2021-10-27 21:00:00",3.48603607768251,-0.342777607516131
"2021-10-27 22:00:00",2.54961375684608,-1.29217267466556
"2021-10-27 23:00:00",1.34574585376864,-1.09107744310489
"2021-10-28 00:00:00",0.86414854984491,-0.0541330100936117
"2021-10-28 01:00:00",0.672113744606959,-0.27595594823257
"2021-10-28 02:00:00",0.350692813242002,-0.337322774351449
"2021-10-28 03:00:00",-0.0282258585337454,-0.389094730629004
"2021-10-28 04:00:00",-0.295272837003447,-0.172956913794705
"2021-10-28 05:00:00",-0.574994714750894,-0.337224625629791
"2021-10-28 06:00:00",-1.11911627699837,-0.655453278270933
"2021-10-28 07:00:00",-1.23967727055567,0.243198902040323
"2021-10-28 08:00:00",-0.614649446302678,0.851472656747212
"2021-10-28 09:00:00",0.279798097173118,0.881385445735517
"2021-10-28 10:00:00",1.23064143612317,0.951603807145641
"2021-10-28 11:00:00",2.24096186333672,0.999868602145638
"2021-10-28 12:00:00",3.08502651859513,0.69720001022156
"2021-10-28 13:00:00",3.71665969415005,0.553932537365764
"2021-10-28 14:00:00",4.05172467611948,0.168444401719641
"2021-10-28 15:00:00",3.46328682902037,-1.07027632670373
"2021-10-28 16:00:00",2.00839882497428,-1.64661888651511
"2021-10-28 17:00:00",1.18625959227416,-0.236015911100522
"2021-10-28 18:00:00",1.11997271229164,0.0484851949550541
"2021-10-28 19:00:00",0.970182863802179,-0.276296250153423
"2021-10-28 20:00:00",0.505588718532286,-0.569296910809445
"2021-10-28 21:00:00",0.0193804780831012,-0.408363926604907
"2021-10-28 22:00:00",-0.386514468900439,-0.384986095018244
"2021-10-28 23:00:00",-0.839384724201192,-0.476107432552561
"2021-10-29 00:00:00",-1.15027193920413,-0.184887477799245
"2021-10-29 01:00:00",-1.51191722264104,-0.460814441002462
"2021-10-29 02:00:00",-1.76275355949534,-0.0969854698484899
"2021-10-29 03:00:00",-1.98996485948163,-0.30095864046906
"2021-10-29 04:00:00",-2.44530491851983,-0.534057537332625
"2021-10-29 05:00:00",-2.93451390790501,-0.432912557022872
"2021-10-29 06:00:00",-3.41956044956536,-0.492971441945153
"2021-10-29 07:00:00",-3.45179179278144,0.280861571825332
"2021-10-29 08:00:00",-2.63595305883834,1.13816397587078
"2021-10-29 09:00:00",-1.42913688283726,1.19863308411823
"2021-10-29 10:00:00",-0.186710823493947,1.21442317427132
"2021-10-29 11:00:00",0.953259495755735,1.03640585983863
"2021-10-29 12:00:00",1.84769199374382,0.756053967208898
"2021-10-29 13:00:00",2.4423624699773,0.456444014966506
"2021-10-29 14:00:00",2.69699365379262,0.104844443704957
"2021-10-29 15:00:00",2.01174683199185,-1.18287827072773
"2021-10-29 16:00:00",0.500680556306986,-1.6606420091814
"2021-10-29 17:00:00",-0.464424744644339,-0.456205994556275
"2021-10-29 18:00:00",-0.84609004916334,-0.313237405849435
"2021-10-29 19:00:00",-1.18315816326609,-0.335847456199985
"2021-10-29 20:00:00",-1.41656517280953,-0.152498569785665
"2021-10-29 21:00:00",-1.6655168971991,-0.299597334443904
"2021-10-29 22:00:00",-1.65318171545275,0.221846693852739
"2021-10-29 23:00:00",-1.43793927620571,0.202741777696713
"2021-10-30 00:00:00",-1.21170746036186,0.232994108275163
"2021-10-30 01:00:00",-1.26732444761138,-0.243816846135343
"2021-10-30 02:00:00",-1.64605408648329,-0.449039921972244
"2021-10-30 03:00:00",-1.81687636684985,0.0248914739504844
"2021-10-30 04:00:00",-1.90680518433893,-0.159859805429342
"2021-10-30 05:00:00",-2.40343926436921,-0.695089633315156
"2021-10-30 06:00:00",-3.01184735068713,-0.518613142961598
"2021-10-30 07:00:00",-2.84866513728581,0.613831504180133
"2021-10-30 08:00:00",-1.79334613161281,1.30316172618368
"2021-10-30 09:00:00",-0.567651673016975,1.11811717205375
"2021-10-30 10:00:00",0.467862278974904,0.9319705859228
"2021-10-30 11:00:00",1.29850180656642,0.723012289329887
"2021-10-30 12:00:00",2.36922151151595,1.24996757284905
"2021-10-30 13:00:00",3.31221261152386,0.690480279368372
"2021-10-30 14:00:00",3.71987242324902,0.195476186725384
"2021-10-30 15:00:00",3.38306750949267,-0.680441638416234
"2021-10-30 16:00:00",2.45851031147559,-1.04772319464673
"2021-10-30 17:00:00",1.59881296865557,-0.696664655203155
"2021-10-30 18:00:00",1.22693117404612,-0.139752188604472
"2021-10-30 19:00:00",1.37264353151486,0.327513660899465
"2021-10-30 20:00:00",1.5004569474249,-0.0131602232580309
"2021-10-30 21:00:00",1.75239453427252,0.41476107716345
"2021-10-30 22:00:00",1.82044694116997,-0.168574732560459
"2021-10-30 23:00:00",2.23995287544807,0.789272610026935
"2021-10-31 00:00:00",2.65836364216057,0.148404714566304
"2021-10-31 01:00:00",3.15956087071736,0.709146134675979
"2021-10-31 02:00:00",3.69050841203738,0.382848805750002
"2021-10-31 03:00:00",4.60456217495007,1.21999359206279
"2021-10-31 04:00:00",4.95028172339954,-0.259481747242552
"2021-10-31 05:00:00",5.17948839177903,0.537722771147392
"2021-10-31 06:00:00",5.63247711187876,0.368300308984179
"2021-10-31 07:00:00",4.81524319410151,-1.57600025871691
"2021-10-31 08:00:00",4.24929480005477,0.128096731304807
"2021-10-31 09:00:00",4.72505356520469,0.679446161476604
"2021-10-31 10:00:00",5.34274279150404,0.541077753944593
"2021-10-31 11:00:00",5.81142026968675,0.391255556269549
"2021-10-31 12:00:00",6.31648305221392,0.54944415403111
"2021-10-31 13:00:00",6.71090275993546,0.264189860975918
"2021-10-31 14:00:00",6.77515930389905,-0.0807311498269313
"2021-10-31 15:00:00",6.00311524636783,-1.20495493916446
"2021-10-31 16:00:00",4.78441195599975,-1.1776922940016
"2021-10-31 17:00:00",4.22597065838903,-0.125242682110275
"2021-10-31 18:00:00",4.27047613349497,0.150108560612024
"2021-10-31 19:00:00",4.22331402320269,-0.181935470733445
"2021-10-31 20:00:00",3.82517479285473,-0.528795456446385
"2021-10-31 21:00:00",3.28202371452016,-0.531840244550858
"2021-10-31 22:00:00",2.80751176926528,-0.417974424187513
"2021-10-31 23:00:00",2.46614195166507,-0.277697016618478
"2021-11-01 00:00:00",2.24790838604658,-0.171399476337782
"2021-11-01 01:00:00",2.05166122858089,-0.206383104274115
"2021-11-01 02:00:00",1.78732596576206,-0.293052101797293
"2021-11-01 03:00:00",1.66029076370044,-0.0126256498240228
"2021-11-01 04:00:00",1.69034264150853,0.0549355923988363
"2021-11-01 05:00:00",1.94735624415919,0.377338708636961
"2021-11-01 06:00:00",2.159376563402,0.0892254993101398
"2021-11-01 07:00:00",2.47718414886973,0.452308490537657
"2021-11-01 08:00:00",3.19816456229103,0.862639385242118
"2021-11-01 09:00:00",3.27605300399474,-0.453092356638156
"2021-11-01 10:00:00",2.32492953741869,-1.24216332378907
"2021-11-01 11:00:00",1.49811938701599,-0.513619124517938
"2021-11-01 12:00:00",1.18066228818864,-0.173529739321313
"2021-11-01 13:00:00",1.01173178955805,-0.159358317593126
"2021-11-01 14:00:00",0.730392105088511,-0.350593852760777
"2021-11-01 15:00:00",0.524125026544375,-0.101190357245214
"2021-11-01 16:00:00",0.690904458629269,0.336822300680244
"2021-11-01 17:00:00",1.02061078082146,0.308404687771906
"2021-11-01 18:00:00",1.27684764278228,0.20796753395002
"2021-11-01 19:00:00",1.48591516962588,0.198220748230076
"2021-11-01 20:00:00",1.63917793930947,0.114093598701718
"2021-11-01 21:00:00",1.74693051360521,0.0962927255499456
"2021-11-01 22:00:00",1.78384185800527,-0.00668066400707474
"2021-11-01 23:00:00",1.74585634440754,-0.0593486640691721
"2021-11-02 00:00:00",1.53389443103606,-0.305879768076268
"2021-11-02 01:00:00",1.33370772791956,-0.122189677579399
"2021-11-02 02:00:00",1.27529381085983,-0.0148402805427823
"2021-11-02 03:00:00",1.35295583402324,0.133995395324641
"2021-11-02 04:00:00",1.32464734671226,-0.136907457862419
"2021-11-02 05:00:00",1.1234908941887,-0.236136500790855
"2021-11-02 06:00:00",0.835239010857448,-0.31074506542183
"2021-11-02 07:00:00",0.359035896872,-0.56495403385076
"2021-11-02 08:00:00",-0.0918796051326432,-0.353926537004054
"2021-11-02 09:00:00",-0.387820918908573,-0.243103815324079
"2021-11-02 10:00:00",-0.367455736541818,0.195540214554744
"2021-11-02 11:00:00",-0.477098714013685,-0.307411332632078
"2021-11-02 12:00:00",-0.759701953470535,-0.252020878732738
"2021-11-02 13:00:00",-0.600775672768626,0.426313294727615
"2021-11-02 14:00:00",-0.253777250312834,0.278407750026043
"2021-11-02 15:00:00",0.0234197133261325,0.263544581084985
"2021-11-02 16:00:00",-0.928576422287069,-1.71713484397788
"2021-11-02 17:00:00",-2.12983633178683,-0.799069443977134
"2021-11-02 18:00:00",-3.13402886043898,-1.09047585796669
"2021-11-02 19:00:00",-4.14908648647957,-0.91250627310004
"2021-11-02 20:00:00",-4.55876992846433,-0.0496595012476875
"2021-11-02 21:00:00",-4.83951809885353,-0.415589294261948
"2021-11-02 22:00:00",-5.06391376572731,-0.0800360842443143
"2021-11-02 23:00:00",-5.11004922413257,-0.0148177587971758
"2021-11-03 00:00:00",-4.00311445902204,1.80874109350655
"2021-11-03 01:00:00",-3.25038168703539,0.0181281476962709
"2021-11-03 02:00:00",-3.61032865597952,-0.590699908140928
"2021-11-03 03:00:00",-4.25778411178226,-0.649872926850521
"2021-11-03 04:00:00",-4.44502996205416,0.135551349828983
"2021-11-03 05:00:00",-4.20655600709979,0.301483581932855
"2021-11-03 06:00:00",-4.35408619088566,-0.434436542997297
"2021-11-03 07:00:00",-4.35271325692073,0.297453087703293
"2021-11-03 08:00:00",-3.66732235799168,0.917051285341086
"2021-11-03 09:00:00",-2.85865997500474,0.702702915652071
"2021-11-03 10:00:00",-2.2658389460344,0.495080859162453
"2021-11-03 11:00:00",-1.82704915699697,0.38333178502401
"2021-11-03 12:00:00",-1.36474932903421,0.495330436584161
"2021-11-03 13:00:00",-0.998254241084598,0.264949307000886
"2021-11-03 14:00:00",-0.863676046147823,0.0425568667278821
"2021-11-03 15:00:00",-1.33685534967621,-0.793399497275181
"2021-11-03 16:00:00",-1.74948710604717,-0.137460226570734
"2021-11-03 17:00:00",-1.86175406105321,-0.087882489638759
"2021-11-03 18:00:00",-2.44706767638423,-0.886715982992881
"2021-11-03 19:00:00",-2.86423129278351,-0.0811573712149304
"2021-11-03 20:00:00",-2.72864153735921,0.277333094280284
"2021-11-03 21:00:00",-2.14772140287259,0.759219236317172
"2021-11-03 22:00:00",-1.61876970209433,0.353074705985405
"2021-11-03 23:00:00",-1.64923742283235,-0.282624601885146
"2021-11-04 00:00:00",-1.5120167761257,0.412717309166387
"2021-11-04 01:00:00",-1.52678634507629,-0.297105783052919
"2021-11-04 02:00:00",-2.04659992131232,-0.641614310377049
"2021-11-04 03:00:00",-2.6532521954075,-0.551879678176329
"2021-11-04 04:00:00",-2.52195601786281,0.583918905438228
"2021-11-04 05:00:00",-1.9865750098573,0.48083177708486
"2021-11-04 06:00:00",-1.30198901553131,0.790448647598132
"2021-11-04 07:00:00",-0.712504954238509,0.429175769702913
"2021-11-04 08:00:00",-0.588534303554797,-0.0844688627554226
"2021-11-04 09:00:00",-0.944951374526491,-0.520017717752193
"2021-11-04 10:00:00",-1.66436794746441,-0.81694302176149
"2021-11-04 11:00:00",-2.41733723409381,-0.672395537279713
"2021-11-04 12:00:00",-4.45386702785675,-2.84604769568873
"2021-11-04 13:00:00",-5.39296795654949,0.38254012398675
"2021-11-04 14:00:00",-4.8988566349861,0.55196036476907
"2021-11-04 15:00:00",-4.04842682862025,1.01530683683563
"2021-11-04 16:00:00",-2.8218757665643,1.31431003115825
"2021-11-04 17:00:00",-1.3751437072729,1.46990039778923
"2021-11-04 18:00:00",-0.316610280165837,0.735764593701568
"2021-11-04 19:00:00",0.0740888306290884,0.142501557666616
"2021-11-04 20:00:00",0.151132591612271,0.0296494272605819
"2021-11-04 21:00:00",0.00476747648350456,-0.256945731677862
"2021-11-04 22:00:00",-0.00988083589676525,0.147570503959693
"2021-11-04 23:00:00",-0.0445458013678391,-0.15449323469504
"2021-11-05 00:00:00",-0.379154290273164,-0.438725512654503
"2021-11-05 01:00:00",-0.488813102382774,0.115414771321264
"2021-11-05 02:00:00",-0.370571286043409,0.115137588472445
"2021-11-05 03:00:00",-0.0648401624292594,0.418740701765366
"2021-11-05 04:00:00",0.388123746350811,0.454337993260204
"2021-11-05 05:00:00",0.764575843144227,0.306140147631202
"2021-11-05 06:00:00",0.835753297605714,-0.0898292280980268
"2021-11-05 07:00:00",0.425252244164969,-0.60584885706755
"2021-11-05 08:00:00",-0.129839785569057,-0.495425078789466
"2021-11-05 09:00:00",-0.789374783993209,-0.737431771223437
"2021-11-05 10:00:00",-1.3839566649789,-0.470078897542232
"2021-11-05 11:00:00",-1.73085032672086,-0.246504035581224
"2021-11-05 12:00:00",-1.71890717547542,0.185901197492007
"2021-11-05 13:00:00",-1.50612938056202,0.222799135787587
"2021-11-05 14:00:00",-1.58923968431887,-0.281156341441157
"2021-11-05 15:00:00",-1.71989951352993,-0.0220737592557801
"2021-11-05 16:00:00",-1.57840432726796,0.246031800652895
"2021-11-05 17:00:00",-1.43517031545575,0.0699308482563388
"2021-11-05 18:00:00",-1.18118898868876,0.366459895686183
"2021-11-05 19:00:00",-0.846984465195864,0.298342196513023
"2021-11-05 20:00:00",-0.696932196551372,0.0451550216311346
"2021-11-05 21:00:00",-0.605743214029533,0.118442592772259
"2021-11-05 22:00:00",-0.134800030102611,0.684341244753882
"2021-11-05 23:00:00",0.297316354179283,0.243609130683909
"2021-11-06 00:00:00",0.793831330786939,0.641138829625424
"2021-11-06 01:00:00",1.28884374952552,0.373050859293203
"2021-11-06 02:00:00",1.5006281627664,0.0925506096250705
"2021-11-06 03:00:00",1.22725888842402,-0.506255109133184
"2021-11-06 04:00:00",0.81901313048813,-0.325089159840229
"2021-11-06 05:00:00",0.777034610389037,0.147698130256473
"2021-11-06 06:00:00",1.00950689157907,0.276939209309155
"2021-11-06 07:00:00",1.25702997138863,0.214849674596439
"2021-11-06 08:00:00",1.11829391697787,-0.369483042782825
"2021-11-06 09:00:00",0.624883419466632,-0.554021882534173
"2021-11-06 10:00:00",0.222695891031657,-0.282659866637729
"2021-11-06 11:00:00",0.102462737520966,-0.0065240720094632
"2021-11-06 12:00:00",0.367898366235833,0.433993666398178
"2021-11-06 13:00:00",0.739620010696361,0.312069619350866
"2021-11-06 14:00:00",0.937586217725558,0.111538253799609
"2021-11-06 15:00:00",0.973044474026111,-0.0181540074034237
"2021-11-06 16:00:00",0.951307228858387,-0.0243469509030592
"2021-11-06 17:00:00",1.25905506077465,0.513290780374866
"2021-11-06 18:00:00",0.964544098579312,-0.820663791656103
"2021-11-06 19:00:00",0.400287380203515,-0.367751350908153
"2021-11-06 20:00:00",0.580109863151604,0.53580467500827
"2021-11-06 21:00:00",1.08077259548369,0.452696468448538
"2021-11-06 22:00:00",1.45019227292006,0.294955491107818
"2021-11-06 23:00:00",1.55247542406759,-0.0328920444299974
"2021-11-07 00:00:00",1.34120574598609,-0.322147203325575
"2021-11-07 01:00:00",1.38478713185316,0.283597090920783
"2021-11-07 02:00:00",1.71607244724895,0.345550031509135
"2021-11-07 03:00:00",2.16919357365754,0.501090628799942
"2021-11-07 04:00:00",2.80127283847458,0.686572331666862
"2021-11-07 05:00:00",3.20437665106925,0.191363053532431
"2021-11-07 06:00:00",3.16603473214709,-0.193783140084424
"2021-11-07 07:00:00",2.85198440323858,-0.383383367752111
"2021-11-07 08:00:00",2.55321373622726,-0.231840818371224
"2021-11-07 09:00:00",2.36533513891634,-0.152933135474033
"2021-11-07 10:00:00",1.4634841985383,-1.36131361753621
"2021-11-07 11:00:00",0.502217395091188,-0.650780496093834
"2021-11-07 12:00:00",-0.356580577233973,-0.957311572217306
"2021-11-07 13:00:00",-1.08142836076183,-0.534970756160564
"2021-11-07 14:00:00",-0.905694887408808,0.642571063012562
"2021-11-07 15:00:00",-0.803517674493117,-0.261767582622984
"2021-11-07 16:00:00",-1.01396887365698,-0.165204940287308
"2021-11-07 17:00:00",-0.845769731046175,0.383778653277444
"2021-11-07 18:00:00",-0.675433113599182,0.0210399017731156
"2021-11-07 19:00:00",-0.59008630612342,0.125032087710579
"2021-11-07 20:00:00",-0.53565403669575,0.00554031600937054
"2021-11-07 21:00:00",-0.270824657660528,0.425791550855876
"2021-11-07 22:00:00",0.0488516578457841,0.234092192013409
"2021-11-07 23:00:00",0.184869244898493,0.0641092043900506
"2021-11-08 00:00:00",0.186116749128139,-0.040957089502912
"2021-11-08 01:00:00",0.333701110621603,0.266023593387892
"2021-11-08 02:00:00",0.653153993564819,0.339461605510493
"2021-11-08 03:00:00",1.16853792842811,0.607331139780786
"2021-11-08 04:00:00",1.68820926566646,0.435032236312207
"2021-11-08 05:00:00",2.0364514471204,0.271659459583022
"2021-11-08 06:00:00",2.17806271975654,0.045560508326935
"2021-11-08 07:00:00",2.02364913807534,-0.283196395248292
"2021-11-08 08:00:00",1.64631331655879,-0.424771287508977
"2021-11-08 09:00:00",1.1302600587194,-0.554505788712178
"2021-11-08 10:00:00",0.527567789172278,-0.607632945801617
"2021-11-08 11:00:00",0.409187906378081,0.212728824616575
"2021-11-08 12:00:00",-0.15185690150303,-1.05075196210257
"2021-11-08 13:00:00",-0.622432868575096,-0.0612413614308687
"2021-11-08 14:00:00",-0.741740980214117,-0.151547114760243
"2021-11-08 15:00:00",-0.83473993084057,-0.0485924466971427
"2021-11-08 16:00:00",-0.67083460326754,0.298855081232394
"2021-11-08 17:00:00",-0.305134567990278,0.393749188323383
"2021-11-08 18:00:00",0.100538376832287,0.394737858889348
"2021-11-08 19:00:00",0.502163079820738,0.387001353698419
"2021-11-08 20:00:00",0.917429144028118,0.41372862429081
"2021-11-08 21:00:00",1.21686754867619,0.207834897627292
"2021-11-08 22:00:00",1.49246853051856,0.306113175615019
"2021-11-08 23:00:00",1.49619606588272,-0.199959801030801
"2021-11-09 00:00:00",1.63046853229089,0.348781676997409
"2021-11-09 01:00:00",1.87066705205013,0.154295878469712
"2021-11-09 02:00:00",2.03206482856608,0.156052243130322
"2021-11-09 03:00:00",2.22150551286928,0.200078659232711
"2021-11-09 04:00:00",2.47268567620197,0.270448714389696
"2021-11-09 05:00:00",2.54319660853834,-0.0693155945282025
"2021-11-09 06:00:00",1.85334427811872,-1.07403230474822
"2021-11-09 07:00:00",1.07847086892829,-0.541004243110316
"2021-11-09 08:00:00",0.710315674306497,-0.236819658917141
"2021-11-09 09:00:00",0.557350217482147,-0.0907100902666426
"2021-11-09 10:00:00",0.386733527062533,-0.216497459955114
"2021-11-09 11:00:00",0.362657416138748,0.104848357325124
"2021-11-09 12:00:00",0.581255410340332,0.283574848139699
"2021-11-09 13:00:00",0.812630897826866,0.184832684556027
"2021-11-09 14:00:00",0.985656825621416,0.155885656213826
"2021-11-09 15:00:00",0.181169122764292,-1.40776715659075
"2021-11-09 16:00:00",-1.10185521684701,-1.13912882973533
"2021-11-09 17:00:00",-1.52419848412016,0.0769950200423761
"2021-11-09 18:00:00",-1.11406395234736,0.614698530113608
"2021-11-09 19:00:00",-1.10799045825801,-0.39852269910663
"2021-11-09 20:00:00",-1.49129244527522,-0.353513001485694
"2021-11-09 21:00:00",-1.88044824878158,-0.39250316309771
"2021-11-09 22:00:00",-2.27596047618882,-0.376300612105117
"2021-11-09 23:00:00",-2.45027448051029,-0.0284424607110915
"2021-11-10 00:00:00",-2.43430208143348,0.0479802197784903
"2021-11-10 01:00:00",-3.016628560684,-0.971715228383755
"2021-11-10 02:00:00",-4.05742439616753,-1.0335036312174
"2021-11-10 03:00:00",-4.90062346189032,-0.671034843772955
"2021-11-10 04:00:00",-5.35355708837654,-0.279697236887393
"2021-11-10 05:00:00",-5.2564532610101,0.350584547862443
"2021-11-10 06:00:00",-5.69933105821038,-0.944025037683964
"2021-11-10 07:00:00",-5.97150167972424,0.196002254565076
"2021-11-10 08:00:00",-5.10070059784035,1.28697430273094
"2021-11-10 09:00:00",-3.89016830418243,1.10862084013429
"2021-11-10 10:00:00",-2.89492668379419,0.877376363932711
"2021-11-10 11:00:00",-2.07365005633422,0.748581288065987
"2021-11-10 12:00:00",-2.00200277905543,-0.380366967889719
"2021-11-10 13:00:00",-2.10342629650054,0.0919349905776813
"2021-11-10 14:00:00",-2.04310155283546,0.0390954750097867
"2021-11-10 15:00:00",-3.37270946741286,-2.17624656551167
"2021-11-10 16:00:00",-5.17460214069534,-1.46235679173637
"2021-11-10 17:00:00",-5.52804643954728,0.409281610659527
"2021-11-10 18:00:00",-5.69088557606661,-0.529385090432575
"2021-11-10 19:00:00",-5.82957568301373,0.135692525954462
"2021-11-10 20:00:00",-4.98349578332235,1.2869702664057
"2021-11-10 21:00:00",-4.95675929893208,-0.808253952493245
"2021-11-10 22:00:00",-5.69729317762108,-0.653810973887956
"2021-11-10 23:00:00",-6.21402329067483,-0.393448227868873
"2021-11-11 00:00:00",-4.81561561793703,2.53451400207648
"2021-11-11 01:00:00",-4.89157711407342,-1.80643404269115
"2021-11-11 02:00:00",-6.42012186742209,-1.26434963077549
"2021-11-11 03:00:00",-7.21386900861585,-0.434026158477278
"2021-11-11 04:00:00",-7.14691689154033,0.407046224914723
"2021-11-11 05:00:00",-6.60223449680165,0.619764818333825
"2021-11-11 06:00:00",-6.60414932445647,-0.407762314399893
"2021-11-11 07:00:00",-6.43488953249587,0.554401652635622
"2021-11-11 08:00:00",-5.51355189355431,1.13046809136472
"2021-11-11 09:00:00",-4.44600337005115,0.981978373575664
"2021-11-11 10:00:00",-3.51446106911337,0.859381630321205
"2021-11-11 11:00:00",-2.67027971129203,0.798461777906045
"2021-11-11 12:00:00",-2.87517423723963,-0.860610050091824
"2021-11-11 13:00:00",-3.08331167016897,0.240432450164872
"2021-11-11 14:00:00",-2.84727854428707,0.225857292191454
"2021-11-11 15:00:00",-2.44633479072139,0.502282488575105
"2021-11-11 16:00:00",-1.97211571166761,0.436128206286359
"2021-11-11 17:00:00",-1.40896409163616,0.62361312056256
"2021-11-11 18:00:00",-0.798624384602634,0.574303548742816
"2021-11-11 19:00:00",-0.287185321838388,0.446255962533183
"2021-11-11 20:00:00",0.111555281525834,0.348486401501573
"2021-11-11 21:00:00",0.401821547165218,0.237516482061903
"2021-11-11 22:00:00",0.651851511265852,0.245973095708036
"2021-11-11 23:00:00",0.919789812273275,0.269009294718018
"2021-11-12 00:00:00",0.814332930849575,-0.351270771196203
"2021-11-12 01:00:00",0.628795745363174,-0.0672827348335335
"2021-11-12 02:00:00",0.637887554542821,0.0587650104503244
"2021-11-12 03:00:00",0.775088569228982,0.182149116764749
"2021-11-12 04:00:00",0.98817627194907,0.222588511477062
"2021-11-12 05:00:00",1.18100904753232,0.162559304583253
"2021-11-12 06:00:00",1.15980019172561,-0.144232902926439
"2021-11-12 07:00:00",0.90286977369424,-0.321346169420906
"2021-11-12 08:00:00",0.458907636644728,-0.50577137181653
"2021-11-12 09:00:00",-0.0890118798187514,-0.550572367544894
"2021-11-12 10:00:00",-0.557095999761286,-0.390735127982116
"2021-11-12 11:00:00",-0.972846021063237,-0.411952289578202
"2021-11-12 12:00:00",-1.51666705973742,-0.604636420079959
"2021-11-12 13:00:00",-1.79603594228775,-0.0472977241662028
"2021-11-12 14:00:00",-1.53502291991218,0.45646123734174
"2021-11-12 15:00:00",-1.28347080157986,0.104972777935117
"2021-11-12 16:00:00",-1.84154004461219,-0.971916815530512
"2021-11-12 17:00:00",-2.68533602430594,-0.715913890442582
"2021-11-12 18:00:00",-3.11624944319623,-0.216979276503246
"2021-11-12 19:00:00",-3.37304861136574,-0.267126796823198
"2021-11-12 20:00:00",-3.63691456382344,-0.244806856761274
"2021-11-12 21:00:00",-3.88173294687226,-0.228505942633807
"2021-11-12 22:00:00",-4.23591946261554,-0.416139447863298
"2021-11-12 23:00:00",-4.70365743653771,-0.474451414338595
"2021-11-13 00:00:00",-4.98530900956231,-0.133675504819014
"2021-11-13 01:00:00",-4.96673478190566,0.12561374503343
"2021-11-13 02:00:00",-4.39839015759938,0.842886294235403
"2021-11-13 03:00:00",-3.83831404020674,0.350592477096964
"2021-11-13 04:00:00",-3.40765571959352,0.468516075174681
"2021-11-13 05:00:00",-2.98903775451742,0.369851754574863
"2021-11-13 06:00:00",-2.70173252970036,0.222474237001088
"2021-11-13 07:00:00",-2.67023896524124,-0.0938398440252742
"2021-11-13 08:00:00",-2.66323933426988,0.0773330511540531
"2021-11-13 09:00:00",-2.45105306345251,0.295435780388054
"2021-11-13 10:00:00",-2.19634931892381,0.218604571235561
"2021-11-13 11:00:00",-1.9418106342458,0.269229046684011
"2021-11-13 12:00:00",-1.87892059093071,-0.075153251784723
"2021-11-13 13:00:00",-1.62601459657769,0.462011698637929
"2021-11-13 14:00:00",-1.308796644389,0.207711702376254
"2021-11-13 15:00:00",-2.08121956050169,-1.3874433953134
"2021-11-13 16:00:00",-2.65154712042013,0.00419056803262463
"2021-11-13 17:00:00",-2.70803725012702,-0.0908420973790895
"2021-11-13 18:00:00",-3.22980713792228,-0.780766488593696
"2021-11-13 19:00:00",-3.70609309433684,-0.246507649627281
"2021-11-13 20:00:00",-3.99702205873532,-0.301942260640284
"2021-11-13 21:00:00",-3.93975450457792,0.299165942296045
"2021-11-13 22:00:00",-3.3310095274246,0.791277090792025
"2021-11-13 23:00:00",-2.82878026882455,0.289960675239872
"2021-11-14 00:00:00",-3.79749395852581,-1.75813793738363
"2021-11-14 01:00:00",-4.29366045421109,0.373604518957424
"2021-11-14 02:00:00",-4.13742367065364,0.00943593111459462
"2021-11-14 03:00:00",-3.66152367351972,0.769587786577204
"2021-11-14 04:00:00",-2.85270553211502,0.801254974290801
"2021-11-14 05:00:00",-2.26317037850191,0.424052645703942
"2021-11-14 06:00:00",-2.07599721197656,0.023278147157852
"2021-11-14 07:00:00",-2.23796266374147,-0.275087480885215
"2021-11-14 08:00:00",-2.51719119201736,-0.26583659072031
"2021-11-14 09:00:00",-2.67484546420793,-0.0747986748161716
"2021-11-14 10:00:00",-2.83929393857233,-0.212952716699129
"2021-11-14 11:00:00",-3.00245952146865,-0.11856249620984
"2021-11-14 12:00:00",-3.76913575100722,-1.15844382727833
"2021-11-14 13:00:00",-4.09212974120989,0.254168508045635
"2021-11-14 14:00:00",-3.74488435205635,0.398067816790219
"2021-11-14 15:00:00",-3.25304382907589,0.535808299445462
"2021-11-14 16:00:00",-2.69383250516655,0.552431571829797
"2021-11-14 17:00:00",-2.07667156758539,0.634457288125242
"2021-11-14 18:00:00",-1.50387968749478,0.50713959123035
"2021-11-14 19:00:00",-1.13861138109135,0.255269626933219
"2021-11-14 20:00:00",-1.04767968155285,-0.0214788722893416
"2021-11-14 21:00:00",-1.15223592568591,-0.153621741121332
"2021-11-14 22:00:00",-1.23839413950385,-0.0356043403667959
"2021-11-14 23:00:00",-1.15097284427855,0.166878584217801
"2021-11-15 00:00:00",-0.947725404252736,0.219317884777339
"2021-11-15 01:00:00",-0.722779472472022,0.219229848407834
"2021-11-15 02:00:00",-0.544637044368118,0.143217434573554
"2021-11-15 03:00:00",-0.368527489142968,0.190370468904436
"2021-11-15 04:00:00",-0.113888107182755,0.285859182616466
"2021-11-15 05:00:00",0.0893398082933953,0.13863083140504
"2021-11-15 06:00:00",0.140435565311248,-0.00980313282365684
"2021-11-15 07:00:00",-0.0312274775900099,-0.271591472074253
"2021-11-15 08:00:00",-0.403496034251127,-0.421655275936522
"2021-11-15 09:00:00",-0.903273228307586,-0.527588557832826
"2021-11-15 10:00:00",-1.62756198301442,-0.819838311744665
"2021-11-15 11:00:00",-2.46234740204934,-0.802984252893668
"2021-11-15 12:00:00",-3.40530522859849,-0.988290244353573
"2021-11-15 13:00:00",-3.94309503996638,-0.207517780482595
"2021-11-15 14:00:00",-3.89218078180953,0.225861012739094
"2021-11-15 15:00:00",-3.65188561810094,0.24351454378357
"2021-11-15 16:00:00",-3.23854475866939,0.511620600594782
"2021-11-15 17:00:00",-2.7100053440562,0.518875754646279
"2021-11-15 18:00:00",-2.53204425358855,-0.0542760045241018
"2021-11-15 19:00:00",-2.61887502998746,-0.101144666753607
"2021-11-15 20:00:00",-2.77732045306711,-0.185741385686196
"2021-11-15 21:00:00",-2.73392551485758,0.197666647756899
"2021-11-15 22:00:00",-2.51337982462295,0.228840862367538
"2021-11-15 23:00:00",-2.0288268600112,0.635237901522079
"2021-11-16 00:00:00",-1.66039482604126,0.175671147486576
"2021-11-16 01:00:00",-2.26123375557037,-1.08781250286392
"2021-11-16 02:00:00",-3.20744710357937,-0.803938241694027
"2021-11-16 03:00:00",-3.67422358903133,-0.215691761381841
"2021-11-16 04:00:00",-3.72279519593187,0.0698826254368202
"2021-11-16 05:00:00",-3.72519489517721,-0.0456758909682955
"2021-11-16 06:00:00",-3.92898641324036,-0.294715841719795
"2021-11-16 07:00:00",-3.53796085296094,0.834660355673
"2021-11-16 08:00:00",-2.45228977221285,1.20597734336658
"2021-11-16 09:00:00",-1.60217765556941,0.575635872610204
"2021-11-16 10:00:00",-1.10714101439483,0.419845465018024
"2021-11-16 11:00:00",-0.688264144236507,0.399753048633163
"2021-11-16 12:00:00",-1.46341478562966,-1.52068496826302
"2021-11-16 13:00:00",-1.69913930136143,0.633988527218022
"2021-11-16 14:00:00",-1.49187846967057,-0.0848788858969786
"2021-11-16 15:00:00",-1.7384200820168,-0.340677013739408
"2021-11-16 16:00:00",-1.74967064508569,0.211138096964788
"2021-11-16 17:00:00",-1.40550139740009,0.418755098306575
"2021-11-16 18:00:00",-1.0463372514648,0.30418138978535
"2021-11-16 19:00:00",-0.723263788859877,0.321664027181536
"2021-11-16 20:00:00",-0.47266675099015,0.192243630581804
"2021-11-16 21:00:00",-0.342108825549264,0.0838398650527402
"2021-11-16 22:00:00",-0.37984613574787,-0.116553297085804
"2021-11-16 23:00:00",-0.770028318620359,-0.553567680669469
"2021-11-17 00:00:00",-0.731094467138922,0.43307033683166
"2021-11-17 01:00:00",-0.571034430510392,-0.028607617275764
"2021-11-17 02:00:00",-0.55483442340304,0.0460372701092978
"2021-11-17 03:00:00",-0.462610079506574,0.119347721406113
"2021-11-17 04:00:00",-0.240735359594972,0.280277669658182
"2021-11-17 05:00:00",-0.0658286324039511,0.0966593754074057
"2021-11-17 06:00:00",-0.124613283651491,-0.159534014605194
"2021-11-17 07:00:00",-0.459841719999606,-0.436265654177953
"2021-11-17 08:00:00",-1.00612837217154,-0.593081003219835
"2021-11-17 09:00:00",-1.75481150282114,-0.815542694292295
"2021-11-17 10:00:00",-2.62379609897782,-0.861057096331161
"2021-11-17 11:00:00",-3.14813036881803,-0.271559141881819
"2021-11-17 12:00:00",-3.89388520244349,-1.02238549145759
"2021-11-17 13:00:00",-4.18132320064148,0.221195224243863
"2021-11-17 14:00:00",-3.51268652610764,0.940540780328807
"2021-11-17 15:00:00",-2.74462555290199,0.621105048395835
"2021-11-17 16:00:00",-1.87382736890905,0.999414402006586
"2021-11-17 17:00:00",-0.835929921699514,1.01664676306056
"2021-11-17 18:00:00",0.187089463499822,0.979731680152166
"2021-11-17 19:00:00",0.945252940354712,0.574185315428558
"2021-11-17 20:00:00",1.4195454420083,0.383942294978504
"2021-11-17 21:00:00",1.61071344074362,0.0517405739996634
"2021-11-17 22:00:00",1.85617389194761,0.360865170890461
"2021-11-17 23:00:00",1.77085828542381,-0.381102142882225
"2021-11-18 00:00:00",1.16069445776428,-0.736156362541332
"2021-11-18 01:00:00",0.600361853522728,-0.417987768177114
"2021-11-18 02:00:00",0.386536109335193,-0.0683327915830152
"2021-11-18 03:00:00",0.587873914249283,0.371049630595785
"2021-11-18 04:00:00",0.937474253824099,0.317930738846143
"2021-11-18 05:00:00",0.901830825473318,-0.270869826198958
"2021-11-18 06:00:00",0.79847249211549,0.0120635330350308
"2021-11-18 07:00:00",0.788746243329993,-0.0248192474368438
"2021-11-18 08:00:00",1.08727799900417,0.498893033632027
"2021-11-18 09:00:00",1.42191421237797,0.207830758837723
"2021-11-18 10:00:00",1.56688432582434,0.0943425661111799
"2021-11-18 11:00:00",1.72144441237128,0.185340745014232
"2021-11-18 12:00:00",0.938328147218336,-1.39374841814976
"2021-11-18 13:00:00",0.500523627924589,0.219075700131353
"2021-11-18 14:00:00",0.703862441105249,0.182540230353781
"2021-11-18 15:00:00",1.12903795226983,0.565818568585315
"2021-11-18 16:00:00",1.64039663873523,0.449298402857246
"2021-11-18 17:00:00",2.03605698538499,0.338986913881896
"2021-11-18 18:00:00",2.51808508093094,0.551857951295502
"2021-11-18 19:00:00",2.92599221223262,0.289313262652192
"2021-11-18 20:00:00",3.22174009211038,0.282213382170771
"2021-11-18 21:00:00",3.56037154720778,0.355999798336642
"2021-11-18 22:00:00",3.99037255404896,0.45431306085187
"2021-11-18 23:00:00",4.48507711298973,0.492981749611411
"2021-11-19 00:00:00",4.67859655012469,-0.0210940986062157
"2021-11-19 01:00:00",4.90902444956066,0.381127791087085
"2021-11-19 02:00:00",5.29488775225123,0.364358533379514
"2021-11-19 03:00:00",5.78053239047579,0.536600183762303
"2021-11-19 04:00:00",6.34982693385674,0.556589134889983
"2021-11-19 05:00:00",6.94013240174632,0.576549347366611
"2021-11-19 06:00:00",7.4020650383548,0.35462902186707
"2021-11-19 07:00:00",7.50504722429656,-0.079211450445064
"2021-11-19 08:00:00",7.21559769216462,-0.425522398581182
"2021-11-19 09:00:00",6.59115956782013,-0.7366714551654
"2021-11-19 10:00:00",5.76460471612881,-0.855692086989156
"2021-11-19 11:00:00",4.97687644741768,-0.712415726262519
"2021-11-19 12:00:00",4.64611921587926,-0.0670183480039412
"2021-11-19 13:00:00",4.54013311112095,-0.132914747377303
"2021-11-19 14:00:00",4.67023685695179,0.29341360066478
"2021-11-19 15:00:00",5.28735951424315,0.797581726782602
"2021-11-19 16:00:00",5.48289449097279,-0.221927700935444
"2021-11-19 17:00:00",5.54305458248941,0.238291436818858
"2021-11-19 18:00:00",5.97345556108892,0.530876706825247
"2021-11-19 19:00:00",6.33542870110901,0.22447456651855
"2021-11-19 20:00:00",6.73030782551517,0.481552033902195
"2021-11-19 21:00:00",7.13415279117571,0.32417803098105
"2021-11-19 22:00:00",7.41427739541309,0.228251770345566
"2021-11-19 23:00:00",7.62865717806894,0.185390752197183
"2021-11-20 00:00:00",7.53398216805385,-0.286713719616651
"2021-11-20 01:00:00",7.19628976231563,-0.365338952335214
"2021-11-20 02:00:00",7.17393911086682,0.198093330024014
"2021-11-20 03:00:00",7.34255731556583,0.131711518024814
"2021-11-20 04:00:00",7.54419957853007,0.229218473097574
"2021-11-20 05:00:00",7.64094936160357,-0.00588009378416867
"2021-11-20 06:00:00",7.68334821182163,0.0627234084128111
"2021-11-20 07:00:00",7.41202800088743,-0.491019958322674
"2021-11-20 08:00:00",6.78692728196337,-0.694333103732811
"2021-11-20 09:00:00",5.9962536362645,-0.826072889097962
"2021-11-20 10:00:00",4.99106381697213,-1.08455985901897
"2021-11-20 11:00:00",4.08737411633945,-0.746600343495438
"2021-11-20 12:00:00",3.6381571888104,-0.234885142306036
"2021-11-20 13:00:00",3.38118567449197,-0.264172505662439
"2021-11-20 14:00:00",3.31279662386067,0.0610238681242689
"2021-11-20 15:00:00",3.58078907932707,0.388965495877132
"2021-11-20 16:00:00",3.90547172992181,0.261785245024162
"2021-11-20 17:00:00",4.33959918341327,0.523358284801075
"2021-11-20 18:00:00",4.84294023970349,0.460486030867727
"2021-11-20 19:00:00",5.06582978931609,0.0476624141674857
"2021-11-20 20:00:00",4.93463776046943,-0.250719953185524
"2021-11-20 21:00:00",4.83534743464284,2.0511647437077e-05
"2021-11-20 22:00:00",4.81707090777696,-0.0358366651145926
"2021-11-20 23:00:00",4.89670164103975,0.146616439250738
"2021-11-21 00:00:00",4.97993306645587,0.0307104918472343
"2021-11-21 01:00:00",4.86456789580521,-0.213682340165593
"2021-11-21 02:00:00",4.64807870054958,-0.214341433947264
"2021-11-21 03:00:00",4.54168273308474,-0.035367166071469
"2021-11-21 04:00:00",4.65986046193178,0.20907113880824
"2021-11-21 05:00:00",4.78231204171192,0.0528826873390317
"2021-11-21 06:00:00",4.79131590563935,-0.0268385146470719
"2021-11-21 07:00:00",4.64615237669987,-0.223321529082301
"2021-11-21 08:00:00",4.29137037106787,-0.431548840160827
"2021-11-21 09:00:00",3.53289537779074,-0.94590967340753
"2021-11-21 10:00:00",2.60015277743912,-0.884193844859876
"2021-11-21 11:00:00",1.66118499204982,-0.93421452816832
"2021-11-21 12:00:00",0.415287395939531,-1.3966191370844
"2021-11-21 13:00:00",-0.290670909967208,-0.212513990623419
"2021-11-21 14:00:00",-0.199995306413809,0.2888642925043
"2021-11-21 15:00:00",0.115211298333095,0.318047147097134
"2021-11-21 16:00:00",0.436934776614887,0.308737770620306
"2021-11-21 17:00:00",0.525058048648689,-0.063701166732805
"2021-11-21 18:00:00",0.0297329310884415,-0.760208608463258
"2021-11-21 19:00:00",-0.296555354670845,-0.0215462665814863
"2021-11-21 20:00:00",-0.333984387700661,-0.045856621408826
"2021-11-21 21:00:00",-0.502053303585163,-0.241125503413663
"2021-11-21 22:00:00",-0.84507198116251,-0.393999340870958
"2021-11-21 23:00:00",-1.31559898701046,-0.498096489468293
"2021-11-22 00:00:00",-1.42577535797382,0.155363453574784
"2021-11-22 01:00:00",-1.48348727414092,-0.195180079454089
"2021-11-22 02:00:00",-1.62846233207049,-0.102704872759787
"2021-11-22 03:00:00",-1.71565137047477,-0.0706037272181407
"2021-11-22 04:00:00",-1.74985289260791,-0.00609778055787514
"2021-11-22 05:00:00",-1.76752207868487,-0.022288844786158
"2021-11-22 06:00:00",-1.99402758311945,-0.349606624705861
"2021-11-22 07:00:00",-2.53195134148921,-0.63533510463143
"2021-11-22 08:00:00",-2.79149615054507,0.00657388212780863
"2021-11-22 09:00:00",-2.66410801140262,0.205473322437289
"2021-11-22 10:00:00",-2.48909563983415,0.149821896975535
"2021-11-22 11:00:00",-2.64660156644085,-0.351695659437607
"2021-11-22 12:00:00",-2.93590502696809,-0.230551450890964
"2021-11-22 13:00:00",-3.35989341035869,-0.52901330776861
"2021-11-22 14:00:00",-3.82830284108931,-0.40141947016924
"2021-11-22 15:00:00",-4.65982201527329,-1.07380107036024
"2021-11-22 16:00:00",-6.23771263400532,-1.83295966039031
"2021-11-22 17:00:00",-6.95790930124906,0.0638939553972905
"2021-11-22 18:00:00",-6.82713120890534,0.178118203698686
"2021-11-22 19:00:00",-7.29036368106689,-0.859982438185939
"2021-11-22 20:00:00",-7.58614251922859,0.103800085758233
"2021-11-22 21:00:00",-7.31722684851595,0.375987636306817
"2021-11-22 22:00:00",-6.92176107569016,0.399087644915263
"2021-11-22 23:00:00",-6.39839109906702,0.590272609625847
"2021-11-23 00:00:00",-5.86753387330703,0.474266584441625
"2021-11-23 01:00:00",-5.70280639064213,-0.0418952943865316
"2021-11-23 02:00:00",-5.50766345424884,0.351241295889647
"2021-11-23 03:00:00",-4.06819014619744,2.10364335266382
"2021-11-23 04:00:00",-2.21289668997315,1.60680955798953
"2021-11-23 05:00:00",-0.752622413164441,1.29604597535829
"2021-11-23 06:00:00",0.0863877221226119,0.495425331303507
"2021-11-23 07:00:00",0.110613526614604,-0.291164414767315
"2021-11-23 08:00:00",-0.138877770964301,-0.209996559271967
"2021-11-23 09:00:00",-0.25067935759609,-0.0408476817237488
"2021-11-23 10:00:00",-0.331681493719844,-0.103599125932979
"2021-11-23 11:00:00",-0.449360830341249,-0.121046535247426
"2021-11-23 12:00:00",-1.02381048349112,-0.848836764241492
"2021-11-23 13:00:00",-1.22232424494703,0.245780099664268
"2021-11-23 14:00:00",-0.933968144642413,0.304612205906991
"2021-11-23 15:00:00",-0.608695793722817,0.324792322257773
"2021-11-23 16:00:00",-0.28292808693147,0.311722042866881
"2021-11-23 17:00:00",0.171755676358042,0.528748264936286
"2021-11-23 18:00:00",0.502328851955246,0.182528735078156
"2021-11-23 19:00:00",0.241487267936073,-0.544669072730058
"2021-11-23 20:00:00",0.370635961386894,0.571904698875895
"2021-11-23 21:00:00",1.10835336937682,0.81272388782536
"2021-11-23 22:00:00",1.72404098036547,0.453647015547999
"2021-11-23 23:00:00",1.77589863076096,-0.220683230676637
"2021-11-24 00:00:00",1.93566149334347,0.403509058639576
"2021-11-24 01:00:00",2.19936813009021,0.155481143377529
"2021-11-24 02:00:00",2.12721273802625,-0.2233158344214
"2021-11-24 03:00:00",2.17973320181625,0.231171363840505
"2021-11-24 04:00:00",2.40047954880145,0.200497934040009
"2021-11-24 05:00:00",2.59449626421178,0.17738317895113
"2021-11-24 06:00:00",2.67931909593369,0.0157429940232748
"2021-11-24 07:00:00",2.63616061693517,-0.083827159390633
"2021-11-24 08:00:00",2.29471097735698,-0.500366533065335
"2021-11-24 09:00:00",1.73975014888447,-0.567941982653898
"2021-11-24 10:00:00",0.961629431354898,-0.883503542763554
"2021-11-24 11:00:00",0.419691819643586,-0.289717466217954
"2021-11-24 12:00:00",-0.439981637198788,-1.1993273747539
"2021-11-24 13:00:00",-1.04728477426862,-0.18320137305042
"2021-11-24 14:00:00",-0.97259994706578,0.24440660501625
"2021-11-24 15:00:00",-0.709693898856721,0.263998963416544
"2021-11-24 16:00:00",-0.280415207813859,0.519978773825597
"2021-11-24 17:00:00",0.210881028242912,0.449190128033794
"2021-11-24 18:00:00",0.633040646830515,0.383807089587699
"2021-11-24 19:00:00",0.837346094542213,0.0741155131145456
"2021-11-24 20:00:00",0.939884643667206,0.115535352890131
"2021-11-24 21:00:00",0.979982288592263,-0.0133098555042388
"2021-11-24 22:00:00",1.04714603581022,0.11635752946372
"2021-11-24 23:00:00",0.995277308626248,-0.162902247680505
"2021-11-25 00:00:00",0.747974446321688,-0.293099824170374
"2021-11-25 01:00:00",0.526978730097291,-0.163389386029247
"2021-11-25 02:00:00",0.426205931814397,-0.0549195162630493
"2021-11-25 03:00:00",-0.0393034322353952,-0.717659801757237
"2021-11-25 04:00:00",-0.626993326915538,-0.473067462911414
"2021-11-25 05:00:00",-1.4023399407883,-0.939210726476095
"2021-11-25 06:00:00",-2.24055279041934,-0.72924368536145
"2021-11-25 07:00:00",-3.42156086999979,-1.42317133797949
"2021-11-25 08:00:00",-3.86471342565568,0.235649583929502
"2021-11-25 09:00:00",-3.81846298352516,-0.0772312555764676
"2021-11-25 10:00:00",-3.85261421885856,0.00111159202542526
"2021-11-25 11:00:00",-3.72108899529217,0.217180642190357
"2021-11-25 12:00:00",-3.86222765237178,-0.368512353030772
"2021-11-25 13:00:00",-3.9215218343777,0.154642250498614
"2021-11-25 14:00:00",-3.47769641946439,0.620573888578665
"2021-11-25 15:00:00",-3.1599128357579,0.105307266826012
"2021-11-25 16:00:00",-2.57689960693701,0.877845920716861
"2021-11-25 17:00:00",-1.64116332325236,0.933184201238918
"2021-11-25 18:00:00",-0.846019339178189,0.667448793724282
"2021-11-25 19:00:00",-0.369511727974365,0.327662483554669
"2021-11-25 20:00:00",-0.176538745661684,0.0944876990416493
"2021-11-25 21:00:00",-0.516628919821738,-0.613415503500067
"2021-11-25 22:00:00",-1.35271673346351,-0.944137428811733
"2021-11-25 23:00:00",-2.27143577693296,-0.85637369647973
"2021-11-26 00:00:00",-2.83537591075765,-0.339262687235315
"2021-11-26 01:00:00",-3.08290381528326,-0.17095639692396
"2021-11-26 02:00:00",-3.22409992862152,-0.110674094800618
"2021-11-26 03:00:00",-3.05211717403364,0.356399518799678
"2021-11-26 04:00:00",-2.50157081345571,0.657746735418472
"2021-11-26 05:00:00",-1.87419364720178,0.580542082762663
"2021-11-26 06:00:00",-1.54708926437245,0.145020061117704
"2021-11-26 07:00:00",-1.65158674332051,-0.263880467173605
"2021-11-26 08:00:00",-2.01120913047568,-0.40423200228085
"2021-11-26 09:00:00",-2.58336382106834,-0.654321197907907
"2021-11-26 10:00:00",-2.93939450275766,-0.136926439828307
"2021-11-26 11:00:00",-3.07791442340267,-0.12921215467114
"2021-11-26 12:00:00",-2.92570570181344,0.336552792981796
"2021-11-26 13:00:00",-2.66516849251052,0.201250501396516
"2021-11-26 14:00:00",-2.86429099236295,-0.453136822651168
"2021-11-26 15:00:00",-3.68340309034942,-1.0204768957143
"2021-11-26 16:00:00",-4.36455567558742,-0.41782585344405
"2021-11-26 17:00:00",-4.5794130636504,-0.0637133335723782
"2021-11-26 18:00:00",-4.85372108136143,-0.395766147217823
"2021-11-26 19:00:00",-5.24724217889815,-0.367070069589291
"2021-11-26 20:00:00",-5.47310212658446,-0.114227165395128
"2021-11-26 21:00:00",-5.38757528043607,0.221682370050799
"2021-11-26 22:00:00",-5.10808223654263,0.311693917644327
"2021-11-26 23:00:00",-4.96716239069736,0.0269582219230081
"2021-11-27 00:00:00",-4.55764404939976,0.651494723530919
"2021-11-27 01:00:00",-4.17847063619315,0.185483826439104
"2021-11-27 02:00:00",-4.11013645867273,-0.00762710484704129
"2021-11-27 03:00:00",-4.45516082049733,-0.548260422941206
"2021-11-27 04:00:00",-5.19141045548214,-0.820846646773994
"2021-11-27 05:00:00",-5.63593778606612,-0.165838746994614
"2021-11-27 06:00:00",-5.41256801170202,0.479485790949312
"2021-11-27 07:00:00",-5.34683380368721,-0.206244551872137
"2021-11-27 08:00:00",-5.37536709391099,0.0981846711381785
"2021-11-27 09:00:00",-5.29534156811134,0.0710435467160163
"2021-11-27 10:00:00",-5.25619347570015,0.0228480776901407
"2021-11-27 11:00:00",-5.51694852092996,-0.430656576437433
"2021-11-27 12:00:00",-5.71768862692533,-0.0308168943641394
"2021-11-27 13:00:00",-5.54198676935045,0.312397246662763
"2021-11-27 14:00:00",-5.385392966052,0.0524267406684691
"2021-11-27 15:00:00",-5.35061776718758,0.0282948021603597
"2021-11-27 16:00:00",-5.1065694567576,0.383179314208435
"2021-11-27 17:00:00",-4.82142478237241,0.212819764567311
"2021-11-27 18:00:00",-4.49196337686687,0.397778257256794
"2021-11-27 19:00:00",-3.85644531923321,0.769597492545772
"2021-11-27 20:00:00",-3.11473431472585,0.692844095326714
"2021-11-27 21:00:00",-3.62766214666626,-1.28837455609931
"2021-11-27 22:00:00",-4.4384095776501,-0.449133945701331
"2021-11-27 23:00:00",-4.71267994161722,-0.138944147488159
"2021-11-28 00:00:00",-4.45445869233814,0.516795934041351
"2021-11-28 01:00:00",-4.47839139928659,-0.37753510871759
"2021-11-28 02:00:00",-4.82722422472536,-0.307351146188305
"2021-11-28 03:00:00",-4.72244615061094,0.380767594857806
"2021-11-28 04:00:00",-4.85938215505232,-0.46947346645761
"2021-11-28 05:00:00",-5.25863956668008,-0.32721326573244
"2021-11-28 06:00:00",-5.47899460096145,-0.131870028344281
"2021-11-28 07:00:00",-5.71505447969781,-0.287240982104193
"2021-11-28 08:00:00",-5.91464208546313,-0.12430434064618
"2021-11-28 09:00:00",-5.84460432270792,0.203890406663855
"2021-11-28 10:00:00",-5.63921689524907,0.204156877597095
"2021-11-28 11:00:00",-5.54334631602848,0.0263918964541187
"2021-11-28 12:00:00",-5.44946319525867,0.141558375822809
"2021-11-28 13:00:00",-5.28760110065993,0.174728250075857
"2021-11-28 14:00:00",-5.49949745165356,-0.452758968227767
"2021-11-28 15:00:00",-7.11859593383717,-2.31261986165942
"2021-11-28 16:00:00",-7.11172954760095,1.56201110800894
"2021-11-28 17:00:00",-5.87090028250043,0.976912391994125
"2021-11-28 18:00:00",-5.06106145609546,0.667540528920476
"2021-11-28 19:00:00",-4.62689725780493,0.264473066986992
"2021-11-28 20:00:00",-4.94167338121649,-0.680015561397088
"2021-11-28 21:00:00",-6.24430514221466,-1.64943416546955
"2021-11-28 22:00:00",-7.53852241595311,-0.987863259764767
"2021-11-28 23:00:00",-8.21838878304582,-0.432517657606798
"2021-11-29 00:00:00",-7.30888915145702,1.77153403713142
"2021-11-29 01:00:00",-6.00687693860287,0.93655037581737
"2021-11-29 02:00:00",-5.60022238557155,0.0418131175069743
"2021-11-29 03:00:00",-5.02132264178553,0.916658918198808
"2021-11-29 04:00:00",-4.4553289706842,0.311795592012386
"2021-11-29 05:00:00",-4.16030690100988,0.275561768943681
"2021-11-29 06:00:00",-3.90774680094792,0.230585373197315
"2021-11-29 07:00:00",-3.95776029942193,-0.229664134744105
"2021-11-29 08:00:00",-4.29172050973109,-0.382520224331103
"2021-11-29 09:00:00",-4.71608714914283,-0.426567855402629
"2021-11-29 10:00:00",-5.25990017801856,-0.590056381123932
"2021-11-29 11:00:00",-5.89614452089487,-0.630023989983356
"2021-11-29 12:00:00",-6.03162943313283,0.208238133130408
"2021-11-29 13:00:00",-5.63644379281881,0.508808568014023
"2021-11-29 14:00:00",-5.41356708986381,0.0289308223331753
"2021-11-29 15:00:00",-5.588980137888,-0.296328576958736
"2021-11-29 16:00:00",-5.640215136203,0.121794547357952
"2021-11-29 17:00:00",-5.12022703987647,0.76800442979608
"2021-11-29 18:00:00",-4.85024854851439,-0.0682644884827229
"2021-11-29 19:00:00",-4.41928444745989,0.749548404735267
"2021-11-29 20:00:00",-4.56013870965556,-0.722058027400047
"2021-11-29 21:00:00",-5.35129193676508,-0.793744646914413
"2021-11-29 22:00:00",-5.35032951501769,0.537608092810397
"2021-11-29 23:00:00",-4.63291031279214,0.810094360016235
"2021-11-30 00:00:00",-3.96953890392142,0.540004727308228
"2021-11-30 01:00:00",-3.41791236308992,0.538276477392699
"2021-11-30 02:00:00",-2.91081817687346,0.466613860842541
"2021-11-30 03:00:00",-2.71984662963604,0.00188913477275579
"2021-11-30 04:00:00",-2.7767998540374,-0.0899696373421842
"2021-11-30 05:00:00",-2.67959477259402,0.220945166381621
"2021-11-30 06:00:00",-2.3164993726966,0.444059473838173
"2021-11-30 07:00:00",-1.98812865469933,0.238627250553194
"2021-11-30 08:00:00",-2.48460432656286,-0.960381900811558
"2021-11-30 09:00:00",-3.1627688458912,-0.454595187569012
"2021-11-30 10:00:00",-3.15272791121448,0.323391502790059
"2021-11-30 11:00:00",-3.06494244090778,-0.0693914795480291
"2021-11-30 12:00:00",-2.85285436389792,0.393609123817913
"2021-11-30 13:00:00",-2.26366020830028,0.695260019991362
"2021-11-30 14:00:00",-1.57836879399435,0.64899812472946
"2021-11-30 15:00:00",-0.940424552542873,0.602294289402466
"2021-11-30 16:00:00",-0.205959350651134,0.788888166189407
"2021-11-30 17:00:00",0.248834258183093,0.210721568736574
"2021-11-30 18:00:00",0.20704714939471,-0.208458330647811
"2021-11-30 19:00:00",-0.0331309202595002,-0.250177897293292
"2021-11-30 20:00:00",-0.274099994110249,-0.223336574176794
"2021-11-30 21:00:00",-0.581966992326764,-0.34923681535275
"2021-11-30 22:00:00",-0.958770170934583,-0.376525078354987
"2021-11-30 23:00:00",-2.03352059307042,-1.48791919682702
"2021-12-01 00:00:00",-3.25504238958638,-0.983260216498483
"2021-12-01 01:00:00",-3.90118358733228,-0.386500337936665
"2021-12-01 02:00:00",-3.69180259077167,0.601705899645286
"2021-12-01 03:00:00",-2.6331137616997,1.31778799159301
"2021-12-01 04:00:00",-1.39642766701052,1.1272455683423
"2021-12-01 05:00:00",-0.319842861222678,0.993452347848583
"2021-12-01 06:00:00",0.434403208419114,0.559348773913472
"2021-12-01 07:00:00",0.992177950631243,0.529660538175102
"2021-12-01 08:00:00",1.81361279800119,0.975635192008058
"2021-12-01 09:00:00",2.14066165552619,-0.123212885276918
"2021-12-01 10:00:00",1.41715536829952,-1.09207301462541
"2021-12-01 11:00:00",0.330048111558637,-1.03396430962082
"2021-12-01 12:00:00",-0.507598184321109,-0.6673907182539
"2021-12-01 13:00:00",-0.41527011459198,0.595065415233601
"2021-12-01 14:00:00",0.321294589425893,0.796430001966875
"2021-12-01 15:00:00",1.2682190049492,1.00184106956306
"2021-12-01 16:00:00",2.43751791164679,1.22373702298495
"2021-12-01 17:00:00",3.61111163564207,1.08125602890971
"2021-12-01 18:00:00",4.53890710112683,0.776748646356195
"2021-12-01 19:00:00",4.52444880985161,-0.547082430502248
"2021-12-01 20:00:00",4.30162140915042,-0.00190260654167712
"2021-12-01 21:00:00",4.13818638271295,-0.268898208532826
"2021-12-01 22:00:00",3.5352009989189,-0.802385372035803
"2021-12-01 23:00:00",2.91552389356909,-0.472982440885686
"2021-12-02 00:00:00",2.60299107389566,-0.194473787069569
"2021-12-02 01:00:00",1.75132358746303,-1.25267272183637
"2021-12-02 02:00:00",0.55982688204036,-1.09635097451778
"2021-12-02 03:00:00",-0.398643613201544,-0.821727218756167
"2021-12-02 04:00:00",-0.698373596399908,0.0630189556213057
"2021-12-02 05:00:00",-1.05299545014448,-0.615293027945274
"2021-12-02 06:00:00",-1.4678525797831,-0.260164827571057
"2021-12-02 07:00:00",-2.01834034293589,-0.715982820774198
"2021-12-02 08:00:00",-2.58651484251048,-0.440037173510632
"2021-12-02 09:00:00",-2.90168755768118,-0.213621374006868
"2021-12-02 10:00:00",-3.43891804032116,-0.723698290978256
"2021-12-02 11:00:00",-4.14420470202023,-0.655066306098571
"2021-12-02 12:00:00",-4.49439104115428,-0.124955631032808
"2021-12-02 13:00:00",-4.79993110588613,-0.40561713114439
"2021-12-02 14:00:00",-5.26634130725805,-0.478589546194945
"2021-12-02 15:00:00",-5.89356887549231,-0.689726271875682
"2021-12-02 16:00:00",-6.24085902110592,-0.0949058235694571
"2021-12-02 17:00:00",-6.43203835566093,-0.238233927000556
"2021-12-02 18:00:00",-6.70393444195438,-0.273128522447082
"2021-12-02 19:00:00",-6.71593979969435,0.171282955888876
"2021-12-02 20:00:00",-7.05273850940082,-0.650855503199704
"2021-12-02 21:00:00",-7.54679567678928,-0.356961304022898
"2021-12-02 22:00:00",-7.93245445112709,-0.376739072564923
"2021-12-02 23:00:00",-8.24450495728895,-0.243875358746913
"2021-12-03 00:00:00",-8.31455278893439,0.0597876878946583
"2021-12-03 01:00:00",-8.21035043317296,0.13957410118825
"2021-12-03 02:00:00",-7.742422071815,0.675171666601164
"2021-12-03 03:00:00",-6.88355905650773,0.950486076521157
"2021-12-03 04:00:00",-6.13122907833216,0.593348033790025
"2021-12-03 05:00:00",-5.58604312023474,0.495072239394997
"2021-12-03 06:00:00",-5.24335303952014,0.232017431305952
"2021-12-03 07:00:00",-5.27850756774506,-0.204839073434695
"2021-12-03 08:00:00",-5.22237770363508,0.234240820556788
"2021-12-03 09:00:00",-5.03306291346064,0.157098025762816
"2021-12-03 10:00:00",-4.95183785756107,0.0332697518659091
"2021-12-03 11:00:00",-5.04613644201991,-0.168480779024878
"2021-12-03 12:00:00",-4.85358444972466,0.430588918914353
"2021-12-03 13:00:00",-4.74793892074456,-0.10974563419816
"2021-12-03 14:00:00",-5.03242730275092,-0.38134469875306
"2021-12-03 15:00:00",-5.27640072160936,-0.134315890302196
"2021-12-03 16:00:00",-4.87783698897478,0.741670461730032
"2021-12-03 17:00:00",-4.0494338549747,0.853144312776434
"2021-12-03 18:00:00",-3.30816776995218,0.636675456062614
"2021-12-03 19:00:00",-3.03216607774223,0.0267040499789728
"2021-12-03 20:00:00",-3.07441726879056,-0.0823055889096762
"2021-12-03 21:00:00",-2.8832035100027,0.368432232835797
"2021-12-03 22:00:00",-2.47114895287419,0.425270330668646
"2021-12-03 23:00:00",-2.64780420562172,-0.566353333309711
"2021-12-04 00:00:00",-2.84502312139138,0.0616501995344688
"2021-12-04 01:00:00",-2.67260863561218,0.241729153431005
"2021-12-04 02:00:00",-2.65356713989625,-0.126875360052202
"2021-12-04 03:00:00",-2.76224541990309,-0.0879634013799836
"2021-12-04 04:00:00",-2.62746501613313,0.280428502014133
"2021-12-04 05:00:00",-2.26873583190884,0.397267916027434
"2021-12-04 06:00:00",-1.93715635506863,0.274954964099797
"2021-12-04 07:00:00",-1.87950204250184,-0.0874538233225843
"2021-12-04 08:00:00",-2.22816761643646,-0.503813514098868
"2021-12-04 09:00:00",-2.9400410238497,-0.813878683528624
"2021-12-04 10:00:00",-3.61117722705415,-0.540295673819111
"2021-12-04 11:00:00",-4.12642798790108,-0.469416702320391
"2021-12-04 12:00:00",-4.78595376624129,-0.749605480931042
"2021-12-04 13:00:00",-5.17103989710274,-0.117611135653058
"2021-12-04 14:00:00",-4.99191614997133,0.375095191222971
"2021-12-04 15:00:00",-4.62300060104844,0.353697788718873
"2021-12-04 16:00:00",-4.17991225384636,0.487582950097675
"2021-12-04 17:00:00",-3.67909514821205,0.491227436579115
"2021-12-04 18:00:00",-3.28688695870901,0.3122998593483
"2021-12-04 19:00:00",-3.00792072706664,0.247723361171281
"2021-12-04 20:00:00",-2.77423612870434,0.217097033069459
"2021-12-04 21:00:00",-2.6346257864732,0.0848940967660829
"2021-12-04 22:00:00",-2.56566187018365,0.0584618219077947
"2021-12-04 23:00:00",-2.65989832305731,-0.188249424882455
"2021-12-05 00:00:00",-2.96959574127403,-0.372517222298932
"2021-12-05 01:00:00",-3.2830917397125,-0.255425444760038
"2021-12-05 02:00:00",-3.38097565967597,0.0160239458584422
"2021-12-05 03:00:00",-3.35229808822133,0.0401071499551661
"2021-12-05 04:00:00",-3.18637386850322,0.246235992268535
"2021-12-05 05:00:00",-2.87629032402008,0.342018836274999
"2021-12-05 06:00:00",-2.56957603680156,0.272309828598227
"2021-12-05 07:00:00",-2.54374472603628,-0.136401265211316
"2021-12-05 08:00:00",-2.84805786734497,-0.398513875815026
"2021-12-05 09:00:00",-3.40628706021735,-0.634507582939292
"2021-12-05 10:00:00",-4.22169234930614,-0.892864858585993
"2021-12-05 11:00:00",-5.1815518014074,-0.953469800591828
"2021-12-05 12:00:00",-6.21809995563485,-1.03599975959923
"2021-12-05 13:00:00",-6.5804553493387,0.111964767762481
"2021-12-05 14:00:00",-6.35340687834809,0.301459991117395
"2021-12-05 15:00:00",-5.95451878254861,0.453071133748187
"2021-12-05 16:00:00",-5.46190801665782,0.503234494919907
"2021-12-05 17:00:00",-4.95412420886323,0.493725262491569
"2021-12-05 18:00:00",-4.4620967738816,0.473898604554039
"2021-12-05 19:00:00",-4.03743290793096,0.377411346463334
"2021-12-05 20:00:00",-3.80747147435458,0.125938152901272
"2021-12-05 21:00:00",-3.7484549565652,0.0165047130055563
"2021-12-05 22:00:00",-3.71509819622091,0.0478364195157404
"2021-12-05 23:00:00",-3.71592456396947,-0.0284411494919527
"2021-12-06 00:00:00",-3.71362497109761,0.0274721235979246
"2021-12-06 01:00:00",-3.79532879664519,-0.145818686592706
"2021-12-06 02:00:00",-4.50750547736037,-1.05100946963206
"2021-12-06 03:00:00",-5.34769400258459,-0.653910035053101
"2021-12-06 04:00:00",-5.89643671010462,-0.445665425484847
"2021-12-06 05:00:00",-5.73143956031129,0.571856213119321
"2021-12-06 06:00:00",-4.84061932708211,1.06851362060367
"2021-12-06 07:00:00",-4.14718787489625,0.416667085867517
"2021-12-06 08:00:00",-4.13972272469625,-0.260342217961929
"2021-12-06 09:00:00",-4.49479247878729,-0.396013261753115
"2021-12-06 10:00:00",-4.95780223566444,-0.47987943560621
"2021-12-06 11:00:00",-5.4450899251921,-0.462682241783995
"2021-12-06 12:00:00",-5.43583958821695,0.330443684875788
"2021-12-06 13:00:00",-5.28125467453527,0.0370065389420831
"2021-12-06 14:00:00",-5.12431820143847,0.236236291947023
"2021-12-06 15:00:00",-5.79183819804805,-1.23169070508499
"2021-12-06 16:00:00",-6.54259333588027,-0.38699810912672
"2021-12-06 17:00:00",-6.54784092360076,0.25792857546841
"2021-12-06 18:00:00",-6.44245634926205,0.00712000538206614
"2021-12-06 19:00:00",-6.28690090483201,0.255420556867276
"2021-12-06 20:00:00",-6.25373342266938,-0.108473553009145
"2021-12-06 21:00:00",-6.78140251015195,-0.773995021753229
"2021-12-06 22:00:00",-7.24586743946567,-0.227305463219506
"2021-12-06 23:00:00",-7.45344225535572,-0.175220458369263
"2021-12-07 00:00:00",-6.32555042579871,1.9526264425482
"2021-12-07 01:00:00",-5.4462181851257,0.130180646518941
"2021-12-07 02:00:00",-5.65502180426437,-0.417849121188313
"2021-12-07 03:00:00",-6.07924358905253,-0.401024372327108
"2021-12-07 04:00:00",-6.30085864289883,-0.0836461723771544
"2021-12-07 05:00:00",-6.15327845442406,0.302834832278174
"2021-12-07 06:00:00",-6.1289051064864,-0.154493620355635
"2021-12-07 07:00:00",-6.47916934093251,-0.45623375840956
"2021-12-07 08:00:00",-6.7738293189914,-0.164594863841688
"2021-12-07 09:00:00",-6.64712734080437,0.323604519318387
"2021-12-07 10:00:00",-6.61751213282367,-0.159216188217545
"2021-12-07 11:00:00",-6.64539088746897,0.0695301315862785
"2021-12-07 12:00:00",-6.63812885411626,-0.0260311955378038
"2021-12-07 13:00:00",-6.76289750234768,-0.176109713654906
"2021-12-07 14:00:00",-6.84648852745109,-0.00922611035543753
"2021-12-07 15:00:00",-6.76915520811606,0.14018615564473
"2021-12-07 16:00:00",-6.19921962504544,0.838070087893482
"2021-12-07 17:00:00",-5.35785448944176,0.811568953910805
"2021-12-07 18:00:00",-4.97581348819675,0.0844436402841597
"2021-12-07 19:00:00",-4.98250504113193,-0.0607175310975332
"2021-12-07 20:00:00",-5.1082824555074,-0.156752640242312
"2021-12-07 21:00:00",-5.52716762798182,-0.567149574098518
"2021-12-07 22:00:00",-5.75494438773481,0.0164140465518577
"2021-12-07 23:00:00",-5.47367038765816,0.451894153097338
"2021-12-08 00:00:00",-5.63453918835725,-0.554672798675487
"2021-12-08 01:00:00",-6.27814922410047,-0.665055946600371
"2021-12-08 02:00:00",-6.68622215518055,-0.209272458706786
"2021-12-08 03:00:00",-6.53972206797661,0.385332020425059
"2021-12-08 04:00:00",-6.30068600701405,0.138575288019749
"2021-12-08 05:00:00",-6.04016070417384,0.337562979532107
"2021-12-08 06:00:00",-5.82890817925143,0.124791719748374
"2021-12-08 07:00:00",-5.73621112453643,0.0744071744306802
"2021-12-08 08:00:00",-5.39584524613358,0.508886371657715
"2021-12-08 09:00:00",-5.53152113046151,-0.551976494935866
"2021-12-08 10:00:00",-6.10677633776602,-0.556310434702489
"2021-12-08 11:00:00",-6.73457801817876,-0.637759807193226
"2021-12-08 12:00:00",-7.0821544476127,-0.128929359238207
"2021-12-08 13:00:00",-7.1922079331045,-0.0831140781757531
"2021-12-08 14:00:00",-7.16249879727531,0.112779428704616
"2021-12-08 15:00:00",-7.19069717769954,-0.111612463498182
"2021-12-08 16:00:00",-7.28075820906302,-0.0621481094986118
"2021-12-08 17:00:00",-7.190992187116,0.196156726628494
"2021-12-08 18:00:00",-6.81801238102415,0.482402386217555
"2021-12-08 19:00:00",-6.29356023416204,0.536348878729323
"2021-12-08 20:00:00",-5.8217325036579,0.414503262916122
"2021-12-08 21:00:00",-5.42185133383483,0.378633035606837
"2021-12-08 22:00:00",-5.14365667948586,0.205003808679426
"2021-12-08 23:00:00",-5.0356403620163,0.0448543110243806
"2021-12-09 00:00:00",-6.0687326161698,-1.69613036113495
"2021-12-09 01:00:00",-6.88450840283711,-0.182297378327806
"2021-12-09 02:00:00",-7.05240082395294,-0.141439791208412
"2021-12-09 03:00:00",-6.90603965130764,0.340357941482054
"2021-12-09 04:00:00",-6.62240927948035,0.24123379125271
"2021-12-09 05:00:00",-6.37577151439398,0.247053893090036
"2021-12-09 06:00:00",-6.17416640307214,0.169942081962262
"2021-12-09 07:00:00",-6.19003230692665,-0.131025858170141
"2021-12-09 08:00:00",-6.51823937656929,-0.436086350007734
"2021-12-09 09:00:00",-7.05969310373498,-0.577568549428011
"2021-12-09 10:00:00",-7.68193729185096,-0.613361709921967
"2021-12-09 11:00:00",-8.2729516975661,-0.53813291921528
"2021-12-09 12:00:00",-8.63885143474539,-0.223031747642489
"2021-12-09 13:00:00",-8.63010846317735,0.173973364070256
"2021-12-09 14:00:00",-8.43880458986405,0.20488743386704
"2021-12-09 15:00:00",-8.48778235678221,-0.205016773270478
"2021-12-09 16:00:00",-8.15752319463183,0.682347367568148
"2021-12-09 17:00:00",-7.62893501148315,0.41147737179619
"2021-12-09 18:00:00",-7.14904672992428,0.512521413259789
"2021-12-09 19:00:00",-7.11133005155965,-0.271394500622935
"2021-12-09 20:00:00",-7.04506239939262,0.297386580070667
"2021-12-09 21:00:00",-6.83862815966238,0.145068985887809
"2021-12-09 22:00:00",-6.94563176603386,-0.261152190370888
"2021-12-09 23:00:00",-6.60507849762961,0.73445069597422
"2021-12-10 00:00:00",-6.12639699097968,0.293936235091207
"2021-12-10 01:00:00",-5.91410262104573,0.155673736717516
"2021-12-10 02:00:00",-5.78009032913726,0.120824281825198
"2021-12-10 03:00:00",-5.66942977736939,0.106074527257521
"2021-12-10 04:00:00",-5.40199090820953,0.369610357307586
"2021-12-10 05:00:00",-5.02236513851972,0.375224007772454
"2021-12-10 06:00:00",-4.78723028309247,0.137042007168186
"2021-12-10 07:00:00",-4.81668989944967,-0.13289011549709
"2021-12-10 08:00:00",-5.14354400550872,-0.434422583761343
"2021-12-10 09:00:00",-5.6161105088415,-0.468911348123767
"2021-12-10 10:00:00",-6.25039026027282,-0.707146027690017
"2021-12-10 11:00:00",-6.85519822662744,-0.499789434357387
"2021-12-10 12:00:00",-7.06866302006053,-0.00360763902359022
"2021-12-10 13:00:00",-7.21697524458818,-0.22862396687829
"2021-12-10 14:00:00",-6.992897877364,0.524524903474744
"2021-12-10 15:00:00",-6.71412537544666,0.110704265719234
"2021-12-10 16:00:00",-6.12480056153722,0.889047239965446
"2021-12-10 17:00:00",-5.82592547527304,-0.100876323488035
"2021-12-10 18:00:00",-5.83599563387776,0.0584520506094003
"2021-12-10 19:00:00",-6.15939048413336,-0.5550673920562
"2021-12-10 20:00:00",-7.23700188525327,-1.36682381798155
"2021-12-10 21:00:00",-9.03256884259628,-1.98674112662879
"2021-12-10 22:00:00",-10.5083935844748,-1.05345000656441
"2021-12-10 23:00:00",-10.5998619172248,0.567729524737483
"2021-12-11 00:00:00",-9.73982944002009,1.02768856228393
"2021-12-11 01:00:00",-8.12811849528791,1.93701584934059
"2021-12-11 02:00:00",-6.63722606853712,1.13310944939588
"2021-12-11 03:00:00",-6.1877138861745,-0.0190194517445392
"2021-12-11 04:00:00",-6.5501440481259,-0.566170854430794
"2021-12-11 05:00:00",-6.9716897620853,-0.296658515612007
"2021-12-11 06:00:00",-7.30513719318912,-0.333144063344804
"2021-12-11 07:00:00",-8.03602668254649,-0.95190385594503
"2021-12-11 08:00:00",-8.23829780495546,0.317442564946901
"2021-12-11 09:00:00",-7.53395658138901,0.939415293377705
"2021-12-11 10:00:00",-6.76340008752243,0.631077738860377
"2021-12-11 11:00:00",-6.89972864268541,-0.632730566520518
"2021-12-11 12:00:00",-7.84816058282199,-1.10493612698652
"2021-12-11 13:00:00",-7.81405429563173,0.80194745225006
"2021-12-11 14:00:00",-6.94093125898325,0.889151534705315
"2021-12-11 15:00:00",-7.3472657802116,-1.2417244779806
"2021-12-11 16:00:00",-8.2359269457196,-0.601593342069784
"2021-12-11 17:00:00",-7.81609858137657,1.09142745910598
"2021-12-11 18:00:00",-6.49635891197702,1.419303845497
"2021-12-11 19:00:00",-6.07292303980053,-0.252215103679028
"2021-12-11 20:00:00",-5.79801687803825,0.621076574255025
"2021-12-11 21:00:00",-4.76292232051998,1.26938615014747
"2021-12-11 22:00:00",-4.3410900850303,-0.15710186835238
"2021-12-11 23:00:00",-3.94890658166507,0.74532516054171
"2021-12-12 00:00:00",-3.76609539845512,-0.195790319542724
"2021-12-12 01:00:00",-4.00055695357348,-0.244247506339642
"2021-12-12 02:00:00",-3.76762977047269,0.545124813503097
"2021-12-12 03:00:00",-4.0790994696485,-0.862867259499139
"2021-12-12 04:00:00",-4.56225584505608,-0.201804476499548
"2021-12-12 05:00:00",-4.49897771385187,0.242868848138213
"2021-12-12 06:00:00",-4.25910984447671,0.232266246822432
"2021-12-12 07:00:00",-3.56892126849422,0.968155919226894
"2021-12-12 08:00:00",-3.24097205669493,-0.10983308172295
"2021-12-12 09:00:00",-3.78266436824932,-0.799676423218882
"2021-12-12 10:00:00",-4.58220467037069,-0.75658159017958
"2021-12-12 11:00:00",-4.97897368250968,-0.132139199076716
"2021-12-12 12:00:00",-4.84244869930445,0.315559713612338
"2021-12-12 13:00:00",-4.73099041264814,-0.023663498181963
"2021-12-12 14:00:00",-4.43682386106233,0.498167396542262
"2021-12-12 15:00:00",-3.96948580711357,0.430295174423377
"2021-12-12 16:00:00",-3.35225382644759,0.717639005856446
"2021-12-12 17:00:00",-2.67092448180057,0.62906668034761
"2021-12-12 18:00:00",-2.08167102862221,0.538152546888522
"2021-12-12 19:00:00",-1.66417245127954,0.319907126034797
"2021-12-12 20:00:00",-1.33553737109917,0.320981535483862
"2021-12-12 21:00:00",-0.883417082966397,0.519781146984416
"2021-12-12 22:00:00",-0.335078385647392,0.542458407226926
"2021-12-12 23:00:00",0.107680722930737,0.355686185749251
"2021-12-13 00:00:00",0.12955743420806,-0.201837499304788
"2021-12-13 01:00:00",0.0594187447440833,0.0208250306714637
"2021-12-13 02:00:00",0.292088950460434,0.362765028796
"2021-12-13 03:00:00",0.758316511855602,0.512670198140403
"2021-12-13 04:00:00",1.26616445929606,0.479523396613647
"2021-12-13 05:00:00",1.87412658918509,0.663064960460225
"2021-12-13 06:00:00",2.52879912890403,0.615553077520259
"2021-12-13 07:00:00",2.98134680891922,0.319115878248243
"2021-12-13 08:00:00",3.05516351713312,-0.0970627794514095
"2021-12-13 09:00:00",2.82330839373746,-0.314634430403849
"2021-12-13 10:00:00",2.36898808050419,-0.529491753999759
"2021-12-13 11:00:00",1.88754521851239,-0.429585621385553
"2021-12-13 12:00:00",1.34297876632255,-0.597773877917589
"2021-12-13 13:00:00",1.43315613415355,0.542788048826673
"2021-12-13 14:00:00",2.17997601184126,0.845503637441985
"2021-12-13 15:00:00",3.0575259643161,0.854404083938017
"2021-12-13 16:00:00",3.99005634661481,0.936360541425333
"2021-12-13 17:00:00",4.6167789820392,0.385377829452921
"2021-12-13 18:00:00",5.05323178101548,0.443813085090252
"2021-12-13 19:00:00",5.39242215337198,0.246813395725111
"2021-12-13 20:00:00",5.41964354201925,-0.127413001750132
"2021-12-13 21:00:00",5.18216734350863,-0.306549434973827
"2021-12-13 22:00:00",5.01839919315064,-0.0674777979803691
"2021-12-13 23:00:00",5.15736644642427,0.263524638156652
"2021-12-14 00:00:00",5.50142004266131,0.374743694739511
"2021-12-14 01:00:00",5.68754070026577,0.0444406527056823
"2021-12-14 02:00:00",5.49935672724774,-0.34165099306532
"2021-12-14 03:00:00",5.31417596198877,-0.0791558202403904
"2021-12-14 04:00:00",5.26082381120548,-0.0404625594783851
"2021-12-14 05:00:00",5.2439748825034,-0.00708519879574541
"2021-12-14 06:00:00",5.36589339926409,0.195368686704133
"2021-12-14 07:00:00",5.27714224134672,-0.280858253509544
"2021-12-14 08:00:00",4.81919478656254,-0.561043659690003
"2021-12-14 09:00:00",4.15606936486993,-0.705877478484962
"2021-12-14 10:00:00",3.47285797989055,-0.640990638527275
"2021-12-14 11:00:00",2.86856800171367,-0.555582923354947
"2021-12-14 12:00:00",2.59432230033782,-0.0773551698600314
"2021-12-14 13:00:00",2.7112188646119,0.237497648426708
"2021-12-14 14:00:00",2.9050109098986,0.151952930990341
"2021-12-14 15:00:00",3.20219476780205,0.37613746824928
"2021-12-14 16:00:00",3.66194055605788,0.48951056710603
"2021-12-14 17:00:00",4.23184013999209,0.591691332969703
"2021-12-14 18:00:00",4.73783300504795,0.41936393274838
"2021-12-14 19:00:00",5.09769667629662,0.296991859695283
"2021-12-14 20:00:00",5.34979177497162,0.203616164012292
"2021-12-14 21:00:00",5.57797956348491,0.22683153907116
"2021-12-14 22:00:00",5.71425336151715,0.0622395881102051
"2021-12-14 23:00:00",5.61742094968354,-0.205640566519397
"2021-12-15 00:00:00",5.29213062629036,-0.396836476192976
"2021-12-15 01:00:00",5.29136870354078,0.256500103950523
"2021-12-15 02:00:00",5.508724490232,0.174112974530019
"2021-12-15 03:00:00",5.71473747702419,0.210391178893053
"2021-12-15 04:00:00",6.04032682262538,0.379551042446887
"2021-12-15 05:00:00",6.20154333072606,0.000218169596145526
"2021-12-15 06:00:00",6.1286541920017,-0.126154156807634
"2021-12-15 07:00:00",6.41489506872351,0.539666910308195
"2021-12-15 08:00:00",6.53607979059078,-0.171823511909571
"2021-12-15 09:00:00",6.13564267058668,-0.542237464179681
"2021-12-15 10:00:00",5.73514603746159,-0.294879363541288
"2021-12-15 11:00:00",5.20411391435298,-0.670620612919426
"2021-12-15 12:00:00",4.57198350962475,-0.583138267873178
"2021-12-15 13:00:00",4.46931605190668,0.21662825263337
"2021-12-15 14:00:00",4.71987050390307,0.255506208047685
"2021-12-15 15:00:00",5.13639663417314,0.49799587124359
"2021-12-15 16:00:00",5.79155564453314,0.722181191241027
"2021-12-15 17:00:00",6.54556312114743,0.731931717368874
"2021-12-15 18:00:00",6.85551268458982,0.0054696965755551
"2021-12-15 19:00:00",6.74179533046902,-0.196604252479997
"2021-12-15 20:00:00",6.78059538370575,0.185202401487591
"2021-12-15 21:00:00",6.83291414971854,-0.0474924260540401
"2021-12-15 22:00:00",6.79863538224003,-0.0326457691590497
"2021-12-15 23:00:00",6.82111355505351,0.0493980057337785
"2021-12-16 00:00:00",7.15727457652482,0.50256931954261
"2021-12-16 01:00:00",7.4729611790757,0.166876174093754
"2021-12-16 02:00:00",7.5453689644551,-0.0036404720964245
"2021-12-16 03:00:00",7.49588102719381,-0.087423691804656
"2021-12-16 04:00:00",7.53976952492564,0.119683764197594
"2021-12-16 05:00:00",7.7058608158158,0.179420853264474
"2021-12-16 06:00:00",7.89142424129529,0.170910810965718
"2021-12-16 07:00:00",7.89444104601499,-0.119222851554368
"2021-12-16 08:00:00",7.52057687979078,-0.536029129441509
"2021-12-16 09:00:00",6.93866567326975,-0.594537676780138
"2021-12-16 10:00:00",6.21165586432075,-0.789717165848714
"2021-12-16 11:00:00",5.49924733078716,-0.635021433976118
"2021-12-16 12:00:00",4.85087743387328,-0.633544907141501
"2021-12-16 13:00:00",4.48881806654687,-0.170118059198909
"2021-12-16 14:00:00",3.97807879973334,-0.719330501609827
"2021-12-16 15:00:00",2.87167020600799,-1.31700660118458
"2021-12-16 16:00:00",2.08367718567485,-0.401578763549902
"2021-12-16 17:00:00",1.94017620011178,0.0326820142073748
"2021-12-16 18:00:00",1.89841267039275,-0.0919085795849931
"2021-12-16 19:00:00",1.76732795510406,-0.153418922324551
"2021-12-16 20:00:00",1.69213018474618,-0.0217552389444049
"2021-12-16 21:00:00",1.63868748588919,-0.0742082237919059
"2021-12-16 22:00:00",1.62209861893439,0.0205000747594982
"2021-12-16 23:00:00",1.53517448840068,-0.156498706746423
"2021-12-17 00:00:00",1.49852717591712,0.0430155034386529
"2021-12-17 01:00:00",1.71474455211591,0.319477832427893
"2021-12-17 02:00:00",2.09421385722046,0.3992211940684
"2021-12-17 03:00:00",2.34396307714934,0.135536404995814
"2021-12-17 04:00:00",2.63109148507002,0.371523456210352
"2021-12-17 05:00:00",3.02217360833797,0.382146629985385
"2021-12-17 06:00:00",3.37526710217003,0.313051928303646
"2021-12-17 07:00:00",3.5823929244438,0.122317771986426
"2021-12-17 08:00:00",3.46216775396513,-0.28082096422663
"2021-12-17 09:00:00",2.97338564786255,-0.608655245669705
"2021-12-17 10:00:00",2.37106427068439,-0.573308436700293
"2021-12-17 11:00:00",1.59792236028467,-0.872678109821711
"2021-12-17 12:00:00",1.26226028689668,0.0362339336405636
"2021-12-17 13:00:00",1.36688932949661,0.143626562883632
"2021-12-17 14:00:00",1.51231259932494,0.137949266253853
"2021-12-17 15:00:00",1.70181368191758,0.212914649904974
"2021-12-17 16:00:00",2.04634481848965,0.413709129365667
"2021-12-17 17:00:00",2.57806130552963,0.582482991734999
"2021-12-17 18:00:00",3.04547584166963,0.365170212750968
"2021-12-17 19:00:00",3.1769975415781,-0.0344155548140966
"2021-12-17 20:00:00",3.1618558933382,-0.00566693828744437
"2021-12-17 21:00:00",3.21704496606021,0.0890621576593726
"2021-12-17 22:00:00",3.31590622371621,0.096550586957473
"2021-12-17 23:00:00",3.46754671020459,0.176887744339951
"2021-12-18 00:00:00",3.39758666431621,-0.235666265694098
"2021-12-18 01:00:00",3.30742209559511,0.00674136923115687
"2021-12-18 02:00:00",3.36340981361858,0.0818956319461365
"2021-12-18 03:00:00",3.52120978265979,0.196569376377596
"2021-12-18 04:00:00",3.83942436329249,0.379651244157877
"2021-12-18 05:00:00",4.26902146670792,0.437532136105653
"2021-12-18 06:00:00",4.68465993342628,0.375791018688525
"2021-12-18 07:00:00",4.82458778102173,-0.0299975212137574
"2021-12-18 08:00:00",4.59601816782638,-0.356304230937947
"2021-12-18 09:00:00",4.10357744076212,-0.565718798578539
"2021-12-18 10:00:00",3.6230866123014,-0.406128379243687
"2021-12-18 11:00:00",3.23388526206093,-0.364090950706184
"2021-12-18 12:00:00",1.95092779548838,-1.83872664118382
"2021-12-18 13:00:00",1.18356587677045,-0.0191802604679145
"2021-12-18 14:00:00",1.44731602157633,0.438308850155652
"2021-12-18 15:00:00",1.9205239822181,0.472122097607805
"2021-12-18 16:00:00",2.56187746963732,0.721221021787852
"2021-12-18 17:00:00",3.34804777318734,0.788809560856185
"2021-12-18 18:00:00",4.01937566368616,0.556792751732902
"2021-12-18 19:00:00",4.6145129231861,0.587239942376326
"2021-12-18 20:00:00",5.3116757176566,0.7313684874941
"2021-12-18 21:00:00",5.87003607787314,0.409646031492752
"2021-12-18 22:00:00",5.99665209479552,-0.0756482833673796
"2021-12-18 23:00:00",5.79572562584624,-0.282623210130886
"2021-12-19 00:00:00",5.6296423834624,-0.087967422264705
"2021-12-19 01:00:00",5.51343478508515,-0.136766286372517
"2021-12-19 02:00:00",5.39768830493766,-0.103337902691589
"2021-12-19 03:00:00",5.39644202298603,0.0599174324653236
"2021-12-19 04:00:00",5.54689478046022,0.196705370125168
"2021-12-19 05:00:00",5.68579994549762,0.0866239579681076
"2021-12-19 06:00:00",5.69351337172027,-0.0525859394505471
"2021-12-19 07:00:00",5.5201773849355,-0.252934478922259
"2021-12-19 08:00:00",5.18096593138347,-0.387722630295908
"2021-12-19 09:00:00",4.67326803542245,-0.570230746312403
"2021-12-19 10:00:00",4.09036292920767,-0.569677213469354
"2021-12-19 11:00:00",3.45198213430579,-0.659117786807805
"2021-12-19 12:00:00",2.65490817295605,-0.855614955955425
"2021-12-19 13:00:00",2.27898992420013,-0.0416835614271841
"2021-12-19 14:00:00",2.46468223046877,0.325512979188038
"2021-12-19 15:00:00",2.98181347966983,0.617124878954302
"2021-12-19 16:00:00",3.72962503551738,0.795556657464497
"2021-12-19 17:00:00",4.08639091768183,0.0424843813944763
"2021-12-19 18:00:00",3.91749351785412,-0.307056013945279
"2021-12-19 19:00:00",3.07915379583038,-1.15773357162208
"2021-12-19 20:00:00",2.00136219223493,-0.977249679421222
"2021-12-19 21:00:00",0.90227384131842,-1.13066373298313
"2021-12-19 22:00:00",-0.177972324382149,-0.99646508526252
"2021-12-19 23:00:00",-1.14288108108017,-0.897790381805283
"2021-12-20 00:00:00",-1.65342085758625,-0.226643838407731
"2021-12-20 01:00:00",-1.87585019348938,-0.206919425087653
"2021-12-20 02:00:00",-2.0968956124095,-0.217541440270729
"2021-12-20 03:00:00",-2.19192689415507,-0.00614134787556936
"2021-12-20 04:00:00",-2.11085357478815,0.138187403067666
"2021-12-20 05:00:00",-2.00382726895353,0.0838868077778694
"2021-12-20 06:00:00",-2.0331979931666,-0.100896667687964
"2021-12-20 07:00:00",-2.39989351062123,-0.523846648748833
"2021-12-20 08:00:00",-2.87721376254144,-0.420528734657708
"2021-12-20 09:00:00",-2.77004601872493,0.457574469920359
"2021-12-20 10:00:00",-2.30761313898746,0.447266720876551
"2021-12-20 11:00:00",-1.93941675908103,0.300960835604054
"2021-12-20 12:00:00",-1.69139770696525,0.203438544689978
"2021-12-20 13:00:00",-1.50632854799728,0.166208269153651
"2021-12-20 14:00:00",-1.552374707828,-0.183417587287066
"2021-12-20 15:00:00",-2.66029219014558,-1.66959241330936
"2021-12-20 16:00:00",-3.22589524429087,0.200682540546349
"2021-12-20 17:00:00",-3.53640662858717,-0.63238939523003
"2021-12-20 18:00:00",-4.61304550107939,-1.31708199699444
"2021-12-20 19:00:00",-5.69271359745149,-0.864145354816361
"2021-12-20 20:00:00",-6.49313741213659,-0.712572275152766
"2021-12-20 21:00:00",-7.16249152538351,-0.600368186706441
"2021-12-20 22:00:00",-7.6467390157451,-0.374594317011819
"2021-12-20 23:00:00",-7.7027682623847,0.168859903961999
"2021-12-21 00:00:00",-6.18040031423,2.36227519265606
"2021-12-21 01:00:00",-4.37512320317918,1.35612976501733
"2021-12-21 02:00:00",-3.71526181470464,0.169971895902424
"2021-12-21 03:00:00",-3.88435374955708,-0.382308055959221
"2021-12-21 04:00:00",-4.2259001293625,-0.293136962800342
"2021-12-21 05:00:00",-3.86797888749331,0.780389994368831
"2021-12-21 06:00:00",-3.51563802204056,0.0552208544674564
"2021-12-21 07:00:00",-3.13663321864253,0.581377290346118
"2021-12-21 08:00:00",-3.027321636267,-0.206546131945263
"2021-12-21 09:00:00",-3.38045823269548,-0.430180102587761
"2021-12-21 10:00:00",-3.96363054361749,-0.653097374570148
"2021-12-21 11:00:00",-4.61465328389513,-0.613595974910764
"2021-12-21 12:00:00",-5.19330689848376,-0.521915431673423
"2021-12-21 13:00:00",-5.50688046705391,-0.153088454844452
"2021-12-21 14:00:00",-5.5479429520548,0.0426676370505231
"2021-12-21 15:00:00",-5.44298765995273,0.148641340382228
"2021-12-21 16:00:00",-4.83260102487146,0.896220255656904
"2021-12-21 17:00:00",-4.0275529376164,0.712239570488143
"2021-12-21 18:00:00",-3.49628993802494,0.390558603505441
"2021-12-21 19:00:00",-3.25305695523672,0.137964592194937
"2021-12-21 20:00:00",-3.31692724417282,-0.191197650842393
"2021-12-21 21:00:00",-3.42347424813589,-0.0407769705428923
"2021-12-21 22:00:00",-3.49271523477586,-0.0805149152863871
"2021-12-21 23:00:00",-3.60048849439986,-0.116323168210791
"2021-12-22 00:00:00",-3.45473524926286,0.318181372767688
"2021-12-22 01:00:00",-3.3728696804593,-0.0751140787811826
"2021-12-22 02:00:00",-3.42935982348441,-0.0370437553386316
"2021-12-22 03:00:00",-3.36845490296588,0.127727828987312
"2021-12-22 04:00:00",-3.25436010276573,0.103925132791112
"2021-12-22 05:00:00",-3.29804803411346,-0.135825399964208
"2021-12-22 06:00:00",-3.8710204302681,-0.832921668409163
"2021-12-22 07:00:00",-4.4035763549183,-0.302020586375155
"2021-12-22 08:00:00",-4.76995158716234,-0.386193259116766
"2021-12-22 09:00:00",-4.61276481708897,0.518111121588855
"2021-12-22 10:00:00",-4.68869368346399,-0.462396748458193
"2021-12-22 11:00:00",-5.41200465896223,-0.856837749175799
"2021-12-22 12:00:00",-6.08006925348265,-0.503498067136439
"2021-12-22 13:00:00",-6.41893191047225,-0.205170286501811
"2021-12-22 14:00:00",-6.78746054463817,-0.451648706102694
"2021-12-22 15:00:00",-7.89871273831051,-1.4894281338658
"2021-12-22 16:00:00",-8.4761942285426,0.0680924540154272
"2021-12-22 17:00:00",-7.9197069972935,0.866556714884861
"2021-12-22 18:00:00",-7.27872438257356,0.470348642421632
"2021-12-22 19:00:00",-6.82945732341408,0.423243358660724
"2021-12-22 20:00:00",-6.58448958656219,0.123279031700841
"2021-12-22 21:00:00",-6.86839780086344,-0.533385907360284
"2021-12-22 22:00:00",-7.05193930072246,0.0672565227421989
"2021-12-22 23:00:00",-7.18747649767652,-0.255202985103295
"2021-12-23 00:00:00",-7.01284195920978,0.462151271605346
"2021-12-23 01:00:00",-7.09439259475439,-0.431100492761482
"2021-12-23 02:00:00",-6.93031876817368,0.562195117021597
"2021-12-23 03:00:00",-6.5044017766724,0.323757521092033
"2021-12-23 04:00:00",-6.22679156887479,0.242035537693877
"2021-12-23 05:00:00",-5.63502585663866,0.804818709444207
"2021-12-23 06:00:00",-5.07039064341115,0.384945757534691
"2021-12-23 07:00:00",-4.65990051327392,0.414546880071811
"2021-12-23 08:00:00",-4.46731277156142,0.0414705669045576
"2021-12-23 09:00:00",-4.52991316815217,-0.123248575266781
"2021-12-23 10:00:00",-4.65999227014044,-0.122614207759027
"2021-12-23 11:00:00",-4.77982850852538,-0.106284903344416
"2021-12-23 12:00:00",-5.50670635740378,-1.09989944854152
"2021-12-23 13:00:00",-6.24477431645369,-0.45468261234947
"2021-12-23 14:00:00",-6.17133146143678,0.430077577788463
"2021-12-23 15:00:00",-5.80667003493181,0.311675270719998
"2021-12-23 16:00:00",-5.31501902791958,0.595752312126207
"2021-12-23 17:00:00",-4.75983414029131,0.50860727668091
"2021-12-23 18:00:00",-4.36281388820808,0.309897514704781
"2021-12-23 19:00:00",-3.92516596628492,0.507638574902
"2021-12-23 20:00:00",-3.2022283730698,0.837172266923367
"2021-12-23 21:00:00",-2.42616300393897,0.702576376193685
"2021-12-23 22:00:00",-1.82242914758054,0.512277255737456
"2021-12-23 23:00:00",-1.09916157547779,0.831904568524425
"2021-12-24 00:00:00",-0.511948899200462,0.397599912556788
"2021-12-24 01:00:00",-0.289856920741737,0.0951946947263771
"2021-12-24 02:00:00",-0.0603794136927166,0.308466752811646
"2021-12-24 03:00:00",0.374465257748079,0.498509457825596
"2021-12-24 04:00:00",0.908912616170248,0.532526424421812
"2021-12-24 05:00:00",1.58196908022714,0.733587141472709
"2021-12-24 06:00:00",2.28064110539087,0.640156710553541
"2021-12-24 07:00:00",2.75498772858361,0.338328963388289
"2021-12-24 08:00:00",2.64530422336166,-0.40669140910866
"2021-12-24 09:00:00",1.92717515362798,-0.895034361495559
"2021-12-24 10:00:00",0.912397124208165,-1.048867541248
"2021-12-24 11:00:00",-0.336940261777704,-1.32478969053989
"2021-12-24 12:00:00",-1.37222847453083,-0.792660081110015
"2021-12-24 13:00:00",-2.42309275167151,-1.17129285430818
"2021-12-24 14:00:00",-3.54204711758028,-1.02776825133869
"2021-12-24 15:00:00",-3.87301388206936,0.15385129902638
"2021-12-24 16:00:00",-3.42619597672187,0.625883922605942
"2021-12-24 17:00:00",-2.68781551439394,0.78270450349233
"2021-12-24 18:00:00",-2.15200395532747,0.349221132641693
"2021-12-24 19:00:00",-2.4606419154518,-0.729763931781747
"2021-12-24 20:00:00",-3.85772189642635,-1.77239070888708
"2021-12-24 21:00:00",-6.25667943869385,-2.69769373677413
"2021-12-24 22:00:00",-8.29061146525163,-1.48671823028376
"2021-12-24 23:00:00",-9.37149626381255,-0.748287555900704
"2021-12-25 00:00:00",-9.77885243084709,-0.148639045467992
"2021-12-25 01:00:00",-10.7686612434918,-1.49094310918085
"2021-12-25 02:00:00",-10.9033830506188,0.789688781759323
"2021-12-25 03:00:00",-10.8997490077191,-0.506516223452169
"2021-12-25 04:00:00",-11.3735665140597,-0.415457857760221
"2021-12-25 05:00:00",-11.4469383682741,0.172824136593219
"2021-12-25 06:00:00",-10.967357350673,0.676043239939422
"2021-12-25 07:00:00",-10.0129739603415,1.10872115637473
"2021-12-25 08:00:00",-9.70874534831152,-0.233644754775557
"2021-12-25 09:00:00",-9.67756313375949,0.218759430084049
"2021-12-25 10:00:00",-9.33854965251311,0.415542255996689
"2021-12-25 11:00:00",-9.09171275191864,0.134672649149947
"2021-12-25 12:00:00",-9.43408791788674,-0.632416675371456
"2021-12-25 13:00:00",-9.74114152068475,-0.0634008412973644
"2021-12-25 14:00:00",-9.77518482618607,-0.000301837380268677
"2021-12-25 15:00:00",-9.76173709863528,0.0345711824101801
"2021-12-25 16:00:00",-9.6439243935895,0.180286662952119
"2021-12-25 17:00:00",-9.43084477862394,0.237242925930289
"2021-12-25 18:00:00",-9.36999209523252,-0.0474779579530163
"2021-12-25 19:00:00",-10.7801713445575,-2.23954647181708
"2021-12-25 20:00:00",-12.2007930570001,-0.793282792575334
"2021-12-25 21:00:00",-11.7757864106532,1.23271171728714
"2021-12-25 22:00:00",-11.0768717908813,0.325018159526365
"2021-12-25 23:00:00",-11.8196511286857,-1.40506229263094
"2021-12-26 00:00:00",-13.3579736516858,-1.53883032575289
"2021-12-26 01:00:00",-15.1452852459306,-1.85081804712609
"2021-12-26 02:00:00",-16.0628686001184,-0.232318293305787
"2021-12-26 03:00:00",-16.0722347511484,0.160409713046159
"2021-12-26 04:00:00",-15.8139924249313,0.331902067790097
"2021-12-26 05:00:00",-15.1148171282657,0.931173456532619
"2021-12-26 06:00:00",-14.0905616973274,1.05711395900789
"2021-12-26 07:00:00",-13.681316337732,-0.0239497761730271
"2021-12-26 08:00:00",-14.0790888786534,-0.610451922944194
"2021-12-26 09:00:00",-14.2383456897915,0.167244877414675
"2021-12-26 10:00:00",-13.7936101339604,0.626940135646529
"2021-12-26 11:00:00",-12.7087993541116,1.35627758912844
"2021-12-26 12:00:00",-11.6074245517354,0.895482365724013
"2021-12-26 13:00:00",-10.784375338679,0.750607768367601
"2021-12-26 14:00:00",-10.4790520440726,0.00785993113373445
"2021-12-26 15:00:00",-11.1299270975323,-1.04559185851164
"2021-12-26 16:00:00",-11.4864712677609,0.134097912647954
"2021-12-26 17:00:00",-11.0629868885761,0.61108313915894
"2021-12-26 18:00:00",-10.5476210069167,0.441321317048313
"2021-12-26 19:00:00",-10.3105011523139,0.10331168382897
"2021-12-26 20:00:00",-10.3905036170908,-0.185122097964019
"2021-12-26 21:00:00",-10.6611588851912,-0.301425895155125
"2021-12-26 22:00:00",-10.9295896414994,-0.219940789118344
"2021-12-26 23:00:00",-11.0771787561583,-0.0782583191849718
"2021-12-27 00:00:00",-11.2837545144114,-0.268028919454017
"2021-12-27 01:00:00",-11.032491456154,0.60005219369792
"2021-12-27 02:00:00",-10.3882817105108,0.657251603220993
"2021-12-27 03:00:00",-9.58328344442701,0.878627670101707
"2021-12-27 04:00:00",-8.32918370316601,1.45716518616322
"2021-12-27 05:00:00",-7.13115554677527,0.979076479873159
"2021-12-27 06:00:00",-6.38075024407851,0.571490827540037
"2021-12-27 07:00:00",-6.04510409872254,0.170691533955808
"2021-12-27 08:00:00",-6.17593814596501,-0.317840857439179
"2021-12-27 09:00:00",-6.68662471752845,-0.60702242227456
"2021-12-27 10:00:00",-7.29431186169798,-0.570637026611755
"2021-12-27 11:00:00",-7.44098444920975,0.15233479787703
"2021-12-27 12:00:00",-6.80728799940647,0.934074363269201
"2021-12-27 13:00:00",-6.59820613824258,-0.275401894264583
"2021-12-27 14:00:00",-6.70550757694697,0.0183649516765024
"2021-12-27 15:00:00",-6.44899361766361,0.411728588965327
"2021-12-27 16:00:00",-5.77399456863275,0.826744345228067
"2021-12-27 17:00:00",-5.23469873643195,0.329480083724329
"2021-12-27 18:00:00",-4.9236591761713,0.290711095869744
"2021-12-27 19:00:00",-4.55816299676944,0.404328520924397
"2021-12-27 20:00:00",-4.41738860908353,-0.035741276024195
"2021-12-27 21:00:00",-4.67696882761649,-0.390776343866611
"2021-12-27 22:00:00",-5.15436010702394,-0.506421544887127
"2021-12-27 23:00:00",-5.81023628406694,-0.717702213233588
"2021-12-28 00:00:00",-6.20137437510394,-0.147358681933888
"2021-12-28 01:00:00",-6.42194510337627,-0.250905490544204
"2021-12-28 02:00:00",-6.53573171744776,-0.0086932183121997
"2021-12-28 03:00:00",-6.66354908209166,-0.192736404788254
"2021-12-28 04:00:00",-6.51231500099148,0.381943934587794
"2021-12-28 05:00:00",-5.75210162654463,0.984655626408449
"2021-12-28 06:00:00",-4.73198584189609,1.00269237710471
"2021-12-28 07:00:00",-4.18051249640092,0.230557702066901
"2021-12-28 08:00:00",-3.74703433938417,0.553544559481007
"2021-12-28 09:00:00",-3.45379303594652,0.110602507848921
"2021-12-28 10:00:00",-3.20064059942842,0.340605016852639
"2021-12-28 11:00:00",-3.32404069889226,-0.422743387713112
"2021-12-28 12:00:00",-3.84513577647259,-0.557616314528251
"2021-12-28 13:00:00",-3.71478787991908,0.587743725069615
"2021-12-28 14:00:00",-2.98940204526527,0.787462680203324
"2021-12-28 15:00:00",-2.61422674143125,0.0863457420591038
"2021-12-28 16:00:00",-2.50118252724506,0.128839787418378
"2021-12-28 17:00:00",-2.309233726286,0.228122494460515
"2021-12-28 18:00:00",-1.41235984285839,1.3030574015698
"2021-12-28 19:00:00",-0.537444063094167,0.549737383849312
"2021-12-28 20:00:00",-0.25432118158204,0.0926216163922247
"2021-12-28 21:00:00",-0.380436879876969,-0.265617454708173
"2021-12-28 22:00:00",-0.592849098876409,-0.166358740252129
"2021-12-28 23:00:00",-1.34373432046035,-1.10411742689924
"2021-12-29 00:00:00",-1.6929203062991,0.172417754536838
"2021-12-29 01:00:00",-1.61823793672727,0.00815917963019722
"2021-12-29 02:00:00",-1.7340837723114,-0.19092427373774
"2021-12-29 03:00:00",-1.41732874148313,0.64238471449982
"2021-12-29 04:00:00",-0.71300025111186,0.713980769125609
"2021-12-29 05:00:00",-0.3858754341398,0.0545992181116768
"2021-12-29 06:00:00",0.036521965835012,0.648017225934215
"2021-12-29 07:00:00",0.0443833626193635,-0.419322569688923
"2021-12-29 08:00:00",0.0869227678313527,0.348363544230818
"2021-12-29 09:00:00",-0.0218034236628332,-0.408392938496026
"2021-12-29 10:00:00",-0.46125744244083,-0.439250387159517
"2021-12-29 11:00:00",-1.10779725670221,-0.753412898032144
"2021-12-29 12:00:00",-1.52717346515162,-0.175332857270107
"2021-12-29 13:00:00",-1.47262119601723,0.207182048751882
"2021-12-29 14:00:00",-1.13811889374399,0.405383314795316
"2021-12-29 15:00:00",-0.553577500951914,0.67766763549009
"2021-12-29 16:00:00",0.0230462359022084,0.482574825109131
"2021-12-29 17:00:00",0.326947927198152,0.170317372731648
"2021-12-29 18:00:00",0.696518719277379,0.484421088506287
"2021-12-29 19:00:00",0.963818087386582,0.108954577103684
"2021-12-29 20:00:00",1.39548497198558,0.625050280112228
"2021-12-29 21:00:00",1.93796909147764,0.459864230701925
"2021-12-29 22:00:00",2.42378813273992,0.477538888590458
"2021-12-29 23:00:00",2.79756005690274,0.283710433279913
"2021-12-30 00:00:00",2.8774952016165,-0.0633161407908993
"2021-12-30 01:00:00",2.90274683659933,0.0793879510997455
"2021-12-30 02:00:00",3.19148548706794,0.410842281228197
"2021-12-30 03:00:00",3.64426331182314,0.455106135500619
"2021-12-30 04:00:00",4.59017806280114,1.22346971864462
"2021-12-30 05:00:00",6.30847551282514,1.96060975195449
"2021-12-30 06:00:00",7.65299154902744,0.861774226047048
"2021-12-30 07:00:00",8.27053730077041,0.415522533426548
"2021-12-30 08:00:00",8.39957233111424,-0.0787424486984207
"2021-12-30 09:00:00",8.28018798728759,-0.151629067458083
"2021-12-30 10:00:00",7.8052885273789,-0.678512307565184
"2021-12-30 11:00:00",7.04183682485389,-0.793856134895434
"2021-12-30 12:00:00",6.40441209746688,-0.51192295287558
"2021-12-30 13:00:00",6.39272566973488,0.31410158354724
"2021-12-30 14:00:00",7.08313179507696,0.900226283787912
"2021-12-30 15:00:00",8.15141846393541,1.12043344228296
"2021-12-30 16:00:00",9.48701082602987,1.40505884343084
"2021-12-30 17:00:00",10.8912109263149,1.32467600748951
"2021-12-30 18:00:00",12.0776459045188,1.02386285593426
"2021-12-30 19:00:00",12.721127470291,0.343757294929189
"2021-12-30 20:00:00",12.9091687557319,0.0589043774288448
"2021-12-30 21:00:00",13.0402825068173,0.156387379622764
"2021-12-30 22:00:00",13.2121357208243,0.157193590366035
"2021-12-30 23:00:00",13.2630310460716,-0.0394126001864367
"2021-12-31 00:00:00",13.2521209819386,-0.00848093959349477
"2021-12-31 01:00:00",13.4424306258002,0.296714441050588
"2021-12-31 02:00:00",13.777317467014,0.327099212619336
"2021-12-31 03:00:00",14.1253971764882,0.327772555476696
"2021-12-31 04:00:00",14.3435524194653,0.116509748189221
"2021-12-31 05:00:00",14.208919183625,-0.314144414954325
"2021-12-31 06:00:00",14.0497445094349,-0.0666089339503502
"2021-12-31 07:00:00",14.0371403629605,0.00589293767088273
"2021-12-31 08:00:00",13.6287842608378,-0.683200837045389
"2021-12-31 09:00:00",13.0081718990737,-0.56695830872366
"2021-12-31 10:00:00",12.4605049655607,-0.525543727214538
"2021-12-31 11:00:00",11.70830389959,-0.883615844522554
"2021-12-31 12:00:00",11.2607504405521,-0.150669934778764
"2021-12-31 13:00:00",11.3639548048446,0.253036275874917
"2021-12-31 14:00:00",11.5572816056322,0.129690849200283
"2021-12-31 15:00:00",11.8403169393471,0.356920941413134
"2021-12-31 16:00:00",12.361204951177,0.590187899228788
"2021-12-31 17:00:00",12.9255579443276,0.504383727305568
"2021-12-31 18:00:00",12.7357346095494,-0.660255751465294
"2021-12-31 19:00:00",12.4716642498385,-0.00381399006489064
"2021-12-31 20:00:00",12.554034640848,0.119840553152145
"2021-12-31 21:00:00",12.549723980994,-0.103048970164598
"2021-12-31 22:00:00",12.3918444674662,-0.203101777654939
"2021-12-31 23:00:00",12.3958448360268,0.125907959469335
"2022-01-01 00:00:00",12.8346243436673,0.610533260698985
"2022-01-01 01:00:00",13.2345707974733,0.224013783810125
"2022-01-01 02:00:00",13.4663573379125,0.208899932828881
"2022-01-01 03:00:00",13.3545002448688,-0.337728806487939
"2022-01-01 04:00:00",13.4390446270891,0.344829035235925
"2022-01-01 05:00:00",13.5174597861283,-0.120234820675532
"2022-01-01 06:00:00",13.5539015907823,0.121740890925287
"2022-01-01 07:00:00",13.5673402254542,-0.0768657424114308
"2022-01-01 08:00:00",13.3167228814144,-0.372023426774116
"2022-01-01 09:00:00",12.6509224257078,-0.847169957838924
"2022-01-01 10:00:00",11.7623402942904,-0.89026685210549
"2022-01-01 11:00:00",10.8603957992087,-0.882026536584701
"2022-01-01 12:00:00",10.279126810267,-0.367140477817267
"2022-01-01 13:00:00",10.2391884939531,0.166844974332982
"2022-01-01 14:00:00",10.5212886528421,0.332336257304354
"2022-01-01 15:00:00",10.5706891009629,-0.155125399262918
"2022-01-01 16:00:00",10.434169130211,-0.131250564195908
"2022-01-01 17:00:00",10.4706580434704,0.133133985909729
"2022-01-01 18:00:00",10.4628647340744,-0.114865362163956
"2022-01-01 19:00:00",10.6062971576052,0.295329816857177
"2022-01-01 20:00:00",10.5055838015099,-0.373619067631899
"2022-01-01 21:00:00",10.221346447462,-0.224681225835015
"2022-01-01 22:00:00",9.9021868677468,-0.380149008312527
"2022-01-01 23:00:00",9.54984058964489,-0.329828084299181
"2022-01-02 00:00:00",9.89312258444966,0.763396036410037
"2022-01-02 01:00:00",9.80118168048785,-0.670535150186078
"2022-01-02 02:00:00",9.25033483523262,-0.457509863314087
"2022-01-02 03:00:00",8.90339139299292,-0.268667153168495
"2022-01-02 04:00:00",8.88667926914184,0.140576333244517
"2022-01-02 05:00:00",9.26055083138081,0.500181612276834
"2022-01-02 06:00:00",9.40410024577763,-0.112955845053792
"2022-01-02 07:00:00",9.49732491087781,0.214127955335099
"2022-01-02 08:00:00",9.95716059833133,0.589548764349307
"2022-01-02 09:00:00",10.4383121317208,0.37319316937495
"2022-01-02 10:00:00",10.1593566890916,-0.713908812145782
"2022-01-02 11:00:00",9.24461186349504,-1.01825645374556
"2022-01-02 12:00:00",9.39500601121492,0.910422173959302
"2022-01-02 13:00:00",9.35880568545661,-0.677657468029518
"2022-01-02 14:00:00",9.08317488813957,-0.00657946707522855
"2022-01-02 15:00:00",9.36206212344344,0.44423807020172
"2022-01-02 16:00:00",9.79196055124403,0.387846418395565
"2022-01-02 17:00:00",10.3225272583964,0.587881890716982
"2022-01-02 18:00:00",11.3450727625354,1.25042407740639
"2022-01-02 19:00:00",11.8069792622642,-0.10033170730225
"2022-01-02 20:00:00",11.5439401046615,-0.374223927221889
"2022-01-02 21:00:00",11.3278523462216,-0.115272548263225
"2022-01-02 22:00:00",11.3983680544351,0.176424569010044
"2022-01-02 23:00:00",10.8915137930739,-0.952968277341982
"2022-01-03 00:00:00",10.1559315005074,-0.569741112966405
"2022-01-03 01:00:00",9.93126006774186,0.00296048347499067
"2022-01-03 02:00:00",9.81790285223449,-0.198311753316319
"2022-01-03 03:00:00",10.2684369458931,0.849030279392213
"2022-01-03 04:00:00",10.3436782964056,-0.457416495782556
"2022-01-03 05:00:00",10.1839464921247,0.0329828345844279
"2022-01-03 06:00:00",10.0590375119594,-0.237355804657511
"2022-01-03 07:00:00",9.82162409917618,-0.239132116727299
"2022-01-03 08:00:00",9.08554071171767,-1.04505652480002
"2022-01-03 09:00:00",8.38048044676321,-0.456603502316182
"2022-01-03 10:00:00",7.68518259667424,-0.832183668026884
"2022-01-03 11:00:00",7.07719104027589,-0.439544400975129
"2022-01-03 12:00:00",6.91488723221846,0.0211130634560213
"2022-01-03 13:00:00",7.09916454940343,0.275384413636806
"2022-01-03 14:00:00",7.09805932685082,-0.194523962715049
"2022-01-03 15:00:00",6.9139855169989,-0.177506618310112
"2022-01-03 16:00:00",6.96488926799056,0.191846510350472
"2022-01-03 17:00:00",7.19691192621383,0.238805810300547
"2022-01-03 18:00:00",7.14407683150974,-0.254022296503831
"2022-01-03 19:00:00",6.98711746505563,-0.0939990587706865
"2022-01-03 20:00:00",6.92762039154376,-0.04267244542732
"2022-01-03 21:00:00",6.74353341513096,-0.278540942838188
"2022-01-03 22:00:00",6.43089484576699,-0.329203239919366
"2022-01-03 23:00:00",6.57068500631212,0.437517578595803
"2022-01-04 00:00:00",7.36408419458788,0.98448080710841
"2022-01-04 01:00:00",7.6494586346155,-0.203738726711072
"2022-01-04 02:00:00",7.43207139411624,-0.226013052982336
"2022-01-04 03:00:00",6.89975970569799,-0.720789151184918
"2022-01-04 04:00:00",6.42105869917395,-0.303455075473419
"2022-01-04 05:00:00",6.43565426806206,0.21765802587895
"2022-01-04 06:00:00",6.7337371109118,0.329240819649842
"2022-01-04 07:00:00",6.94374100563748,0.111857641249652
"2022-01-04 08:00:00",6.81483369675085,-0.292236643328554
"2022-01-04 09:00:00",6.45157917951959,-0.402118909737885
"2022-01-04 10:00:00",5.84929695264383,-0.715415594291921
"2022-01-04 11:00:00",5.09849916346114,-0.746245470461683
"2022-01-04 12:00:00",3.91342437058643,-1.42787863869341
"2022-01-04 13:00:00",3.20335336803915,-0.202841374704383
"2022-01-04 14:00:00",3.22711276523371,0.169567165365063
"2022-01-04 15:00:00",3.58992998124122,0.470249120118936
"2022-01-04 16:00:00",3.79668285568098,0.0166409493589812
"2022-01-04 17:00:00",4.04089791818283,0.379431240553009
"2022-01-04 18:00:00",4.55980191846938,0.582019199721853
"2022-01-04 19:00:00",5.05618934137,0.409836784886731
"2022-01-04 20:00:00",5.48382824321164,0.412670269798504
"2022-01-04 21:00:00",5.39500830871558,-0.42598685476454
"2022-01-04 22:00:00",4.87534435345109,-0.56437218660976
"2022-01-04 23:00:00",4.12950018327447,-0.837663758659779
"2022-01-05 00:00:00",3.85015535474402,0.100814528028716
"2022-01-05 01:00:00",3.19162872373147,-1.13841404106714
"2022-01-05 02:00:00",3.00580302482563,0.453940055656485
"2022-01-05 03:00:00",3.44627072705952,0.406682278381693
"2022-01-05 04:00:00",3.69668345774742,0.129894492483417
"2022-01-05 05:00:00",3.82550053130815,0.117213971677157
"2022-01-05 06:00:00",3.7031862735601,-0.281114272109131
"2022-01-05 07:00:00",3.03717948350113,-0.895721158035866
"2022-01-05 08:00:00",2.33431716784897,-0.544806059074685
"2022-01-05 09:00:00",1.77541607732614,-0.544746989615443
"2022-01-05 10:00:00",1.2665782025972,-0.463007014315206
"2022-01-05 11:00:00",0.740236907318522,-0.545184142370122
"2022-01-05 12:00:00",0.187556176466786,-0.532369204963597
"2022-01-05 13:00:00",0.357007437897484,0.629029761217872
"2022-01-05 14:00:00",0.694459721338676,0.126575031548443
"2022-01-05 15:00:00",0.800065061771729,0.0857126070883408
"2022-01-05 16:00:00",1.21369502585905,0.611551448228515
"2022-01-05 17:00:00",1.92254516613883,0.738466772905835
"2022-01-05 18:00:00",2.65567030474484,0.692249090601701
"2022-01-05 19:00:00",2.84170709840073,-0.163694798189792
"2022-01-05 20:00:00",2.85012453178372,0.119095178352636
"2022-01-05 21:00:00",3.11561127687646,0.346791055013498
"2022-01-05 22:00:00",3.28309628761738,0.0359761261317154
"2022-01-05 23:00:00",2.87091417217013,-0.695593178538042
"2022-01-06 00:00:00",2.16185615673826,-0.688039887934257
"2022-01-06 01:00:00",1.74256834628113,-0.222984259793622
"2022-01-06 02:00:00",1.44727434584471,-0.331712963896954
"2022-01-06 03:00:00",0.826351912183803,-0.786084602887094
"2022-01-06 04:00:00",0.24440690835174,-0.419265420133318
"2022-01-06 05:00:00",-0.438597252701591,-0.826686038004941
"2022-01-06 06:00:00",-1.33746503177603,-0.903709332429018
"2022-01-06 07:00:00",-2.21894757032974,-0.823053991283533
"2022-01-06 08:00:00",-2.75550560194232,-0.317207736045792
"2022-01-06 09:00:00",-2.76934019169491,0.192618897671422
"2022-01-06 10:00:00",-2.71090057160663,-0.0302201724177236
"2022-01-06 11:00:00",-2.68859516483344,0.0597551834979012
"2022-01-06 12:00:00",-2.10596600514012,0.906984264669133
"2022-01-06 13:00:00",-1.61878833327637,0.186874711527011
"2022-01-06 14:00:00",-1.80523967192678,-0.424385152005313
"2022-01-06 15:00:00",-3.71320242339833,-2.80400637162795
"2022-01-06 16:00:00",-5.48204616807619,-0.989907862449054
"2022-01-06 17:00:00",-6.14367063901659,-0.40426846711965
"2022-01-06 18:00:00",-5.78321177432568,0.861056398349368
"2022-01-06 19:00:00",-4.84583908374404,0.951158232150074
"2022-01-06 20:00:00",-4.31353505711068,0.234022193568263
"2022-01-06 21:00:00",-4.19194881225258,0.0464109155695503
"2022-01-06 22:00:00",-4.04317829867992,0.215341339424895
"2022-01-06 23:00:00",-3.83385800313239,0.200569590229991
"2022-01-07 00:00:00",-3.46236932966369,0.472720191838656
"2022-01-07 01:00:00",-3.23562923655953,0.0564431842590501
"2022-01-07 02:00:00",-3.2590150331932,-0.0713235214948761
"2022-01-07 03:00:00",-3.11720010281414,0.281365427037804
"2022-01-07 04:00:00",-2.83344443691316,0.27588205515802
"2022-01-07 05:00:00",-2.27016806845038,0.731753970556747
"2022-01-07 06:00:00",-1.69107960618599,0.452720595008895
"2022-01-07 07:00:00",-1.52891764984705,-0.0370672412458631
"2022-01-07 08:00:00",-1.50662136947004,0.0627819439341725
"2022-01-07 09:00:00",-1.26390750264879,0.353074272393809
"2022-01-07 10:00:00",-1.05809213272901,0.0994928800272811
"2022-01-07 11:00:00",-1.07055503611153,-0.0851431481031932
"2022-01-07 12:00:00",-1.52843746201702,-0.68323328453268
"2022-01-07 13:00:00",-1.80469168457268,0.0101575249251006
"2022-01-07 14:00:00",-1.78072386918522,0.0343611026713368
"2022-01-07 15:00:00",-1.52420952998901,0.394719228918878
"2022-01-07 16:00:00",-1.22423193799153,0.224526916205181
"2022-01-07 17:00:00",-0.808022914708119,0.525794488406132
"2022-01-07 18:00:00",-0.27829390413852,0.508220813709271
"2022-01-07 19:00:00",-0.0134330194938389,0.0903962647965914
"2022-01-07 20:00:00",-0.174666386611324,-0.321304602587552
"2022-01-07 21:00:00",-0.227539444671831,0.128815846846759
"2022-01-07 22:00:00",-0.0683953211068575,0.172093412680146
"2022-01-07 23:00:00",-0.379343256907899,-0.618105875884107
"2022-01-08 00:00:00",-0.54927616997787,0.137407932487596
"2022-01-08 01:00:00",-0.488629118033591,0.00729988290874324
"2022-01-08 02:00:00",-0.267977280543581,0.35302848049716
"2022-01-08 03:00:00",-0.179628123141253,-0.091953721586408
"2022-01-08 04:00:00",-0.282681958902797,-0.105325266686638
"2022-01-08 05:00:00",-0.144652974945042,0.294067621719631
"2022-01-08 06:00:00",-0.153379699155167,-0.209985120394816
"2022-01-08 07:00:00",-0.792002478223183,-0.893831797504645
"2022-01-08 08:00:00",-1.30012864526458,-0.225827028560211
"2022-01-08 09:00:00",-1.3028347059882,0.147842666169586
"2022-01-08 10:00:00",-1.26677448123914,-0.0384948742448609
"2022-01-08 11:00:00",-1.31515687123619,-0.0510424955409861
"2022-01-08 12:00:00",-1.82341869474258,-0.787222573729441
"2022-01-08 13:00:00",-1.81924427251577,0.533914781168296
"2022-01-08 14:00:00",-1.43456067444814,0.269262177971893
"2022-01-08 15:00:00",-1.99619961569588,-1.08702636335362
"2022-01-08 16:00:00",-2.80534409496076,-0.58287070290292
"2022-01-08 17:00:00",-2.79269065681889,0.412676489411635
"2022-01-08 18:00:00",-2.51836420873032,0.172657479448074
"2022-01-08 19:00:00",-2.58644993269041,-0.222097935859752
"2022-01-08 20:00:00",-2.70226717161698,-0.0361281902626047
"2022-01-08 21:00:00",-2.74511448575219,-0.0418084477604069
"2022-01-08 22:00:00",-2.93833982556479,-0.281448940974474
"2022-01-08 23:00:00",-3.1763762427653,-0.193997554647939
"2022-01-09 00:00:00",-2.70067130867414,0.903653581856969
"2022-01-09 01:00:00",-2.42362544585707,-0.150370520450282
"2022-01-09 02:00:00",-2.68260381613356,-0.315952820200011
"2022-01-09 03:00:00",-2.82978333074376,-0.0242152127010704
"2022-01-09 04:00:00",-2.33337831055468,0.823536905179103
"2022-01-09 05:00:00",-1.83332739189753,0.263641924056261
"2022-01-09 06:00:00",-1.56008325690541,0.269023532731827
"2022-01-09 07:00:00",-1.26110495014428,0.306750877945477
"2022-01-09 08:00:00",-1.1704747860673,-0.0561295081703744
"2022-01-09 09:00:00",-1.1225617586518,0.116505017320312
"2022-01-09 10:00:00",-1.23590525387211,-0.259740707458427
"2022-01-09 11:00:00",-1.46189857712392,-0.191163807978403
"2022-01-09 12:00:00",-2.20782238259294,-1.07842793372908
"2022-01-09 13:00:00",-2.75133078512077,-0.158229251945889
"2022-01-09 14:00:00",-2.51470931506131,0.492152086048197
"2022-01-09 15:00:00",-1.96507491719183,0.565077461227504
"2022-01-09 16:00:00",-1.38014847880936,0.572895724653012
"2022-01-09 17:00:00",-0.653837039404047,0.795851453595874
"2022-01-09 18:00:00",0.182609876678861,0.82460521183435
"2022-01-09 19:00:00",0.644998811941948,0.198707765743004
"2022-01-09 20:00:00",0.710283568261227,-0.0275958447908556
"2022-01-09 21:00:00",1.17561411144299,0.770915101480549
"2022-01-09 22:00:00",1.95919512842507,0.753274660365318
"2022-01-09 23:00:00",2.57532183701307,0.492893731407184
"2022-01-10 00:00:00",3.19731778282885,0.675187237252147
"2022-01-10 01:00:00",3.26288419736364,-0.348076318306348
"2022-01-10 02:00:00",3.10808551471972,-0.0227977089440575
"2022-01-10 03:00:00",3.14332640137183,0.0682529396655351
"2022-01-10 04:00:00",3.38698160352714,0.344959251089121
"2022-01-10 05:00:00",3.38068083062394,-0.244535203338114
"2022-01-10 06:00:00",3.19861465037272,-0.13612553185341
"2022-01-10 07:00:00",2.99353390394519,-0.24542652776688
"2022-01-10 08:00:00",2.97433909083516,0.128678449971911
"2022-01-10 09:00:00",2.7147510147111,-0.509925311574766
"2022-01-10 10:00:00",2.02207664296654,-0.785087793706981
"2022-01-10 11:00:00",1.30065354833576,-0.647304757053357
"2022-01-10 12:00:00",0.627368447817731,-0.660286977891426
"2022-01-10 13:00:00",0.426481754777426,0.114112566710586
"2022-01-10 14:00:00",0.264910784724981,-0.338228700503037
"2022-01-10 15:00:00",-0.368998892138689,-0.801245376876579
"2022-01-10 16:00:00",-0.868038905541853,-0.273383626993435
"2022-01-10 17:00:00",-0.830890858369405,0.243518962303677
"2022-01-10 18:00:00",-0.468774359523836,0.425043325259836
"2022-01-10 19:00:00",-0.337132215616374,-0.069606825437072
"2022-01-10 20:00:00",-0.570664292508592,-0.331282008541525
"2022-01-10 21:00:00",-1.29062185389188,-0.944122938762242
"2022-01-10 22:00:00",-2.43331857231869,-1.21911369628614
"2022-01-10 23:00:00",-3.47292411765205,-0.867398517390791
"2022-01-11 00:00:00",-4.03410916814645,-0.325903843569866
"2022-01-11 01:00:00",-4.53832942480819,-0.593937297107306
"2022-01-11 02:00:00",-5.25242991744434,-0.754426267031831
"2022-01-11 03:00:00",-5.82012892003272,-0.409471314682072
"2022-01-11 04:00:00",-6.02026411603717,-0.0435700548596003
"2022-01-11 05:00:00",-6.05987387463041,-0.0273296893271309
"2022-01-11 06:00:00",-6.20652905483467,-0.211426475233378
"2022-01-11 07:00:00",-6.5225709014414,-0.362768436397834
"2022-01-11 08:00:00",-6.47279867036647,0.330834503946232
"2022-01-11 09:00:00",-5.96836104470807,0.604541351455321
"2022-01-11 10:00:00",-5.43931859896283,0.461261740173669
"2022-01-11 11:00:00",-5.20616858495168,0.077008045007698
"2022-01-11 12:00:00",-5.52003756905021,-0.552825765021671
"2022-01-11 13:00:00",-5.77094310760295,-0.0305928250008163
"2022-01-11 14:00:00",-5.54170046354336,0.399006309889419
"2022-01-11 15:00:00",-5.1092732666084,0.44129976017029
"2022-01-11 16:00:00",-4.55460637771109,0.610470069910796
"2022-01-11 17:00:00",-4.17543998837793,0.212817846086459
"2022-01-11 18:00:00",-3.89421235581926,0.318850083106467
"2022-01-11 19:00:00",-3.7471749131118,0.030528559711997
"2022-01-11 20:00:00",-3.99581873810894,-0.418111612832973
"2022-01-11 21:00:00",-4.09090364014115,0.129929964886413
"2022-01-11 22:00:00",-3.66117761355074,0.61443790399779
"2022-01-11 23:00:00",-3.04855703129855,0.587015496148415
"2022-01-12 00:00:00",-3.047912590133,-0.38636525108607
"2022-01-12 01:00:00",-3.74806742469306,-0.872145918072431
"2022-01-12 02:00:00",-3.8993579185309,0.34129063273921
"2022-01-12 03:00:00",-3.95141971185554,-0.30679367094043
"2022-01-12 04:00:00",-3.96692631516126,0.184510137325099
"2022-01-12 05:00:00",-3.19284977189821,1.13544231154774
"2022-01-12 06:00:00",-2.158665293096,0.921650909136085
"2022-01-12 07:00:00",-1.47517195517121,0.49502679128574
"2022-01-12 08:00:00",-1.2968352790348,-0.0393600411195897
"2022-01-12 09:00:00",-0.943429105345994,0.600123351083953
"2022-01-12 10:00:00",-0.882245430657917,-0.299795077374094
"2022-01-12 11:00:00",-1.42883932098443,-0.684013002025715
"2022-01-12 12:00:00",-2.15603488373497,-0.719586387889816
"2022-01-12 13:00:00",-2.32349833943706,0.211348287616833
"2022-01-12 14:00:00",-2.07371643169006,0.266528462022983
"2022-01-12 15:00:00",-1.8077903072307,0.255560116335098
"2022-01-12 16:00:00",-1.27830196035469,0.689272643893193
"2022-01-12 17:00:00",-0.723621233390727,0.440243442406507
"2022-01-12 18:00:00",-1.15912001282662,-0.997689977315872
"2022-01-12 19:00:00",-1.73344168684663,-0.26329587757733
"2022-01-12 20:00:00",-1.29089238246499,0.894308848527262
"2022-01-12 21:00:00",-0.024998719499972,1.45512166860562
"2022-01-12 22:00:00",1.00400807864582,0.696069493292641
"2022-01-12 23:00:00",1.66004982172448,0.596888585137049
"2022-01-13 00:00:00",2.26903450153036,0.585970913028372
"2022-01-13 01:00:00",2.72605905229045,0.346420382064201
"2022-01-13 02:00:00",2.98765409934316,0.189102163679145
"2022-01-13 03:00:00",3.22942207985568,0.261539394234006
"2022-01-13 04:00:00",3.53346173779823,0.313763499597281
"2022-01-13 05:00:00",3.83870552965312,0.280505890538557
"2022-01-13 06:00:00",4.0440012198095,0.140454345983549
"2022-01-13 07:00:00",4.06870563383792,-0.0588459226000166
"2022-01-13 08:00:00",3.90285543787321,-0.234546993543533
"2022-01-13 09:00:00",3.49178921345091,-0.514239321430319
"2022-01-13 10:00:00",2.89657995803065,-0.625403841734266
"2022-01-13 11:00:00",2.28858959000687,-0.571222790694946
"2022-01-13 12:00:00",1.71888565488857,-0.544568483629915
"2022-01-13 13:00:00",1.80608835666319,0.502017604797908
"2022-01-13 14:00:00",2.16777160214132,0.248614315063533
"2022-01-13 15:00:00",2.0243630422657,-0.400731422121795
"2022-01-13 16:00:00",1.65915043728121,-0.326787711146261
"2022-01-13 17:00:00",1.70779592642813,0.294480480450409
"2022-01-13 18:00:00",2.37129734126908,0.875781391752864
"2022-01-13 19:00:00",2.90617835108385,0.279145086483232
"2022-01-13 20:00:00",3.29126423286334,0.433667961954972
"2022-01-13 21:00:00",3.62963435092386,0.254519057200015
"2022-01-13 22:00:00",3.89361302581213,0.25306375205775
"2022-01-13 23:00:00",4.22973219345115,0.370499048763429
"2022-01-14 00:00:00",4.56030032180642,0.282789165441443
"2022-01-14 01:00:00",4.73392733774401,0.0867264529129985
"2022-01-14 02:00:00",4.83382248203697,0.0978270522130031
"2022-01-14 03:00:00",4.99741552018791,0.19343360872736
"2022-01-14 04:00:00",5.30035273077212,0.355103347907682
"2022-01-14 05:00:00",5.65790026006588,0.335356515767672
"2022-01-14 06:00:00",5.75449199772316,-0.0744628122776626
"2022-01-14 07:00:00",5.36853585899277,-0.582689670419831
"2022-01-14 08:00:00",4.77162873375956,-0.58493849717941
"2022-01-14 09:00:00",4.21766544027734,-0.513138227264131
"2022-01-14 10:00:00",3.65639478610435,-0.572122040759367
"2022-01-14 11:00:00",3.14210380952806,-0.45601042351893
"2022-01-14 12:00:00",2.56310737101602,-0.637521091371401
"2022-01-14 13:00:00",2.43587394759806,0.21569584393638
"2022-01-14 14:00:00",3.11999443552101,0.960750480659402
"2022-01-14 15:00:00",4.26649261537358,1.21182661744488
"2022-01-14 16:00:00",5.34310281511636,0.929809837155788
"2022-01-14 17:00:00",6.0568003969113,0.528825631876213
"2022-01-14 18:00:00",6.40812235186822,0.208488811342174
"2022-01-14 19:00:00",5.64603901236969,-1.38116426633183
"2022-01-14 20:00:00",3.56882003049008,-2.44981496230954
"2022-01-14 21:00:00",1.73216058303878,-1.34521790623943
"2022-01-14 22:00:00",0.728845602182232,-0.729938723339221
"2022-01-14 23:00:00",0.0719357915800248,-0.577947947386377
"2022-01-15 00:00:00",-0.273206918720121,-0.173633579863324
"2022-01-15 01:00:00",-0.595884093783247,-0.406352426405765
"2022-01-15 02:00:00",-0.944172020099237,-0.292260642145389
"2022-01-15 03:00:00",-1.14474771999055,-0.128705554384145
"2022-01-15 04:00:00",-1.24018790685332,-0.067253276939537
"2022-01-15 05:00:00",-1.3327606222505,-0.103454958923115
"2022-01-15 06:00:00",-1.42859184663777,-0.0844775929215801
"2022-01-15 07:00:00",-1.69231837653429,-0.368850808011079
"2022-01-15 08:00:00",-1.98727081111781,-0.229491021200105
"2022-01-15 09:00:00",-1.89995159315335,0.296933907886527
"2022-01-15 10:00:00",-1.49099236703042,0.466656298477339
"2022-01-15 11:00:00",-1.18698208719334,0.183056347533485
"2022-01-15 12:00:00",-1.5484752684552,-0.705812597855954
"2022-01-15 13:00:00",-1.61270067754048,0.368539459078441
"2022-01-15 14:00:00",-1.08919466725793,0.604016747343847
"2022-01-15 15:00:00",-0.758622136842113,0.133974405840708
"2022-01-15 16:00:00",-0.991423768421235,-0.46527471389336
"2022-01-15 17:00:00",-1.84483871325657,-1.07033944907397
"2022-01-15 18:00:00",-2.19387208588457,0.150792305941084
"2022-01-15 19:00:00",-2.58403959600253,-0.729433765611218
"2022-01-15 20:00:00",-2.76613475690497,0.194773898935914
"2022-01-15 21:00:00",-2.37809143422747,0.502012286263672
"2022-01-15 22:00:00",-2.42372502510172,-0.405491791181387
"2022-01-15 23:00:00",-2.81844631077908,-0.365660966798465
"2022-01-16 00:00:00",-2.42335550453068,0.887107455019478
"2022-01-16 01:00:00",-1.68083401661567,0.61397105469956
"2022-01-16 02:00:00",-1.51792618093221,-0.143371252129938
"2022-01-16 03:00:00",-1.41033840718486,0.271734453001347
"2022-01-16 04:00:00",-1.27325864026064,0.0426149077676488
"2022-01-16 05:00:00",-0.979721231114944,0.448508254465466
"2022-01-16 06:00:00",-0.969718683333191,-0.281542496596482
"2022-01-16 07:00:00",-1.33554317882111,-0.403378224427192
"2022-01-16 08:00:00",-1.34994328103006,0.247319519479864
"2022-01-16 09:00:00",-1.02511578637598,0.36280254158735
"2022-01-16 10:00:00",-0.516367023148359,0.583190144499581
"2022-01-16 11:00:00",-0.0868718569208552,0.307289634139554
"2022-01-16 12:00:00",-0.720063302481247,-1.22996743622268
"2022-01-16 13:00:00",-1.44823121775406,-0.358110616664981
"2022-01-16 14:00:00",-1.49052944768723,0.172115970019941
"2022-01-16 15:00:00",-1.1108146827418,0.501988509371987
"2022-01-16 16:00:00",-0.559053003175609,0.560155262511741
"2022-01-16 17:00:00",0.170491316567415,0.808521364391177
"2022-01-16 18:00:00",1.03254706936107,0.856560711895929
"2022-01-16 19:00:00",1.96852831249127,0.943119605882498
"2022-01-16 20:00:00",2.69539183077814,0.545618507008081
"2022-01-16 21:00:00",3.39710953576202,0.768963632687318
"2022-01-16 22:00:00",3.98948591534338,0.442126689593561
"2022-01-16 23:00:00",4.42294570380556,0.401943387363315
"2022-01-17 00:00:00",5.37283654554087,1.26434537648674
"2022-01-17 01:00:00",6.1747991256402,0.448680435110895
"2022-01-17 02:00:00",6.29244265635867,-0.116591171134963
"2022-01-17 03:00:00",6.04950777159967,-0.32372690746872
"2022-01-17 04:00:00",5.8902661958011,-0.0498148544144558
"2022-01-17 05:00:00",5.93727062878922,0.101725741265708
"2022-01-17 06:00:00",6.17316938656205,0.306485424402476
"2022-01-17 07:00:00",6.40101024480962,0.156630463750169
"2022-01-17 08:00:00",6.16632755058845,-0.492650064514533
"2022-01-17 09:00:00",5.3545790334656,-0.993849356543361
"2022-01-17 10:00:00",4.65248982161414,-0.481122797077072
"2022-01-17 11:00:00",3.68350732538281,-1.25416654847184
"2022-01-17 12:00:00",2.26983913625876,-1.45757076588383
"2022-01-17 13:00:00",1.42751802715192,-0.395059954476099
"2022-01-17 14:00:00",1.23234789078423,-0.0544776451912344
"2022-01-17 15:00:00",0.930616540630556,-0.45381428433332
"2022-01-17 16:00:00",0.437033390412889,-0.497839713519107
"2022-01-17 17:00:00",-0.095402131413574,-0.53076116957093
"2022-01-17 18:00:00",-0.568253402029816,-0.411652800948193
"2022-01-17 19:00:00",-1.0315444777913,-0.474968467161867
"2022-01-17 20:00:00",-1.47937026848828,-0.407121341599132
"2022-01-17 21:00:00",-1.92114286524594,-0.441973982956002
"2022-01-17 22:00:00",-2.26912309339902,-0.266307411494072
"2022-01-17 23:00:00",-2.4920675423449,-0.180518137050556
"2022-01-18 00:00:00",-2.2359208034449,0.538291072411607
"2022-01-18 01:00:00",-2.0660932177334,-0.0809994847440552
"2022-01-18 02:00:00",-2.11549055671379,-0.0233199095506151
"2022-01-18 03:00:00",-2.1144667009614,0.0199301171344749
"2022-01-18 04:00:00",-2.07274123390431,0.056997379838409
"2022-01-18 05:00:00",-1.34401394272309,1.14458193211692
"2022-01-18 06:00:00",0.0746405090921846,1.53568471799233
"2022-01-18 07:00:00",1.01147481354113,0.49299350120395
"2022-01-18 08:00:00",1.10699079588335,-0.175306789357345
"2022-01-18 09:00:00",0.951332092632761,-0.13658986267862
"2022-01-18 10:00:00",1.01009075495241,0.184970753778373
"2022-01-18 11:00:00",1.3411473825249,0.41141236648794
"2022-01-18 12:00:00",1.66091848936231,0.241754452726233
"2022-01-18 13:00:00",2.00118832209693,0.387635986044203
"2022-01-18 14:00:00",2.4295912754836,0.432644316481901
"2022-01-18 15:00:00",2.57070511128989,-0.0630729308947783
"2022-01-18 16:00:00",2.70690220917844,0.259256939288443
"2022-01-18 17:00:00",3.15660113210106,0.551800592208959
"2022-01-18 18:00:00",3.69724998749424,0.503455621327497
"2022-01-18 19:00:00",3.86437490722033,-0.0697976853526346
"2022-01-18 20:00:00",3.8918499854052,0.0860372758565568
"2022-01-18 21:00:00",4.00199601647773,0.115969173209132
"2022-01-18 22:00:00",4.37105967548677,0.515095840422249
"2022-01-18 23:00:00",4.74305232848193,0.253282761095659
"2022-01-19 00:00:00",4.75282099430678,-0.159147396379668
"2022-01-19 01:00:00",4.27716353322346,-0.670182130307434
"2022-01-19 02:00:00",4.10340455445015,0.159929573114004
"2022-01-19 03:00:00",4.13205815389207,-0.065511466260973
"2022-01-19 04:00:00",3.7316003354797,-0.610046664481587
"2022-01-19 05:00:00",2.99084871370004,-0.797495269474542
"2022-01-19 06:00:00",2.53390102063693,-0.212059948622563
"2022-01-19 07:00:00",1.79178223785399,-1.06348552949402
"2022-01-19 08:00:00",1.17233625652075,-0.296297829735665
"2022-01-19 09:00:00",0.587447871540571,-0.750995982310892
"2022-01-19 10:00:00",0.338304749641616,0.0965019322616349
"2022-01-19 11:00:00",0.891963895199847,0.831680002529914
"2022-01-19 12:00:00",1.08762829432723,-0.238786060227211
"2022-01-19 13:00:00",0.818563839780831,-0.277865452563769
"2022-01-19 14:00:00",0.410687259977677,-0.476221963833587
"2022-01-19 15:00:00",0.361477181619591,0.237268919474652
"2022-01-19 16:00:00",0.813669689982974,0.573518782726996
"2022-01-19 17:00:00",1.38808729206394,0.546672358395533
"2022-01-19 18:00:00",2.12898959505188,0.833390858592178
"2022-01-19 19:00:00",2.79842342690162,0.525576523616397
"2022-01-19 20:00:00",3.16052384415545,0.232305373981714
"2022-01-19 21:00:00",3.44641856246689,0.303962173201345
"2022-01-19 22:00:00",3.97774568985257,0.653211836755334
"2022-01-19 23:00:00",4.65343559583749,0.653440976260206
"2022-01-20 00:00:00",4.79776484942344,-0.207927652220219
"2022-01-20 01:00:00",4.56608433913554,-0.242688551187106
"2022-01-20 02:00:00",3.472664183369,-1.61449018142523
"2022-01-20 03:00:00",2.2461581290798,-0.914046424117315
"2022-01-20 04:00:00",1.78617197661367,-0.138320566879135
"2022-01-20 05:00:00",1.81175086278467,0.131326194803941
"2022-01-20 06:00:00",1.7148181548613,-0.246831170741419
"2022-01-20 07:00:00",0.8172076311593,-1.29101192112593
"2022-01-20 08:00:00",-0.38697963043259,-1.09013597959886
"2022-01-20 09:00:00",-1.00415350407433,-0.272044768945823
"2022-01-20 10:00:00",-1.14800931422395,-0.0502680659698501
"2022-01-20 11:00:00",-1.16895696703264,0.00107369755410343
"2022-01-20 12:00:00",-1.62388479531165,-0.735799513874929
"2022-01-20 13:00:00",-2.0774338299505,-0.241740340982487
"2022-01-20 14:00:00",-2.23679924891976,-0.0941998184909977
"2022-01-20 15:00:00",-2.79859987477213,-0.843950491472273
"2022-01-20 16:00:00",-3.32305281879046,-0.282930250521772
"2022-01-20 17:00:00",-3.41092522751342,0.0506216652498949
"2022-01-20 18:00:00",-3.35076722317274,0.0680520899272103
"2022-01-20 19:00:00",-3.22927489937307,0.155663090839378
"2022-01-20 20:00:00",-3.117598444419,0.0812069631389607
"2022-01-20 21:00:00",-3.04050553037791,0.0747041790846153
"2022-01-20 22:00:00",-2.95853659863538,0.0868348895226821
"2022-01-20 23:00:00",-3.00181047701737,-0.124142885922618
"2022-01-21 00:00:00",-2.78113438780144,0.443933252620586
"2022-01-21 01:00:00",-2.45446396374808,0.236557116070418
"2022-01-21 02:00:00",-2.34148023188985,0.0283967660973842
"2022-01-21 03:00:00",-2.54743829209271,-0.349387753174606
"2022-01-21 04:00:00",-3.02846544426163,-0.542644548471257
"2022-01-21 05:00:00",-3.57745779300574,-0.523233913103172
"2022-01-21 06:00:00",-4.04181167322878,-0.398425494303233
"2022-01-21 07:00:00",-4.48783754117897,-0.451355790271343
"2022-01-21 08:00:00",-4.77644769589388,-0.160617322110393
"2022-01-21 09:00:00",-4.59795881692232,0.402229089651511
"2022-01-21 10:00:00",-4.10561041229032,0.534955761976356
"2022-01-21 11:00:00",-3.56763551230168,0.519713874877046
"2022-01-21 12:00:00",-3.03000730336011,0.528620389030376
"2022-01-21 13:00:00",-2.71926201846565,0.15463570972741
"2022-01-21 14:00:00",-2.64927588535167,0.0137323694830351
"2022-01-21 15:00:00",-2.79185852391572,-0.23660160098499
"2022-01-21 16:00:00",-3.24640044764663,-0.574635898463574
"2022-01-21 17:00:00",-3.27832413107616,0.335578632007539
"2022-01-21 18:00:00",-2.83845577308536,0.492715838824337
"2022-01-21 19:00:00",-2.2997502682973,0.547423446055593
"2022-01-21 20:00:00",-1.11987760357973,1.5483950047184
"2022-01-21 21:00:00",0.0289023854301372,0.829228266362409
"2022-01-21 22:00:00",1.25914772029168,1.43908781524737
"2022-01-21 23:00:00",2.32934962755698,0.771804288268576
"2022-01-22 00:00:00",3.13518568749805,0.787229122667696
"2022-01-22 01:00:00",3.7709232291941,0.500495036257304
"2022-01-22 02:00:00",3.98633682406166,0.0102670036766111
"2022-01-22 03:00:00",3.94098921239341,-0.0854052818414034
"2022-01-22 04:00:00",3.69333130704105,-0.349134288922553
"2022-01-22 05:00:00",3.6744441943238,0.197412241155868
"2022-01-22 06:00:00",3.5690361637406,-0.30701074880076
"2022-01-22 07:00:00",3.06701864343496,-0.612763330793112
"2022-01-22 08:00:00",2.19645803194948,-1.00500622515898
"2022-01-22 09:00:00",1.01874135727857,-1.23972103415178
"2022-01-22 10:00:00",-0.0431042458258157,-0.894118512840313
"2022-01-22 11:00:00",-0.752666952599689,-0.552754075651784
"2022-01-22 12:00:00",-1.2518014635249,-0.438700304435413
"2022-01-22 13:00:00",-1.25906904406104,0.282307788268642
"2022-01-22 14:00:00",-0.859777373501502,0.459927953946138
"2022-01-22 15:00:00",-1.2809251566472,-0.987401097640631
"2022-01-22 16:00:00",-0.9093502680672,1.26153715355164
"2022-01-22 17:00:00",-0.854271792996302,-0.750659218384479
"2022-01-22 18:00:00",-0.75333692302121,0.664959112452606
"2022-01-22 19:00:00",0.0769670812073914,0.902047302137108
"2022-01-22 20:00:00",0.838389428705788,0.631392483106689
"2022-01-22 21:00:00",1.43177851862539,0.538776109785935
"2022-01-22 22:00:00",1.9515357516695,0.480534683095828
"2022-01-22 23:00:00",2.44333988906082,0.473432022906135
"2022-01-23 00:00:00",3.50169404226002,1.39485485965164
"2022-01-23 01:00:00",4.27627705080594,0.319755479449662
"2022-01-23 02:00:00",4.5029365935574,0.148315526703855
"2022-01-23 03:00:00",4.72751203517388,0.258940380038621
"2022-01-23 04:00:00",5.05161844097615,0.346056508813729
"2022-01-23 05:00:00",5.44455375280547,0.399005791694423
"2022-01-23 06:00:00",5.73648259598063,0.199657318720673
"2022-01-23 07:00:00",5.61770103100443,-0.332818147037572
"2022-01-23 08:00:00",5.21852529724912,-0.431683747614649
"2022-01-23 09:00:00",4.69435410420742,-0.567644738134335
"2022-01-23 10:00:00",4.17028646790177,-0.476162493397186
"2022-01-23 11:00:00",3.57157662675953,-0.657330197590913
"2022-01-23 12:00:00",2.88784977963208,-0.673436373694988
"2022-01-23 13:00:00",2.69643733906292,0.135305939522958
"2022-01-23 14:00:00",3.05483409198378,0.486616046065055
"2022-01-23 15:00:00",3.51453178729331,0.415971446689934
"2022-01-23 16:00:00",3.82214385999596,0.216227373310507
"2022-01-23 17:00:00",4.09197147628861,0.287813274516146
"2022-01-23 18:00:00",4.45104613312625,0.384245548155894
"2022-01-23 19:00:00",4.74673048193147,0.216858218770936
"2022-01-23 20:00:00",5.07099982078156,0.374349854536996
"2022-01-23 21:00:00",5.30671650567557,0.125560561043561
"2022-01-23 22:00:00",5.35597415232659,-0.0107890062319208
"2022-01-23 23:00:00",5.40416218821362,0.0783138496130337
"2022-01-24 00:00:00",5.46608694466817,0.0410924746182314
"2022-01-24 01:00:00",5.59887113143913,0.180557566128005
"2022-01-24 02:00:00",5.69103577710094,0.0216427428348532
"2022-01-24 03:00:00",5.68615150197847,-0.0296700010203566
"2022-01-24 04:00:00",5.66444177755046,-0.0226984810302957
"2022-01-24 05:00:00",5.63592723500113,-0.0383360336106561
"2022-01-24 06:00:00",5.60411909325728,-0.0332072162766383
"2022-01-24 07:00:00",5.43067211522323,-0.265917926090153
"2022-01-24 08:00:00",4.99453409837421,-0.535889100583405
"2022-01-24 09:00:00",4.4163450417739,-0.585349312974007
"2022-01-24 10:00:00",3.68275653761365,-0.803244189232821
"2022-01-24 11:00:00",3.0205206475062,-0.541508507236791
"2022-01-24 12:00:00",2.460908935995,-0.548980151198997
"2022-01-24 13:00:00",2.09643056399681,-0.227330604443421
"2022-01-24 14:00:00",2.23745073605036,0.377180564513167
"2022-01-24 15:00:00",2.64011659148254,0.39763817015834
"2022-01-24 16:00:00",3.00454758971294,0.321573688437022
"2022-01-24 17:00:00",3.395272138852,0.414385716985503
"2022-01-24 18:00:00",3.65415015775753,0.13853112335867
"2022-01-24 19:00:00",3.96458928499398,0.405581935359581
"2022-01-24 20:00:00",4.35381201498318,0.35471241105834
"2022-01-24 21:00:00",4.74938673588075,0.398408040439868
"2022-01-24 22:00:00",5.0370076234457,0.193976435840899
"2022-01-24 23:00:00",5.02192620188104,-0.160224976305103
"2022-01-25 00:00:00",4.56509776621996,-0.639323770057005
"2022-01-25 01:00:00",4.19173724764067,-0.184195395874686
"2022-01-25 02:00:00",4.13566124720673,0.0265987266192255
"2022-01-25 03:00:00",4.16643081803651,0.026758741307748
"2022-01-25 04:00:00",4.13748822948851,-0.0700696919082512
"2022-01-25 05:00:00",4.21461883510697,0.166265731701562
"2022-01-25 06:00:00",4.27971894454796,-0.0108669530728223
"2022-01-25 07:00:00",4.14534394335312,-0.215841721079466
"2022-01-25 08:00:00",3.73005278211874,-0.533862509271392
"2022-01-25 09:00:00",2.98365857784638,-0.857417961890107
"2022-01-25 10:00:00",2.07970335972501,-0.895868889488715
"2022-01-25 11:00:00",1.23720989841477,-0.769555593199202
"2022-01-25 12:00:00",0.562396747022783,-0.581180167691553
"2022-01-25 13:00:00",0.279666149876674,-0.0710571071373871
"2022-01-25 14:00:00",0.429113030996174,0.288985057768654
"2022-01-25 15:00:00",0.851711048978639,0.491037279125887
"2022-01-25 16:00:00",1.49541254828919,0.713790132377012
"2022-01-25 17:00:00",2.21712750355157,0.690775668297903
"2022-01-25 18:00:00",2.85123802271253,0.563344886754511
"2022-01-25 19:00:00",3.37858397484067,0.474613834625461
"2022-01-25 20:00:00",3.8064092488319,0.371949817079425
"2022-01-25 21:00:00",4.11339385565771,0.244182565463044
"2022-01-25 22:00:00",4.29214337965953,0.121333670124006
"2022-01-25 23:00:00",4.40863589279361,0.102198643096254
"2022-01-26 00:00:00",4.25118508334354,-0.328746505056028
"2022-01-26 01:00:00",4.1015788597998,-0.0285502557702207
"2022-01-26 02:00:00",4.05812371738609,-0.0566118817060281
"2022-01-26 03:00:00",4.11439489990889,0.123622035095371
"2022-01-26 04:00:00",4.2658874075863,0.157571890583062
"2022-01-26 05:00:00",4.35318046644802,0.0307961826844677
"2022-01-26 06:00:00",4.21194229577239,-0.254823742447787
"2022-01-26 07:00:00",3.75005370618278,-0.583408328267679
"2022-01-26 08:00:00",3.04669389228528,-0.754735215320084
"2022-01-26 09:00:00",2.22099746746201,-0.837692490946518
"2022-01-26 10:00:00",1.459867247808,-0.676783117450959
"2022-01-26 11:00:00",0.760419099861604,-0.683201764932168
"2022-01-26 12:00:00",-0.205530714837088,-1.10952388538175
"2022-01-26 13:00:00",-0.954812326689701,-0.473253930827644
"2022-01-26 14:00:00",-1.27652715422478,-0.20417241823999
"2022-01-26 15:00:00",-1.20356674120501,0.255890404978507
"2022-01-26 16:00:00",-0.845696038616518,0.410401543080381
"2022-01-26 17:00:00",-0.308303218863797,0.597605438075975
"2022-01-26 18:00:00",0.315364186901738,0.611802761015899
"2022-01-26 19:00:00",0.937452498600972,0.598977615899972
"2022-01-26 20:00:00",1.56446791525315,0.614703600949513
"2022-01-26 21:00:00",2.16218016395591,0.555966003677553
"2022-01-26 22:00:00",2.66509755938575,0.440867767327244
"2022-01-26 23:00:00",3.04237260375359,0.313518511924842
"2022-01-27 00:00:00",3.15847984187012,-0.0249357816387716
"2022-01-27 01:00:00",3.16223717440171,0.0186372024350489
"2022-01-27 02:00:00",3.3105071873982,0.223569884503268
"2022-01-27 03:00:00",3.57390448050667,0.273166074630432
"2022-01-27 04:00:00",3.86521218930088,0.284953854213175
"2022-01-27 05:00:00",4.14585084883187,0.259445447406446
"2022-01-27 06:00:00",4.34741237637038,0.148052500598387
"2022-01-27 07:00:00",4.24884541397599,-0.263895375399673
"2022-01-27 08:00:00",3.5681367466884,-0.931707701598149
"2022-01-27 09:00:00",2.55200582285344,-1.02872411735277
"2022-01-27 10:00:00",1.52822836820979,-0.975118992270337
"2022-01-27 11:00:00",0.779924948729538,-0.563505965561951
"2022-01-27 12:00:00",0.00705032343143125,-0.876729873927601
"2022-01-27 13:00:00",0.240662380501671,0.962717313706375
"2022-01-27 14:00:00",1.20312027716989,0.916239457790671
"2022-01-27 15:00:00",2.20287209659147,1.00636788628644
"2022-01-27 16:00:00",3.30436018894113,1.10971987316775
"2022-01-27 17:00:00",4.39545214258624,1.02256757815829
"2022-01-27 18:00:00",5.10395488778019,0.459798174978886
"2022-01-27 19:00:00",5.1225529765542,-0.282991031390331
"2022-01-27 20:00:00",4.84694334908528,-0.264192881858508
"2022-01-27 21:00:00",4.37512753422594,-0.594054128714282
"2022-01-27 22:00:00",4.30539480459003,0.277484842954152
"2022-01-27 23:00:00",4.36927504210899,-0.0871038855084691
"2022-01-28 00:00:00",4.62067469205776,0.45948827885904
"2022-01-28 01:00:00",5.00275087726575,0.306358799457472
"2022-01-28 02:00:00",5.06369092190143,-0.11201204657978
"2022-01-28 03:00:00",5.12689537926514,0.170484999403945
"2022-01-28 04:00:00",5.26566431523067,0.104424545518287
"2022-01-28 05:00:00",5.28573305637478,-0.0439064765729144
"2022-01-28 06:00:00",4.59621484642144,-1.09396446430719
"2022-01-28 07:00:00",3.53696926096842,-0.99168805069403
"2022-01-28 08:00:00",2.78814325527007,-0.555894706353607
"2022-01-28 09:00:00",2.59203420524387,0.0494701848550937
"2022-01-28 10:00:00",2.54153752873405,-0.118080638150025
"2022-01-28 11:00:00",2.42312843317232,-0.116276353551045
"2022-01-28 12:00:00",2.64210905289879,0.428953237977643
"2022-01-28 13:00:00",2.82761868244153,0.0109967264914563
"2022-01-28 14:00:00",2.94515901850274,0.179339109633418
"2022-01-28 15:00:00",2.74018289732974,-0.455236727991701
"2022-01-28 16:00:00",1.90824206783423,-1.04707034463216
"2022-01-28 17:00:00",1.22028489286081,-0.418320113362619
"2022-01-28 18:00:00",0.909961306130976,-0.225153196242925
"2022-01-28 19:00:00",0.655809286036461,-0.262579673951189
"2022-01-28 20:00:00",0.660284294583108,0.18145073035619
"2022-01-28 21:00:00",1.04744139404462,0.50504406383085
"2022-01-28 22:00:00",1.49518104836323,0.38691133166881
"2022-01-28 23:00:00",1.91459445699949,0.419224154148524
"2022-01-29 00:00:00",2.35320442060831,0.428224016404518
"2022-01-29 01:00:00",2.82074933463945,0.46850863972868
"2022-01-29 02:00:00",3.03042999737198,0.0235329003607159
"2022-01-29 03:00:00",2.66045721934607,-0.618629591021457
"2022-01-29 04:00:00",2.83564300446868,0.692634117229915
"2022-01-29 05:00:00",3.54575113459904,0.684359395926878
"2022-01-29 06:00:00",4.14919140354181,0.516250963350374
"2022-01-29 07:00:00",4.15713692865035,-0.336643232846837
"2022-01-29 08:00:00",3.89914531926055,-0.198655353539037
"2022-01-29 09:00:00",3.67994718466709,-0.22750135759453
"2022-01-29 10:00:00",3.29070802722923,-0.483308103317519
"2022-01-29 11:00:00",3.22379642360734,0.209620572909975
"2022-01-29 12:00:00",3.43895759593831,0.204476352166849
"2022-01-29 13:00:00",4.0782919702006,0.89442263559939
"2022-01-29 14:00:00",4.70272102515254,0.409508641711154
"2022-01-29 15:00:00",5.34582447130981,0.7622109140953
"2022-01-29 16:00:00",6.39212597995216,1.17908385430985
"2022-01-29 17:00:00",7.58964491536919,1.14466658586001
"2022-01-29 18:00:00",8.50194680905325,0.704262735496192
"2022-01-29 19:00:00",8.75424915959083,-0.0719442947218582
"2022-01-29 20:00:00",8.79515123010843,0.102907381032316
"2022-01-29 21:00:00",8.31506176601811,-0.857267305872624
"2022-01-29 22:00:00",7.48511798913913,-0.783004756496345
"2022-01-29 23:00:00",6.82212627039487,-0.561124730020536
"2022-01-30 00:00:00",6.20611535452518,-0.632119607114831
"2022-01-30 01:00:00",5.87935743418418,-0.115656751902497
"2022-01-30 02:00:00",5.96649382984889,0.21061276125682
"2022-01-30 03:00:00",5.92543692255609,-0.21457124923456
"2022-01-30 04:00:00",5.96862177316025,0.205331736089425
"2022-01-30 05:00:00",5.76441688866783,-0.475212136441228
"2022-01-30 06:00:00",5.34884516933189,-0.363492415150723
"2022-01-30 07:00:00",5.01145417139402,-0.310850242629318
"2022-01-30 08:00:00",4.69571068975408,-0.310459396547898
"2022-01-30 09:00:00",4.71921625400136,0.238977264797574
"2022-01-30 10:00:00",4.83060514924765,0.0149571303654718
"2022-01-30 11:00:00",4.61344541516891,-0.367807099368937
"2022-01-30 12:00:00",4.20604969916745,-0.42037336389888
"2022-01-30 13:00:00",3.89713224584422,-0.225355107962041
"2022-01-30 14:00:00",3.82505086823251,0.0285028144265752
"2022-01-30 15:00:00",3.57396557819644,-0.430471740017873
"2022-01-30 16:00:00",3.15430501423874,-0.397116631362688
"2022-01-30 17:00:00",3.26324795246497,0.437068757394788
"2022-01-30 18:00:00",3.65692653208989,0.341839923441649
"2022-01-30 19:00:00",3.79782725144653,-0.00446429595295601
"2022-01-30 20:00:00",3.27447858504637,-0.849290401763784
"2022-01-30 21:00:00",2.41933440312181,-0.822630213022178
"2022-01-30 22:00:00",1.84027967162726,-0.392275058252369
"2022-01-30 23:00:00",1.372163676698,-0.49880256956427
"2022-01-31 00:00:00",1.8883865759812,1.16659635768505
"2022-01-31 01:00:00",2.66239012549918,0.473065918783523
"2022-01-31 02:00:00",2.94455051652142,0.138053366629801
"2022-01-31 03:00:00",3.10018363807384,0.156162839102078
"2022-01-31 04:00:00",3.1925795827111,0.0414999215023082
"2022-01-31 05:00:00",3.20158838613936,-0.0171936123637421
"2022-01-31 06:00:00",2.74146789223017,-0.737661010962196
"2022-01-31 07:00:00",1.80945673357318,-1.02081980515901
"2022-01-31 08:00:00",0.832411374458817,-0.903765979197283
"2022-01-31 09:00:00",0.0880571585642378,-0.603782911950939
"2022-01-31 10:00:00",-0.357903092568822,-0.319668648736525
"2022-01-31 11:00:00",-0.57726272862552,-0.141603070505102
"2022-01-31 12:00:00",-0.773620773800086,-0.22278607800151
"2022-01-31 13:00:00",-1.02058792370234,-0.25035498731229
"2022-01-31 14:00:00",-0.942734567686569,0.294270801863916
"2022-01-31 15:00:00",-0.864606255999068,-0.0684620485521434
"2022-01-31 16:00:00",-2.20686824234417,-2.12655002987292
"2022-01-31 17:00:00",-2.83003975022739,0.411520361931153
"2022-01-31 18:00:00",-2.61425690551602,0.078686288051727
"2022-01-31 19:00:00",-3.20313824917535,-1.00256692256926
"2022-01-31 20:00:00",-3.35600638369886,0.424979890506788
"2022-01-31 21:00:00",-3.07174558143473,0.181266307786832
"2022-01-31 22:00:00",-2.94801116461311,0.0834589294661748
"2022-01-31 23:00:00",-2.37722068628896,0.872347881290041
"2022-02-01 00:00:00",-1.30810137930448,1.15255745307907
"2022-02-01 01:00:00",-0.907523411738189,-0.118082805722804
"2022-02-01 02:00:00",-0.687107911478263,0.436772649307973
"2022-02-01 03:00:00",0.0844693051481812,0.958997037925707
"2022-02-01 04:00:00",0.876159164690138,0.642424186741161
"2022-02-01 05:00:00",1.14740157422729,0.00977379611518076
"2022-02-01 06:00:00",1.09467617833995,-0.0933638790494656
"2022-02-01 07:00:00",1.24628889315148,0.306312548569204
"2022-02-01 08:00:00",1.22919736494164,-0.233484384141787
"2022-02-01 09:00:00",0.918424392606359,-0.349114032959638
"2022-02-01 10:00:00",0.33293104697284,-0.716438099461926
"2022-02-01 11:00:00",-0.351371249617798,-0.630790198506393
"2022-02-01 12:00:00",-1.09316760997284,-0.780096755109879
"2022-02-01 13:00:00",-1.55405215187736,-0.224770410225033
"2022-02-01 14:00:00",-2.06702758808871,-0.678730063250178
"2022-02-01 15:00:00",-2.311650682661,0.0590645522347777
"2022-02-01 16:00:00",-1.15444013877053,1.83728437337807
"2022-02-01 17:00:00",0.709231454203321,1.79418990557017
"2022-02-01 18:00:00",2.79087436618151,2.1734427632212
"2022-02-01 19:00:00",4.35924359319849,1.08686948477302
"2022-02-01 20:00:00",5.36003320385439,0.890229816998629
"2022-02-01 21:00:00",5.78397832069265,0.086041391863978
"2022-02-01 22:00:00",5.93250933123138,0.17567874440262
"2022-02-01 23:00:00",5.98701930480091,-0.0365027255840528
"2022-02-02 00:00:00",5.33779240822981,-1.03456677181167
"2022-02-02 01:00:00",4.74857925223946,-0.271194991797295
"2022-02-02 02:00:00",5.09670928495125,0.738344486419172
"2022-02-02 03:00:00",5.68820051734403,0.458915838035865
"2022-02-02 04:00:00",5.829446990692,-0.0845712538835484
"2022-02-02 05:00:00",5.50079389419112,-0.483265989348856
"2022-02-02 06:00:00",5.13025301621164,-0.284872509267726
"2022-02-02 07:00:00",4.6474507319647,-0.59842160367117
"2022-02-02 08:00:00",4.54154524153619,0.22147690868625
"2022-02-02 09:00:00",4.42415680690433,-0.343568835746149
"2022-02-02 10:00:00",3.74238969040349,-0.880532638335045
"2022-02-02 11:00:00",3.0110840922738,-0.601893842085426
"2022-02-02 12:00:00",2.71871795832171,-0.0760048371135204
"2022-02-02 13:00:00",2.40974732106603,-0.453099786360171
"2022-02-02 14:00:00",2.48239321699582,0.416579814220722
"2022-02-02 15:00:00",2.48496905180312,-0.276743353926986
"2022-02-02 16:00:00",1.73967610721618,-1.02544033474437
"2022-02-02 17:00:00",0.905357766017994,-0.669501301224148
"2022-02-02 18:00:00",0.389798190785407,-0.389601073828072
"2022-02-02 19:00:00",0.179192190609881,-0.0817723994868917
"2022-02-02 20:00:00",-0.20262475997571,-0.563930478939444
"2022-02-02 21:00:00",-0.304628933866012,0.21104976273151
"2022-02-02 22:00:00",-0.19372111821522,0.0392699219635795
"2022-02-02 23:00:00",-0.54202169331048,-0.589875889510237
"2022-02-03 00:00:00",-0.53433150707093,0.406393847438447
"2022-02-03 01:00:00",-0.536066602657093,-0.273045468638512
"2022-02-03 02:00:00",-0.622926403454724,0.0420801737739625
"2022-02-03 03:00:00",0.0857869884434367,1.12025311736312
"2022-02-03 04:00:00",1.25500795713142,1.1461944772245
"2022-02-03 05:00:00",2.27049027950572,0.878470094372428
"2022-02-03 06:00:00",2.74098072788985,0.173225469542767
"2022-02-03 07:00:00",2.54709367058262,-0.432943230688809
"2022-02-03 08:00:00",2.05125187659497,-0.517493550903326
"2022-02-03 09:00:00",2.06152027432908,0.358972565148749
"2022-02-03 10:00:00",2.29762979370251,0.140325968649903
"2022-02-03 11:00:00",1.9102094568294,-0.723796007983345
"2022-02-03 12:00:00",0.955312187430355,-1.06604755479087
"2022-02-03 13:00:00",0.816115470663326,0.484076920352229
"2022-02-03 14:00:00",1.82183005805227,1.30462459774883
"2022-02-03 15:00:00",2.93384345582601,0.92841833836587
"2022-02-03 16:00:00",3.69256920121908,0.605764565480799
"2022-02-03 17:00:00",4.34500731198429,0.647791613185453
"2022-02-03 18:00:00",4.79480633444025,0.290833076119524
"2022-02-03 19:00:00",5.19892353439405,0.454256715897149
"2022-02-03 20:00:00",5.72660496350893,0.544856017594778
"2022-02-03 21:00:00",6.18553916500313,0.37246642291342
"2022-02-03 22:00:00",6.61575567204664,0.44030164135067
"2022-02-03 23:00:00",6.80625526501152,0.00639025803842767
"2022-02-04 00:00:00",6.81656707011142,0.00366560434072503
"2022-02-04 01:00:00",6.71844204796095,-0.170105252936956
"2022-02-04 02:00:00",6.45421569644174,-0.323074178279283
"2022-02-04 03:00:00",6.24914958270082,-0.124967665426834
"2022-02-04 04:00:00",6.26164624476385,0.0954915370399595
"2022-02-04 05:00:00",6.3481767989083,0.0683760601621768
"2022-02-04 06:00:00",6.37520467261884,-0.010001697956246
"2022-02-04 07:00:00",6.21823932016899,-0.255695633635843
"2022-02-04 08:00:00",5.70767050580948,-0.664232289074482
"2022-02-04 09:00:00",5.04278037790077,-0.641088407574166
"2022-02-04 10:00:00",4.44548767291231,-0.546211203088775
"2022-02-04 11:00:00",3.98281761193114,-0.390719560207163
"2022-02-04 12:00:00",4.02967059645506,0.331204416179775
"2022-02-04 13:00:00",4.48911981432382,0.517918959043405
"2022-02-04 14:00:00",4.6760023596799,-0.0484698638144868
"2022-02-04 15:00:00",4.94267301262647,0.458063283711749
"2022-02-04 16:00:00",5.43283650718397,0.48190191210717
"2022-02-04 17:00:00",5.9926517598321,0.578153810862251
"2022-02-04 18:00:00",6.61293542025244,0.61117216602011
"2022-02-04 19:00:00",7.05008603238301,0.291843688821592
"2022-02-04 20:00:00",7.36883670938616,0.312456828324535
"2022-02-04 21:00:00",7.1818199689521,-0.520602024350061
"2022-02-04 22:00:00",6.80069210056749,-0.279290180736805
"2022-02-04 23:00:00",5.03059589740367,-2.68859958645005
"2022-02-05 00:00:00",3.62655227254115,-0.487450618769613
"2022-02-05 01:00:00",2.64941561128576,-1.26182875578693
"2022-02-05 02:00:00",2.74052344250296,0.985306892416755
"2022-02-05 03:00:00",2.88900236418975,-0.419984007567918
"2022-02-05 04:00:00",2.55039977175032,-0.271981811468929
"2022-02-05 05:00:00",2.51377129264012,0.118725216922505
"2022-02-05 06:00:00",2.72505356954856,0.259706707375645
"2022-02-05 07:00:00",2.5617053067504,-0.44112942794166
"2022-02-05 08:00:00",2.28591290173949,-0.155765111491805
"2022-02-05 09:00:00",2.13886798584542,-0.137189687997006
"2022-02-05 10:00:00",2.0260322188837,-0.0939943470182697
"2022-02-05 11:00:00",1.88937046233919,-0.161222872681744
"2022-02-05 12:00:00",1.21553925738152,-0.985978923009327
"2022-02-05 13:00:00",0.712592675442711,-0.158597107038383
"2022-02-05 14:00:00",1.09080027858479,0.717180932184915
"2022-02-05 15:00:00",1.36967347268815,-0.0279844987351306
"2022-02-05 16:00:00",1.51449013331085,0.251368935532365
"2022-02-05 17:00:00",1.99289594427532,0.605076066368959
"2022-02-05 18:00:00",2.56282813343507,0.51685248555073
"2022-02-05 19:00:00",3.12372342580346,0.560300834113756
"2022-02-05 20:00:00",3.54716142178423,0.308050929023089
"2022-02-05 21:00:00",3.86102164455986,0.298247726970982
"2022-02-05 22:00:00",3.92423176241044,-0.101457971697639
"2022-02-05 23:00:00",3.94613642784111,0.0980473891866253
"2022-02-06 00:00:00",4.10505955531969,0.186869367627179
"2022-02-06 01:00:00",4.43587811684072,0.405773020679823
"2022-02-06 02:00:00",4.86361112251902,0.416331097379918
"2022-02-06 03:00:00",5.2962448914581,0.416676326116836
"2022-02-06 04:00:00",5.5089056243768,0.0597224179942502
"2022-02-06 05:00:00",5.63476772000688,0.156874830730098
"2022-02-06 06:00:00",5.69297167291161,-0.0176022715221571
"2022-02-06 07:00:00",5.58571809072551,-0.169259429165089
"2022-02-06 08:00:00",5.34211979427488,-0.288778800787214
"2022-02-06 09:00:00",5.02716728384473,-0.324318846577834
"2022-02-06 10:00:00",3.88689784622142,-1.63652041474806
"2022-02-06 11:00:00",3.24652948778596,0.0491430353592009
"2022-02-06 12:00:00",3.64630800237909,0.610350866009483
"2022-02-06 13:00:00",3.80798867931287,-0.14980930278549
"2022-02-06 14:00:00",3.52143772327335,-0.369000757028153
"2022-02-06 15:00:00",3.02155455981732,-0.567920208260438
"2022-02-06 16:00:00",2.7626857287914,-0.0444303452529343
"2022-02-06 17:00:00",2.92876507425662,0.294964797524655
"2022-02-06 18:00:00",3.28164605529916,0.370948445805721
"2022-02-06 19:00:00",3.40831694471574,-0.0464260950220609
"2022-02-06 20:00:00",3.70043281765879,0.4995336007675
"2022-02-06 21:00:00",3.9805827883615,0.115815782412253
"2022-02-06 22:00:00",4.02177960794434,-0.0156353224524206
"2022-02-06 23:00:00",3.18718476349096,-1.34608166363437
"2022-02-07 00:00:00",2.89203842294155,0.41538353232844
"2022-02-07 01:00:00",2.87175937322774,-0.313478880303948
"2022-02-07 02:00:00",2.44033655694685,-0.493250378981138
"2022-02-07 03:00:00",1.98352435550786,-0.413957678742574
"2022-02-07 04:00:00",1.87740750182154,0.10159353637177
"2022-02-07 05:00:00",1.91793752282252,-0.00452348052153312
"2022-02-07 06:00:00",1.72043459264424,-0.319239954691943
"2022-02-07 07:00:00",1.28711486933235,-0.490997486100538
"2022-02-07 08:00:00",0.942609049850953,-0.232134235403383
"2022-02-07 09:00:00",1.08581906785324,0.385415398867934
"2022-02-07 10:00:00",1.53402077506242,0.467361099513702
"2022-02-07 11:00:00",2.14646614430565,0.678086837327113
"2022-02-07 12:00:00",1.69208181212975,-1.19052622034389
"2022-02-07 13:00:00",1.38396910913311,0.292613935601109
"2022-02-07 14:00:00",1.58214994487232,0.124025697932487
"2022-02-07 15:00:00",1.75972065419448,0.202789982434517
"2022-02-07 16:00:00",1.51829608682567,-0.528357820786343
"2022-02-07 17:00:00",1.34371991563647,0.0676135511971972
"2022-02-07 18:00:00",1.72033396030728,0.562982921142889
"2022-02-07 19:00:00",1.81476356607798,-0.224638037883413
"2022-02-07 20:00:00",1.68866289270814,-0.0567564813846732
"2022-02-07 21:00:00",1.69361080281384,0.0436723503079769
"2022-02-07 22:00:00",1.56681905972219,-0.23658986765441
"2022-02-07 23:00:00",1.29010097411039,-0.292339309183923
"2022-02-08 00:00:00",1.82395637833562,1.0576116814776
"2022-02-08 01:00:00",3.02831348054345,1.24260511071923
"2022-02-08 02:00:00",3.91194519462895,0.598428280599403
"2022-02-08 03:00:00",3.90256675131871,-0.419171331696937
"2022-02-08 04:00:00",3.72585922054174,-0.0116995325174276
"2022-02-08 05:00:00",3.90586331169325,0.294449541056847
"2022-02-08 06:00:00",4.25260405422018,0.360090978324161
"2022-02-08 07:00:00",4.35373533984816,-0.0817911708562256
"2022-02-08 08:00:00",4.41041406056183,0.140686879921808
"2022-02-08 09:00:00",4.53880429486983,0.108408347423814
"2022-02-08 10:00:00",4.5490332105468,-0.0615576869400878
"2022-02-08 11:00:00",4.43117425500223,-0.155653782477441
"2022-02-08 12:00:00",3.82727273831625,-0.879741266075978
"2022-02-08 13:00:00",3.74056681884877,0.441163773811575
"2022-02-08 14:00:00",4.5452668872583,1.0039945916416
"2022-02-08 15:00:00",5.29538512368857,0.539368047487292
"2022-02-08 16:00:00",5.9909037561629,0.759743053507684
"2022-02-08 17:00:00",6.69854245422741,0.631556659918898
"2022-02-08 18:00:00",7.3641283874081,0.648011803346764
"2022-02-08 19:00:00",7.97647039647624,0.549975065881028
"2022-02-08 20:00:00",8.44616089029962,0.383570515484967
"2022-02-08 21:00:00",8.81164649687567,0.325177877259409
"2022-02-08 22:00:00",9.09809340253066,0.235660272399535
"2022-02-08 23:00:00",9.26275359401157,0.0977792946131559
"2022-02-09 00:00:00",9.49623175610865,0.300911867787029
"2022-02-09 01:00:00",9.69306571406613,0.105859632003316
"2022-02-09 02:00:00",9.74553521427716,0.00189292170597487
"2022-02-09 03:00:00",9.87448866575689,0.194973199517349
"2022-02-09 04:00:00",10.0388350871693,0.123395055196769
"2022-02-09 05:00:00",9.91681052848126,-0.292772338446713
"2022-02-09 06:00:00",9.43109201564996,-0.604044847908605
"2022-02-09 07:00:00",8.41059002824622,-1.26179465104911
"2022-02-09 08:00:00",7.50595024574769,-0.634390511926224
"2022-02-09 09:00:00",7.17837660471829,-0.117138565307199
"2022-02-09 10:00:00",7.07649358239115,-0.0961214414364178
"2022-02-09 11:00:00",6.84274884583578,-0.323503387645998
"2022-02-09 12:00:00",6.42264687885497,-0.47335449178928
"2022-02-09 13:00:00",5.83762283224199,-0.639945385726189
"2022-02-09 14:00:00",5.9657141009373,0.626497896311342
"2022-02-09 15:00:00",6.52491738825048,0.480080599302804
"2022-02-09 16:00:00",6.95696002833207,0.371079506797439
"2022-02-09 17:00:00",7.53942507450995,0.686743283007843
"2022-02-09 18:00:00",8.13754209123843,0.500896431829058
"2022-02-09 19:00:00",8.58234877698597,0.375791224910962
"2022-02-09 20:00:00",9.03739704689602,0.475202627825982
"2022-02-09 21:00:00",9.4530617313113,0.344575724225908
"2022-02-09 22:00:00",9.51840594776324,-0.136093263481472
"2022-02-09 23:00:00",9.53243362359327,0.101174647024856
"2022-02-10 00:00:00",9.46933375485916,-0.181899347876543
"2022-02-10 01:00:00",9.36024418443465,-0.0675688156069003
"2022-02-10 02:00:00",8.82733218922023,-0.829873469961777
"2022-02-10 03:00:00",8.54035780459763,0.0772141949754416
"2022-02-10 04:00:00",8.50971330696624,-0.112097937807011
"2022-02-10 05:00:00",7.86370298632591,-0.982213474401607
"2022-02-10 06:00:00",7.29225687286195,-0.280584218431405
"2022-02-10 07:00:00",6.8263496336498,-0.576710988399803
"2022-02-10 08:00:00",6.35884936770575,-0.381275441116713
"2022-02-10 09:00:00",6.05482215566233,-0.246276071444025
"2022-02-10 10:00:00",5.55382223506991,-0.654807971641805
"2022-02-10 11:00:00",5.57456179962961,0.462954810907099
"2022-02-10 12:00:00",5.98134490180815,0.342822501999213
"2022-02-10 13:00:00",5.63598471243032,-0.795437132788633
"2022-02-10 14:00:00",4.78204522229729,-0.85962425184294
"2022-02-10 15:00:00",3.99362998960875,-0.709640493600816
"2022-02-10 16:00:00",3.49485195326762,-0.339650004544974
"2022-02-10 17:00:00",3.52223209947513,0.266258237661719
"2022-02-10 18:00:00",3.91314163524031,0.450894493071418
"2022-02-10 19:00:00",4.27053621266337,0.273036736529894
"2022-02-10 20:00:00",4.57795820349059,0.310233616269032
"2022-02-10 21:00:00",4.71320318618944,0.00626197474424721
"2022-02-10 22:00:00",4.676798888515,-0.0691915025672777
"2022-02-10 23:00:00",4.59082222587199,-0.0991075270745299
"2022-02-11 00:00:00",4.36089418485141,-0.312129922983226
"2022-02-11 01:00:00",3.92013626332392,-0.511183366593043
"2022-02-11 02:00:00",3.59933102275163,-0.18369564783414
"2022-02-11 03:00:00",3.43415436137794,-0.149619872685137
"2022-02-11 04:00:00",3.38610358224115,0.0175189106240573
"2022-02-11 05:00:00",3.43214361670545,0.0585026843076896
"2022-02-11 06:00:00",3.33939934609932,-0.193589365982053
"2022-02-11 07:00:00",2.84161143594646,-0.681232084118636
"2022-02-11 08:00:00",2.38169081778869,-0.294188691801151
"2022-02-11 09:00:00",1.95022554978896,-0.505547522080267
"2022-02-11 10:00:00",1.68480962373735,-0.0952315604622344
"2022-02-11 11:00:00",1.51739619868896,-0.209749514352788
"2022-02-11 12:00:00",0.283984809575829,-1.85918549231847
"2022-02-11 13:00:00",-0.0324219920356651,0.726764439102005
"2022-02-11 14:00:00",0.604706719668677,0.547138402605881
"2022-02-11 15:00:00",1.15032344196296,0.517895707522035
"2022-02-11 16:00:00",0.663299084406481,-1.13529895589228
"2022-02-11 17:00:00",0.560683181713768,0.589849341475003
"2022-02-11 18:00:00",0.883572392983383,0.128852819050297
"2022-02-11 19:00:00",0.817664109552865,-0.193753471033075
"2022-02-11 20:00:00",0.595395818781685,-0.231769441233253
"2022-02-11 21:00:00",-0.138791753227239,-1.03500643141382
"2022-02-11 22:00:00",-1.463251913204,-1.45430970723341
"2022-02-11 23:00:00",-2.71018419064744,-1.04754403509021
"2022-02-12 00:00:00",-3.01491792358081,0.208437843690872
"2022-02-12 01:00:00",-3.16205512630542,-0.373306349646023
"2022-02-12 02:00:00",-3.68131140684234,-0.587805253921007
"2022-02-12 03:00:00",-4.21771704252499,-0.471906430104437
"2022-02-12 04:00:00",-4.09829641318227,0.513392142862898
"2022-02-12 05:00:00",-3.97901621377659,-0.143843724659994
"2022-02-12 06:00:00",-4.61698405455853,-0.931935182936295
"2022-02-12 07:00:00",-5.02728306446649,-0.0371008711614779
"2022-02-12 08:00:00",-4.33879693239894,1.14596433752105
"2022-02-12 09:00:00",-3.22024162792921,1.05272085050883
"2022-02-12 10:00:00",-2.0404539351449,1.21258432497768
"2022-02-12 11:00:00",-0.953319247516023,0.954472388808363
"2022-02-12 12:00:00",-0.403484836448827,0.255180986200687
"2022-02-12 13:00:00",-0.231203253852865,0.109349466836687
"2022-02-12 14:00:00",-0.0729739631528368,0.183594262207483
"2022-02-12 15:00:00",-0.179512550905647,-0.294800537742386
"2022-02-12 16:00:00",-1.17456688503082,-1.41436664253635
"2022-02-12 17:00:00",-2.41668177181486,-1.06674428204138
"2022-02-12 18:00:00",-2.95249224142221,-0.153285085461457
"2022-02-12 19:00:00",-2.98803403923957,0.0484458919250067
"2022-02-12 20:00:00",-2.78439881138459,0.30126678811706
"2022-02-12 21:00:00",-2.38099747856665,0.455908470006102
"2022-02-12 22:00:00",-1.75578521197224,0.711438013599591
"2022-02-12 23:00:00",-1.64994418767469,-0.300650474907174
"2022-02-13 00:00:00",-1.7118411021266,0.102336846726598
"2022-02-13 01:00:00",-1.60853751373936,0.101245022801406
"2022-02-13 02:00:00",-1.7204290340124,-0.246590378611471
"2022-02-13 03:00:00",-1.98442420662715,-0.260836354122653
"2022-02-13 04:00:00",-1.99426831192908,0.160506136942848
"2022-02-13 05:00:00",-1.95584308107566,-0.042216800387475
"2022-02-13 06:00:00",-2.18224194042013,-0.335906203099125
"2022-02-13 07:00:00",-2.50093400830291,-0.289260102117555
"2022-02-13 08:00:00",-2.21019811566864,0.66680046042554
"2022-02-13 09:00:00",-1.33328094240881,0.978170124294284
"2022-02-13 10:00:00",-0.457360990816265,0.767849229449847
"2022-02-13 11:00:00",0.341711444691463,0.782505499078416
"2022-02-13 12:00:00",1.44009171586237,1.25632523915534
"2022-02-13 13:00:00",2.41278785623006,0.735535680740464
"2022-02-13 14:00:00",3.01598714562837,0.483203769966695
"2022-02-13 15:00:00",3.32496521691222,0.174260742392521
"2022-02-13 16:00:00",2.96591221193603,-0.701812058550924
"2022-02-13 17:00:00",2.28458331784771,-0.639119232486069
"2022-02-13 18:00:00",2.30335020386174,0.453514520455737
"2022-02-13 19:00:00",3.04706187713387,0.898864382522203
"2022-02-13 20:00:00",3.58430566037495,0.26671155055854
"2022-02-13 21:00:00",3.54324124308887,-0.248912292062295
"2022-02-13 22:00:00",3.3868195929361,-0.0918950138850168
"2022-02-13 23:00:00",3.32827548559972,-0.0378928082561773
"2022-02-14 00:00:00",3.46875696256363,0.248431265398869
"2022-02-14 01:00:00",3.9168812830754,0.555486367866669
"2022-02-14 02:00:00",4.30390831445834,0.25128415426947
"2022-02-14 03:00:00",4.42569462590951,0.0241226713870855
"2022-02-14 04:00:00",4.32515466887688,-0.184572307277562
"2022-02-14 05:00:00",4.05453197181382,-0.320702212350412
"2022-02-14 06:00:00",3.65035073126855,-0.445851204391967
"2022-02-14 07:00:00",3.17130208355793,-0.483119644574314
"2022-02-14 08:00:00",3.26150284780177,0.464035098337929
"2022-02-14 09:00:00",4.03636643021313,0.941055289885057
"2022-02-14 10:00:00",4.99568309988911,0.920703361260389
"2022-02-14 11:00:00",6.14108202928824,1.23432740529944
"2022-02-14 12:00:00",7.56786842488418,1.47937687542202
"2022-02-14 13:00:00",8.58604573121552,0.652581072861851
"2022-02-14 14:00:00",9.28065710301851,0.67855967019515
"2022-02-14 15:00:00",9.55361746150949,-0.0223645252098123
"2022-02-14 16:00:00",8.89761912367647,-1.05955186676026
"2022-02-14 17:00:00",8.00848912823219,-0.744731883225635
"2022-02-14 18:00:00",7.18049588273221,-0.85447387910356
"2022-02-14 19:00:00",6.47666290713791,-0.579214469991065
"2022-02-14 20:00:00",7.24940596927935,1.62896678888412
"2022-02-14 21:00:00",8.19629078196453,0.437834274091374
"2022-02-14 22:00:00",7.85406551090067,-0.856555553466451
"2022-02-14 23:00:00",6.7156201214757,-1.28239129029422
"2022-02-15 00:00:00",6.43709641200843,0.395291576007447
"2022-02-15 01:00:00",6.99595303835395,0.63304682718511
"2022-02-15 02:00:00",7.55895764652789,0.480542013396325
"2022-02-15 03:00:00",7.69737816811956,-0.105974710136304
"2022-02-15 04:00:00",7.16366321015546,-0.8034273172616
"2022-02-15 05:00:00",6.14514063634227,-1.12274851380941
"2022-02-15 06:00:00",5.49981763304872,-0.304297979070571
"2022-02-15 07:00:00",4.98463354778994,-0.638378269744225
"2022-02-15 08:00:00",4.89204734867604,0.269245487843302
"2022-02-15 09:00:00",5.23352684759273,0.367103934746288
"2022-02-15 10:00:00",5.60540193887153,0.350640643289522
"2022-02-15 11:00:00",5.53180103693982,-0.360149445002079
"2022-02-15 12:00:00",4.99199464012528,-0.641052674370799
"2022-02-15 13:00:00",4.64579499526453,-0.139615760540858
"2022-02-15 14:00:00",4.6389918527738,0.0760738353502552
"2022-02-15 15:00:00",4.93971742987913,0.430222801472335
"2022-02-15 16:00:00",3.77339548871457,-2.18160953351919
"2022-02-15 17:00:00",2.0560346331451,-1.33112146769702
"2022-02-15 18:00:00",1.9721027364202,0.748852749443926
"2022-02-15 19:00:00",2.67585137078239,0.637696807033068
"2022-02-15 20:00:00",3.32772065787907,0.626892947412716
"2022-02-15 21:00:00",3.67584923288246,0.141457870269388
"2022-02-15 22:00:00",3.82058907405167,0.135313157230619
"2022-02-15 23:00:00",3.94677912504511,0.109188418456779
"2022-02-16 00:00:00",4.53278249563794,0.870942324021129
"2022-02-16 01:00:00",5.2649371688628,0.598998694070929
"2022-02-16 02:00:00",5.64582218476097,0.210594569790273
"2022-02-16 03:00:00",5.81609915953094,0.128032398330707
"2022-02-16 04:00:00",5.96405085348419,0.14670583034854
"2022-02-16 05:00:00",6.08275698101602,0.086713885796786
"2022-02-16 06:00:00",6.0685250177273,-0.0886899784087382
"2022-02-16 07:00:00",5.65381098755884,-0.620172653315004
"2022-02-16 08:00:00",5.19769241224698,-0.332362054162879
"2022-02-16 09:00:00",4.83488307775431,-0.37256443557191
"2022-02-16 10:00:00",4.00168625058392,-1.10691712686139
"2022-02-16 11:00:00",3.065211901954,-0.783503647683203
"2022-02-16 12:00:00",2.6129300102228,-0.213928795755647
"2022-02-16 13:00:00",2.3776596986805,-0.241684864393991
"2022-02-16 14:00:00",2.95008752316546,1.08489519486914
"2022-02-16 15:00:00",4.15285280390407,1.22038790618042
"2022-02-16 16:00:00",5.38378273905697,1.17411348825758
"2022-02-16 17:00:00",6.68401738991168,1.3155901702165
"2022-02-16 18:00:00",8.06507472129696,1.35046141504405
"2022-02-16 19:00:00",9.24557964759487,1.00071306100178
"2022-02-16 20:00:00",9.75386684155539,0.143941539578006
"2022-02-16 21:00:00",10.2010317490363,0.615492621662717
"2022-02-16 22:00:00",10.7219055836179,0.419899114963385
"2022-02-16 23:00:00",11.529363833802,1.01364053990676
"2022-02-17 00:00:00",12.9070461229075,1.54004941961077
"2022-02-17 01:00:00",13.3458764299736,-0.332788250833904
"2022-02-17 02:00:00",12.1311734994361,-1.76211164376895
"2022-02-17 03:00:00",11.5177863721053,0.165931851361306
"2022-02-17 04:00:00",11.0171111370707,-0.936122448265994
"2022-02-17 05:00:00",9.82263780160665,-1.32414034403722
"2022-02-17 06:00:00",8.86246290913839,-0.684565875881223
"2022-02-17 07:00:00",7.84244478774577,-1.20659869560948
"2022-02-17 08:00:00",7.08789241114141,-0.42744315640396
"2022-02-17 09:00:00",6.37501109394535,-0.878427971804848
"2022-02-17 10:00:00",5.28900496669208,-1.18099772249163
"2022-02-17 11:00:00",3.91613334252305,-1.44236280714278
"2022-02-17 12:00:00",2.93411368167412,-0.633510789015258
"2022-02-17 13:00:00",2.62072851362724,-0.0888607207356893
"2022-02-17 14:00:00",1.79796223012861,-1.27630811932432
"2022-02-17 15:00:00",1.64891953462268,0.607220445486283
"2022-02-17 16:00:00",2.13737284857012,0.383940787136256
"2022-02-17 17:00:00",2.74285953084665,0.721654900779364
"2022-02-17 18:00:00",3.02917667317231,-0.0210431655724105
"2022-02-17 19:00:00",3.59458469513709,0.925597659252553
"2022-02-17 20:00:00",4.03577118107475,0.0926543003635067
"2022-02-17 21:00:00",4.159131214599,0.132767709456425
"2022-02-17 22:00:00",4.23868804511029,0.0349435832650551
"2022-02-17 23:00:00",4.2522644001318,-0.00677531754986151
"2022-02-18 00:00:00",4.48456635144327,0.375165813151022
"2022-02-18 01:00:00",4.64041179165615,-0.00355013704110971
"2022-02-18 02:00:00",4.52431813304265,-0.191584322622911
"2022-02-18 03:00:00",4.29424472770241,-0.250629436221267
"2022-02-18 04:00:00",3.84711739671149,-0.562410053957907
"2022-02-18 05:00:00",3.43219356464877,-0.301841811763675
"2022-02-18 06:00:00",2.94004345407193,-0.600056217095578
"2022-02-18 07:00:00",2.31935927047721,-0.608729942456638
"2022-02-18 08:00:00",2.25657185532481,0.301163016329394
"2022-02-18 09:00:00",2.7715085386253,0.630072782405818
"2022-02-18 10:00:00",3.64049822030713,0.983399736124057
"2022-02-18 11:00:00",4.25220662966028,0.330159261219404
"2022-02-18 12:00:00",3.22271989753739,-1.89246089340605
"2022-02-18 13:00:00",1.87705127872684,-0.921354075081021
"2022-02-18 14:00:00",1.23513223918325,-0.427547346042921
"2022-02-18 15:00:00",1.6413702092907,0.941189694527495
"2022-02-18 16:00:00",3.23088990281734,1.9440843671921
"2022-02-18 17:00:00",5.42111111807473,2.24606845743912
"2022-02-18 18:00:00",7.74500772831714,2.25836547465645
"2022-02-18 19:00:00",9.35939658725177,1.09838347090965
"2022-02-18 20:00:00",9.86202295525068,0.0695167227500325
"2022-02-18 21:00:00",9.1127174029548,-1.27227947955089
"2022-02-18 22:00:00",8.09337549234859,-0.814023851744535
"2022-02-18 23:00:00",7.18501826528424,-0.938509617327392
"2022-02-19 00:00:00",6.98790646199357,0.297253090779277
"2022-02-19 01:00:00",6.77480383494309,-0.55221210470945
"2022-02-19 02:00:00",6.45431620093475,-0.159507882271564
"2022-02-19 03:00:00",6.04160515919784,-0.570215533869725
"2022-02-19 04:00:00",5.39958680618228,-0.667162976277725
"2022-02-19 05:00:00",5.02737027818222,-0.164859281481829
"2022-02-19 06:00:00",4.76345602598055,-0.323886994468689
"2022-02-19 07:00:00",4.00670800399762,-1.01549514953018
"2022-02-19 08:00:00",3.13422460291234,-0.740847023788798
"2022-02-19 09:00:00",2.5910695849143,-0.389590947018167
"2022-02-19 10:00:00",2.11495161824274,-0.514515692213841
"2022-02-19 11:00:00",1.44311807597506,-0.747510554783744
"2022-02-19 12:00:00",0.340508317352176,-1.28880284659689
"2022-02-19 13:00:00",-0.171869554118472,0.029139115085365
"2022-02-19 14:00:00",0.525890322468931,1.11056388267858
"2022-02-19 15:00:00",1.49852233516771,0.833782479652556
"2022-02-19 16:00:00",1.76507562684435,-0.126190536038505
"2022-02-19 17:00:00",1.61923206437402,-0.154289434955217
"2022-02-19 18:00:00",1.61068613622726,0.0869343282942804
"2022-02-19 19:00:00",1.67525841121381,0.0445205354026973
"2022-02-19 20:00:00",1.52014481000175,-0.282988607094655
"2022-02-19 21:00:00",1.86421787107737,0.743798121257213
"2022-02-19 22:00:00",2.25455083813078,0.133742921007652
"2022-02-19 23:00:00",2.58817357721947,0.448114955261437
"2022-02-20 00:00:00",2.91873963796103,0.233158060326144
"2022-02-20 01:00:00",2.84180114184442,-0.283771045150244
"2022-02-20 02:00:00",2.59001746314121,-0.222156462358345
"2022-02-20 03:00:00",2.81291555252031,0.50566664733865
"2022-02-20 04:00:00",3.10637811487065,0.134425701591143
"2022-02-20 05:00:00",3.36242838037545,0.320961727614126
"2022-02-20 06:00:00",3.56674026369648,0.112505055578023
"2022-02-20 07:00:00",3.38707372107609,-0.370502761615789
"2022-02-20 08:00:00",2.79775763666815,-0.711549813036257
"2022-02-20 09:00:00",2.09933851517206,-0.660082225744857
"2022-02-20 10:00:00",1.48742715784525,-0.553425552195294
"2022-02-20 11:00:00",0.896815643720447,-0.589252948826212
"2022-02-20 12:00:00",-0.160191373349237,-1.31976512798445
"2022-02-20 13:00:00",-1.15736307753381,-0.734521678100188
"2022-02-20 14:00:00",-0.745142222310323,1.15860585246619
"2022-02-20 15:00:00",1.11607961382662,2.24214069260651
"2022-02-20 16:00:00",3.08798809683375,1.69661472412968
"2022-02-20 17:00:00",4.59169548452222,1.29967029493821
"2022-02-20 18:00:00",5.65103097219177,0.842859211980227
"2022-02-20 19:00:00",6.36917033742957,0.593586791832813
"2022-02-20 20:00:00",6.79730573494298,0.289284329129849
"2022-02-20 21:00:00",7.13402598374502,0.343583952104778
"2022-02-20 22:00:00",7.59612504230474,0.509956268368626
"2022-02-20 23:00:00",8.12230050429215,0.502196221475513
"2022-02-21 00:00:00",8.81830935182176,0.781674825796053
"2022-02-21 01:00:00",9.52182039421605,0.606609107061464
"2022-02-21 02:00:00",9.92118018531622,0.229948820016317
"2022-02-21 03:00:00",9.87334962523355,-0.243525194036252
"2022-02-21 04:00:00",8.99119313495271,-1.27870673405294
"2022-02-21 05:00:00",7.40165029771918,-1.73281536019229
"2022-02-21 06:00:00",5.43675611343508,-2.03577800966584
"2022-02-21 07:00:00",3.6070967061131,-1.61231087072731
"2022-02-21 08:00:00",2.62397373929321,-0.521602175077341
"2022-02-21 09:00:00",2.15114206513407,-0.42123114060197
"2022-02-21 10:00:00",1.72531672505702,-0.411425093780799
"2022-02-21 11:00:00",1.27344012880038,-0.459594158758262
"2022-02-21 12:00:00",0.414994568320261,-1.08519016662219
"2022-02-21 13:00:00",-0.0324054493791991,-0.00148837420307391
"2022-02-21 14:00:00",0.143133482754517,0.285255400919492
"2022-02-21 15:00:00",0.363077009500909,0.165766997396194
"2022-02-21 16:00:00",0.260031914745058,-0.277821348495249
"2022-02-21 17:00:00",-0.0909144263415394,-0.383353843206959
"2022-02-21 18:00:00",-0.270920248294146,-0.0357718540227112
"2022-02-21 19:00:00",0.178811796795373,0.752373966729511
"2022-02-21 20:00:00",0.823816786823223,0.542546244020203
"2022-02-21 21:00:00",0.788938802815815,-0.419225147052325
"2022-02-21 22:00:00",0.76969358691977,0.247301459509343
"2022-02-21 23:00:00",1.49781030641483,1.01306334332556
"2022-02-22 00:00:00",2.1489733248905,0.37702729522932
"2022-02-22 01:00:00",2.58362720699974,0.449647326267849
"2022-02-22 02:00:00",3.63882075699371,1.4054128357662
"2022-02-22 03:00:00",4.61166159700067,0.633546646149776
"2022-02-22 04:00:00",4.99860060249678,0.198207031994282
"2022-02-22 05:00:00",4.6081830934142,-0.770716019774953
"2022-02-22 06:00:00",3.44940666315002,-1.36835276928288
"2022-02-22 07:00:00",2.44549081017352,-0.717701471649398
"2022-02-22 08:00:00",2.17053769289284,0.0301218075198892
"2022-02-22 09:00:00",1.8037911543465,-0.616690347431538
"2022-02-22 10:00:00",1.4800641895259,-0.115362405974416
"2022-02-22 11:00:00",1.31061628219298,-0.199359447130999
"2022-02-22 12:00:00",0.983004683676733,-0.399232548761748
"2022-02-22 13:00:00",0.944091101101649,0.201877452332259
"2022-02-22 14:00:00",1.45229402135816,0.687050417683406
"2022-02-22 15:00:00",1.80418195448265,0.109857147085749
"2022-02-22 16:00:00",1.67297039595746,-0.288011083310125
"2022-02-22 17:00:00",2.15443737788748,0.969408900087538
"2022-02-22 18:00:00",2.82456713650471,0.435993370904687
"2022-02-22 19:00:00",3.1177961685044,0.180480635491761
"2022-02-22 20:00:00",3.75109520398201,0.901061322233943
"2022-02-22 21:00:00",4.53569678715304,0.664845662181802
"2022-02-22 22:00:00",5.39727428994473,0.945943557046462
"2022-02-22 23:00:00",6.6126031097274,1.330209409499
"2022-02-23 00:00:00",6.52570437985345,-1.03601311333788
"2022-02-23 01:00:00",5.5235502616122,-0.940369111265674
"2022-02-23 02:00:00",4.85219734034054,-0.467227190917412
"2022-02-23 03:00:00",4.52204393382914,-0.229336271594309
"2022-02-23 04:00:00",4.30787855653983,-0.199701703841277
"2022-02-23 05:00:00",4.11276860817219,-0.188328444036766
"2022-02-23 06:00:00",4.20510577404971,0.269756909878106
"2022-02-23 07:00:00",4.01300173486996,-0.496296152247054
"2022-02-23 08:00:00",3.91001823829861,0.158943079491616
"2022-02-23 09:00:00",3.9058492896961,-0.117748788528747
"2022-02-23 10:00:00",3.96593231522185,0.170747396277732
"2022-02-23 11:00:00",4.04162757268466,0.00362076340165763
"2022-02-23 12:00:00",3.88345329788302,-0.2637274934184
"2022-02-23 13:00:00",3.74478768328897,-0.0537073387478351
"2022-02-23 14:00:00",3.88933521576745,0.265020888642404
"2022-02-23 15:00:00",4.22833079889503,0.367190579512613
"2022-02-23 16:00:00",3.89229109458333,-0.794332183497511
"2022-02-23 17:00:00",2.48808505050771,-1.74907036304267
"2022-02-23 18:00:00",1.60296552049325,-0.270307872257097
"2022-02-23 19:00:00",1.11511302376495,-0.611762931186968
"2022-02-23 20:00:00",1.12386566219576,0.42056983985685
"2022-02-23 21:00:00",0.903984531554717,-0.637840822521568
"2022-02-23 22:00:00",0.547815906598796,-0.152630301779825
"2022-02-23 23:00:00",0.379256016095505,-0.171875492275592
"2022-02-24 00:00:00",0.275097852577901,-0.0545532197675502
"2022-02-24 01:00:00",0.0651970300517539,-0.303844277430994
"2022-02-24 02:00:00",-0.186791148299341,-0.205527726579554
"2022-02-24 03:00:00",-0.186728107000956,0.137358938047255
"2022-02-24 04:00:00",0.0121130859070736,0.230620481036066
"2022-02-24 05:00:00",0.0915597693323142,-0.0251250082426574
"2022-02-24 06:00:00",0.189001054993691,0.174402435717678
"2022-02-24 07:00:00",0.740366843562608,0.776226346925019
"2022-02-24 08:00:00",1.76740315283457,1.14448198454107
"2022-02-24 09:00:00",2.65317687347867,0.668935595418018
"2022-02-24 10:00:00",3.50681926108781,0.932794757022783
"2022-02-24 11:00:00",4.3317652107935,0.709328187355087
"2022-02-24 12:00:00",4.39341435360867,-0.378641006637609
"2022-02-24 13:00:00",4.42930470759046,0.304873099969947
"2022-02-24 14:00:00",5.15094962433012,0.95948841070716
"2022-02-24 15:00:00",5.4678819555294,-0.133129056480306
"2022-02-24 16:00:00",5.84919147453785,0.699097297622502
"2022-02-24 17:00:00",6.43070388560363,0.46795347363022
"2022-02-24 18:00:00",6.76222124434346,0.216521418106297
"2022-02-24 19:00:00",7.09432074212182,0.384655324380578
"2022-02-24 20:00:00",7.64385969266075,0.624204060614662
"2022-02-24 21:00:00",6.89897049081938,-1.63205579711118
"2022-02-24 22:00:00",5.08262553392812,-1.86178075761907
"2022-02-24 23:00:00",3.36178200136616,-1.55166304196514
"2022-02-25 00:00:00",2.70432557436869,-0.0344188354475761
"2022-02-25 01:00:00",2.17474569185609,-0.838001151516582
"2022-02-25 02:00:00",1.52554116197468,-0.495294829734456
"2022-02-25 03:00:00",1.31541881312708,-0.0119915032534941
"2022-02-25 04:00:00",0.937030306697484,-0.606363308946304
"2022-02-25 05:00:00",0.35834130840765,-0.533948293778707
"2022-02-25 06:00:00",-0.241034905220375,-0.614973873890023
"2022-02-25 07:00:00",-0.594042043094275,-0.161280331684759
"2022-02-25 08:00:00",-0.243311093453687,0.676165002348373
"2022-02-25 09:00:00",0.304129178923351,0.435924756669496
"2022-02-25 10:00:00",0.706230184744407,0.360052739028559
"2022-02-25 11:00:00",0.910547222160526,0.0898759326116719
"2022-02-25 12:00:00",-0.273712783134242,-1.9785676527361
"2022-02-25 13:00:00",-0.875222633932798,0.345449226006233
"2022-02-25 14:00:00",-1.24006280778888,-0.819893654280541
"2022-02-25 15:00:00",-1.51864119649767,0.0971281579398774
"2022-02-25 16:00:00",-1.25922712504017,0.357232575424636
"2022-02-25 17:00:00",-1.24960498813015,-0.220948839780859
"2022-02-25 18:00:00",-1.06007995325106,0.455773784844539
"2022-02-25 19:00:00",-0.704508163355528,0.273241061073818
"2022-02-25 20:00:00",0.0931415944786983,1.11025366606259
"2022-02-25 21:00:00",0.928592524777978,0.612432091412319
"2022-02-25 22:00:00",1.6049150028811,0.685580359228225
"2022-02-25 23:00:00",1.72737416259566,-0.260835891934082
"2022-02-26 00:00:00",1.6511240715925,0.0482024971576054
"2022-02-26 01:00:00",1.26576463014253,-0.658211444380189
"2022-02-26 02:00:00",1.042830716005,0.0762088163917887
"2022-02-26 03:00:00",1.65356073475294,0.936706175951058
"2022-02-26 04:00:00",2.41530576396123,0.606777831826658
"2022-02-26 05:00:00",2.27141374794677,-0.640604814870686
"2022-02-26 06:00:00",0.843251930375419,-1.88825254303952
"2022-02-26 07:00:00",-0.355373944369018,-0.683011216759197
"2022-02-26 08:00:00",-0.138517280784325,0.806911483114548
"2022-02-26 09:00:00",0.237670277778455,0.071345433120956
"2022-02-26 10:00:00",0.256791375577568,-0.0169094201548154
"2022-02-26 11:00:00",0.0729072774479059,-0.286791513807069
"2022-02-26 12:00:00",-0.0316633962710263,0.0217830152549703
"2022-02-26 13:00:00",-0.0343302712498659,-0.0187989966636432
"2022-02-26 14:00:00",0.150008054125998,0.311045515749046
"2022-02-26 15:00:00",0.601897320326501,0.524116724822325
"2022-02-26 16:00:00",0.20716948482882,-0.989298906265523
"2022-02-26 17:00:00",-1.62230511596328,-2.30291375926204
"2022-02-26 18:00:00",-2.63626671261217,-0.104401387396877
"2022-02-26 19:00:00",-2.4211851296809,0.421243171329457
"2022-02-26 20:00:00",-2.61177973362947,-0.586302694828301
"2022-02-26 21:00:00",-3.22243160933951,-0.59450107583875
"2022-02-26 22:00:00",-3.6159186309192,-0.236629256536289
"2022-02-26 23:00:00",-3.72099746831921,-0.00772730520313936
"2022-02-27 00:00:00",-4.47118714688427,-1.2047128314461
"2022-02-27 01:00:00",-5.04883942823191,-0.126407766437604
"2022-02-27 02:00:00",-5.23885337595623,-0.216882098340704
"2022-02-27 03:00:00",-5.21021834914565,0.19770038796949
"2022-02-27 04:00:00",-5.22393519705496,-0.147293607914528
"2022-02-27 05:00:00",-5.38704372918428,-0.159169283886991
"2022-02-27 06:00:00",-5.71782958994251,-0.42253452468422
"2022-02-27 07:00:00",-4.82548266769739,1.73388394822721
"2022-02-27 08:00:00",-3.14018637629195,1.57903896739307
"2022-02-27 09:00:00",-1.54733199969364,1.53041950800479
"2022-02-27 10:00:00",-0.565243494188811,0.571866356254423
"2022-02-27 11:00:00",-0.0533001387750306,0.448396514851504
"2022-02-27 12:00:00",-2.1264885785847,-3.65563138449604
"2022-02-27 13:00:00",-3.73850368339266,-0.170285185040846
"2022-02-27 14:00:00",-3.4343585884219,0.610791239927755
"2022-02-27 15:00:00",-2.97034470140682,0.348539830984702
"2022-02-27 16:00:00",-2.72074600417336,0.175605860415533
"2022-02-27 17:00:00",-2.99780714188179,-0.56216232463466
"2022-02-27 18:00:00",-3.26910661997251,-0.0606392547497291
"2022-02-27 19:00:00",-3.09214033496115,0.331170531959446
"2022-02-27 20:00:00",-2.65392215926883,0.492742737240205
"2022-02-27 21:00:00",-2.68631068214007,-0.377511195161306
"2022-02-27 22:00:00",-3.70218977148029,-1.3897149991504
"2022-02-27 23:00:00",-4.78256205495371,-0.818038071654452
"2022-02-28 00:00:00",-5.7357683933693,-0.991858451265326
"2022-02-28 01:00:00",-5.93713789874426,0.342574249206873
"2022-02-28 02:00:00",-5.6562222770352,0.234112205429873
"2022-02-28 03:00:00",-5.06727373350005,0.804804229160526
"2022-02-28 04:00:00",-4.47910065183351,0.422334818975775
"2022-02-28 05:00:00",-4.46308766167851,-0.249852825745821
"2022-02-28 06:00:00",-4.88083002972534,-0.504064872709365
"2022-02-28 07:00:00",-4.83875782582263,0.410447603622058
"2022-02-28 08:00:00",-4.65678571384907,0.0272456977584685
"2022-02-28 09:00:00",-4.37832842280448,0.438697456821534
"2022-02-28 10:00:00",-3.61011154212755,0.957029504270693
"2022-02-28 11:00:00",-2.70536394686594,0.831552528493683
"2022-02-28 12:00:00",-2.78519300882085,-0.680126968449839
"2022-02-28 13:00:00",-2.77660410839265,0.470905897264796
"2022-02-28 14:00:00",-2.28795422032961,0.480836606597554
"2022-02-28 15:00:00",-1.92491028762513,0.270213444909154
"2022-02-28 16:00:00",-2.11545439253802,-0.486175645989756
"2022-02-28 17:00:00",-3.38853055230754,-1.73444590494335
"2022-02-28 18:00:00",-4.44138101406253,-0.544063960739717
"2022-02-28 19:00:00",-4.86695601264156,-0.320637498307517
"2022-02-28 20:00:00",-5.24974035208828,-0.399753662152682
"2022-02-28 21:00:00",-5.49122547426335,-0.117734536093821
"2022-02-28 22:00:00",-5.5404938640453,0.00579210735624758
"2022-02-28 23:00:00",-5.65374157660249,-0.180085335707886
"2022-03-01 00:00:00",-5.58436300313101,0.239673595468558
"2022-03-01 01:00:00",-5.53328001087763,-0.0698733955620267
"2022-03-01 02:00:00",-5.58920754320578,-0.0368426464689996
"2022-03-01 03:00:00",-5.63555335043332,-0.0432765891183259
"2022-03-01 04:00:00",-5.80826579100679,-0.243532415324149
"2022-03-01 05:00:00",-6.13215916662698,-0.354590732157077
"2022-03-01 06:00:00",-6.61158197612078,-0.531959049718983
"2022-03-01 07:00:00",-6.42598466235294,0.663660324014046
"2022-03-01 08:00:00",-5.35670478513086,1.29715734329584
"2022-03-01 09:00:00",-3.97879555127416,1.37316818254832
"2022-03-01 10:00:00",-2.74296391008873,1.09067662861033
"2022-03-01 11:00:00",-1.83679567022401,0.743638766492085
"2022-03-01 12:00:00",-1.15904057325751,0.603993793697673
"2022-03-01 13:00:00",-0.575715530422015,0.543320412148832
"2022-03-01 14:00:00",-0.119984006956633,0.376425713912175
"2022-03-01 15:00:00",0.121873737747792,0.140808968596974
"2022-03-01 16:00:00",-0.734275216274264,-1.48024972777175
"2022-03-01 17:00:00",-3.20273515433796,-3.00900979077587
"2022-03-01 18:00:00",-4.85441278158054,-0.664191130460167
"2022-03-01 19:00:00",-5.63362075247191,-0.812601730751173
"2022-03-01 20:00:00",-5.78896530451204,0.297460823219403
"2022-03-01 21:00:00",-5.91045165449695,-0.387547153655268
"2022-03-01 22:00:00",-5.89142358220842,0.296785619859707
"2022-03-01 23:00:00",-5.92351760887766,-0.242226666396373
"2022-03-02 00:00:00",-5.91602566319714,0.181245211732688
"2022-03-02 01:00:00",-6.62540229407826,-1.26178199898842
"2022-03-02 02:00:00",-7.07501454085906,0.121727848139801
"2022-03-02 03:00:00",-6.64102228327115,0.630658810023424
"2022-03-02 04:00:00",-5.74493305888768,1.03901585003904
"2022-03-02 05:00:00",-5.36636974234497,-0.0723171165188223
"2022-03-02 06:00:00",-5.64615057908625,-0.397877558474755
"2022-03-02 07:00:00",-5.63554868112605,0.2896887402307
"2022-03-02 08:00:00",-5.09351245990776,0.691769761014196
"2022-03-02 09:00:00",-4.18853746163565,1.01066906727304
"2022-03-02 10:00:00",-2.86736857492819,1.47078150072599
"2022-03-02 11:00:00",-1.63652367946264,1.01609578395197
"2022-03-02 12:00:00",-1.18937597576941,0.0487160434361085
"2022-03-02 13:00:00",-0.885742921574423,0.460679031336222
"2022-03-02 14:00:00",-0.508131614297929,0.305431278909554
"2022-03-02 15:00:00",-0.304979721630384,0.125967917055813
"2022-03-02 16:00:00",-0.768962788602992,-0.834835899467789
"2022-03-02 17:00:00",-1.24286320109331,-0.209770498451785
"2022-03-02 18:00:00",-2.58878975679524,-2.03779200571018
"2022-03-02 19:00:00",-4.44801490253974,-1.64849749843577
"2022-03-02 20:00:00",-5.81569360294892,-1.10974642884404
"2022-03-02 21:00:00",-5.1677596519385,1.79640572810437
"2022-03-02 22:00:00",-4.18574720485308,0.39908732652911
"2022-03-02 23:00:00",-4.99804442067701,-1.57587967685341
"2022-03-03 00:00:00",-4.88717573944612,1.23652062070616
"2022-03-03 01:00:00",-5.39852846498807,-1.64598517199211
"2022-03-03 02:00:00",-7.07173423818528,-1.60488635065115
"2022-03-03 03:00:00",-8.00153889985691,-0.426461487122562
"2022-03-03 04:00:00",-7.5707272096364,0.992156330813805
"2022-03-03 05:00:00",-7.15579940394638,0.0201537998870329
"2022-03-03 06:00:00",-8.29999764112059,-1.85682730536679
"2022-03-03 07:00:00",-7.82776804974081,2.01316322653282
"2022-03-03 08:00:00",-6.3973050328455,0.984114924325156
"2022-03-03 09:00:00",-5.85041073924722,0.23767427627588
"2022-03-03 10:00:00",-5.81820021106354,-0.0987547973453057
"2022-03-03 11:00:00",-5.50651797787726,0.577988661186821
"2022-03-03 12:00:00",-6.41488807492271,-1.84899834101274
"2022-03-03 13:00:00",-6.96465322557137,0.350766345994326
"2022-03-03 14:00:00",-6.24711202504034,0.936931160539833
"2022-03-03 15:00:00",-5.16571887864573,1.13436240248563
"2022-03-03 16:00:00",-4.66040714226706,0.0685961512522917
"2022-03-03 17:00:00",-5.71588164050736,-1.74868140882146
"2022-03-03 18:00:00",-6.25920274534696,0.293422572270644
"2022-03-03 19:00:00",-6.6122280879647,-0.759142212634414
"2022-03-03 20:00:00",-7.19516173314749,-0.429242132927043
"2022-03-03 21:00:00",-7.00332285687403,0.606041474582968
"2022-03-03 22:00:00",-6.64788225219648,0.180510325526886
"2022-03-03 23:00:00",-6.5332841948439,0.0737780944110701
"2022-03-04 00:00:00",-5.86171156467209,1.04660164323403
"2022-03-04 01:00:00",-4.92968009197836,0.818916490120677
"2022-03-04 02:00:00",-3.79723704698589,1.29399661237263
"2022-03-04 03:00:00",-2.94017459775248,0.529943979394756
"2022-03-04 04:00:00",-2.83235503381056,-0.174926774352008
"2022-03-04 05:00:00",-2.80567320416811,0.163467149756507
"2022-03-04 06:00:00",-2.65020876357841,0.146357199352698
"2022-03-04 07:00:00",-2.65093096150294,-0.0953241054707376
"2022-03-04 08:00:00",-2.54740795372494,0.234582139529611
"2022-03-04 09:00:00",-2.31058175058761,0.23035097009484
"2022-03-04 10:00:00",-2.280864365023,-0.102470821067433
"2022-03-04 11:00:00",-2.46936383604988,-0.233954448886305
"2022-03-04 12:00:00",-3.44893594246837,-1.42691149062613
"2022-03-04 13:00:00",-4.05513302009619,-0.0258130087081914
"2022-03-04 14:00:00",-3.96214891902488,0.172987717028074
"2022-03-04 15:00:00",-3.59904851090829,0.477691368765583
"2022-03-04 16:00:00",-3.28906328551719,0.188090440042179
"2022-03-04 17:00:00",-3.54725895244814,-0.539207142229322
"2022-03-04 18:00:00",-3.84595769777124,-0.119597570619074
"2022-03-04 19:00:00",-4.16392379981073,-0.430144124186612
"2022-03-04 20:00:00",-4.30749418915163,0.059663523206828
"2022-03-04 21:00:00",-4.49906260464341,-0.34439971610356
"2022-03-04 22:00:00",-4.91546289284466,-0.438815311358999
"2022-03-04 23:00:00",-4.30654752907503,1.28478944621455
"2022-03-05 00:00:00",-4.8945570861596,-1.80302987816191
"2022-03-05 01:00:00",-5.48506702522869,0.252190775225986
"2022-03-05 02:00:00",-5.30102021862348,0.136940509960501
"2022-03-05 03:00:00",-5.12271241542926,0.204243331705637
"2022-03-05 04:00:00",-5.18122655469285,-0.224301165147389
"2022-03-05 05:00:00",-5.58704058022275,-0.500860025180721
"2022-03-05 06:00:00",-6.70862242550201,-1.4748931096976
"2022-03-05 07:00:00",-6.42974547795565,1.44342986276437
"2022-03-05 08:00:00",-5.06362530403083,1.25794944238888
"2022-03-05 09:00:00",-3.88490070728498,1.07642165646493
"2022-03-05 10:00:00",-3.29904050086484,0.235991135820299
"2022-03-05 11:00:00",-3.48442170955488,-0.453231029537709
"2022-03-05 12:00:00",-3.53916189610975,0.218007112133815
"2022-03-05 13:00:00",-4.02492835032155,-0.927297039429868
"2022-03-05 14:00:00",-4.82031801443176,-0.664469990227933
"2022-03-05 15:00:00",-5.04662969718736,0.0827545424465513
"2022-03-05 16:00:00",-5.10257449388372,-0.139247933311367
"2022-03-05 17:00:00",-5.52269875333295,-0.580832787005002
"2022-03-05 18:00:00",-6.00420531806007,-0.385292794940144
"2022-03-05 19:00:00",-6.448781050137,-0.455234075969648
"2022-03-05 20:00:00",-6.63241840444308,0.0144602651599082
"2022-03-05 21:00:00",-7.30978924920317,-1.09784905264199
"2022-03-05 22:00:00",-8.20120200892233,-0.702012167739311
"2022-03-05 23:00:00",-8.95784312200255,-0.746536661550548
"2022-03-06 00:00:00",-8.25824294015558,1.64197359429958
"2022-03-06 01:00:00",-6.588495462324,1.61955929608975
"2022-03-06 02:00:00",-5.51721122655384,0.663356878199354
"2022-03-06 03:00:00",-4.90759420379764,0.551931903592323
"2022-03-06 04:00:00",-4.72776034174367,-0.0704489890921826
"2022-03-06 05:00:00",-4.69557601621736,0.105168171159137
"2022-03-06 06:00:00",-5.02173259427026,-0.592152098516576
"2022-03-06 07:00:00",-5.14397536438989,0.203304698531595
"2022-03-06 08:00:00",-4.80532420595207,0.419416624753839
"2022-03-06 09:00:00",-4.6502367277513,-0.0223065103182447
"2022-03-06 10:00:00",-4.78163567918779,-0.191889747132458
"2022-03-06 11:00:00",-5.44772874079805,-0.944409349549273
"2022-03-06 12:00:00",-6.38306536559062,-0.87782172915528
"2022-03-06 13:00:00",-6.75252332377481,-0.00477291368517396
"2022-03-06 14:00:00",-6.7901532845561,-0.049044864718051
"2022-03-06 15:00:00",-6.54540530577439,0.437726057673552
"2022-03-06 16:00:00",-6.0245448056723,0.559965949107909
"2022-03-06 17:00:00",-5.65855500792354,0.22704615258756
"2022-03-06 18:00:00",-5.2293929963046,0.550801725476305
"2022-03-06 19:00:00",-4.96430586728714,0.0687557554801668
"2022-03-06 20:00:00",-4.6113111796222,0.53210700699109
"2022-03-06 21:00:00",-4.99039598318226,-0.962579756465844
"2022-03-06 22:00:00",-4.9754093195229,0.672405035631715
"2022-03-06 23:00:00",-3.97228693131688,1.18234045455671
"2022-03-07 00:00:00",-3.37077229797255,0.190839050106553
"2022-03-07 01:00:00",-2.98942067032196,0.494579843201202
"2022-03-07 02:00:00",-3.14426128365364,-0.57657018216435
"2022-03-07 03:00:00",-4.08785014026535,-1.13937341792567
"2022-03-07 04:00:00",-5.05706498720724,-0.804453665475137
"2022-03-07 05:00:00",-5.83267893286647,-0.713014602821377
"2022-03-07 06:00:00",-6.4775703170894,-0.561315884404518
"2022-03-07 07:00:00",-6.12672882098761,0.950611339668447
"2022-03-07 08:00:00",-4.75367017030128,1.59733344042647
"2022-03-07 09:00:00",-3.21120119175524,1.43872171342104
"2022-03-07 10:00:00",-1.91006188235181,1.15172789399715
"2022-03-07 11:00:00",-0.866778592898624,0.923873255084742
"2022-03-07 12:00:00",-0.230904261346841,0.414778883586523
"2022-03-07 13:00:00",0.113910974012841,0.282085735828116
"2022-03-07 14:00:00",0.419480947302227,0.306558592939101
"2022-03-07 15:00:00",0.808519803276216,0.424997350450171
"2022-03-07 16:00:00",0.557286044014206,-0.691150263853615
"2022-03-07 17:00:00",-1.63374595104078,-3.08753792440755
"2022-03-07 18:00:00",-3.924284057426,-1.64826374297329
"2022-03-07 19:00:00",-5.01903294019437,-0.668666637475747
"2022-03-07 20:00:00",-5.39548592379125,-0.157290867503341
"2022-03-07 21:00:00",-5.58073053299925,-0.18812481743657
"2022-03-07 22:00:00",-6.00956512846563,-0.561735817745704
"2022-03-07 23:00:00",-6.65673516245797,-0.665628211504605
"2022-03-08 00:00:00",-6.41080261177377,0.850520732126036
"2022-03-08 01:00:00",-6.1977451011978,-0.213774207568463
"2022-03-08 02:00:00",-6.87211646395943,-0.94139885924811
"2022-03-08 03:00:00",-7.29768807341463,-0.0526143227916681
"2022-03-08 04:00:00",-7.42636498680491,-0.163866036323967
"2022-03-08 05:00:00",-7.28788843501622,0.343024133569121
"2022-03-08 06:00:00",-6.97990942671667,0.279372163334994
"2022-03-08 07:00:00",-6.05078500479168,1.32712815485385
"2022-03-08 08:00:00",-4.52949324070785,1.58623818973781
"2022-03-08 09:00:00",-3.02914816467129,1.37762522019145
"2022-03-08 10:00:00",-1.7920789674881,1.08848538045224
"2022-03-08 11:00:00",-0.846090533771892,0.80834857851517
"2022-03-08 12:00:00",0.3330440085257,1.37137955776285
"2022-03-08 13:00:00",1.02154087650926,0.200103352327701
"2022-03-08 14:00:00",1.18298936404584,0.126690731974627
"2022-03-08 15:00:00",1.3123125690334,0.123408406797407
"2022-03-08 16:00:00",-0.0251345827133906,-2.24947079961861
"2022-03-08 17:00:00",-1.69184078540532,-1.19896984550014
"2022-03-08 18:00:00",-1.39588171915764,1.28067780158943
"2022-03-08 19:00:00",-1.04993617398209,-0.291839137472447
"2022-03-08 20:00:00",-1.59661694885275,-0.689241464602552
"2022-03-08 21:00:00",-2.27517251849816,-0.637129841975487
"2022-03-08 22:00:00",-2.85734161533324,-0.514933140994037
"2022-03-08 23:00:00",-3.37718506350112,-0.494732346440479
"2022-03-09 00:00:00",-3.90948044322295,-0.527690818164109
"2022-03-09 01:00:00",-3.64737769923121,0.781205667168538
"2022-03-09 02:00:00",-3.35235533624822,-0.038413636803054
"2022-03-09 03:00:00",-3.52386169605325,-0.247763638899266
"2022-03-09 04:00:00",-3.75127478412162,-0.19849892699156
"2022-03-09 05:00:00",-5.20402192057022,-2.21503098302118
"2022-03-09 06:00:00",-7.05238651816974,-1.50938549669756
"2022-03-09 07:00:00",-6.05967935846325,2.62265559146479
"2022-03-09 08:00:00",-2.9622734927277,3.27452243704922
"2022-03-09 09:00:00",0.0812865174787896,2.74877682009718
"2022-03-09 10:00:00",2.20586809083863,1.60739494958762
"2022-03-09 11:00:00",3.14714295754617,0.449631072360698
"2022-03-09 12:00:00",3.44756100062053,0.182613305361283
"2022-03-09 13:00:00",3.3069168458728,-0.353904676143736
"2022-03-09 14:00:00",3.08854258510089,-0.121906452584113
"2022-03-09 15:00:00",2.85742720993291,-0.296917520835177
"2022-03-09 16:00:00",0.908821738003406,-2.96079774092368
"2022-03-09 17:00:00",-2.81327771518461,-4.05392467557917
"2022-03-09 18:00:00",-5.2426112795567,-1.22722559165746
"2022-03-09 19:00:00",-5.64527362202696,0.172927056293742
"2022-03-09 20:00:00",-5.32006555645077,0.418547818447621
"2022-03-09 21:00:00",-5.30701774301068,-0.251045562176553
"2022-03-09 22:00:00",-5.9274486179053,-0.830362509392348
"2022-03-09 23:00:00",-6.40350156792405,-0.209590756767072
"2022-03-10 00:00:00",-5.72323062217208,1.24942753497741
"2022-03-10 01:00:00",-5.20318498277225,0.0164619606587115
"2022-03-10 02:00:00",-5.18819164785918,0.0200065955206156
"2022-03-10 03:00:00",-5.02966820225157,0.250018999679816
"2022-03-10 04:00:00",-4.87756299051528,0.0860837236057761
"2022-03-10 05:00:00",-4.92636683728015,-0.130123039143795
"2022-03-10 06:00:00",-5.13947008687197,-0.251947830097822
"2022-03-10 07:00:00",-4.5941302609786,1.05756444236555
"2022-03-10 08:00:00",-3.35450458937733,1.30801153307041
"2022-03-10 09:00:00",-2.09968935478106,1.16404622194397
"2022-03-10 10:00:00",-1.00288664480645,1.00256075084403
"2022-03-10 11:00:00",-0.0640310424095265,0.853064722222439
"2022-03-10 12:00:00",0.103504408613688,-0.297355001549807
"2022-03-10 13:00:00",-0.28038613377071,-0.423471070881802
"2022-03-10 14:00:00",-0.705173943094206,-0.405118672095728
"2022-03-10 15:00:00",-1.0826034525339,-0.340126488062581
"2022-03-10 16:00:00",-1.72000267072734,-0.803893847700324
"2022-03-10 17:00:00",-3.02584952166961,-1.57620713666224
"2022-03-10 18:00:00",-4.10935018144402,-0.699648878322269
"2022-03-10 19:00:00",-4.4738910665731,-0.118521294905187
"2022-03-10 20:00:00",-4.58764051057161,-0.0993979268388308
"2022-03-10 21:00:00",-4.7282485384787,-0.155487747333228
"2022-03-10 22:00:00",-4.96346858629005,-0.271103709961702
"2022-03-10 23:00:00",-5.25682728132925,-0.287858980222422
"2022-03-11 00:00:00",-5.11308915671344,0.431408243647414
"2022-03-11 01:00:00",-4.99868929391684,-0.0957829874623366
"2022-03-11 02:00:00",-5.23689255836671,-0.3153879549032
"2022-03-11 03:00:00",-5.54556726138828,-0.282783017013483
"2022-03-11 04:00:00",-5.8965176568028,-0.372571614812755
"2022-03-11 05:00:00",-6.44880608289649,-0.638254989558297
"2022-03-11 06:00:00",-7.19298362618521,-0.771118643009057
"2022-03-11 07:00:00",-7.41825415681007,0.158595615498905
"2022-03-11 08:00:00",-7.10389150704146,0.412826402185538
"2022-03-11 09:00:00",-6.53551589805715,0.654218526649992
"2022-03-11 10:00:00",-5.76251287818988,0.823880373576216
"2022-03-11 11:00:00",-4.94718884616469,0.778301775856719
"2022-03-11 12:00:00",-3.38334839496603,2.01958627853166
"2022-03-11 13:00:00",-2.14346629697494,0.665529468710067
"2022-03-11 14:00:00",-1.69348264820165,0.2876679930441
"2022-03-11 15:00:00",-1.72769708346189,-0.244991029681928
"2022-03-11 16:00:00",-2.21844228918007,-0.629032352858821
"2022-03-11 17:00:00",-3.03378628898713,-0.897946366163988
"2022-03-11 18:00:00",-3.57178371085337,-0.268560901435751
"2022-03-11 19:00:00",-3.67966628129915,0.00896360080340167
"2022-03-11 20:00:00",-3.62228221136745,0.0916785846445681
"2022-03-11 21:00:00",-3.66174279715308,-0.120342422232795
"2022-03-11 22:00:00",-3.87558514359533,-0.261294418486716
"2022-03-11 23:00:00",-4.26116698369067,-0.445122056653151
"2022-03-12 00:00:00",-4.35973645879369,0.142636551693985
"2022-03-12 01:00:00",-4.41941736873025,-0.186103000941838
"2022-03-12 02:00:00",-4.59926039271627,-0.161428909701753
"2022-03-12 03:00:00",-4.69601557430039,-0.0431157609856679
"2022-03-12 04:00:00",-4.79572884205736,-0.12665472526153
"2022-03-12 05:00:00",-5.0641557214466,-0.344004822442269
"2022-03-12 06:00:00",-5.50281876736748,-0.474396826098375
"2022-03-12 07:00:00",-5.18770767524176,0.833557835432192
"2022-03-12 08:00:00",-4.20786915216145,1.03748089312071
"2022-03-12 09:00:00",-3.26233246026329,0.844732540324704
"2022-03-12 10:00:00",-2.32612769871026,0.956901190049724
"2022-03-12 11:00:00",-1.34163580110137,0.959100407452425
"2022-03-12 12:00:00",0.0473278730972688,1.61126050428998
"2022-03-12 13:00:00",1.14921366000749,0.709886493647804
"2022-03-12 14:00:00",1.65273825027973,0.340544277862913
"2022-03-12 15:00:00",1.70992020362709,-0.136570029465745
"2022-03-12 16:00:00",1.17377367244606,-0.779252418177965
"2022-03-12 17:00:00",-0.0799906694949416,-1.51203471898475
"2022-03-12 18:00:00",-1.15204090332293,-0.727685990270997
"2022-03-12 19:00:00",-1.51480072370989,-0.100757192775005
"2022-03-12 20:00:00",-1.70487040857869,-0.238626384518075
"2022-03-12 21:00:00",-2.23753414549217,-0.70117659666359
"2022-03-12 22:00:00",-2.90502372375803,-0.610429993295573
"2022-03-12 23:00:00",-3.36221975211081,-0.329572716901041
"2022-03-13 00:00:00",-3.399685233509,0.163382259834349
"2022-03-13 01:00:00",-3.5785850226974,-0.39420194053444
"2022-03-13 02:00:00",-4.059311987641,-0.510954153639548
"2022-03-13 03:00:00",-4.42981118917533,-0.25402745456125
"2022-03-13 04:00:00",-4.63753756087506,-0.161280246026456
"2022-03-13 05:00:00",-4.8630320371187,-0.251611975845072
"2022-03-13 06:00:00",-5.26459586966222,-0.476181509386889
"2022-03-13 07:00:00",-5.15993285745598,0.493696561313193
"2022-03-13 08:00:00",-4.39055925907073,0.923244110044538
"2022-03-13 09:00:00",-3.10505218446393,1.4715828192844
"2022-03-13 10:00:00",-1.58819799817743,1.47895580802889
"2022-03-13 11:00:00",-0.140732523771135,1.35973618973266
"2022-03-13 12:00:00",1.54963817150757,1.83064598992575
"2022-03-13 13:00:00",2.76017615368017,0.7376187906991
"2022-03-13 14:00:00",3.34165066839764,0.446192044874446
"2022-03-13 15:00:00",3.54937286659945,0.0345681269873855
"2022-03-13 16:00:00",3.09873050752379,-0.757270017561233
"2022-03-13 17:00:00",1.92610071722995,-1.39780201958373
"2022-03-13 18:00:00",1.15145587755527,-0.324885085095112
"2022-03-13 19:00:00",1.13204752066276,0.183677863032698
"2022-03-13 20:00:00",1.159023242093,-0.0802312268244751
"2022-03-13 21:00:00",0.912189711000361,-0.347663997293363
"2022-03-13 22:00:00",0.426236023750616,-0.556228491691868
"2022-03-13 23:00:00",-0.200213769590369,-0.64404395715951
"2022-03-14 00:00:00",-0.190612869845619,0.445158534756577
"2022-03-14 01:00:00",-0.223686228420373,-0.350071981744536
"2022-03-14 02:00:00",-0.644416114811874,-0.447553304716562
"2022-03-14 03:00:00",-1.14764419242345,-0.515600498629321
"2022-03-14 04:00:00",-1.62109666557704,-0.421377258147588
"2022-03-14 05:00:00",-2.24921433181192,-0.734005588377664
"2022-03-14 06:00:00",-2.93381694681895,-0.616237652353384
"2022-03-14 07:00:00",-2.54056617754803,1.05132514974298
"2022-03-14 08:00:00",-1.16434070014557,1.53069844546781
"2022-03-14 09:00:00",0.289544119696939,1.33508929428565
"2022-03-14 10:00:00",1.30529964875092,0.754228797135057
"2022-03-14 11:00:00",1.99177958059348,0.607011696860955
"2022-03-14 12:00:00",3.44009819560379,1.93779064106565
"2022-03-14 13:00:00",4.40285385230259,0.262560900403975
"2022-03-14 14:00:00",4.44348493524903,-0.114923887997218
"2022-03-14 15:00:00",4.40106696710833,0.00220831359709824
"2022-03-14 16:00:00",3.63328030391648,-1.25029443410973
"2022-03-14 17:00:00",2.38364543227505,-1.19449515407156
"2022-03-14 18:00:00",1.7167317980105,-0.286578816700956
"2022-03-14 19:00:00",1.72407646615374,0.200729157431976
"2022-03-14 20:00:00",2.23405778211114,0.689690313490677
"2022-03-14 21:00:00",2.81207723329239,0.473227558652666
"2022-03-14 22:00:00",3.34193048019165,0.53880115115235
"2022-03-14 23:00:00",3.93485226273334,0.59651993426806
"2022-03-15 00:00:00",4.60324764172472,0.679479379560366
"2022-03-15 01:00:00",4.79302222321556,-0.151639454156896
"2022-03-15 02:00:00",3.97609198167174,-1.2278062005017
"2022-03-15 03:00:00",3.15205274395609,-0.520831574340698
"2022-03-15 04:00:00",2.74183219982624,-0.321049409171048
"2022-03-15 05:00:00",1.85859153448366,-1.21959058254118
"2022-03-15 06:00:00",0.723001245660936,-1.02802349235144
"2022-03-15 07:00:00",0.534971173180963,0.379959482943623
"2022-03-15 08:00:00",1.16877651582827,0.772225670007201
"2022-03-15 09:00:00",1.97356869006519,0.786753522757987
"2022-03-15 10:00:00",2.88229644203764,0.944317238996161
"2022-03-15 11:00:00",3.56554279224605,0.473020492183126
"2022-03-15 12:00:00",3.94634089419777,0.296627724180906
"2022-03-15 13:00:00",4.11962622205573,0.0777388090601592
"2022-03-15 14:00:00",4.13110232750373,-0.0385521528454128
"2022-03-15 15:00:00",4.19041300888946,0.116409741673657
"2022-03-15 16:00:00",3.91277548744168,-0.532537845929374
"2022-03-15 17:00:00",2.85818852053998,-1.35754251948941
"2022-03-15 18:00:00",1.88200993582138,-0.679235931277751
"2022-03-15 19:00:00",2.26773973466829,1.07494016434632
"2022-03-15 20:00:00",2.92195259540153,0.339722760583215
"2022-03-15 21:00:00",3.29690133162974,0.376849784531754
"2022-03-15 22:00:00",3.64860377920792,0.313976792826039
"2022-03-15 23:00:00",3.86472112925406,0.135907492245951
"2022-03-16 00:00:00",3.57118377291634,-0.570860436996768
"2022-03-16 01:00:00",3.50559222277602,0.26976373466897
"2022-03-16 02:00:00",3.10260558883072,-0.836846920428123
"2022-03-16 03:00:00",2.17460524690161,-0.948668286264028
"2022-03-16 04:00:00",1.11337223145034,-1.08864797531853
"2022-03-16 05:00:00",0.0390078906278539,-1.0152236625534
"2022-03-16 06:00:00",-0.503616072458277,-0.201827948127885
"2022-03-16 07:00:00",-0.221342087103202,0.592238629235678
"2022-03-16 08:00:00",0.277669799545331,0.413434272269353
"2022-03-16 09:00:00",1.09945825804277,1.05461131560238
"2022-03-16 10:00:00",2.10836504777184,0.929078261786226
"2022-03-16 11:00:00",2.68472363384194,0.311111092444822
"2022-03-16 12:00:00",2.48379175796174,-0.536199451793527
"2022-03-16 13:00:00",2.53843580334989,0.442735796081118
"2022-03-16 14:00:00",2.82880238918075,0.171719779233335
"2022-03-16 15:00:00",3.0564683427802,0.250499050238149
"2022-03-16 16:00:00",3.04491336790267,-0.189644170817918
"2022-03-16 17:00:00",2.5647842317021,-0.654890739147148
"2022-03-16 18:00:00",1.7456769204354,-0.892964691560491
"2022-03-16 19:00:00",1.33078774416282,-0.0787117604144388
"2022-03-16 20:00:00",1.34745670186697,0.0777480823823248
"2022-03-16 21:00:00",1.52912349144162,0.240575740253008
"2022-03-16 22:00:00",1.44818395150704,-0.293403662386786
"2022-03-16 23:00:00",1.16184172163623,-0.269894012624877
"2022-03-17 00:00:00",0.867436404637769,-0.298253103005203
"2022-03-17 01:00:00",0.406765496686531,-0.548174602881291
"2022-03-17 02:00:00",0.197352475084765,0.0258512294560553
"2022-03-17 03:00:00",0.368719400015464,0.259978194430393
"2022-03-17 04:00:00",0.443167696259187,-0.0532490763557235
"2022-03-17 05:00:00",0.046987090532446,-0.60654257546576
"2022-03-17 06:00:00",-0.534096034966839,-0.536558296611946
"2022-03-17 07:00:00",-0.12842070584542,1.01523126018434
"2022-03-17 08:00:00",1.10930053976338,1.32739515863181
"2022-03-17 09:00:00",2.41880851648014,1.23392697323375
"2022-03-17 10:00:00",3.81823613388122,1.44014274739195
"2022-03-17 11:00:00",4.81911330592479,0.655557204903129
"2022-03-17 12:00:00",4.45794425150297,-1.0280224655813
"2022-03-17 13:00:00",3.86496745770855,-0.280517861929305
"2022-03-17 14:00:00",3.65706460010115,-0.154594643439857
"2022-03-17 15:00:00",4.05240911660683,0.738465428506621
"2022-03-17 16:00:00",3.45008054232193,-1.47277577728933
"2022-03-17 17:00:00",3.59901444236868,1.21853240045997
"2022-03-17 18:00:00",4.45805986339934,0.5739325268717
"2022-03-17 19:00:00",3.9846076458892,-1.15494339744354
"2022-03-17 20:00:00",3.37049308618964,-0.229520317214895
"2022-03-17 21:00:00",3.37098662953146,0.149466868380359
"2022-03-17 22:00:00",3.61577140982041,0.292353126201851
"2022-03-17 23:00:00",3.82634826936077,0.14139452603301
"2022-03-18 00:00:00",4.07560715988155,0.304392012840136
"2022-03-18 01:00:00",4.22183039554893,0.0285789235341429
"2022-03-18 02:00:00",4.47273091951923,0.381749553997409
"2022-03-18 03:00:00",4.7582570565605,0.202046717089762
"2022-03-18 04:00:00",4.56916675762336,-0.446989919964528
"2022-03-18 05:00:00",3.40342129921613,-1.59540004791817
"2022-03-18 06:00:00",1.55165807679421,-1.93906015108076
"2022-03-18 07:00:00",0.445611640890948,-0.500154194321498
"2022-03-18 08:00:00",0.58424647742651,0.557324937444315
"2022-03-18 09:00:00",1.37124770880136,0.901965521258306
"2022-03-18 10:00:00",2.33694866874775,0.960534061152172
"2022-03-18 11:00:00",2.99828756509004,0.427441044993222
"2022-03-18 12:00:00",3.02331895847017,-0.24829022711806
"2022-03-18 13:00:00",3.18551726034902,0.424249298827143
"2022-03-18 14:00:00",3.59380526479425,0.374140894252783
"2022-03-18 15:00:00",3.78328296937657,0.0527361727357756
"2022-03-18 16:00:00",3.571158083187,-0.383491023255694
"2022-03-18 17:00:00",2.03145037583763,-2.24194165353217
"2022-03-18 18:00:00",-0.471752829659981,-2.56104173887688
"2022-03-18 19:00:00",-1.74092812733513,-0.347027274522895
"2022-03-18 20:00:00",-1.14486151860806,1.19870388245395
"2022-03-18 21:00:00",0.408360381090294,1.71723040508753
"2022-03-18 22:00:00",0.972719019381669,-0.231553713706293
"2022-03-18 23:00:00",0.822597026234999,-0.0899548383421427
"2022-03-19 00:00:00",0.357082951121696,-0.694821731036891
"2022-03-19 01:00:00",-0.595395710331774,-1.07944600544173
"2022-03-19 02:00:00",-1.33151764963904,-0.471495833327622
"2022-03-19 03:00:00",-1.80789598967211,-0.455280309094366
"2022-03-19 04:00:00",-2.39784130742471,-0.649357002826737
"2022-03-19 05:00:00",-3.10676078492754,-0.711849876697778
"2022-03-19 06:00:00",-3.52683205783548,-0.201590617805878
"2022-03-19 07:00:00",-2.87357579620185,1.19664688683261
"2022-03-19 08:00:00",-1.62713088098319,1.22411565547011
"2022-03-19 09:00:00",-0.677579917938897,0.723485592439141
"2022-03-19 10:00:00",-0.135936600934265,0.395551767657726
"2022-03-19 11:00:00",0.40980453387644,0.620107585774367
"2022-03-19 12:00:00",0.363738306747176,-0.488513627055425
"2022-03-19 13:00:00",-0.0309194192788789,-0.313803013564486
"2022-03-19 14:00:00",0.170366831220348,0.535148135682723
"2022-03-19 15:00:00",0.569484616166674,0.289247063449088
"2022-03-19 16:00:00",0.874167758232921,0.299761504655841
"2022-03-19 17:00:00",0.545859652589838,-0.732539557182488
"2022-03-19 18:00:00",-0.195307946464533,-0.712403114162575
"2022-03-19 19:00:00",-0.665341651433166,-0.285869458707564
"2022-03-19 20:00:00",-0.865805788152759,-0.133144934938747
"2022-03-19 21:00:00",-1.00858974082785,-0.141309180608757
"2022-03-19 22:00:00",-1.13781121355507,-0.113722951403818
"2022-03-19 23:00:00",-1.32725309887359,-0.229451985769591
"2022-03-20 00:00:00",-1.32631125244275,0.15620067382486
"2022-03-20 01:00:00",-1.41593851338456,-0.247541670683141
"2022-03-20 02:00:00",-1.63258345324603,-0.183928067136272
"2022-03-20 03:00:00",-1.83047654539116,-0.195695458910698
"2022-03-20 04:00:00",-2.1929664086726,-0.454100223073212
"2022-03-20 05:00:00",-2.84413880745481,-0.74878248673517
"2022-03-20 06:00:00",-3.49226001627071,-0.546551576879109
"2022-03-20 07:00:00",-3.38835753335161,0.537093921676496
"2022-03-20 08:00:00",-2.77975657599447,0.6317174047982
"2022-03-20 09:00:00",-2.13052784422894,0.633633802520355
"2022-03-20 10:00:00",-1.20061306831357,1.08598852116404
"2022-03-20 11:00:00",-0.108243350685491,1.04626217459538
"2022-03-20 12:00:00",0.960417819642772,1.0329509716288
"2022-03-20 13:00:00",1.65957355140048,0.442168313717131
"2022-03-20 14:00:00",1.93614667200566,0.150897095878017
"2022-03-20 15:00:00",2.00699359345903,0.011619530614496
"2022-03-20 16:00:00",1.7718567920797,-0.391050894420516
"2022-03-20 17:00:00",1.00064750905874,-0.990279760527992
"2022-03-20 18:00:00",0.303374806009561,-0.470093447333607
"2022-03-20 19:00:00",0.062318295700279,-0.077303878058405
"2022-03-20 20:00:00",0.073598553971545,0.0697190167884256
"2022-03-20 21:00:00",-0.0288499694107912,-0.212451493343564
"2022-03-20 22:00:00",-0.423515639211644,-0.497348298332936
"2022-03-20 23:00:00",-1.03565776396401,-0.659035707512501
"2022-03-21 00:00:00",-1.27994283731653,0.045153487441336
"2022-03-21 01:00:00",-1.35469720752598,-0.149489981791974
"2022-03-21 02:00:00",-1.41877876229053,-0.00235279505597826
"2022-03-21 03:00:00",-1.72482634777314,-0.492135938684226
"2022-03-21 04:00:00",-2.43850122274521,-0.825229026566337
"2022-03-21 05:00:00",-3.38232342031661,-0.974890908370467
"2022-03-21 06:00:00",-3.95293326084162,-0.269620226242685
"2022-03-21 07:00:00",-3.4197570234402,1.04812236992259
"2022-03-21 08:00:00",-2.19539249055359,1.2880829897037
"2022-03-21 09:00:00",-0.820298820982477,1.37058521445164
"2022-03-21 10:00:00",0.178384862739753,0.704353749331965
"2022-03-21 11:00:00",0.814487112014164,0.560144982698249
"2022-03-21 12:00:00",2.04119023715278,1.61172601701793
"2022-03-21 13:00:00",3.1289187428822,0.684084310584988
"2022-03-21 14:00:00",3.69075562901163,0.449609942557004
"2022-03-21 15:00:00",3.97540739016801,0.156399139532293
"2022-03-21 16:00:00",3.7458525011621,-0.481067615488636
"2022-03-21 17:00:00",2.03171053132272,-2.45954960283098
"2022-03-21 18:00:00",-0.52959498256654,-2.5100481024201
"2022-03-21 19:00:00",-1.61762224571516,-0.0876446116103943
"2022-03-21 20:00:00",-1.47170681322545,0.296770148915478
"2022-03-21 21:00:00",-1.38915790626944,-0.0622890753111649
"2022-03-21 22:00:00",-1.43871681002487,-0.0369271961505421
"2022-03-21 23:00:00",-1.5844895724065,-0.209554293931677
"2022-03-22 00:00:00",-1.83465868314976,-0.263315555701166
"2022-03-22 01:00:00",-2.72792427015782,-1.26841363301414
"2022-03-22 02:00:00",-3.71635805386379,-0.751298777805588
"2022-03-22 03:00:00",-4.06313675052844,-0.0558356193902614
"2022-03-22 04:00:00",-4.32829312286244,-0.386865380454986
"2022-03-22 05:00:00",-4.99338700308642,-0.813394156734271
"2022-03-22 06:00:00",-5.09264933384329,0.387968841301364
"2022-03-22 07:00:00",-3.80644907717201,1.83045403024062
"2022-03-22 08:00:00",-1.89745048669875,1.87555133288031
"2022-03-22 09:00:00",-0.0647453291936299,1.71949759897311
"2022-03-22 10:00:00",1.57603666502828,1.51042033661954
"2022-03-22 11:00:00",2.95112927542024,1.21750126090253
"2022-03-22 12:00:00",4.94200202651063,2.40803722006337
"2022-03-22 13:00:00",6.46112857026935,0.847973288232323
"2022-03-22 14:00:00",7.06962946425687,0.411613977365485
"2022-03-22 15:00:00",7.40020898161222,0.251738637632857
"2022-03-22 16:00:00",6.88501558575721,-1.01152699015247
"2022-03-22 17:00:00",4.14148060366337,-3.77668843296969
"2022-03-22 18:00:00",0.86084786396516,-2.79937767128583
"2022-03-22 19:00:00",-1.03167514421608,-1.19914126420774
"2022-03-22 20:00:00",-1.76866057219201,-0.392536261387511
"2022-03-22 21:00:00",-2.12613624463513,-0.314836239243866
"2022-03-22 22:00:00",-2.53258672747996,-0.445471616821236
"2022-03-22 23:00:00",-3.0140798281008,-0.479363294175549
"2022-03-23 00:00:00",-2.89608391936143,0.51450548336636
"2022-03-23 01:00:00",-3.16314056822745,-0.771667017903524
"2022-03-23 02:00:00",-3.79965306668481,-0.512088335206611
"2022-03-23 03:00:00",-2.85726574467569,1.87213593956884
"2022-03-23 04:00:00",-2.76050582842975,-1.08772019324624
"2022-03-23 05:00:00",-4.45003309508227,-2.00688277218971
"2022-03-23 06:00:00",-4.38806132670532,1.44397423998855
"2022-03-23 07:00:00",-1.94845998574736,2.99306766639672
"2022-03-23 08:00:00",0.702831943472797,2.2999683795532
"2022-03-23 09:00:00",2.87905510667002,1.98940935525251
"2022-03-23 10:00:00",4.75607074288464,1.70918324284313
"2022-03-23 11:00:00",6.19973986267257,1.19193181703191
"2022-03-23 12:00:00",7.51190759391728,1.32198132692401
"2022-03-23 13:00:00",8.5202628056712,0.741678467718041
"2022-03-23 14:00:00",8.93958925461282,0.17352344027173
"2022-03-23 15:00:00",8.71467785586723,-0.491362003657786
"2022-03-23 16:00:00",7.49342055969569,-1.66104226351757
"2022-03-23 17:00:00",5.0618838547398,-2.83930190747216
"2022-03-23 18:00:00",2.49017950819607,-2.27762597333761
"2022-03-23 19:00:00",0.799998617080463,-1.22144998384267
"2022-03-23 20:00:00",-0.274316272303471,-0.926206606879345
"2022-03-23 21:00:00",-1.29365725580254,-1.03263760686022
"2022-03-23 22:00:00",-2.4561341026469,-1.19212772274177
"2022-03-23 23:00:00",-3.70914287037431,-1.230888309739
"2022-03-24 00:00:00",-3.86433125146901,0.574086815132426
"2022-03-24 01:00:00",-4.36528626130125,-1.18885281971642
"2022-03-24 02:00:00",-5.20769523499306,-0.565794493513494
"2022-03-24 03:00:00",-5.59336211306435,-0.240546576234008
"2022-03-24 04:00:00",-5.99010485238028,-0.474811211780413
"2022-03-24 05:00:00",-6.9135150036584,-1.17087237372826
"2022-03-24 06:00:00",-6.51028945422265,1.44235412553543
"2022-03-24 07:00:00",-4.64936793733227,2.05992106200472
"2022-03-24 08:00:00",-2.47330085926227,2.15608229250097
"2022-03-24 09:00:00",-0.340348460720371,2.01936328772527
"2022-03-24 10:00:00",1.55029004569193,1.71542008168793
"2022-03-24 11:00:00",2.99710152067788,1.19699285037033
"2022-03-24 12:00:00",4.27763051817684,1.27150685364492
"2022-03-24 13:00:00",5.29125219827493,0.788022351580162
"2022-03-24 14:00:00",5.82941717508131,0.339204672083144
"2022-03-24 15:00:00",6.01690555702768,0.0699248099158427
"2022-03-24 16:00:00",5.64208764845138,-0.661250292599363
"2022-03-24 17:00:00",2.94504753094192,-3.93331914019938
"2022-03-24 18:00:00",0.0310636796385735,-2.0997628194444
"2022-03-24 19:00:00",-1.36343159273507,-0.858099368078827
"2022-03-24 20:00:00",-2.11630337210343,-0.645188344805021
"2022-03-24 21:00:00",-2.95714604506596,-0.928593323338571
"2022-03-24 22:00:00",-3.66419367228169,-0.52194397978507
"2022-03-24 23:00:00",-4.21239712591689,-0.534937533730727
"2022-03-25 00:00:00",-3.34882249329865,1.76029187571662
"2022-03-25 01:00:00",-1.58322261069125,1.6895536005616
"2022-03-25 02:00:00",-0.847140191089438,0.0675076849965014
"2022-03-25 03:00:00",-1.01312286112378,-0.312661263489816
"2022-03-25 04:00:00",-3.44956652760458,-3.73519091645607
"2022-03-25 05:00:00",-5.676581937401,-1.11131063735852
"2022-03-25 06:00:00",-4.88531635198932,2.02934267179349
"2022-03-25 07:00:00",-2.00523196801495,3.31667137318546
"2022-03-25 08:00:00",1.32771708227967,3.18800498814869
"2022-03-25 09:00:00",4.0753054640217,2.32170775158992
"2022-03-25 10:00:00",5.78504669870175,1.21527323041791
"2022-03-25 11:00:00",6.58390373935874,0.475835182906175
"2022-03-25 12:00:00",7.17156835185779,0.625806870487102
"2022-03-25 13:00:00",7.29411369988924,-0.228021187966359
"2022-03-25 14:00:00",7.12104958897946,-0.137601946954376
"2022-03-25 15:00:00",7.16744712802259,0.157680853969904
"2022-03-25 16:00:00",7.00301201370904,-0.380597551992335
"2022-03-25 17:00:00",4.78334158699748,-3.34924501573183
"2022-03-25 18:00:00",2.03461823814469,-2.2239285673717
"2022-03-25 19:00:00",0.61946635808528,-0.811351232153716
"2022-03-25 20:00:00",0.231462284966242,-0.0881379439035256
"2022-03-25 21:00:00",-0.424644196622098,-1.00386627333826
"2022-03-25 22:00:00",-0.99804235461367,-0.258629560783071
"2022-03-25 23:00:00",-1.27722150846588,-0.278326163919327
"2022-03-26 00:00:00",-0.581440716364798,1.31375721381435
"2022-03-26 01:00:00",0.464767871950915,0.818879936546848
"2022-03-26 02:00:00",0.5689902466917,-0.377759421145797
"2022-03-26 03:00:00",0.382193441993093,-0.0513472808327068
"2022-03-26 04:00:00",0.344326504957957,-0.027573273439444
"2022-03-26 05:00:00",-0.032386963483997,-0.592012178130048
"2022-03-26 06:00:00",-0.0566339660362685,0.355450649417597
"2022-03-26 07:00:00",0.909847786606921,1.32797531955762
"2022-03-26 08:00:00",2.27346030477427,1.32139983253799
"2022-03-26 09:00:00",2.98229735891165,0.263855722077305
"2022-03-26 10:00:00",1.99262521683635,-1.78215764440142
"2022-03-26 11:00:00",1.22443372465214,-0.0582892106624591
"2022-03-26 12:00:00",2.11064725801289,1.47218128398414
"2022-03-26 13:00:00",2.75338010683271,0.0565145535301732
"2022-03-26 14:00:00",2.78449902745826,0.00916204026334614
"2022-03-26 15:00:00",2.79942840414536,0.014476674907804
"2022-03-26 16:00:00",2.76103424670293,-0.0754236485369322
"2022-03-26 17:00:00",2.59768733504622,-0.217757145654801
"2022-03-26 18:00:00",2.32231742284347,-0.304039741094092
"2022-03-26 19:00:00",2.24260157185405,0.0706263980206562
"2022-03-26 20:00:00",1.76943313999372,-0.816097334799618
"2022-03-26 21:00:00",1.15534134241299,-0.452522553103006
"2022-03-26 22:00:00",0.294459461945612,-1.09369704257405
"2022-03-26 23:00:00",-0.633103762653963,-0.773111449830711
"2022-03-27 00:00:00",-1.91738419498952,-1.56320999588515
"2022-03-27 01:00:00",-2.74172974781122,-0.290134483373576
"2022-03-27 02:00:00",-3.29053661100229,-0.691640269831002
"2022-03-27 03:00:00",-3.56795033064005,0.0161553367974578
"2022-03-27 04:00:00",-3.27571943282415,0.46698918029898
"2022-03-27 05:00:00",-4.24750871173018,-1.88055881845924
"2022-03-27 06:00:00",-4.39359871619185,1.02261840883998
"2022-03-27 07:00:00",-3.37153178600959,0.978792892569108
"2022-03-27 08:00:00",-2.3584042885822,0.99221822063449
"2022-03-27 09:00:00",-0.450932564095244,2.43002760806319
"2022-03-27 10:00:00",1.84512407217616,2.09821809962375
"2022-03-27 11:00:00",3.15366497712931,0.71753970278053
"2022-03-27 12:00:00",3.92868321409199,0.772444444334388
"2022-03-27 13:00:00",4.5541693948262,0.492730476394663
"2022-03-27 14:00:00",4.96798890615587,0.335680170850284
"2022-03-27 15:00:00",5.24422166238809,0.217073684771651
"2022-03-27 16:00:00",5.37404514481549,0.0587308548439417
"2022-03-27 17:00:00",4.11311776911798,-2.08769116485969
"2022-03-27 18:00:00",1.67317454848225,-2.56412956545871
"2022-03-27 19:00:00",0.335892299216014,-0.458007121973573
"2022-03-27 20:00:00",0.0716199110724415,-0.122992858347175
"2022-03-27 21:00:00",0.109329240123823,0.142958096774139
"2022-03-27 22:00:00",0.383991783760704,0.349271354715917
"2022-03-27 23:00:00",0.615250756479654,0.141101293933056
"2022-03-28 00:00:00",0.993735645784762,0.517959775276101
"2022-03-28 01:00:00",1.08226395836446,-0.203241819916929
"2022-03-28 02:00:00",0.915598211157207,-0.135756862523654
"2022-03-28 03:00:00",0.685556179133145,-0.283146135128343
"2022-03-28 04:00:00",0.192853002772771,-0.609875974513073
"2022-03-28 05:00:00",-0.655604152462973,-0.967438956931192
"2022-03-28 06:00:00",-1.15385854603835,-0.160948436892724
"2022-03-28 07:00:00",-1.7004717892408,-0.776257199172297
"2022-03-28 08:00:00",-1.90600589892767,0.186899585192772
"2022-03-28 09:00:00",-0.905496805763321,1.49781878139365
"2022-03-28 10:00:00",0.589942971468612,1.42395828352397
"2022-03-28 11:00:00",2.02917194391776,1.38025782594914
"2022-03-28 12:00:00",3.93703790784023,2.16632342810014
"2022-03-28 13:00:00",5.12504809063021,0.474285651513613
"2022-03-28 14:00:00",5.45990700627233,0.219392935140584
"2022-03-28 15:00:00",5.54153106313979,-0.0211346439480991
"2022-03-28 16:00:00",5.25095496304259,-0.463533503255742
"2022-03-28 17:00:00",4.29862445841529,-1.23970188595969
"2022-03-28 18:00:00",2.62265341315642,-1.89271035508586
"2022-03-28 19:00:00",1.42875234887144,-0.674682210444768
"2022-03-28 20:00:00",1.49726195557245,0.558865823151121
"2022-03-28 21:00:00",2.28248165187794,0.896877226091134
"2022-03-28 22:00:00",2.30450207272138,-0.565195178700171
"2022-03-28 23:00:00",1.18028471427384,-1.44643999449423
"2022-03-29 00:00:00",0.233480333855832,-0.57024897788814
"2022-03-29 01:00:00",-0.252550049239434,-0.407090613021371
"2022-03-29 02:00:00",-0.28471331345248,0.219637887413719
"2022-03-29 03:00:00",0.498351018457146,1.12183177633983
"2022-03-29 04:00:00",0.973187648743855,0.0203077224680879
"2022-03-29 05:00:00",0.667404207636711,-0.509897286729251
"2022-03-29 06:00:00",-0.0780831445863299,-0.86797967429036
"2022-03-29 07:00:00",-0.954318271434386,-0.839999921204273
"2022-03-29 08:00:00",-1.73271000162298,-0.699101892326074
"2022-03-29 09:00:00",-2.01344663898568,0.013742003254709
"2022-03-29 10:00:00",-2.06238001703281,-0.0857964577579732
"2022-03-29 11:00:00",-1.6454895195141,0.734856672710907
"2022-03-29 12:00:00",-0.0949151268736337,2.02281508200118
"2022-03-29 13:00:00",0.751148003184588,0.0214930260952376
"2022-03-29 14:00:00",0.921293230566886,0.260191901172637
"2022-03-29 15:00:00",0.985127799203295,-0.0712886581841506
"2022-03-29 16:00:00",0.700188417342771,-0.41510008414887
"2022-03-29 17:00:00",0.440483846107253,-0.144670579944579
"2022-03-29 18:00:00",0.351515996017575,-0.0481732353393801
"2022-03-29 19:00:00",0.68794874843806,0.576392378236128
"2022-03-29 20:00:00",0.521244486620783,-0.655058452870472
"2022-03-29 21:00:00",-0.197556731249543,-0.727810377450882
"2022-03-29 22:00:00",-1.62038767043305,-1.81830356252777
"2022-03-29 23:00:00",-3.37056127019704,-1.61949924365162
"2022-03-30 00:00:00",-3.83519859530832,0.331680158745982
"2022-03-30 01:00:00",-4.56867678479791,-1.40377531448475
"2022-03-30 02:00:00",-5.16469364006233,-0.0233108072512511
"2022-03-30 03:00:00",-5.07135186147588,0.173328514471166
"2022-03-30 04:00:00",-4.77549975985261,0.370009332003472
"2022-03-30 05:00:00",-3.88037717790791,1.20881020045133
"2022-03-30 06:00:00",-3.30955183970924,0.123384273060079
"2022-03-30 07:00:00",-3.29990153332417,-0.0623649581360207
"2022-03-30 08:00:00",-2.96282231051615,0.591605291009496
"2022-03-30 09:00:00",-2.83514179588894,-0.183846855578933
"2022-03-30 10:00:00",-3.3839349958018,-0.762354997051778
"2022-03-30 11:00:00",-4.33961715452306,-1.03479082786694
"2022-03-30 12:00:00",-4.40956568905728,0.5821847049488
"2022-03-30 13:00:00",-4.08738364862768,0.139222125595002
"2022-03-30 14:00:00",-3.93011040556579,0.167100579228774
"2022-03-30 15:00:00",-3.81766174176088,0.0757355045811493
"2022-03-30 16:00:00",-3.63119914575082,0.256338248261062
"2022-03-30 17:00:00",-3.32035351979551,0.337091226325196
"2022-03-30 18:00:00",-3.16399993595832,0.0327126310295297
"2022-03-30 19:00:00",-3.01488097570244,0.223712946823298
"2022-03-30 20:00:00",-2.8186260242616,0.172508984091373
"2022-03-30 21:00:00",-2.6187277819559,0.212290472245124
"2022-03-30 22:00:00",-2.80085518614027,-0.433039150225572
"2022-03-30 23:00:00",-3.25467893841749,-0.442505336521472
"2022-03-31 00:00:00",-3.82813148197471,-0.629305143948304
"2022-03-31 01:00:00",-4.43797873287171,-0.562963078619672
"2022-03-31 02:00:00",-5.04370992690379,-0.59974007174975
"2022-03-31 03:00:00",-5.63814722497321,-0.556155594420927
"2022-03-31 04:00:00",-6.37774586649728,-0.819481394168599
"2022-03-31 05:00:00",-7.35362776555426,-1.02555552297883
"2022-03-31 06:00:00",-7.91174345158614,-0.210497246407335
"2022-03-31 07:00:00",-8.14727955695366,-0.230840833225564
"2022-03-31 08:00:00",-8.17057911494926,0.126664681411533
"2022-03-31 09:00:00",-7.84705021722387,0.449924176646852
"2022-03-31 10:00:00",-7.27957637878582,0.628984637126066
"2022-03-31 11:00:00",-6.73801648951646,0.466923562215152
"2022-03-31 12:00:00",-6.25708811203549,0.476093934451028
"2022-03-31 13:00:00",-6.19048907735985,-0.201494835508692
"2022-03-31 14:00:00",-6.34120631516433,-0.101727054905931
"2022-03-31 15:00:00",-6.20037701026887,0.30400994308525
"2022-03-31 16:00:00",-5.73457253502711,0.559520722237287
"2022-03-31 17:00:00",-5.20352530764568,0.494219740776302
"2022-03-31 18:00:00",-4.49629292414919,0.822336422338704
"2022-03-31 19:00:00",-3.711653001905,0.728017665881126
"2022-03-31 20:00:00",-3.1897318301725,0.364507293710407
"2022-03-31 21:00:00",-3.08906027622301,-0.0758895378295541
"2022-03-31 22:00:00",-3.34542516838414,-0.360516915923734
"2022-03-31 23:00:00",-3.72709298963205,-0.373320676498813
"2022-04-01 00:00:00",-3.72894592408942,0.250678805181011
"2022-04-01 01:00:00",-3.79449109543888,-0.268437822822209
"2022-04-01 02:00:00",-4.14905473664729,-0.390241681481082
"2022-04-01 03:00:00",-4.43680242991451,-0.200399483965511
"2022-04-01 04:00:00",-4.73339833220066,-0.340914472420796
"2022-04-01 05:00:00",-5.27549539068293,-0.644356974207435
"2022-04-01 06:00:00",-6.01857512904753,-0.76678514957188
"2022-04-01 07:00:00",-6.74159363243123,-0.651728348404946
"2022-04-01 08:00:00",-7.44944253179031,-0.702938254390046
"2022-04-01 09:00:00",-7.61096362591063,0.216692273462607
"2022-04-01 10:00:00",-6.92654980668442,0.973507459988409
"2022-04-01 11:00:00",-6.11096951619796,0.680466961979482
"2022-04-01 12:00:00",-5.65590329592845,0.291051714638967
"2022-04-01 13:00:00",-5.81667453345338,-0.447053527060062
"2022-04-01 14:00:00",-5.89298228320992,0.181973358843005
"2022-04-01 15:00:00",-5.81331347359108,0.015274790836543
"2022-04-01 16:00:00",-5.79315736471288,0.0299434709742004
"2022-04-01 17:00:00",-5.79169506875821,-0.0101292829744582
"2022-04-01 18:00:00",-6.29949133045078,-0.807975331990107
"2022-04-01 19:00:00",-6.92512842800696,-0.466232960364924
"2022-04-01 20:00:00",-7.26240310241751,-0.226353171512478
"2022-04-01 21:00:00",-7.52068006692703,-0.257927676912094
"2022-04-01 22:00:00",-7.59942448446965,0.0541420683668482
"2022-04-01 23:00:00",-7.70576810871278,-0.198486310751377
"2022-04-02 00:00:00",-8.01914520492531,-0.365148560528563
"2022-04-02 01:00:00",-8.05702568857115,0.19242803662409
"2022-04-02 02:00:00",-7.54499446979363,0.711147257630806
"2022-04-02 03:00:00",-6.84769315963729,0.664657971573707
"2022-04-02 04:00:00",-6.44778936126968,0.213224737106753
"2022-04-02 05:00:00",-6.38604442057399,-0.0338653691130127
"2022-04-02 06:00:00",-6.19914979436022,0.333413384204974
"2022-04-02 07:00:00",-5.98058465552542,0.13960305920345
"2022-04-02 08:00:00",-6.16570831874172,-0.385100971151675
"2022-04-02 09:00:00",-6.53822275075093,-0.338476796540566
"2022-04-02 10:00:00",-7.16609756703703,-0.78254223382329
"2022-04-02 11:00:00",-8.09599778443042,-0.974714749099082
"2022-04-02 12:00:00",-8.50287871162122,0.00143574018277559
"2022-04-02 13:00:00",-8.57749265590273,-0.110810497403189
"2022-04-02 14:00:00",-8.6899742996742,-0.0971977473996604
"2022-04-02 15:00:00",-8.98778355546485,-0.406198432302299
"2022-04-02 16:00:00",-9.44770304906139,-0.46229623134921
"2022-04-02 17:00:00",-9.45784486152272,0.303945570820712
"2022-04-02 18:00:00",-9.23681751827055,0.16743372009598
"2022-04-02 19:00:00",-8.96773679645151,0.335960223607638
"2022-04-02 20:00:00",-8.630557928956,0.333524546558434
"2022-04-02 21:00:00",-8.83775509306447,-0.546705033234883
"2022-04-02 22:00:00",-9.79250252845254,-1.17001382619087
"2022-04-02 23:00:00",-10.7766933970765,-0.800924298203468
"2022-04-03 00:00:00",-10.8889812261727,0.366018032559609
"2022-04-03 01:00:00",-11.0256502243488,-0.451262101485109
"2022-04-03 02:00:00",-11.0671940799931,0.247778764783916
"2022-04-03 03:00:00",-10.4016528396713,0.926679893822408
"2022-04-03 04:00:00",-9.47395891121209,0.897690045499117
"2022-04-03 05:00:00",-9.27771837787517,-0.268501688703895
"2022-04-03 06:00:00",-9.25207014107848,0.232481310790108
"2022-04-03 07:00:00",-9.09469103908362,0.111755433010763
"2022-04-03 08:00:00",-8.33404072398316,1.1688133530083
"2022-04-03 09:00:00",-7.26548579750807,0.961679271050073
"2022-04-03 10:00:00",-7.04276132440245,-0.271125178605968
"2022-04-03 11:00:00",-7.54843446815948,-0.628931275310611
"2022-04-03 12:00:00",-7.48106432728099,0.538088729185694
"2022-04-03 13:00:00",-6.85420873887059,0.665884786125219
"2022-04-03 14:00:00",-6.54701952878663,0.0622977395793556
"2022-04-03 15:00:00",-6.53352480866663,-0.0112448755612353
"2022-04-03 16:00:00",-6.79570941941788,-0.408597022742841
"2022-04-03 17:00:00",-6.94236784943895,0.0436903813721928
"2022-04-03 18:00:00",-7.44588236973817,-0.835439027757402
"2022-04-03 19:00:00",-7.90456286579514,-0.17612145505787
"2022-04-03 20:00:00",-7.74978387992118,0.378206336766825
"2022-04-03 21:00:00",-6.5940287325296,1.62917785141511
"2022-04-03 22:00:00",-6.25530333195364,-0.529160661863665
"2022-04-03 23:00:00",-6.51416236753168,-0.0582996270316561
"2022-04-04 00:00:00",-6.3835930339743,0.258669395182031
"2022-04-04 01:00:00",-6.10120591032935,0.293005690824893
"2022-04-04 02:00:00",-5.86513354431056,0.194761438275096
"2022-04-04 03:00:00",-5.75696990082994,0.0528506752931123
"2022-04-04 04:00:00",-5.73463374399992,0.00835049506807604
"2022-04-04 05:00:00",-6.05537013813176,-0.517493132234037
"2022-04-04 06:00:00",-5.96210115085792,0.503807689399391
"2022-04-04 07:00:00",-5.47684729860257,0.457508623096649
"2022-04-04 08:00:00",-5.28320576551236,0.0155888348868394
"2022-04-04 09:00:00",-5.36143209008969,-0.130243525971299
"2022-04-04 10:00:00",-5.28395121457466,0.219188344687548
"2022-04-04 11:00:00",-5.27518086253864,-0.125113822520712
"2022-04-04 12:00:00",-5.2212503779043,0.177526170728179
"2022-04-04 13:00:00",-6.81156981549083,-2.68656420849738
"2022-04-04 14:00:00",-9.35349915726872,-2.31593952018626
"2022-04-04 15:00:00",-11.0349991339298,-1.16659075701896
"2022-04-04 16:00:00",-11.1102649875956,0.670068015577148
"2022-04-04 17:00:00",-9.98193407137068,1.39453342959719
"2022-04-04 18:00:00",-8.67011661370743,1.20720036327746
"2022-04-04 19:00:00",-7.09853688084636,1.75098702049581
"2022-04-04 20:00:00",-5.20458681116448,1.90840501121142
"2022-04-04 21:00:00",-3.44391200197756,1.58523014596775
"2022-04-04 22:00:00",-2.08781681354039,1.14333817157174
"2022-04-04 23:00:00",-1.27170599410847,0.561872230456202
"2022-04-05 00:00:00",-0.491867120810003,0.889728784060871
"2022-04-05 01:00:00",-0.0879469422458126,0.061493042284002
"2022-04-05 02:00:00",0.138097188696701,0.325114857869591
"2022-04-05 03:00:00",0.315044361683013,0.0695840194200479
"2022-04-05 04:00:00",0.0117989022888265,-0.537790177618047
"2022-04-05 05:00:00",-0.686738289955987,-0.772521222099758
"2022-04-05 06:00:00",-1.4960302119525,-0.79446334747078
"2022-04-05 07:00:00",-2.30244266164856,-0.774130403843242
"2022-04-05 08:00:00",-3.06482653209041,-0.715358071520121
"2022-04-05 09:00:00",-3.27769117923634,0.136189817531045
"2022-04-05 10:00:00",-3.29979340549874,-0.122354568765554
"2022-04-05 11:00:00",-3.49322021333828,-0.227363882316966
"2022-04-05 12:00:00",-4.7910021212742,-1.94521074709374
"2022-04-05 13:00:00",-5.10830898050991,0.789195929471533
"2022-04-05 14:00:00",-5.07863159136545,-0.471487447638554
"2022-04-05 15:00:00",-5.27091328305228,0.0095337362511654
"2022-04-05 16:00:00",-5.19015261886476,0.131198860887853
"2022-04-05 17:00:00",-4.79408300325732,0.560514167224825
"2022-04-05 18:00:00",-4.32608120231869,0.390266422753074
"2022-04-05 19:00:00",-3.62195230912672,0.885481818782446
"2022-04-05 20:00:00",-2.72062898906267,0.873721069477595
"2022-04-05 21:00:00",-1.43842960417226,1.49709015686753
"2022-04-05 22:00:00",-0.122316911456987,1.13477581513643
"2022-04-05 23:00:00",0.92659788114871,0.941988939183665
"2022-04-06 00:00:00",1.93396479307438,1.00188805189254
"2022-04-06 01:00:00",2.56556125399526,0.352234418325166
"2022-04-06 02:00:00",3.37543997724928,1.07317887981033
"2022-04-06 03:00:00",4.16290198172324,0.555218043081433
"2022-04-06 04:00:00",4.30197212719042,-0.150329916085496
"2022-04-06 05:00:00",3.9259865487492,-0.514097052266186
"2022-04-06 06:00:00",3.03829561935816,-1.09962580918245
"2022-04-06 07:00:00",2.00474698140298,-0.944299502961986
"2022-04-06 08:00:00",1.55238487753672,-0.105496735529491
"2022-04-06 09:00:00",1.40952588542671,-0.162978570872002
"2022-04-06 10:00:00",0.905650140889435,-0.709009141256144
"2022-04-06 11:00:00",0.254700686647939,-0.582477967945578
"2022-04-06 12:00:00",-0.584531647980279,-0.970847442955138
"2022-04-06 13:00:00",-0.81452204088423,0.27558817558091
"2022-04-06 14:00:00",-0.842960310992087,-0.228718181888142
"2022-04-06 15:00:00",-0.681403171773846,0.415145430389244
"2022-04-06 16:00:00",-0.129700737448399,0.617400405557949
"2022-04-06 17:00:00",0.447327277448338,0.522860674363494
"2022-04-06 18:00:00",1.03751190032709,0.606444878328038
"2022-04-06 19:00:00",1.59185887643903,0.491936483324519
"2022-04-06 20:00:00",2.07118914496194,0.446097538757682
"2022-04-06 21:00:00",3.01269220520529,1.2243592773236
"2022-04-06 22:00:00",3.52977379882543,0.0171175843570818
"2022-04-06 23:00:00",3.45595821196165,-0.135477457777036
"2022-04-07 00:00:00",3.82799003982611,0.688233584129494
"2022-04-07 01:00:00",3.97324606537354,-0.228558096464979
"2022-04-07 02:00:00",3.92890217351351,0.0754507867733746
"2022-04-07 03:00:00",3.95143717474591,-0.0188752075887227
"2022-04-07 04:00:00",3.93415199775387,-0.020495598761909
"2022-04-07 05:00:00",3.91690868826203,-0.0193252934653036
"2022-04-07 06:00:00",3.601426288257,-0.502972922892816
"2022-04-07 07:00:00",3.52492357053818,0.206800522276811
"2022-04-07 08:00:00",3.8091150179288,0.31773772891188
"2022-04-07 09:00:00",4.20942174615282,0.431421069463088
"2022-04-07 10:00:00",4.37122312879358,-0.0310549758968418
"2022-04-07 11:00:00",3.72845771096299,-1.0256544225284
"2022-04-07 12:00:00",1.06714890029595,-3.63006742000366
"2022-04-07 13:00:00",-0.294125757589625,0.214540046061482
"2022-04-07 14:00:00",-0.422666996552459,-0.35077102165964
"2022-04-07 15:00:00",-2.4946677321752,-3.12046301714417
"2022-04-07 16:00:00",-4.14790991104359,-0.593335870542422
"2022-04-07 17:00:00",-3.60848694457665,1.27429470021336
"2022-04-07 18:00:00",-2.5382228254825,0.888037649400108
"2022-04-07 19:00:00",-1.3033014512465,1.41076135311058
"2022-04-07 20:00:00",-0.0916482574231194,1.02301911324746
"2022-04-07 21:00:00",0.508477040904749,0.289801385027157
"2022-04-07 22:00:00",0.560202089430938,-0.110102987523738
"2022-04-07 23:00:00",-0.0764778921986451,-0.958192625097647
"2022-04-08 00:00:00",-0.314778959721507,0.253040984392281
"2022-04-08 01:00:00",0.0153266527298425,0.366200378635846
"2022-04-08 02:00:00",0.437354969466991,0.439172048552364
"2022-04-08 03:00:00",0.508272226868623,-0.178515301339459
"2022-04-08 04:00:00",0.207011959277275,-0.369428124417827
"2022-04-08 05:00:00",-0.493485854951814,-0.888186757256076
"2022-04-08 06:00:00",-1.45495216748375,-0.963994358360177
"2022-04-08 07:00:00",-2.9083933320428,-1.70879208258379
"2022-04-08 08:00:00",-4.92756229355477,-2.12638602754774
"2022-04-08 09:00:00",-5.59023417237103,0.350960429401286
"2022-04-08 10:00:00",-5.00522778135081,0.720438817299793
"2022-04-08 11:00:00",-4.43967138280407,0.441878036986817
"2022-04-08 12:00:00",-4.70007459981226,-0.710487667721003
"2022-04-08 13:00:00",-4.97096507054858,0.04109840812972
"2022-04-08 14:00:00",-5.35798381881997,-0.647628913343641
"2022-04-08 15:00:00",-5.31354083998322,0.510608810985252
"2022-04-08 16:00:00",-4.6842011284987,0.685433493650853
"2022-04-08 17:00:00",-4.40386961889535,0.00298295523163067
"2022-04-08 18:00:00",-4.53220777610267,-0.204110731078342
"2022-04-08 19:00:00",-5.00602914367315,-0.62526954791311
"2022-04-08 20:00:00",-5.27555836562632,-0.0131144123751875
"2022-04-08 21:00:00",-5.05754186055332,0.368539235051802
"2022-04-08 22:00:00",-4.7983581923923,0.180482074840926
"2022-04-08 23:00:00",-4.75495955653154,-0.0438679098369464
"2022-04-09 00:00:00",-4.70134215409905,0.122185867287448
"2022-04-09 01:00:00",-4.40136047796519,0.410313403568622
"2022-04-09 02:00:00",-4.05576285934628,0.291703488820102
"2022-04-09 03:00:00",-3.82550309402208,0.183582418006334
"2022-04-09 04:00:00",-4.11657908341656,-0.58874830599545
"2022-04-09 05:00:00",-4.80144683834059,-0.711097222539446
"2022-04-09 06:00:00",-4.88395962525165,0.346644495190075
"2022-04-09 07:00:00",-4.45704224127091,0.466438347644363
"2022-04-09 08:00:00",-4.16009077236498,0.17559450943959
"2022-04-09 09:00:00",-4.07426208642176,0.0272679664684239
"2022-04-09 10:00:00",-3.81761591327246,0.402616806889354
"2022-04-09 11:00:00",-3.60957829830904,0.0733538967918413
"2022-04-09 12:00:00",-5.58893984743917,-3.24910609615221
"2022-04-09 13:00:00",-6.83156095688391,0.161263368012589
"2022-04-09 14:00:00",-6.12732335268157,1.04155250847327
"2022-04-09 15:00:00",-5.34084474093884,0.586954906948904
"2022-04-09 16:00:00",-5.67556556474387,-0.926373012685313
"2022-04-09 17:00:00",-6.03298581320857,0.0461730697524581
"2022-04-09 18:00:00",-6.20172793898901,-0.296223903321723
"2022-04-09 19:00:00",-6.04783274282577,0.454648040179373
"2022-04-09 20:00:00",-5.80420242993438,0.0991702620372003
"2022-04-09 21:00:00",-5.62544277311031,0.23080308208325
"2022-04-09 22:00:00",-5.46550067184469,0.112350821468564
"2022-04-09 23:00:00",-5.45382127633256,-0.0489459305227114
"2022-04-10 00:00:00",-5.43336019746159,0.0727871090395381
"2022-04-10 01:00:00",-5.28823299892817,0.193458162436731
"2022-04-10 02:00:00",-5.11493452839997,0.158438265288299
"2022-04-10 03:00:00",-5.08407571571231,-0.0490680260089995
"2022-04-10 04:00:00",-5.32761219457207,-0.355055906959341
"2022-04-10 05:00:00",-5.80227876761811,-0.524984680326805
"2022-04-10 06:00:00",-5.63422048089904,0.629569887725903
"2022-04-10 07:00:00",-5.47581715271034,-0.155969392112288
"2022-04-10 08:00:00",-5.66458074239526,-0.194599979760479
"2022-04-10 09:00:00",-5.83463788231765,-0.138315163314584
"2022-04-10 10:00:00",-5.92862698023569,-0.0524540968712928
"2022-04-10 11:00:00",-7.18285039805748,-1.98814992329239
"2022-04-10 12:00:00",-8.12509751161313,-0.190959597875405
"2022-04-10 13:00:00",-7.37219556585435,1.35682488289161
"2022-04-10 14:00:00",-6.54006756608756,0.452293584336773
"2022-04-10 15:00:00",-7.68714873513476,-2.15037691147866
"2022-04-10 16:00:00",-7.75794413544169,1.32883860774986
"2022-04-10 17:00:00",-6.88502062358179,0.53750134324957
"2022-04-10 18:00:00",-7.06990862515482,-0.648814987592165
"2022-04-10 19:00:00",-7.6868337087657,-0.557239370224132
"2022-04-10 20:00:00",-7.87704839206611,0.0734084035682361
"2022-04-10 21:00:00",-7.30656183301707,0.884907567847737
"2022-04-10 22:00:00",-6.24918366165566,1.13152590205534
"2022-04-10 23:00:00",-5.72512309865342,0.102240168380373
"2022-04-11 00:00:00",-5.75959791429423,-0.116601007268133
"2022-04-11 01:00:00",-5.63895914301162,0.280485065034872
"2022-04-11 02:00:00",-5.48568092127432,0.0684577492483624
"2022-04-11 03:00:00",-5.59891555971378,-0.221911186779458
"2022-04-11 04:00:00",-6.06509808792749,-0.599659903039922
"2022-04-11 05:00:00",-6.66885645896356,-0.569984968118457
"2022-04-11 06:00:00",-6.39917359534715,0.825230255093131
"2022-04-11 07:00:00",-5.484758949011,0.938663452735752
"2022-04-11 08:00:00",-4.46500019104771,1.03243073634005
"2022-04-11 09:00:00",-3.55644858924034,0.788546700361287
"2022-04-11 10:00:00",-2.85193825854554,0.619591977734677
"2022-04-11 11:00:00",-2.59897421119247,0.000203866607742687
"2022-04-11 12:00:00",-2.84411876429762,-0.393709261838805
"2022-04-11 13:00:00",-2.99304284555167,0.0250049752021516
"2022-04-11 14:00:00",-2.99553298680301,-0.0168447570244007
"2022-04-11 15:00:00",-2.94354541644154,0.0992646274699101
"2022-04-11 16:00:00",-2.72199531043537,0.296337500943727
"2022-04-11 17:00:00",-2.1278507103035,0.767953490704754
"2022-04-11 18:00:00",-1.62281385300632,0.308504978034074
"2022-04-11 19:00:00",-4.18850359749234,-4.35777607858808
"2022-04-11 20:00:00",-6.4065147044353,-0.680729499061584
"2022-04-11 21:00:00",-6.54184731551074,0.242945491312924
"2022-04-11 22:00:00",-6.20275776822089,0.395500979360031
"2022-04-11 23:00:00",-6.04441738660353,0.000704603610315602
"2022-04-12 00:00:00",-5.8931545310513,0.25223422244341
"2022-04-12 01:00:00",-5.91813220780141,-0.2010016679494
"2022-04-12 02:00:00",-6.33641744978391,-0.535635783195723
"2022-04-12 03:00:00",-6.81784699490589,-0.414250361691744
"2022-04-12 04:00:00",-7.51668920874851,-0.84657292613264
"2022-04-12 05:00:00",-7.88375628956073,-0.0202731582872581
"2022-04-12 06:00:00",-6.94786553426263,1.53900863184795
"2022-04-12 07:00:00",-5.0847696706381,1.99957023589103
"2022-04-12 08:00:00",-2.7396534023154,2.47059018875014
"2022-04-12 09:00:00",-0.513090167996979,1.96160680080677
"2022-04-12 10:00:00",0.813012554819026,0.84008611865148
"2022-04-12 11:00:00",1.27924996939122,0.193806213109461
"2022-04-12 12:00:00",1.60047868180721,0.389262590895627
"2022-04-12 13:00:00",1.84386365231165,0.132507000921994
"2022-04-12 14:00:00",2.09446657149133,0.315047715668918
"2022-04-12 15:00:00",2.47858933606133,0.409219831068244
"2022-04-12 16:00:00",2.65623125368506,0.0116239235388628
"2022-04-12 17:00:00",2.17764901079015,-0.786061714926858
"2022-04-12 18:00:00",1.0439952284013,-1.31431351872042
"2022-04-12 19:00:00",0.611329676686624,0.174304521482593
"2022-04-12 20:00:00",0.869938128257743,0.301733457067151
"2022-04-12 21:00:00",1.13376246776184,0.224894260313328
"2022-04-12 22:00:00",1.13622084908354,-0.147407479100183
"2022-04-12 23:00:00",0.661119099593534,-0.672448501605745
"2022-04-13 00:00:00",0.514473489418302,0.210000313029038
"2022-04-13 01:00:00",0.474472205539834,-0.205428309732303
"2022-04-13 02:00:00",0.126503286282411,-0.427070528766424
"2022-04-13 03:00:00",-0.0632143327448751,-0.0226327739619118
"2022-04-13 04:00:00",-0.43232620566522,-0.582472616162904
"2022-04-13 05:00:00",-0.837698856112667,-0.267487861735518
"2022-04-13 06:00:00",-0.599204995378677,0.565555684943949
"2022-04-13 07:00:00",0.302735091581634,1.08410508246064
"2022-04-13 08:00:00",1.51735674167412,1.24352308057299
"2022-04-13 09:00:00",2.82782544285629,1.29087047055621
"2022-04-13 10:00:00",4.22007037804696,1.39002426077026
"2022-04-13 11:00:00",5.66519603484334,1.40774989297079
"2022-04-13 12:00:00",7.09702714806171,1.37254514745108
"2022-04-13 13:00:00",8.20057697904152,0.862637475612139
"2022-04-13 14:00:00",8.74945329795859,0.303056273998437
"2022-04-13 15:00:00",8.99381957337665,0.182353635574991
"2022-04-13 16:00:00",8.99284084732535,-0.134741121971815
"2022-04-13 17:00:00",7.71139925280966,-1.99659050343341
"2022-04-13 18:00:00",5.24490810152401,-2.67248375375882
"2022-04-13 19:00:00",3.97391383785216,-0.283045472072084
"2022-04-13 20:00:00",3.31025586733448,-0.890979513165368
"2022-04-13 21:00:00",3.04963570526219,0.167731220185861
"2022-04-13 22:00:00",2.96068014022319,-0.259779830759346
"2022-04-13 23:00:00",2.36587651421488,-0.793699479468809
"2022-04-14 00:00:00",2.52938187882615,0.79081280817741
"2022-04-14 01:00:00",2.41727399601535,-0.711976886914872
"2022-04-14 02:00:00",1.95335315515571,-0.279622608558318
"2022-04-14 03:00:00",1.4721706057863,-0.595205167851676
"2022-04-14 04:00:00",1.71598629224859,0.789670466546578
"2022-04-14 05:00:00",2.35904987694611,0.512558135580734
"2022-04-14 06:00:00",3.08041484961505,0.823248515488222
"2022-04-14 07:00:00",4.03692172337579,0.995922275977424
"2022-04-14 08:00:00",4.20067208767087,-0.404004800403329
"2022-04-14 09:00:00",4.58431250088953,0.885085029090326
"2022-04-14 10:00:00",4.97300889071848,0.0333982986723645
"2022-04-14 11:00:00",5.00649550455794,0.0255460296474278
"2022-04-14 12:00:00",3.71083199938651,-2.12133721828456
"2022-04-14 13:00:00",1.22740116339371,-2.61159322393298
"2022-04-14 14:00:00",-0.502021542796487,-1.06071954134659
"2022-04-14 15:00:00",-1.18019976331811,-0.390281490019576
"2022-04-14 16:00:00",-0.971835334378556,0.599074415894169
"2022-04-14 17:00:00",-0.418890338284711,0.497169281586496
"2022-04-14 18:00:00",-0.633934975812407,-0.679087324503005
"2022-04-14 19:00:00",0.131798461484423,1.69336071526101
"2022-04-14 20:00:00",1.73045668720091,1.45938725407886
"2022-04-14 21:00:00",2.75035809602709,0.676220881569158
"2022-04-14 22:00:00",3.01909677517466,-0.0192259174419333
"2022-04-14 23:00:00",3.0146008735518,0.00164719025592147
"2022-04-15 00:00:00",2.81163888227923,-0.333605783804055
"2022-04-15 01:00:00",2.47431386292275,-0.327398065321484
"2022-04-15 02:00:00",2.13939286440037,-0.327209362011565
"2022-04-15 03:00:00",1.6356803345292,-0.600200035300088
"2022-04-15 04:00:00",1.27386221805993,-0.18781389090025
"2022-04-15 05:00:00",0.887241091792177,-0.502426547801722
"2022-04-15 06:00:00",0.390261596578592,-0.470875337067237
"2022-04-15 07:00:00",-0.512620227977233,-1.14847980471298
"2022-04-15 08:00:00",-1.1635254807819,-0.28760333489537
"2022-04-15 09:00:00",-2.32912632270674,-1.69403469841498
"2022-04-15 10:00:00",-3.60105955294173,-0.927094258466499
"2022-04-15 11:00:00",-4.68443201799333,-1.1314347014419
"2022-04-15 12:00:00",-5.62754086430669,-0.766708134453248
"2022-04-15 13:00:00",-5.56855676094596,0.613885024693688
"2022-04-15 14:00:00",-5.12168730936087,0.321468287941691
"2022-04-15 15:00:00",-5.47986121237827,-0.787641057353789
"2022-04-15 16:00:00",-6.17383669114637,-0.591494221668184
"2022-04-15 17:00:00",-6.55028644689813,-0.207244973290403
"2022-04-15 18:00:00",-6.51428333524475,0.2048955852116
"2022-04-15 19:00:00",-6.0028597430625,0.699863897929032
"2022-04-15 20:00:00",-5.36490899921185,0.574096255422334
"2022-04-15 21:00:00",-4.78612400406834,0.561320476202347
"2022-04-15 22:00:00",-4.40773689810883,0.244620254612291
"2022-04-15 23:00:00",-4.51415807231123,-0.329707979537069
"2022-04-16 00:00:00",-5.71739752460819,-1.72258982981162
"2022-04-16 01:00:00",-6.61605118691938,-0.299301314734666
"2022-04-16 02:00:00",-6.43647238752282,0.49881875575328
"2022-04-16 03:00:00",-5.56087732763514,1.09346131087562
"2022-04-16 04:00:00",-5.04682520597428,0.110524156791023
"2022-04-16 05:00:00",-5.5264427518954,-0.843744260215353
"2022-04-16 06:00:00",-5.47113656863856,0.659156245829167
"2022-04-16 07:00:00",-4.78491801002788,0.678701213314605
"2022-04-16 08:00:00",-4.22932150164192,0.453292328492602
"2022-04-16 09:00:00",-4.09383689654052,-0.0773718837279994
"2022-04-16 10:00:00",-4.02331316845959,0.171043193480162
"2022-04-16 11:00:00",-3.85492335085245,0.163803578209421
"2022-04-16 12:00:00",-3.68147370272025,0.176605474325743
"2022-04-16 13:00:00",-3.45123214447466,0.259801342985081
"2022-04-16 14:00:00",-3.21686591813492,0.210720078939961
"2022-04-16 15:00:00",-3.19852364804127,-0.106633807145919
"2022-04-16 16:00:00",-3.68514623067786,-0.712698553129888
"2022-04-16 17:00:00",-4.45286202486937,-0.763163310187453
"2022-04-16 18:00:00",-5.55707820064356,-1.27337132639642
"2022-04-16 19:00:00",-6.47959540211654,-0.637620155683445
"2022-04-16 20:00:00",-6.97237034421049,-0.364447172356443
"2022-04-16 21:00:00",-7.35996853738208,-0.375628962973992
"2022-04-16 22:00:00",-7.74876136767854,-0.369609384628806
"2022-04-16 23:00:00",-8.06118545421483,-0.249469987214629
"2022-04-17 00:00:00",-8.48832994086604,-0.514906909973574
"2022-04-17 01:00:00",-8.31276797805946,0.638462193973683
"2022-04-17 02:00:00",-7.59453089828403,0.748001069884773
"2022-04-17 03:00:00",-7.7617700534956,-0.759655610606143
"2022-04-17 04:00:00",-8.61224382012939,-0.860602430299712
"2022-04-17 05:00:00",-8.38372684831219,0.954823015209922
"2022-04-17 06:00:00",-6.90404703703368,1.77006822534309
"2022-04-17 07:00:00",-5.03708228026954,1.85174091174435
"2022-04-17 08:00:00",-3.43385599387515,1.36785915081946
"2022-04-17 09:00:00",-2.57645366938086,0.480785172833033
"2022-04-17 10:00:00",-2.05911925261545,0.520436775368824
"2022-04-17 11:00:00",-1.44670217678159,0.647287945497603
"2022-04-17 12:00:00",-0.829366942891879,0.569895937774719
"2022-04-17 13:00:00",-0.502480262427051,0.150418522202821
"2022-04-17 14:00:00",-0.524699430163271,-0.135605680332474
"2022-04-17 15:00:00",-0.447686691748659,0.215772483510774
"2022-04-17 16:00:00",-0.472296132863325,-0.183115035615789
"2022-04-17 17:00:00",-0.771246396555985,-0.361357920080668
"2022-04-17 18:00:00",-1.90159483309151,-1.58829285564267
"2022-04-17 19:00:00",-3.0406402111211,-0.782975033209743
"2022-04-17 20:00:00",-3.66550733189287,-0.485852188583178
"2022-04-17 21:00:00",-4.14136133935625,-0.441853032735528
"2022-04-17 22:00:00",-4.69245194971022,-0.592390418822791
"2022-04-17 23:00:00",-5.64673378246853,-1.14414516309406
"2022-04-18 00:00:00",-6.21733924653004,-0.153860969106598
"2022-04-18 01:00:00",-7.05833893718912,-1.25110902414346
"2022-04-18 02:00:00",-7.68261304538828,-0.167630781734807
"2022-04-18 03:00:00",-7.70608239930958,0.0836516697431573
"2022-04-18 04:00:00",-7.66947047262631,0.0134428772957864
"2022-04-18 05:00:00",-7.1427889210334,0.853690159209772
"2022-04-18 06:00:00",-5.75527449287598,1.68666162893287
"2022-04-18 07:00:00",-4.10533257951841,1.55447455940046
"2022-04-18 08:00:00",-2.79064342139896,1.09765185711258
"2022-04-18 09:00:00",-1.93781325877279,0.652688529465005
"2022-04-18 10:00:00",-1.36758956763007,0.490648456384308
"2022-04-18 11:00:00",-0.935344043497819,0.374533134865385
"2022-04-18 12:00:00",-0.420217801726395,0.585580207077846
"2022-04-18 13:00:00",-0.0530646201486727,0.204632234672081
"2022-04-18 14:00:00",0.0494913173260454,0.0297012100532019
"2022-04-18 15:00:00",0.00649517817509876,-0.0894808444595299
"2022-04-18 16:00:00",-0.104764422745575,-0.120499911306252
"2022-04-18 17:00:00",-0.436816065248845,-0.457169865418824
"2022-04-18 18:00:00",-1.8103018979846,-1.91852277087811
"2022-04-18 19:00:00",-2.77441860127297,-0.279709797971545
"2022-04-18 20:00:00",-3.04115446471424,-0.241836499503048
"2022-04-18 21:00:00",-3.59036557319391,-0.724107071979766
"2022-04-18 22:00:00",-4.07912672221096,-0.30401437514736
"2022-04-18 23:00:00",-4.51915359513404,-0.504534198985074
"2022-04-19 00:00:00",-4.53264170123977,0.320334727739
"2022-04-19 01:00:00",-3.86370348094496,0.875389846756557
"2022-04-19 02:00:00",-3.38592479107742,0.194984083028823
"2022-04-19 03:00:00",-3.65899686543731,-0.567764938541733
"2022-04-19 04:00:00",-4.44980669439547,-0.897210165850751
"2022-04-19 05:00:00",-5.08466577546621,-0.424059218522989
"2022-04-19 06:00:00",-4.94524673065123,0.514991842733073
"2022-04-19 07:00:00",-4.25730724523086,0.776917945383246
"2022-04-19 08:00:00",-3.37175311876426,0.921382007166521
"2022-04-19 09:00:00",-2.5436917393314,0.730844561560792
"2022-04-19 10:00:00",-1.93459250266698,0.502270845126494
"2022-04-19 11:00:00",-1.16158214761851,0.919260261724547
"2022-04-19 12:00:00",-2.04220255687016,-2.03717723991841
"2022-04-19 13:00:00",-3.12288516363521,-0.389045384963337
"2022-04-19 14:00:00",-3.55492745816327,-0.436151907812981
"2022-04-19 15:00:00",-3.73497304492818,0.00382558796356849
"2022-04-19 16:00:00",-3.73503574260543,0.00216100509103843
"2022-04-19 17:00:00",-3.43749034655318,0.485138778144788
"2022-04-19 18:00:00",-3.53451706559395,-0.476090304975702
"2022-04-19 19:00:00",-3.67098305645381,0.100985729236291
"2022-04-19 20:00:00",-3.74157888236965,-0.176896513951016
"2022-04-19 21:00:00",-4.12052401350425,-0.490813320122513
"2022-04-19 22:00:00",-4.38952863448817,-0.103042039485354
"2022-04-19 23:00:00",-4.65983670325573,-0.363315676091644
"2022-04-20 00:00:00",-4.69994206748148,0.183274959694947
"2022-04-20 01:00:00",-4.12953407026925,0.807443228007539
"2022-04-20 02:00:00",-3.01507745315318,1.27149178622532
"2022-04-20 03:00:00",-2.08045991914446,0.6695112881897
"2022-04-20 04:00:00",-1.51934609477165,0.46486717385106
"2022-04-20 05:00:00",-1.44403232420249,-0.186005145819982
"2022-04-20 06:00:00",-1.79342564461073,-0.439853208386035
"2022-04-20 07:00:00",-1.85786162582431,0.191210894819341
"2022-04-20 08:00:00",-1.60481009493115,0.284647110751022
"2022-04-20 09:00:00",-2.39960846900787,-1.47458026888812
"2022-04-20 10:00:00",-3.99572424638361,-1.598199558719
"2022-04-20 11:00:00",-4.13983142613224,0.837268100131822
"2022-04-20 12:00:00",-4.42768628008177,-1.01891089275827
"2022-04-20 13:00:00",-4.06612058021276,1.27039199295549
"2022-04-20 14:00:00",-2.33544460691076,1.96052574659022
"2022-04-20 15:00:00",-1.48509486111085,0.0728462980313985
"2022-04-20 16:00:00",-1.88449027627367,-0.693325199910188
"2022-04-20 17:00:00",-2.53300531385874,-0.58539673749775
"2022-04-20 18:00:00",-2.92692818543,-0.24429280494245
"2022-04-20 19:00:00",-2.77402537211604,0.414201197837303
"2022-04-20 20:00:00",-2.81514069273504,-0.339126162572263
"2022-04-20 21:00:00",-3.53748580692902,-0.939867141447819
"2022-04-20 22:00:00",-4.29499914238386,-0.595391251634926
"2022-04-20 23:00:00",-3.97469134647793,0.92107720099397
"2022-04-21 00:00:00",-2.40083730359035,1.9393644824736
"2022-04-21 01:00:00",-1.11409658661682,0.793614180761885
"2022-04-21 02:00:00",-0.769968332235476,0.0295589040104857
"2022-04-21 03:00:00",-0.78863279465587,-0.048933728624758
"2022-04-21 04:00:00",-0.688948230480117,0.195041032949865
"2022-04-21 05:00:00",-0.821068739653547,-0.343058458269397
"2022-04-21 06:00:00",-1.35740807014322,-0.638646540483919
"2022-04-21 07:00:00",-1.62992395665321,-0.0137339815785052
"2022-04-21 08:00:00",-1.25214503051753,0.622931618687042
"2022-04-21 09:00:00",-0.278305067359915,1.16311216300855
"2022-04-21 10:00:00",-0.65366947696781,-1.38280241567595
"2022-04-21 11:00:00",-1.85561956420413,-1.02342569591867
"2022-04-21 12:00:00",-3.20657665823275,-1.50271991092553
"2022-04-21 13:00:00",-3.98897430957099,-0.260879918023263
"2022-04-21 14:00:00",-3.86167848995664,0.38516642797211
"2022-04-21 15:00:00",-3.60264073820219,0.167620224163267
"2022-04-21 16:00:00",-3.08834532320432,0.725611660233589
"2022-04-21 17:00:00",-2.39088006988194,0.649537827168732
"2022-04-21 18:00:00",-2.19528922141171,-0.113248826794449
"2022-04-21 19:00:00",-1.87022225188064,0.604654425701714
"2022-04-21 20:00:00",-1.57617620412723,0.0754143785292115
"2022-04-21 21:00:00",-0.550675346798865,1.61218104451091
"2022-04-21 22:00:00",-0.0601976199849037,-0.279909427808763
"2022-04-21 23:00:00",-1.18014088699679,-1.62665980169637
"2022-04-22 00:00:00",-2.21258537091091,-0.58572581500778
"2022-04-22 01:00:00",-2.41968148640296,0.0580116178360518
"2022-04-22 02:00:00",-3.0752747198891,-1.09705039604525
"2022-04-22 03:00:00",-3.6240916324942,-0.153291891667558
"2022-04-22 04:00:00",-3.71346363791629,-0.0378425795782708
"2022-04-22 05:00:00",-2.66738883127764,1.72375052844658
"2022-04-22 06:00:00",-1.31057734969033,1.05115196321684
"2022-04-22 07:00:00",0.0551781999841846,1.51227670567321
"2022-04-22 08:00:00",0.156142104436727,-0.844764228014969
"2022-04-22 09:00:00",-0.908827440974206,-1.16136514359937
"2022-04-22 10:00:00",-2.11393925390115,-1.17583851613359
"2022-04-22 11:00:00",-2.57729523357187,0.0363667369719101
"2022-04-22 12:00:00",-2.86331698236238,-0.484031110409913
"2022-04-22 13:00:00",-3.40382872652159,-0.548790434792895
"2022-04-22 14:00:00",-4.0237650601673,-0.633520995829811
"2022-04-22 15:00:00",-3.8098472213279,0.773887276203059
"2022-04-22 16:00:00",-2.72597117364155,1.24393599342336
"2022-04-22 17:00:00",-1.49985096050542,1.15949145729468
"2022-04-22 18:00:00",-1.17747910331757,-0.249084640888991
"2022-04-22 19:00:00",-1.38123018586176,-0.162329806461722
"2022-04-22 20:00:00",-1.69873122349763,-0.404079483312272
"2022-04-22 21:00:00",-1.20928885866435,1.06404451480133
"2022-04-22 22:00:00",-1.12392510645928,-0.569577202545605
"2022-04-22 23:00:00",-1.98624357960873,-1.01505091539584
"2022-04-23 00:00:00",-2.54316697218069,-0.222486102295892
"2022-04-23 01:00:00",-3.03248404407908,-0.640672230190832
"2022-04-23 02:00:00",-3.26711698775045,0.0511125888909786
"2022-04-23 03:00:00",-3.44049643254239,-0.310589397244281
"2022-04-23 04:00:00",-4.01126698452001,-0.712665663470339
"2022-04-23 05:00:00",-3.90972049578203,0.644688888407839
"2022-04-23 06:00:00",-2.70115847942989,1.53207903671845
"2022-04-23 07:00:00",-1.20386472976525,1.40643421493524
"2022-04-23 08:00:00",-0.0277812847578245,0.968183427428744
"2022-04-23 09:00:00",0.812909131023447,0.715783242640554
"2022-04-23 10:00:00",1.44918011888059,0.551981014854017
"2022-04-23 11:00:00",1.88665210480232,0.338478129457769
"2022-04-23 12:00:00",1.72092819365816,-0.496408958659721
"2022-04-23 13:00:00",1.47541885003867,-0.068796896510347
"2022-04-23 14:00:00",1.56241593901509,0.184822725551359
"2022-04-23 15:00:00",1.71819433478012,0.127000025059595
"2022-04-23 16:00:00",1.61179970668395,-0.259146685735243
"2022-04-23 17:00:00",1.421808891628,-0.136936397579532
"2022-04-23 18:00:00",1.03442267823749,-0.537773726680175
"2022-04-23 19:00:00",0.225744306751826,-0.952183490090227
"2022-04-23 20:00:00",0.153497208570078,0.517509485575026
"2022-04-23 21:00:00",-0.0257144595861492,-0.635366355309062
"2022-04-23 22:00:00",-0.620531589348174,-0.539486306647939
"2022-04-23 23:00:00",-1.29827184840551,-0.736902606257053
"2022-04-24 00:00:00",-1.64614144538483,-0.0703151561618977
"2022-04-24 01:00:00",-1.6883619035017,-0.0193634764159839
"2022-04-24 02:00:00",-1.60843296451336,0.144500207202357
"2022-04-24 03:00:00",-1.3326998944067,0.352190127366192
"2022-04-24 04:00:00",-0.972283400573968,0.350491196562287
"2022-04-24 05:00:00",-0.710463734255876,0.191517690372481
"2022-04-24 06:00:00",-0.536799181363122,0.154425735056314
"2022-04-24 07:00:00",-0.203843053197979,0.436844233448197
"2022-04-24 08:00:00",0.247441429208205,0.439729074988791
"2022-04-24 09:00:00",0.820815458168868,0.634903941022748
"2022-04-24 10:00:00",1.41663121035811,0.540386919498168
"2022-04-24 11:00:00",1.61598502461374,-0.0392963744946249
"2022-04-24 12:00:00",1.32861788385606,-0.441171704398173
"2022-04-24 13:00:00",1.3099088932856,0.262105043956556
"2022-04-24 14:00:00",1.09267180653256,-0.528158079481986
"2022-04-24 15:00:00",0.989088850879151,0.182976523747831
"2022-04-24 16:00:00",0.709367173883179,-0.576164269175965
"2022-04-24 17:00:00",0.262248621483312,-0.340756830594197
"2022-04-24 18:00:00",-0.523385487467111,-1.04521905037272
"2022-04-24 19:00:00",-0.913083459715214,0.066501319168952
"2022-04-24 20:00:00",-0.770742770987213,0.187312070786165
"2022-04-24 21:00:00",-1.01114596468153,-0.513124900435688
"2022-04-24 22:00:00",-2.00956549345455,-1.27319659743438
"2022-04-24 23:00:00",-2.88573416918562,-0.56726338088392
"2022-04-25 00:00:00",-3.28003599804724,-0.256540563460762
"2022-04-25 01:00:00",-3.37932012516715,0.0144962822741378
"2022-04-25 02:00:00",-3.44692301682981,-0.114767725571904
"2022-04-25 03:00:00",-3.53414787529106,-0.0602766983576888
"2022-04-25 04:00:00",-4.21764661458924,-1.06193956563904
"2022-04-25 05:00:00",-5.13700527807306,-0.775184162290026
"2022-04-25 06:00:00",-5.49037177122021,-0.0487481978608456
"2022-04-25 07:00:00",-5.20256373653115,0.505573478537677
"2022-04-25 08:00:00",-4.12419943170001,1.41567922063266
"2022-04-25 09:00:00",-3.1337724036144,0.665180330184737
"2022-04-25 10:00:00",-2.69120986029816,0.277161072991885
"2022-04-25 11:00:00",-2.29002728109163,0.468266128194411
"2022-04-25 12:00:00",-2.85819902414489,-1.22916856428357
"2022-04-25 13:00:00",-3.54087581509184,-0.282231677861496
"2022-04-25 14:00:00",-3.267086837018,0.636015627914853
"2022-04-25 15:00:00",-2.82557881545814,0.295068253269488
"2022-04-25 16:00:00",-2.51737141085575,0.305961901499171
"2022-04-25 17:00:00",-2.15509915393178,0.385840788102532
"2022-04-25 18:00:00",-2.37319018943146,-0.607564845533952
"2022-04-25 19:00:00",-3.17293030376474,-0.886793574957536
"2022-04-25 20:00:00",-3.93692792883921,-0.641741742589259
"2022-04-25 21:00:00",-4.35558018399994,-0.24496125096917
"2022-04-25 22:00:00",-4.6173589444092,-0.25493810367827
"2022-04-25 23:00:00",-5.21621445159323,-0.793722761586729
"2022-04-26 00:00:00",-5.58845107894633,-0.0668405863574408
"2022-04-26 01:00:00",-5.45681021147336,0.264905363418048
"2022-04-26 02:00:00",-5.89754461093774,-0.883177915693174
"2022-04-26 03:00:00",-6.80305685871839,-0.869772640422136
"2022-04-26 04:00:00",-7.36097715928662,-0.314743852839828
"2022-04-26 05:00:00",-6.41118359859334,1.75715599077398
"2022-04-26 06:00:00",-4.57111961298161,1.81615781291054
"2022-04-26 07:00:00",-3.02406793196815,1.30002605022339
"2022-04-26 08:00:00",-1.95398727893129,0.86983356984472
"2022-04-26 09:00:00",-1.40568567077314,0.310413551368939
"2022-04-26 10:00:00",-1.13997372812375,0.22509627383016
"2022-04-26 11:00:00",-0.896416708383752,0.245759267716734
"2022-04-26 12:00:00",-0.706748778465696,0.144416557621067
"2022-04-26 13:00:00",-0.334905244723498,0.506699901586391
"2022-04-26 14:00:00",-0.10136253808266,0.0407747476101206
"2022-04-26 15:00:00",0.141182413110561,0.365661180716146
"2022-04-26 16:00:00",0.451722304399574,0.258854403347285
"2022-04-26 17:00:00",0.59324515580089,0.0559959771922703
"2022-04-26 18:00:00",0.415923722313585,-0.325201996195151
"2022-04-26 19:00:00",-0.435918152549092,-1.1629861693195
"2022-04-26 20:00:00",-0.964409206476192,-0.0798261859570353
"2022-04-26 21:00:00",-0.762720701591764,0.381020417152827
"2022-04-26 22:00:00",-0.840492585114595,-0.378949736573313
"2022-04-26 23:00:00",-0.562950136173712,0.703090921226894
"2022-04-27 00:00:00",0.0855112799459282,0.581953307329514
"2022-04-27 01:00:00",0.113436519684559,-0.342857738336445
"2022-04-27 02:00:00",0.0413217313169129,0.111658133948254
"2022-04-27 03:00:00",-0.195960763839803,-0.458683382759595
"2022-04-27 04:00:00",-1.64921788128964,-2.04698470317847
"2022-04-27 05:00:00",-2.37086723859397,0.198310087232582
"2022-04-27 06:00:00",-1.81805508867086,0.765928673036395
"2022-04-27 07:00:00",-1.00395899630714,0.809864577065977
"2022-04-27 08:00:00",-0.0843594605380549,0.950349856136585
"2022-04-27 09:00:00",0.502101263665261,0.316112540498877
"2022-04-27 10:00:00",0.804817101327158,0.278752985933505
"2022-04-27 11:00:00",0.543245571836009,-0.610389154565709
"2022-04-27 12:00:00",0.305784024450669,0.0217366493847378
"2022-04-27 13:00:00",0.348690538428206,0.0545865964506228
"2022-04-27 14:00:00",0.25375468522406,-0.190553831038096
"2022-04-27 15:00:00",-0.0890516170803422,-0.428343285423234
"2022-04-27 16:00:00",-0.276867932846501,-0.0184280521373001
"2022-04-27 17:00:00",-0.105569001908863,0.289998203134634
"2022-04-27 18:00:00",-0.361894579646005,-0.608218810162201
"2022-04-27 19:00:00",-1.3499698848392,-1.19388964701528
"2022-04-27 20:00:00",-1.92224288843743,-0.128935305234852
"2022-04-27 21:00:00",-2.00842291967016,-0.0511047837282357
"2022-04-27 22:00:00",-2.90095531654187,-1.40847404220677
"2022-04-27 23:00:00",-4.33879071167602,-1.38534612723341
"2022-04-28 00:00:00",-4.76761996282576,0.234806520051138
"2022-04-28 01:00:00",-4.54482340839924,0.210346431342594
"2022-04-28 02:00:00",-3.93832312670712,0.847634318623447
"2022-04-28 03:00:00",-2.90641040952869,1.1108019823964
"2022-04-28 04:00:00",-2.40901010704442,0.0685818095956957
"2022-04-28 05:00:00",-2.37816110329591,0.00733254034299049
"2022-04-28 06:00:00",-1.9288131941418,0.725731602817979
"2022-04-28 07:00:00",-1.0094088675719,1.00731324999811
"2022-04-28 08:00:00",-0.264065790372407,0.536581744606743
"2022-04-28 09:00:00",0.0790440213692605,0.198166620603869
"2022-04-28 10:00:00",0.255847209831963,0.154057711556951
"2022-04-28 11:00:00",0.467078391124264,0.238978929668039
"2022-04-28 12:00:00",0.588693633904396,0.0369931546179677
"2022-04-28 13:00:00",0.404819109551425,-0.323138142537908
"2022-04-28 14:00:00",0.185333145103507,-0.140477497111269
"2022-04-28 15:00:00",-0.0346625504856356,-0.262791696886707
"2022-04-28 16:00:00",-0.173735235237158,-0.0499414274870761
"2022-04-28 17:00:00",-0.216551263339297,-0.0358073775718665
"2022-04-28 18:00:00",-0.130901689209272,0.162828540312651
"2022-04-28 19:00:00",-0.593862251215129,-0.857977974310035
"2022-04-28 20:00:00",-1.32618848054929,-0.612994895882832
"2022-04-28 21:00:00",-2.35130833350972,-1.2494432210098
"2022-04-28 22:00:00",-3.54048718732013,-1.08946438795515
"2022-04-28 23:00:00",-3.78182461003077,0.340101448255031
"2022-04-29 00:00:00",-3.91166684045186,-0.432089456186006
"2022-04-29 01:00:00",-3.01762281887784,1.74067421606635
"2022-04-29 02:00:00",-4.27870623225214,-3.19840695686563
"2022-04-29 03:00:00",-6.17193681346728,-0.927649088946458
"2022-04-29 04:00:00",-6.09716237916761,0.747445380062918
"2022-04-29 05:00:00",-4.73207910768605,1.71982380002669
"2022-04-29 06:00:00",-2.33285903056911,2.74423160988024
"2022-04-29 07:00:00",0.055931046192915,2.04132540476733
"2022-04-29 08:00:00",1.21306829178146,0.512629950143437
"2022-04-29 09:00:00",1.44182911922193,0.0270842238653704
"2022-04-29 10:00:00",1.50020264192463,0.074600895512846
"2022-04-29 11:00:00",1.60672674687841,0.120810773100295
"2022-04-29 12:00:00",1.37002035350327,-0.465869425945004
"2022-04-29 13:00:00",1.6015455845394,0.683679807781532
"2022-04-29 14:00:00",2.08442031519273,0.323997301537262
"2022-04-29 15:00:00",2.36232495520116,0.231284893809471
"2022-04-29 16:00:00",2.637604837244,0.288484173508452
"2022-04-29 17:00:00",2.86725106521438,0.176110147004579
"2022-04-29 18:00:00",1.96291575903169,-1.58534138923073
"2022-04-29 19:00:00",0.431135175098976,-1.42581416015487
"2022-04-29 20:00:00",0.421689093217173,0.934676648893955
"2022-04-29 21:00:00",1.51100334478816,1.14009734357633
"2022-04-29 22:00:00",1.88912781104133,-0.149764165707071
"2022-04-29 23:00:00",1.05430588646588,-1.25428349469976
"2022-04-30 00:00:00",0.765309541724184,0.366891886203584
"2022-04-30 01:00:00",0.528785638843082,-0.628541003643889
"2022-04-30 02:00:00",-0.211304229483226,-0.779967316591549
"2022-04-30 03:00:00",0.543847984540893,1.7429358659952
"2022-04-30 04:00:00",-0.314097760249543,-2.5517692671567
"2022-04-30 05:00:00",-0.803606214516432,0.908974710667054
"2022-04-30 06:00:00",0.115473734483884,0.883178095680477
"2022-04-30 07:00:00",0.931735565957183,0.732714706538248
"2022-04-30 08:00:00",1.6620693515188,0.692840909301775
"2022-04-30 09:00:00",2.31223286125011,0.588675303735151
"2022-04-30 10:00:00",2.81894507891858,0.425012912224039
"2022-04-30 11:00:00",3.10267827293157,0.172433008573796
"2022-04-30 12:00:00",2.69290798232639,-0.782425336756664
"2022-04-30 13:00:00",2.46528920314941,0.149592233118608
"2022-04-30 14:00:00",2.41195621333489,-0.189256595612213
"2022-04-30 15:00:00",2.36407204957035,0.0455299187640569
"2022-04-30 16:00:00",2.37875602717642,-0.00962374155071993
"2022-04-30 17:00:00",2.06038290971555,-0.512138922776507
"2022-04-30 18:00:00",1.75016992096293,-0.163511854453336
"2022-04-30 19:00:00",1.23575590721902,-0.726155468729727
"2022-04-30 20:00:00",0.447041000702591,-0.794533657388574
"2022-04-30 21:00:00",-0.192969404930736,-0.507159818485694
"2022-04-30 22:00:00",-0.336756736805031,0.105538237140932
"2022-04-30 23:00:00",-0.775366362002779,-0.780092341519757
"2022-05-01 00:00:00",-1.3257977961117,-0.37017146993831
"2022-05-01 01:00:00",-1.19443347843555,0.461181924633992
"2022-05-01 02:00:00",-0.952969371389624,0.0850529616173878
"2022-05-01 03:00:00",-0.565190459804978,0.572393786307527
"2022-05-01 04:00:00",-0.0419361998479695,0.466358725566054
"2022-05-01 05:00:00",0.239411707826051,0.144694015223757
"2022-05-01 06:00:00",0.468374222708706,0.273951908223422
"2022-05-01 07:00:00",0.805205251501058,0.362140194661743
"2022-05-01 08:00:00",0.810130783599291,-0.234485191283059
"2022-05-01 09:00:00",0.625970063874942,-0.142904371328806
"2022-05-01 10:00:00",0.332013607808657,-0.381494143442769
"2022-05-01 11:00:00",0.31262353421655,0.222502129968778
"2022-05-01 12:00:00",-1.87488114799327,-3.69060274975389
"2022-05-01 13:00:00",-3.62724374776915,-0.374537242669908
"2022-05-01 14:00:00",-3.84727229662385,-0.101894829128849
"2022-05-01 15:00:00",-3.42217149902408,0.761182335952874
"2022-05-01 16:00:00",-2.51821424600262,0.960593249146203
"2022-05-01 17:00:00",-1.88380547575205,0.390054391190443
"2022-05-01 18:00:00",-1.37268280048226,0.569972742319869
"2022-05-01 19:00:00",-1.48247163745245,-0.555969631756866
"2022-05-01 20:00:00",-1.84816063290413,-0.219549770552907
"2022-05-01 21:00:00",-1.49643183241933,0.718242346036574
"2022-05-01 22:00:00",-1.39195480623667,-0.30772931995904
"2022-05-01 23:00:00",-1.53485792377305,-0.0244365095767606
"2022-05-02 00:00:00",-1.67139572278738,-0.202804728500911
"2022-05-02 01:00:00",-1.88716747440648,-0.212009199313994
"2022-05-02 02:00:00",-1.91323187545405,0.101567060906243
"2022-05-02 03:00:00",-2.38432530771836,-0.828009199067359
"2022-05-02 04:00:00",-2.49781270609696,0.3713176929508
"2022-05-02 05:00:00",-1.63603853884558,1.15100733697931
"2022-05-02 06:00:00",-0.64464958855823,0.839976518420009
"2022-05-02 07:00:00",0.401289479165226,1.13437345243594
"2022-05-02 08:00:00",1.18734476042391,0.515977152349193
"2022-05-02 09:00:00",1.44297936892668,0.068398248030781
"2022-05-02 10:00:00",1.52218501026693,0.0807872302757534
"2022-05-02 11:00:00",2.06972801302319,0.830727883197898
"2022-05-02 12:00:00",2.25766938975669,-0.252173610318534
"2022-05-02 13:00:00",2.02667418187241,-0.208808990830188
"2022-05-02 14:00:00",2.0231684093861,0.130915753762887
"2022-05-02 15:00:00",2.06413640195392,-0.0235499862064019
"2022-05-02 16:00:00",2.00931210815602,-0.0757281015983799
"2022-05-02 17:00:00",1.79480051124065,-0.299428100168263
"2022-05-02 18:00:00",1.69934403476841,0.0427455647767923
"2022-05-02 19:00:00",0.464290263767125,-2.03040639543191
"2022-05-02 20:00:00",-0.333101234819822,0.0618977811881707
"2022-05-02 21:00:00",-0.370181351132744,-0.100873009381763
"2022-05-02 22:00:00",-1.13988169040773,-1.17852500631525
"2022-05-02 23:00:00",-1.98331494526401,-0.578494278849916
"2022-05-03 00:00:00",-1.35992805532253,1.397560199627
"2022-05-03 01:00:00",-1.53925386797569,-1.22029153226399
"2022-05-03 02:00:00",-2.16707557567314,-0.201031344080784
"2022-05-03 03:00:00",-2.38804078221733,-0.220961614720614
"2022-05-03 04:00:00",-2.5334448652607,-0.0850465195419333
"2022-05-03 05:00:00",-1.97204428966314,0.968945209425882
"2022-05-03 06:00:00",-0.912411568694006,1.07227814150621
"2022-05-03 07:00:00",0.00844718534120131,0.777331316243961
"2022-05-03 08:00:00",0.576611323377555,0.401712030983058
"2022-05-03 09:00:00",0.738792984076935,-0.00595233956596647
"2022-05-03 10:00:00",0.747197023497338,0.0166234369218438
"2022-05-03 11:00:00",0.929842379866175,0.283682739566968
"2022-05-03 12:00:00",1.21156433795213,0.265829355327122
"2022-05-03 13:00:00",1.539097973439,0.35154372226794
"2022-05-03 14:00:00",0.478555407643385,-1.95350447911001
"2022-05-03 15:00:00",-0.593184672528531,-0.433595352890699
"2022-05-03 16:00:00",-0.754816869885035,0.0281185403089219
"2022-05-03 17:00:00",-0.649654030684663,0.152500219770412
"2022-05-03 18:00:00",-0.749517283897663,-0.262520144530163
"2022-05-03 19:00:00",-1.29859886925282,-0.713061486611434
"2022-05-03 20:00:00",-1.76624964638245,-0.280150570948543
"2022-05-03 21:00:00",-2.10481741073087,-0.359147397228537
"2022-05-03 22:00:00",-2.30086051690711,-0.0752806499654555
"2022-05-03 23:00:00",-2.59042459449082,-0.415692502558854
"2022-05-04 00:00:00",-2.65096233484746,0.182442821604652
"2022-05-04 01:00:00",-2.50116013091663,0.124339674207557
"2022-05-04 02:00:00",-2.42021314749316,0.0513954475274087
"2022-05-04 03:00:00",-2.28018949149754,0.195572971144841
"2022-05-04 04:00:00",-1.1174416758443,1.75520535521017
"2022-05-04 05:00:00",-0.173730490271865,0.359319602469037
"2022-05-04 06:00:00",0.273773437468349,0.485251253113835
"2022-05-04 07:00:00",0.726934636824963,0.409881479779184
"2022-05-04 08:00:00",1.10588558345136,0.339386709674304
"2022-05-04 09:00:00",1.40136545234651,0.250743083903026
"2022-05-04 10:00:00",1.70545933558137,0.323404342042075
"2022-05-04 11:00:00",1.84303253555646,0.00495282940536378
"2022-05-04 12:00:00",1.48573687438605,-0.584187034583846
"2022-05-04 13:00:00",1.72107583972038,0.768582722503411
"2022-05-04 14:00:00",2.03557735929721,-0.00537684413818867
"2022-05-04 15:00:00",2.20430525057598,0.27415487503749
"2022-05-04 16:00:00",2.63091998140452,0.505139999971765
"2022-05-04 17:00:00",2.97782290242356,0.221538523087486
"2022-05-04 18:00:00",2.15012826634479,-1.49167727275718
"2022-05-04 19:00:00",1.32592478860311,-0.342833498997254
"2022-05-04 20:00:00",1.85055081198508,1.07628411991197
"2022-05-04 21:00:00",2.46297328693978,0.271700073621718
"2022-05-04 22:00:00",2.38669964193482,-0.307801503244048
"2022-05-04 23:00:00",1.85122033334433,-0.664891803619034
"2022-05-05 00:00:00",1.2696710713376,-0.500739134501979
"2022-05-05 01:00:00",0.915255132729139,-0.241663265955065
"2022-05-05 02:00:00",1.05080535352151,0.379400972924681
"2022-05-05 03:00:00",1.29065359171806,0.134063157655969
"2022-05-05 04:00:00",1.25384160796172,-0.150640667113078
"2022-05-05 05:00:00",0.872426756390436,-0.518752812472556
"2022-05-05 06:00:00",0.406367526321714,-0.409908139454187
"2022-05-05 07:00:00",0.170558479139529,-0.109063097464796
"2022-05-05 08:00:00",0.450963606888741,0.526501768166262
"2022-05-05 09:00:00",0.803878331887899,0.219840595874535
"2022-05-05 10:00:00",0.658405084816667,-0.383134769556071
"2022-05-05 11:00:00",0.376514871550356,-0.201848159978607
"2022-05-05 12:00:00",0.616963436699945,0.523396925603257
"2022-05-05 13:00:00",0.938278937542461,0.170533106719348
"2022-05-05 14:00:00",0.951183311632044,-0.0940019403368854
"2022-05-05 15:00:00",0.572340700128725,-0.551956514384237
"2022-05-05 16:00:00",0.68433612186288,0.548563094494932
"2022-05-05 17:00:00",1.08726219052931,0.285807739624477
"2022-05-05 18:00:00",1.36303963146892,0.254584880168475
"2022-05-05 19:00:00",1.08368003942569,-0.623797972725355
"2022-05-05 20:00:00",0.771391405448155,-0.0911759235346198
"2022-05-05 21:00:00",0.56910965463975,-0.267732762590108
"2022-05-05 22:00:00",-0.142516437343688,-0.974467311711078
"2022-05-05 23:00:00",-1.17738484294909,-1.02577519308055
"2022-05-06 00:00:00",-1.67115963344256,-0.114132819350046
"2022-05-06 01:00:00",-2.83159571648335,-1.80066317075619
"2022-05-06 02:00:00",-2.44017860736762,1.83782814220318
"2022-05-06 03:00:00",-1.53747608848052,0.239544538970458
"2022-05-06 04:00:00",-2.75947972228181,-2.13630259319395
"2022-05-06 05:00:00",-2.67246055474085,1.56862936850373
"2022-05-06 06:00:00",-0.867276070973908,1.88054774179513
"2022-05-06 07:00:00",0.703047509626354,1.29000777145138
"2022-05-06 08:00:00",1.41136276938716,0.285962179913481
"2022-05-06 09:00:00",1.90876972361542,0.612912618691288
"2022-05-06 10:00:00",2.02727821997635,-0.219179758075004
"2022-05-06 11:00:00",1.76250121312478,-0.285204967371013
"2022-05-06 12:00:00",1.829080349441,0.295662957080033
"2022-05-06 13:00:00",2.06962974796182,0.190019949699424
"2022-05-06 14:00:00",1.82373878966538,-0.527475651604096
"2022-05-06 15:00:00",1.42651618917592,-0.293863000712307
"2022-05-06 16:00:00",1.56719065128034,0.421838242610021
"2022-05-06 17:00:00",2.14232493440673,0.647980428763791
"2022-05-06 18:00:00",2.26976889041111,-0.228391136305354
"2022-05-06 19:00:00",3.08916556022106,1.47604804416421
"2022-05-06 20:00:00",4.0335089975595,0.541024415236626
"2022-05-06 21:00:00",4.28598112416819,0.0429123119014582
"2022-05-06 22:00:00",2.93262469466498,-2.22539878511066
"2022-05-06 23:00:00",0.640784355287531,-2.23100614745942
"2022-05-07 00:00:00",-0.486356003933664,-0.338507004820514
"2022-05-07 01:00:00",-0.820986541087378,-0.315518124811767
"2022-05-07 02:00:00",-0.917867839644142,0.0545357775072466
"2022-05-07 03:00:00",-0.73907964381356,0.254308600963056
"2022-05-07 04:00:00",-0.686742077708703,-0.0838421862150359
"2022-05-07 05:00:00",0.456732410028355,1.90821952760776
"2022-05-07 06:00:00",2.32594727528514,1.75379976442187
"2022-05-07 07:00:00",4.12734136769325,1.74452481290977
"2022-05-07 08:00:00",5.69331341070905,1.36720641696937
"2022-05-07 09:00:00",6.29706187089882,0.0587589782872124
"2022-05-07 10:00:00",6.37367375658997,0.0767587086139034
"2022-05-07 11:00:00",6.39348743164013,-0.0273036600440949
"2022-05-07 12:00:00",5.28994417545641,-1.77682314104054
"2022-05-07 13:00:00",3.49261973749258,-1.7324006351274
"2022-05-07 14:00:00",3.21791768275081,0.705633655817779
"2022-05-07 15:00:00",4.03718251968024,0.851940143464619
"2022-05-07 16:00:00",4.51796890129138,0.205305768973351
"2022-05-07 17:00:00",4.55353202085754,-0.0851085047366384
"2022-05-07 18:00:00",4.18523328162149,-0.54545537851043
"2022-05-07 19:00:00",3.81673320454254,-0.238414057633036
"2022-05-07 20:00:00",3.77440927484901,0.0854935917658527
"2022-05-07 21:00:00",3.33499798268242,-0.773325109082912
"2022-05-07 22:00:00",2.342961738898,-1.09499774048261
"2022-05-07 23:00:00",1.38642891582917,-0.821789744497238
"2022-05-08 00:00:00",1.43460848643167,0.624073297822478
"2022-05-08 01:00:00",2.38653538056942,1.12340867786362
"2022-05-08 02:00:00",3.11385361481221,0.425625429763094
"2022-05-08 03:00:00",2.71323463948378,-0.936414605982817
"2022-05-08 04:00:00",2.23599300887099,-0.151949537046306
"2022-05-08 05:00:00",1.97310677024131,-0.327231894801712
"2022-05-08 06:00:00",1.58234676596072,-0.41708523363503
"2022-05-08 07:00:00",1.3553263927879,-0.0915637518559773
"2022-05-08 08:00:00",1.2283178460742,-0.146349113548629
"2022-05-08 09:00:00",1.27068444956165,0.164578915210289
"2022-05-08 10:00:00",1.39839432962094,0.0954248490756073
"2022-05-08 11:00:00",1.39351775966794,-0.073313285256732
"2022-05-08 12:00:00",1.46753375451198,0.166920980560569
"2022-05-08 13:00:00",1.50879566696313,-0.0463611801572938
"2022-05-08 14:00:00",1.47443183885559,-0.0266770091659023
"2022-05-08 15:00:00",1.35709215923194,-0.174104478129583
"2022-05-08 16:00:00",1.22254572442172,-0.103530034840908
"2022-05-08 17:00:00",1.10382981071518,-0.124773724936713
"2022-05-08 18:00:00",0.918275549714648,-0.218678904235246
"2022-05-08 19:00:00",0.0825559664145158,-1.20854350818949
"2022-05-08 20:00:00",-0.709262701261975,-0.476486472449606
"2022-05-08 21:00:00",-1.2279321269584,-0.521230128418601
"2022-05-08 22:00:00",-1.75936800163014,-0.511403791282796
"2022-05-08 23:00:00",-2.35661930891362,-0.623833904629242
"2022-05-09 00:00:00",-2.74247890709783,-0.205840213910509
"2022-05-09 01:00:00",-3.40626768958416,-0.934005902809704
"2022-05-09 02:00:00",-3.87509546279589,-0.132046568225755
"2022-05-09 03:00:00",-3.9890074505071,-0.0914160162280479
"2022-05-09 04:00:00",-3.91416235078063,0.187267595939933
"2022-05-09 05:00:00",-3.04638989936838,1.28524246677053
"2022-05-09 06:00:00",-1.87114124467737,1.04999919076705
"2022-05-09 07:00:00",-1.03840574453635,0.650735577818325
"2022-05-09 08:00:00",-0.332716982469963,0.710127807453256
"2022-05-09 09:00:00",0.502443093675667,0.879255980026235
"2022-05-09 10:00:00",1.25465276292471,0.631121595029383
"2022-05-09 11:00:00",1.819502099559,0.492210560665125
"2022-05-09 12:00:00",2.34444959382564,0.519481977610426
"2022-05-09 13:00:00",2.86235821142489,0.489227996507372
"2022-05-09 14:00:00",3.22827443632286,0.262633241186345
"2022-05-09 15:00:00",3.55488882407639,0.349587318011899
"2022-05-09 16:00:00",3.88291093699499,0.29347733841215
"2022-05-09 17:00:00",4.29923161694925,0.473428062850014
"2022-05-09 18:00:00",3.7836446779614,-1.15595873499363
"2022-05-09 19:00:00",2.45120650676406,-1.39164812172048
"2022-05-09 20:00:00",2.10715872593619,0.367530951573392
"2022-05-09 21:00:00",2.516057363784,0.414330752995346
"2022-05-09 22:00:00",2.32312191134833,-0.591846755191694
"2022-05-09 23:00:00",1.72258363529376,-0.580788897221752
"2022-05-10 00:00:00",1.9630715375374,0.774348965495582
"2022-05-10 01:00:00",1.79453044356218,-0.791644478173862
"2022-05-10 02:00:00",1.16791885271748,-0.489127770559403
"2022-05-10 03:00:00",0.644627580464996,-0.522705065148378
"2022-05-10 04:00:00",0.303444716980132,-0.204787982706966
"2022-05-10 05:00:00",0.838455631565788,1.00238744693404
"2022-05-10 06:00:00",2.10065200900371,1.37434021128937
"2022-05-10 07:00:00",3.52437135081339,1.38627708643746
"2022-05-10 08:00:00",5.19567237670164,1.77735313220076
"2022-05-10 09:00:00",6.89850307533853,1.56553737531262
"2022-05-10 10:00:00",8.06349875135826,0.833723165300742
"2022-05-10 11:00:00",8.80039327169043,0.626935838615228
"2022-05-10 12:00:00",9.19603294549791,0.211304146686186
"2022-05-10 13:00:00",9.62859698132294,0.547663001220785
"2022-05-10 14:00:00",9.59067667389313,-0.438907997752038
"2022-05-10 15:00:00",9.56676686382302,0.241528644453083
"2022-05-10 16:00:00",9.90915719221154,0.381032451473481
"2022-05-10 17:00:00",10.139450506899,0.10608996909101
"2022-05-10 18:00:00",9.9798567785917,-0.342195058425533
"2022-05-10 19:00:00",8.12696186224659,-2.78482274848614
"2022-05-10 20:00:00",7.85993805953083,1.41369687492855
"2022-05-10 21:00:00",9.4655380516829,1.64710787862488
"2022-05-10 22:00:00",10.1949862210774,0.0708252159630068
"2022-05-10 23:00:00",10.3650565268418,0.215013733635978
"2022-05-11 00:00:00",9.84121094924929,-1.00487368372364
"2022-05-11 01:00:00",8.68798338795056,-1.21000918299931
"2022-05-11 02:00:00",8.25780372758831,0.0989444599560889
"2022-05-11 03:00:00",8.19948689523921,-0.171025712532479
"2022-05-11 04:00:00",7.56824617629351,-0.918615204837164
"2022-05-11 05:00:00",6.47580383040865,-1.16616539791206
"2022-05-11 06:00:00",5.48006144401145,-0.843156621122955
"2022-05-11 07:00:00",4.68707963123353,-0.728912103479349
"2022-05-11 08:00:00",3.89328239410677,-0.805372277330241
"2022-05-11 09:00:00",4.86818055175398,2.11038164367452
"2022-05-11 10:00:00",6.97276172193492,1.99443279252348
"2022-05-11 11:00:00",9.09249085853518,2.09354538362759
"2022-05-11 12:00:00",10.4901171792572,0.855557275745285
"2022-05-11 13:00:00",11.0782088378257,0.368321005475102
"2022-05-11 14:00:00",11.2831869033834,0.0720688561356941
"2022-05-11 15:00:00",10.9797282544178,-0.553925391067448
"2022-05-11 16:00:00",11.2911214728271,0.859316900517611
"2022-05-11 17:00:00",11.7293787989518,0.122180293634389
"2022-05-11 18:00:00",11.3482064895645,-0.713736400129782
"2022-05-11 19:00:00",11.0834618232376,0.0325353413461184
"2022-05-11 20:00:00",10.3625096682768,-1.2032915756397
"2022-05-11 21:00:00",9.49431507635934,-0.616897416407668
"2022-05-11 22:00:00",8.52553784117968,-1.16955847563479
"2022-05-11 23:00:00",7.84248569181866,-0.337247855045704
"2022-05-12 00:00:00",8.11175473097405,0.650705513072348
"2022-05-12 01:00:00",7.22175039289189,-1.88528720725785
"2022-05-12 02:00:00",6.85615460340795,0.655581650773921
"2022-05-12 03:00:00",7.64434219704781,0.830301081797815
"2022-05-12 04:00:00",7.54576505558968,-0.722984962171573
"2022-05-12 05:00:00",6.54672207932033,-1.14532810008904
"2022-05-12 06:00:00",5.15445147792542,-1.49917242516721
"2022-05-12 07:00:00",3.49237581736352,-1.69833721765892
"2022-05-12 08:00:00",2.14126968680173,-1.05991921910564
"2022-05-12 09:00:00",1.38356967397474,-0.522977762285353
"2022-05-12 10:00:00",1.23436774616728,0.105284865892975
"2022-05-12 11:00:00",1.50640689510215,0.368689064637258
"2022-05-12 12:00:00",0.503244937735854,-1.87198537761937
"2022-05-12 13:00:00",-0.144506165237949,0.198523515418593
"2022-05-12 14:00:00",0.00287090991934783,0.10646297105405
"2022-05-12 15:00:00",0.211156223929493,0.266264444391376
"2022-05-12 16:00:00",0.594439170570815,0.442808508000677
"2022-05-12 17:00:00",0.988418147240452,0.341938886804464
"2022-05-12 18:00:00",1.48414109229667,0.573413809820271
"2022-05-12 19:00:00",1.16309373528342,-0.90400121147447
"2022-05-12 20:00:00",1.00851030042566,0.350866915521876
"2022-05-12 21:00:00",1.51850493788448,0.59054381212659
"2022-05-12 22:00:00",1.62046545953297,-0.230558001215104
"2022-05-12 23:00:00",1.20631302030696,-0.518954528491213
"2022-05-13 00:00:00",1.21746067755933,0.362458959039898
"2022-05-13 01:00:00",0.850885326830803,-0.836739394550407
"2022-05-13 02:00:00",0.342486934936603,-0.266445774035771
"2022-05-13 03:00:00",-0.166786080447759,-0.647396106238564
"2022-05-13 04:00:00",-0.375291593625856,0.0942062354344119
"2022-05-13 05:00:00",0.395743129682169,1.18609060958666
"2022-05-13 06:00:00",1.69705434633809,1.31577623030027
"2022-05-13 07:00:00",2.90468083917922,1.07595543554394
"2022-05-13 08:00:00",3.13721919909693,-0.344523214632493
"2022-05-13 09:00:00",2.16822844730253,-1.34329219255049
"2022-05-13 10:00:00",1.50876007299401,-0.175049994446786
"2022-05-13 11:00:00",0.540293839851613,-1.45332473637535
"2022-05-13 12:00:00",-0.60649499579512,-0.888636576195349
"2022-05-13 13:00:00",-1.53072274811707,-0.903254566292969
"2022-05-13 14:00:00",-2.83815153634742,-1.5127730547075
"2022-05-13 15:00:00",-2.40831268045924,1.70812312628894
"2022-05-13 16:00:00",-1.40519392308486,0.488559575360032
"2022-05-13 17:00:00",-0.620542354690137,0.946567480984687
"2022-05-13 18:00:00",0.180400368800263,0.666600538318799
"2022-05-13 19:00:00",0.677444035548118,0.360156005192956
"2022-05-13 20:00:00",0.525148225695507,-0.487560528480523
"2022-05-13 21:00:00",-0.0157665057888125,-0.551456382018802
"2022-05-13 22:00:00",-0.316846623104409,-0.119837979854275
"2022-05-13 23:00:00",0.0599061929154021,0.690312983761913
"2022-05-14 00:00:00",0.344250383579844,0.00011385729690383
"2022-05-14 01:00:00",0.499687471303581,0.25115428691146
"2022-05-14 02:00:00",1.03876695644311,0.704765765605629
"2022-05-14 03:00:00",2.11834455618332,1.27680854614896
"2022-05-14 04:00:00",2.57173688609358,-0.119817133048542
"2022-05-14 05:00:00",2.53149768571493,0.011410069585758
"2022-05-14 06:00:00",2.7388694601491,0.324894451478024
"2022-05-14 07:00:00",2.81044713443803,-0.104227941716519
"2022-05-14 08:00:00",2.61446720121745,-0.251455582667374
"2022-05-14 09:00:00",2.55753119283448,0.0720780863376927
"2022-05-14 10:00:00",2.5732826021556,-0.0258431940939359
"2022-05-14 11:00:00",1.94815696155703,-0.998250867658277
"2022-05-14 12:00:00",1.29755768821013,-0.390429790385625
"2022-05-14 13:00:00",1.1236920752771,-0.0229019811066115
"2022-05-14 14:00:00",0.690253359520772,-0.687976499505777
"2022-05-14 15:00:00",0.497743216077637,0.146053675711419
"2022-05-14 16:00:00",0.719633801547713,0.261262182614816
"2022-05-14 17:00:00",0.992122608523756,0.266097286707432
"2022-05-14 18:00:00",1.45630473724664,0.572900375666126
"2022-05-14 19:00:00",1.24346439056485,-0.728421188263402
"2022-05-14 20:00:00",0.550531279054695,-0.637949380489053
"2022-05-14 21:00:00",-0.296271548201494,-0.946505990058641
"2022-05-14 22:00:00",-1.22697224175429,-0.875555934436314
"2022-05-14 23:00:00",-2.02804989689635,-0.711778542228095
"2022-05-15 00:00:00",-2.77779678834213,-0.736817869579147
"2022-05-15 01:00:00",-3.05646772059422,0.0435769147632505
"2022-05-15 02:00:00",-3.68838472057782,-1.04827182056831
"2022-05-15 03:00:00",-4.254730413568,-0.213401821182967
"2022-05-15 04:00:00",-3.88352148282843,0.748785858654452
"2022-05-15 05:00:00",-2.49439140176036,1.7550127306697
"2022-05-15 06:00:00",-0.921715873449587,1.37960118066149
"2022-05-15 07:00:00",-0.0962613309263845,0.417992347435301
"2022-05-15 08:00:00",-0.00328605624457193,-0.127993193067087
"2022-05-15 09:00:00",-0.101740817267855,-0.0740800646403989
"2022-05-15 10:00:00",0.00684962872109879,0.22533968163314
"2022-05-15 11:00:00",0.308761781782137,0.338604106242547
"2022-05-15 12:00:00",0.394192624401237,-0.0878059667725475
"2022-05-15 13:00:00",0.905134317235402,0.88531247346898
"2022-05-15 14:00:00",1.45870546667423,0.304942309325988
"2022-05-15 15:00:00",1.76174299118076,0.285487859537237
"2022-05-15 16:00:00",2.1200786631908,0.387602003910751
"2022-05-15 17:00:00",2.6912901182452,0.663740160551781
"2022-05-15 18:00:00",2.79075566146986,-0.28490569699832
"2022-05-15 19:00:00",2.21990042350065,-0.737954523217339
"2022-05-15 20:00:00",1.59316951289211,-0.525661793418516
"2022-05-15 21:00:00",0.972818642703636,-0.656050130570047
"2022-05-15 22:00:00",0.490479151392915,-0.344867464088463
"2022-05-15 23:00:00",0.0909916648132804,-0.417548859856987
"2022-05-16 00:00:00",-0.0411906196898229,0.0642228476912042
"2022-05-16 01:00:00",-0.382611284292528,-0.595567931153951
"2022-05-16 02:00:00",-0.763518395027884,-0.219208824820202
"2022-05-16 03:00:00",-0.846095727857627,0.0134166764265959
"2022-05-16 04:00:00",-0.695340423638483,0.236239321229006
"2022-05-16 05:00:00",0.067187855972249,1.0780428109501
"2022-05-16 06:00:00",1.32950248015708,1.32508946472107
"2022-05-16 07:00:00",2.58978560015342,1.15547858587756
"2022-05-16 08:00:00",3.649167390963,0.941640015906023
"2022-05-16 09:00:00",4.51926674878006,0.776357528850721
"2022-05-16 10:00:00",5.2556568713489,0.668929342866588
"2022-05-16 11:00:00",5.78279286552939,0.400787113393613
"2022-05-16 12:00:00",5.7688047563627,-0.297287223953653
"2022-05-16 13:00:00",6.04312154936298,0.634910679221419
"2022-05-16 14:00:00",6.43852490069691,0.209158046293108
"2022-05-16 15:00:00",6.5937884122818,0.103659751932667
"2022-05-16 16:00:00",6.49524323451453,-0.237160108195182
"2022-05-16 17:00:00",6.32278829254042,-0.129493688117227
"2022-05-16 18:00:00",5.89615159348874,-0.612602705562
"2022-05-16 19:00:00",5.93413896220028,0.462303859779391
"2022-05-16 20:00:00",6.01340598358218,-0.187499976219514
"2022-05-16 21:00:00",5.80054093210287,-0.227408454046809
"2022-05-16 22:00:00",5.70352916949982,-0.0129467202063143
"2022-05-16 23:00:00",5.90789451826933,0.332176758655917
"2022-05-17 00:00:00",5.92164727794079,-0.206792725991662
"2022-05-17 01:00:00",6.05031602196173,0.338561077253321
"2022-05-17 02:00:00",6.34201602015848,0.238801999810836
"2022-05-17 03:00:00",6.15855380486834,-0.464421219274966
"2022-05-17 04:00:00",5.20355003224551,-1.24460799774971
"2022-05-17 05:00:00",3.98813883592079,-1.14489670429088
"2022-05-17 06:00:00",2.53142604159356,-1.6005037150775
"2022-05-17 07:00:00",0.786592949892697,-1.76139968658477
"2022-05-17 08:00:00",-0.954169775414233,-1.64529865822288
"2022-05-17 09:00:00",-2.25045944044019,-1.00079254679326
"2022-05-17 10:00:00",-2.83990241312522,-0.284304677244175
"2022-05-17 11:00:00",-2.25769481630641,1.13586603259013
"2022-05-17 12:00:00",-0.203672485994169,2.57141961269802
"2022-05-17 13:00:00",1.06975577770615,0.34786528964361
"2022-05-17 14:00:00",1.58521187224967,0.601308783524854
"2022-05-17 15:00:00",1.93327696694775,0.160656297088369
"2022-05-17 16:00:00",2.36159138075737,0.583905702897426
"2022-05-17 17:00:00",2.96684154227579,0.5876753249561
"2022-05-17 18:00:00",3.63509029002514,0.686385644530374
"2022-05-17 19:00:00",3.02427193759168,-1.45126485894512
"2022-05-17 20:00:00",2.44879754076991,0.0318251477352742
"2022-05-17 21:00:00",3.11486025295584,1.05407422319985
"2022-05-17 22:00:00",3.9271754505543,0.608530747935258
"2022-05-17 23:00:00",3.74264687559296,-0.709517711508092
"2022-05-18 00:00:00",3.00267066364339,-0.729941100045542
"2022-05-18 01:00:00",2.60388201885986,-0.162943122830549
"2022-05-18 02:00:00",2.64556378437678,0.172760009148725
"2022-05-18 03:00:00",2.39517459409666,-0.523994614746571
"2022-05-18 04:00:00",1.67452796879912,-0.820587495817402
"2022-05-18 05:00:00",0.966414232802249,-0.601641177302621
"2022-05-18 06:00:00",0.408952596030745,-0.502764206325047
"2022-05-18 07:00:00",0.208252708863654,0.00968307535213495
"2022-05-18 08:00:00",0.584323213964168,0.602185678882582
"2022-05-18 09:00:00",1.34603441490945,0.831110767543417
"2022-05-18 10:00:00",2.30912865097248,1.00358161400625
"2022-05-18 11:00:00",3.4388953043964,1.15722727215325
"2022-05-18 12:00:00",4.3383776812602,0.680481182472885
"2022-05-18 13:00:00",5.26777486117821,1.04558360083564
"2022-05-18 14:00:00",5.56522040312279,-0.22222718249304
"2022-05-18 15:00:00",5.56790544806102,0.14532508392617
"2022-05-18 16:00:00",6.05616529918471,0.686502590134046
"2022-05-18 17:00:00",6.88226071916026,0.872096261209945
"2022-05-18 18:00:00",7.06296966213525,-0.297663765443783
"2022-05-18 19:00:00",6.13158042600669,-1.31870803300948
"2022-05-18 20:00:00",5.49366094127874,-0.161655731443856
"2022-05-18 21:00:00",5.56609990676572,0.217978097030479
"2022-05-18 22:00:00",5.66245399522299,0.00352165075500339
"2022-05-18 23:00:00",5.47794272924257,-0.308393180803487
"2022-05-19 00:00:00",4.94144378948375,-0.670131642536976
"2022-05-19 01:00:00",4.34215914157603,-0.52994401854393
"2022-05-19 02:00:00",4.00281966495998,-0.201742024352549
"2022-05-19 03:00:00",3.86687248349522,-0.0907825879326441
"2022-05-19 04:00:00",4.02982617531971,0.319382061396963
"2022-05-19 05:00:00",4.85728663395018,1.12166045664827
"2022-05-19 06:00:00",6.02610802989661,1.13846077060273
"2022-05-19 07:00:00",6.94368349807802,0.718953277036615
"2022-05-19 08:00:00",7.60629809759325,0.584621496115351
"2022-05-19 09:00:00",8.59362835282152,1.19907947960171
"2022-05-19 10:00:00",9.84395269650943,1.21399868746521
"2022-05-19 11:00:00",10.7492975042301,0.643872756267105
"2022-05-19 12:00:00",10.8948614252262,-0.20740495338334
"2022-05-19 13:00:00",10.9482456712864,0.210664916256514
"2022-05-19 14:00:00",11.0957790897259,0.0843279100188615
"2022-05-19 15:00:00",11.0522609415198,-0.140977430607883
"2022-05-19 16:00:00",11.031640832802,0.0463547079891985
"2022-05-19 17:00:00",11.1064824813033,0.0760608696385487
"2022-05-19 18:00:00",10.8264143305728,-0.518486589260648
"2022-05-19 19:00:00",10.6240419024626,0.00403251957206852
"2022-05-19 20:00:00",10.4529904918837,-0.293333897917115
"2022-05-19 21:00:00",10.2638201319875,-0.124209599649447
"2022-05-19 22:00:00",10.2260143235036,0.00836633865345976
"2022-05-19 23:00:00",9.84708893280336,-0.632286417300927
"2022-05-20 00:00:00",10.0868426725627,0.797022153891368
"2022-05-20 01:00:00",10.3931362362822,-0.0484060322822207
"2022-05-20 02:00:00",10.5997615357553,0.353432060656933
"2022-05-20 03:00:00",9.97737843986529,-1.25699909454087
"2022-05-20 04:00:00",9.3574324691762,-0.178648442383188
"2022-05-20 05:00:00",8.93253403262574,-0.580929369356416
"2022-05-20 06:00:00",8.14389498159734,-0.901144634183468
"2022-05-20 07:00:00",7.23486734065273,-0.881580668332793
"2022-05-20 08:00:00",6.22454425593672,-1.05746282589163
"2022-05-20 09:00:00",5.51973841035426,-0.444234167633154
"2022-05-20 10:00:00",5.61279261025916,0.439705801100063
"2022-05-20 11:00:00",6.06338077473999,0.429198670639822
"2022-05-20 12:00:00",5.83352117358803,-0.666114817957707
"2022-05-20 13:00:00",5.68853578263971,0.201800914647903
"2022-05-20 14:00:00",5.66144611698106,-0.185723744389177
"2022-05-20 15:00:00",5.61275968215843,0.0376884599179851
"2022-05-20 16:00:00",5.84582454399989,0.345005923739128
"2022-05-20 17:00:00",6.03583201428028,0.0701149784477315
"2022-05-20 18:00:00",5.78685253425092,-0.457651923674381
"2022-05-20 19:00:00",4.41475676496558,-1.92397049458304
"2022-05-20 20:00:00",4.01409413260148,0.628209163690647
"2022-05-20 21:00:00",5.02056347379113,1.20563920810674
"2022-05-20 22:00:00",6.14881304383827,1.01657417986197
"2022-05-20 23:00:00",6.90873732306752,0.544792791825303
"2022-05-21 00:00:00",6.0026564328402,-1.83915984235939
"2022-05-21 01:00:00",4.52312478801707,-1.17721217161799
"2022-05-21 02:00:00",3.89768259445129,-0.233709629853219
"2022-05-21 03:00:00",3.24679650133368,-0.903091880259897
"2022-05-21 04:00:00",2.36612430203291,-0.82806082907245
"2022-05-21 05:00:00",1.44293592395063,-0.945785330802512
"2022-05-21 06:00:00",0.530278705733759,-0.849062659865718
"2022-05-21 07:00:00",-0.22753148501512,-0.661648901744016
"2022-05-21 08:00:00",-0.567278216122568,-0.10871117064757
"2022-05-21 09:00:00",-0.601488476997727,0.017812814260382
"2022-05-21 10:00:00",-0.980405193273618,-0.624617643160487
"2022-05-21 11:00:00",-1.96515106662397,-1.17676946339709
"2022-05-21 12:00:00",-2.96759680783855,-0.836064029288198
"2022-05-21 13:00:00",-3.43489539157408,-0.195429350017918
"2022-05-21 14:00:00",-3.59875274055966,-0.130597117076352
"2022-05-21 15:00:00",-3.92523979815267,-0.436926350647795
"2022-05-21 16:00:00",-3.53334707612192,0.930864983369004
"2022-05-21 17:00:00",-2.25159875149999,1.45931179554513
"2022-05-21 18:00:00",-1.20514989853355,0.724386369178598
"2022-05-21 19:00:00",-0.583076980500315,0.525857549739854
"2022-05-21 20:00:00",-0.0902078881709141,0.448207687278916
"2022-05-21 21:00:00",0.126104927692266,0.0515560447305045
"2022-05-21 22:00:00",-0.191199371476689,-0.54829143863435
"2022-05-21 23:00:00",-0.749362625990225,-0.537974416045041
"2022-05-22 00:00:00",-1.13019379597113,-0.257008299678599
"2022-05-22 01:00:00",-1.28426462564506,-0.0766693005465467
"2022-05-22 02:00:00",-1.5259501525725,-0.338554845489125
"2022-05-22 03:00:00",-1.79658732816044,-0.210532657312345
"2022-05-22 04:00:00",-1.73303191124026,0.245572671831862
"2022-05-22 05:00:00",-1.38971567518597,0.394396520792285
"2022-05-22 06:00:00",-1.13720665658884,0.147710665360301
"2022-05-22 07:00:00",-1.23519980672008,-0.255670952770484
"2022-05-22 08:00:00",-2.21061955293849,-1.40730116855534
"2022-05-22 09:00:00",-3.2977419990014,-0.819165619364411
"2022-05-22 10:00:00",-3.59573457344744,0.0678601182518229
"2022-05-22 11:00:00",-3.43269713474138,0.223373926311023
"2022-05-22 12:00:00",-3.23342286404001,0.178162078646405
"2022-05-22 13:00:00",-3.09326636489079,0.112326302486555
"2022-05-22 14:00:00",-2.57003777604596,0.776281297412944
"2022-05-22 15:00:00",-2.17656729797643,0.122881856112969
"2022-05-22 16:00:00",-1.9048962777793,0.360757201750231
"2022-05-22 17:00:00",-1.40752856036025,0.567259901250038
"2022-05-22 18:00:00",-1.0383843836942,0.221341501595236
"2022-05-22 19:00:00",-0.0639272247678034,1.43155825324093
"2022-05-22 20:00:00",-0.449675798323669,-1.57885306988157
"2022-05-22 21:00:00",-1.34569284872933,-0.397643130860902
"2022-05-22 22:00:00",-1.81986959643756,-0.500931667917046
"2022-05-22 23:00:00",-2.11973809612906,-0.149234019847189
"2022-05-23 00:00:00",-2.27127429983148,-0.143138578704412
"2022-05-23 01:00:00",-2.50003432759787,-0.272042744889592
"2022-05-23 02:00:00",-2.53746963956253,0.123967433762136
"2022-05-23 03:00:00",-2.47601994597219,0.0201216273327781
"2022-05-23 04:00:00",-2.13161419747302,0.547416155488106
"2022-05-23 05:00:00",-1.17355643430488,1.18903470522244
"2022-05-23 06:00:00",0.0391713171317071,1.17240704493845
"2022-05-23 07:00:00",0.950009028467705,0.693128205853852
"2022-05-23 08:00:00",1.31429501729041,0.126526737834618
"2022-05-23 09:00:00",1.39494806088618,0.0445449223029033
"2022-05-23 10:00:00",1.43103390035409,0.0269342463798381
"2022-05-23 11:00:00",1.50987786304233,0.107859216534372
"2022-05-23 12:00:00",1.3203218634337,-0.380767500210609
"2022-05-23 13:00:00",1.08224449709105,-0.133340296647705
"2022-05-23 14:00:00",0.948970587447464,-0.128291137414881
"2022-05-23 15:00:00",1.12346752337652,0.366837416376971
"2022-05-23 16:00:00",1.95195826277353,1.09543737414454
"2022-05-23 17:00:00",2.98636135760841,0.942044808263746
"2022-05-23 18:00:00",3.31348626256545,-0.102207742349893
"2022-05-23 19:00:00",3.19618433382533,-0.12606018121931
"2022-05-23 20:00:00",2.53587359619938,-0.989212799695564
"2022-05-23 21:00:00",2.17210077896567,0.0671986548898516
"2022-05-23 22:00:00",2.70135381061007,0.809335350310999
"2022-05-23 23:00:00",3.62795901993687,0.957271156565885
"2022-05-24 00:00:00",3.50018549145547,-0.84972767574051
"2022-05-24 01:00:00",3.6566298375474,0.815269892240946
"2022-05-24 02:00:00",4.83536790952245,1.36032130138414
"2022-05-24 03:00:00",5.61940718689269,0.356369881588569
"2022-05-24 04:00:00",5.93376258903155,0.26416711253479
"2022-05-24 05:00:00",6.71642103761463,1.08347584696483
"2022-05-24 06:00:00",6.13873996775245,-1.66630400497893
"2022-05-24 07:00:00",4.5914848284353,-1.4022763548889
"2022-05-24 08:00:00",3.57095649749516,-0.723455669020696
"2022-05-24 09:00:00",2.79143785668258,-0.784452617544024
"2022-05-24 10:00:00",2.3131927665736,-0.254981325935986
"2022-05-24 11:00:00",2.01872050911415,-0.30978673766872
"2022-05-24 12:00:00",1.487692603581,-0.655886732974435
"2022-05-24 13:00:00",1.5124510469836,0.475420681468627
"2022-05-24 14:00:00",1.1155074321802,-0.961596410032675
"2022-05-24 15:00:00",-0.396648658724574,-1.808770423907
"2022-05-24 16:00:00",-1.02521110251508,0.188609574137967
"2022-05-24 17:00:00",-0.611770652635567,0.544999823851457
"2022-05-24 18:00:00",-0.0151403710913598,0.60348684212633
"2022-05-24 19:00:00",-0.0779720697793082,-0.504031315669342
"2022-05-24 20:00:00",-0.525253463466479,-0.388093753341443
"2022-05-24 21:00:00",-0.587116945345547,0.159236240194176
"2022-05-24 22:00:00",-0.378409313840806,0.232526905165541
"2022-05-24 23:00:00",-0.908478429837824,-1.012781705959
"2022-05-25 00:00:00",-1.7884736847539,-0.748484980970011
"2022-05-25 01:00:00",-2.28220600542545,-0.298133623857189
"2022-05-25 02:00:00",-2.62901752662316,-0.359841802690264
"2022-05-25 03:00:00",-2.40748968553917,0.601961929393472
"2022-05-25 04:00:00",-1.40701247938429,1.22170981159227
"2022-05-25 05:00:00",-0.551827204380661,0.572014931568378
"2022-05-25 06:00:00",-0.124580803942991,0.311144286217502
"2022-05-25 07:00:00",0.011493521842755,0.0130573622845088
"2022-05-25 08:00:00",-0.372891439039646,-0.631091113284822
"2022-05-25 09:00:00",-1.1427620688114,-0.825324479119812
"2022-05-25 10:00:00",-1.04198915103659,0.714844635866477
"2022-05-25 11:00:00",-0.417383731524921,0.536108813887128
"2022-05-25 12:00:00",-3.39582650526146,-5.17936601880731
"2022-05-25 13:00:00",-4.30166054357326,1.99055960243591
"2022-05-25 14:00:00",-2.77526819588685,1.1499626618261
"2022-05-25 15:00:00",-1.86478573286159,0.711142354063244
"2022-05-25 16:00:00",-1.23325800630076,0.550845368905958
"2022-05-25 17:00:00",-0.404072613760405,0.976929084419599
"2022-05-25 18:00:00",0.244093436268003,0.398714652244151
"2022-05-25 19:00:00",0.282049335740007,-0.204664046344612
"2022-05-25 20:00:00",0.454837679352573,0.415844776430699
"2022-05-25 21:00:00",0.864629932299121,0.385698139211155
"2022-05-25 22:00:00",0.688123702874613,-0.544029499577339
"2022-05-25 23:00:00",0.171837759971171,-0.474143688276539
"2022-05-26 00:00:00",1.46625624038149,2.41170862456671
"2022-05-26 01:00:00",2.45732988908006,-0.00498491370711363
"2022-05-26 02:00:00",2.86183994828084,0.655113528716962
"2022-05-26 03:00:00",3.79453701703613,1.06974071304739
"2022-05-26 04:00:00",4.12915802854014,-0.176241101344345
"2022-05-26 05:00:00",4.01663879917685,-0.0700126733563201
"2022-05-26 06:00:00",3.61904964563291,-0.602252422954927
"2022-05-26 07:00:00",1.99291025663449,-2.23610954988255
"2022-05-26 08:00:00",0.112948314237877,-1.55576769149392
"2022-05-26 09:00:00",-0.520278053153468,0.0117357469029832
"2022-05-26 10:00:00",-0.033567187718163,0.780897830327087
"2022-05-26 11:00:00",0.358506182948887,0.114273627648446
"2022-05-26 12:00:00",-1.02736382730657,-2.32055517424671
"2022-05-26 13:00:00",-1.80341502384448,0.291802020408015
"2022-05-26 14:00:00",-2.2620694597228,-0.93483144298758
"2022-05-26 15:00:00",-2.16222843100978,0.787781523377344
"2022-05-26 16:00:00",-1.39277122862501,0.723463321438622
"2022-05-26 17:00:00",-0.876981705176312,0.354627398340666
"2022-05-26 18:00:00",-0.171159784541578,0.907537513754841
"2022-05-26 19:00:00",0.658134022739041,0.737945265459651
"2022-05-26 20:00:00",1.70604600878892,1.20390879935079
"2022-05-26 21:00:00",2.57957262678533,0.609567728149748
"2022-05-26 22:00:00",3.18490313662228,0.570416802597864
"2022-05-26 23:00:00",3.79619058964875,0.605382053382145
"2022-05-27 00:00:00",3.09711883619825,-1.5403652330647
"2022-05-27 01:00:00",2.48021640973606,0.0240529067854763
"2022-05-27 02:00:00",2.6007369797153,0.175908201815817
"2022-05-27 03:00:00",2.82699099229648,0.245714575245802
"2022-05-27 04:00:00",2.71440220441663,-0.3497463587159
"2022-05-27 05:00:00",1.81043926215057,-1.23397644550118
"2022-05-27 06:00:00",0.257565858247127,-1.69400915918803
"2022-05-27 07:00:00",-1.55365401629995,-1.80362292406271
"2022-05-27 08:00:00",-2.78803664986324,-0.794236422822228
"2022-05-27 09:00:00",-3.24311596411417,-0.203760670331351
"2022-05-27 10:00:00",-3.53274169174015,-0.328926237618238
"2022-05-27 11:00:00",-3.96344311807389,-0.473531474266359
"2022-05-27 12:00:00",-4.24233436549159,-0.1307732821173
"2022-05-27 13:00:00",-4.15739628769984,0.230173669955569
"2022-05-27 14:00:00",-4.24811728422945,-0.294978950346144
"2022-05-27 15:00:00",-4.73117405395726,-0.5800112096895
"2022-05-27 16:00:00",-6.24991577042865,-2.06628527099087
"2022-05-27 17:00:00",-7.06461526761742,0.0664445195007913
"2022-05-27 18:00:00",-6.63692762416179,0.657292310815397
"2022-05-27 19:00:00",-5.76582075666911,0.980805372438086
"2022-05-27 20:00:00",-4.93008439357045,0.706741482392884
"2022-05-27 21:00:00",-4.43944815611147,0.329606677103215
"2022-05-27 22:00:00",-4.20912054319643,0.158918322805509
"2022-05-27 23:00:00",-4.67314361995582,-0.851836387584273
"2022-05-28 00:00:00",-5.10169533296359,-0.119980407429667
"2022-05-28 01:00:00",-4.87537921001302,0.452996198232303
"2022-05-28 02:00:00",-4.37429305888561,0.515616678184243
"2022-05-28 03:00:00",-4.0800811784149,0.138267113568204
"2022-05-28 04:00:00",-4.01647633036561,0.0160659594321413
"2022-05-28 05:00:00",-4.24224961614746,-0.371092507522282
"2022-05-28 06:00:00",-4.73571147922785,-0.546124518967549
"2022-05-28 07:00:00",-5.41136207169883,-0.723790948848471
"2022-05-28 08:00:00",-6.04338551733397,-0.533839739206952
"2022-05-28 09:00:00",-6.50443933643003,-0.382834231510816
"2022-05-28 10:00:00",-6.98492050346232,-0.514364274778892
"2022-05-28 11:00:00",-7.10817253827491,0.152342644881936
"2022-05-28 12:00:00",-7.27446976306988,-0.361658314938032
"2022-05-28 13:00:00",-7.57327224255477,-0.233326545958847
"2022-05-28 14:00:00",-7.89809996974662,-0.360632992679865
"2022-05-28 15:00:00",-8.18280511476709,-0.210380973161728
"2022-05-28 16:00:00",-8.28326110932338,-0.0118559833939963
"2022-05-28 17:00:00",-8.03645190206557,0.418195310923978
"2022-05-28 18:00:00",-7.73161242583653,0.2251401586624
"2022-05-28 19:00:00",-7.14143019556727,0.815457337884513
"2022-05-28 20:00:00",-5.98596026557651,1.33643638571563
"2022-05-28 21:00:00",-4.87824581138987,0.91031134850028
"2022-05-28 22:00:00",-4.75659782609713,-0.40361324685508
"2022-05-28 23:00:00",-5.20061049673013,-0.443716636406162
"2022-05-29 00:00:00",-4.78926230578844,0.968536251928419
"2022-05-29 01:00:00",-3.58215489305499,1.31496261790831
"2022-05-29 02:00:00",-2.6140143343352,0.695540294667522
"2022-05-29 03:00:00",-2.22830678101729,0.164195717827476
"2022-05-29 04:00:00",-2.21874878402529,-0.09111487702968
"2022-05-29 05:00:00",-2.56710352106397,-0.500432413806859
"2022-05-29 06:00:00",-3.69626905655918,-1.49134868298787
"2022-05-29 07:00:00",-5.58321115308622,-2.05623730734371
"2022-05-29 08:00:00",-7.2859127088557,-1.37890925526234
"2022-05-29 09:00:00",-8.3387349065232,-0.776016472597878
"2022-05-29 10:00:00",-8.88300751611513,-0.35317057143984
"2022-05-29 11:00:00",-8.99206807184395,0.0703057950711355
"2022-05-29 12:00:00",-9.63322777670386,-1.07340738053523
"2022-05-29 13:00:00",-10.2223351754874,-0.225838863776268
"2022-05-29 14:00:00",-10.2447842411081,0.127381061991789
"2022-05-29 15:00:00",-9.35251385084888,1.3729892550002
"2022-05-29 16:00:00",-8.49451590539975,0.485956309315991
"2022-05-29 17:00:00",-7.89780494463681,0.653136821366121
"2022-05-29 18:00:00",-7.10633633140731,0.85625524560856
"2022-05-29 19:00:00",-6.83186834520636,-0.11726897612279
"2022-05-29 20:00:00",-7.10874840954553,-0.361324978593204
"2022-05-29 21:00:00",-7.18308885469371,0.129672254225063
"2022-05-29 22:00:00",-7.35149872598599,-0.349869101979274
"2022-05-29 23:00:00",-7.73495001487847,-0.378144566873588
"2022-05-30 00:00:00",-6.42229559927445,2.38742540468124
"2022-05-30 01:00:00",-5.00450540830056,0.712280910035386
"2022-05-30 02:00:00",-4.70397204416499,0.0182072736734055
"2022-05-30 03:00:00",-4.79081957377617,-0.146694424104276
"2022-05-30 04:00:00",-4.67173970050725,0.296774572161836
"2022-05-30 05:00:00",-4.4291332468945,0.200986465955204
"2022-05-30 06:00:00",-4.67792159919624,-0.531103536147331
"2022-05-30 07:00:00",-5.5213534195091,-1.00553986797744
"2022-05-30 08:00:00",-6.40087955115626,-0.746609086294501
"2022-05-30 09:00:00",-6.73776447436343,-0.0394833996770043
"2022-05-30 10:00:00",-6.54545680748161,0.346376348718204
"2022-05-30 11:00:00",-6.36927807579513,0.0627781194669325
"2022-05-30 12:00:00",-7.34612814036372,-1.61529708905385
"2022-05-30 13:00:00",-7.87166352005802,0.235399433196572
"2022-05-30 14:00:00",-8.06363919335927,-0.457621640963815
"2022-05-30 15:00:00",-8.33211357744329,-0.119229844673011
"2022-05-30 16:00:00",-8.58809723544741,-0.32425042100699
"2022-05-30 17:00:00",-8.32947634216984,0.645972284505949
"2022-05-30 18:00:00",-7.67356059455858,0.642109243146241
"2022-05-30 19:00:00",-7.33728909876062,0.126291823567825
"2022-05-30 20:00:00",-6.45546137147349,1.35306072415773
"2022-05-30 21:00:00",-5.66980263963297,0.378381615106625
"2022-05-30 22:00:00",-4.84395732005264,1.09221185560839
"2022-05-30 23:00:00",-4.30320365508782,0.153666723858088
"2022-05-31 00:00:00",-4.29038372468789,-0.0761404494093649
"2022-05-31 01:00:00",-4.43663166267475,-0.180507295539994
"2022-05-31 02:00:00",-4.48085315213172,0.0544525791691291
"2022-05-31 03:00:00",-4.9826788029368,-0.843051092626078
"2022-05-31 04:00:00",-4.61223034568214,1.16825166230367
"2022-05-31 05:00:00",-3.5689474508522,0.91633895939992
"2022-05-31 06:00:00",-3.06270455967622,0.213392728976247
"2022-05-31 07:00:00",-3.20310614588872,-0.365642093573992
"2022-05-31 08:00:00",-3.69772060673384,-0.552963315148649
"2022-05-31 09:00:00",-4.33856189126145,-0.664208374138683
"2022-05-31 10:00:00",-4.75821891771893,-0.231093067521436
"2022-05-31 11:00:00",-4.93612801403298,-0.127868168996504
"2022-05-31 12:00:00",-5.17247640437065,-0.291075518271894
"2022-05-31 13:00:00",-5.40151376026682,-0.170130341859173
"2022-05-31 14:00:00",-5.39557987015698,0.129986452352439
"2022-05-31 15:00:00",-5.16955105359497,0.286267953279272
"2022-05-31 16:00:00",-4.42063788981852,1.02841167724816
"2022-05-31 17:00:00",-3.349308245813,1.05472865667683
"2022-05-31 18:00:00",-2.885833385066,0.0516042055693007
"2022-05-31 19:00:00",-3.94260203784806,-1.74173575686646
"2022-05-31 20:00:00",-4.82671940793307,-0.265288338376004
"2022-05-31 21:00:00",-4.78191712577318,0.255616580646424
"2022-05-31 22:00:00",-3.98252212658015,1.13008303560459
"2022-05-31 23:00:00",-3.48803609835635,0.0523960578912754
"2022-06-01 00:00:00",-3.62422413005001,-0.250942396199989
"2022-06-01 01:00:00",-2.82111350656149,1.47230761246252
"2022-06-01 02:00:00",-2.60335575614413,-0.625307114732672
"2022-06-01 03:00:00",-3.71096926255709,-1.37315790875359
"2022-06-01 04:00:00",-3.60618172980011,1.08987033463127
"2022-06-01 05:00:00",-2.60429851135714,0.900264196431372
"2022-06-01 06:00:00",-2.00930767291532,0.366561013501412
"2022-06-01 07:00:00",-1.74268312445991,0.189920723024027
"2022-06-01 08:00:00",-2.32875183592538,-1.07329103057778
"2022-06-01 09:00:00",-3.09724790351008,-0.5257836030794
"2022-06-01 10:00:00",-3.48034677652257,-0.265781615836817
"2022-06-01 11:00:00",-3.30697705458555,0.462378671591703
"2022-06-01 12:00:00",-3.44672102037336,-0.53025036961489
"2022-06-01 13:00:00",-3.52760491457933,0.226973670454474
"2022-06-01 14:00:00",-4.15730676057748,-1.16634051584049
"2022-06-01 15:00:00",-5.3147552724169,-1.09116231270855
"2022-06-01 16:00:00",-5.78970053945498,-0.0347231859236046
"2022-06-01 17:00:00",-5.35052332367648,0.741696638255915
"2022-06-01 18:00:00",-4.8426753714302,0.334713517357419
"2022-06-01 19:00:00",-4.72168356781538,-0.0209961318018819
"2022-06-01 20:00:00",-5.00997365732843,-0.44669934731267
"2022-06-01 21:00:00",-4.78739997058127,0.664627436051188
"2022-06-01 22:00:00",-4.31618250251885,0.326056741392889
"2022-06-01 23:00:00",-4.05614599076031,0.209228815709579
"2022-06-02 00:00:00",-3.84557204764135,0.206691073200744
"2022-06-02 01:00:00",-3.6796520493761,0.135810717009341
"2022-06-02 02:00:00",-3.32838298671153,0.482955034315821
"2022-06-02 03:00:00",-3.51375135534429,-0.617812243963203
"2022-06-02 04:00:00",-3.76603716966582,0.00791061574370938
"2022-06-02 05:00:00",-3.64195108057502,0.200491502847449
"2022-06-02 06:00:00",-3.76832224926155,-0.333577852438658
"2022-06-02 07:00:00",-4.15687569743325,-0.401883571799343
"2022-06-02 08:00:00",-4.87591843135778,-0.890953619347072
"2022-06-02 09:00:00",-5.38849386288996,-0.229687229701363
"2022-06-02 10:00:00",-5.05664975869069,0.697366567521327
"2022-06-02 11:00:00",-4.30078115761055,0.765466884048263
"2022-06-02 12:00:00",-4.32175149563026,-0.538714488556703
"2022-06-02 13:00:00",-4.3736544470884,0.28066797021135
"2022-06-02 14:00:00",-4.47665248825113,-0.3482407839869
"2022-06-02 15:00:00",-4.59135783904647,0.0522016246640088
"2022-06-02 16:00:00",-4.82796847106264,-0.411988891642275
"2022-06-02 17:00:00",-4.94387400073274,0.0932090958107707
"2022-06-02 18:00:00",-4.42518165815793,0.784065771484284
"2022-06-02 19:00:00",-5.11199471106425,-1.62904316909633
"2022-06-02 20:00:00",-4.23389464313622,2.51436117139466
"2022-06-02 21:00:00",-3.12845509625722,0.119100348967858
"2022-06-02 22:00:00",-3.9298573585156,-1.37294685835618
"2022-06-02 23:00:00",-5.25319545582181,-1.22231797633684
"2022-06-03 00:00:00",-4.22263527924951,2.49025123474382
"2022-06-03 01:00:00",-3.07923568294611,0.196621343440314
"2022-06-03 02:00:00",-3.19646066859133,-0.316913987857248
"2022-06-03 03:00:00",-3.51435773829606,-0.299327236798118
"2022-06-03 04:00:00",-4.00858410237145,-0.59614301314629
"2022-06-03 05:00:00",-3.08770589701374,1.89361448568358
"2022-06-03 06:00:00",-0.967978718392305,2.1737171561482
"2022-06-03 07:00:00",0.196245537098569,0.437164513872695
"2022-06-03 08:00:00",0.296709516572528,-0.129026112505495
"2022-06-03 09:00:00",0.0661206411156347,-0.287721142557581
"2022-06-03 10:00:00",-0.062718854445007,-0.0168830214860071
"2022-06-03 11:00:00",0.171657227207035,0.390822736307544
"2022-06-03 12:00:00",0.700134119827047,0.594910699297691
"2022-06-03 13:00:00",1.35123557703981,0.656719216497539
"2022-06-03 14:00:00",1.8387292517755,0.349771972314273
"2022-06-03 15:00:00",2.27534676936692,0.471396406411457
"2022-06-03 16:00:00",2.78492155523068,0.507879940195087
"2022-06-03 17:00:00",3.43322791246457,0.707526646302205
"2022-06-03 18:00:00",3.42944027358395,-0.482233199640108
"2022-06-03 19:00:00",2.54767713229494,-1.11063027568199
"2022-06-03 20:00:00",2.48828186166236,0.640955714283252
"2022-06-03 21:00:00",2.7936934407791,0.063999920689869
"2022-06-03 22:00:00",2.83598579429207,0.0222112401226131
"2022-06-03 23:00:00",2.71526902946895,-0.213918546017915
"2022-06-04 00:00:00",3.01987768801263,0.632313924402232
"2022-06-04 01:00:00",3.00422422757606,-0.450771970934447
"2022-06-04 02:00:00",3.13430463071959,0.507256203489158
"2022-06-04 03:00:00",3.29875023178708,-0.0759441364028866
"2022-06-04 04:00:00",3.1185076666142,-0.245459419546565
"2022-06-04 05:00:00",2.64654810523308,-0.604548382872304
"2022-06-04 06:00:00",1.84598994944182,-0.896597449377703
"2022-06-04 07:00:00",1.57148959977048,0.150889382421781
"2022-06-04 08:00:00",1.5266812242485,-0.175167090720003
"2022-06-04 09:00:00",1.10543921370176,-0.567239308146219
"2022-06-04 10:00:00",0.770545252711052,-0.165510200646911
"2022-06-04 11:00:00",1.13205607473581,0.694680545893557
"2022-06-04 12:00:00",0.879183583159291,-0.874006258489568
"2022-06-04 13:00:00",0.394892621100899,-0.202604874839581
"2022-06-04 14:00:00",0.151108664347673,-0.260160613776216
"2022-06-04 15:00:00",0.281148169148626,0.383794406574915
"2022-06-04 16:00:00",0.478742146599894,0.0637106320762818
"2022-06-04 17:00:00",0.637269373149028,0.213587203650774
"2022-06-04 18:00:00",0.75361780939118,0.0451737020886279
"2022-06-04 19:00:00",-0.0304488612859692,-1.30059700173868
"2022-06-04 20:00:00",-1.38593521911519,-1.32762756635575
"2022-06-04 21:00:00",-2.26617091507594,-0.538365348171894
"2022-06-04 22:00:00",-2.86005534382556,-0.599755338933093
"2022-06-04 23:00:00",-3.56024910013217,-0.7301933568148
"2022-06-05 00:00:00",-3.88231406359925,-0.0300919274347984
"2022-06-05 01:00:00",-4.29733255814732,-0.646907721344761
"2022-06-05 02:00:00",-4.53384129185897,0.0538622317365851
"2022-06-05 03:00:00",-4.53185956863817,-0.0268565796371829
"2022-06-05 04:00:00",-4.1237900770561,0.684463837111222
"2022-06-05 05:00:00",-3.0671322207008,1.25988520234341
"2022-06-05 06:00:00",-1.73825868305622,1.31567006030629
"2022-06-05 07:00:00",-0.47627260909393,1.16846850044461
"2022-06-05 08:00:00",0.719326655744346,1.15748574947602
"2022-06-05 09:00:00",1.89827491841475,1.13630657798903
"2022-06-05 10:00:00",2.9839035237785,0.997809379285568
"2022-06-05 11:00:00",3.92936463380395,0.861790104676062
"2022-06-05 12:00:00",4.7968314340845,0.824966373086778
"2022-06-05 13:00:00",5.56515469685577,0.687870424099736
"2022-06-05 14:00:00",6.00230948585982,0.242069310039618
"2022-06-05 15:00:00",6.35195544810036,0.397013016338007
"2022-06-05 16:00:00",6.75848063192686,0.385363604007611
"2022-06-05 17:00:00",7.31447129916682,0.634610851289174
"2022-06-05 18:00:00",7.545107632101,-0.0590605445597892
"2022-06-05 19:00:00",7.11362300145942,-0.668981876681709
"2022-06-05 20:00:00",6.84628167686188,0.0039518197961359
"2022-06-05 21:00:00",7.30448383545646,0.730435035930155
"2022-06-05 22:00:00",7.4504145747782,-0.260079263288956
"2022-06-05 23:00:00",7.15886010479826,-0.308283677045399
"2022-06-06 00:00:00",7.75433510148722,1.16044912550389
"2022-06-06 01:00:00",8.54199520549484,0.491716988033725
"2022-06-06 02:00:00",8.51449535764503,-0.383338954406174
"2022-06-06 03:00:00",8.00293579354165,-0.583701285041148
"2022-06-06 04:00:00",7.70259468444383,-0.107478051396578
"2022-06-06 05:00:00",6.82999045577339,-1.35113965904039
"2022-06-06 06:00:00",5.55119169856083,-1.17860570586603
"2022-06-06 07:00:00",4.83028112115343,-0.388681685837628
"2022-06-06 08:00:00",4.57873689914281,-0.154391851639587
"2022-06-06 09:00:00",4.63428952477495,0.18697327815011
"2022-06-06 10:00:00",4.94564940347253,0.373515530165186
"2022-06-06 11:00:00",4.91271262071552,-0.308708216737199
"2022-06-06 12:00:00",1.49043388100218,-5.34166333465677
"2022-06-06 13:00:00",0.0728675871825923,1.26389543387323
"2022-06-06 14:00:00",1.43008162342247,1.35483755029469
"2022-06-06 15:00:00",2.26752568041875,0.450883294089684
"2022-06-06 16:00:00",1.69773114693003,-1.22608056556055
"2022-06-06 17:00:00",0.878189969169804,-0.511763121361666
"2022-06-06 18:00:00",0.667179836915759,-0.00161609600192833
"2022-06-06 19:00:00",0.597017544913306,-0.113384641255908
"2022-06-06 20:00:00",0.840295312407205,0.468718968440532
"2022-06-06 21:00:00",0.428391697420756,-0.980484815338486
"2022-06-06 22:00:00",0.18365913748806,0.256838159359167
"2022-06-06 23:00:00",0.0488021251418654,-0.389811054821155
"2022-06-07 00:00:00",1.20277818780127,2.12825098330593
"2022-06-07 01:00:00",1.57244969372931,-0.821811433886191
"2022-06-07 02:00:00",2.25479001768597,1.65064057987179
"2022-06-07 03:00:00",1.59105173658035,-2.17799652648457
"2022-06-07 04:00:00",1.25748619662484,0.909834922062926
"2022-06-07 05:00:00",2.15804323534453,0.849957604881413
"2022-06-07 06:00:00",2.57703447815485,0.108994153642026
"2022-06-07 07:00:00",2.42969794765028,-0.314540181683015
"2022-06-07 08:00:00",1.87834647893222,-0.686154021154176
"2022-06-07 09:00:00",1.29857818072882,-0.483715894474283
"2022-06-07 10:00:00",1.30657391788172,0.333744653729034
"2022-06-07 11:00:00",1.42008525565556,-0.0403860213130851
"2022-06-07 12:00:00",1.4028172891185,-0.00286554365162376
"2022-06-07 13:00:00",1.45573364138343,0.0857814387140921
"2022-06-07 14:00:00",0.988562190183503,-0.81547664232664
"2022-06-07 15:00:00",0.739158270535655,0.138549170811307
"2022-06-07 16:00:00",1.01357507410217,0.351001107436369
"2022-06-07 17:00:00",1.68432690772622,0.850735595248147
"2022-06-07 18:00:00",2.39011003375453,0.573441003868222
"2022-06-07 19:00:00",1.54155923291315,-1.75928660309485
"2022-06-07 20:00:00",0.0949179983714377,-1.17145749838285
"2022-06-07 21:00:00",0.164771055924913,0.893937750822019
"2022-06-07 22:00:00",-0.175893414877221,-1.1477428667188
"2022-06-07 23:00:00",-0.91278197914558,-0.42774720136011
"2022-06-08 00:00:00",0.523421400005246,2.61174483150653
"2022-06-08 01:00:00",1.67027922106251,0.115110570277417
"2022-06-08 02:00:00",1.12044724427894,-0.969144164270562
"2022-06-08 03:00:00",0.814761065517086,0.149693872638099
"2022-06-08 04:00:00",1.24470156682989,0.595288033873721
"2022-06-08 05:00:00",2.31983306012465,1.34232824882112
"2022-06-08 06:00:00",3.28306876633191,0.661749949796494
"2022-06-08 07:00:00",3.51002484670583,-0.0779169527289555
"2022-06-08 08:00:00",3.30910570237359,-0.277894672867016
"2022-06-08 09:00:00",2.56611803181121,-1.02200222841866
"2022-06-08 10:00:00",2.40555682089292,0.418046166220082
"2022-06-08 11:00:00",2.76280546508116,0.296641632248368
"2022-06-08 12:00:00",2.41486149368162,-0.764686505585128
"2022-06-08 13:00:00",2.18740269724737,0.138383868970195
"2022-06-08 14:00:00",2.54775905445331,0.488392933537124
"2022-06-08 15:00:00",2.75075189738603,-0.000199787296291637
"2022-06-08 16:00:00",3.12313604302313,0.599529171731104
"2022-06-08 17:00:00",3.61892758856313,0.399050142500082
"2022-06-08 18:00:00",4.10025081868771,0.508635522839157
"2022-06-08 19:00:00",4.12237405326136,-0.308547653434352
"2022-06-08 20:00:00",4.07156164018962,0.11811067484745
"2022-06-08 21:00:00",4.05495940338852,-0.110866994851585
"2022-06-08 22:00:00",4.08162571716049,0.11186126656593
"2022-06-08 23:00:00",3.94425337608244,-0.302256989528962
"2022-06-09 00:00:00",4.04429623361225,0.3584017001843
"2022-06-09 01:00:00",4.50008063632155,0.49383506216335
"2022-06-09 02:00:00",4.80970182298249,0.166302228984826
"2022-06-09 03:00:00",4.44004834218706,-0.715583310190265
"2022-06-09 04:00:00",3.83700227307834,-0.505087575800738
"2022-06-09 05:00:00",3.86005065402215,0.369093476105062
"2022-06-09 06:00:00",3.56657753587912,-0.726205101993736
"2022-06-09 07:00:00",1.8947523877747,-2.22737967147707
"2022-06-09 08:00:00",-0.285726337378916,-2.04803857854527
"2022-06-09 09:00:00",-1.04897147865615,0.129906436892136
"2022-06-09 10:00:00",-1.66901445463805,-1.08918505284345
"2022-06-09 11:00:00",-1.96669345241466,0.246278981874775
"2022-06-09 12:00:00",-2.80816071672557,-1.52409890946222
"2022-06-09 13:00:00",-4.21842907673749,-1.26374898065505
"2022-06-09 14:00:00",-4.89621002698768,-0.249498638170581
"2022-06-09 15:00:00",-4.46495754472608,0.870895282197844
"2022-06-09 16:00:00",-2.9920707803402,1.80997052510035
"2022-06-09 17:00:00",-1.29180706443261,1.55018721037861
"2022-06-09 18:00:00",0.165020803843223,1.32702645242942
"2022-06-09 19:00:00",0.930053364141624,0.353809800621842
"2022-06-09 20:00:00",1.24394382688772,0.271163685115697
"2022-06-09 21:00:00",1.60416019681611,0.400863631561288
"2022-06-09 22:00:00",1.65307741871119,-0.190101378967608
"2022-06-09 23:00:00",1.66488342161355,0.143717485890401
"2022-06-10 00:00:00",1.72126461259169,-0.00666658052058123
"2022-06-10 01:00:00",1.49402600135998,-0.365703926407316
"2022-06-10 02:00:00",0.972924435179859,-0.60186102472775
"2022-06-10 03:00:00",0.38480756318146,-0.552261028914641
"2022-06-10 04:00:00",0.262020993187744,0.1688637717619
"2022-06-10 05:00:00",0.552635493099715,0.357632826093015
"2022-06-10 06:00:00",0.783886886725322,0.135297488812659
"2022-06-10 07:00:00",0.707998091417181,-0.214081197014355
"2022-06-10 08:00:00",0.400692659652952,-0.355763237291432
"2022-06-10 09:00:00",0.0498939073143812,-0.331335751258463
"2022-06-10 10:00:00",-0.065988468250539,0.0331931422250756
"2022-06-10 11:00:00",0.166086576970539,0.353717713910513
"2022-06-10 12:00:00",0.581718561172622,0.436942883224534
"2022-06-10 13:00:00",1.28952582867595,0.853996323669357
"2022-06-10 14:00:00",1.90730079124336,0.429278771725862
"2022-06-10 15:00:00",2.41349087026912,0.530951850134549
"2022-06-10 16:00:00",2.95092877733878,0.513113154178835
"2022-06-10 17:00:00",3.27027736922796,0.171196607656839
"2022-06-10 18:00:00",3.4385415499862,0.154099391654106
"2022-06-10 19:00:00",3.65214952782183,0.238698294267301
"2022-06-10 20:00:00",2.84227995464403,-1.47512465942815
"2022-06-10 21:00:00",1.76251124770459,-0.768555163694631
"2022-06-10 22:00:00",2.16157741012332,1.15623268467689
"2022-06-10 23:00:00",3.24870525583538,0.986613716428976
"2022-06-11 00:00:00",3.66179355369117,0.00692852665818805
"2022-06-11 01:00:00",3.47670732188379,-0.309017298551652
"2022-06-11 02:00:00",3.85373423336841,0.811985837572245
"2022-06-11 03:00:00",4.6758275317053,0.784800241285127
"2022-06-11 04:00:00",4.8228670151065,-0.291139638070012
"2022-06-11 05:00:00",5.28412650182337,0.934716941225408
"2022-06-11 06:00:00",6.4380545775053,1.23842333782883
"2022-06-11 07:00:00",6.68049152765334,-0.441359243763143
"2022-06-11 08:00:00",5.99300253379396,-0.82751213636354
"2022-06-11 09:00:00",5.20725579930143,-0.728287981297439
"2022-06-11 10:00:00",5.02844257592569,0.189284129630082
"2022-06-11 11:00:00",4.70717105336891,-0.652849214512072
"2022-06-11 12:00:00",4.78853251401109,0.560895082437682
"2022-06-11 13:00:00",4.45890920674518,-0.913799188847994
"2022-06-11 14:00:00",3.42542584061724,-1.06990673410015
"2022-06-11 15:00:00",3.08147360632715,0.151939648393633
"2022-06-11 16:00:00",4.0301007022034,1.43069415600215
"2022-06-11 17:00:00",5.27652897443993,1.05916378651006
"2022-06-11 18:00:00",5.82374976032966,0.173128331306279
"2022-06-11 19:00:00",5.58129131125381,-0.515494606438425
"2022-06-11 20:00:00",4.92963809549062,-0.718649972717611
"2022-06-11 21:00:00",4.12984383004265,-0.822236146590846
"2022-06-11 22:00:00",3.36868082563472,-0.689599986862789
"2022-06-11 23:00:00",2.8990180779119,-0.305063196673801
"2022-06-12 00:00:00",2.1991817012231,-0.933493933470024
"2022-06-12 01:00:00",1.3437622169071,-0.765555603634128
"2022-06-12 02:00:00",1.39240017188014,0.587381671316785
"2022-06-12 03:00:00",1.6677157931902,0.0523980439191613
"2022-06-12 04:00:00",2.38131139329965,1.11832790127187
"2022-06-12 05:00:00",3.14509779132175,0.488066206621902
"2022-06-12 06:00:00",3.10462169018092,-0.394961042087651
"2022-06-12 07:00:00",2.15902795559844,-1.27174258415613
"2022-06-12 08:00:00",1.25290518436634,-0.622104093496303
"2022-06-12 09:00:00",1.46869817369757,0.762512766116684
"2022-06-12 10:00:00",2.23502554666703,0.730562458932917
"2022-06-12 11:00:00",2.68502646328184,0.238699252839372
"2022-06-12 12:00:00",2.21120854216692,-0.929765728138588
"2022-06-12 13:00:00",2.13644663725913,0.495934288905272
"2022-06-12 14:00:00",2.84238893444511,0.809646328450167
"2022-06-12 15:00:00",3.27170613822638,0.151705174100032
"2022-06-12 16:00:00",3.28543603881481,-0.083120401946435
"2022-06-12 17:00:00",3.30673442613955,0.0856640520759575
"2022-06-12 18:00:00",3.4999577812724,0.251485451364437
"2022-06-12 19:00:00",3.02945668512996,-0.933969442453564
"2022-06-12 20:00:00",2.3016213688617,-0.559732367648135
"2022-06-12 21:00:00",2.18181260667832,0.176196058029477
"2022-06-12 22:00:00",2.15381684905457,-0.16560246656868
"2022-06-12 23:00:00",1.57943064895555,-0.822385016637834
"2022-06-13 00:00:00",2.22333887140409,1.58878716579349
"2022-06-13 01:00:00",2.53119138092543,-0.56358342541332
"2022-06-13 02:00:00",2.21505010283848,-0.139421487965545
"2022-06-13 03:00:00",1.72688805260503,-0.700308983917344
"2022-06-13 04:00:00",1.32910957049294,-0.179417974152914
"2022-06-13 05:00:00",1.00783501267017,-0.402289938691693
"2022-06-13 06:00:00",0.519076393545332,-0.524476627653811
"2022-06-13 07:00:00",-0.994987567050146,-2.10249922637318
"2022-06-13 08:00:00",-2.75350208271773,-1.44434963702549
"2022-06-13 09:00:00",-3.45208817616693,-0.164674292241847
"2022-06-13 10:00:00",-3.98596692537959,-0.750192970795974
"2022-06-13 11:00:00",-3.74460913045528,0.896047592740588
"2022-06-13 12:00:00",-2.92310564474176,0.737596224161472
"2022-06-13 13:00:00",-4.90205591680309,-3.69214549814574
"2022-06-13 14:00:00",-6.52838959026755,-0.165549980756667
"2022-06-13 15:00:00",-6.05686344477443,0.882242215905664
"2022-06-13 16:00:00",-6.74949351315441,-1.70180898656876
"2022-06-13 17:00:00",-7.30847381227262,0.238152361201012
"2022-06-13 18:00:00",-6.47523814534591,1.19977400623579
"2022-06-13 19:00:00",-5.50644137735646,0.777121910419447
"2022-06-13 20:00:00",-4.98008468432444,0.341266153128117
"2022-06-13 21:00:00",-4.7847734308991,0.0951458826166189
"2022-06-13 22:00:00",-4.58846496335935,0.260586236372924
"2022-06-13 23:00:00",-4.15040778952096,0.541465612057729
"2022-06-14 00:00:00",-3.96021417694016,-0.0476734411124156
"2022-06-14 01:00:00",-4.13890633241851,-0.252442036882417
"2022-06-14 02:00:00",-4.30096813981682,-0.0887748903834316
"2022-06-14 03:00:00",-4.46540325197847,-0.201518347391369
"2022-06-14 04:00:00",-4.31582341277775,0.382287500166281
"2022-06-14 05:00:00",-4.02549735151402,0.220784715508624
"2022-06-14 06:00:00",-4.2060841597676,-0.434394691775375
"2022-06-14 07:00:00",-4.61052576478725,-0.359834471346897
"2022-06-14 08:00:00",-4.83204980960147,-0.112850869396984
"2022-06-14 09:00:00",-5.36634273568112,-0.783633731259345
"2022-06-14 10:00:00",-6.47754514243556,-1.26985916085775
"2022-06-14 11:00:00",-6.93043975220893,0.121607411374731
"2022-06-14 12:00:00",-6.99764126237973,-0.180948088913301
"2022-06-14 13:00:00",-6.66678855478665,0.665342690825022
"2022-06-14 14:00:00",-6.17966604038354,0.353754118570839
"2022-06-14 15:00:00",-5.54839667818445,0.794241972448019
"2022-06-14 16:00:00",-5.01661482996946,0.338691099121886
"2022-06-14 17:00:00",-4.38683857593245,0.80036756764194
"2022-06-14 18:00:00",-3.63803781009853,0.684493809309872
"2022-06-14 19:00:00",-3.45967394380367,-0.162838166402387
"2022-06-14 20:00:00",-4.1701997400738,-1.03742285851603
"2022-06-14 21:00:00",-4.46382511341194,0.221557821744621
"2022-06-14 22:00:00",-4.70436306430277,-0.531414315404365
"2022-06-14 23:00:00",-4.42846086162004,0.807055439811737
"2022-06-15 00:00:00",-5.17280247793569,-1.73751170000999
"2022-06-15 01:00:00",-6.86429066682462,-1.57376228473234
"2022-06-15 02:00:00",-7.02018837489469,0.805582812552484
"2022-06-15 03:00:00",-5.46918175291659,1.98329077109017
"2022-06-15 04:00:00",-4.56062195852883,0.155957979036411
"2022-06-15 05:00:00",-3.38327420612838,1.80819274240396
"2022-06-15 06:00:00",-1.66918219511347,1.57426637275476
"2022-06-15 07:00:00",-0.668451684757203,0.572976564866363
"2022-06-15 08:00:00",-0.556360275693442,-0.199625313414714
"2022-06-15 09:00:00",-0.698996257691102,-0.09714884324898
"2022-06-15 10:00:00",-0.630107934180106,0.17720509086157
"2022-06-15 11:00:00",-0.122172876789555,0.705093180122867
"2022-06-15 12:00:00",0.306352020595245,0.223943363901539
"2022-06-15 13:00:00",1.07688975502646,1.09791759761934
"2022-06-15 14:00:00",1.48327449314947,-0.0753281891378288
"2022-06-15 15:00:00",1.6022600471881,0.240960400770788
"2022-06-15 16:00:00",1.99326421611476,0.47038672405845
"2022-06-15 17:00:00",2.62484883174517,0.706467052832058
"2022-06-15 18:00:00",2.99571497764916,0.126130301731216
"2022-06-15 19:00:00",2.19652791825036,-1.38193827840073
"2022-06-15 20:00:00",1.0119552929303,-0.999538054850107
"2022-06-15 21:00:00",0.372479484666276,-0.37035489154843
"2022-06-15 22:00:00",-0.0952514998170667,-0.510900981695647
"2022-06-15 23:00:00",-0.70800880096481,-0.651419792069475
"2022-06-16 00:00:00",-0.511060040912518,0.754071689204535
"2022-06-16 01:00:00",-0.485569906783975,-0.460775413896285
"2022-06-16 02:00:00",-0.548477488103469,0.205948186092617
"2022-06-16 03:00:00",-0.329398201136851,0.218129464984924
"2022-06-16 04:00:00",-0.302448977258359,-0.101358263611181
"2022-06-16 05:00:00",-0.087630213417645,0.415781569210956
"2022-06-16 06:00:00",0.36204097765976,0.451008724208687
"2022-06-16 07:00:00",1.06698305795906,0.840263202645669
"2022-06-16 08:00:00",1.21227007036255,-0.32630146804109
"2022-06-16 09:00:00",1.00646829054899,-0.117252570435316
"2022-06-16 10:00:00",1.06618328244143,0.173556823025907
"2022-06-16 11:00:00",1.2732152610509,0.218136465926002
"2022-06-16 12:00:00",0.958670874220823,-0.656352662661949
"2022-06-16 13:00:00",0.655280680189098,-0.0549042928737658
"2022-06-16 14:00:00",0.618331989072529,-0.0240671061489478
"2022-06-16 15:00:00",0.161763789505045,-0.723998338534311
"2022-06-16 16:00:00",-0.364809287777376,-0.370144496087522
"2022-06-16 17:00:00",-0.421928642379324,0.154744910810917
"2022-06-16 18:00:00",-0.662111609406178,-0.491506731035747
"2022-06-16 19:00:00",-1.03728496647223,-0.278937894999027
"2022-06-16 20:00:00",-1.33705731715969,-0.2980801226202
"2022-06-16 21:00:00",-1.55935604535511,-0.159492233991801
"2022-06-16 22:00:00",-1.78843812858618,-0.262579318768045
"2022-06-16 23:00:00",-1.84312942446787,0.0888018445431098
"2022-06-17 00:00:00",-1.74277529004832,0.105661815357732
"2022-06-17 01:00:00",-1.34043697757544,0.583246173923621
"2022-06-17 02:00:00",-1.18082508419739,-0.128663557760826
"2022-06-17 03:00:00",-1.59634767257449,-0.58549173580787
"2022-06-17 04:00:00",-1.4047689961428,0.702570208640859
"2022-06-17 05:00:00",-0.555167036094304,0.909059110243714
"2022-06-17 06:00:00",0.206724835741888,0.628292812464156
"2022-06-17 07:00:00",0.565087325619999,0.161116444675166
"2022-06-17 08:00:00",0.536210521613114,-0.154892789789345
"2022-06-17 09:00:00",0.38215727651858,-0.146864005453376
"2022-06-17 10:00:00",0.427041788368222,0.170089365666153
"2022-06-17 11:00:00",0.799656068630155,0.489371931523613
"2022-06-17 12:00:00",1.35581819578424,0.573229271145869
"2022-06-17 13:00:00",1.83546490038418,0.392719777388228
"2022-06-17 14:00:00",1.889783853362,-0.17622415544501
"2022-06-17 15:00:00",1.55785701718213,-0.422389085349759
"2022-06-17 16:00:00",1.71671016594572,0.536785371517843
"2022-06-17 17:00:00",2.28103749584805,0.553659707761679
"2022-06-17 18:00:00",2.87570699963531,0.5908112579021
"2022-06-17 19:00:00",4.21191018896346,1.7659216001486
"2022-06-17 20:00:00",5.33822374179987,0.640966253438589
"2022-06-17 21:00:00",4.68739094530127,-1.48796925561584
"2022-06-17 22:00:00",4.36362020204438,0.461693699648685
"2022-06-17 23:00:00",4.8077608595321,0.405710606703923
"2022-06-18 00:00:00",4.76952924929181,-0.338566601546098
"2022-06-18 01:00:00",4.51891409648956,-0.186218768823774
"2022-06-18 02:00:00",4.49670554737685,0.0823620313206888
"2022-06-18 03:00:00",4.48981379443902,-0.0718602130894454
"2022-06-18 04:00:00",5.07420608205446,0.988331056031961
"2022-06-18 05:00:00",6.23555747130898,1.21497105609842
"2022-06-18 06:00:00",7.35238861868595,0.990299437477125
"2022-06-18 07:00:00",8.22734759580623,0.747014893017405
"2022-06-18 08:00:00",9.02787524412217,0.78755993163976
"2022-06-18 09:00:00",9.84913402058838,0.793065323188797
"2022-06-18 10:00:00",10.5685932947233,0.62350961108308
"2022-06-18 11:00:00",11.0725560852286,0.386699626654746
"2022-06-18 12:00:00",11.9826512301506,1.20150440600072
"2022-06-18 13:00:00",12.9817712503361,0.801281044536824
"2022-06-18 14:00:00",13.412140463587,0.145919718262604
"2022-06-18 15:00:00",12.9121645526874,-0.92409000733734
"2022-06-18 16:00:00",12.9243448156254,0.619132530682513
"2022-06-18 17:00:00",12.5326341051795,-1.06363522197503
"2022-06-18 18:00:00",12.4886209006893,0.621665293788425
"2022-06-18 19:00:00",12.4085662657945,-0.560148647508362
"2022-06-18 20:00:00",10.838463435238,-2.1847735806107
"2022-06-18 21:00:00",9.44327588957395,-0.816473738589875
"2022-06-18 22:00:00",8.89017388327251,-0.363409332970699
"2022-06-18 23:00:00",8.48960613106959,-0.417760730035354
"2022-06-19 00:00:00",7.57397220030793,-1.21497311874235
"2022-06-19 01:00:00",7.12021764182975,0.0655182373765141
"2022-06-19 02:00:00",7.4927037453957,0.550252505380292
"2022-06-19 03:00:00",7.72151609195759,-0.00600554992818253
"2022-06-19 04:00:00",7.97286802208372,0.401026687966975
"2022-06-19 05:00:00",8.74071967735186,0.96563587789427
"2022-06-19 06:00:00",10.1000128072207,1.5458708707659
"2022-06-19 07:00:00",11.9874637576526,2.0124618641928
"2022-06-19 08:00:00",13.5889177457264,1.23590631309805
"2022-06-19 09:00:00",14.9364650979658,1.34042824879601
"2022-06-19 10:00:00",16.1657229879321,1.0774849619917
"2022-06-19 11:00:00",16.59925084426,-0.0372016664134244
"2022-06-19 12:00:00",14.4961946612458,-3.40172308213206
"2022-06-19 13:00:00",12.0249271513553,-1.75222097436356
"2022-06-19 14:00:00",10.2427784036873,-1.73290896494219
"2022-06-19 15:00:00",8.03368168381582,-2.4347737982753
"2022-06-19 16:00:00",4.45052648469717,-4.18881278860308
"2022-06-19 17:00:00",3.18458604910666,0.737029928527176
"2022-06-19 18:00:00",3.33688733428532,-0.248852121287169
"2022-06-19 19:00:00",2.38348432957594,-1.38209045135664
"2022-06-19 20:00:00",0.965492188106509,-1.37761546921001
"2022-06-19 21:00:00",-0.196456798755913,-0.964202823338782
"2022-06-19 22:00:00",-0.827052342352218,-0.377975803108365
"2022-06-19 23:00:00",-1.00464185950308,-0.0344962431663704
"2022-06-20 00:00:00",-1.2642632783437,-0.396070711244322
"2022-06-20 01:00:00",-1.1106677524627,0.514363850739748
"2022-06-20 02:00:00",-0.916689176573871,-0.0273945310615229
"2022-06-20 03:00:00",-1.07999843473476,-0.244975951318028
"2022-06-20 04:00:00",-0.951672561558203,0.372483265988916
"2022-06-20 05:00:00",-0.836220568500462,-0.0601591746095497
"2022-06-20 06:00:00",-1.46346649492246,-0.974413494418176
"2022-06-20 07:00:00",-3.1124474375635,-2.01844063894545
"2022-06-20 08:00:00",-4.86996454739329,-1.49604426236155
"2022-06-20 09:00:00",-6.23221725871567,-1.20205106392711
"2022-06-20 10:00:00",-7.35148614883601,-1.00286396124178
"2022-06-20 11:00:00",-8.40153080160406,-1.02212737520634
"2022-06-20 12:00:00",-10.3388110948655,-2.4444874312264
"2022-06-20 13:00:00",-11.6055595058305,-0.408084724246996
"2022-06-20 14:00:00",-11.6555209136215,0.206112439951382
"2022-06-20 15:00:00",-11.1333642489233,0.723055956003414
"2022-06-20 16:00:00",-9.40509590103406,2.33061881380423
"2022-06-20 17:00:00",-7.68098559477945,1.2499688908409
"2022-06-20 18:00:00",-6.17499678138937,1.6149999396781
"2022-06-20 19:00:00",-5.03132770173958,0.783064474313383
"2022-06-20 20:00:00",-4.6344867829407,0.126988624175865
"2022-06-20 21:00:00",-4.71189005923951,-0.204012105617224
"2022-06-20 22:00:00",-4.76339522013239,0.0586836294466465
"2022-06-20 23:00:00",-4.52337421836319,0.355642985611093
"2022-06-21 00:00:00",-4.58860291229212,-0.336876642946685
"2022-06-21 01:00:00",-4.47283195495978,0.417942413476074
"2022-06-21 02:00:00",-4.1275803925581,0.286149353963942
"2022-06-21 03:00:00",-3.76769213009012,0.397263826718859
"2022-06-21 04:00:00",-3.48586956491502,0.196326030111567
"2022-06-21 05:00:00",-3.29298587355415,0.185915004980853
"2022-06-21 06:00:00",-3.29791166603008,-0.127673441562874
"2022-06-21 07:00:00",-3.35618758607154,-0.00499277917438116
"2022-06-21 08:00:00",-3.27213621963666,0.143743828132395
"2022-06-21 09:00:00",-2.8118776013897,0.653610176850311
"2022-06-21 10:00:00",-2.09963576156655,0.721107052962016
"2022-06-21 11:00:00",-1.28288438788468,0.844407257111327
"2022-06-21 12:00:00",-1.14760013237495,-0.342231919482471
"2022-06-21 13:00:00",-0.924013763150958,0.591646294868422
"2022-06-21 14:00:00",-0.602497008638706,0.127345850206228
"2022-06-21 15:00:00",-0.449050050104655,0.16433207734942
"2022-06-21 16:00:00",-0.0978855520474182,0.459608871630425
"2022-06-21 17:00:00",0.559613902643304,0.758306462552603
"2022-06-21 18:00:00",0.954398500395549,0.132959759716089
"2022-06-21 19:00:00",0.557541882340195,-0.732433025980167
"2022-06-21 20:00:00",-1.10408092833837,-2.20283138994331
"2022-06-21 21:00:00",-1.17798017680969,1.35029920377654
"2022-06-21 22:00:00",-1.38483095269119,-1.23358585159081
"2022-06-21 23:00:00",-1.95685884654074,-0.102029828523238
"2022-06-22 00:00:00",-0.847731408538189,1.86636853842947
"2022-06-22 01:00:00",-0.161416848268561,-0.131895632140028
"2022-06-22 02:00:00",-1.99183803420011,-2.87556396735554
"2022-06-22 03:00:00",-2.84593893452604,0.536671354808118
"2022-06-22 04:00:00",-2.32702786957711,0.486080016186657
"2022-06-22 05:00:00",-1.02087665044463,1.79378724087383
"2022-06-22 06:00:00",0.780736539796817,1.72253439801716
"2022-06-22 07:00:00",1.94993637328457,0.743750683603187
"2022-06-22 08:00:00",2.41039164315536,0.247201636493855
"2022-06-22 09:00:00",2.32368499636125,-0.30829418069249
"2022-06-22 10:00:00",2.15619937891167,-0.0686503108580674
"2022-06-22 11:00:00",2.17935331893423,0.0804770094975049
"2022-06-22 12:00:00",2.46849327086619,0.411698177972422
"2022-06-22 13:00:00",3.00479676127043,0.590706607111941
"2022-06-22 14:00:00",3.36133752874462,0.179618291483495
"2022-06-22 15:00:00",3.54276794328051,0.169685614552781
"2022-06-22 16:00:00",3.76457245162005,0.241444646945362
"2022-06-22 17:00:00",4.11373491255119,0.399530135166569
"2022-06-22 18:00:00",4.22964746627667,-0.0839716674597612
"2022-06-22 19:00:00",3.29096576575174,-1.46932350783213
"2022-06-22 20:00:00",2.62971750551352,-0.0953591702888411
"2022-06-22 21:00:00",1.74243133279746,-1.37645395371877
"2022-06-22 22:00:00",0.606004607038553,-0.924654301636345
"2022-06-22 23:00:00",-0.0774542773378238,-0.490968026694876
"2022-06-23 00:00:00",-0.33014856372996,-0.0817401350828976
"2022-06-23 01:00:00",-0.484597495025043,-0.195155900470583
"2022-06-23 02:00:00",-0.643990148037763,-0.127352204579863
"2022-06-23 03:00:00",-0.822870550141962,-0.203901828247597
"2022-06-23 04:00:00",-0.306516189309261,0.973040553749096
"2022-06-23 05:00:00",0.70994543504074,0.997501887624263
"2022-06-23 06:00:00",1.5793810782271,0.741829735144822
"2022-06-23 07:00:00",2.35790858782916,0.763961968430184
"2022-06-23 08:00:00",3.09543194806646,0.6818128927349
"2022-06-23 09:00:00",3.72715287684468,0.564319118236952
"2022-06-23 10:00:00",4.33096477730825,0.596644430349392
"2022-06-23 11:00:00",4.95549420123933,0.607861006130027
"2022-06-23 12:00:00",5.7440492980875,0.865158527318656
"2022-06-23 13:00:00",6.47597412546147,0.600921508506208
"2022-06-23 14:00:00",6.87299897503273,0.233884764538989
"2022-06-23 15:00:00",7.11666767052932,0.229755709486106
"2022-06-23 16:00:00",7.33649015514569,0.193584116530839
"2022-06-23 17:00:00",7.66266974279255,0.389621459936791
"2022-06-23 18:00:00",8.04138448703363,0.343573359306005
"2022-06-23 19:00:00",7.5844741988632,-0.979207038659391
"2022-06-23 20:00:00",6.46859757034064,-1.16373572797058
"2022-06-23 21:00:00",5.74874111688196,-0.398070231937647
"2022-06-23 22:00:00",5.63752233918081,0.0778895333241788
"2022-06-23 23:00:00",5.65820799345376,-0.0256970759417256
"2022-06-24 00:00:00",5.77445039836252,0.198052218752101
"2022-06-24 01:00:00",5.76279619730888,-0.158343248281339
"2022-06-24 02:00:00",5.99180127639576,0.468924842266105
"2022-06-24 03:00:00",6.18094490346847,-0.0140830215398785
"2022-06-24 04:00:00",6.49473874821618,0.509498705416687
"2022-06-24 05:00:00",7.28186567543773,0.926436420832922
"2022-06-24 06:00:00",8.01804454649502,0.564976522255244
"2022-06-24 07:00:00",8.64364189293792,0.625950544729877
"2022-06-24 08:00:00",9.1475070307616,0.387394736096148
"2022-06-24 09:00:00",9.23368186144806,-0.130517454057838
"2022-06-24 10:00:00",9.29185214224381,0.169297280235565
"2022-06-24 11:00:00",9.63818487051275,0.435923415605105
"2022-06-24 12:00:00",9.87592433171768,0.0819021097307847
"2022-06-24 13:00:00",10.0847582412763,0.270803952210872
"2022-06-24 14:00:00",9.95149252749297,-0.409303410302467
"2022-06-24 15:00:00",9.77471649422091,-0.0261835698157092
"2022-06-24 16:00:00",9.8340669314646,0.100956192586249
"2022-06-24 17:00:00",7.14357958939546,-4.43624013558381
"2022-06-24 18:00:00",4.50533982166011,-1.32343085334744
"2022-06-24 19:00:00",4.11320758007935,0.241551311295938
"2022-06-24 20:00:00",4.80789737949789,0.958465542203056
"2022-06-24 21:00:00",4.94875865270333,-0.417088094911101
"2022-06-24 22:00:00",4.62730572260769,-0.248798943943455
"2022-06-24 23:00:00",4.4174834307834,-0.17983040205595
"2022-06-25 00:00:00",4.7902019793781,0.717674590700822
"2022-06-25 01:00:00",5.27222057459221,0.295839407676803
"2022-06-25 02:00:00",5.22795589363633,-0.275687237141478
"2022-06-25 03:00:00",5.3782149841582,0.420341570407843
"2022-06-25 04:00:00",5.74240915694157,0.302526589934529
"2022-06-25 05:00:00",5.95847622375654,0.140761347868352
"2022-06-25 06:00:00",5.86707044408179,-0.249515769970692
"2022-06-25 07:00:00",5.34986744134328,-0.678641267303115
"2022-06-25 08:00:00",5.19956156663243,0.202160386766005
"2022-06-25 09:00:00",5.09143983704138,-0.316535233139898
"2022-06-25 10:00:00",4.98840084145651,0.0376249622097538
"2022-06-25 11:00:00",5.20090690371909,0.312565307661423
"2022-06-25 12:00:00",4.74170362683988,-0.95858778740109
"2022-06-25 13:00:00",4.22839385501381,-0.198180769563371
"2022-06-25 14:00:00",1.12175435800308,-4.90340237103193
"2022-06-25 15:00:00",-1.37387567150645,-0.773330365647647
"2022-06-25 16:00:00",-1.09193759113655,0.973811334890025
"2022-06-25 17:00:00",0.0878164908699076,1.26239283539029
"2022-06-25 18:00:00",1.43286496881151,1.33612230874799
"2022-06-25 19:00:00",2.60324453346985,1.0024242022561
"2022-06-25 20:00:00",2.97632480066822,-0.0675583252684199
"2022-06-25 21:00:00",2.96964054226433,0.0303801190500108
"2022-06-25 22:00:00",3.10483757198873,0.194822646681731
"2022-06-25 23:00:00",3.0831521361654,-0.168992118875679
"2022-06-26 00:00:00",4.16200054440772,1.85548890599716
"2022-06-26 01:00:00",4.71278891255108,-0.350533526762143
"2022-06-26 02:00:00",4.77902269136569,0.334853684856451
"2022-06-26 03:00:00",4.56730186573444,-0.572195061049729
"2022-06-26 04:00:00",5.16905717258372,1.34989522010417
"2022-06-26 05:00:00",6.07621921384412,0.562242998216349
"2022-06-26 06:00:00",6.22940532266881,-0.134622967616178
"2022-06-26 07:00:00",6.17057918893363,-0.0135275701694467
"2022-06-26 08:00:00",6.18668124823022,0.0271382705846521
"2022-06-26 09:00:00",6.09162400871258,-0.179974606939026
"2022-06-26 10:00:00",6.090945522104,0.111032840032374
"2022-06-26 11:00:00",6.4746077150343,0.539331874659045
"2022-06-26 12:00:00",5.86306815543801,-1.35805739248979
"2022-06-26 13:00:00",6.15254776102958,1.3665080217442
"2022-06-26 14:00:00",6.76797641403813,0.0775446209441676
"2022-06-26 15:00:00",7.03484766000938,0.371684126577837
"2022-06-26 16:00:00",7.55927330742805,0.592266162278318
"2022-06-26 17:00:00",8.08356086452673,0.444314598945568
"2022-06-26 18:00:00",6.75149552762866,-2.46341615400056
"2022-06-26 19:00:00",4.91977790834704,-1.33225028816539
"2022-06-26 20:00:00",4.32466589816852,-0.0817550659147435
"2022-06-26 21:00:00",4.71133707322565,0.675002943503897
"2022-06-26 22:00:00",5.50337281989941,0.826348258040571
"2022-06-26 23:00:00",5.99899537331211,0.244499191369233
"2022-06-27 00:00:00",7.68665636547429,2.56182574482658
"2022-06-27 01:00:00",8.19196023203272,-0.899604241424521
"2022-06-27 02:00:00",7.9181934409774,0.145904218063318
"2022-06-27 03:00:00",8.01390542653892,0.0474995414409466
"2022-06-27 04:00:00",8.19305458558116,0.248074350076687
"2022-06-27 05:00:00",8.78399043468669,0.780867890317456
"2022-06-27 06:00:00",9.6488692908268,0.868467720416594
"2022-06-27 07:00:00",10.2939993088272,0.453151079456073
"2022-06-27 08:00:00",10.8125409937136,0.524229114388455
"2022-06-27 09:00:00",11.4689396134623,0.699385499539396
"2022-06-27 10:00:00",11.7771616644458,0.0180254890245946
"2022-06-27 11:00:00",11.9166495354163,0.1986570497245
"2022-06-27 12:00:00",11.8717922424416,-0.220421595812279
"2022-06-27 13:00:00",11.999484092707,0.338397782037811
"2022-06-27 14:00:00",12.2370349956923,0.143570038003444
"2022-06-27 15:00:00",12.7732821985256,0.756776840076654
"2022-06-27 16:00:00",11.9571860951896,-1.84233956723568
"2022-06-27 17:00:00",9.69529592027636,-2.44951026089243
"2022-06-27 18:00:00",8.75045449285392,0.0906591063875277
"2022-06-27 19:00:00",8.79735149385084,0.00421844451439596
"2022-06-27 20:00:00",8.57110329302162,-0.380475092630297
"2022-06-27 21:00:00",8.34189012914022,-0.128526207491398
"2022-06-27 22:00:00",8.29895148521354,0.00540986035509686
"2022-06-27 23:00:00",7.7839655890552,-0.848132727754664
"2022-06-28 00:00:00",6.45551242037886,-1.59556452449992
"2022-06-28 01:00:00",5.91465340862347,0.179648833800248
"2022-06-28 02:00:00",5.74633590406685,-0.399914397635338
"2022-06-28 03:00:00",5.26782485748009,-0.515574092556031
"2022-06-28 04:00:00",4.59698618397396,-0.749256917356371
"2022-06-28 05:00:00",3.28592238881342,-1.62921812765734
"2022-06-28 06:00:00",1.207310978681,-2.28366181264023
"2022-06-28 07:00:00",-0.462199251361757,-1.18230444798963
"2022-06-28 08:00:00",-1.0329702860193,-0.135370725982258
"2022-06-28 09:00:00",-0.877907911087786,0.34264378460649
"2022-06-28 10:00:00",-0.485705235763308,0.407735426371886
"2022-06-28 11:00:00",0.0447788909486025,0.587732822713857
"2022-06-28 12:00:00",0.324272823068516,0.0606657394640115
"2022-06-28 13:00:00",0.455576961575038,0.171738263373529
"2022-06-28 14:00:00",0.539421239661248,0.0206779980845031
"2022-06-28 15:00:00",0.409406642014819,-0.224991515035617
"2022-06-28 16:00:00",0.365655156592866,0.0786246406078353
"2022-06-28 17:00:00",1.0628163215692,1.07591204266345
"2022-06-28 18:00:00",2.51204890005055,1.6278725859294
"2022-06-28 19:00:00",2.62352711422566,-0.907968660129434
"2022-06-28 20:00:00",1.83704748310885,-0.671495973798332
"2022-06-28 21:00:00",1.75920644063558,0.3192539640291
"2022-06-28 22:00:00",2.00421422462938,0.181601649484653
"2022-06-28 23:00:00",1.87534207653913,-0.332309879731894
"2022-06-29 00:00:00",1.87099524562,0.212081505272924
"2022-06-29 01:00:00",1.76578942851701,-0.314138765239144
"2022-06-29 02:00:00",1.61587057702455,-0.0355921014554381
"2022-06-29 03:00:00",1.48516937382286,-0.189977565436218
"2022-06-29 04:00:00",1.61040956260848,0.32751668856652
"2022-06-29 05:00:00",1.97258778036399,0.365999870257261
"2022-06-29 06:00:00",2.29467375947157,0.27496336001399
"2022-06-29 07:00:00",2.6411124835239,0.374668708854341
"2022-06-29 08:00:00",2.75110491171756,-0.0750855372629874
"2022-06-29 09:00:00",2.43741142630316,-0.461401309896079
"2022-06-29 10:00:00",2.19509845712633,-0.0878828264877418
"2022-06-29 11:00:00",2.04504758116573,-0.187193814556543
"2022-06-29 12:00:00",1.47087021656614,-0.807512735370384
"2022-06-29 13:00:00",0.902043846199324,-0.384569911346975
"2022-06-29 14:00:00",0.441589183213327,-0.490325502070827
"2022-06-29 15:00:00",0.490399199210964,0.405339166225015
"2022-06-29 16:00:00",0.795559170182303,0.223242038235168
"2022-06-29 17:00:00",1.03050376590927,0.23055659853348
"2022-06-29 18:00:00",1.22091074856196,0.153265104600872
"2022-06-29 19:00:00",1.22665770031635,-0.0944431721450927
"2022-06-29 20:00:00",0.978990480238097,-0.339626536647158
"2022-06-29 21:00:00",0.965879857787944,0.203924458151432
"2022-06-29 22:00:00",1.28596167280877,0.381064032729825
"2022-06-29 23:00:00",1.89075931315621,0.723554176736199
"2022-06-30 00:00:00",3.14922850904841,1.55283510673665
"2022-06-30 01:00:00",3.61539762148651,-0.284472771854938
"2022-06-30 02:00:00",3.98176928280373,0.778192081246449
"2022-06-30 03:00:00",4.12588909375738,-0.290567258976349
"2022-06-30 04:00:00",3.83504912654302,-0.282517844058156
"2022-06-30 05:00:00",3.39279657209338,-0.532666831079805
"2022-06-30 06:00:00",2.96614147300908,-0.340079373046179
"2022-06-30 07:00:00",2.43841155159616,-0.631572941825168
"2022-06-30 08:00:00",1.51127807482702,-1.08325584099182
"2022-06-30 09:00:00",0.826440500548242,-0.388634273088219
"2022-06-30 10:00:00",0.753699399344035,0.140242448206977
"2022-06-30 11:00:00",0.751022603682099,-0.0987986945157698
"2022-06-30 12:00:00",-0.145908777785567,-1.38735700333368
"2022-06-30 13:00:00",0.163728058830153,1.42642120598061
"2022-06-30 14:00:00",1.47823569851136,1.1772243197703
"2022-06-30 15:00:00",2.46284585659045,0.807509998482985
"2022-06-30 16:00:00",3.43741718660199,1.0364590520173
"2022-06-30 17:00:00",4.64710700695542,1.26326192277086
"2022-06-30 18:00:00",5.92186111106625,1.21585169126081
"2022-06-30 19:00:00",5.95892107047122,-0.75817985583714
"2022-06-30 20:00:00",5.47962719537994,-0.278275934858398
"2022-06-30 21:00:00",5.26432869865143,-0.170144425530812
"2022-06-30 22:00:00",4.99782615395204,-0.324859765928749
"2022-06-30 23:00:00",4.74993097272971,-0.191246683106027
"2022-07-01 00:00:00",5.05096031256307,0.608782344290473
"2022-07-01 01:00:00",5.51268082645741,0.33523164403311
"2022-07-01 02:00:00",5.92285584384133,0.433541551707323
"2022-07-01 03:00:00",6.16241984846187,0.0912317329477136
"2022-07-01 04:00:00",6.53122557987265,0.528385655768691
"2022-07-01 05:00:00",7.26440423554343,0.826448726211092
"2022-07-01 06:00:00",7.72075137140949,0.178570712433055
"2022-07-01 07:00:00",7.62232746236544,-0.288355753016096
"2022-07-01 08:00:00",7.17012951918291,-0.549758165253924
"2022-07-01 09:00:00",5.65336374501495,-2.09859027480978
"2022-07-01 10:00:00",3.1247418853062,-2.7024311494223
"2022-07-01 11:00:00",0.699292232078308,-2.12956916527796
"2022-07-01 12:00:00",-3.78356409218376,-5.83956655405664
"2022-07-01 13:00:00",-6.10305159520847,0.142288219836199
"2022-07-01 14:00:00",-6.00000026497223,0.0798612789211778
"2022-07-01 15:00:00",-6.66824599747875,-1.1274891243587
"2022-07-01 16:00:00",-7.66692744599213,-0.856761743463173
"2022-07-01 17:00:00",-7.34302590471327,1.10548506373021
"2022-07-01 18:00:00",-5.71937129795256,1.9014022950778
"2022-07-01 19:00:00",-4.27727943291775,1.07473276821511
"2022-07-01 20:00:00",-3.21054915016436,1.0162167289424
"2022-07-01 21:00:00",-2.31510832093415,0.776511251348247
"2022-07-01 22:00:00",-1.81089648025765,0.301705385949743
"2022-07-01 23:00:00",-1.4810016661933,0.335344572146882
"2022-07-02 00:00:00",-1.85355960352772,-0.824872837029954
"2022-07-02 01:00:00",-2.94660552719844,-1.21749562959858
"2022-07-02 02:00:00",-3.65067304942542,-0.324534086335446
"2022-07-02 03:00:00",-3.66056666635617,0.205037528591727
"2022-07-02 04:00:00",-2.57049956784471,1.63299453672957
"2022-07-02 05:00:00",-1.35385186554002,0.884585857510036
"2022-07-02 06:00:00",-0.80378349951497,0.302666148684412
"2022-07-02 07:00:00",-0.742095626123081,-0.100857209617559
"2022-07-02 08:00:00",-0.802409028933914,-0.0294623400201382
"2022-07-02 09:00:00",-0.959847720071905,-0.234239449607175
"2022-07-02 10:00:00",-0.788591461222597,0.434681028007722
"2022-07-02 11:00:00",-0.310013223820867,0.486116994081587
"2022-07-02 12:00:00",0.021359871456495,0.212865085794194
"2022-07-02 13:00:00",0.366210892525126,0.416425533528177
"2022-07-02 14:00:00",0.476584028289716,-0.0993751039944345
"2022-07-02 15:00:00",0.923640361996435,0.789479844861373
"2022-07-02 16:00:00",1.55495490236634,0.494682927014411
"2022-07-02 17:00:00",2.22416394925194,0.751753734047142
"2022-07-02 18:00:00",2.80507461853227,0.436546669188233
"2022-07-02 19:00:00",2.34722392442891,-1.03596335613514
"2022-07-02 20:00:00",1.62417838624858,-0.483103150561019
"2022-07-02 21:00:00",1.3026670874248,-0.2006001183227
"2022-07-02 22:00:00",0.884734655464658,-0.544636921538355
"2022-07-02 23:00:00",0.491456125101146,-0.274826364850204
"2022-07-03 00:00:00",0.782185080401155,0.653310918246367
"2022-07-03 01:00:00",0.863705056779503,-0.304549235892763
"2022-07-03 02:00:00",0.751380886286985,0.0200483118460616
"2022-07-03 03:00:00",0.682076428976189,-0.126546885628975
"2022-07-03 04:00:00",1.04096893372938,0.664580030498673
"2022-07-03 05:00:00",1.97568831688293,1.06905058716218
"2022-07-03 06:00:00",2.95452221046586,0.869631027437355
"2022-07-03 07:00:00",3.77005825612396,0.736912401167402
"2022-07-03 08:00:00",4.13175004551638,0.0895035029571432
"2022-07-03 09:00:00",3.9695405083476,-0.327631455053148
"2022-07-03 10:00:00",3.79580663456169,-0.0679966318618731
"2022-07-03 11:00:00",3.95814320668826,0.303284055298501
"2022-07-03 12:00:00",4.33384666323351,0.401028608077291
"2022-07-03 13:00:00",4.7755918458859,0.44231308359449
"2022-07-03 14:00:00",4.93520206349695,-0.0425935544448954
"2022-07-03 15:00:00",5.24637067989806,0.525860062919529
"2022-07-03 16:00:00",5.68076886368413,0.346021855904437
"2022-07-03 17:00:00",6.47660481398261,1.0505691153523
"2022-07-03 18:00:00",7.04017434218144,0.203782440495555
"2022-07-03 19:00:00",6.79931084394016,-0.534915370698484
"2022-07-03 20:00:00",6.36035330352965,-0.362889317524848
"2022-07-03 21:00:00",5.93270053772877,-0.458701806897619
"2022-07-03 22:00:00",5.82067365654283,0.11676442097945
"2022-07-03 23:00:00",5.76003172403477,-0.183529663906564
"2022-07-04 00:00:00",5.43070831293815,-0.418290713924703
"2022-07-04 01:00:00",4.57693786979287,-1.11051271760942
"2022-07-04 02:00:00",3.92897217920303,-0.31471312957008
"2022-07-04 03:00:00",3.39301586364785,-0.663043835497751
"2022-07-04 04:00:00",3.15125436513599,0.0462047689840832
"2022-07-04 05:00:00",3.37792129004117,0.332141235159174
"2022-07-04 06:00:00",3.25566302034026,-0.423729290499521
"2022-07-04 07:00:00",2.49089038489865,-0.959984749746201
"2022-07-04 08:00:00",1.50326237757606,-0.962334836480916
"2022-07-04 09:00:00",0.714090759413308,-0.638167594104268
"2022-07-04 10:00:00",0.35056951850134,-0.164072646905816
"2022-07-04 11:00:00",0.730821869652508,0.724608457017322
"2022-07-04 12:00:00",0.515662911439388,-0.832377492286101
"2022-07-04 13:00:00",0.172838961306298,-0.000834148290936865
"2022-07-04 14:00:00",0.043378139724866,-0.209281311527262
"2022-07-04 15:00:00",0.0698764914605024,0.182367054300712
"2022-07-04 16:00:00",0.363862625585614,0.354337520987085
"2022-07-04 17:00:00",0.927250424236153,0.675511595816108
"2022-07-04 18:00:00",1.59966142431181,0.637196581822845
"2022-07-04 19:00:00",1.73841890408347,-0.202184618723465
"2022-07-04 20:00:00",1.09495535314853,-0.909307675628504
"2022-07-04 21:00:00",0.39047996857665,-0.535857570304981
"2022-07-04 22:00:00",0.270361053142711,0.162240303806833
"2022-07-04 23:00:00",-0.0704145066131022,-0.660268748512899
"2022-07-05 00:00:00",-0.106739237037445,0.381447777873365
"2022-07-05 01:00:00",-0.829749081970881,-1.42480796876861
"2022-07-05 02:00:00",-0.535822594864967,1.42683209467566
"2022-07-05 03:00:00",-0.00159591186057079,-0.0855291784956433
"2022-07-05 04:00:00",0.178509240888809,0.348635287649122
"2022-07-05 05:00:00",0.690176654121869,0.595809526171505
"2022-07-05 06:00:00",1.23459538126836,0.483398987210436
"2022-07-05 07:00:00",1.19171889703376,-0.393274296774192
"2022-07-05 08:00:00",0.722096696508947,-0.499739440980929
"2022-07-05 09:00:00",0.36507289591908,-0.245846598387067
"2022-07-05 10:00:00",0.231402613682267,-0.0530058415524243
"2022-07-05 11:00:00",-0.267177180769951,-0.772230066200918
"2022-07-05 12:00:00",-0.363314826327546,0.359495695349793
"2022-07-05 13:00:00",0.0913952723334698,0.497045928413603
"2022-07-05 14:00:00",0.178994916859833,-0.18964037914947
"2022-07-05 15:00:00",0.0828266067863007,-0.0295154469128437
"2022-07-05 16:00:00",0.337673080075687,0.432201010365673
"2022-07-05 17:00:00",0.705421029618538,0.306869698698409
"2022-07-05 18:00:00",0.957772443926415,0.203105926525313
"2022-07-05 19:00:00",1.21063010670893,0.27277511106369
"2022-07-05 20:00:00",0.802662009051045,-0.843962859957733
"2022-07-05 21:00:00",1.09738514553658,1.03879493624383
"2022-07-05 22:00:00",1.63130348768135,0.170554095700662
"2022-07-05 23:00:00",1.09456401730048,-0.984857116628178
"2022-07-06 00:00:00",-0.23896165376339,-1.5040096109552
"2022-07-06 01:00:00",-1.13824411279429,-0.453096592496099
"2022-07-06 02:00:00",-1.0594320216449,0.431133520215177
"2022-07-06 03:00:00",-0.556366093618965,0.528479865574555
"2022-07-06 04:00:00",-0.268786908490975,0.114032800210492
"2022-07-06 05:00:00",-0.340632668552258,-0.192002282743355
"2022-07-06 06:00:00",-0.990162773307883,-0.923239303921723
"2022-07-06 07:00:00",-1.83619322085872,-0.753080004551616
"2022-07-06 08:00:00",-2.61922283771042,-0.76342051273269
"2022-07-06 09:00:00",-3.14216736410247,-0.334404806285283
"2022-07-06 10:00:00",-3.72180776612128,-0.711534911968163
"2022-07-06 11:00:00",-4.41772154367279,-0.647634583361323
"2022-07-06 12:00:00",-5.35373908954843,-1.07809799421388
"2022-07-06 13:00:00",-5.78619269479611,0.0254174308994704
"2022-07-06 14:00:00",-6.23596654535792,-0.737733654087397
"2022-07-06 15:00:00",-6.6412711245187,-0.156393491118741
"2022-07-06 16:00:00",-6.51913765796755,0.310569174229962
"2022-07-06 17:00:00",-5.91547277139765,0.778773488899312
"2022-07-06 18:00:00",-5.13101098350262,0.758599455625705
"2022-07-06 19:00:00",-4.10413081546731,1.16354606469542
"2022-07-06 20:00:00",-4.03709379114421,-0.661853632189261
"2022-07-06 21:00:00",-4.28881938569975,0.038852493518445
"2022-07-06 22:00:00",-3.75754780227299,0.83982629519251
"2022-07-06 23:00:00",-3.16072571960537,0.411303371840371
"2022-07-07 00:00:00",-2.56245254075164,0.698560949533821
"2022-07-07 01:00:00",-1.72653515694601,0.891066499895839
"2022-07-07 02:00:00",-1.04238525261592,0.515922281963828
"2022-07-07 03:00:00",-1.0977085955262,-0.432175176703448
"2022-07-07 04:00:00",-1.62418779164847,-0.562915023741125
"2022-07-07 05:00:00",-2.4344026588264,-0.934484830481683
"2022-07-07 06:00:00",-3.85488907855941,-1.67384443795177
"2022-07-07 07:00:00",-5.44287788339864,-1.45032508341341
"2022-07-07 08:00:00",-6.3411147845412,-0.48048702805078
"2022-07-07 09:00:00",-6.62298891921503,-0.12790216756306
"2022-07-07 10:00:00",-6.93346379894979,-0.408900041517224
"2022-07-07 11:00:00",-6.21050016998995,1.45210631341626
"2022-07-07 12:00:00",-7.86489155071478,-3.63873638355944
"2022-07-07 13:00:00",-7.74276556155953,2.63365648901167
"2022-07-07 14:00:00",-5.78502658331919,1.42408172053822
"2022-07-07 15:00:00",-5.60787568653493,-0.655085798326382
"2022-07-07 16:00:00",-7.3703734887576,-2.40978094007967
"2022-07-07 17:00:00",-7.1948512585411,1.90018525903718
"2022-07-07 18:00:00",-6.8196926667657,-0.650064701652582
"2022-07-07 19:00:00",-6.23385463822355,1.39070842865523
"2022-07-07 20:00:00",-4.92126533274322,1.20617028855668
"2022-07-07 21:00:00",-4.20665815040978,0.359287833644083
"2022-07-07 22:00:00",-3.81629566909137,0.397949469958588
"2022-07-07 23:00:00",-3.27420256550947,0.617344980456619
"2022-07-08 00:00:00",-2.53986915407972,0.781648451331085
"2022-07-08 01:00:00",-2.33044848897382,-0.178736745704386
"2022-07-08 02:00:00",-2.61630432005625,-0.340680655917053
"2022-07-08 03:00:00",-2.86728435042926,-0.175882856512991
"2022-07-08 04:00:00",-2.79809868053484,0.232969036263886
"2022-07-08 05:00:00",-2.44110473779176,0.426317310605899
"2022-07-08 06:00:00",-2.71108723269634,-0.718199523877344
"2022-07-08 07:00:00",-3.58456820704413,-0.93199944108352
"2022-07-08 08:00:00",-4.32122969979642,-0.566813656404779
"2022-07-08 09:00:00",-4.64469640240923,-0.140298895906071
"2022-07-08 10:00:00",-5.294140537035,-0.952022250469589
"2022-07-08 11:00:00",-6.14397581571209,-0.734506150182991
"2022-07-08 12:00:00",-6.82249065062616,-0.601028233305465
"2022-07-08 13:00:00",-6.68062522195594,0.639169572670068
"2022-07-08 14:00:00",-6.95424391804551,-0.860523109039634
"2022-07-08 15:00:00",-7.51921848733841,-0.332137104531324
"2022-07-08 16:00:00",-7.21799620532732,0.718830075783831
"2022-07-08 17:00:00",-5.97842444147887,1.53712444361757
"2022-07-08 18:00:00",-4.28449989094645,1.72566575330782
"2022-07-08 19:00:00",-3.41254048494175,0.266917502882733
"2022-07-08 20:00:00",-3.23107600752077,0.120271066629353
"2022-07-08 21:00:00",-2.32657298410616,1.38849763500939
"2022-07-08 22:00:00",-1.68838538082412,0.110661121277243
"2022-07-08 23:00:00",-2.19101491438886,-0.885422777717922
"2022-07-09 00:00:00",-2.50920651972817,0.0778997076855907
"2022-07-09 01:00:00",-2.85280509539214,-0.605031743366107
"2022-07-09 02:00:00",-3.21918040588882,-0.186187680945934
"2022-07-09 03:00:00",-3.66014750022085,-0.585714469566224
"2022-07-09 04:00:00",-3.7288059913619,0.284018722896399
"2022-07-09 05:00:00",-3.44503898896538,0.274919689178569
"2022-07-09 06:00:00",-3.98914397206507,-1.05981741661821
"2022-07-09 07:00:00",-5.76614625169596,-2.1655350366948
"2022-07-09 08:00:00",-6.71871544901893,-0.0912432719647737
"2022-07-09 09:00:00",-7.23815781122047,-0.77156232036101
"2022-07-09 10:00:00",-7.03596055697925,0.851078101290349
"2022-07-09 11:00:00",-6.91715018886033,-0.365939149547284
"2022-07-09 12:00:00",-6.44289371123636,1.0207544703497
"2022-07-09 13:00:00",-6.15563989278189,-0.207086178974109
"2022-07-09 14:00:00",-6.98458614612231,-1.19618950173863
"2022-07-09 15:00:00",-8.11694532694868,-1.02699706541494
"2022-07-09 16:00:00",-7.36239277050491,1.91683582780301
"2022-07-09 17:00:00",-5.52442287808896,1.70754149063394
"2022-07-09 18:00:00",-4.782014524562,0.0708371221567662
"2022-07-09 19:00:00",-4.24041035221877,0.835868966182712
"2022-07-09 20:00:00",-3.50994014121142,0.63095826186315
"2022-07-09 21:00:00",-3.21959748962813,0.0539954154343059
"2022-07-09 22:00:00",-3.51766339083888,-0.514456817292947
"2022-07-09 23:00:00",-4.00060342577654,-0.434447356232901
"2022-07-10 00:00:00",-3.96077604265317,0.359267784423203
"2022-07-10 01:00:00",-3.23009741946287,0.948664122146084
"2022-07-10 02:00:00",-2.51918343563641,0.5227966858278
"2022-07-10 03:00:00",-2.43821225828198,-0.214175670156428
"2022-07-10 04:00:00",-2.85368682973362,-0.526786615333511
"2022-07-10 05:00:00",-3.307321914043,-0.37963452558958
"2022-07-10 06:00:00",-3.97620286496787,-0.82566204682419
"2022-07-10 07:00:00",-4.89919368499692,-0.93889192338293
"2022-07-10 08:00:00",-5.9366839613329,-1.04760744935575
"2022-07-10 09:00:00",-6.93350483602445,-0.907945458443986
"2022-07-10 10:00:00",-7.33325511269029,-0.0330288576526426
"2022-07-10 11:00:00",-7.15616993161074,0.318193464794863
"2022-07-10 12:00:00",-7.60747578823332,-0.933629555560335
"2022-07-10 13:00:00",-7.930365943031,0.109409053276333
"2022-07-10 14:00:00",-7.5652665063837,0.528426554153635
"2022-07-10 15:00:00",-6.99901995886946,0.574300347568366
"2022-07-10 16:00:00",-6.71087903290633,0.0926978393310808
"2022-07-10 17:00:00",-6.32079224087421,0.578453677074678
"2022-07-10 18:00:00",-5.64534920520031,0.716149841117789
"2022-07-10 19:00:00",-4.98420488211406,0.600332016981846
"2022-07-10 20:00:00",-5.17558505513751,-0.703662486722002
"2022-07-10 21:00:00",-5.42212899781426,0.0765814460395332
"2022-07-10 22:00:00",-5.34362113717787,0.0830484040652721
"2022-07-10 23:00:00",-5.1616587798929,0.246142910325772
"2022-07-11 00:00:00",-5.08264029160631,-0.029499525716838
"2022-07-11 01:00:00",-4.84805664684117,0.4060383187228
"2022-07-11 02:00:00",-4.47670067659201,0.33683538327525
"2022-07-11 03:00:00",-4.15582655879632,0.300754379257643
"2022-07-11 04:00:00",-3.97957099320516,0.0902373888576222
"2022-07-11 05:00:00",-3.95599872320434,-0.0168624722747626
"2022-07-11 06:00:00",-4.07376978388228,-0.174348227505282
"2022-07-11 07:00:00",-4.30104133760566,-0.246503934404976
"2022-07-11 08:00:00",-4.42237290226661,-0.0265768281984585
"2022-07-11 09:00:00",-4.47268152044043,-0.0580402602779629
"2022-07-11 10:00:00",-4.44586354811646,0.0878782758643682
"2022-07-11 11:00:00",-4.44068300834963,-0.0444676075016317
"2022-07-11 12:00:00",-3.80342007368155,1.06718219697267
"2022-07-11 13:00:00",-3.02212255200516,0.558485275607635
"2022-07-11 14:00:00",-2.8293301512443,-0.0562658034598779
"2022-07-11 15:00:00",-2.95315281463039,-0.159329972502683
"2022-07-11 16:00:00",-3.06375815875736,-0.0690614931239325
"2022-07-11 17:00:00",-2.88791922121312,0.334695322551147
"2022-07-11 18:00:00",-2.30214167413581,0.729048453778719
"2022-07-11 19:00:00",-2.20362663054227,-0.323548296623674
"2022-07-11 20:00:00",-2.62531366666019,-0.46423387547666
"2022-07-11 21:00:00",-2.65282545217113,0.268321661162043
"2022-07-11 22:00:00",-2.64529961430223,-0.16327430786674
"2022-07-11 23:00:00",-3.55423293453202,-1.3594302734959
"2022-07-12 00:00:00",-3.64450338102116,0.764691359528804
"2022-07-12 01:00:00",-3.94728134126389,-0.995328033952785
"2022-07-12 02:00:00",-4.77827210948393,-0.676859847011121
"2022-07-12 03:00:00",-5.03168568075262,0.0470784827896367
"2022-07-12 04:00:00",-4.38095125967835,1.02872623473346
"2022-07-12 05:00:00",-3.1514397559946,1.31058576443388
"2022-07-12 06:00:00",-2.00093967361844,0.99316800621933
"2022-07-12 07:00:00",-1.20639246422103,0.626957613492067
"2022-07-12 08:00:00",-0.586901230590365,0.586630458073302
"2022-07-12 09:00:00",-0.19426278219346,0.245410980612466
"2022-07-12 10:00:00",0.0531080610637445,0.237172818964564
"2022-07-12 11:00:00",0.602170118819576,0.730825189952815
"2022-07-12 12:00:00",0.46165407999165,-0.715499090142452
"2022-07-12 13:00:00",0.453845254160179,0.463752890437618
"2022-07-12 14:00:00",1.10292891105798,0.741206550673855
"2022-07-12 15:00:00",2.24893699509173,1.35999241243769
"2022-07-12 16:00:00",2.46700520192814,-0.556462154743592
"2022-07-12 17:00:00",2.5333533696194,0.475216233552619
"2022-07-12 18:00:00",2.95542029813755,0.363313840402194
"2022-07-12 19:00:00",2.53609910940306,-0.924951520078263
"2022-07-12 20:00:00",1.47868101436413,-1.09874782970653
"2022-07-12 21:00:00",0.866165592828619,-0.261165047136478
"2022-07-12 22:00:00",0.441996705003433,-0.513796181615175
"2022-07-12 23:00:00",-0.541715274841065,-1.25080807506545
"2022-07-13 00:00:00",-1.41161258453784,-0.573926080726021
"2022-07-13 01:00:00",-1.91693714632538,-0.43375929301258
"2022-07-13 02:00:00",-0.564161415596527,2.48196606286284
"2022-07-13 03:00:00",0.831573001823998,0.605994806427876
"2022-07-13 04:00:00",1.09766782310113,0.0257824468530161
"2022-07-13 05:00:00",1.16193005885468,0.0854468444320426
"2022-07-13 06:00:00",1.00292047968975,-0.315918997345317
"2022-07-13 07:00:00",0.445436306641895,-0.693325969599923
"2022-07-13 08:00:00",0.00644527071821408,-0.249150696170831
"2022-07-13 09:00:00",-0.084612823449248,0.0186539083197727
"2022-07-13 10:00:00",0.350008070586831,0.691383654592034
"2022-07-13 11:00:00",1.36024369347125,1.17434324080588
"2022-07-13 12:00:00",2.44393771455325,0.970012982453949
"2022-07-13 13:00:00",2.68087911188588,-0.266173278795106
"2022-07-13 14:00:00",4.06877008606609,2.42117557274568
"2022-07-13 15:00:00",5.89115960263004,1.33136378504029
"2022-07-13 16:00:00",7.23148085918854,1.27501027603661
"2022-07-13 17:00:00",7.21359169005962,-0.888275929877408
"2022-07-13 18:00:00",6.01789003660914,-1.35312509887307
"2022-07-13 19:00:00",4.93787063217892,-0.854384819359738
"2022-07-13 20:00:00",4.44788256978252,-0.230139999975945
"2022-07-13 21:00:00",4.30251822938927,-0.0876720918292265
"2022-07-13 22:00:00",3.96528121042392,-0.493129743445327
"2022-07-13 23:00:00",3.2929597046702,-0.764942018788444
"2022-07-14 00:00:00",3.16769908991084,0.302895453439201
"2022-07-14 01:00:00",3.13547687518393,-0.258180919846975
"2022-07-14 02:00:00",2.44097957533576,-0.956408264221926
"2022-07-14 03:00:00",1.21570496846014,-1.34943697812111
"2022-07-14 04:00:00",0.237304859685767,-0.686119986642386
"2022-07-14 05:00:00",-0.386572561489591,-0.55304261519091
"2022-07-14 06:00:00",-1.16305029409064,-0.888036100143287
"2022-07-14 07:00:00",-1.9378432380204,-0.660982418881427
"2022-07-14 08:00:00",-2.45940388439308,-0.401333046784006
"2022-07-14 09:00:00",-2.59303048136227,0.0543603786950531
"2022-07-14 10:00:00",-2.34151744948915,0.374335541551636
"2022-07-14 11:00:00",-1.85811621590871,0.536156818656851
"2022-07-14 12:00:00",-1.36155519950263,0.448962361433323
"2022-07-14 13:00:00",-0.951601700791233,0.366221797349214
"2022-07-14 14:00:00",-0.64882943017812,0.247311987548629
"2022-07-14 15:00:00",-0.348722099780598,0.321878801774223
"2022-07-14 16:00:00",0.217200303443494,0.702172479208174
"2022-07-14 17:00:00",-0.825749048925131,-2.157063833459
"2022-07-14 18:00:00",-1.66079547572878,0.0870285331611897
"2022-07-14 19:00:00",-1.52560764386657,0.163009543012097
"2022-07-14 20:00:00",-1.34503195450197,0.185671306244107
"2022-07-14 21:00:00",-1.38684542269025,-0.189747268450259
"2022-07-14 22:00:00",-2.24596864569838,-1.26275424678584
"2022-07-14 23:00:00",-3.07298001226581,-0.494327831495772
"2022-07-15 00:00:00",-2.99926868634513,0.45285480752302
"2022-07-15 01:00:00",-3.05989648546327,-0.3961979094628
"2022-07-15 02:00:00",-3.39275824866773,-0.270878033398922
"2022-07-15 03:00:00",-3.74328619691246,-0.382598237230437
"2022-07-15 04:00:00",-3.90488213282701,-0.00176104255758369
"2022-07-15 05:00:00",-3.81830448406739,0.146386813640955
"2022-07-15 06:00:00",-3.80888838477614,-0.0774233625710017
"2022-07-15 07:00:00",-3.94211595188779,-0.159190735677068
"2022-07-15 08:00:00",-4.61146100492069,-0.972555539850656
"2022-07-15 09:00:00",-5.36437410106483,-0.564767021542523
"2022-07-15 10:00:00",-5.89083079029544,-0.468987506985865
"2022-07-15 11:00:00",-6.49841928784378,-0.663524481611607
"2022-07-15 12:00:00",-6.87055897624857,-0.151828770955693
"2022-07-15 13:00:00",-7.02911932042195,-0.14665992573592
"2022-07-15 14:00:00",-7.2172333691379,-0.197752912125511
"2022-07-15 15:00:00",-6.64023729191909,1.07536828202388
"2022-07-15 16:00:00",-5.89965554923707,0.490759103182054
"2022-07-15 17:00:00",-5.31635933822414,0.624870982442204
"2022-07-15 18:00:00",-4.56335217959231,0.809498052865822
"2022-07-15 19:00:00",-3.60377576712693,1.01990882169207
"2022-07-15 20:00:00",-3.29868883722768,-0.181306664388614
"2022-07-15 21:00:00",-2.79280384166857,0.944216367985952
"2022-07-15 22:00:00",-2.71912015296842,-0.506564223437736
"2022-07-15 23:00:00",-3.03517370214875,-0.170526072848989
"2022-07-16 00:00:00",-2.33288532441936,1.25469365767078
"2022-07-16 01:00:00",-1.69253469296825,0.203372635292914
"2022-07-16 02:00:00",-1.42527652116547,0.299328865554142
"2022-07-16 03:00:00",-1.48985434491558,-0.302272878950278
"2022-07-16 04:00:00",-1.64266136374216,-0.0439836859570938
"2022-07-16 05:00:00",-1.6072301208127,0.088806689954333
"2022-07-16 06:00:00",-3.1244793680191,-2.5137653205513
"2022-07-16 07:00:00",-5.20769675687153,-1.69317094640344
"2022-07-16 08:00:00",-6.17537183381377,-0.431325429880435
"2022-07-16 09:00:00",-6.05590923377644,0.488929181913983
"2022-07-16 10:00:00",-5.88812381107323,-0.0464762334869028
"2022-07-16 11:00:00",-5.58326985592592,0.532171066859934
"2022-07-16 12:00:00",-4.92219622083239,0.722788010394832
"2022-07-16 13:00:00",-4.27376067232221,0.574397558958107
"2022-07-16 14:00:00",-4.29837492256675,-0.417271900610361
"2022-07-16 15:00:00",-4.69647342829385,-0.360860206302765
"2022-07-16 16:00:00",-4.97404375834894,-0.202802865979715
"2022-07-16 17:00:00",-4.77225191773278,0.468337596347695
"2022-07-16 18:00:00",-4.26710276954662,0.511834907964836
"2022-07-16 19:00:00",-3.86043080954041,0.322738293508489
"2022-07-16 20:00:00",-3.840806931598,-0.178406961640238
"2022-07-16 21:00:00",-3.63642827408174,0.454802059570206
"2022-07-16 22:00:00",-3.60911326786936,-0.254283649267778
"2022-07-16 23:00:00",-4.1673018290984,-0.729612960475922
"2022-07-17 00:00:00",-4.54723117799664,-0.123386917923049
"2022-07-17 01:00:00",-5.03240652200403,-0.697448786610572
"2022-07-17 02:00:00",-5.6187752582066,-0.477968018951878
"2022-07-17 03:00:00",-5.94066272021746,-0.195299302338212
"2022-07-17 04:00:00",-5.94037789599421,0.138313614450734
"2022-07-17 05:00:00",-5.47898112922167,0.66251135998778
"2022-07-17 06:00:00",-4.93792590977578,0.441435423309665
"2022-07-17 07:00:00",-4.80496204681151,-0.0726357338182609
"2022-07-17 08:00:00",-5.05894920380205,-0.356625101665278
"2022-07-17 09:00:00",-5.63469957143555,-0.687953180628889
"2022-07-17 10:00:00",-6.12222437585377,-0.323480431812979
"2022-07-17 11:00:00",-6.05624320618485,0.33037153559692
"2022-07-17 12:00:00",-4.99514007753993,1.50563039603417
"2022-07-17 13:00:00",-3.78667722135128,0.95936585069976
"2022-07-17 14:00:00",-3.08246365637682,0.50553063746385
"2022-07-17 15:00:00",-2.64952134859821,0.367949815384981
"2022-07-17 16:00:00",-2.49448880290704,0.00913721432785583
"2022-07-17 17:00:00",-2.25384943231507,0.386750890768863
"2022-07-17 18:00:00",-1.52443376422432,0.926097926769469
"2022-07-17 19:00:00",-1.38029903130204,-0.382050058585339
"2022-07-17 20:00:00",-1.91603672976147,-0.610957834029121
"2022-07-17 21:00:00",-2.36373542118608,-0.315117752899866
"2022-07-17 22:00:00",-2.65592646882517,-0.259976205984249
"2022-07-17 23:00:00",-2.91708608439119,-0.246115989592445
"2022-07-18 00:00:00",-2.02069012951826,1.61922048912004
"2022-07-18 01:00:00",-2.23473156956934,-1.42342042787693
"2022-07-18 02:00:00",-1.74900238322498,1.73827219948146
"2022-07-18 03:00:00",-1.36102704707519,-0.528389931768192
"2022-07-18 04:00:00",-2.29223229239304,-1.15374015826665
"2022-07-18 05:00:00",-2.00602705438525,1.23550607376042
"2022-07-18 06:00:00",-0.338669745429365,1.87860647403043
"2022-07-18 07:00:00",1.32015171525174,1.43391087499964
"2022-07-18 08:00:00",2.09231272269864,0.292608152874283
"2022-07-18 09:00:00",2.17943028400757,-0.0567097653659938
"2022-07-18 10:00:00",2.37829699747219,0.356989728641855
"2022-07-18 11:00:00",2.82146187462609,0.476490431388658
"2022-07-18 12:00:00",2.89145956811408,-0.207954851367462
"2022-07-18 13:00:00",3.24678007333812,0.710220535243519
"2022-07-18 14:00:00",3.96449212985961,0.684417317309842
"2022-07-18 15:00:00",4.39115711076566,0.229449522819579
"2022-07-18 16:00:00",4.74696223561762,0.417474711619416
"2022-07-18 17:00:00",5.26006380733573,0.546352561968073
"2022-07-18 18:00:00",5.76883850501903,0.452768469862476
"2022-07-18 19:00:00",6.70998062570058,1.2145628800052
"2022-07-18 20:00:00",7.07313141502673,-0.230350816559168
"2022-07-18 21:00:00",5.34818432326194,-2.64847378837498
"2022-07-18 22:00:00",3.75620428436327,-0.818904561931404
"2022-07-18 23:00:00",3.18346820027565,-0.386250718639962
"2022-07-19 00:00:00",2.70931253259805,-0.514328606739054
"2022-07-19 01:00:00",1.62844786164116,-1.41067820744904
"2022-07-19 02:00:00",0.986071063404924,-0.101757598556689
"2022-07-19 03:00:00",0.854557495413403,-0.146371752152577
"2022-07-19 04:00:00",1.45181212906054,1.06351483880177
"2022-07-19 05:00:00",2.98544409825554,1.7722900853452
"2022-07-19 06:00:00",4.69355776868048,1.58031462334093
"2022-07-19 07:00:00",6.20890328013884,1.39397715983832
"2022-07-19 08:00:00",7.70021277814206,1.47732979163979
"2022-07-19 09:00:00",9.01806541320765,1.13899035775112
"2022-07-19 10:00:00",9.91839598895751,0.686822974878057
"2022-07-19 11:00:00",10.6630060075256,0.73496987152506
"2022-07-19 12:00:00",11.3332011877439,0.581425235614691
"2022-07-19 13:00:00",12.2217710722413,1.03650133764109
"2022-07-19 14:00:00",12.8745784473703,0.350245817868311
"2022-07-19 15:00:00",13.105726994869,0.124177553761074
"2022-07-19 16:00:00",13.3124166156041,0.234986994496273
"2022-07-19 17:00:00",13.5691080889402,0.241808745286577
"2022-07-19 18:00:00",13.4916590364458,-0.304088749586761
"2022-07-19 19:00:00",12.1505294373168,-1.98613415089247
"2022-07-19 20:00:00",10.7101480827111,-1.02376343287962
"2022-07-19 21:00:00",9.98893039947053,-0.499053177059318
"2022-07-19 22:00:00",9.37275945561507,-0.677839779746361
"2022-07-19 23:00:00",8.97193582693473,-0.209180133441568
"2022-07-20 00:00:00",8.95480753351978,0.100156829529095
"2022-07-20 01:00:00",8.48307088438693,-0.842115024598417
"2022-07-20 02:00:00",8.0933979389557,-0.0804642336210131
"2022-07-20 03:00:00",7.70799025851492,-0.580814665948894
"2022-07-20 04:00:00",7.22384991158789,-0.406618335377291
"2022-07-20 05:00:00",7.4260411843401,0.589140860491885
"2022-07-20 06:00:00",8.5811215338421,1.46790912189338
"2022-07-20 07:00:00",10.2793879236911,1.76007718175168
"2022-07-20 08:00:00",11.891726324518,1.42398428677636
"2022-07-20 09:00:00",13.2861363395653,1.29310907289132
"2022-07-20 10:00:00",14.5325613388938,1.13895303765742
"2022-07-20 11:00:00",15.4383888970867,0.688642261436697
"2022-07-20 12:00:00",16.1544742935461,0.680458751931899
"2022-07-20 13:00:00",16.661962801022,0.347244848237114
"2022-07-20 14:00:00",16.6731538721557,-0.234843316974564
"2022-07-20 15:00:00",16.3476199722509,-0.392009057934936
"2022-07-20 16:00:00",16.0305419485428,-0.273122973687768
"2022-07-20 17:00:00",16.0992248346609,0.272628952764491
"2022-07-20 18:00:00",16.1685249071394,-0.0902887080719897
"2022-07-20 19:00:00",15.1651626360839,-1.58522324670385
"2022-07-20 20:00:00",13.7894360466443,-1.19023263234413
"2022-07-20 21:00:00",12.7831768332073,-0.853564557772733
"2022-07-20 22:00:00",12.2561048701162,-0.300840139170316
"2022-07-20 23:00:00",11.843750553419,-0.482894195851145
"2022-07-21 00:00:00",11.923350011731,0.435544565922934
"2022-07-21 01:00:00",11.7862160631451,-0.527761028606456
"2022-07-21 02:00:00",11.4204549367826,-0.255569950942747
"2022-07-21 03:00:00",11.2154588180321,-0.176255865491098
"2022-07-21 04:00:00",11.0365764268425,-0.186585193873387
"2022-07-21 05:00:00",10.8860545224612,-0.133549098144921
"2022-07-21 06:00:00",9.58199508225975,-2.03644612844944
"2022-07-21 07:00:00",7.89539162783412,-1.38557995415316
"2022-07-21 08:00:00",7.06775219739373,-0.426530444824546
"2022-07-21 09:00:00",6.63446485843787,-0.426309797739578
"2022-07-21 10:00:00",6.65090632886207,0.302273560489034
"2022-07-21 11:00:00",5.76627221069198,-1.6424256074801
"2022-07-21 12:00:00",3.64345893279795,-2.34962197991489
"2022-07-21 13:00:00",0.795213185349711,-3.05000410934338
"2022-07-21 14:00:00",-0.330388848578456,0.209774164977483
"2022-07-21 15:00:00",0.0958364179807686,0.550695347692067
"2022-07-21 16:00:00",-0.990435889475381,-2.12607015559415
"2022-07-21 17:00:00",-0.855838162997827,1.63656443591856
"2022-07-21 18:00:00",0.653984855449319,1.35468717892328
"2022-07-21 19:00:00",1.43189827202738,0.355595409754949
"2022-07-21 20:00:00",1.45237182759487,-0.205755263941684
"2022-07-21 21:00:00",1.59891237982779,0.372565425174476
"2022-07-21 22:00:00",2.48061161952161,1.17715791025889
"2022-07-21 23:00:00",3.30377193295374,0.544853352046179
"2022-07-22 00:00:00",3.89330623076986,0.587049574250135
"2022-07-22 01:00:00",4.26147257564301,0.199734734032771
"2022-07-22 02:00:00",4.55608188206387,0.338366991881352
"2022-07-22 03:00:00",4.77889108869225,0.129313288313668
"2022-07-22 04:00:00",4.81853722594835,-0.0281729697906283
"2022-07-22 05:00:00",4.38082393163642,-0.696144852027516
"2022-07-22 06:00:00",3.53133259148269,-0.916998431659447
"2022-07-22 07:00:00",2.74073765852563,-0.673309255603869
"2022-07-22 08:00:00",2.30416525695421,-0.261536563800992
"2022-07-22 09:00:00",1.85306362653928,-0.559009282205527
"2022-07-22 10:00:00",1.3675781558536,-0.415788317426708
"2022-07-22 11:00:00",0.755625872797554,-0.715408724777947
"2022-07-22 12:00:00",-0.0702449626371254,-0.861239842185921
"2022-07-22 13:00:00",-0.404444308524591,0.0331264987912477
"2022-07-22 14:00:00",-0.686376250862778,-0.478048961388921
"2022-07-22 15:00:00",-0.669486520517665,0.346925150745469
"2022-07-22 16:00:00",-0.52245640146473,0.00764493879281125
"2022-07-22 17:00:00",-0.256078814600804,0.426878245398029
"2022-07-22 18:00:00",0.211296457165492,0.472493442342352
"2022-07-22 19:00:00",0.643533463954182,0.384587936491146
"2022-07-22 20:00:00",1.40873678430474,0.981751394327615
"2022-07-22 21:00:00",1.34564905034352,-0.7584527772414
"2022-07-22 22:00:00",0.758250942486472,-0.447184806985955
"2022-07-22 23:00:00",0.366137670282674,-0.337743644742782
"2022-07-23 00:00:00",0.611809610122746,0.622463109620908
"2022-07-23 01:00:00",1.39557526663553,0.853266453893756
"2022-07-23 02:00:00",1.11360715421121,-1.02717774720518
"2022-07-23 03:00:00",0.851637620210402,0.259174282688898
"2022-07-23 04:00:00",0.622325802599171,-0.545164377164966
"2022-07-23 05:00:00",-0.339567603211355,-1.19480143015278
"2022-07-23 06:00:00",-1.9700977794556,-1.84309178347917
"2022-07-23 07:00:00",-3.65577989767159,-1.49810292576715
"2022-07-23 08:00:00",-4.67117809390231,-0.640638593343687
"2022-07-23 09:00:00",-5.04601831045368,-0.173812869280948
"2022-07-23 10:00:00",-4.27296480264747,1.37405435603472
"2022-07-23 11:00:00",-2.6563034420845,1.70708004365303
"2022-07-23 12:00:00",-2.30408052276151,-0.564314395121237
"2022-07-23 13:00:00",-2.25540139673263,0.457990390169958
"2022-07-23 14:00:00",-1.62227316218951,0.722705276694343
"2022-07-23 15:00:00",-1.13649909101185,0.306829387746367
"2022-07-23 16:00:00",-0.708904970997954,0.489248070113634
"2022-07-23 17:00:00",-0.269975668538696,0.385439878165935
"2022-07-23 18:00:00",0.0397173897058869,0.244827506640233
"2022-07-23 19:00:00",-0.280516354381721,-0.681768752269454
"2022-07-23 20:00:00",-1.38847400613661,-1.33906787245478
"2022-07-23 21:00:00",-2.04953655478548,-0.175864194043445
"2022-07-23 22:00:00",-2.51534146637648,-0.63431968073544
"2022-07-23 23:00:00",-3.23720352344086,-0.742678975338577
"2022-07-24 00:00:00",-3.66410815855097,-0.191934287976047
"2022-07-24 01:00:00",-4.29244573327545,-0.884688427886977
"2022-07-24 02:00:00",-4.57984610443185,0.12997324086928
"2022-07-24 03:00:00",-4.83271033189903,-0.490167375090592
"2022-07-24 04:00:00",-4.63671077607082,0.650350077453954
"2022-07-24 05:00:00",-3.69719209174714,1.09362401693276
"2022-07-24 06:00:00",-2.74384204499846,0.819297252214034
"2022-07-24 07:00:00",-2.22491766735017,0.297555930924946
"2022-07-24 08:00:00",-2.0372459927071,0.108365724450792
"2022-07-24 09:00:00",-1.7674807131736,0.367169276998317
"2022-07-24 10:00:00",-1.12270288508704,0.801485205834483
"2022-07-24 11:00:00",-0.22548943709477,0.919842900596013
"2022-07-24 12:00:00",0.635368819585734,0.780918959386547
"2022-07-24 13:00:00",1.56020307396021,0.976009899112101
"2022-07-24 14:00:00",2.42288776519591,0.744131137322355
"2022-07-24 15:00:00",3.05634722819596,0.526455885310901
"2022-07-24 16:00:00",3.56250454203389,0.464634495747408
"2022-07-24 17:00:00",4.12261368350949,0.592551174722551
"2022-07-24 18:00:00",4.7010580261854,0.536240261606889
"2022-07-24 19:00:00",3.72299972173505,-1.94715467116757
"2022-07-24 20:00:00",3.01406308290466,0.145418862379388
"2022-07-24 21:00:00",2.72750884658022,-0.564798467680056
"2022-07-24 22:00:00",2.66793747555483,0.276557134916061
"2022-07-24 23:00:00",3.20384984106272,0.679908824941769
"2022-07-25 00:00:00",3.55689238696732,0.114230556357071
"2022-07-25 01:00:00",3.45022221360478,-0.253449334134535
"2022-07-25 02:00:00",3.48034503454624,0.213290369031301
"2022-07-25 03:00:00",3.60573302462885,0.0563442809382304
"2022-07-25 04:00:00",3.64601299689526,0.0230102039833458
"2022-07-25 05:00:00",3.97777342586597,0.517127152751848
"2022-07-25 06:00:00",4.71704920482529,0.847116707326867
"2022-07-25 07:00:00",5.55794830800267,0.790716749886003
"2022-07-25 08:00:00",6.66658248478545,1.26073201248928
"2022-07-25 09:00:00",8.18578017462879,1.61072340067153
"2022-07-25 10:00:00",9.82421492270817,1.56850314047995
"2022-07-25 11:00:00",11.3429865355052,1.40078733025289
"2022-07-25 12:00:00",12.3492814292699,0.680869373844015
"2022-07-25 13:00:00",12.8295322008127,0.307772860101839
"2022-07-25 14:00:00",13.0306025121117,0.103849670387637
"2022-07-25 15:00:00",13.3162713245339,0.376513547999594
"2022-07-25 16:00:00",10.1467386675853,-5.40006861820924
"2022-07-25 17:00:00",7.43882296025518,-0.797574079758901
"2022-07-25 18:00:00",7.81996591397174,1.13924371792105
"2022-07-25 19:00:00",7.90818331987279,-0.626723761721957
"2022-07-25 20:00:00",7.32348548738194,-0.539087005545829
"2022-07-25 21:00:00",6.29245159552863,-1.31943588040453
"2022-07-25 22:00:00",4.75319449994437,-1.62076601212922
"2022-07-25 23:00:00",3.63814489452039,-0.731049540740761
"2022-07-26 00:00:00",3.65109892220253,0.503644354287934
"2022-07-26 01:00:00",3.87128121961194,0.0160430770370752
"2022-07-26 02:00:00",4.10176165961195,0.357495466002468
"2022-07-26 03:00:00",4.36593785658193,0.184125407696689
"2022-07-26 04:00:00",3.97124297778617,-0.767438825974661
"2022-07-26 05:00:00",3.2100757301772,-0.725933414128965
"2022-07-26 06:00:00",2.29702088595908,-0.998549065041165
"2022-07-26 07:00:00",1.51720447306858,-0.599900667108616
"2022-07-26 08:00:00",0.930574902771225,-0.551861125001015
"2022-07-26 09:00:00",0.54081804574761,-0.264367311983301
"2022-07-26 10:00:00",0.270134909502837,-0.262727821681549
"2022-07-26 11:00:00",0.334446248719736,0.278929631402493
"2022-07-26 12:00:00",-1.62793689836855,-3.36374617859978
"2022-07-26 13:00:00",-4.17713659580936,-1.88294380939052
"2022-07-26 14:00:00",-5.71094436072028,-1.22278613880248
"2022-07-26 15:00:00",-5.25999556831876,1.55268351213346
"2022-07-26 16:00:00",-4.44289626912472,0.294668090482922
"2022-07-26 17:00:00",-3.70736062787314,1.00021528749658
"2022-07-26 18:00:00",-2.56798259007744,1.18278641256103
"2022-07-26 19:00:00",-1.96584509660854,0.189740664609744
"2022-07-26 20:00:00",-2.18335735696009,-0.476140396882167
"2022-07-26 21:00:00",-1.82107735909717,0.906815627824531
"2022-07-26 22:00:00",-1.18306820756454,0.430836711989471
"2022-07-26 23:00:00",-1.40847594684054,-0.650660914453088
"2022-07-27 00:00:00",-1.65901450472243,0.0299255562190323
"2022-07-27 01:00:00",-2.31383337043251,-1.07805305698846
"2022-07-27 02:00:00",-3.30238855344383,-0.878933840160979
"2022-07-27 03:00:00",-3.82716705168681,-0.259486349129385
"2022-07-27 04:00:00",-4.17848348286957,-0.39090944883086
"2022-07-27 05:00:00",-4.18329296350412,0.25819906448116
"2022-07-27 06:00:00",-4.03423917747232,0.074599130523182
"2022-07-27 07:00:00",-4.0073661309243,-0.00102229157989146
"2022-07-27 08:00:00",-4.22590034495942,-0.347991230259298
"2022-07-27 09:00:00",-5.04785381377406,-1.09341877395381
"2022-07-27 10:00:00",-5.93561702330793,-0.701971238855793
"2022-07-27 11:00:00",-6.0270180324163,0.327630854859459
"2022-07-27 12:00:00",-6.2313524049401,-0.541495633038253
"2022-07-27 13:00:00",-6.46709642290549,-0.0126809570495753
"2022-07-27 14:00:00",-6.12881894217834,0.564504559861025
"2022-07-27 15:00:00",-5.81633549228704,0.137520774488614
"2022-07-27 16:00:00",-5.27330218778012,0.795060730609156
"2022-07-27 17:00:00",-4.38957742986645,0.907634231663893
"2022-07-27 18:00:00",-3.60095169193955,0.677469485960492
"2022-07-27 19:00:00",-4.32491551669448,-1.61919443307678
"2022-07-27 20:00:00",-4.81874173265294,0.285445946843486
"2022-07-27 21:00:00",-4.84723745431721,-0.230223120084965
"2022-07-27 22:00:00",-5.21534073338217,-0.436283670345496
"2022-07-27 23:00:00",-5.47704265154062,-0.126159679228021
"2022-07-28 00:00:00",-5.70172214697541,-0.272623943707194
"2022-07-28 01:00:00",-6.61136465777108,-1.28374153226375
"2022-07-28 02:00:00",-6.70466316663199,0.713269613717929
"2022-07-28 03:00:00",-6.6012429995713,-0.299414115604094
"2022-07-28 04:00:00",-7.00544072259065,-0.446338731020609
"2022-07-28 05:00:00",-6.30101496272767,1.44714243495121
"2022-07-28 06:00:00",-4.98517421101191,1.17389933017735
"2022-07-28 07:00:00",-4.33658332352987,0.273994432843404
"2022-07-28 08:00:00",-4.51388645824589,-0.464149658616153
"2022-07-28 09:00:00",-4.99162765640546,-0.4582835421947
"2022-07-28 10:00:00",-5.19405574357433,-0.0158092259731369
"2022-07-28 11:00:00",-5.14232196999089,0.100996360454912
"2022-07-28 12:00:00",-4.89191194103477,0.344744506945081
"2022-07-28 13:00:00",-4.04782409119886,1.14317096672493
"2022-07-28 14:00:00",-3.19453573375631,0.624704846831574
"2022-07-28 15:00:00",-2.8487426880578,0.147539590856739
"2022-07-28 16:00:00",-2.53274892172996,0.416949707651415
"2022-07-28 17:00:00",-1.80562387334018,0.902616286396308
"2022-07-28 18:00:00",-1.28935995760595,0.236494213833415
"2022-07-28 19:00:00",-1.8039301525164,-0.98915782499646
"2022-07-28 20:00:00",-2.15278179484713,0.0969136699118342
"2022-07-28 21:00:00",-2.17769202055369,-0.102166999560978
"2022-07-28 22:00:00",-2.14888055761124,0.117566023603886
"2022-07-28 23:00:00",-1.8999267115074,0.327483157941213
"2022-07-29 00:00:00",-1.76411830310905,0.00402211191714522
"2022-07-29 01:00:00",-1.86794830086933,-0.168523018408957
"2022-07-29 02:00:00",-1.77005816944038,0.273251248476133
"2022-07-29 03:00:00",-1.55158442754462,0.173855179179981
"2022-07-29 04:00:00",-1.64862463146942,-0.271023418972532
"2022-07-29 05:00:00",-1.55156262113549,0.33996023307054
"2022-07-29 06:00:00",-1.18328555088266,0.371653689652233
"2022-07-29 07:00:00",-0.962790629345511,0.110771113229381
"2022-07-29 08:00:00",-0.515531310148661,0.651568168856845
"2022-07-29 09:00:00",-0.264503155750638,-0.0272583915218044
"2022-07-29 10:00:00",0.418479004457841,1.12435381875309
"2022-07-29 11:00:00",1.64354114935357,1.23344647772511
"2022-07-29 12:00:00",2.63057588293252,0.77374189935168
"2022-07-29 13:00:00",3.59371013558877,1.0402364171444
"2022-07-29 14:00:00",3.93353288131955,-0.147890803381405
"2022-07-29 15:00:00",3.56371722853834,-0.505258381721741
"2022-07-29 16:00:00",3.38906268924495,0.0494515761670363
"2022-07-29 17:00:00",3.93271578616807,0.84291402884372
"2022-07-29 18:00:00",4.35067669345512,0.109734702895521
"2022-07-29 19:00:00",4.13718444442023,-0.424434488323358
"2022-07-29 20:00:00",3.43453385493529,-0.860066507255512
"2022-07-29 21:00:00",3.09645080964716,0.0215398083521928
"2022-07-29 22:00:00",2.98688101830372,-0.195758100040648
"2022-07-29 23:00:00",2.71242236712464,-0.317731581219658
"2022-07-30 00:00:00",2.85941660896177,0.446325930530495
"2022-07-30 01:00:00",3.31071392998931,0.42948153490178
"2022-07-30 02:00:00",3.67486256842359,0.299023829865242
"2022-07-30 03:00:00",3.24028088196825,-0.907728129795888
"2022-07-30 04:00:00",2.77232730467308,-0.156714058768886
"2022-07-30 05:00:00",2.59840636796407,-0.180699792460481
"2022-07-30 06:00:00",2.14565387735813,-0.615951676817841
"2022-07-30 07:00:00",1.27778153303413,-0.997340760224704
"2022-07-30 08:00:00",0.340907153937768,-0.853691015435931
"2022-07-30 09:00:00",-0.225826036572397,-0.348939703479695
"2022-07-30 10:00:00",0.19631336537396,0.916414651462799
"2022-07-30 11:00:00",1.08324667740281,0.82487994865565
"2022-07-30 12:00:00",1.966070193867,0.878104835431006
"2022-07-30 13:00:00",1.98137010759371,-0.563154152050185
"2022-07-30 14:00:00",0.986505853162261,-1.23794399741505
"2022-07-30 15:00:00",0.606225325636943,0.208284929200131
"2022-07-30 16:00:00",0.988292543981845,0.478983350671007
"2022-07-30 17:00:00",1.67734585260321,0.795080699214473
"2022-07-30 18:00:00",2.36695486149328,0.584364540310503
"2022-07-30 19:00:00",1.48403028051104,-1.82219482603507
"2022-07-30 20:00:00",0.309893744079361,-0.688223084090589
"2022-07-30 21:00:00",-0.180428296820151,-0.335489782671549
"2022-07-30 22:00:00",-0.17162596266116,0.238140748490411
"2022-07-30 23:00:00",-0.231608238078807,-0.255656121461234
"2022-07-31 00:00:00",0.778273779987417,1.80586934889908
"2022-07-31 01:00:00",1.70701301644074,0.298859744812453
"2022-07-31 02:00:00",1.43601593296024,-0.640217253660178
"2022-07-31 03:00:00",0.563411215947681,-0.987911901345885
"2022-07-31 04:00:00",-0.578267455797869,-1.19066229109834
"2022-07-31 05:00:00",-0.432444945314565,1.03061307216544
"2022-07-31 06:00:00",0.693392052156266,1.13637673702894
"2022-07-31 07:00:00",1.44187051437932,0.453423267954894
"2022-07-31 08:00:00",1.8361202178504,0.334208847014242
"2022-07-31 09:00:00",2.33382661561624,0.580686217094442
"2022-07-31 10:00:00",2.88866855655216,0.508239623637788
"2022-07-31 11:00:00",3.30498919711104,0.331536739794314
"2022-07-31 12:00:00",3.50815480224484,0.10367320223786
"2022-07-31 13:00:00",3.80568385454372,0.408105117888705
"2022-07-31 14:00:00",4.10121498046787,0.201535630266969
"2022-07-31 15:00:00",4.21105077186126,0.0381994652857747
"2022-07-31 16:00:00",4.50988796938343,0.452965854116361
"2022-07-31 17:00:00",4.95171648713073,0.407596923216
"2022-07-31 18:00:00",5.17759959349108,0.0876280300245897
"2022-07-31 19:00:00",5.94479010561224,1.17709627342604
"2022-07-31 20:00:00",6.06845150540488,-0.592153380843047
"2022-07-31 21:00:00",6.09231857646187,0.425586499485336
"2022-07-31 22:00:00",6.4489089460836,0.28579824718986
"2022-07-31 23:00:00",6.34708986817369,-0.363697916992374
"2022-08-01 00:00:00",5.2676830887057,-1.51342406852302
"2022-08-01 01:00:00",4.50166872303822,-0.238137059638955
"2022-08-01 02:00:00",4.16154309129487,-0.397755142689202
"2022-08-01 03:00:00",3.81139421146409,-0.307135604558979
"2022-08-01 04:00:00",3.38054837719596,-0.497755754959608
"2022-08-01 05:00:00",3.44481960500516,0.431539259562915
"2022-08-01 06:00:00",3.20984193675346,-0.672587764536596
"2022-08-01 07:00:00",2.32532744554448,-0.987901214740846
"2022-08-01 08:00:00",1.76919851959036,-0.244855118782026
"2022-08-01 09:00:00",1.71212804035502,0.0685493344325946
"2022-08-01 10:00:00",1.54337222744932,-0.321143642162047
"2022-08-01 11:00:00",1.10979631688491,-0.48991502280133
"2022-08-01 12:00:00",-2.03612269672306,-4.76849642734934
"2022-08-01 13:00:00",-2.90901699654121,1.76823298264101
"2022-08-01 14:00:00",-1.99962372755245,0.297377905127598
"2022-08-01 15:00:00",-1.37465817313318,0.816232372512864
"2022-08-01 16:00:00",-0.287537124973218,1.21782252979465
"2022-08-01 17:00:00",0.399760484645635,0.301330888878415
"2022-08-01 18:00:00",0.599975903250804,0.122777007404456
"2022-08-01 19:00:00",0.509979275912135,-0.228339862895156
"2022-08-01 20:00:00",0.457480804297723,0.0665646767588818
"2022-08-01 21:00:00",0.204495398432148,-0.454582995698388
"2022-08-01 22:00:00",-0.417956497924762,-0.705047602165359
"2022-08-01 23:00:00",-0.45238367484271,0.414820080515322
"2022-08-02 00:00:00",0.122008034974691,0.654059211855152
"2022-08-02 01:00:00",-0.798296768631161,-1.92628799145722
"2022-08-02 02:00:00",-1.21938310781183,0.603402893879024
"2022-08-02 03:00:00",-0.63715126094082,0.542022062846726
"2022-08-02 04:00:00",-0.00880073817802496,0.656864073523061
"2022-08-02 05:00:00",0.202236591652302,-0.0961924908980971
"2022-08-02 06:00:00",0.241760048931743,0.127860495579734
"2022-08-02 07:00:00",0.196475678047368,-0.158871976643749
"2022-08-02 08:00:00",0.225687734601637,0.152957975780799
"2022-08-02 09:00:00",0.168964258567555,-0.194104103823413
"2022-08-02 10:00:00",-0.0314297544317543,-0.195282346790198
"2022-08-02 11:00:00",0.197830569731736,0.501430182342426
"2022-08-02 12:00:00",1.0528832686401,1.04991057842236
"2022-08-02 13:00:00",2.05993009372993,0.929260514134505
"2022-08-02 14:00:00",2.82097712712483,0.610087726470252
"2022-08-02 15:00:00",3.37288991227951,0.483268507139638
"2022-08-02 16:00:00",3.72827202442429,0.248892136421691
"2022-08-02 17:00:00",4.13052342032331,0.480570210425252
"2022-08-02 18:00:00",4.31757127977504,-0.0228413673621277
"2022-08-02 19:00:00",3.18289970091958,-1.82752392497847
"2022-08-02 20:00:00",4.06201042530717,2.63762706318541
"2022-08-02 21:00:00",4.35920720491853,-1.28242057991757
"2022-08-02 22:00:00",3.3218242423192,-0.830348797350889
"2022-08-02 23:00:00",2.75724848935716,-0.364848930957007
"2022-08-03 00:00:00",2.8408715457719,0.375072633143112
"2022-08-03 01:00:00",2.78136016064624,-0.350061956582727
"2022-08-03 02:00:00",2.54781862839197,-0.148348868068996
"2022-08-03 03:00:00",2.32080499483933,-0.271951489750626
"2022-08-03 04:00:00",2.24427679238288,0.0543977777259275
"2022-08-03 05:00:00",2.82653805694051,0.903603658517176
"2022-08-03 06:00:00",4.14109022355394,1.52240426716423
"2022-08-03 07:00:00",5.70246340687638,1.50782038053217
"2022-08-03 08:00:00",7.10646744043312,1.26072876720614
"2022-08-03 09:00:00",8.17644393559571,0.882808505951074
"2022-08-03 10:00:00",8.88554939528945,0.54907302139589
"2022-08-03 11:00:00",9.35685352977149,0.385613136804471
"2022-08-03 12:00:00",9.55692958750992,0.0548220769761981
"2022-08-03 13:00:00",10.1376694486393,0.891434385458423
"2022-08-03 14:00:00",10.5517103293362,0.0630456128923479
"2022-08-03 15:00:00",11.0020203878154,0.673486657138989
"2022-08-03 16:00:00",11.6563655669535,0.596313191696351
"2022-08-03 17:00:00",12.4672186203585,0.900325651402888
"2022-08-03 18:00:00",12.4627596941954,-0.623491762698388
"2022-08-03 19:00:00",11.9599717295892,-0.414487423632718
"2022-08-03 20:00:00",10.4403710316462,-2.19953154130048
"2022-08-03 21:00:00",9.25022520596608,-0.474131846692205
"2022-08-03 22:00:00",8.68372862411169,-0.613072277168337
"2022-08-03 23:00:00",8.2283632727955,-0.339780324776525
"2022-08-04 00:00:00",10.2943501117761,3.56102709342218
"2022-08-04 01:00:00",9.293202516637,-4.00823731989966
"2022-08-04 02:00:00",6.89570967070431,-1.22172921681084
"2022-08-04 03:00:00",6.4330559476379,0.0564872746594887
"2022-08-04 04:00:00",6.19048225123728,-0.438706967369217
"2022-08-04 05:00:00",6.4984608711038,0.783148618982056
"2022-08-04 06:00:00",7.79356905997121,1.56649220008942
"2022-08-04 07:00:00",9.51804207190318,1.73780316388891
"2022-08-04 08:00:00",11.2768393665414,1.67695132059804
"2022-08-04 09:00:00",12.7926182266663,1.32177224687631
"2022-08-04 10:00:00",13.8903610088969,0.879743787839387
"2022-08-04 11:00:00",14.7289403450835,0.753389022713946
"2022-08-04 12:00:00",15.6495003853129,0.969281430800611
"2022-08-04 13:00:00",16.3914856838509,0.535032563605183
"2022-08-04 14:00:00",16.6322155994126,0.0119701400964199
"2022-08-04 15:00:00",16.5275544449024,-0.198872805890923
"2022-08-04 16:00:00",16.547720564037,0.143933984062158
"2022-08-04 17:00:00",16.4644413436261,-0.252118074209466
"2022-08-04 18:00:00",16.1808840976607,-0.31225788874793
"2022-08-04 19:00:00",14.6282220066163,-2.32665335433095
"2022-08-04 20:00:00",14.8514439339321,1.89365280976254
"2022-08-04 21:00:00",14.6062507734932,-1.67855244603192
"2022-08-04 22:00:00",13.5368720860525,-0.631275079260617
"2022-08-04 23:00:00",12.8389732703328,-0.726593740242711
"2022-08-05 00:00:00",13.4095760731926,1.39172695068957
"2022-08-05 01:00:00",12.6570370957173,-2.16354477550524
"2022-08-05 02:00:00",11.916466010205,0.226943658175997
"2022-08-05 03:00:00",11.8130041707328,-0.334167512495861
"2022-08-05 04:00:00",9.84334913216319,-2.98158706246476
"2022-08-05 05:00:00",7.64950407224009,-1.57712659531016
"2022-08-05 06:00:00",6.26789329011584,-1.19547297216962
"2022-08-05 07:00:00",5.28054515766069,-0.809759217017805
"2022-08-05 08:00:00",3.83135979572164,-1.81340238050974
"2022-08-05 09:00:00",3.19917616861926,0.180386111305296
"2022-08-05 10:00:00",4.22294857693666,1.53324898037636
"2022-08-05 11:00:00",5.1173522357907,0.420570819796924
"2022-08-05 12:00:00",3.79832203309903,-2.42265933652691
"2022-08-05 13:00:00",4.07491286973077,2.05802260178926
"2022-08-05 14:00:00",5.30940530083507,0.62156839964366
"2022-08-05 15:00:00",5.80821559421455,0.386428118714477
"2022-08-05 16:00:00",3.614213160613,-3.81748723365099
"2022-08-05 17:00:00",0.706831562123482,-2.16715512310285
"2022-08-05 18:00:00",-0.578983491486635,-0.638074658363462
"2022-08-05 19:00:00",-0.971469382635628,-0.209366062131753
"2022-08-05 20:00:00",-0.968204704873362,0.146112803072856
"2022-08-05 21:00:00",-0.595759357806876,0.506880419016833
"2022-08-05 22:00:00",-0.31262436110005,0.121287204111443
"2022-08-05 23:00:00",-0.0400914282359218,0.36081397021134
"2022-08-06 00:00:00",-0.834730024511054,-1.52711490418652
"2022-08-06 01:00:00",-1.82068727365598,-0.577263895697709
"2022-08-06 02:00:00",-2.07539191605014,-0.0252192460099406
"2022-08-06 03:00:00",-2.21092095353526,-0.199953061143404
"2022-08-06 04:00:00",-2.54811893827044,-0.40982063860688
"2022-08-06 05:00:00",-2.8543220246572,-0.219291817563153
"2022-08-06 06:00:00",-3.120228715085,-0.280668964870818
"2022-08-06 07:00:00",-3.24647175587202,-0.0132744643742645
"2022-08-06 08:00:00",-3.29419811743507,-0.0642425892281063
"2022-08-06 09:00:00",-3.21833775336328,0.16990080708768
"2022-08-06 10:00:00",-3.00315362763145,0.239294218999618
"2022-08-06 11:00:00",-2.69283488312685,0.346791330887712
"2022-08-06 12:00:00",-2.81651300394687,-0.427972037959819
"2022-08-06 13:00:00",-3.01125621644425,-0.0263765395045868
"2022-08-06 14:00:00",-2.95348573140274,0.115002628101705
"2022-08-06 15:00:00",-2.57548266901873,0.539177106576829
"2022-08-06 16:00:00",-2.42587629951882,-0.113893506113406
"2022-08-06 17:00:00",-2.4160090068379,0.0950301828810174
"2022-08-06 18:00:00",-2.37505569086504,0.00606986444607432
"2022-08-06 19:00:00",-3.05226951002082,-1.09748732000191
"2022-08-06 20:00:00",-4.00016625093271,-0.799194789553811
"2022-08-06 21:00:00",-4.27270860287099,0.0966589700702153
"2022-08-06 22:00:00",-4.2654687927715,-0.0472101925543898
"2022-08-06 23:00:00",-4.51444615287549,-0.36615882185797
"2022-08-07 00:00:00",-4.44142705755888,0.368146897502039
"2022-08-07 01:00:00",-4.68279969649763,-0.630519048856836
"2022-08-07 02:00:00",-4.9672969812609,-0.0342666462011744
"2022-08-07 03:00:00",-5.27598603223241,-0.470564684535146
"2022-08-07 04:00:00",-5.41411510204463,0.096853342837094
"2022-08-07 05:00:00",-4.5953682213679,1.26807138054234
"2022-08-07 06:00:00",-3.14315557214492,1.51188477890341
"2022-08-07 07:00:00",-1.86512672198094,1.06544668117171
"2022-08-07 08:00:00",-1.20071926577675,0.367883672963802
"2022-08-07 09:00:00",-0.938810049285147,0.180362257555105
"2022-08-07 10:00:00",-0.884147041432681,-0.0305228793208319
"2022-08-07 11:00:00",-1.30937797816597,-0.667019183075336
"2022-08-07 12:00:00",-1.63925050788799,-0.0877493056658071
"2022-08-07 13:00:00",-1.46130004391136,0.348736887746098
"2022-08-07 14:00:00",-1.01218537875948,0.496573436466625
"2022-08-07 15:00:00",-0.673705772043324,0.21830546682781
"2022-08-07 16:00:00",-0.449707240157459,0.218017712478583
"2022-08-07 17:00:00",-0.0414162203457302,0.516315510268093
"2022-08-07 18:00:00",0.340306200984704,0.273909377378792
"2022-08-07 19:00:00",-0.207459481887705,-1.06994883706059
"2022-08-07 20:00:00",-0.978836269233751,-0.535409459680381
"2022-08-07 21:00:00",-1.48925826935791,-0.468247725932572
"2022-08-07 22:00:00",-1.73273147886071,-0.0801373237589795
"2022-08-07 23:00:00",-1.7319168646292,0.0569757405682983
"2022-08-08 00:00:00",-0.446549607429378,2.04543300121922
"2022-08-08 01:00:00",0.317645562794956,-0.125687581017485
"2022-08-08 02:00:00",-0.34856713314448,-0.995307996486949
"2022-08-08 03:00:00",-1.53762543285765,-1.26127053606084
"2022-08-08 04:00:00",-1.96796993740974,0.146027887276328
"2022-08-08 05:00:00",-1.31886960220281,0.956167382507936
"2022-08-08 06:00:00",-0.181862291067307,1.20523485786982
"2022-08-08 07:00:00",0.950440538301442,1.03011034355251
"2022-08-08 08:00:00",1.77008344836965,0.639160022683401
"2022-08-08 09:00:00",2.13792381044042,0.167203187682192
"2022-08-08 10:00:00",2.38773087905221,0.290249800673114
"2022-08-08 11:00:00",2.32406385928887,-0.299658980564541
"2022-08-08 12:00:00",2.6135961352491,0.665566638445023
"2022-08-08 13:00:00",3.20527921710349,0.51094394205587
"2022-08-08 14:00:00",3.40634484436887,-0.0192012406995686
"2022-08-08 15:00:00",3.49086468777422,0.145260333727857
"2022-08-08 16:00:00",3.31332929481658,-0.38879085029218
"2022-08-08 17:00:00",2.91655495182712,-0.387511661412177
"2022-08-08 18:00:00",2.84252289195412,0.134710502993839
"2022-08-08 19:00:00",1.68625399144887,-1.96562498986781
"2022-08-08 20:00:00",0.962717071210077,0.136716899872922
"2022-08-08 21:00:00",0.918998279483386,-0.16317028277837
"2022-08-08 22:00:00",0.59298031643831,-0.420273300475031
"2022-08-08 23:00:00",0.522824742086157,0.165821931920489
"2022-08-09 00:00:00",0.593166710933866,0.00267342170260027
"2022-08-09 01:00:00",0.900551034495076,0.49515043209008
"2022-08-09 02:00:00",1.71144606152038,0.981694207458971
"2022-08-09 03:00:00",2.11279015619496,-0.00682641323249944
"2022-08-09 04:00:00",2.04656505882724,-0.105399108626013
"2022-08-09 05:00:00",1.94194276117554,-0.101770042915599
"2022-08-09 06:00:00",1.68951140485934,-0.34337753661195
"2022-08-09 07:00:00",1.28649298855347,-0.425804251346601
"2022-08-09 08:00:00",1.64969476624166,0.870280017818498
"2022-08-09 09:00:00",2.40263398101522,0.636808358580415
"2022-08-09 10:00:00",2.88782138502899,0.357956659684442
"2022-08-09 11:00:00",3.05797413267594,0.0331454735827406
"2022-08-09 12:00:00",3.38102087002248,0.497019512820096
"2022-08-09 13:00:00",3.89035891304051,0.488990072414879
"2022-08-09 14:00:00",4.18363980135369,0.143860686397361
"2022-08-09 15:00:00",4.25241650111305,0.0100623105326095
"2022-08-09 16:00:00",4.14163746006485,-0.191554076351673
"2022-08-09 17:00:00",3.8751098307782,-0.309180827061637
"2022-08-09 18:00:00",3.43545885313101,-0.510731124963603
"2022-08-09 19:00:00",2.45129492242106,-1.25744054383836
"2022-08-09 20:00:00",1.7432563666888,-0.311289948301978
"2022-08-09 21:00:00",1.27134931876247,-0.55880493658357
"2022-08-09 22:00:00",0.811691049405967,-0.373357198636113
"2022-08-09 23:00:00",0.496241123853053,-0.262901693505566
"2022-08-10 00:00:00",0.316660471340968,-0.116140128151036
"2022-08-10 01:00:00",-0.272420729258799,-0.876785204443806
"2022-08-10 02:00:00",-0.71821188963128,-0.136931906946119
"2022-08-10 03:00:00",-0.878304550038087,-0.166999916573902
"2022-08-10 04:00:00",-1.19077283429217,-0.393465484644937
"2022-08-10 05:00:00",-1.10216286135438,0.407311912332018
"2022-08-10 06:00:00",-0.326503071198714,0.985782277036158
"2022-08-10 07:00:00",1.00988443856967,1.50703683396325
"2022-08-10 08:00:00",2.31201962147354,1.10235843256279
"2022-08-10 09:00:00",3.05032208744721,0.457539675422454
"2022-08-10 10:00:00",3.54643920455067,0.49432917836969
"2022-08-10 11:00:00",4.01819426483814,0.429718479366488
"2022-08-10 12:00:00",4.10632436512247,-0.148957348195981
"2022-08-10 13:00:00",4.72831401246175,1.10109767973089
"2022-08-10 14:00:00",5.49798350370854,0.506054017619706
"2022-08-10 15:00:00",6.05147384484951,0.551727839187622
"2022-08-10 16:00:00",6.51350819342871,0.372486221223732
"2022-08-10 17:00:00",7.0620702950757,0.631483440142375
"2022-08-10 18:00:00",6.98959114472424,-0.5474355982236
"2022-08-10 19:00:00",5.64874822202868,-1.81506295733764
"2022-08-10 20:00:00",4.42372886324054,-0.780730431512791
"2022-08-10 21:00:00",3.54696347356176,-0.904824682457208
"2022-08-10 22:00:00",3.17948046655919,0.00363067345308005
"2022-08-10 23:00:00",3.38556177181238,0.327156194919896
"2022-08-11 00:00:00",3.60052606846504,0.125593377247792
"2022-08-11 01:00:00",3.13124945112107,-0.84818980640891
"2022-08-11 02:00:00",2.59873203746705,-0.300802739781858
"2022-08-11 03:00:00",2.25708669114166,-0.355987237776331
"2022-08-11 04:00:00",1.58621435656889,-0.851821232508303
"2022-08-11 05:00:00",1.48481978396933,0.401655623330453
"2022-08-11 06:00:00",2.2655152229758,0.994372898546397
"2022-08-11 07:00:00",3.4472503359472,1.24756651763122
"2022-08-11 08:00:00",4.75918833018423,1.28806702428247
"2022-08-11 09:00:00",5.76079614587059,0.756909810415601
"2022-08-11 10:00:00",6.30790073258024,0.373815407696209
"2022-08-11 11:00:00",6.58631038972587,0.193448717630977
"2022-08-11 12:00:00",6.92453380831601,0.410179003413478
"2022-08-11 13:00:00",7.26170872688601,0.263561092164924
"2022-08-11 14:00:00",7.4491599601138,0.118447216931324
"2022-08-11 15:00:00",7.57831601781716,0.120558796214506
"2022-08-11 16:00:00",7.69226131842574,0.0943563856193008
"2022-08-11 17:00:00",7.66593475141072,-0.115441701147208
"2022-08-11 18:00:00",7.34865221854207,-0.446642040003704
"2022-08-11 19:00:00",6.28609209777726,-1.43214249828963
"2022-08-11 20:00:00",5.34753381065011,-0.573008255206828
"2022-08-11 21:00:00",4.87139082301438,-0.395832034675362
"2022-08-11 22:00:00",4.4894957393401,-0.360733784228823
"2022-08-11 23:00:00",3.97776750835066,-0.59385764129715
"2022-08-12 00:00:00",3.16251651158894,-0.929229601716685
"2022-08-12 01:00:00",2.09591594197018,-1.11157069773823
"2022-08-12 02:00:00",1.52906923904624,-0.179468111235199
"2022-08-12 03:00:00",1.34717113035257,-0.176844750362705
"2022-08-12 04:00:00",0.767632099212849,-0.822193981778978
"2022-08-12 05:00:00",1.31997476872857,1.44144880505761
"2022-08-12 06:00:00",3.3289390966631,2.29013600459886
"2022-08-12 07:00:00",5.36690501804709,1.7687228883619
"2022-08-12 08:00:00",6.47836213772091,0.613555851937156
"2022-08-12 09:00:00",6.9119677246709,0.284688124277893
"2022-08-12 10:00:00",7.32358145352263,0.467763016313433
"2022-08-12 11:00:00",7.88245814624467,0.583623520089664
"2022-08-12 12:00:00",8.08280197559721,-0.0748491547809088
"2022-08-12 13:00:00",7.04450151489003,-1.64166656269152
"2022-08-12 14:00:00",6.38139909320027,0.0116953272410214
"2022-08-12 15:00:00",6.59282153212559,0.326301893575481
"2022-08-12 16:00:00",6.64308729608106,-0.144639288458083
"2022-08-12 17:00:00",6.7615490197575,0.279669953998857
"2022-08-12 18:00:00",7.10416870670519,0.359591495977134
"2022-08-12 19:00:00",6.3722108157966,-1.43401740884572
"2022-08-12 20:00:00",5.76091417078885,-0.0419881902772996
"2022-08-12 21:00:00",5.71341972752487,-0.0563318000200427
"2022-08-12 22:00:00",5.66600403745999,-0.0465808419535888
"2022-08-12 23:00:00",5.34341289012392,-0.498566770128553
"2022-08-13 00:00:00",4.64104790206775,-0.811737734948998
"2022-08-13 01:00:00",4.03183871916448,-0.451223636763845
"2022-08-13 02:00:00",4.02757841120025,0.288717242955768
"2022-08-13 03:00:00",4.31389849582999,0.265926339710515
"2022-08-13 04:00:00",4.39309585088871,-0.054608807831165
"2022-08-13 05:00:00",4.86875301362306,0.800897984944
"2022-08-13 06:00:00",5.8980008921404,1.12629551501319
"2022-08-13 07:00:00",6.92773299309679,0.908825234366951
"2022-08-13 08:00:00",7.68156837225131,0.605761737051137
"2022-08-13 09:00:00",6.64561626207529,-2.09108015746587
"2022-08-13 10:00:00",4.96713714308061,-1.33221967483551
"2022-08-13 11:00:00",5.9922318066504,2.54149850960089
"2022-08-13 12:00:00",3.46664633139034,-5.79129170628098
"2022-08-13 13:00:00",-1.33382325706702,-3.91628455615096
"2022-08-13 14:00:00",-2.66829495003492,0.451839772097574
"2022-08-13 15:00:00",-0.668624334043548,2.93995568653247
"2022-08-13 16:00:00",1.75567220185362,1.96619015541943
"2022-08-13 17:00:00",3.32693170687449,1.23104926376327
"2022-08-13 18:00:00",3.57203213189697,-0.428121769980491
"2022-08-13 19:00:00",3.13935998334613,-0.419748285629194
"2022-08-13 20:00:00",3.86321327586693,1.44779904331163
"2022-08-13 21:00:00",4.79000711584972,0.530444143993925
"2022-08-13 22:00:00",5.099962794332,0.14206457690946
"2022-08-13 23:00:00",4.26877139937521,-1.44709184646438
"2022-08-14 00:00:00",4.7247774761971,1.69754673500369
"2022-08-14 01:00:00",5.068396313855,-0.581401370916754
"2022-08-14 02:00:00",4.73000574674539,-0.166837115362589
"2022-08-14 03:00:00",4.92139295136489,0.41500971770109
"2022-08-14 04:00:00",5.14428153108534,0.0778767793866754
"2022-08-14 05:00:00",5.22437043521249,0.0711289569821515
"2022-08-14 06:00:00",5.69544351905151,0.708580801777916
"2022-08-14 07:00:00",6.6902252273992,1.13096857511798
"2022-08-14 08:00:00",7.493824609761,0.538549423259077
"2022-08-14 09:00:00",7.82875737631238,0.173618324685047
"2022-08-14 10:00:00",8.08550061351338,0.289870532145729
"2022-08-14 11:00:00",8.52099315885757,0.501458979063105
"2022-08-14 12:00:00",9.74888137606202,1.64283761296307
"2022-08-14 13:00:00",10.742653993296,0.501284135270016
"2022-08-14 14:00:00",11.0257805412734,0.110393687122517
"2022-08-14 15:00:00",10.9932341214323,-0.140499400892496
"2022-08-14 16:00:00",10.8462680130565,-0.158459272424773
"2022-08-14 17:00:00",10.7879947949639,-0.00269099254171196
"2022-08-14 18:00:00",10.2133471158147,-0.942540163659118
"2022-08-14 19:00:00",9.0189215262289,-1.31874890556818
"2022-08-14 20:00:00",8.05430449169665,-0.694316874411237
"2022-08-14 21:00:00",7.87301924278282,0.158965867834085
"2022-08-14 22:00:00",7.89538990297891,-0.0798994493607425
"2022-08-14 23:00:00",7.58643117635834,-0.457154774096783
"2022-08-15 00:00:00",6.90135999310881,-0.814234586481794
"2022-08-15 01:00:00",6.38669472113881,-0.299392272384589
"2022-08-15 02:00:00",6.48798535097226,0.355364914866547
"2022-08-15 03:00:00",6.57346307120065,-0.106866269600251
"2022-08-15 04:00:00",6.03722323465916,-0.805472804126031
"2022-08-15 05:00:00",5.78094412246122,0.114242503467488
"2022-08-15 06:00:00",5.74702145419552,-0.138535095105958
"2022-08-15 07:00:00",5.49076004224012,-0.329972505237758
"2022-08-15 08:00:00",5.2010902123801,-0.256112279328491
"2022-08-15 09:00:00",5.07334933960868,-0.0427933203153407
"2022-08-15 10:00:00",5.12082824207364,0.0988657038236073
"2022-08-15 11:00:00",5.45891694171612,0.474903565273828
"2022-08-15 12:00:00",5.30385806186587,-0.574692779625167
"2022-08-15 13:00:00",5.32139633771396,0.404684366914169
"2022-08-15 14:00:00",6.69196609827649,1.94249674509887
"2022-08-15 15:00:00",7.74421363965955,0.400132743352806
"2022-08-15 16:00:00",6.33174062050762,-2.56371577623215
"2022-08-15 17:00:00",5.53299662092949,0.407680701989162
"2022-08-15 18:00:00",6.15812158861078,0.733250028080786
"2022-08-15 19:00:00",5.86131190945658,-0.977335661660051
"2022-08-15 20:00:00",5.42768155866853,-0.0581132985225615
"2022-08-15 21:00:00",5.42593437134781,0.0289185230869567
"2022-08-15 22:00:00",4.9789511230551,-0.749997209510825
"2022-08-15 23:00:00",4.59853167364368,-0.122377009512557
"2022-08-16 00:00:00",4.31130105253402,-0.389407803751277
"2022-08-16 01:00:00",4.1724663775176,0.029253063361398
"2022-08-16 02:00:00",4.3681895279417,0.292024071433451
"2022-08-16 03:00:00",4.08657687038139,-0.656277454139021
"2022-08-16 04:00:00",3.47683271190191,-0.555013780649176
"2022-08-16 05:00:00",3.75076923841105,0.809063200199052
"2022-08-16 06:00:00",4.60526628378195,0.839347388014975
"2022-08-16 07:00:00",5.37952478513272,0.688140051624212
"2022-08-16 08:00:00",5.93873955771107,0.439760481230666
"2022-08-16 09:00:00",6.42928993679897,0.493446465760189
"2022-08-16 10:00:00",6.91280659638567,0.445635744848125
"2022-08-16 11:00:00",7.32430784297308,0.36028321200528
"2022-08-16 12:00:00",7.34635960381676,-0.213918016882122
"2022-08-16 13:00:00",7.34672180319407,0.133729562685764
"2022-08-16 14:00:00",7.35040439874803,-0.092655864744939
"2022-08-16 15:00:00",7.52060893763295,0.327882135190406
"2022-08-16 16:00:00",8.07536670299896,0.669952871407565
"2022-08-16 17:00:00",8.52611930418484,0.272796202620396
"2022-08-16 18:00:00",8.14523929209945,-0.809544332800908
"2022-08-16 19:00:00",7.0707762980569,-1.21051057732995
"2022-08-16 20:00:00",7.54979978361384,1.57348622065619
"2022-08-16 21:00:00",9.12879563153926,1.49790736375365
"2022-08-16 22:00:00",9.582520546373,-0.275708988709408
"2022-08-16 23:00:00",7.63668094145918,-2.97912413428763
"2022-08-17 00:00:00",5.48474960747994,-1.50806099256568
"2022-08-17 01:00:00",4.34986202456476,-0.839248012819421
"2022-08-17 02:00:00",3.60783673268413,-0.64755588898676
"2022-08-17 03:00:00",4.12336046854772,1.26175064105881
"2022-08-17 04:00:00",3.64119202904402,-1.6271625096572
"2022-08-17 05:00:00",3.51751299071699,0.879811450425931
"2022-08-17 06:00:00",5.21594071431763,2.15892183130231
"2022-08-17 07:00:00",7.86010415331223,2.83528218816136
"2022-08-17 08:00:00",9.76755678777904,1.1881406395109
"2022-08-17 09:00:00",10.5367284688398,0.440726790338509
"2022-08-17 10:00:00",10.5617538913026,-0.2668709107642
"2022-08-17 11:00:00",10.6173775855909,0.254363429692833
"2022-08-17 12:00:00",10.4876319898501,-0.393330028296659
"2022-08-17 13:00:00",10.6682283699516,0.541111374652513
"2022-08-17 14:00:00",10.7799488335307,-0.193591220278551
"2022-08-17 15:00:00",11.2041123599795,0.801946086666104
"2022-08-17 16:00:00",11.4975331576283,-0.0739710669030653
"2022-08-17 17:00:00",11.3412964430924,-0.218470955120965
"2022-08-17 18:00:00",10.6438158987685,-0.998285388374235
"2022-08-17 19:00:00",10.0703247447482,-0.276763430561259
"2022-08-17 20:00:00",9.91031335308253,-0.0875509534320713
"2022-08-17 21:00:00",9.58635665648167,-0.478934032888731
"2022-08-17 22:00:00",9.34851219106428,-0.0781715263903782
"2022-08-17 23:00:00",9.2351254493312,-0.143521541988248
"2022-08-18 00:00:00",9.36852684176912,0.299774069260718
"2022-08-18 01:00:00",9.13712964763681,-0.586581778490465
"2022-08-18 02:00:00",9.05498257648803,0.246266557479812
"2022-08-18 03:00:00",9.08449620042248,-0.12805656774666
"2022-08-18 04:00:00",8.41158822987659,-1.01586618466215
"2022-08-18 05:00:00",8.13380375104094,0.216622674783105
"2022-08-18 06:00:00",8.44154804511203,0.343386017840863
"2022-08-18 07:00:00",8.7507027076758,0.260765572041024
"2022-08-18 08:00:00",8.84172411018489,-0.0377408595094602
"2022-08-18 09:00:00",8.63262739967632,-0.324789278627398
"2022-08-18 10:00:00",8.94164487406034,0.705739886594526
"2022-08-18 11:00:00",9.91660948467478,1.0965928685455
"2022-08-18 12:00:00",11.343079001164,1.56582014853562
"2022-08-18 13:00:00",11.9721769264533,-0.0398839679126233
"2022-08-18 14:00:00",11.8634347280506,-0.164906844815637
"2022-08-18 15:00:00",10.5693679956806,-2.00062121205013
"2022-08-18 16:00:00",9.46065717616553,-0.475048362289574
"2022-08-18 17:00:00",9.8015200195236,0.856405903989658
"2022-08-18 18:00:00",10.0034424728429,-0.256617889965614
"2022-08-18 19:00:00",9.39388036304022,-0.828778670181581
"2022-08-18 20:00:00",9.18498269581446,0.202171115983749
"2022-08-18 21:00:00",9.36845340191534,0.150449838255587
"2022-08-18 22:00:00",9.27574208574021,-0.26248257727989
"2022-08-18 23:00:00",9.16812316377808,-0.0112169298309432
"2022-08-19 00:00:00",7.76315801529912,-2.27916587782405
"2022-08-19 01:00:00",6.67161003864316,-0.257950011326205
"2022-08-19 02:00:00",6.68367195672522,0.182896644765753
"2022-08-19 03:00:00",6.88001705033155,0.187367831320964
"2022-08-19 04:00:00",6.80026306869992,-0.262907880919962
"2022-08-19 05:00:00",6.37010759277913,-0.529974064767517
"2022-08-19 06:00:00",5.87727253818831,-0.452865421061796
"2022-08-19 07:00:00",4.72656958266043,-1.56881287435825
"2022-08-19 08:00:00",3.27200230742617,-1.31537536546134
"2022-08-19 09:00:00",2.55767465331934,-0.283907852795646
"2022-08-19 10:00:00",2.18406062857906,-0.418959038173883
"2022-08-19 11:00:00",2.12547404617241,0.181627284462547
"2022-08-19 12:00:00",1.68910931098425,-0.830355552827659
"2022-08-19 13:00:00",1.81803374308097,0.760130622455809
"2022-08-19 14:00:00",0.873739710199956,-2.03802838632004
"2022-08-19 15:00:00",0.409911689365169,0.606536054811161
"2022-08-19 16:00:00",0.602757487524155,-0.0926351612890223
"2022-08-19 17:00:00",0.728629397340218,0.264782764268341
"2022-08-19 18:00:00",1.12649199567001,0.466735903805495
"2022-08-19 19:00:00",1.56998604484982,0.40547359661284
"2022-08-19 20:00:00",1.80277601344012,0.104584389813958
"2022-08-19 21:00:00",1.76314150019715,-0.136218465477615
"2022-08-19 22:00:00",1.95506235012209,0.399284762324496
"2022-08-19 23:00:00",2.67436722450179,0.89594781785122
"2022-08-20 00:00:00",3.354162745312,0.499946802101302
"2022-08-20 01:00:00",3.98269857961551,0.680070627752935
"2022-08-20 02:00:00",4.82776341037823,0.909770080392255
"2022-08-20 03:00:00",5.41970964165914,0.345717308883561
"2022-08-20 04:00:00",5.3541105949809,-0.343671903088222
"2022-08-20 05:00:00",4.78840563809623,-0.693741837307822
"2022-08-20 06:00:00",3.82021781078403,-1.11131138207958
"2022-08-20 07:00:00",2.31369546442136,-1.70332560958469
"2022-08-20 08:00:00",0.796771037545951,-1.32355721731524
"2022-08-20 09:00:00",-0.453843854386517,-1.14358579721249
"2022-08-20 10:00:00",-1.19186420830747,-0.431992889850915
"2022-08-20 11:00:00",-1.22566558000849,0.234797201833897
"2022-08-20 12:00:00",-1.70344539362632,-0.928539946969728
"2022-08-20 13:00:00",-2.3241708560751,-0.383827748966103
"2022-08-20 14:00:00",-2.50429631257322,-0.0327718622824536
"2022-08-20 15:00:00",-2.36363169707389,0.252829711979853
"2022-08-20 16:00:00",-1.94760418297701,0.508100614469073
"2022-08-20 17:00:00",-1.65799805039082,0.132693384884723
"2022-08-20 18:00:00",-1.26561360805455,0.548999518899282
"2022-08-20 19:00:00",-0.488016187161308,0.894673379659618
"2022-08-20 20:00:00",0.316467287210955,0.706758205539575
"2022-08-20 21:00:00",0.940246669629807,0.538411708798369
"2022-08-20 22:00:00",1.46654656130143,0.492004453134344
"2022-08-20 23:00:00",1.862723472053,0.311577105153211
"2022-08-21 00:00:00",2.38088770136879,0.628863521300498
"2022-08-21 01:00:00",2.5032140981847,-0.224240182286809
"2022-08-21 02:00:00",2.19153537337701,-0.358384958865059
"2022-08-21 03:00:00",1.71300988757069,-0.538702595454295
"2022-08-21 04:00:00",1.2056122391771,-0.464624203576747
"2022-08-21 05:00:00",0.550021372769464,-0.75330011218292
"2022-08-21 06:00:00",-0.241463042306071,-0.780038111011192
"2022-08-21 07:00:00",-0.774670780766707,-0.343008102198631
"2022-08-21 08:00:00",-0.738158823762826,0.288784263915446
"2022-08-21 09:00:00",-0.211556101979521,0.661073044681824
"2022-08-21 10:00:00",0.187575161108317,0.205812510917398
"2022-08-21 11:00:00",0.506098865012457,0.378285478358289
"2022-08-21 12:00:00",0.334478422476989,-0.530715054054768
"2022-08-21 13:00:00",0.38273979766024,0.431514777225326
"2022-08-21 14:00:00",0.514671887475743,-0.074548849358951
"2022-08-21 15:00:00",0.438143123615747,-0.0748752908252274
"2022-08-21 16:00:00",0.591832612330186,0.29819561662022
"2022-08-21 17:00:00",0.808329295681399,0.150981232715708
"2022-08-21 18:00:00",-0.0294921743710805,-1.45824099640871
"2022-08-21 19:00:00",-1.36412121462114,-1.18876374540401
"2022-08-21 20:00:00",-1.87589179976705,-0.0343726338752468
"2022-08-21 21:00:00",-2.16254700582474,-0.438801806232603
"2022-08-21 22:00:00",-2.49664645268455,-0.245636214692345
"2022-08-21 23:00:00",-2.47335221770743,0.204688410286309
"2022-08-22 00:00:00",-1.0113759425794,2.23386898887652
"2022-08-22 01:00:00",0.0434729295962855,0.220026267097262
"2022-08-22 02:00:00",0.317705619012352,0.297282313032331
"2022-08-22 03:00:00",0.199108595368414,-0.390618966047875
"2022-08-22 04:00:00",-0.432768574084159,-0.762943425399823
"2022-08-22 05:00:00",-0.731897679627326,0.0248472986961643
"2022-08-22 06:00:00",-0.0249472056887974,1.12902752238722
"2022-08-22 07:00:00",0.939490212816412,0.808915238748317
"2022-08-22 08:00:00",1.59257153698211,0.516949176842483
"2022-08-22 09:00:00",1.83661293653067,0.0484570868111414
"2022-08-22 10:00:00",1.62975661951264,-0.369599346813356
"2022-08-22 11:00:00",0.992461774482899,-0.787571748496381
"2022-08-22 12:00:00",0.404464308807501,-0.428287814014128
"2022-08-22 13:00:00",-0.261940125596781,-0.794000244133001
"2022-08-22 14:00:00",-0.840600088281301,-0.40726711832348
"2022-08-22 15:00:00",-1.01455742762211,-0.00907058236100741
"2022-08-22 16:00:00",-0.794386370297332,0.363841199895741
"2022-08-22 17:00:00",-0.347733963359824,0.481657952252392
"2022-08-22 18:00:00",-0.291446515971726,-0.229514748579302
"2022-08-22 19:00:00",-0.283559563308644,0.16615285090991
"2022-08-22 20:00:00",-0.0563127205211455,0.257542251672878
"2022-08-22 21:00:00",0.0662291913079255,0.026792658648786
"2022-08-22 22:00:00",0.096534373819891,0.0311214000471869
"2022-08-22 23:00:00",0.29050365296675,0.293191006755881
"2022-08-23 00:00:00",0.827374238709601,0.673434804359607
"2022-08-23 01:00:00",1.26592679300297,0.260061149215801
"2022-08-23 02:00:00",1.75825748625063,0.62214793157697
"2022-08-23 03:00:00",2.23586292120799,0.356284213835296
"2022-08-23 04:00:00",2.34804764354299,-0.058757589242439
"2022-08-23 05:00:00",2.00760597020309,-0.515076001623794
"2022-08-23 06:00:00",1.41866875315388,-0.612778268959791
"2022-08-23 07:00:00",1.01941159506354,-0.239767804852348
"2022-08-23 08:00:00",0.486196187852107,-0.704819389832288
"2022-08-23 09:00:00",0.0545381740932063,-0.229667908155111
"2022-08-23 10:00:00",0.00845055669205458,0.0784169497920694
"2022-08-23 11:00:00",0.461798951106792,0.681744750346138
"2022-08-23 12:00:00",1.77722073626797,1.67476292804209
"2022-08-23 13:00:00",2.36591228431078,-0.165608157563851
"2022-08-23 14:00:00",2.70673499440475,0.659193198847838
"2022-08-23 15:00:00",3.20426703127405,0.362629461860669
"2022-08-23 16:00:00",3.24565026666038,-0.178872803288674
"2022-08-23 17:00:00",3.21952170074224,0.0727584855372625
"2022-08-23 18:00:00",2.49975385881945,-1.21805554871351
"2022-08-23 19:00:00",1.64008952833651,-0.583111367542016
"2022-08-23 20:00:00",1.15300539194791,-0.402034552005996
"2022-08-23 21:00:00",0.874482117351499,-0.184434326152495
"2022-08-23 22:00:00",0.596090464516461,-0.328926672833786
"2022-08-23 23:00:00",0.440919997109952,-0.0327294746848286
"2022-08-24 00:00:00",0.511839147946278,0.136078865971577
"2022-08-24 01:00:00",0.478054399712026,-0.146079366907724
"2022-08-24 02:00:00",0.46367728522556,0.0734900747898027
"2022-08-24 03:00:00",0.631926402068332,0.222828160850252
"2022-08-24 04:00:00",0.845917830227697,0.197117339923363
"2022-08-24 05:00:00",1.70692150395149,1.26158269134932
"2022-08-24 06:00:00",2.08190425976617,-0.236092343850523
"2022-08-24 07:00:00",1.74614209658329,-0.388935116355343
"2022-08-24 08:00:00",1.97921757932965,0.634416534949624
"2022-08-24 09:00:00",2.42162125743409,0.290824121972295
"2022-08-24 10:00:00",2.97096238245618,0.692458051530342
"2022-08-24 11:00:00",3.46488061249356,0.334261541290211
"2022-08-24 12:00:00",3.90655425581527,0.487827622709297
"2022-08-24 13:00:00",4.20426317228588,0.151784350471934
"2022-08-24 14:00:00",4.77455789902039,0.816779292053098
"2022-08-24 15:00:00",5.28788748557814,0.28048763733813
"2022-08-24 16:00:00",5.72365557576536,0.511765273172532
"2022-08-24 17:00:00",6.04165026082026,0.166330096771701
"2022-08-24 18:00:00",5.43119047348403,-1.1070875403707
"2022-08-24 19:00:00",4.42113790522978,-0.904365240363194
"2022-08-24 20:00:00",3.86814768636227,-0.298163485101212
"2022-08-24 21:00:00",3.73808142295881,-0.0168071570351005
"2022-08-24 22:00:00",3.70854046739625,-0.0414431192543085
"2022-08-24 23:00:00",3.66280400096361,-0.0512040910992254
"2022-08-25 00:00:00",4.05701195038452,0.667691906705694
"2022-08-25 01:00:00",4.4211262233002,0.139202281988098
"2022-08-25 02:00:00",4.54828774265209,0.107394802333368
"2022-08-25 03:00:00",4.60065858280874,0.00733928657538492
"2022-08-25 04:00:00",4.41025784900799,-0.319105852945276
"2022-08-25 05:00:00",4.08551825698208,-0.318746976951957
"2022-08-25 06:00:00",4.01253473563039,0.0890595607243432
"2022-08-25 07:00:00",4.18236814041526,0.210440814520651
"2022-08-25 08:00:00",4.38877777393079,0.188524390466824
"2022-08-25 09:00:00",4.57857688061537,0.175974411637641
"2022-08-25 10:00:00",4.93797910514724,0.45870686830025
"2022-08-25 11:00:00",5.58185218506216,0.730355640224027
"2022-08-25 12:00:00",5.8219739787879,-0.105298427628749
"2022-08-25 13:00:00",5.79199662715251,0.0141581840425557
"2022-08-25 14:00:00",6.03016357938843,0.368722523520429
"2022-08-25 15:00:00",6.12237742410584,-0.104274542403859
"2022-08-25 16:00:00",6.16638333955415,0.132877480647309
"2022-08-25 17:00:00",6.39258361978719,0.269719561221242
"2022-08-25 18:00:00",6.16239012835828,-0.560762032715083
"2022-08-25 19:00:00",5.71962847525451,-0.35099714358323
"2022-08-25 20:00:00",5.70472744312199,0.202497052267985
"2022-08-25 21:00:00",5.75441677421569,-0.0618930523543957
"2022-08-25 22:00:00",5.73339873803102,-0.000184839049732585
"2022-08-25 23:00:00",5.64004216225648,-0.158421804725169
"2022-08-26 00:00:00",5.67839674022108,0.160446296041801
"2022-08-26 01:00:00",5.81957861416037,0.114313113826566
"2022-08-26 02:00:00",5.86527385663423,-0.00971972374443588
"2022-08-26 03:00:00",5.85862060766568,-0.0118507752668993
"2022-08-26 04:00:00",5.96187857416894,0.167539684783578
"2022-08-26 05:00:00",5.48664866511223,-0.888835556250518
"2022-08-26 06:00:00",4.80338576705245,-0.520818634659044
"2022-08-26 07:00:00",4.60994832842415,0.0278154020522086
"2022-08-26 08:00:00",4.99845147898573,0.604555803971264
"2022-08-26 09:00:00",5.56661945822304,0.510469879645054
"2022-08-26 10:00:00",5.69346586436854,-0.142099032658987
"2022-08-26 11:00:00",5.36847292909793,-0.438813261744831
"2022-08-26 12:00:00",2.78686930018426,-3.89434802916437
"2022-08-26 13:00:00",1.962772804817,1.258272635815
"2022-08-26 14:00:00",3.42612001008416,1.5279947338768
"2022-08-26 15:00:00",4.96831153061495,1.47395705180014
"2022-08-26 16:00:00",6.23641817691566,1.06421360596282
"2022-08-26 17:00:00",4.08894338315362,-4.1945537857242
"2022-08-26 18:00:00",1.71835001472237,-1.04726024101935
"2022-08-26 19:00:00",1.69112076571642,0.651859570975297
"2022-08-26 20:00:00",2.57067200348687,0.987368235065379
"2022-08-26 21:00:00",3.2408175012575,0.423509809089616
"2022-08-26 22:00:00",3.62555214031249,0.336426516756261
"2022-08-26 23:00:00",3.89780496609527,0.21186193861034
"2022-08-27 00:00:00",4.28512797361577,0.480867040511272
"2022-08-27 01:00:00",4.71653093677436,0.372405680456975
"2022-08-27 02:00:00",4.85476079262882,-0.0305310156769033
"2022-08-27 03:00:00",4.93650750419835,0.146456889145313
"2022-08-27 04:00:00",5.05424904046107,0.0866421271957724
"2022-08-27 05:00:00",4.74443553637904,-0.565903533520406
"2022-08-27 06:00:00",3.96382339508691,-0.892768264377176
"2022-08-27 07:00:00",2.69113711706315,-1.47059120242437
"2022-08-27 08:00:00",1.8346462237692,-0.40986550117774
"2022-08-27 09:00:00",1.12922143282558,-0.871303769931936
"2022-08-27 10:00:00",0.195863911320029,-0.931828549983705
"2022-08-27 11:00:00",0.173596006078974,0.584901371057032
"2022-08-27 12:00:00",0.806020457993648,0.633829871551917
"2022-08-27 13:00:00",1.01407130574636,-0.0867221117277569
"2022-08-27 14:00:00",0.572077367061339,-0.659141278133045
"2022-08-27 15:00:00",0.687735674041835,0.625949444129814
"2022-08-27 16:00:00",1.39704073331857,0.730282595961486
"2022-08-27 17:00:00",1.5481763715126,-0.243937893568661
"2022-08-27 18:00:00",1.381912521729,-0.10857625165324
"2022-08-27 19:00:00",1.31671150253896,-0.0349671024800838
"2022-08-27 20:00:00",1.87928292018125,0.932493953771261
"2022-08-27 21:00:00",2.48349227424541,0.354223379279124
"2022-08-27 22:00:00",2.56309317046503,-0.11046046392642
"2022-08-27 23:00:00",2.3085252859083,-0.341843762156399
"2022-08-28 00:00:00",2.58242525662006,0.668398544785606
"2022-08-28 01:00:00",3.13725046649552,0.44941829435462
"2022-08-28 02:00:00",3.71111503353493,0.625515023212181
"2022-08-28 03:00:00",3.85275641087906,-0.192448432122631
"2022-08-28 04:00:00",3.4690603968897,-0.497923903033474
"2022-08-28 05:00:00",2.57168645329522,-1.12549705052328
"2022-08-28 06:00:00",1.01791423202317,-1.7687637802944
"2022-08-28 07:00:00",-0.351956341267742,-1.04016257629724
"2022-08-28 08:00:00",0.0469687230600944,1.33979746781216
"2022-08-28 09:00:00",0.753648240446365,0.250966541159968
"2022-08-28 10:00:00",0.849334873359612,-0.0133496704879779
"2022-08-28 11:00:00",0.61846937419415,-0.365997468523228
"2022-08-28 12:00:00",-1.46136943587075,-3.12434473680139
"2022-08-28 13:00:00",-2.23196997895513,0.837037274338067
"2022-08-28 14:00:00",-1.57547411152977,0.507816809987856
"2022-08-28 15:00:00",-1.17407824128198,0.313405852166599
"2022-08-28 16:00:00",-0.554373912575898,0.7959648207147
"2022-08-28 17:00:00",-0.00646945166100752,0.357211980251053
"2022-08-28 18:00:00",-0.311937270356859,-0.732722909631983
"2022-08-28 19:00:00",-0.596978097369871,0.0273557656373282
"2022-08-28 20:00:00",-0.911741001277438,-0.527111565775708
"2022-08-28 21:00:00",-1.31098705110935,-0.293857032889423
"2022-08-28 22:00:00",-1.4268252401125,0.0100329218326968
"2022-08-28 23:00:00",-1.52485545446633,-0.16357415331517
"2022-08-29 00:00:00",-1.46626912221861,0.205871755323996
"2022-08-29 01:00:00",-1.14767353325546,0.380493510988849
"2022-08-29 02:00:00",-0.646228860563514,0.559727975523364
"2022-08-29 03:00:00",-0.673678026897043,-0.416756880199651
"2022-08-29 04:00:00",-1.56953516006575,-1.17181324691521
"2022-08-29 05:00:00",-2.36610089108741,-0.506530163109366
"2022-08-29 06:00:00",-1.80098856555439,1.25572374285875
"2022-08-29 07:00:00",-1.24911546123718,0.0587433710551689
"2022-08-29 08:00:00",-1.36228040877617,-0.220781424928231
"2022-08-29 09:00:00",-1.43405574080241,0.0327265296542645
"2022-08-29 10:00:00",-1.74864469387994,-0.529331709907615
"2022-08-29 11:00:00",-2.07277723577664,-0.169679543899658
"2022-08-29 12:00:00",-2.75368949636252,-0.986700823597484
"2022-08-29 13:00:00",-2.65347078891898,0.823605538377608
"2022-08-29 14:00:00",-1.4999285147144,1.32210004200989
"2022-08-29 15:00:00",-0.654618641195766,0.489219355835408
"2022-08-29 16:00:00",0.0540587448122777,0.822147910236463
"2022-08-29 17:00:00",0.345722410815585,-0.0759158461510113
"2022-08-29 18:00:00",-0.649238951453519,-1.560813584048
"2022-08-29 19:00:00",-0.48796140900055,1.30249168061779
"2022-08-29 20:00:00",0.329608446523254,0.456072496529279
"2022-08-29 21:00:00",-0.249600186562059,-1.2422854915426
"2022-08-29 22:00:00",-1.51045317523997,-1.21299455347692
"2022-08-29 23:00:00",-1.68889950026939,0.521666848903885
"2022-08-30 00:00:00",-1.55713275533156,-0.132247424607873
"2022-08-30 01:00:00",-1.97846681109406,-0.59202717948406
"2022-08-30 02:00:00",-2.13387018714243,0.145608349514886
"2022-08-30 03:00:00",-1.76928102752797,0.495998550960246
"2022-08-30 04:00:00",-1.3384588913139,0.369179424658285
"2022-08-30 05:00:00",-1.12394509285048,0.102936299119052
"2022-08-30 06:00:00",-0.645320955737343,0.707782859822878
"2022-08-30 07:00:00",-0.225002255182286,0.209537451756992
"2022-08-30 08:00:00",-0.422695141936656,-0.459491012307953
"2022-08-30 09:00:00",-0.977626002917536,-0.591641709869212
"2022-08-30 10:00:00",-1.47078145508552,-0.402804862613645
"2022-08-30 11:00:00",-1.69905436199068,-0.0991776129792266
"2022-08-30 12:00:00",-2.17775516003934,-0.706775027883195
"2022-08-30 13:00:00",-2.00219325600593,0.758240235181271
"2022-08-30 14:00:00",-1.44532810137198,0.398735514458171
"2022-08-30 15:00:00",-1.35952472193959,-0.125029393985211
"2022-08-30 16:00:00",-1.62533609153262,-0.345281369811294
"2022-08-30 17:00:00",-2.32168947720658,-0.895212772096011
"2022-08-30 18:00:00",-2.66512370360789,0.0437234095083213
"2022-08-30 19:00:00",-1.97569927151885,1.09055776202929
"2022-08-30 20:00:00",-1.07109276396119,0.740200658609369
"2022-08-30 21:00:00",-0.845967957984207,-0.127570869622326
"2022-08-30 22:00:00",-0.818015948963266,0.131394023939575
"2022-08-30 23:00:00",-0.39254397693237,0.60235655926669
"2022-08-31 00:00:00",-1.32411424924186,-1.90939741612926
"2022-08-31 01:00:00",-2.57124483540863,-0.744657740625328
"2022-08-31 02:00:00",-2.90634878280689,-0.0428354833040872
"2022-08-31 03:00:00",-2.6707345845526,0.413793053296393
"2022-08-31 04:00:00",-2.37910334366384,0.199774777664149
"2022-08-31 05:00:00",-2.21022470065448,0.143322265862893
"2022-08-31 06:00:00",-2.07034813753506,0.133780708359165
"2022-08-31 07:00:00",-1.56189619344333,0.736735076049573
"2022-08-31 08:00:00",-1.05576420962421,0.330360774815571
"2022-08-31 09:00:00",-1.41278113298482,-0.79693530503819
"2022-08-31 10:00:00",-1.77498037763711,-0.0533481265216292
"2022-08-31 11:00:00",-1.49564731057277,0.490130283126881
"2022-08-31 12:00:00",-0.97849521117527,0.512518888203134
"2022-08-31 13:00:00",-0.691170938727225,0.124804487290993
"2022-08-31 14:00:00",-0.581074842714832,0.0959496117897084
"2022-08-31 15:00:00",-0.77697218657462,-0.380401004416335
"2022-08-31 16:00:00",-1.03604545926308,-0.164877287631699
"2022-08-31 17:00:00",-1.11036685606608,-0.00908507513456454
"2022-08-31 18:00:00",-1.64968138578107,-0.86573616147703
"2022-08-31 19:00:00",-2.45687408627172,-0.72768133595178
"2022-08-31 20:00:00",-2.26877270547952,0.792840328328237
"2022-08-31 21:00:00",-2.05609558857615,-0.181274566112408
"2022-08-31 22:00:00",-2.2923658432134,-0.25905654052872
"2022-08-31 23:00:00",-2.06529597081985,0.543312385543208
"2022-09-01 00:00:00",-1.46090970242707,0.619042786172696
"2022-09-01 01:00:00",-1.37922578798388,-0.278548320634268
"2022-09-01 02:00:00",-1.65047260902407,-0.251712498024269
"2022-09-01 03:00:00",-2.32102569182464,-0.915784374171164
"2022-09-01 04:00:00",-3.29304846011461,-0.960333636258047
"2022-09-01 05:00:00",-4.03270336745819,-0.553146908895355
"2022-09-01 06:00:00",-3.93296293592477,0.535448220902432
"2022-09-01 07:00:00",-3.18199681778251,0.864024858319815
"2022-09-01 08:00:00",-2.37251798786389,0.738749819470731
"2022-09-01 09:00:00",-2.05517130319849,0.0243931180687943
"2022-09-01 10:00:00",-2.07313243312079,-0.0426950316206285
"2022-09-01 11:00:00",-1.92308511021054,0.274081330119923
"2022-09-01 12:00:00",-1.64788937103257,0.265339620449178
"2022-09-01 13:00:00",-1.68302379308194,-0.2316540347344
"2022-09-01 14:00:00",-1.71506114662807,0.1047293150953
"2022-09-01 15:00:00",-1.63693256864505,0.0588924536480969
"2022-09-01 16:00:00",-1.80920555224808,-0.316085023404928
"2022-09-01 17:00:00",-2.19573057291842,-0.412785469798775
"2022-09-01 18:00:00",-3.1100300707631,-1.20236019602461
"2022-09-01 19:00:00",-3.92646989273052,-0.516359656537475
"2022-09-01 20:00:00",-4.17393213660155,-0.0513814547556106
"2022-09-01 21:00:00",-4.28932909005369,-0.147211131061244
"2022-09-01 22:00:00",-4.5794146836166,-0.366021732778281
"2022-09-01 23:00:00",-4.87652722111301,-0.23115424019515
"2022-09-02 00:00:00",-4.22961181061752,1.20782814587349
"2022-09-02 01:00:00",-3.39032504183627,0.55916456375532
"2022-09-02 02:00:00",-3.1793470213103,-0.026799198145762
"2022-09-02 03:00:00",-3.0713432070633,0.19683559036013
"2022-09-02 04:00:00",-2.95028461948898,0.0687465332146299
"2022-09-02 05:00:00",-3.03501758542299,-0.179222721770745
"2022-09-02 06:00:00",-2.93927002854681,0.27841902415839
"2022-09-02 07:00:00",-3.04201395182552,-0.348178402066416
"2022-09-02 08:00:00",-3.16628713532105,0.034819745737611
"2022-09-02 09:00:00",-2.69764498700564,0.73966268278549
"2022-09-02 10:00:00",-1.92374988439058,0.763417505656893
"2022-09-02 11:00:00",-1.47135445385315,0.226032282448997
"2022-09-02 12:00:00",-1.1200518007324,0.42001712599396
"2022-09-02 13:00:00",-1.07579245995386,-0.206901494772174
"2022-09-02 14:00:00",-1.35897147637253,-0.319187091270764
"2022-09-02 15:00:00",-1.62333532342466,-0.213502070811921
"2022-09-02 16:00:00",-1.3970359202182,0.51083364838747
"2022-09-02 17:00:00",-1.30538167569476,-0.190349102106446
"2022-09-02 18:00:00",-1.88000802491935,-0.801818864538599
"2022-09-02 19:00:00",-2.06872363473799,0.231403196082
"2022-09-02 20:00:00",-1.58076565817901,0.638469903448022
"2022-09-02 21:00:00",-1.45505536546012,-0.220060371681404
"2022-09-02 22:00:00",-2.2844605015482,-1.19434033255267
"2022-09-02 23:00:00",-2.96431205134249,-0.301614973578363
"2022-09-03 00:00:00",-2.85537481480835,0.381277253687184
"2022-09-03 01:00:00",-2.96663370148906,-0.430644386598124
"2022-09-03 02:00:00",-3.12036123678131,0.0420084020015312
"2022-09-03 03:00:00",-3.04568156134446,0.0969323098023053
"2022-09-03 04:00:00",-3.10565081031496,-0.157794167139907
"2022-09-03 05:00:00",-3.29752591213143,-0.201475631096695
"2022-09-03 06:00:00",-3.00391210681146,0.613964686389182
"2022-09-03 07:00:00",-2.52923387641959,0.36313658698397
"2022-09-03 08:00:00",-2.2906207279096,0.147519343006893
"2022-09-03 09:00:00",-1.9289254790793,0.490240929672057
"2022-09-03 10:00:00",-1.1792228642798,0.889534365087531
"2022-09-03 11:00:00",-0.397397863390608,0.674387692301003
"2022-09-03 12:00:00",-0.322169972656555,-0.327267918145322
"2022-09-03 13:00:00",-0.449532307729967,0.012373123108145
"2022-09-03 14:00:00",-0.218889312604508,0.365773040945576
"2022-09-03 15:00:00",-0.403998126687184,-0.543278862000186
"2022-09-03 16:00:00",-0.60849181046912,0.0315972810069265
"2022-09-03 17:00:00",-0.558681812058046,0.0603687654808008
"2022-09-03 18:00:00",-0.479140289256626,0.0892632977832894
"2022-09-03 19:00:00",-0.161777140411136,0.454963669961732
"2022-09-03 20:00:00",-0.00187441202317021,-0.044191249149093
"2022-09-03 21:00:00",0.0114362478438055,0.0510145189820262
"2022-09-03 22:00:00",0.116104039745613,0.135447552755957
"2022-09-03 23:00:00",0.267106666500166,0.154047341801068
"2022-09-04 00:00:00",0.201997426284775,-0.208461400785137
"2022-09-04 01:00:00",0.127211650636307,0.0176232797550894
"2022-09-04 02:00:00",0.195969646171241,0.0994159694506821
"2022-09-04 03:00:00",0.266248344088753,0.0472620545254672
"2022-09-04 04:00:00",0.0516755891427065,-0.379273069834767
"2022-09-04 05:00:00",-0.744188227095248,-1.03583393597482
"2022-09-04 06:00:00",-1.35897087407247,-0.303913500477192
"2022-09-04 07:00:00",-1.3673829837017,0.190736388233094
"2022-09-04 08:00:00",-0.94081498689209,0.565278177258103
"2022-09-04 09:00:00",-0.232774042546995,0.770781192478891
"2022-09-04 10:00:00",0.457898524399229,0.604747354881588
"2022-09-04 11:00:00",0.963280812688414,0.414534543221014
"2022-09-04 12:00:00",1.77667883537234,1.03940908168958
"2022-09-04 13:00:00",2.43601139985066,0.37233202422144
"2022-09-04 14:00:00",2.5841665019627,-0.0114729209220104
"2022-09-04 15:00:00",2.08089273473381,-0.810550153507621
"2022-09-04 16:00:00",1.77780201924263,0.0469311022882185
"2022-09-04 17:00:00",1.53319373288328,-0.429631831493554
"2022-09-04 18:00:00",0.594882268588395,-1.23481319394625
"2022-09-04 19:00:00",0.00914407719023058,-0.125961500784951
"2022-09-04 20:00:00",-0.128382214530693,-0.138712644000822
"2022-09-04 21:00:00",-0.134093277657149,0.08339197686133
"2022-09-04 22:00:00",-0.0833322763415935,0.0267680473458082
"2022-09-04 23:00:00",0.277741776521281,0.566890329077694
"2022-09-05 00:00:00",1.58474824489799,1.73794288001338
"2022-09-05 01:00:00",2.41444454916637,0.182740091547055
"2022-09-05 02:00:00",2.4968848933234,0.00854622173603527
"2022-09-05 03:00:00",2.45477190862803,-0.0771015109118493
"2022-09-05 04:00:00",1.81413124403188,-0.989047456399636
"2022-09-05 05:00:00",0.586628021453584,-1.33047856259376
"2022-09-05 06:00:00",-0.132785377764106,-0.278613376537464
"2022-09-05 07:00:00",-0.452789487270581,-0.332219968607555
"2022-09-05 08:00:00",-0.581221261731424,0.0141111821431369
"2022-09-05 09:00:00",-0.212388360143893,0.588532305670258
"2022-09-05 10:00:00",0.62093214977901,0.957184714161899
"2022-09-05 11:00:00",1.40185419827145,0.62550654756864
"2022-09-05 12:00:00",2.22065985068867,0.906954001619507
"2022-09-05 13:00:00",3.14944336706493,0.896339551792481
"2022-09-05 14:00:00",3.06271629649278,-0.742030880478801
"2022-09-05 15:00:00",2.93144978878834,0.278193952482605
"2022-09-05 16:00:00",3.07425041702103,0.0419766909331474
"2022-09-05 17:00:00",2.62478164734177,-0.759696535067247
"2022-09-05 18:00:00",1.68289214236938,-1.02197372928184
"2022-09-05 19:00:00",1.23023974369951,-0.0537700796841992
"2022-09-05 20:00:00",1.18928510433475,-0.0320503004014006
"2022-09-05 21:00:00",1.13225437799087,-0.0725065061695129
"2022-09-05 22:00:00",0.901892661133419,-0.326109121732457
"2022-09-05 23:00:00",0.516769433650547,-0.407326666079745
"2022-09-06 00:00:00",0.899546787237024,0.890649218730811
"2022-09-06 01:00:00",1.43503864526449,0.272118907156172
"2022-09-06 02:00:00",1.55873059845489,0.0170153771907836
"2022-09-06 03:00:00",1.51943613426005,-0.0769750494197929
"2022-09-06 04:00:00",1.11467242762615,-0.606009610369011
"2022-09-06 05:00:00",0.385416286062248,-0.778201685193793
"2022-09-06 06:00:00",0.0514429497149805,-0.022452559308342
"2022-09-06 07:00:00",-0.13116777182535,-0.280769769185213
"2022-09-06 08:00:00",-0.460561116216057,-0.345986930809286
"2022-09-06 09:00:00",-0.268629535826365,0.542010868626698
"2022-09-06 10:00:00",0.408054239088537,0.734654771007834
"2022-09-06 11:00:00",1.24336376281458,0.862192368888486
"2022-09-06 12:00:00",1.07880327109601,-0.842833207927299
"2022-09-06 13:00:00",0.699265697953899,-0.054033799306303
"2022-09-06 14:00:00",0.740104825517732,0.101244956091428
"2022-09-06 15:00:00",1.16657505646762,0.622064127284944
"2022-09-06 16:00:00",1.48161850804006,0.0938925564671448
"2022-09-06 17:00:00",1.45546636455226,-0.106847064232754
"2022-09-06 18:00:00",1.00101790061297,-0.666459220410149
"2022-09-06 19:00:00",1.41974539691916,1.12098550469816
"2022-09-06 20:00:00",1.99335143768292,0.179605700978037
"2022-09-06 21:00:00",2.23774968268371,0.273410272407048
"2022-09-06 22:00:00",2.51140676200466,0.257934051469288
"2022-09-06 23:00:00",2.38328291683857,-0.382639249046179
"2022-09-07 00:00:00",1.64137431462669,-0.949233522151755
"2022-09-07 01:00:00",1.01925625202783,-0.376597194671638
"2022-09-07 02:00:00",0.948525715994318,0.135224781946058
"2022-09-07 03:00:00",0.933707554348043,-0.115363215775339
"2022-09-07 04:00:00",0.545411063680455,-0.553000502158942
"2022-09-07 05:00:00",-0.151101790585984,-0.759791108953143
"2022-09-07 06:00:00",-0.366897600009037,0.157310778077934
"2022-09-07 07:00:00",-0.283630751612996,0.0304210588854629
"2022-09-07 08:00:00",0.217118395207495,0.79086611091213
"2022-09-07 09:00:00",1.21520718222631,1.08852658617059
"2022-09-07 10:00:00",2.2996790406355,1.0286694359449
"2022-09-07 11:00:00",2.7810882543584,0.0907356223648725
"2022-09-07 12:00:00",3.36572302370138,0.882530132632277
"2022-09-07 13:00:00",4.65342571920976,1.49228530923603
"2022-09-07 14:00:00",5.43959485862697,0.272078350369647
"2022-09-07 15:00:00",6.05661739056322,0.810651478511766
"2022-09-07 16:00:00",6.40201014591093,0.0110081458476641
"2022-09-07 17:00:00",4.69804717480925,-2.77453609243629
"2022-09-07 18:00:00",2.87064596158512,-1.11520559011542
"2022-09-07 19:00:00",2.12359890978604,-0.469812082892751
"2022-09-07 20:00:00",1.99464637160698,0.101674596998975
"2022-09-07 21:00:00",1.92789577098976,-0.178430513931528
"2022-09-07 22:00:00",1.60478237987728,-0.406697148908417
"2022-09-07 23:00:00",1.37479531089923,-0.103321419082616
"2022-09-08 00:00:00",2.07124141430131,1.19474920903034
"2022-09-08 01:00:00",2.68570154985503,0.1957395518262
"2022-09-08 02:00:00",2.7987638535648,0.0491116390433323
"2022-09-08 03:00:00",2.67372864515831,-0.238796025627748
"2022-09-08 04:00:00",2.46052710763649,-0.189452989062311
"2022-09-08 05:00:00",2.18682175898366,-0.320036960833056
"2022-09-08 06:00:00",1.90066858979438,-0.252784471081532
"2022-09-08 07:00:00",1.58851524461432,-0.339347792227893
"2022-09-08 08:00:00",0.810291745058951,-1.03586863007692
"2022-09-08 09:00:00",-0.404122322886308,-1.2767783094986
"2022-09-08 10:00:00",-0.937783143170268,-0.0123775689911166
"2022-09-08 11:00:00",-1.3802816350491,-0.707005257605121
"2022-09-08 12:00:00",-2.46518341642363,-1.28349607674698
"2022-09-08 13:00:00",-3.12987966621557,-0.217407444759421
"2022-09-08 14:00:00",-2.33117021871852,1.44218824345647
"2022-09-08 15:00:00",-2.22999413955132,-0.79462079877566
"2022-09-08 16:00:00",-2.49006423242181,0.111522942477905
"2022-09-08 17:00:00",-2.14698478407206,0.48435361285348
"2022-09-08 18:00:00",-1.68424519577684,0.429107989702106
"2022-09-08 19:00:00",-1.20016413149343,0.499896250930392
"2022-09-08 20:00:00",-1.08561695936094,-0.146244551178055
"2022-09-08 21:00:00",-1.08247643744806,0.103978572237819
"2022-09-08 22:00:00",-1.00173631189475,0.0628062453006018
"2022-09-08 23:00:00",-0.900187922629018,0.123841367343889
"2022-09-09 00:00:00",-1.06183734438003,-0.343131941114242
"2022-09-09 01:00:00",-1.35525241885007,-0.244959882474164
"2022-09-09 02:00:00",-1.23381307253828,0.361677020884771
"2022-09-09 03:00:00",-0.704368505519788,0.617718727068739
"2022-09-09 04:00:00",-0.354160998472288,0.156135720071648
"2022-09-09 05:00:00",-0.649786920988178,-0.58229093378639
"2022-09-09 06:00:00",-0.658607889122106,0.374742356562984
"2022-09-09 07:00:00",-0.214492736927583,0.47010751322328
"2022-09-09 08:00:00",0.319877379853521,0.552094597948152
"2022-09-09 09:00:00",0.904704213184971,0.578445166764675
"2022-09-09 10:00:00",1.40033478645092,0.415703933707675
"2022-09-09 11:00:00",1.33877537598101,-0.378608794471158
"2022-09-09 12:00:00",-0.515625761279591,-2.75185125165142
"2022-09-09 13:00:00",-1.87930047223197,-0.372773954717002
"2022-09-09 14:00:00",-0.987651657418751,1.69463415308487
"2022-09-09 15:00:00",0.278274989757282,0.921243139362071
"2022-09-09 16:00:00",0.878746174708932,0.357734242913175
"2022-09-09 17:00:00",0.475847142940299,-0.891966151955976
"2022-09-09 18:00:00",-0.85650941269373,-1.56324564072746
"2022-09-09 19:00:00",-1.47666396824289,0.0391352427027202
"2022-09-09 20:00:00",-1.33265159112801,0.208988731547296
"2022-09-09 21:00:00",-1.09020419652336,0.254949097461245
"2022-09-09 22:00:00",-0.870520358548106,0.187139660157812
"2022-09-09 23:00:00",-1.00969516232408,-0.348978855029467
"2022-09-10 00:00:00",-0.042337042275431,1.80023411628719
"2022-09-10 01:00:00",-0.701536872890625,-2.26741542763775
"2022-09-10 02:00:00",-0.25999382055535,2.22740698792184
"2022-09-10 03:00:00",-0.666820727336332,-2.14328595925898
"2022-09-10 04:00:00",-1.79596563951659,-0.398546811079372
"2022-09-10 05:00:00",-2.39660664779317,-0.704511846598673
"2022-09-10 06:00:00",-1.99079121644812,1.12982526769454
"2022-09-10 07:00:00",-0.959716451126489,0.918811525134452
"2022-09-10 08:00:00",-0.461152400288836,0.195949048881268
"2022-09-10 09:00:00",-0.185058069724662,0.316998028678159
"2022-09-10 10:00:00",0.112718359111199,0.271050566163125
"2022-09-10 11:00:00",0.17742986146134,-0.0760658447250089
"2022-09-10 12:00:00",0.376373888109315,0.37259851292606
"2022-09-10 13:00:00",0.845490137546487,0.510683222613802
"2022-09-10 14:00:00",0.915201700814475,-0.22866671521288
"2022-09-10 15:00:00",0.621604749453697,-0.324110829975118
"2022-09-10 16:00:00",-0.468354151166994,-1.5495224979909
"2022-09-10 17:00:00",-1.46173034910691,-0.574810150139904
"2022-09-10 18:00:00",-2.87555847608239,-1.90409620291404
"2022-09-10 19:00:00",-3.44074902609116,0.35796104809191
"2022-09-10 20:00:00",-3.17820768433653,0.19088721833005
"2022-09-10 21:00:00",-3.51814581685282,-0.67356664929021
"2022-09-10 22:00:00",-3.20000894893056,0.968677173902732
"2022-09-10 23:00:00",-3.35210674987359,-0.887917374997274
"2022-09-11 00:00:00",-2.25773035305981,2.36819867764912
"2022-09-11 01:00:00",-1.53553796364334,-0.406535396292312
"2022-09-11 02:00:00",-1.10086223800765,0.976796833223911
"2022-09-11 03:00:00",-0.499384127091525,0.324106573638236
"2022-09-11 04:00:00",-0.357688506634941,0.0140005941692714
"2022-09-11 05:00:00",-0.277443396975755,0.121055092992005
"2022-09-11 06:00:00",-0.349706770774753,-0.197348750836247
"2022-09-11 07:00:00",-0.74059199627072,-0.500882114792487
"2022-09-11 08:00:00",-1.17911623890481,-0.375160317095706
"2022-09-11 09:00:00",-1.18577699990877,0.240837374541063
"2022-09-11 10:00:00",-0.859575866991532,0.369136461726276
"2022-09-11 11:00:00",-0.480244072830372,0.369210610196588
"2022-09-11 12:00:00",-1.32744013476141,-1.61724307732996
"2022-09-11 13:00:00",-1.75295511899947,0.39088770821259
"2022-09-11 14:00:00",-1.64074888588543,-0.0766513929473222
"2022-09-11 15:00:00",-2.32345422377011,-1.0521784880573
"2022-09-11 16:00:00",-2.60977006177756,0.240850165582122
"2022-09-11 17:00:00",-2.51030736465866,0.00384251366141533
"2022-09-11 18:00:00",-3.10666409767214,-0.964909537945631
"2022-09-11 19:00:00",-3.64320230060146,-0.221462957838812
"2022-09-11 20:00:00",-3.6108635360779,0.204694948827368
"2022-09-11 21:00:00",-3.18148308641372,0.563417310598228
"2022-09-11 22:00:00",-2.94852319532934,0.00568821115752216
"2022-09-11 23:00:00",-3.21788740333276,-0.436129918432173
"2022-09-12 00:00:00",-3.53591049486519,-0.220027729826471
"2022-09-12 01:00:00",-4.01293717628041,-0.621132058348107
"2022-09-12 02:00:00",-4.25729990430725,0.0235955911179929
"2022-09-12 03:00:00",-4.30209886991072,-0.0827798095234255
"2022-09-12 04:00:00",-4.59660106559527,-0.416109845332134
"2022-09-12 05:00:00",-4.99372146192472,-0.359666911638594
"2022-09-12 06:00:00",-4.39790278922586,1.21092025787708
"2022-09-12 07:00:00",-3.17492935557101,1.17856095519953
"2022-09-12 08:00:00",-2.06589927066278,1.01406775860341
"2022-09-12 09:00:00",-1.17401700725889,0.770707080996984
"2022-09-12 10:00:00",-0.782744887364748,0.121239590321624
"2022-09-12 11:00:00",-0.528590932504299,0.331693441877285
"2022-09-12 12:00:00",-0.894187559859632,-0.812394755826759
"2022-09-12 13:00:00",-0.614597527917792,0.995433887443412
"2022-09-12 14:00:00",0.0375735429951852,0.393134280637138
"2022-09-12 15:00:00",0.361494216830465,0.262338130268039
"2022-09-12 16:00:00",0.534659725585273,0.105023566163972
"2022-09-12 17:00:00",-0.102865220030947,-1.10294310016598
"2022-09-12 18:00:00",-0.156457651451309,0.648642080684001
"2022-09-12 19:00:00",-1.16012928460863,-2.0573000399955
"2022-09-12 20:00:00",-2.1192731194831,-0.179979242228536
"2022-09-12 21:00:00",-2.28756544797509,-0.149773155027454
"2022-09-12 22:00:00",-2.2143062523865,0.221411431947375
"2022-09-12 23:00:00",-2.01086072320062,0.184654207837525
"2022-09-13 00:00:00",-1.78702728679842,0.241907245770316
"2022-09-13 01:00:00",-1.60182910809374,0.14089503047956
"2022-09-13 02:00:00",-1.4671336509887,0.126225946552147
"2022-09-13 03:00:00",-1.42723331372121,-0.0176545920659568
"2022-09-13 04:00:00",-0.884339505222647,0.892627584618307
"2022-09-13 05:00:00",-1.01902045597187,-0.812002217945888
"2022-09-13 06:00:00",-1.17285862948935,0.293553832669645
"2022-09-13 07:00:00",-1.53325073680605,-0.777711753165516
"2022-09-13 08:00:00",-2.16332355754439,-0.499732134532339
"2022-09-13 09:00:00",-1.82543513840833,0.883024087406605
"2022-09-13 10:00:00",-0.677065732228221,1.2730457656898
"2022-09-13 11:00:00",0.152407395079919,0.495219469817814
"2022-09-13 12:00:00",-0.865764208547767,-1.97889545590492
"2022-09-13 13:00:00",-1.8692201086817,-0.304374660292923
"2022-09-13 14:00:00",-1.53093108483054,0.753057626735676
"2022-09-13 15:00:00",-0.790698749570686,0.698479671886471
"2022-09-13 16:00:00",-0.098425809976485,0.656257713885246
"2022-09-13 17:00:00",-0.462952825589302,-1.02758974014488
"2022-09-13 18:00:00",-1.78660077099928,-1.45752128604588
"2022-09-13 19:00:00",-2.11656622431087,0.439707675789975
"2022-09-13 20:00:00",-1.43278889021379,0.816722426707032
"2022-09-13 21:00:00",-1.47436789114774,-0.609948183620683
"2022-09-13 22:00:00",-1.56774329843804,0.257337623343454
"2022-09-13 23:00:00",-1.71587444063153,-0.409379797604973
"2022-09-14 00:00:00",-2.12598345807345,-0.388895970539457
"2022-09-14 01:00:00",-2.39372019980704,-0.171503077525947
"2022-09-14 02:00:00",-2.21865063747507,0.400879426138449
"2022-09-14 03:00:00",-1.87581808991431,0.290703044161053
"2022-09-14 04:00:00",-1.84380129994139,-0.139542042748488
"2022-09-14 05:00:00",-2.32190715607808,-0.678716050926469
"2022-09-14 06:00:00",-2.36687392868843,0.382654393215596
"2022-09-14 07:00:00",-1.87257341142498,0.548291108555588
"2022-09-14 08:00:00",-1.33139778308565,0.513128727016301
"2022-09-14 09:00:00",-1.0169967934638,0.168693572183388
"2022-09-14 10:00:00",-1.12691156508532,-0.289116949633072
"2022-09-14 11:00:00",-1.64804580444804,-0.649593719421147
"2022-09-14 12:00:00",-2.50582346299914,-0.953679896688333
"2022-09-14 13:00:00",-2.32752988622972,0.927686394696366
"2022-09-14 14:00:00",-1.63655032896593,0.503342007970743
"2022-09-14 15:00:00",-1.51889929321699,-0.142953780906044
"2022-09-14 16:00:00",-1.94812949762607,-0.597723935608614
"2022-09-14 17:00:00",-2.47625247397514,-0.454116705929404
"2022-09-14 18:00:00",-2.91864989359187,-0.410371365012767
"2022-09-14 19:00:00",-2.83250760471149,0.416813327328449
"2022-09-14 20:00:00",-2.33429929361158,0.532446134257112
"2022-09-14 21:00:00",-1.82270826266929,0.47638535479611
"2022-09-14 22:00:00",-1.50948760292808,0.191910725334768
"2022-09-14 23:00:00",-1.52607664475925,-0.152853116305994
"2022-09-15 00:00:00",-1.41014849512881,0.291570294687518
"2022-09-15 01:00:00",-1.14038774180554,0.244219558560131
"2022-09-15 02:00:00",-1.26075069434207,-0.356224780957185
"2022-09-15 03:00:00",-1.66476877461922,-0.415056463679012
"2022-09-15 04:00:00",-2.01667679951601,-0.29094212067435
"2022-09-15 05:00:00",-2.53061398923638,-0.635577409267715
"2022-09-15 06:00:00",-2.47799521067121,0.512169006305764
"2022-09-15 07:00:00",-1.84268982156657,0.690398752884409
"2022-09-15 08:00:00",-1.52371667528447,0.0585773457147712
"2022-09-15 09:00:00",-1.86743565080841,-0.593615228227172
"2022-09-15 10:00:00",-2.49255288008339,-0.614006669784409
"2022-09-15 11:00:00",-2.24335300557185,0.816031247527278
"2022-09-15 12:00:00",-3.06919616132253,-1.87827327057713
"2022-09-15 13:00:00",-3.71933128583545,0.203458750034995
"2022-09-15 14:00:00",-3.22113515733907,0.675803145687677
"2022-09-15 15:00:00",-3.01465297459066,-0.112054328136017
"2022-09-15 16:00:00",-3.36137255822231,-0.482799881318205
"2022-09-15 17:00:00",-3.63487422668591,-0.116643812571108
"2022-09-15 18:00:00",-3.71436187243082,-0.0462562018050197
"2022-09-15 19:00:00",-3.68734008093996,0.0793752132916681
"2022-09-15 20:00:00",-3.43203792906223,0.365204490491151
"2022-09-15 21:00:00",-2.74272690088375,0.877045291597959
"2022-09-15 22:00:00",-2.66671172095739,-0.458073790572017
"2022-09-15 23:00:00",-3.21196670871428,-0.574028323372099
"2022-09-16 00:00:00",-3.47736441760741,-0.0428969904287709
"2022-09-16 01:00:00",-3.37941454880252,0.191672588954018
"2022-09-16 02:00:00",-3.19642711450639,0.172856682721119
"2022-09-16 03:00:00",-3.33755621811969,-0.339624155062741
"2022-09-16 04:00:00",-3.85005688549256,-0.599095263929203
"2022-09-16 05:00:00",-4.61242226836765,-0.830022008682191
"2022-09-16 06:00:00",-4.71534129162925,0.39264229637238
"2022-09-16 07:00:00",-4.26474426618201,0.47389694538032
"2022-09-16 08:00:00",-4.08133398260155,-0.0134642240109406
"2022-09-16 09:00:00",-4.02476902416549,0.105821549323261
"2022-09-16 10:00:00",-3.96673007476361,0.0286127477440727
"2022-09-16 11:00:00",-3.8316269157044,0.204787061900464
"2022-09-16 12:00:00",-3.86280961360075,-0.182074011340013
"2022-09-16 13:00:00",-4.09662516112088,-0.252220957477572
"2022-09-16 14:00:00",-3.95684674207634,0.399743630202946
"2022-09-16 15:00:00",-3.61863255932694,0.286222299688152
"2022-09-16 16:00:00",-3.49835347947217,0.00859950701077203
"2022-09-16 17:00:00",-3.79564742940121,-0.482584292226091
"2022-09-16 18:00:00",-4.19767204603912,-0.324324068313799
"2022-09-16 19:00:00",-4.15048076270585,0.298030598590198
"2022-09-16 20:00:00",-3.62597232238648,0.655915102413929
"2022-09-16 21:00:00",-4.26516837804993,-1.46754229595273
"2022-09-16 22:00:00",-4.76571010256839,0.173395919948637
"2022-09-16 23:00:00",-4.39756552884123,0.486621893841105
"2022-09-17 00:00:00",-3.86857024884452,0.537772894512394
"2022-09-17 01:00:00",-3.18338574020365,0.755882751545643
"2022-09-17 02:00:00",-2.65449483408251,0.356535109288888
"2022-09-17 03:00:00",-2.43760377717998,0.116910643144018
"2022-09-17 04:00:00",-2.18461225190659,0.33482967018776
"2022-09-17 05:00:00",-2.3387654277795,-0.469995885644548
"2022-09-17 06:00:00",-2.95224431250353,-0.676966754645562
"2022-09-17 07:00:00",-3.89462557540415,-1.07073567517472
"2022-09-17 08:00:00",-4.84416180587571,-0.818598018118617
"2022-09-17 09:00:00",-5.68813562179736,-0.814543469309528
"2022-09-17 10:00:00",-6.5919033866196,-0.912973452543848
"2022-09-17 11:00:00",-6.6298289071468,0.555726396909713
"2022-09-17 12:00:00",-6.78725534038895,-0.616829641953572
"2022-09-17 13:00:00",-6.4703708469088,0.933037937687288
"2022-09-17 14:00:00",-5.7016590530811,0.630971885169022
"2022-09-17 15:00:00",-5.77934498341794,-0.539077766369731
"2022-09-17 16:00:00",-6.2389627647637,-0.377357373466025
"2022-09-17 17:00:00",-6.86661648412752,-0.756649926651411
"2022-09-17 18:00:00",-7.27928270853242,-0.154889708329171
"2022-09-17 19:00:00",-7.42290930425772,-0.119912885443481
"2022-09-17 20:00:00",-7.14915771579901,0.53274676213581
"2022-09-17 21:00:00",-6.55474346053704,0.616491412302804
"2022-09-17 22:00:00",-6.71760566994138,-0.666236983021633
"2022-09-17 23:00:00",-6.97336334268235,0.0387002908398572
"2022-09-18 00:00:00",-6.40550688142998,0.902622947640019
"2022-09-18 01:00:00",-5.50898065852796,0.858113566903989
"2022-09-18 02:00:00",-4.69947815596926,0.74572748424544
"2022-09-18 03:00:00",-4.02272344099123,0.604670424405443
"2022-09-18 04:00:00",-3.75731263762148,0.0318130604930124
"2022-09-18 05:00:00",-4.42423717825544,-1.09620824855937
"2022-09-18 06:00:00",-5.44267987488045,-0.912503076941348
"2022-09-18 07:00:00",-5.96028581959963,-0.222735926429315
"2022-09-18 08:00:00",-6.14529322659033,-0.143383654609153
"2022-09-18 09:00:00",-6.14775173249313,0.0995256292221613
"2022-09-18 10:00:00",-5.99325873091328,0.191717854793647
"2022-09-18 11:00:00",-5.77973191727296,0.225642103848014
"2022-09-18 12:00:00",-6.00227103343239,-0.503298890399519
"2022-09-18 13:00:00",-6.26082426744819,-0.0753714384416285
"2022-09-18 14:00:00",-6.86129485633469,-0.913929122105561
"2022-09-18 15:00:00",-7.14200168839122,0.163614665528606
"2022-09-18 16:00:00",-7.34974194038942,-0.436231174976006
"2022-09-18 17:00:00",-8.54399002583034,-1.6333633999687
"2022-09-18 18:00:00",-9.30173765082169,-0.126996217909815
"2022-09-18 19:00:00",-9.30604692689543,0.089671588035157
"2022-09-18 20:00:00",-8.90170057777372,0.606903428611961
"2022-09-18 21:00:00",-8.10915729141749,0.890110643756905
"2022-09-18 22:00:00",-7.67180392918965,0.125186952876115
"2022-09-18 23:00:00",-7.60128248595594,0.0406131059097802
"2022-09-19 00:00:00",-7.70333596416142,-0.182518430705615
"2022-09-19 01:00:00",-7.88812690428476,-0.167598288894708
"2022-09-19 02:00:00",-7.5628169602471,0.648615962357466
"2022-09-19 03:00:00",-7.20397814076607,0.158350947356917
"2022-09-19 04:00:00",-7.12719579873138,0.0280385587244336
"2022-09-19 05:00:00",-7.08965961728553,0.0512682011203472
"2022-09-19 06:00:00",-6.79111175313193,0.458347087023295
"2022-09-19 07:00:00",-5.97940802401255,1.01745019781939
"2022-09-19 08:00:00",-5.56998856411561,-0.00767782111061444
"2022-09-19 09:00:00",-5.53428344546796,0.0701073681337722
"2022-09-19 10:00:00",-5.12709888413036,0.619681194992905
"2022-09-19 11:00:00",-4.93394412763591,-0.0937632265870904
"2022-09-19 12:00:00",-6.11752511675203,-1.84751301120246
"2022-09-19 13:00:00",-5.71200411399271,1.8961311977662
"2022-09-19 14:00:00",-6.32371947596822,-2.24715601155979
"2022-09-19 15:00:00",-6.800998271522,0.733448094535263
"2022-09-19 16:00:00",-5.68777145279437,1.32227226726842
"2022-09-19 17:00:00",-6.20420691557765,-1.71034996851397
"2022-09-19 18:00:00",-6.67158415448618,0.391461414718824
"2022-09-19 19:00:00",-6.68982311286375,-0.281904243764624
"2022-09-19 20:00:00",-6.77778666925693,0.0541284973797475
"2022-09-19 21:00:00",-6.83373044126415,-0.117931805535935
"2022-09-19 22:00:00",-6.87043220133683,0.0280006471614506
"2022-09-19 23:00:00",-6.78415399912502,0.129882572895797
"2022-09-20 00:00:00",-6.64396981039164,0.149132385257439
"2022-09-20 01:00:00",-6.53252615690808,0.08958391698362
"2022-09-20 02:00:00",-6.54863358716289,-0.0773839373898083
"2022-09-20 03:00:00",-6.52053133599134,0.105528327491362
"2022-09-20 04:00:00",-6.60085136163759,-0.191997748270617
"2022-09-20 05:00:00",-7.06711014407597,-0.618434233997133
"2022-09-20 06:00:00",-7.19444860152043,0.215210879523097
"2022-09-20 07:00:00",-6.62853487727184,0.782090545772386
"2022-09-20 08:00:00",-5.79591716292004,0.835277966362833
"2022-09-20 09:00:00",-4.96784410851002,0.791388955338346
"2022-09-20 10:00:00",-4.43299247577621,0.344815379587108
"2022-09-20 11:00:00",-4.47850568641265,-0.297852777054171
"2022-09-20 12:00:00",-6.39868291744766,-2.90469200685717
"2022-09-20 13:00:00",-7.12155226896769,0.774250090274307
"2022-09-20 14:00:00",-6.58962150810814,0.354287066465805
"2022-09-20 15:00:00",-6.09575200090184,0.571945890153887
"2022-09-20 16:00:00",-5.93008104530841,-0.105192038427309
"2022-09-20 17:00:00",-6.59615374960991,-1.00069400167218
"2022-09-20 18:00:00",-7.58220592584256,-0.920934783717234
"2022-09-20 19:00:00",-8.1314510792007,-0.265586082531144
"2022-09-20 20:00:00",-8.41902354476771,-0.278086395205894
"2022-09-20 21:00:00",-8.5803079065713,-0.0649048100187671
"2022-09-20 22:00:00",-8.79487041834265,-0.293080205694662
"2022-09-20 23:00:00",-9.23988656428359,-0.513825146956198
"2022-09-21 00:00:00",-9.02528701472096,0.701916646886141
"2022-09-21 01:00:00",-8.74194106856645,0.0024690594563741
"2022-09-21 02:00:00",-8.63894265327139,0.176387261242343
"2022-09-21 03:00:00",-8.51920578091785,0.0874128697675199
"2022-09-21 04:00:00",-8.5733969134467,-0.135039265068978
"2022-09-21 05:00:00",-9.00522677278162,-0.598118990321127
"2022-09-21 06:00:00",-8.64641287198523,0.991311863548384
"2022-09-21 07:00:00",-7.38265495058019,1.39647432105914
"2022-09-21 08:00:00",-5.76836723266491,1.69229753589814
"2022-09-21 09:00:00",-4.27430639101486,1.29834156236907
"2022-09-21 10:00:00",-3.58548703705768,0.255253686185444
"2022-09-21 11:00:00",-3.57660164545685,-0.151159345773755
"2022-09-21 12:00:00",-3.35388141999814,0.465994329332289
"2022-09-21 13:00:00",-3.22154807461907,-0.0920701475435733
"2022-09-21 14:00:00",-3.21854673320091,0.0703899132716454
"2022-09-21 15:00:00",-3.06261004343922,0.209704303711454
"2022-09-21 16:00:00",-3.2096954208735,-0.374005273995657
"2022-09-21 17:00:00",-5.08001069929971,-2.77482623317491
"2022-09-21 18:00:00",-6.85901424045865,-1.02404978852385
"2022-09-21 19:00:00",-7.60046633938282,-0.508985002031664
"2022-09-21 20:00:00",-7.91643739900594,-0.162488604482146
"2022-09-21 21:00:00",-8.02487513083439,-0.0570504479858269
"2022-09-21 22:00:00",-7.77141644808989,0.458757894813575
"2022-09-21 23:00:00",-7.84245508945975,-0.410840435461465
"2022-09-22 00:00:00",-7.21164522672816,1.30536172598615
"2022-09-22 01:00:00",-7.36364857837205,-1.10704764409689
"2022-09-22 02:00:00",-8.15253807702764,-0.529811367741174
"2022-09-22 03:00:00",-8.18694358938432,0.307999725801738
"2022-09-22 04:00:00",-8.26154389257196,-0.315568057572246
"2022-09-22 05:00:00",-9.21085063808824,-1.31603582376665
"2022-09-22 06:00:00",-8.76804509217494,1.60617385767252
"2022-09-22 07:00:00",-6.98675389059945,1.82468677510101
"2022-09-22 08:00:00",-5.28435649390402,1.54897879366937
"2022-09-22 09:00:00",-4.15884186450763,0.796535627542993
"2022-09-22 10:00:00",-3.88788786225604,-0.0869443172488135
"2022-09-22 11:00:00",-3.75121263438167,0.284267600022368
"2022-09-22 12:00:00",-3.71164502469085,-0.120609389655022
"2022-09-22 13:00:00",-3.60437210680055,0.258877156714709
"2022-09-22 14:00:00",-3.4560122883658,0.0722774538387267
"2022-09-22 15:00:00",-3.32948478942309,0.161134481053811
"2022-09-22 16:00:00",-3.3665818270743,-0.163195961680695
"2022-09-22 17:00:00",-3.23139544492426,0.332018773561251
"2022-09-22 18:00:00",-3.56074615249662,-0.750441742946655
"2022-09-22 19:00:00",-5.53992111334115,-2.69967910321032
"2022-09-22 20:00:00",-7.59259815134517,-1.51666901022452
"2022-09-22 21:00:00",-8.45058304951782,-0.368314902742587
"2022-09-22 22:00:00",-8.75706826398867,-0.239812754407794
"2022-09-22 23:00:00",-8.98050609820047,-0.190619463043589
"2022-09-23 00:00:00",-9.47804113314213,-0.666927170035943
"2022-09-23 01:00:00",-10.5215384871137,-1.23274021187827
"2022-09-23 02:00:00",-11.1442511582665,-0.172885606641581
"2022-09-23 03:00:00",-11.2360362223877,-0.0189969492875095
"2022-09-23 04:00:00",-11.2058409062193,0.0760334505811329
"2022-09-23 05:00:00",-11.4195343448632,-0.382247059200118
"2022-09-23 06:00:00",-10.4340712816603,1.86514098335909
"2022-09-23 07:00:00",-8.28057195993395,2.25684735839631
"2022-09-23 08:00:00",-6.15493977235807,1.94781852000965
"2022-09-23 09:00:00",-4.45956406544544,1.45445140885689
"2022-09-23 10:00:00",-3.42540415072203,0.710574283917491
"2022-09-23 11:00:00",-3.02420796099053,0.180296990563232
"2022-09-23 12:00:00",-3.20374361617305,-0.406991628921045
"2022-09-23 13:00:00",-3.27138203878899,0.165935686966131
"2022-09-23 14:00:00",-2.89912604970235,0.496326654521095
"2022-09-23 15:00:00",-2.45691188133051,0.388861855815276
"2022-09-23 16:00:00",-2.57910243976567,-0.453914023782136
"2022-09-23 17:00:00",-3.55971503069351,-1.28181753104223
"2022-09-23 18:00:00",-3.96826770414629,0.197615247165124
"2022-09-23 19:00:00",-3.41091271321639,0.7758057727802
"2022-09-23 20:00:00",-2.9292091576476,0.267143770288984
"2022-09-23 21:00:00",-3.13150835707319,-0.501868192827232
"2022-09-23 22:00:00",-3.73987557208085,-0.646420895443898
"2022-09-23 23:00:00",-3.96727632456585,0.0675664105964308
"2022-09-24 00:00:00",-3.86940273593895,0.11853935728993
"2022-09-24 01:00:00",-3.88712117628676,-0.102727371571832
"2022-09-24 02:00:00",-3.8783413154791,0.0877084727240227
"2022-09-24 03:00:00",-3.67119223850671,0.281928822692831
"2022-09-24 04:00:00",-3.3847458783209,0.280576936338625
"2022-09-24 05:00:00",-3.61987605941439,-0.563394308295097
"2022-09-24 06:00:00",-4.04782460325086,-0.312652498227397
"2022-09-24 07:00:00",-4.47426607974193,-0.476819278497912
"2022-09-24 08:00:00",-5.00989931682138,-0.543623412822654
"2022-09-24 09:00:00",-4.79120088491322,0.722967726488515
"2022-09-24 10:00:00",-3.65581321326107,1.36255068053928
"2022-09-24 11:00:00",-2.99645050309551,0.16395703019911
"2022-09-24 12:00:00",-3.81883779583407,-1.43699852642161
"2022-09-24 13:00:00",-4.43399113950977,-0.0331131910816844
"2022-09-24 14:00:00",-3.69125461190077,1.23038018607744
"2022-09-24 15:00:00",-2.94563527455531,0.391776086164482
"2022-09-24 16:00:00",-3.1991964837923,-0.667933999087884
"2022-09-24 17:00:00",-3.82242163064733,-0.559682020343068
"2022-09-24 18:00:00",-3.90881059087358,0.238165114537129
"2022-09-24 19:00:00",-3.63888178517827,0.283314274676285
"2022-09-24 20:00:00",-3.27711995447749,0.401557674558914
"2022-09-24 21:00:00",-2.78324680342096,0.536170109141812
"2022-09-24 22:00:00",-2.50824075234228,0.091417992228768
"2022-09-24 23:00:00",-2.43535909220073,0.0602931328589126
"2022-09-25 00:00:00",-2.00979999168591,0.651981525959446
"2022-09-25 01:00:00",-1.63002468167636,0.182850709016357
"2022-09-25 02:00:00",-1.48081901447178,0.121786303938918
"2022-09-25 03:00:00",-1.39040659496454,0.0671086871245233
"2022-09-25 04:00:00",-1.47504807664698,-0.179992769425554
"2022-09-25 05:00:00",-1.93324927369904,-0.619996178827258
"2022-09-25 06:00:00",-2.51296750823354,-0.522827711269873
"2022-09-25 07:00:00",-2.73398851292712,-0.00607896102099287
"2022-09-25 08:00:00",-2.62562395620773,0.18303253663677
"2022-09-25 09:00:00",-2.23920796805157,0.507023791190333
"2022-09-25 10:00:00",-1.51121227200478,0.843599354230529
"2022-09-25 11:00:00",-0.77821821865997,0.626374368292061
"2022-09-25 12:00:00",-0.934862288751465,-0.670201100775284
"2022-09-25 13:00:00",-1.93131844425934,-1.16540023176315
"2022-09-25 14:00:00",-1.91796591462796,0.801028600020274
"2022-09-25 15:00:00",-1.18315867790332,0.658214322696298
"2022-09-25 16:00:00",-1.00139451913994,-0.142976615419862
"2022-09-25 17:00:00",-2.16474203656295,-1.78701136328476
"2022-09-25 18:00:00",-3.20426395148495,-0.489017152519088
"2022-09-25 19:00:00",-3.37205553435663,0.0584575242710891
"2022-09-25 20:00:00",-3.19636820825322,0.249835872995266
"2022-09-25 21:00:00",-3.15074652591294,-0.0885678960618219
"2022-09-25 22:00:00",-3.25873658945271,-0.111746299568963
"2022-09-25 23:00:00",-3.49079733430007,-0.29704244743779
"2022-09-26 00:00:00",-3.38107180616933,0.380183732450252
"2022-09-26 01:00:00",-3.24170927324308,-0.0234478020765005
"2022-09-26 02:00:00",-3.19974477059162,0.0877550946367804
"2022-09-26 03:00:00",-2.8611924425261,0.493783044459785
"2022-09-26 04:00:00",-3.86521368013043,-1.9511431760122
"2022-09-26 05:00:00",-4.87025068899453,-0.321570819942482
"2022-09-26 06:00:00",-4.75825402921607,0.401990532944607
"2022-09-26 07:00:00",-4.073780219201,0.846398520058854
"2022-09-26 08:00:00",-3.19832676306733,0.858471555896825
"2022-09-26 09:00:00",-2.40393173877936,0.718050267922699
"2022-09-26 10:00:00",-2.0376008763459,0.117545112774839
"2022-09-26 11:00:00",-2.0700242173647,-0.1282342395859
"2022-09-26 12:00:00",-2.53855059378633,-0.670452468210723
"2022-09-26 13:00:00",-2.59956133355972,0.351447231631495
"2022-09-26 14:00:00",-1.99104200511926,0.754331164251457
"2022-09-26 15:00:00",-1.7438652315349,-0.100100469413692
"2022-09-26 16:00:00",-1.77404535566586,0.0201139283829476
"2022-09-26 17:00:00",-2.32455695958922,-0.902476207765188
"2022-09-26 18:00:00",-2.86042847557501,-0.263012837109335
"2022-09-26 19:00:00",-2.62184817535903,0.565318823505632
"2022-09-26 20:00:00",-2.26583362713926,0.20294164395737
"2022-09-26 21:00:00",-2.11496222651145,0.11190892345983
"2022-09-26 22:00:00",-1.55819311922422,0.829605569008515
"2022-09-26 23:00:00",-1.22104089287603,-0.00515782658473829
"2022-09-27 00:00:00",-1.36799413229264,-0.2329253646331
"2022-09-27 01:00:00",-1.43827237070895,0.0432537134436856
"2022-09-27 02:00:00",-1.26546495897937,0.252816737768864
"2022-09-27 03:00:00",-1.04504346229956,0.189981419292969
"2022-09-27 04:00:00",-1.12967474091792,-0.262335052266943
"2022-09-27 05:00:00",-1.48207194615413,-0.394236242586874
"2022-09-27 06:00:00",-1.96317710316161,-0.514245188014625
"2022-09-27 07:00:00",-2.79474149616602,-1.00106180541074
"2022-09-27 08:00:00",-3.87098719801759,-1.07162365618173
"2022-09-27 09:00:00",-4.30642748575551,0.0143547656533253
"2022-09-27 10:00:00",-4.66008174408708,-0.576634792116843
"2022-09-27 11:00:00",-6.21052875635579,-2.11996297416808
"2022-09-27 12:00:00",-7.74470441455883,-1.06275148334365
"2022-09-27 13:00:00",-8.06928332065042,0.192931396931054
"2022-09-27 14:00:00",-7.87282634751955,0.199869851791987
"2022-09-27 15:00:00",-7.50177426095945,0.477684379672386
"2022-09-27 16:00:00",-7.14400264995309,0.27049679374346
"2022-09-27 17:00:00",-7.3401795255827,-0.488759464368105
"2022-09-27 18:00:00",-7.34284968409037,0.330969306356107
"2022-09-27 19:00:00",-7.08304336075243,0.20948127157123
"2022-09-27 20:00:00",-7.11396801608561,-0.180595864442851
"2022-09-27 21:00:00",-7.39572734382819,-0.326644445765454
"2022-09-27 22:00:00",-8.13206721281656,-0.9649450330529
"2022-09-27 23:00:00",-8.2977001455472,0.385582506602836
"2022-09-28 00:00:00",-7.5539382508121,0.957893408632946
"2022-09-28 01:00:00",-6.76733402522177,0.644768412691328
"2022-09-28 02:00:00",-6.36569130346677,0.229196221890641
"2022-09-28 03:00:00",-6.22703536631291,0.0799107291377848
"2022-09-28 04:00:00",-6.1325343770293,0.10776116929384
"2022-09-28 05:00:00",-6.62878008157832,-0.867426510431665
"2022-09-28 06:00:00",-7.23914679447607,-0.401450361500003
"2022-09-28 07:00:00",-7.17223178254744,0.385301888740805
"2022-09-28 08:00:00",-6.58116593456717,0.709394538580926
"2022-09-28 09:00:00",-6.08954166702317,0.331565334489014
"2022-09-28 10:00:00",-5.91785552919633,0.064790351101714
"2022-09-28 11:00:00",-6.21444589608209,-0.51578726501155
"2022-09-28 12:00:00",-8.44840689716981,-3.26522648967935
"2022-09-28 13:00:00",-9.90737322762392,-0.174597531427522
"2022-09-28 14:00:00",-9.89239279909953,0.153418335612009
"2022-09-28 15:00:00",-9.80934221258948,0.0449403308834831
"2022-09-28 16:00:00",-9.66815500925481,0.211281850442529
"2022-09-28 17:00:00",-10.0310076093556,-0.71590156311363
"2022-09-28 18:00:00",-10.2876015587944,0.0747250405808496
"2022-09-28 19:00:00",-9.66371724671066,0.973594279170916
"2022-09-28 20:00:00",-8.85273955201884,0.676483956841986
"2022-09-28 21:00:00",-8.51109100106295,0.113601403941904
"2022-09-28 22:00:00",-9.03095594111689,-0.906497691989591
"2022-09-28 23:00:00",-9.80460128377475,-0.636678227570962
"2022-09-29 00:00:00",-8.74160398731996,2.15821636927345
"2022-09-29 01:00:00",-7.69226791145883,0.271495664992534
"2022-09-29 02:00:00",-7.68145188227988,-0.153569203706912
"2022-09-29 03:00:00",-7.76945789124503,-0.0302176771674115
"2022-09-29 04:00:00",-7.89501191619076,-0.17313257916587
"2022-09-29 05:00:00",-8.32557888175681,-0.571553244182539
"2022-09-29 06:00:00",-8.44533856216955,0.197850143167763
"2022-09-29 07:00:00",-7.86912368654604,0.81195503105107
"2022-09-29 08:00:00",-6.8239890225313,1.16106111495426
"2022-09-29 09:00:00",-5.83598184142613,0.83448373917453
"2022-09-29 10:00:00",-5.24551128907142,0.407259285065554
"2022-09-29 11:00:00",-5.03796153913437,0.0713090235992475
"2022-09-29 12:00:00",-5.30917423603225,-0.480176900770216
"2022-09-29 13:00:00",-5.27146964019604,0.388002769168212
"2022-09-29 14:00:00",-4.73632297697057,0.61460390112461
"2022-09-29 15:00:00",-4.4174153946317,0.112728958551854
"2022-09-29 16:00:00",-4.57313691806332,-0.321593436067628
"2022-09-29 17:00:00",-6.13787336061386,-2.31323623785813
"2022-09-29 18:00:00",-7.26479192459852,-0.274593806098976
"2022-09-29 19:00:00",-7.85655508474653,-0.765724236284935
"2022-09-29 20:00:00",-8.38946720009837,-0.342259095494977
"2022-09-29 21:00:00",-8.79626108744216,-0.419675139402643
"2022-09-29 22:00:00",-9.05245440385455,-0.123698311977511
"2022-09-29 23:00:00",-9.37028013486423,-0.420473994060314
"2022-09-30 00:00:00",-9.43705042908671,0.184275568477908
"2022-09-30 01:00:00",-9.81353162535167,-0.72026203111851
"2022-09-30 02:00:00",-10.3700139177405,-0.408208291309859
"2022-09-30 03:00:00",-10.3206735497093,0.365385781589438
"2022-09-30 04:00:00",-9.9796408036785,0.321891181660995
"2022-09-30 05:00:00",-10.2901487873013,-0.704485436233675
"2022-09-30 06:00:00",-9.83360139335266,1.22212119394227
"2022-09-30 07:00:00",-8.10155008445011,2.00236454118192
"2022-09-30 08:00:00",-5.98628776789099,2.10044994388844
"2022-09-30 09:00:00",-4.05711880062638,1.73102461550853
"2022-09-30 10:00:00",-2.71676504067957,1.02144616366049
"2022-09-30 11:00:00",-2.03527872111179,0.425967275813597
"2022-09-30 12:00:00",-1.92809406466317,-0.107804190645878
"2022-09-30 13:00:00",-1.73461557029961,0.387620781090256
"2022-09-30 14:00:00",-1.46219776870093,0.184907213265495
"2022-09-30 15:00:00",-1.28726658839443,0.161852168564447
"2022-09-30 16:00:00",-2.18405460195186,-1.55826264418322
"2022-09-30 17:00:00",-4.33591219792507,-2.44251161880856
"2022-09-30 18:00:00",-5.56585203630239,-0.35753913333449
"2022-09-30 19:00:00",-5.87185797784842,-0.249937722960844
"2022-09-30 20:00:00",-6.01913147224561,-0.064267040329214
"2022-09-30 21:00:00",-6.12408601792752,-0.119335491392486
"2022-09-30 22:00:00",-5.99868122606554,0.29049453707492
"2022-09-30 23:00:00",-5.8436884529284,0.0650245089982442
"2022-10-01 00:00:00",-5.73595871030593,0.138610320308443
"2022-10-01 01:00:00",-5.60350603674086,0.129444910668574
"2022-10-01 02:00:00",-5.40269239117358,0.246070115709303
"2022-10-01 03:00:00",-5.12534661387035,0.291978458604724
"2022-10-01 04:00:00",-4.6829801152636,0.528207024186936
"2022-10-01 05:00:00",-4.38085500174891,0.143084065083505
"2022-10-01 06:00:00",-4.28960726791098,0.0579998810805716
"2022-10-01 07:00:00",-3.99636254804277,0.441664728989072
"2022-10-01 08:00:00",-3.72161307628439,0.155568292425502
"2022-10-01 09:00:00",-3.42912641145506,0.374660912299734
"2022-10-01 10:00:00",-3.80203188911756,-0.849135657231056
"2022-10-01 11:00:00",-5.59392670201723,-2.33034131690662
"2022-10-01 12:00:00",-6.86809685464658,-0.502311893707007
"2022-10-01 13:00:00",-6.53869572304539,0.877064375069608
"2022-10-01 14:00:00",-5.85317366206206,0.53367951143562
"2022-10-01 15:00:00",-4.76800466387335,1.40879827956952
"2022-10-01 16:00:00",-3.83953352146716,0.570282144138091
"2022-10-01 17:00:00",-4.26168158899069,-1.05874920936041
"2022-10-01 18:00:00",-4.60440824373524,0.156391377531091
"2022-10-01 19:00:00",-3.75873823087122,1.27092885741005
"2022-10-01 20:00:00",-2.65011284518313,0.952587228932999
"2022-10-01 21:00:00",-2.18319008893778,0.124378970929647
"2022-10-01 22:00:00",-2.23810518869872,-0.169019679443293
"2022-10-01 23:00:00",-2.31431446282635,-0.00783128856598425
"2022-10-02 00:00:00",-2.14461715600072,0.282966010964612
"2022-10-02 01:00:00",-1.87549308150977,0.249871214186029
"2022-10-02 02:00:00",-1.58296600985732,0.30947988288064
"2022-10-02 03:00:00",-1.44052818967466,0.026349577665062
"2022-10-02 04:00:00",-1.46093980399096,-0.0487590099898976
"2022-10-02 05:00:00",-1.47308394608208,0.0147249995581915
"2022-10-02 06:00:00",-1.60251506298984,-0.217484876351109
"2022-10-02 07:00:00",-1.13617367188016,0.902122611009497
"2022-10-02 08:00:00",-0.489241152523944,0.447530919453174
"2022-10-02 09:00:00",-0.279675045490372,0.0415975687895425
"2022-10-02 10:00:00",-0.517546496209633,-0.412517093280875
"2022-10-02 11:00:00",-0.5555108228588,0.214204243775673
"2022-10-02 12:00:00",-2.42412179972504,-3.16761995509704
"2022-10-02 13:00:00",-2.9914957479971,1.19617903360608
"2022-10-02 14:00:00",-1.90814080074229,0.960514659270424
"2022-10-02 15:00:00",-1.13889443979749,0.607641047646827
"2022-10-02 16:00:00",-1.31007266495305,-0.680780439943206
"2022-10-02 17:00:00",-2.09280340991452,-0.811813449805698
"2022-10-02 18:00:00",-2.48359915096935,-0.0888548751515544
"2022-10-02 19:00:00",-2.56809139195519,-0.074368495353684
"2022-10-02 20:00:00",-2.53956085999576,0.0990822023073052
"2022-10-02 21:00:00",-2.33790619285637,0.263725120903449
"2022-10-02 22:00:00",-2.25976853282679,-0.0462856572844963
"2022-10-02 23:00:00",-2.44414582152998,-0.264763401383449
"2022-10-03 00:00:00",-2.47291732475194,0.133070487413029
"2022-10-03 01:00:00",-2.21589640479928,0.330626265866196
"2022-10-03 02:00:00",-1.91984131125188,0.261795081786705
"2022-10-03 03:00:00",-1.60234002131084,0.34202457597204
"2022-10-03 04:00:00",-1.16188872678408,0.487202803240752
"2022-10-03 05:00:00",-0.932472494756533,0.0481569169391361
"2022-10-03 06:00:00",-1.20255140118302,-0.468196978306339
"2022-10-03 07:00:00",-1.35274476228922,0.0704921597958683
"2022-10-03 08:00:00",-1.31527782870221,0.0154132248382441
"2022-10-03 09:00:00",-1.3523063705613,-0.0685346946566966
"2022-10-03 10:00:00",-1.41197362074588,-0.0491777950254032
"2022-10-03 11:00:00",-1.36992253135433,0.102690539513899
"2022-10-03 12:00:00",-1.82650980410954,-0.805970832593196
"2022-10-03 13:00:00",-2.21170264094423,-0.0840211680789966
"2022-10-03 14:00:00",-2.23298302210299,0.0244073232366178
"2022-10-03 15:00:00",-1.76244745671068,0.748467228603143
"2022-10-03 16:00:00",-1.36181553807142,0.151978944213016
"2022-10-03 17:00:00",-1.36309953551162,-0.101641719742996
"2022-10-03 18:00:00",-1.37038001532839,0.0577283975254571
"2022-10-03 19:00:00",-1.42155491254153,-0.119578202028714
"2022-10-03 20:00:00",-0.720921284575914,1.2159704177023
"2022-10-03 21:00:00",-0.231684896969976,-0.0175639955270974
"2022-10-03 22:00:00",-0.0632196942732692,0.284775760961536
"2022-10-03 23:00:00",-0.0169815512068056,-0.114899988567583
"2022-10-04 00:00:00",-0.47358418972099,-0.662681206679443
"2022-10-04 01:00:00",-0.818027871947064,-0.11531091936558
"2022-10-04 02:00:00",-0.78135806394245,0.13730016099656
"2022-10-04 03:00:00",-0.460184023860352,0.429499423873387
"2022-10-04 04:00:00",-0.0397598973767048,0.394988737409039
"2022-10-04 05:00:00",-0.0831448595739821,-0.333516293269902
"2022-10-04 06:00:00",-0.668142492836362,-0.724743173203708
"2022-10-04 07:00:00",-1.37100429475501,-0.654013961184728
"2022-10-04 08:00:00",-1.92271411343995,-0.455524644224966
"2022-10-04 09:00:00",-2.09217271561697,0.0317790324171652
"2022-10-04 10:00:00",-2.13523026036303,-0.0882057210060296
"2022-10-04 11:00:00",-2.11433238753772,0.0953907669903203
"2022-10-04 12:00:00",-1.14010434510957,1.51653948086122
"2022-10-04 13:00:00",-0.161007596192231,0.575750738521317
"2022-10-04 14:00:00",0.585688988168913,0.825383486362559
"2022-10-04 15:00:00",1.19411804739569,0.434128346229972
"2022-10-04 16:00:00",0.538190649480483,-1.35298842546834
"2022-10-04 17:00:00",-1.18601885029083,-1.89044621393778
"2022-10-04 18:00:00",-1.89371133020738,0.115954066029206
"2022-10-04 19:00:00",-1.9563849252673,-0.176338251546148
"2022-10-04 20:00:00",-2.25904646802448,-0.369972375043129
"2022-10-04 21:00:00",-2.23532906573925,0.287956777268989
"2022-10-04 22:00:00",-1.78457760300713,0.540740433280961
"2022-10-04 23:00:00",-1.41329817079017,0.242963980901277
"2022-10-05 00:00:00",-1.22708998215722,0.141344310064848
"2022-10-05 01:00:00",-1.30667098973679,-0.221499200914262
"2022-10-05 02:00:00",-1.19317964347607,0.333105335884309
"2022-10-05 03:00:00",-1.50975627789782,-0.733109579426029
"2022-10-05 04:00:00",-1.9027382566962,-0.145614363105029
"2022-10-05 05:00:00",-2.04394286375484,-0.129103007007483
"2022-10-05 06:00:00",-1.85054286669981,0.401841936320895
"2022-10-05 07:00:00",-1.27964125295971,0.658861883195456
"2022-10-05 08:00:00",-0.599755175960974,0.6632431599597
"2022-10-05 09:00:00",0.0282011015298524,0.575364850220287
"2022-10-05 10:00:00",0.591875127452841,0.529058507637991
"2022-10-05 11:00:00",1.52223931368235,1.15292378529467
"2022-10-05 12:00:00",1.89161628868844,-0.172492839174327
"2022-10-05 13:00:00",2.59544512499375,1.25215038490476
"2022-10-05 14:00:00",3.41771154479682,0.493263905041905
"2022-10-05 15:00:00",3.66371024334304,0.0650642668640474
"2022-10-05 16:00:00",3.12532516308973,-0.919815170064284
"2022-10-05 17:00:00",2.31743795391965,-0.698906829908619
"2022-10-05 18:00:00",1.96826244346649,-0.102418884855416
"2022-10-05 19:00:00",1.95767689348027,0.0486023620820873
"2022-10-05 20:00:00",2.32993715175478,0.567816318159413
"2022-10-05 21:00:00",2.75300393047539,0.30346250934687
"2022-10-05 22:00:00",3.04319794910033,0.264011165608358
"2022-10-05 23:00:00",3.50884684226389,0.574022983953925
"2022-10-06 00:00:00",3.62592046220026,-0.19763888587887
"2022-10-06 01:00:00",3.60852576157298,0.0989202972086073
"2022-10-06 02:00:00",3.94767554152295,0.478533950055332
"2022-10-06 03:00:00",4.7060455851492,0.903800070042829
"2022-10-06 04:00:00",5.57110958833894,0.792068920063041
"2022-10-06 05:00:00",5.70832048110948,-0.313052823810267
"2022-10-06 06:00:00",4.82048386167055,-1.23618562808051
"2022-10-06 07:00:00",3.54881252459736,-1.24111072632014
"2022-10-06 08:00:00",2.78603505448536,-0.412220314457428
"2022-10-06 09:00:00",2.3129403936893,-0.494785790533833
"2022-10-06 10:00:00",1.97481279890231,-0.220603402680238
"2022-10-06 11:00:00",1.79482455101024,-0.146903745239136
"2022-10-06 12:00:00",1.64670652964766,-0.14420185502257
"2022-10-06 13:00:00",1.63161565913699,0.0695768332189862
"2022-10-06 14:00:00",1.83130309452983,0.274834858613639
"2022-10-06 15:00:00",1.77004308876453,-0.284768232782848
"2022-10-06 16:00:00",0.956573362896239,-1.1295567388722
"2022-10-06 17:00:00",-1.09446875416629,-2.56912374727341
"2022-10-06 18:00:00",-2.51992436337404,-0.593876015102377
"2022-10-06 19:00:00",-2.58490007419939,0.293953296994327
"2022-10-06 20:00:00",-2.5321384791439,-0.107206459904845
"2022-10-06 21:00:00",-2.95444549415793,-0.609039838904977
"2022-10-06 22:00:00",-3.66054486246263,-0.733444153299545
"2022-10-06 23:00:00",-4.3335571781182,-0.596027030351827
"2022-10-07 00:00:00",-4.97503945642009,-0.635718236033662
"2022-10-07 01:00:00",-6.11996016778387,-1.4235665772303
"2022-10-07 02:00:00",-6.95043602016174,-0.387738889343171
"2022-10-07 03:00:00",-7.06498409809803,0.0819756024599258
"2022-10-07 04:00:00",-6.94708967560101,0.145341538163457
"2022-10-07 05:00:00",-7.03174259606509,-0.225005324799828
"2022-10-07 06:00:00",-6.86985668739858,0.421177394561335
"2022-10-07 07:00:00",-5.63824336939802,1.72222179128601
"2022-10-07 08:00:00",-3.61271319956192,2.13874586029278
"2022-10-07 09:00:00",-1.50648627238861,1.98911678176771
"2022-10-07 10:00:00",0.131425688343009,1.32788810079095
"2022-10-07 11:00:00",1.02475175013392,0.561003300043837
"2022-10-07 12:00:00",1.36352142093001,0.173197815686697
"2022-10-07 13:00:00",1.54190483229557,0.171606723874348
"2022-10-07 14:00:00",1.62870104346269,0.0241454334623113
"2022-10-07 15:00:00",1.44483343618829,-0.315902089270469
"2022-10-07 16:00:00",0.0824408287577569,-1.99716294022512
"2022-10-07 17:00:00",-2.37217511812872,-2.64304392169279
"2022-10-07 18:00:00",-3.74041049189135,-0.450302940122709
"2022-10-07 19:00:00",-4.10812087104737,-0.290356365417172
"2022-10-07 20:00:00",-3.88760551776685,0.555905698538435
"2022-10-07 21:00:00",-3.44943491003857,0.343869840396042
"2022-10-07 22:00:00",-3.38172788763443,-0.115170876949562
"2022-10-07 23:00:00",-3.64772087765799,-0.349541869348064
"2022-10-08 00:00:00",-3.70131013697102,0.150956108660031
"2022-10-08 01:00:00",-3.18728514520107,0.736410175668978
"2022-10-08 02:00:00",-2.20462554987159,1.10423486839957
"2022-10-08 03:00:00",-1.47174481435651,0.453330349496702
"2022-10-08 04:00:00",-1.56393337327401,-0.449584456205625
"2022-10-08 05:00:00",-2.43846700410964,-1.11425573612793
"2022-10-08 06:00:00",-2.91096902524898,-0.0190782557196377
"2022-10-08 07:00:00",-1.88883152408,1.67144934579776
"2022-10-08 08:00:00",-0.314220770454876,1.43766223307073
"2022-10-08 09:00:00",0.577837389207967,0.48634313480189
"2022-10-08 10:00:00",0.830308550438425,0.0838172827161595
"2022-10-08 11:00:00",0.732757994825716,-0.21489479544647
"2022-10-08 12:00:00",-0.986519076307274,-2.64142691588687
"2022-10-08 13:00:00",-2.18294287954672,-0.174980170900603
"2022-10-08 14:00:00",-2.06780358601493,0.305890584600044
"2022-10-08 15:00:00",-2.64326609149825,-1.13301112510982
"2022-10-08 16:00:00",-2.81307387360524,0.483792178962619
"2022-10-08 17:00:00",-2.82789850544587,-0.342900846111238
"2022-10-08 18:00:00",-3.21747017106104,-0.398528806285598
"2022-10-08 19:00:00",-3.56595804525873,-0.294421879105028
"2022-10-08 20:00:00",-3.75433794538897,-0.104139673171097
"2022-10-08 21:00:00",-3.95177614270608,-0.245416201840553
"2022-10-08 22:00:00",-4.04895992330495,0.0113465147718612
"2022-10-08 23:00:00",-4.18777550745997,-0.227108057773684
"2022-10-09 00:00:00",-4.25010089245543,0.0558858840195397
"2022-10-09 01:00:00",-4.52190453772283,-0.471867041191528
"2022-10-09 02:00:00",-4.84877629706719,-0.208850230326768
"2022-10-09 03:00:00",-5.10909203826055,-0.276007352840646
"2022-10-09 04:00:00",-5.73214387883754,-0.818220343212121
"2022-10-09 05:00:00",-6.552674727358,-0.77569364518289
"2022-10-09 06:00:00",-6.91498087876267,-0.0610588456855092
"2022-10-09 07:00:00",-6.03963797181699,1.46691506737514
"2022-10-09 08:00:00",-4.62880606616744,1.31418458930358
"2022-10-09 09:00:00",-3.36298787539946,1.17938826288862
"2022-10-09 10:00:00",-2.26445018319086,0.996769949738711
"2022-10-09 11:00:00",-1.44033958621768,0.672763063080104
"2022-10-09 12:00:00",-0.847575078430561,0.513121266383613
"2022-10-09 13:00:00",-0.43051769180571,0.334289765719485
"2022-10-09 14:00:00",-0.257178697228882,0.0583581005943453
"2022-10-09 15:00:00",-0.28533004410889,-0.0841542033311434
"2022-10-09 16:00:00",-1.73097353959889,-2.28422394996087
"2022-10-09 17:00:00",-3.46684044598548,-1.28558392135971
"2022-10-09 18:00:00",-3.93323402883209,0.106354153052287
"2022-10-09 19:00:00",-3.93602793213972,-0.0703569309851804
"2022-10-09 20:00:00",-3.98550385879682,-0.0281324798162131
"2022-10-09 21:00:00",-3.88283424498817,0.190126443815681
"2022-10-09 22:00:00",-3.7653020805412,0.0685551469973003
"2022-10-09 23:00:00",-3.81124969441403,-0.115246143979647
"2022-10-10 00:00:00",-3.88723865486025,-0.0412958410041464
"2022-10-10 01:00:00",-4.14444425244592,-0.383911677742638
"2022-10-10 02:00:00",-4.39710004122057,-0.147806789015864
"2022-10-10 03:00:00",-4.46101373178158,0.000717317431137086
"2022-10-10 04:00:00",-4.60908962990607,-0.234484783349706
"2022-10-10 05:00:00",-5.09725596283446,-0.628147902878762
"2022-10-10 06:00:00",-5.60975025133636,-0.404471481729413
"2022-10-10 07:00:00",-5.03004644140655,1.21549112315668
"2022-10-10 08:00:00",-3.63759449854414,1.45073710232535
"2022-10-10 09:00:00",-2.60020497859776,0.717220430190428
"2022-10-10 10:00:00",-1.76600457896891,0.875895673157801
"2022-10-10 11:00:00",-0.703137647277178,1.13928124193568
"2022-10-10 12:00:00",0.323020600138127,0.902887872812933
"2022-10-10 13:00:00",1.20392973027556,0.823980404215426
"2022-10-10 14:00:00",1.89291616496241,0.564700405740643
"2022-10-10 15:00:00",2.12187226495101,-0.00818870236836522
"2022-10-10 16:00:00",1.11659165793749,-1.62496124970624
"2022-10-10 17:00:00",-0.490870906893561,-1.5208502194794
"2022-10-10 18:00:00",-1.04579186657414,0.116023012117195
"2022-10-10 19:00:00",-0.582105657775768,0.674771286082888
"2022-10-10 20:00:00",0.136760337652918,0.714852019996502
"2022-10-10 21:00:00",1.37575091893968,1.52935811506734
"2022-10-10 22:00:00",2.36256716978323,0.576462130501835
"2022-10-10 23:00:00",2.57055792399023,-0.050580656711226
"2022-10-11 00:00:00",1.25793867547547,-2.09490166876628
"2022-10-11 01:00:00",-0.596143011669665,-1.60705395190909
"2022-10-11 02:00:00",-1.79667956053538,-0.871712617324574
"2022-10-11 03:00:00",-2.49013585241679,-0.539352960456214
"2022-10-11 04:00:00",-2.87193459877026,-0.255412770582614
"2022-10-11 05:00:00",-3.29676415176709,-0.513883774954448
"2022-10-11 06:00:00",-3.87587491901337,-0.590827526069406
"2022-10-11 07:00:00",-3.61322872495688,0.824132709645279
"2022-10-11 08:00:00",-2.77638540991781,0.810206643044496
"2022-10-11 09:00:00",-1.989212350866,0.73798927641719
"2022-10-11 10:00:00",-1.27786200979556,0.662351730556634
"2022-10-11 11:00:00",-0.723601127187973,0.45751006242333
"2022-10-11 12:00:00",-0.439867866801029,0.15533362522299
"2022-10-11 13:00:00",-0.299283740942786,0.124637637082083
"2022-10-11 14:00:00",-0.492076461247031,-0.394862338104513
"2022-10-11 15:00:00",-0.674659796317497,-0.031756062553242
"2022-10-11 16:00:00",-1.99238784528028,-2.11154125546141
"2022-10-11 17:00:00",-3.54648166277265,-1.10605155502741
"2022-10-11 18:00:00",-3.63322939589944,0.601468834267645
"2022-10-11 19:00:00",-3.10124213471138,0.465069066651713
"2022-10-11 20:00:00",-3.32917612911256,-0.67510069844223
"2022-10-11 21:00:00",-3.75998237095971,-0.243184427289332
"2022-10-11 22:00:00",-3.79900896554173,0.103775941234253
"2022-10-11 23:00:00",-3.73243471485406,0.0435053638684049
"2022-10-12 00:00:00",-3.40117845565768,0.512155460035631
"2022-10-12 01:00:00",-3.42189182184128,-0.370586213379325
"2022-10-12 02:00:00",-3.90788251667018,-0.535422314425359
"2022-10-12 03:00:00",-4.46845446166641,-0.545664382940664
"2022-10-12 04:00:00",-4.88515374977166,-0.305164698817621
"2022-10-12 05:00:00",-6.19719841084659,-1.91464411127035
"2022-10-12 06:00:00",-7.63638574283381,-1.04584656605828
"2022-10-12 07:00:00",-7.62714710477264,0.722018078815135
"2022-10-12 08:00:00",-5.63443485967482,2.75496326750605
"2022-10-12 09:00:00",-2.87045760435535,2.6459045645604
"2022-10-12 10:00:00",-0.970913113834652,1.31541324794106
"2022-10-12 11:00:00",-0.157827527177975,0.44081995213378
"2022-10-12 12:00:00",0.0169663085129895,-0.0106566243877931
"2022-10-12 13:00:00",0.0759057278786783,0.102513371234679
"2022-10-12 14:00:00",0.208834127283171,0.14679025807581
"2022-10-12 15:00:00",0.166903484582667,-0.166019034545003
"2022-10-12 16:00:00",-1.38374692784116,-2.4002515481054
"2022-10-12 17:00:00",-3.31806526664323,-1.53000079759897
"2022-10-12 18:00:00",-4.28972794405858,-0.548995128103409
"2022-10-12 19:00:00",-4.70763113722713,-0.305123831876249
"2022-10-12 20:00:00",-4.89402855974998,-0.0923241027289092
"2022-10-12 21:00:00",-5.00518441284339,-0.112121662444818
"2022-10-12 22:00:00",-5.2827463572839,-0.368214376624214
"2022-10-12 23:00:00",-5.55569835163986,-0.189666986173152
"2022-10-13 00:00:00",-5.97906166118567,-0.55188122280405
"2022-10-13 01:00:00",-6.83733016942476,-1.01403428376609
"2022-10-13 02:00:00",-7.11587768557895,0.233815656822249
"2022-10-13 03:00:00",-6.89337405520038,0.213558666455602
"2022-10-13 04:00:00",-6.69500280657902,0.187702772187709
"2022-10-13 05:00:00",-6.68662129969624,-0.102935114070815
"2022-10-13 06:00:00",-6.67630395659346,0.0939437820425168
"2022-10-13 07:00:00",-5.61985582705045,1.65650816380268
"2022-10-13 08:00:00",-3.81948003684571,1.81797494065894
"2022-10-13 09:00:00",-2.18811378565762,1.43436285163954
"2022-10-13 10:00:00",-0.894605617981396,1.1409595501684
"2022-10-13 11:00:00",0.363914073164174,1.27824053125348
"2022-10-13 12:00:00",1.52479191582661,1.02700426636794
"2022-10-13 13:00:00",1.97133326399588,0.0363884152092104
"2022-10-13 14:00:00",1.90781973787128,-0.129635823618087
"2022-10-13 15:00:00",1.73100776646455,-0.202318621731008
"2022-10-13 16:00:00",-0.0032628171144149,-2.67537376653369
"2022-10-13 17:00:00",-1.84336513595022,-1.19581941966745
"2022-10-13 18:00:00",-2.48550129296663,-0.24013097419226
"2022-10-13 19:00:00",-2.85490924780243,-0.434834316463598
"2022-10-13 20:00:00",-3.04502417088457,-0.0142584571221583
"2022-10-13 21:00:00",-2.75396150218012,0.484699337813465
"2022-10-13 22:00:00",-2.8019300476622,-0.397246285341366
"2022-10-13 23:00:00",-2.82399685669816,0.232707767654534
"2022-10-14 00:00:00",-3.10466893269215,-0.605943170752043
"2022-10-14 01:00:00",-3.79221433787177,-0.705273596251943
"2022-10-14 02:00:00",-3.78482013147225,0.48703330345386
"2022-10-14 03:00:00",-2.76791705927368,1.32669813354064
"2022-10-14 04:00:00",-1.74145666604386,0.781095272211553
"2022-10-14 05:00:00",-2.06214191933408,-1.03771039200039
"2022-10-14 06:00:00",-3.04306616931355,-0.893797305195283
"2022-10-14 07:00:00",-2.50387635228201,1.47279773854408
"2022-10-14 08:00:00",-1.02112602864042,1.42215241002245
"2022-10-14 09:00:00",0.416421677498336,1.38081553888963
"2022-10-14 10:00:00",1.61740556027073,1.02349155805976
"2022-10-14 11:00:00",2.44956082588151,0.662972229255808
"2022-10-14 12:00:00",2.16772176702228,-0.901466282006946
"2022-10-14 13:00:00",0.94961267761333,-1.37411028050248
"2022-10-14 14:00:00",0.816809933562581,0.699808653850851
"2022-10-14 15:00:00",1.45801783483439,0.570619068480966
"2022-10-14 16:00:00",0.2782042441863,-2.29256377500613
"2022-10-14 17:00:00",-0.738255021118692,-0.117794313634368
"2022-10-14 18:00:00",-0.578555012837312,0.338055564994329
"2022-10-14 19:00:00",-0.2972667114864,0.230822983087004
"2022-10-14 20:00:00",0.407977982879878,0.988390768799556
"2022-10-14 21:00:00",0.763516372932805,-0.0837767356726918
"2022-10-14 22:00:00",0.996685428066448,0.432398768382756
"2022-10-14 23:00:00",1.65576207530469,0.7775894545174
"2022-10-15 00:00:00",2.21400117067354,0.383347224674404
"2022-10-15 01:00:00",2.78775969027219,0.670579647930899
"2022-10-15 02:00:00",3.41623717397255,0.566952707793437
"2022-10-15 03:00:00",3.90725153826511,0.412654822722229
"2022-10-15 04:00:00",4.14740126914766,0.108701652901256
"2022-10-15 05:00:00",3.69899064175259,-0.803848672028598
"2022-10-15 06:00:00",2.67924771689869,-1.11997896773819
"2022-10-15 07:00:00",2.31532225939518,0.153942729416773
"2022-10-15 08:00:00",2.57916714931284,0.321590504162075
"2022-10-15 09:00:00",3.33697138395781,1.00927459689987
"2022-10-15 10:00:00",3.98598371026707,0.373700885319769
"2022-10-15 11:00:00",3.95841052031588,-0.298910777322402
"2022-10-15 12:00:00",3.96281613337315,0.201302978042902
"2022-10-15 13:00:00",4.1663578278517,0.190255508752884
"2022-10-15 14:00:00",4.28638398051512,0.0621350574884398
"2022-10-15 15:00:00",4.24537362433874,-0.113347432439054
"2022-10-15 16:00:00",3.22587120508676,-1.58061999847487
"2022-10-15 17:00:00",2.09728897082346,-0.777756162117516
"2022-10-15 18:00:00",1.95608504240324,0.287164413620992
"2022-10-15 19:00:00",2.37326185717402,0.48150570640124
"2022-10-15 20:00:00",2.89840349537978,0.526219199472265
"2022-10-15 21:00:00",3.41949678162662,0.489179180402238
"2022-10-15 22:00:00",3.87051791759552,0.399744286710958
"2022-10-15 23:00:00",4.24476679847025,0.33448063227095
"2022-10-16 00:00:00",4.94646682619096,0.907694695828481
"2022-10-16 01:00:00",5.64659948302876,0.52211645469777
"2022-10-16 02:00:00",5.76469364033589,-0.164137428129205
"2022-10-16 03:00:00",5.45558425046102,-0.398495409625134
"2022-10-16 04:00:00",5.12581458451024,-0.275312877843489
"2022-10-16 05:00:00",4.95909915609429,-0.0930012454434255
"2022-10-16 06:00:00",4.67152905646879,-0.410005602880093
"2022-10-16 07:00:00",4.87289655187176,0.593354102592298
"2022-10-16 08:00:00",5.76488238958313,1.04240450751456
"2022-10-16 09:00:00",6.28697026866818,0.14297810985492
"2022-10-16 10:00:00",6.20317209659833,-0.239099130680945
"2022-10-16 11:00:00",6.20220397564735,0.149835824865877
"2022-10-16 12:00:00",6.56487517947098,0.479333021503468
"2022-10-16 13:00:00",7.07662839651852,0.500588661735772
"2022-10-16 14:00:00",7.48933463280441,0.325388495782542
"2022-10-16 15:00:00",7.31699762011314,-0.505609787117292
"2022-10-16 16:00:00",4.90151808155289,-3.58335112461066
"2022-10-16 17:00:00",2.30175274811853,-1.82682945846461
"2022-10-16 18:00:00",1.09648012534551,-0.736600654408784
"2022-10-16 19:00:00",1.92914584246885,1.83784494767653
"2022-10-16 20:00:00",3.59411441275886,1.46811547576236
"2022-10-16 21:00:00",2.71295197399505,-2.41008031777031
"2022-10-16 22:00:00",1.10875531438728,-0.994215476673749
"2022-10-16 23:00:00",0.447968019251253,-0.408534149452599
"2022-10-17 00:00:00",1.77480227431476,2.42009940029348
"2022-10-17 01:00:00",3.29380763306299,0.843816995526041
"2022-10-17 02:00:00",3.46861681788203,-0.2837396864706
"2022-10-17 03:00:00",3.6983970107021,0.556732338195098
"2022-10-17 04:00:00",3.98183457122816,0.0830096141156334
"2022-10-17 05:00:00",3.86661966105291,-0.247018394551706
"2022-10-17 06:00:00",3.51023912843118,-0.417334927186194
"2022-10-17 07:00:00",4.01677441489635,1.09384483679855
"2022-10-17 08:00:00",5.29906319094364,1.34180640798641
"2022-10-17 09:00:00",6.90857675831372,1.70467058899432
"2022-10-17 10:00:00",8.50785905332494,1.44412539182992
"2022-10-17 11:00:00",9.88288329328735,1.25265412619816
"2022-10-17 12:00:00",11.2321273104501,1.33678594005185
"2022-10-17 13:00:00",12.20932507851,0.676566893732294
"2022-10-17 14:00:00",12.6813990331544,0.29758209991766
"2022-10-17 15:00:00",12.2995737429379,-0.832952994162706
"2022-10-17 16:00:00",10.423999617665,-2.4973662255589
"2022-10-17 17:00:00",8.23415003274091,-1.89421403380487
"2022-10-17 18:00:00",7.02583439640331,-0.704249878085723
"2022-10-17 19:00:00",6.9359443637173,0.314894328487939
"2022-10-17 20:00:00",7.20039115681354,0.209311702215433
"2022-10-17 21:00:00",7.15477215256624,-0.222680541510228
"2022-10-17 22:00:00",6.27671554898434,-1.28246151268169
"2022-10-17 23:00:00",6.20550473145125,0.731571734685404
"2022-10-18 00:00:00",6.86715685178108,0.575602162484166
"2022-10-18 01:00:00",7.9288091367072,1.32638219774057
"2022-10-18 02:00:00",8.31032219447318,-0.276735334359453
"2022-10-18 03:00:00",8.31061922531108,0.174259391431205
"2022-10-18 04:00:00",8.27319978845147,-0.18746714950708
"2022-10-18 05:00:00",7.96361099997915,-0.386951186697366
"2022-10-18 06:00:00",7.34713262671151,-0.750461128472355
"2022-10-18 07:00:00",6.629077383628,-0.671797644332837
"2022-10-18 08:00:00",5.7335090922507,-1.01073157073405
"2022-10-18 09:00:00",4.56669762156935,-1.22280502148877
"2022-10-18 10:00:00",3.36479018665018,-1.13674670404496
"2022-10-18 11:00:00",2.51018736438364,-0.630235759041881
"2022-10-18 12:00:00",1.81200355719338,-0.713539110698811
"2022-10-18 13:00:00",1.56027814272238,0.0657720667096304
"2022-10-18 14:00:00",2.32605029283131,1.19403141286987
"2022-10-18 15:00:00",3.12588751665186,0.496040452726378
"2022-10-18 16:00:00",2.58029018278356,-1.21811235235525
"2022-10-18 17:00:00",0.925313594346164,-1.87089601443708
"2022-10-18 18:00:00",-0.312484946622519,-0.758113659963162
"2022-10-18 19:00:00",-0.238227374181256,0.626036338185883
"2022-10-18 20:00:00",0.206537593188396,0.303091463794589
"2022-10-18 21:00:00",0.46764149348328,0.220439031689411
"2022-10-18 22:00:00",0.606797056569262,0.0777523166682821
"2022-10-18 23:00:00",0.74429868747115,0.170017928302956
"2022-10-19 00:00:00",1.2534074479876,0.710013871440103
"2022-10-19 01:00:00",1.64227411455434,0.154678321043894
"2022-10-19 02:00:00",1.932463430231,0.364622614036071
"2022-10-19 03:00:00",2.38359026668459,0.48486792158793
"2022-10-19 04:00:00",2.70187575450697,0.189036204122731
"2022-10-19 05:00:00",2.61797772435955,-0.265345954245876
"2022-10-19 06:00:00",2.13561138610636,-0.607495924011267
"2022-10-19 07:00:00",1.62934235882192,-0.417479931430128
"2022-10-19 08:00:00",1.23283431499079,-0.365784777950668
"2022-10-19 09:00:00",0.790691314161316,-0.473625895643462
"2022-10-19 10:00:00",0.663240961629481,0.108366917676826
"2022-10-19 11:00:00",0.596257845367661,-0.18155281684697
"2022-10-19 12:00:00",0.0877743377413822,-0.703039141610564
"2022-10-19 13:00:00",-0.0915152174714684,0.178277549967783
"2022-10-19 14:00:00",0.0983268967586604,0.188648444230846
"2022-10-19 15:00:00",-0.0371526522273423,-0.345250026232465
"2022-10-19 16:00:00",-2.33939780313766,-3.49743742046782
"2022-10-19 17:00:00",-4.30463937972061,-0.847393399671232
"2022-10-19 18:00:00",-4.8368475446976,-0.291251098972893
"2022-10-19 19:00:00",-4.80400356770333,0.253575723269021
"2022-10-19 20:00:00",-4.25292779076514,0.729409443532154
"2022-10-19 21:00:00",-4.21863329726776,-0.425256984793238
"2022-10-19 22:00:00",-4.70791405523266,-0.503276132005914
"2022-10-19 23:00:00",-5.13278535171246,-0.346346081560331
"2022-10-20 00:00:00",-5.75514683527741,-0.770180337353435
"2022-10-20 01:00:00",-6.54721274869669,-0.76160153048201
"2022-10-20 02:00:00",-6.8220742229636,0.0711243596629276
"2022-10-20 03:00:00",-6.68931253983663,0.176334682527903
"2022-10-20 04:00:00",-6.66021826441245,-0.0618270582959947
"2022-10-20 05:00:00",-6.83391639203653,-0.231441227678917
"2022-10-20 06:00:00",-7.09419984404214,-0.258336619148661
"2022-10-20 07:00:00",-6.68627492549048,0.841848990960084
"2022-10-20 08:00:00",-5.44786651759518,1.45254441509344
"2022-10-20 09:00:00",-3.87799719986779,1.58050551296976
"2022-10-20 10:00:00",-2.41178162569279,1.32534711876432
"2022-10-20 11:00:00",-1.33818777596654,0.857852496835509
"2022-10-20 12:00:00",-0.727133037944081,0.419213135670856
"2022-10-20 13:00:00",-0.410789855405783,0.2336689292661
"2022-10-20 14:00:00",-0.290900868799676,0.0388692686457432
"2022-10-20 15:00:00",-0.565637146537396,-0.47037296160935
"2022-10-20 16:00:00",-1.46118313668782,-1.13570523522334
"2022-10-20 17:00:00",-2.31300548889488,-0.620209372361868
"2022-10-20 18:00:00",-2.53530156442103,0.0565188652107171
"2022-10-20 19:00:00",-2.40048335062601,0.183877400498963
"2022-10-20 20:00:00",-2.18965566341689,0.221869097402096
"2022-10-20 21:00:00",-2.34626206397811,-0.398655716171977
"2022-10-20 22:00:00",-2.09017507822786,0.683429033180359
"2022-10-20 23:00:00",-1.38852764462024,0.683144383963012
"2022-10-21 00:00:00",-1.02977672968619,0.127233897124637
"2022-10-21 01:00:00",-0.940429888665735,0.061170492096295
"2022-10-21 02:00:00",-0.337193625673136,0.937153766940084
"2022-10-21 03:00:00",0.39720397549942,0.564765514062981
"2022-10-21 04:00:00",0.659041848247005,0.0469353242299619
"2022-10-21 05:00:00",0.114605502138196,-0.913655432681269
"2022-10-21 06:00:00",-0.876551124125912,-0.995871769288349
"2022-10-21 07:00:00",-1.02701576420808,0.421410084884952
"2022-10-21 08:00:00",-0.724757981144795,0.209784570930813
"2022-10-21 09:00:00",-0.773389729299202,-0.217661511535598
"2022-10-21 10:00:00",0.0945256882365986,1.55137493575261
"2022-10-21 11:00:00",0.713383774111261,-0.0323388450707001
"2022-10-21 12:00:00",1.6133413644303,1.47779336745171
"2022-10-21 13:00:00",2.36126833397835,0.223737645658558
"2022-10-21 14:00:00",2.27953255071873,-0.284539980299051
"2022-10-21 15:00:00",1.91327844651643,-0.40626250169809
"2022-10-21 16:00:00",1.68579348450292,-0.0999574541262455
"2022-10-21 17:00:00",1.95229049256466,0.495959778918602
"2022-10-21 18:00:00",2.71940561543514,0.908913764681147
"2022-10-21 19:00:00",3.54375583426261,0.725298668154938
"2022-10-21 20:00:00",4.02203209502738,0.286303591836584
"2022-10-21 21:00:00",4.29622903541949,0.247913540502226
"2022-10-21 22:00:00",4.20786935323728,-0.313875346358938
"2022-10-21 23:00:00",3.97644471754265,-0.170883516963528
"2022-10-22 00:00:00",4.04052426230116,0.212549888894468
"2022-10-22 01:00:00",4.17107573010557,0.0644764543500792
"2022-10-22 02:00:00",4.24072844484929,0.0644188143878936
"2022-10-22 03:00:00",4.10500397688779,-0.268166111261081
"2022-10-22 04:00:00",4.08714871309714,0.144574593021458
"2022-10-22 05:00:00",3.73230759930789,-0.676184148508975
"2022-10-22 06:00:00",3.2369226744838,-0.356123209407252
"2022-10-22 07:00:00",3.24983727905533,0.254150875329444
"2022-10-22 08:00:00",3.57656103554252,0.355391430028936
"2022-10-22 09:00:00",4.0394027479215,0.507871340939372
"2022-10-22 10:00:00",4.80495019966388,0.895745141037363
"2022-10-22 11:00:00",5.4633313092331,0.462663612818612
"2022-10-22 12:00:00",5.7776059101207,0.193376113840153
"2022-10-22 13:00:00",6.35267457521127,0.794754171718549
"2022-10-22 14:00:00",6.56077232118664,-0.201074624057402
"2022-10-22 15:00:00",5.80655701812841,-1.09558387607461
"2022-10-22 16:00:00",4.43527038140533,-1.49740501352961
"2022-10-22 17:00:00",3.53407763160751,-0.466615798661928
"2022-10-22 18:00:00",3.2478909278119,-0.15685726347602
"2022-10-22 19:00:00",2.93216707625356,-0.410815342903308
"2022-10-22 20:00:00",2.83587830006464,0.114189258796227
"2022-10-22 21:00:00",2.91898017592826,0.0547740562165964
"2022-10-22 22:00:00",3.0976373474412,0.248993459331228
"2022-10-22 23:00:00",3.07828081657386,-0.201325291158922
"2022-10-23 00:00:00",3.45773949550075,0.74464315301077
"2022-10-23 01:00:00",3.48374918262715,-0.458762780218922
"2022-10-23 02:00:00",3.12126001489377,-0.28557173653701
"2022-10-23 03:00:00",2.47496748744309,-0.860079624682925
"2022-10-23 04:00:00",1.42807129141258,-1.12487986883832
"2022-10-23 05:00:00",0.609615606934036,-0.577124067808501
"2022-10-23 06:00:00",0.204248187003563,-0.272387673106634
"2022-10-23 07:00:00",0.767036621003961,1.09255655199567
"2022-10-23 08:00:00",1.81912996931589,0.974135135643019
"2022-10-23 09:00:00",2.82757874865769,0.981059194212226
"2022-10-23 10:00:00",3.79607406077505,0.910453651978416
"2022-10-23 11:00:00",4.76048671376952,0.949664838137706
"2022-10-23 12:00:00",5.48435636310549,0.532809906078942
"2022-10-23 13:00:00",6.09665246720062,0.629122971637739
"2022-10-23 14:00:00",6.45789793073701,0.157641206018652
"2022-10-23 15:00:00",6.11934620800767,-0.661575273587665
"2022-10-23 16:00:00",5.29996942212377,-0.893525119778565
"2022-10-23 17:00:00",4.86619516328923,-0.113495711481868
"2022-10-23 18:00:00",5.21990428155526,0.642095149831256
"2022-10-23 19:00:00",5.23204200262873,-0.415129918847896
"2022-10-23 20:00:00",5.26232549012761,0.319039698573497
"2022-10-23 21:00:00",4.91049684905511,-0.78912897657357
"2022-10-23 22:00:00",4.66464216474544,0.121677264248952
"2022-10-23 23:00:00",5.41425822059512,1.12660272705108
"2022-10-24 00:00:00",5.35484207044482,-0.854235403223961
"2022-10-24 01:00:00",5.31236268579725,0.493800509861585
"2022-10-24 02:00:00",5.79139165966458,0.439572813366433
"2022-10-24 03:00:00",6.10870862431088,0.213272983481446
"2022-10-24 04:00:00",6.06986521540874,-0.212944003082865
"2022-10-24 05:00:00",5.94902641732407,-0.0615157863235841
"2022-10-24 06:00:00",5.97885824804388,0.0816457332995196
"2022-10-24 07:00:00",6.29548329395618,0.450525122546333
"2022-10-24 08:00:00",6.93452356894867,0.72623580256309
"2022-10-24 09:00:00",7.55678869380437,0.514447076194681
"2022-10-24 10:00:00",8.29356972477875,0.840252154960126
"2022-10-24 11:00:00",8.95619464587936,0.502034199510097
"2022-10-24 12:00:00",8.12170021096941,-1.6973847313043
"2022-10-24 13:00:00",7.18591057332122,-0.394065626581138
"2022-10-24 14:00:00",7.17147000442227,0.230064996615533
"2022-10-24 15:00:00",6.57150767181773,-1.13403582864092
"2022-10-24 16:00:00",6.61817281270522,0.823100296140936
"2022-10-24 17:00:00",6.94186963750301,-0.0331432064188746
"2022-10-24 18:00:00",6.7311530154364,-0.328029041830809
"2022-10-24 19:00:00",6.61963195036031,0.0294408201248022
"2022-10-24 20:00:00",6.5335348385089,-0.167559846807823
"2022-10-24 21:00:00",6.16807499005463,-0.488443619298422
"2022-10-24 22:00:00",5.66971897151199,-0.489230769864663
"2022-10-24 23:00:00",5.17695321484211,-0.479012437850488
"2022-10-25 00:00:00",5.27911869347788,0.478085033738385
"2022-10-25 01:00:00",5.16564935436432,-0.509242911374457
"2022-10-25 02:00:00",5.10618856644998,0.23655799554523
"2022-10-25 03:00:00",5.12019404590796,-0.141605699372717
"2022-10-25 04:00:00",5.20591531913418,0.226598745934392
"2022-10-25 05:00:00",4.97662893675754,-0.529017440089168
"2022-10-25 06:00:00",4.24614629064282,-0.836491308797401
"2022-10-25 07:00:00",4.24440766985118,0.549364813059135
"2022-10-25 08:00:00",5.20535943803406,1.18420529592757
"2022-10-25 09:00:00",5.65850124524804,-0.0624662211372577
"2022-10-25 10:00:00",5.43819945044576,-0.322346651590151
"2022-10-25 11:00:00",5.14934975521622,-0.259800456905167
"2022-10-25 12:00:00",4.4320398484229,-0.994860372910695
"2022-10-25 13:00:00",4.18114492604459,0.251284915662096
"2022-10-25 14:00:00",4.32401776978456,0.0584223204680224
"2022-10-25 15:00:00",4.14020596782833,-0.342135777849389
"2022-10-25 16:00:00",3.11429753870057,-1.43833369698798
"2022-10-25 17:00:00",2.3362788857021,-0.304858191746172
"2022-10-25 18:00:00",1.84973692506329,-0.587552782568978
"2022-10-25 19:00:00",1.40033037728886,-0.338338667979807
"2022-10-25 20:00:00",0.655296385504089,-0.982560545955443
"2022-10-25 21:00:00",-0.0243811427138829,-0.446305503778168
"2022-10-25 22:00:00",-0.00622231933665429,0.326964993781173
"2022-10-25 23:00:00",0.105196433545799,-0.0375628405347609
"2022-10-26 00:00:00",0.123135631727613,0.053951916785106
"2022-10-26 01:00:00",-0.775401049495241,-1.49097912841452
"2022-10-26 02:00:00",-1.26476529769332,0.202621166417168
"2022-10-26 03:00:00",-1.7720672845699,-0.954839650285005
"2022-10-26 04:00:00",-2.2941813131486,-0.206541157920941
"2022-10-26 05:00:00",-1.8696089656012,0.828088436603042
"2022-10-26 06:00:00",-1.38145470508105,0.240747702031111
"2022-10-26 07:00:00",-0.904819114620019,0.613022243067672
"2022-10-26 08:00:00",-0.074765404468333,0.936461235344699
"2022-10-26 09:00:00",1.08972535191287,1.26126835648528
"2022-10-26 10:00:00",2.56488481279842,1.54624827441942
"2022-10-26 11:00:00",4.00985586253053,1.30548484679042
"2022-10-26 12:00:00",4.90919095753927,0.580670264129503
"2022-10-26 13:00:00",5.44788477445721,0.478785645978978
"2022-10-26 14:00:00",5.77422378742285,0.20218210217076
"2022-10-26 15:00:00",5.29816006102806,-0.913038363188555
"2022-10-26 16:00:00",3.38690721210643,-2.49272359837131
"2022-10-26 17:00:00",1.97922470629951,-0.62180619577664
"2022-10-26 18:00:00",1.79676722422115,0.116556549274832
"2022-10-26 19:00:00",1.99438268969992,0.239947962799437
"2022-10-26 20:00:00",2.30126565541718,0.334352712268113
"2022-10-26 21:00:00",2.44403677487641,0.00530242466684845
"2022-10-26 22:00:00",2.38589929057229,-0.100816761018991
"2022-10-26 23:00:00",2.34856371119213,0.00368419601169642
"2022-10-27 00:00:00",2.88596381396873,0.864641433950072
"2022-10-27 01:00:00",3.1252539670098,-0.19269340561001
"2022-10-27 02:00:00",2.95032511103877,-0.158800705009018
"2022-10-27 03:00:00",2.36276503330073,-0.849276124760064
"2022-10-27 04:00:00",2.19757958033283,0.295672140540671
"2022-10-27 05:00:00",2.11307745246526,-0.336763658886504
"2022-10-27 06:00:00",1.89422784582621,-0.132564877558719
"2022-10-27 07:00:00",2.59396964906935,1.21891136620787
"2022-10-27 08:00:00",3.83481275520979,1.19315737401606
"2022-10-27 09:00:00",5.0319902741354,1.1380269409933
"2022-10-27 10:00:00",5.97964256757443,0.769221979316077
"2022-10-27 11:00:00",7.00233840484979,1.13537236146918
"2022-10-27 12:00:00",8.18409063859674,1.1474923363865
"2022-10-27 13:00:00",8.87508672371505,0.343288723909292
"2022-10-27 14:00:00",9.00374343687826,-0.0319789567569988
"2022-10-27 15:00:00",8.08032535181233,-1.48542273828135
"2022-10-27 16:00:00",6.3851465892839,-1.76487221420359
"2022-10-27 17:00:00",5.34097112956504,-0.522328406992161
"2022-10-27 18:00:00",5.10504566886614,-0.040664717863346
"2022-10-27 19:00:00",5.01930203961427,-0.118299586120052
"2022-10-27 20:00:00",5.1092962316967,0.218110045741512
"2022-10-27 21:00:00",5.25764067635188,0.0882017808981391
"2022-10-27 22:00:00",5.47292881140027,0.283005611741299
"2022-10-27 23:00:00",5.76006770057102,0.269197313167462
"2022-10-28 00:00:00",5.72796262832733,-0.238866718189656
"2022-10-28 01:00:00",5.64645586084033,0.0198902137937711
"2022-10-28 02:00:00",5.94308250000515,0.459742963921517
"2022-10-28 03:00:00",6.43283361730612,0.478825326049675
"2022-10-28 04:00:00",6.93593921625934,0.487095597749684
"2022-10-28 05:00:00",7.05473574009386,-0.141314795587829
"2022-10-28 06:00:00",6.91008346075915,-0.149094149302611
"2022-10-28 07:00:00",7.14419258357113,0.469544632301201
"2022-10-28 08:00:00",7.8174909394176,0.767931193944521
"2022-10-28 09:00:00",7.9717149535768,-0.272309397825085
"2022-10-28 10:00:00",7.81408331550807,-0.0839628541297896
"2022-10-28 11:00:00",9.14352277484509,2.19844843184653
"2022-10-28 12:00:00",11.1243818460282,1.72989049694459
"2022-10-28 13:00:00",12.1088394842999,0.426395178653025
"2022-10-28 14:00:00",12.2826200012531,-0.0184877459509564
"2022-10-28 15:00:00",12.0037927208546,-0.454961672589146
"2022-10-28 16:00:00",11.3606649355358,-0.753476755231742
"2022-10-28 17:00:00",10.7559351151512,-0.491469805084781
"2022-10-28 18:00:00",10.2327824853044,-0.533274330304889
"2022-10-28 19:00:00",10.1639356150436,0.230851840720787
"2022-10-28 20:00:00",10.2584434551256,-0.0139747782597999
"2022-10-28 21:00:00",10.2552079492148,-0.00914134850135534
"2022-10-28 22:00:00",10.2206579048167,-0.0630619089682219
"2022-10-28 23:00:00",9.96695540489304,-0.381908593581608
"2022-10-29 00:00:00",10.4424235820957,1.01160570782105
"2022-10-29 01:00:00",10.6848735375206,-0.295289002632053
"2022-10-29 02:00:00",9.78797275571005,-1.26911685180621
"2022-10-29 03:00:00",9.01228659530338,-0.422490560209273
"2022-10-29 04:00:00",8.63339945129143,-0.343427411176271
"2022-10-29 05:00:00",8.30928608957374,-0.306960848815945
"2022-10-29 06:00:00",8.2568791736073,0.109075869270595
"2022-10-29 07:00:00",8.02780100307634,-0.454264515992178
"2022-10-29 08:00:00",8.24504551346981,0.64424171540182
"2022-10-29 09:00:00",8.87439284774081,0.578887204204855
"2022-10-29 10:00:00",9.3099589802142,0.307887040422827
"2022-10-29 11:00:00",9.46616891498608,0.0356738059759794
"2022-10-29 12:00:00",8.92862839543552,-0.906331425126268
"2022-10-29 13:00:00",8.89415414660664,0.536886842194212
"2022-10-29 14:00:00",9.35788709304076,0.381467247442596
"2022-10-29 15:00:00",9.08012377962824,-0.716102320536427
"2022-10-29 16:00:00",8.37267237637877,-0.67976719460501
"2022-10-29 17:00:00",7.60154298277455,-0.806181912338945
"2022-10-29 18:00:00",6.61496806316622,-1.06974879993091
"2022-10-29 19:00:00",6.17058556344765,-0.0148859313391996
"2022-10-29 20:00:00",6.10195041546975,-0.109157244703851
"2022-10-29 21:00:00",6.11224545034369,0.0815763810851648
"2022-10-29 22:00:00",6.31903270802418,0.272557153383647
"2022-10-29 23:00:00",5.66204485812441,-1.25359707713855
"2022-10-30 00:00:00",6.79846495054731,2.66843988933323
"2022-10-30 01:00:00",6.99757950220151,-1.46529676979402
"2022-10-30 02:00:00",6.27851184870771,-0.196437406434197
"2022-10-30 03:00:00",6.27083516218226,0.11043599357234
"2022-10-30 04:00:00",5.99269290521082,-0.532053472946317
"2022-10-30 05:00:00",5.21136903998336,-0.918095466697495
"2022-10-30 06:00:00",5.56055980475409,1.17072529738294
"2022-10-30 07:00:00",6.53718623784073,0.793655404898931
"2022-10-30 08:00:00",7.41763658196064,0.888050434284185
"2022-10-30 09:00:00",8.40508642231721,0.997233674557768
"2022-10-30 10:00:00",9.3168280663404,0.800591786139971
"2022-10-30 11:00:00",10.0187125046394,0.590721931075689
"2022-10-30 12:00:00",10.3925816209967,0.198626928503342
"2022-10-30 13:00:00",10.9458454622131,0.750001874103839
"2022-10-30 14:00:00",11.1854253810336,-0.126185082971297
"2022-10-30 15:00:00",11.4243250412134,0.456519524376871
"2022-10-30 16:00:00",9.16904544441645,-3.97066700453286
"2022-10-30 17:00:00",6.64929142304226,-1.44457315684693
"2022-10-30 18:00:00",6.07300581159754,0.0213794372848086
"2022-10-30 19:00:00",5.60159725128416,-0.785352953622328
"2022-10-30 20:00:00",4.37425559556909,-1.4708915148875
"2022-10-30 21:00:00",3.33127879868837,-0.713780202071285
"2022-10-30 22:00:00",3.16961928588161,0.209804007094843
"2022-10-30 23:00:00",2.87831210072646,-0.615617291412182
"2022-10-31 00:00:00",2.69467284190991,0.109358665397288
"2022-10-31 01:00:00",2.27587798628236,-0.754462730127067
"2022-10-31 02:00:00",2.74232380171046,1.25527318996234
"2022-10-31 03:00:00",3.55882493794046,0.481658024595379
"2022-10-31 04:00:00",4.20174319362108,0.715286309833522
"2022-10-31 05:00:00",4.41647541178193,-0.134583151546943
"2022-10-31 06:00:00",4.16364760288489,-0.325333083441597
"2022-10-31 07:00:00",4.19846889859672,0.267900211143726
"2022-10-31 08:00:00",4.72054752565806,0.661309069303602
"2022-10-31 09:00:00",5.36252951417238,0.592508037431327
"2022-10-31 10:00:00",6.0037299154764,0.636281865164272
"2022-10-31 11:00:00",6.78767923568279,0.837403477455878
"2022-10-31 12:00:00",7.11604369060695,-0.0353393964797182
"2022-10-31 13:00:00",6.88412056505883,-0.361125593790091
"2022-10-31 14:00:00",6.83524630451951,0.152741400416934
"2022-10-31 15:00:00",6.61345524144607,-0.469743649613804
"2022-10-31 16:00:00",5.86289434003895,-0.910625134816846
"2022-10-31 17:00:00",5.47234920572582,-0.0328274435238077
"2022-10-31 18:00:00",5.83165201884876,0.59659307940358
"2022-10-31 19:00:00",6.07662377855582,-0.00859403135310446
"2022-10-31 20:00:00",6.13438800606605,0.0914270887442434
"2022-10-31 21:00:00",5.97024625680363,-0.334622928680223
"2022-10-31 22:00:00",5.92993508280886,0.150115672248555
"2022-10-31 23:00:00",6.04153432815176,0.0729776486837145
"2022-11-01 00:00:00",5.93407417066188,-0.230428651312436
"2022-11-01 01:00:00",5.64373758962971,-0.324124539900211
"2022-11-01 02:00:00",5.28920083334443,-0.365236361269671
"2022-11-01 03:00:00",5.19443181393369,0.0832272144058628
"2022-11-01 04:00:00",5.47362146779378,0.389868635838901
"2022-11-01 05:00:00",5.59799877797858,-0.0655775285055055
"2022-11-01 06:00:00",5.2207360549789,-0.57433561359966
"2022-11-01 07:00:00",4.63828776776186,-0.566906494360231
"2022-11-01 08:00:00",4.44804737591119,0.0639293204859318
"2022-11-01 09:00:00",4.55997242941745,0.132871326681362
"2022-11-01 10:00:00",4.40331362611611,-0.348107260894139
"2022-11-01 11:00:00",5.12661645947825,1.39751917438521
"2022-11-01 12:00:00",6.6017208046922,1.45012477177839
"2022-11-01 13:00:00",6.77996290443241,-0.686642241623319
"2022-11-01 14:00:00",6.57024861175697,0.109461154299662
"2022-11-01 15:00:00",6.69607730355458,0.122294506625489
"2022-11-01 16:00:00",5.9755142546041,-1.25684642709365
"2022-11-01 17:00:00",5.07618795252851,-0.625948196441834
"2022-11-01 18:00:00",4.40007189745768,-0.683973281930869
"2022-11-01 19:00:00",2.89682507416768,-1.98365653871988
"2022-11-01 20:00:00",1.29232139156263,-1.27922723878419
"2022-11-01 21:00:00",0.469917296861866,-0.48044564777367
"2022-11-01 22:00:00",0.0180702683222598,-0.411915657812035
"2022-11-01 23:00:00",0.611643218762784,1.23565786345249
"2022-11-02 00:00:00",1.21488788355262,0.152189035741094
"2022-11-02 01:00:00",1.27798039897218,-0.000867775373414731
"2022-11-02 02:00:00",0.913788582659802,-0.590744386592718
"2022-11-02 03:00:00",0.703366251865124,0.0519430487218672
"2022-11-02 04:00:00",0.666650083335464,-0.0949829398170977
"2022-11-02 05:00:00",0.551697044668121,-0.123662760651814
"2022-11-02 06:00:00",0.417825701271002,-0.135026384359795
"2022-11-02 07:00:00",0.661752835209015,0.484428871635884
"2022-11-02 08:00:00",1.73613122915475,1.41576492210106
"2022-11-02 09:00:00",2.92674764950425,0.981705459264995
"2022-11-02 10:00:00",3.7950428737393,0.747657454197955
"2022-11-02 11:00:00",4.3308301125161,0.364192276108589
"2022-11-02 12:00:00",4.55330577463842,0.111846927826534
"2022-11-02 13:00:00",4.56241524607318,-0.0656812541664178
"2022-11-02 14:00:00",4.49777665918643,-0.0667510114459588
"2022-11-02 15:00:00",3.96931895313634,-0.816940808929641
"2022-11-02 16:00:00",3.04539296106299,-0.956458719243825
"2022-11-02 17:00:00",1.89298528318027,-1.23220071591368
"2022-11-02 18:00:00",0.808091643675622,-0.937576426759432
"2022-11-02 19:00:00",-0.0275044162291628,-0.728944614055112
"2022-11-02 20:00:00",-0.943352726549683,-0.996892702318724
"2022-11-02 21:00:00",-1.39541002560461,-0.0661427666353868
"2022-11-02 22:00:00",-1.77674657207408,-0.571543192793836
"2022-11-02 23:00:00",-2.26733124390978,-0.411011461051548
"2022-11-03 00:00:00",-2.82565995139445,-0.627085449834947
"2022-11-03 01:00:00",-3.5244024126117,-0.709668068564156
"2022-11-03 02:00:00",-3.8808124367609,-0.0994307388300653
"2022-11-03 03:00:00",-3.34759923363531,0.934631548252072
"2022-11-03 04:00:00",-2.6752130411757,0.469921253836036
"2022-11-03 05:00:00",-2.40349961190423,0.130112734446579
"2022-11-03 06:00:00",-2.50437834348759,-0.246979606543503
"2022-11-03 07:00:00",-2.37693642588797,0.374223218972157
"2022-11-03 08:00:00",-1.52022022828339,1.14072505081571
"2022-11-03 09:00:00",-0.499291132140551,0.894511531631527
"2022-11-03 10:00:00",0.591013838470928,1.16966451562161
"2022-11-03 11:00:00",1.60249745289053,0.85720483448423
"2022-11-03 12:00:00",1.7026465791979,-0.411370137751281
"2022-11-03 13:00:00",1.38273182313425,-0.245937412029313
"2022-11-03 14:00:00",1.26205288575097,-0.0332218964054748
"2022-11-03 15:00:00",1.08504684504443,-0.266075578516097
"2022-11-03 16:00:00",0.803565972404737,-0.279773291548817
"2022-11-03 17:00:00",1.05542046398557,0.593263585137146
"2022-11-03 18:00:00",1.38055282253385,0.129571139383921
"2022-11-03 19:00:00",1.74177659132837,0.496712147840713
"2022-11-03 20:00:00",1.9692630715096,0.034951279833321
"2022-11-03 21:00:00",1.79738892405383,-0.304125668790571
"2022-11-03 22:00:00",1.26225504049832,-0.666023645133867
"2022-11-03 23:00:00",1.09059442997392,0.164439838154021
"2022-11-04 00:00:00",0.985922774361698,-0.28050768970713
"2022-11-04 01:00:00",0.592565861728218,-0.451166843844088
"2022-11-04 02:00:00",0.698139708302018,0.47094765125994
"2022-11-04 03:00:00",1.08355431267369,0.309179263321017
"2022-11-04 04:00:00",1.84704684083404,1.02868597874516
"2022-11-04 05:00:00",2.50532164378759,0.377677302922145
"2022-11-04 06:00:00",2.70430607679128,0.0671739086499777
"2022-11-04 07:00:00",2.73127323423798,-0.00460310910748161
"2022-11-04 08:00:00",2.8050267330369,0.11896612838507
"2022-11-04 09:00:00",2.4509599261885,-0.656206282377887
"2022-11-04 10:00:00",1.86499859773517,-0.514445941683797
"2022-11-04 11:00:00",0.897925980182388,-1.22526719195633
"2022-11-04 12:00:00",-0.0786047105255043,-0.765462113466436
"2022-11-04 13:00:00",-0.609138233963257,-0.348605210197439
"2022-11-04 14:00:00",-0.646473591648513,0.172733453266597
"2022-11-04 15:00:00",-0.452021789025526,0.200523275732409
"2022-11-04 16:00:00",-0.199476776683198,0.275807280260553
"2022-11-04 17:00:00",0.128105864545501,0.346789493200035
"2022-11-04 18:00:00",0.49257692838519,0.358774070921155
"2022-11-04 19:00:00",0.762908988096589,0.197890977762035
"2022-11-04 20:00:00",0.86911033054385,0.0390462518449469
"2022-11-04 21:00:00",0.895520734542919,0.0156117106756781
"2022-11-04 22:00:00",0.95148297085707,0.0790488782247586
"2022-11-04 23:00:00",0.950182882759459,-0.0560294572872973
"2022-11-05 00:00:00",1.66725724277658,1.19716887501919
"2022-11-05 01:00:00",2.27770383946896,0.188148575288589
"2022-11-05 02:00:00",2.2671974778175,-0.145376530421644
"2022-11-05 03:00:00",1.97651881907826,-0.37665374398193
"2022-11-05 04:00:00",1.3975391581132,-0.688895516884725
"2022-11-05 05:00:00",0.566790128320302,-0.887640642155773
"2022-11-05 06:00:00",-0.228339412867263,-0.69640283538609
"2022-11-05 07:00:00",-0.677567551848281,-0.262806525004214
"2022-11-05 08:00:00",-0.595426152566259,0.309072597435795
"2022-11-05 09:00:00",-0.118785336517585,0.566468671031627
"2022-11-05 10:00:00",0.2065047997937,0.149202653523994
"2022-11-05 11:00:00",0.370754272465886,0.16620938525237
"2022-11-05 12:00:00",0.690407426961511,0.406279806012977
"2022-11-05 13:00:00",0.880735475501737,0.0364287222439175
"2022-11-05 14:00:00",0.804941881933356,-0.148140454677984
"2022-11-05 15:00:00",0.207193581357129,-0.870114425382988
"2022-11-05 16:00:00",-1.44372457451835,-2.09326159286826
"2022-11-05 17:00:00",-2.5375282747869,-0.373672480046627
"2022-11-05 18:00:00",-2.77208814912374,-0.127403723146828
"2022-11-05 19:00:00",-2.68445402999521,0.230398040103747
"2022-11-05 20:00:00",-2.6013478524734,-0.0155767133835411
"2022-11-05 21:00:00",-2.94097118433288,-0.536159989720588
"2022-11-05 22:00:00",-3.26524415882911,-0.163818387094141
"2022-11-05 23:00:00",-3.69223275829477,-0.577934637635245
"2022-11-06 00:00:00",-3.44090054979544,0.796982073825085
"2022-11-06 01:00:00",-3.03569279796429,0.129208004766396
"2022-11-06 02:00:00",-2.67990386060063,0.493845256956
"2022-11-06 03:00:00",-2.45337369755099,0.0410118587560975
"2022-11-06 04:00:00",-2.58959794600451,-0.244744959777522
"2022-11-06 05:00:00",-2.7941729316587,-0.164737239300616
"2022-11-06 06:00:00",-2.95482523207805,-0.146694400753194
"2022-11-06 07:00:00",-2.95598920481101,0.0997175581295204
"2022-11-06 08:00:00",-2.3207936009676,0.96579991889615
"2022-11-06 09:00:00",-1.38015060949426,0.882163804324544
"2022-11-06 10:00:00",-0.630395948031302,0.627633988755029
"2022-11-06 11:00:00",-0.028033305082584,0.557703803836942
"2022-11-06 12:00:00",0.286276381140172,0.137150014408184
"2022-11-06 13:00:00",0.475881797647357,0.21519627119289
"2022-11-06 14:00:00",0.624801030748308,0.0970455227709685
"2022-11-06 15:00:00",0.118311272825719,-0.885576855848654
"2022-11-06 16:00:00",-0.938874146827872,-1.12150487798278
"2022-11-06 17:00:00",-1.64787437900133,-0.399100720930167
"2022-11-06 18:00:00",-1.79837514883902,0.0245048718712454
"2022-11-06 19:00:00",-2.00630471442802,-0.350685179160903
"2022-11-06 20:00:00",-1.95126667080309,0.325485561251963
"2022-11-06 21:00:00",-1.68949806684492,0.209366668682564
"2022-11-06 22:00:00",-1.24204745934418,0.587085063908346
"2022-11-06 23:00:00",-0.660296017239549,0.5521517967155
"2022-11-07 00:00:00",-0.111704584501801,0.52100003919665
"2022-11-07 01:00:00",0.554287780375316,0.731148693684944
"2022-11-07 02:00:00",1.04313832399492,0.303377058711741
"2022-11-07 03:00:00",0.840934565540741,-0.530987527719706
"2022-11-07 04:00:00",0.62175152641831,-0.00198508270201975
"2022-11-07 05:00:00",0.644848222987866,0.0379188735029861
"2022-11-07 06:00:00",0.527029760446526,-0.216873888519782
"2022-11-07 07:00:00",0.499089944617973,0.0986626564991103
"2022-11-07 08:00:00",1.17371694643671,1.02589577221043
"2022-11-07 09:00:00",2.41526981097599,1.32481158755066
"2022-11-07 10:00:00",3.32117568362607,0.58047974767857
"2022-11-07 11:00:00",3.83343816303397,0.438163033330003
"2022-11-07 12:00:00",4.15533546592049,0.224152021999503
"2022-11-07 13:00:00",4.35717193997223,0.172014006956863
"2022-11-07 14:00:00",4.35429816812132,-0.124941725778035
"2022-11-07 15:00:00",4.14067558535459,-0.268201876181238
"2022-11-07 16:00:00",3.92875504245649,-0.169665617087623
"2022-11-07 17:00:00",3.89673493210336,0.0562010074594653
"2022-11-07 18:00:00",4.17289910694986,0.404659346910249
"2022-11-07 19:00:00",4.95396532049706,0.989506937128437
"2022-11-07 20:00:00",4.84344274767771,-0.844994874683998
"2022-11-07 21:00:00",4.08469793574005,-0.67143191592893
"2022-11-07 22:00:00",3.72401057911803,-0.141651712924535
"2022-11-07 23:00:00",3.37348747652348,-0.47791045226576
"2022-11-08 00:00:00",3.60600514127603,0.690732249096169
"2022-11-08 01:00:00",3.82139561444497,-0.116380584669365
"2022-11-08 02:00:00",3.95147319148763,0.28327480310727
"2022-11-08 03:00:00",4.13985320907621,0.111074348543667
"2022-11-08 04:00:00",4.14485224674379,-0.0712887882800548
"2022-11-08 05:00:00",3.97244427945675,-0.236967936089394
"2022-11-08 06:00:00",3.55817138907795,-0.517907087309207
"2022-11-08 07:00:00",3.12059425546001,-0.367816396798421
"2022-11-08 08:00:00",3.33427812135437,0.587168847955361
"2022-11-08 09:00:00",4.05908161147653,0.777819634351032
"2022-11-08 10:00:00",4.8586844709198,0.770897635111246
"2022-11-08 11:00:00",5.49895726508774,0.516504808192565
"2022-11-08 12:00:00",6.02676075532602,0.503169002562175
"2022-11-08 13:00:00",6.60316322057238,0.590067615766641
"2022-11-08 14:00:00",6.84554709392361,-0.00942810185877493
"2022-11-08 15:00:00",6.35881669299338,-0.790618579116689
"2022-11-08 16:00:00",5.68666994679893,-0.569420822015091
"2022-11-08 17:00:00",5.45376139975446,-0.00483097779200825
"2022-11-08 18:00:00",5.66306095647018,0.335077358761545
"2022-11-08 19:00:00",5.63755233413609,-0.271980453654985
"2022-11-08 20:00:00",5.29215013768948,-0.385200432281953
"2022-11-08 21:00:00",5.26103522795217,0.199597232354037
"2022-11-08 22:00:00",5.60141694359442,0.411282383251596
"2022-11-08 23:00:00",5.49296254977275,-0.457003997638694
"2022-11-09 00:00:00",5.83452896946394,0.850628470799675
"2022-11-09 01:00:00",6.52849935215525,0.549038048229788
"2022-11-09 02:00:00",6.92327818564065,0.264768863782997
"2022-11-09 03:00:00",6.50167609464338,-0.868062035405071
"2022-11-09 04:00:00",6.41981191164015,0.437770957160057
"2022-11-09 05:00:00",7.1752833955182,0.923096192388415
"2022-11-09 06:00:00",7.51633228066284,-0.0724285540050509
"2022-11-09 07:00:00",7.27662114744313,-0.349525560904652
"2022-11-09 08:00:00",7.00543810802956,-0.215445753564781
"2022-11-09 09:00:00",6.59798236572188,-0.525125378900996
"2022-11-09 10:00:00",6.24569836721297,-0.228820182308017
"2022-11-09 11:00:00",6.15127425105961,-0.00838946026587548
"2022-11-09 12:00:00",6.08199314294857,-0.114509165036951
"2022-11-09 13:00:00",6.01600725145656,-0.0383392122327523
"2022-11-09 14:00:00",6.17906970342286,0.281827133914239
"2022-11-09 15:00:00",5.80633851660778,-0.799346397308757
"2022-11-09 16:00:00",5.36390524054417,-0.190953096569739
"2022-11-09 17:00:00",5.2854315771697,-0.00667152952626954
"2022-11-09 18:00:00",5.35676212568469,0.113130688572284
"2022-11-09 19:00:00",5.3490901698419,-0.0947438241852215
"2022-11-09 20:00:00",5.5219322545154,0.336123514847761
"2022-11-09 21:00:00",5.781857796182,0.189660719370165
"2022-11-09 22:00:00",5.88150879312973,0.0274597019563441
"2022-11-09 23:00:00",5.84614538390505,-0.0831432152550903
"2022-11-10 00:00:00",5.6048723623429,-0.342759288331861
"2022-11-10 01:00:00",5.29812506385655,-0.27538569091149
"2022-11-10 02:00:00",5.07698865012853,-0.181289721176804
"2022-11-10 03:00:00",4.89773753258674,-0.175916359019418
"2022-11-10 04:00:00",4.69597607547338,-0.215714859649892
"2022-11-10 05:00:00",4.193645370601,-0.67558548594274
"2022-11-10 06:00:00",3.57305897236301,-0.559835006223194
"2022-11-10 07:00:00",3.12792439535309,-0.352120636544135
"2022-11-10 08:00:00",3.2260000781718,0.389510363892417
"2022-11-10 09:00:00",3.62285525587298,0.378736324820822
"2022-11-10 10:00:00",3.92194983247073,0.227119798087424
"2022-11-10 11:00:00",4.08694481929775,0.110684883154594
"2022-11-10 12:00:00",4.14236572519191,0.0106788922823399
"2022-11-10 13:00:00",4.23890675677257,0.143856087595024
"2022-11-10 14:00:00",4.42739466808429,0.203822896108305
"2022-11-10 15:00:00",4.38395895791264,-0.211913077998315
"2022-11-10 16:00:00",3.90178810428409,-0.645076358658671
"2022-11-10 17:00:00",3.6941856037134,0.0888791164694022
"2022-11-10 18:00:00",3.6090584609598,-0.201844478272944
"2022-11-10 19:00:00",3.63896923484784,0.178339704840412
"2022-11-10 20:00:00",3.60982913313517,-0.170762074715755
"2022-11-10 21:00:00",3.31170294146521,-0.373519012225047
"2022-11-10 22:00:00",3.02615342077362,-0.217602501048354
"2022-11-10 23:00:00",3.03200380090372,0.150638954035282
"2022-11-11 00:00:00",2.83757569136667,-0.419136856542808
"2022-11-11 01:00:00",2.45537251062312,-0.343075584788477
"2022-11-11 02:00:00",2.19673199709831,-0.193224969274616
"2022-11-11 03:00:00",2.27642655740501,0.255020103005129
"2022-11-11 04:00:00",2.39107396202029,0.0126858238662494
"2022-11-11 05:00:00",2.60746196519322,0.338823413264004
"2022-11-11 06:00:00",2.73397395301365,-0.0243983014424419
"2022-11-11 07:00:00",2.72991210220627,0.00616558328907476
"2022-11-11 08:00:00",3.0120356856483,0.449168388306398
"2022-11-11 09:00:00",3.34079727927298,0.228987918903253
"2022-11-11 10:00:00",3.56473590987545,0.205626138708148
"2022-11-11 11:00:00",3.75098347076121,0.15988485991487
"2022-11-11 12:00:00",3.72990357574107,-0.145552822762633
"2022-11-11 13:00:00",3.61503192838016,-0.0937655869780847
"2022-11-11 14:00:00",3.81952040441633,0.388945680298786
"2022-11-11 15:00:00",3.80352366779464,-0.290115445467122
"2022-11-11 16:00:00",3.11570460564109,-0.925166807373966
"2022-11-11 17:00:00",2.49919051277497,-0.385467626128799
"2022-11-11 18:00:00",2.2062876011606,-0.220496033399694
"2022-11-11 19:00:00",1.88823684766637,-0.370815578989314
"2022-11-11 20:00:00",1.34583430091381,-0.633450477590413
"2022-11-11 21:00:00",0.778750760097812,-0.497626455358444
"2022-11-11 22:00:00",0.628180421490856,0.0869480041912388
"2022-11-11 23:00:00",0.616714382386665,-0.0773389035688408
"2022-11-12 00:00:00",0.204847993601939,-0.616104010339833
"2022-11-12 01:00:00",-0.813765976310235,-1.23880949033698
"2022-11-12 02:00:00",-1.22402166134452,0.162647879464498
"2022-11-12 03:00:00",-1.26896469599157,-0.179621703987707
"2022-11-12 04:00:00",-1.67205010136699,-0.531269145302758
"2022-11-12 05:00:00",-2.42606468000478,-0.864524138447479
"2022-11-12 06:00:00",-3.36479143613824,-0.940460422938005
"2022-11-12 07:00:00",-3.65635750211742,0.159213744261045
"2022-11-12 08:00:00",-2.22714855172397,2.21265457941438
"2022-11-12 09:00:00",-0.414788146241265,1.4622498280032
"2022-11-12 10:00:00",0.758590548401254,0.925577488525345
"2022-11-12 11:00:00",1.50311812171326,0.587472682716025
"2022-11-12 12:00:00",2.16162397490223,0.672631813024652
"2022-11-12 13:00:00",2.72308130352497,0.45787670841026
"2022-11-12 14:00:00",2.97123313613454,0.0930366468011016
"2022-11-12 15:00:00",1.7070204108184,-2.11278448094429
"2022-11-12 16:00:00",-0.160224278988648,-1.61702365544638
"2022-11-12 17:00:00",-1.35926858852524,-0.863211845203672
"2022-11-12 18:00:00",-1.99611451509082,-0.453923809425841
"2022-11-12 19:00:00",-2.470173381428,-0.462382853522568
"2022-11-12 20:00:00",-3.03070474563822,-0.596143453378362
"2022-11-12 21:00:00",-3.41698261309664,-0.224108813868429
"2022-11-12 22:00:00",-3.50121515042056,0.0174225217491297
"2022-11-12 23:00:00",-2.81658530836617,1.10140568099304
"2022-11-13 00:00:00",-2.00787687971795,0.578780361686039
"2022-11-13 01:00:00",-0.863187107097876,1.47014875258566
"2022-11-13 02:00:00",0.880940246376813,1.84500915371984
"2022-11-13 03:00:00",2.34538742723136,1.1400187247448
"2022-11-13 04:00:00",3.13975558449715,0.523168222070539
"2022-11-13 05:00:00",3.52043959390712,0.263560405798148
"2022-11-13 06:00:00",3.58865397518167,-0.0697920261763132
"2022-11-13 07:00:00",3.441381672459,-0.196550985665669
"2022-11-13 08:00:00",3.46494034728157,0.164741924525318
"2022-11-13 09:00:00",3.35552362383204,-0.291451559356996
"2022-11-13 10:00:00",2.78470792730725,-0.734254423333947
"2022-11-13 11:00:00",2.19742571183916,-0.464983489583007
"2022-11-13 12:00:00",1.59426629296337,-0.66944499264303
"2022-11-13 13:00:00",1.45086135866666,0.212042653264928
"2022-11-13 14:00:00",1.5102729309268,-0.047033534398252
"2022-11-13 15:00:00",0.711172788821414,-1.26444280808401
"2022-11-13 16:00:00",-0.263983268440518,-0.736879109800405
"2022-11-13 17:00:00",-0.556584420589563,0.0178235307057862
"2022-11-13 18:00:00",-0.588428378027806,-0.0627246396186881
"2022-11-13 19:00:00",-0.770097268800846,-0.251572682113841
"2022-11-13 20:00:00",-0.92794608368398,-0.0868740751231993
"2022-11-13 21:00:00",-0.994779400688843,-0.0491014139742459
"2022-11-13 22:00:00",-1.05936733823959,-0.0705610663299749
"2022-11-13 23:00:00",-1.15402216012914,-0.104854021536694
"2022-11-14 00:00:00",-1.35111482226915,-0.247731264794828
"2022-11-14 01:00:00",-1.12315796706715,0.535985583257281
"2022-11-14 02:00:00",-0.783693134099136,0.193769360739596
"2022-11-14 03:00:00",-0.781462667600633,-0.124556097102269
"2022-11-14 04:00:00",-0.71980696782937,0.183871948578191
"2022-11-14 05:00:00",-0.606359619616553,0.0620350036332364
"2022-11-14 06:00:00",-0.567825340200888,0.0218176230521183
"2022-11-14 07:00:00",-0.864978600533967,-0.494944690780092
"2022-11-14 08:00:00",-0.420345549746609,1.05099355028851
"2022-11-14 09:00:00",0.782287926904159,1.24711833701172
"2022-11-14 10:00:00",1.84823624966304,0.893509123736457
"2022-11-14 11:00:00",2.3744456009061,0.253960217711427
"2022-11-14 12:00:00",1.86325854181772,-1.00004503744742
"2022-11-14 13:00:00",1.45472997671829,0.00282110925725365
"2022-11-14 14:00:00",1.41092717925842,-0.0746779542537868
"2022-11-14 15:00:00",0.666365435989095,-1.15758040310399
"2022-11-14 16:00:00",-0.121226645509163,-0.504370177653631
"2022-11-14 17:00:00",-0.298686808661973,0.0490651660765054
"2022-11-14 18:00:00",-0.284464746055898,-0.0092972169857497
"2022-11-14 19:00:00",-0.309726494059408,-0.0343376066430508
"2022-11-14 20:00:00",-0.362477636928244,-0.0621208134846996
"2022-11-14 21:00:00",-0.486388829145551,-0.15874881412566
"2022-11-14 22:00:00",-0.77462516174298,-0.360236321336895
"2022-11-14 23:00:00",-1.24960452604944,-0.527904540016307
"2022-11-15 00:00:00",-1.56047435003604,-0.149799890891145
"2022-11-15 01:00:00",-1.82027102496939,-0.318770432775994
"2022-11-15 02:00:00",-1.61079696873151,0.554022614505493
"2022-11-15 03:00:00",-0.89547046423927,0.790944422930713
"2022-11-15 04:00:00",-0.274072577005827,0.479994245989853
"2022-11-15 05:00:00",-0.241802979218816,-0.267388715361011
"2022-11-15 06:00:00",-0.529004836349503,-0.286451161031409
"2022-11-15 07:00:00",-0.87424679563695,-0.367347812682687
"2022-11-15 08:00:00",-0.0941994196952136,1.50902376711405
"2022-11-15 09:00:00",1.17297902396282,1.04585683430768
"2022-11-15 10:00:00",2.10485403612655,0.810094818455693
"2022-11-15 11:00:00",2.82188788735806,0.618208962073921
"2022-11-15 12:00:00",3.19328407597774,0.185572341508926
"2022-11-15 13:00:00",3.4123423416064,0.226857477595647
"2022-11-15 14:00:00",3.31595937928657,-0.311690017915891
"2022-11-15 15:00:00",2.02118576116151,-1.8928977227638
"2022-11-15 16:00:00",0.866688078023781,-0.609982817824504
"2022-11-15 17:00:00",0.568758324419135,-0.0768572755124799
"2022-11-15 18:00:00",0.584093627041764,0.0753343588123616
"2022-11-15 19:00:00",0.564281698440983,-0.0830529246274479
"2022-11-15 20:00:00",0.41703081135871,-0.183778668410623
"2022-11-15 21:00:00",0.26306522160921,-0.127311578303354
"2022-11-15 22:00:00",0.0889695557378228,-0.197350600718317
"2022-11-15 23:00:00",-0.172406560092489,-0.291753291535261
"2022-11-16 00:00:00",-0.700595628333424,-0.660488886531866
"2022-11-16 01:00:00",-1.05129822363563,-0.126613947170389
"2022-11-16 02:00:00",-1.01472496518073,0.144979649745179
"2022-11-16 03:00:00",-0.838621686044062,0.189791270063948
"2022-11-16 04:00:00",-0.449860448039284,0.504012600297302
"2022-11-16 05:00:00",0.099081378942023,0.553388463694727
"2022-11-16 06:00:00",0.662478725431432,0.543169866577131
"2022-11-16 07:00:00",1.03921560625746,0.247027471666254
"2022-11-16 08:00:00",0.896839539093862,-0.396547545912638
"2022-11-16 09:00:00",0.17800026042758,-0.90069368349644
"2022-11-16 10:00:00",-0.766069258057025,-0.928354046466665
"2022-11-16 11:00:00",-1.68909058572969,-0.87461770821381
"2022-11-16 12:00:00",-2.8351471517361,-1.27037631829522
"2022-11-16 13:00:00",-3.58042383527403,-0.356147752889214
"2022-11-16 14:00:00",-3.60271602701985,0.205947447786756
"2022-11-16 15:00:00",-3.10406953958708,0.674722964377847
"2022-11-16 16:00:00",-2.40753650044243,0.681973931295528
"2022-11-16 17:00:00",-1.92783377215548,0.325164715682428
"2022-11-16 18:00:00",-1.71514434376127,0.130084504816131
"2022-11-16 19:00:00",-1.57867768328912,0.136446678505454
"2022-11-16 20:00:00",-1.35346268467034,0.275725083172562
"2022-11-16 21:00:00",-1.2475445313706,-0.0105736487202096
"2022-11-16 22:00:00",-1.39915646790092,-0.236823789502245
"2022-11-16 23:00:00",-1.81611636070342,-0.515431984521242
"2022-11-17 00:00:00",-2.35882694048378,-0.532766504873275
"2022-11-17 01:00:00",-2.74890133276641,-0.273372267354187
"2022-11-17 02:00:00",-2.65519537285389,0.337510015104048
"2022-11-17 03:00:00",-2.68472242743521,-0.269389716687955
"2022-11-17 04:00:00",-2.25803966070403,0.873907072582447
"2022-11-17 05:00:00",-1.78779180951886,0.18171007872878
"2022-11-17 06:00:00",-1.50564531538558,0.337999292819305
"2022-11-17 07:00:00",-1.52707416769629,-0.258085110393752
"2022-11-17 08:00:00",-1.98566719994662,-0.568502892458889
"2022-11-17 09:00:00",-2.65616102252296,-0.704066468594768
"2022-11-17 10:00:00",-3.20263156891904,-0.412017728294128
"2022-11-17 11:00:00",-3.70245372594387,-0.530479328241684
"2022-11-17 12:00:00",-4.5777863438305,-1.05886471412281
"2022-11-17 13:00:00",-4.88380932110542,0.216303957453562
"2022-11-17 14:00:00",-4.75229807342725,0.0750276558868813
"2022-11-17 15:00:00",-4.81880431032061,-0.151576445577145
"2022-11-17 16:00:00",-4.80296081922848,0.132911512524145
"2022-11-17 17:00:00",-4.90054571341563,-0.24042032095173
"2022-11-17 18:00:00",-5.04161010714205,-0.0618101178161962
"2022-11-17 19:00:00",-5.0394887778722,0.0511373658905778
"2022-11-17 20:00:00",-4.99532054616037,0.0439172381475616
"2022-11-17 21:00:00",-4.87600162660385,0.170352847061805
"2022-11-17 22:00:00",-4.77349647460785,0.0586863357079635
"2022-11-17 23:00:00",-4.77852790187193,-0.0411190206159263
"2022-11-18 00:00:00",-5.15381244259936,-0.574066916477905
"2022-11-18 01:00:00",-5.53472056724085,-0.227396084818949
"2022-11-18 02:00:00",-5.82188309565946,-0.306228354766529
"2022-11-18 03:00:00",-6.00881832449223,-0.0910227279407799
"2022-11-18 04:00:00",-6.06025466698867,-0.0148587060778191
"2022-11-18 05:00:00",-6.29947781265414,-0.369619961427859
"2022-11-18 06:00:00",-6.82357749148263,-0.594062056001028
"2022-11-18 07:00:00",-7.44140509332554,-0.595519428374537
"2022-11-18 08:00:00",-8.1003127759623,-0.660265972431929
"2022-11-18 09:00:00",-8.81714661150039,-0.710043595661785
"2022-11-18 10:00:00",-9.63616567151408,-0.841387144999545
"2022-11-18 11:00:00",-10.1542322539321,-0.265487873545774
"2022-11-18 12:00:00",-10.66664950116,-0.639599608194888
"2022-11-18 13:00:00",-10.8317179783296,0.172869206555305
"2022-11-18 14:00:00",-10.7563410694578,0.0207589852147921
"2022-11-18 15:00:00",-11.2180443870844,-0.747538994600883
"2022-11-18 16:00:00",-12.0364804800944,-0.812352945775932
"2022-11-18 17:00:00",-13.0449884209855,-1.0758419207938
"2022-11-18 18:00:00",-13.4764824200217,0.0353780507923474
"2022-11-18 19:00:00",-13.566037388718,-0.151220908778048
"2022-11-18 20:00:00",-13.4629307918248,0.285236977668409
"2022-11-18 21:00:00",-13.3288787229278,0.0442420399783147
"2022-11-18 22:00:00",-13.595054444968,-0.443293362869329
"2022-11-18 23:00:00",-13.7228622716828,0.106104181149702
"2022-11-19 00:00:00",-13.3289518285451,0.584742889371567
"2022-11-19 01:00:00",-12.2342374743773,1.39984508832386
"2022-11-19 02:00:00",-12.9134951767602,-2.01725991597808
"2022-11-19 03:00:00",-14.0939030999229,-0.549783529500921
"2022-11-19 04:00:00",-14.4101174459457,-0.127316545548829
"2022-11-19 05:00:00",-14.2377934932465,0.382460997981762
"2022-11-19 06:00:00",-13.5820903506236,0.825049658804903
"2022-11-19 07:00:00",-12.919355135816,0.540536486423035
"2022-11-19 08:00:00",-12.2733431831029,0.702277493182844
"2022-11-19 09:00:00",-11.0061690853648,1.59936554366083
"2022-11-19 10:00:00",-9.56886054704973,1.27515488540335
"2022-11-19 11:00:00",-8.6282308160843,0.685249004480366
"2022-11-19 12:00:00",-8.69849666957767,-0.559476619238454
"2022-11-19 13:00:00",-9.15629142240437,-0.35704503086358
"2022-11-19 14:00:00",-9.54451622593554,-0.378764016739408
"2022-11-19 15:00:00",-10.137519557551,-0.695348967067266
"2022-11-19 16:00:00",-9.96087753059883,0.762628773811146
"2022-11-19 17:00:00",-9.14665788821261,0.822757322527366
"2022-11-19 18:00:00",-8.42879834845113,0.625602986785494
"2022-11-19 19:00:00",-8.09091420355533,0.140880102739595
"2022-11-19 20:00:00",-7.97630825944002,0.1020700505933
"2022-11-19 21:00:00",-7.86758599227655,0.118268827065152
"2022-11-19 22:00:00",-7.82938728682048,-0.00685751380671545
"2022-11-19 23:00:00",-8.10534888300285,-0.432158851946059
"2022-11-20 00:00:00",-8.48130769197291,-0.310182908993306
"2022-11-20 01:00:00",-8.83635929495718,-0.357162759682144
"2022-11-20 02:00:00",-9.3276104582206,-0.545911487017369
"2022-11-20 03:00:00",-9.63764397267997,-0.126032080387288
"2022-11-20 04:00:00",-9.73877795217861,-0.0673106784937261
"2022-11-20 05:00:00",-9.93153285868893,-0.254674041509601
"2022-11-20 06:00:00",-10.1552526309188,-0.179655191889983
"2022-11-20 07:00:00",-10.3558178955224,-0.191888330556204
"2022-11-20 08:00:00",-9.80430020534659,1.0342500188548
"2022-11-20 09:00:00",-9.06915836667322,0.513440068162278
"2022-11-20 10:00:00",-8.90906608405794,-0.0713899286223491
"2022-11-20 11:00:00",-9.34418144127777,-0.645438289917342
"2022-11-20 12:00:00",-9.98141085712542,-0.589435321897018
"2022-11-20 13:00:00",-10.0873324850068,0.234310714110185
"2022-11-20 14:00:00",-10.1787872741555,-0.29128375324492
"2022-11-20 15:00:00",-10.960546353943,-1.05847207143675
"2022-11-20 16:00:00",-11.2658631941569,0.225410328815701
"2022-11-20 17:00:00",-10.4216187788344,1.23119268681196
"2022-11-20 18:00:00",-9.73602841143816,0.302712077697242
"2022-11-20 19:00:00",-9.46341123752923,0.252145454949327
"2022-11-20 20:00:00",-9.12993141469674,0.384049581518052
"2022-11-20 21:00:00",-9.08328114434931,-0.168730801044629
"2022-11-20 22:00:00",-9.59152107489762,-0.698719611363976
"2022-11-20 23:00:00",-10.2160025814259,-0.532955721469339
"2022-11-21 00:00:00",-10.5783850011166,-0.218284332034785
"2022-11-21 01:00:00",-10.1895920161511,0.788660420473269
"2022-11-21 02:00:00",-9.67609214560458,0.318791686107392
"2022-11-21 03:00:00",-9.22058208213878,0.537477131851974
"2022-11-21 04:00:00",-8.82134781142088,0.299984167793443
"2022-11-21 05:00:00",-8.5259649476743,0.28964612615566
"2022-11-21 06:00:00",-8.57177211549146,-0.256275666876583
"2022-11-21 07:00:00",-9.37229743305184,-1.11426628558814
"2022-11-21 08:00:00",-9.84555226231371,-0.0113552179168364
"2022-11-21 09:00:00",-9.63190944541319,0.36617373669104
"2022-11-21 10:00:00",-9.37898153674498,0.177824631611563
"2022-11-21 11:00:00",-9.32348860215399,-0.0166114247722066
"2022-11-21 12:00:00",-9.68025368182357,-0.554562894081253
"2022-11-21 13:00:00",-9.80183424846761,0.185320800178835
"2022-11-21 14:00:00",-9.61615071558779,0.189732389404665
"2022-11-21 15:00:00",-9.95536145905154,-0.663323129166566
"2022-11-21 16:00:00",-10.128795698995,0.174222749104346
"2022-11-21 17:00:00",-9.61113953218569,0.735061140613043
"2022-11-21 18:00:00",-9.34286252794075,-0.0432706359009483
"2022-11-21 19:00:00",-10.0141765435778,-1.04606293930844
"2022-11-21 20:00:00",-10.7008664967121,-0.401576724285561
"2022-11-21 21:00:00",-11.0503870690291,-0.284418974942138
"2022-11-21 22:00:00",-11.185070704124,-0.0142222028093671
"2022-11-21 23:00:00",-11.1019732783801,0.158440378131205
"2022-11-22 00:00:00",-10.8201410514095,0.365005536625519
"2022-11-22 01:00:00",-10.4088319572515,0.436575253384756
"2022-11-22 02:00:00",-9.90678302876482,0.535253040265738
"2022-11-22 03:00:00",-9.64430929110829,0.0809171986376089
"2022-11-22 04:00:00",-9.33900366735042,0.452815065475395
"2022-11-22 05:00:00",-8.99726729147944,0.263480274939538
"2022-11-22 06:00:00",-8.45055230715338,0.721149225663019
"2022-11-22 07:00:00",-8.25607287931622,-0.154980025736621
"2022-11-22 08:00:00",-7.91119130730818,0.672367190880484
"2022-11-22 09:00:00",-7.15259013722391,0.79023560406774
"2022-11-22 10:00:00",-6.61986513458769,0.344956218228163
"2022-11-22 11:00:00",-6.64765972368632,-0.266439814668025
"2022-11-22 12:00:00",-7.46308687591574,-1.13409780201206
"2022-11-22 13:00:00",-8.07400341358977,-0.223487663797509
"2022-11-22 14:00:00",-8.29145265863683,-0.192686526613626
"2022-11-22 15:00:00",-8.35294597547325,0.0395737966882324
"2022-11-22 16:00:00",-8.0066029997871,0.54515787752763
"2022-11-22 17:00:00",-7.57047532471174,0.353034869584638
"2022-11-22 18:00:00",-7.32803926946126,0.16693963524108
"2022-11-22 19:00:00",-6.92842907964814,0.545174929965519
"2022-11-22 20:00:00",-6.48673530063132,0.360646450735599
"2022-11-22 21:00:00",-6.35532810154684,-0.0193019910959716
"2022-11-22 22:00:00",-6.65760727446252,-0.468373877161477
"2022-11-22 23:00:00",-6.93507494887132,-0.128434975480052
"2022-11-23 00:00:00",-6.46323874435273,0.858525378198529
"2022-11-23 01:00:00",-6.17264930920237,-0.0935082460643161
"2022-11-23 02:00:00",-6.33682213054246,-0.195526305570973
"2022-11-23 03:00:00",-6.40615748405853,0.0262508980730062
"2022-11-23 04:00:00",-6.35945046387927,0.0663796633730728
"2022-11-23 05:00:00",-6.17322904994778,0.265460201547299
"2022-11-23 06:00:00",-6.05354905908788,0.0247625070450183
"2022-11-23 07:00:00",-6.46874418103445,-0.680964865746377
"2022-11-23 08:00:00",-6.38269367710142,0.601631967650225
"2022-11-23 09:00:00",-5.59043930142953,0.889911124609352
"2022-11-23 10:00:00",-4.67357939309685,0.898460682569551
"2022-11-23 11:00:00",-3.95737698927494,0.566687815546865
"2022-11-23 12:00:00",-3.22076226923578,0.819993408082512
"2022-11-23 13:00:00",-2.6517176170344,0.378857934840382
"2022-11-23 14:00:00",-2.73149969337166,-0.378328728499756
"2022-11-23 15:00:00",-3.61688652478625,-1.17782703857371
"2022-11-23 16:00:00",-4.14454295668961,-0.0644820918384164
"2022-11-23 17:00:00",-4.21320911952951,-0.0628518844035382
"2022-11-23 18:00:00",-4.07971860346698,0.2634689756317
"2022-11-23 19:00:00",-4.06744344658773,-0.150510757028312
"2022-11-23 20:00:00",-4.34284331213823,-0.340329748769212
"2022-11-23 21:00:00",-4.76392470084135,-0.449309219042258
"2022-11-23 22:00:00",-5.04875195553735,-0.155500885404872
"2022-11-23 23:00:00",-5.63780836125997,-0.843591149968878
"2022-11-24 00:00:00",-6.02587387870156,-0.0586814185717178
"2022-11-24 01:00:00",-6.26306451549095,-0.337158708374771
"2022-11-24 02:00:00",-6.65131746131574,-0.395795106674447
"2022-11-24 03:00:00",-6.95534886513626,-0.219838400809725
"2022-11-24 04:00:00",-7.16440587170945,-0.182972645112388
"2022-11-24 05:00:00",-7.63411877301993,-0.629317362139888
"2022-11-24 06:00:00",-8.25854530155335,-0.581656388438258
"2022-11-24 07:00:00",-7.97187265442724,0.862568307238191
"2022-11-24 08:00:00",-6.77651699182301,1.370680135451
"2022-11-24 09:00:00",-5.89830428505105,0.5169067264911
"2022-11-24 10:00:00",-5.46881512531819,0.358403247821686
"2022-11-24 11:00:00",-4.95750842567606,0.59599073606479
"2022-11-24 12:00:00",-4.94184240917152,-0.365566802776996
"2022-11-24 13:00:00",-4.83321184559998,0.425962777284713
"2022-11-24 14:00:00",-4.52212078816556,0.225956414540203
"2022-11-24 15:00:00",-4.93770670237101,-0.817698006862331
"2022-11-24 16:00:00",-5.18504491362598,0.151011282655081
"2022-11-24 17:00:00",-6.28205094671991,-1.87019305939783
"2022-11-24 18:00:00",-7.42320307467667,-0.592811220116019
"2022-11-24 19:00:00",-7.9437423877536,-0.438057655741418
"2022-11-24 20:00:00",-7.59955579503612,0.859554685853968
"2022-11-24 21:00:00",-6.85608540907588,0.640545681039122
"2022-11-24 22:00:00",-6.4977197322729,0.162054270360828
"2022-11-24 23:00:00",-5.99520634287798,0.713976117314088
"2022-11-25 00:00:00",-4.90467863350685,1.29746207998455
"2022-11-25 01:00:00",-4.13104618345129,0.393976232991165
"2022-11-25 02:00:00",-3.75392862460839,0.353281496933693
"2022-11-25 03:00:00",-3.44910611824856,0.262869385463373
"2022-11-25 04:00:00",-3.18048283892413,0.264138841256413
"2022-11-25 05:00:00",-3.02118472090044,0.0859340966321905
"2022-11-25 06:00:00",-2.98091036976848,0.011814309749474
"2022-11-25 07:00:00",-3.09149797786785,-0.183091266573495
"2022-11-25 08:00:00",-3.34870735703754,-0.290414503446279
"2022-11-25 09:00:00",-3.56592412684506,-0.153781974912245
"2022-11-25 10:00:00",-3.73838759896271,-0.172127205331612
"2022-11-25 11:00:00",-3.89353641225068,-0.131640234796825
"2022-11-25 12:00:00",-3.24107725860439,1.14919599412073
"2022-11-25 13:00:00",-2.2735377796325,0.804636767370465
"2022-11-25 14:00:00",-1.83779541953196,0.172040388037004
"2022-11-25 15:00:00",-2.11130394116932,-0.555170980822379
"2022-11-25 16:00:00",-2.22571836577899,0.187575827602126
"2022-11-25 17:00:00",-2.13580161715279,0.0234070618433476
"2022-11-25 18:00:00",-1.62875745806177,0.808121210395184
"2022-11-25 19:00:00",-1.0814881508634,0.349463903199525
"2022-11-25 20:00:00",-0.443298069361362,0.801738163844118
"2022-11-25 21:00:00",0.472223484854351,0.948442101220806
"2022-11-25 22:00:00",1.21965919011258,0.57730753793485
"2022-11-25 23:00:00",1.59778356270155,0.225797966540372
"2022-11-26 00:00:00",1.77762687049562,0.138602451371546
"2022-11-26 01:00:00",1.93844303048574,0.165692525837921
"2022-11-26 02:00:00",2.13503013425468,0.205343578700636
"2022-11-26 03:00:00",2.43405806230205,0.344522299312346
"2022-11-26 04:00:00",2.81362791112652,0.381761054855512
"2022-11-26 05:00:00",3.03715608803575,0.103793831497318
"2022-11-26 06:00:00",3.02634955832627,-0.0906056253236797
"2022-11-26 07:00:00",2.63769224345255,-0.57278607620456
"2022-11-26 08:00:00",2.1243031947926,-0.452794701055119
"2022-11-26 09:00:00",1.6625864226503,-0.448461602563339
"2022-11-26 10:00:00",1.14422527255403,-0.542470273391381
"2022-11-26 11:00:00",0.537543718086683,-0.62213367748383
"2022-11-26 12:00:00",0.578198703472984,0.47988204668212
"2022-11-26 13:00:00",0.845067926113423,0.111436556443302
"2022-11-26 14:00:00",0.802430392115006,-0.144414699964359
"2022-11-26 15:00:00",0.372640847992508,-0.600646908453516
"2022-11-26 16:00:00",0.270240490130166,0.234144207976944
"2022-11-26 17:00:00",0.650690704321258,0.459558921914624
"2022-11-26 18:00:00",1.24160161697117,0.649559241702886
"2022-11-26 19:00:00",1.60787879963848,0.158420491524013
"2022-11-26 20:00:00",1.71503335089026,0.0658140146665405
"2022-11-26 21:00:00",1.72702781246162,-0.0266645873664791
"2022-11-26 22:00:00",1.91872256688587,0.325930535218601
"2022-11-26 23:00:00",2.10319836897953,0.0789356122932354
"2022-11-27 00:00:00",2.70877420676302,0.925176637481028
"2022-11-27 01:00:00",3.12807905705983,0.0586470835484001
"2022-11-27 02:00:00",3.1028314315838,-0.0840075638187882
"2022-11-27 03:00:00",2.72256481977691,-0.563697573998047
"2022-11-27 04:00:00",2.21478205563887,-0.449885629201825
"2022-11-27 05:00:00",1.12355339412955,-1.46978292672798
"2022-11-27 06:00:00",-0.305476453515698,-1.33540281387575
"2022-11-27 07:00:00",-1.51430057449587,-1.06660357184844
"2022-11-27 08:00:00",-2.27315127674238,-0.515674173259538
"2022-11-27 09:00:00",-2.43274402666716,0.0883037690473515
"2022-11-27 10:00:00",-2.35042755027896,0.0775482127623486
"2022-11-27 11:00:00",-2.18186940771319,0.224249379210285
"2022-11-27 12:00:00",-1.58602768556878,0.818063293354936
"2022-11-27 13:00:00",-1.05064172142819,0.323540149606271
"2022-11-27 14:00:00",-1.02044442429563,-0.165442401287374
"2022-11-27 15:00:00",-1.56058252016328,-0.762949046041797
"2022-11-27 16:00:00",-1.71115804609313,0.266832795872657
"2022-11-27 17:00:00",-1.34922958552599,0.410330881291597
"2022-11-27 18:00:00",-0.985884133474187,0.316495031288998
"2022-11-27 19:00:00",-0.956544487671721,-0.162217835687063
"2022-11-27 20:00:00",-1.38044351549785,-0.576974197432184
"2022-11-27 21:00:00",-1.79337564919348,-0.282171504136827
"2022-11-27 22:00:00",-1.76570303237066,0.235227822160654
"2022-11-27 23:00:00",-1.46245988152018,0.336451294160083
"2022-11-28 00:00:00",-1.26508572841001,0.097163053523999
"2022-11-28 01:00:00",-1.096756512894,0.20940380904944
"2022-11-28 02:00:00",-0.782924540567203,0.36994975262751
"2022-11-28 03:00:00",-0.404189661778892,0.367603165675063
"2022-11-28 04:00:00",-0.179097775264261,0.119910588962733
"2022-11-28 05:00:00",-0.115372929436468,0.0234709380535407
"2022-11-28 06:00:00",-0.426277649567274,-0.518895394452983
"2022-11-28 07:00:00",-0.988628100359801,-0.564048166971906
"2022-11-28 08:00:00",-1.49259385837879,-0.438689425306758
"2022-11-28 09:00:00",-1.94571482686943,-0.439286467464091
"2022-11-28 10:00:00",-1.96052112018643,0.271386529225011
"2022-11-28 11:00:00",-2.16313153157105,-0.506448792639393
"2022-11-28 12:00:00",-2.93523149025992,-0.909720645577428
"2022-11-28 13:00:00",-3.26512131170436,0.0761160033234337
"2022-11-28 14:00:00",-3.19196420386433,0.0719155865759262
"2022-11-28 15:00:00",-3.21262478301285,-0.0772820506784646
"2022-11-28 16:00:00",-2.95352352381852,0.475180455873544
"2022-11-28 17:00:00",-2.35497712396417,0.65615232909015
"2022-11-28 18:00:00",-1.70387603597143,0.619828358948586
"2022-11-28 19:00:00",-1.32509745770828,0.202277734641975
"2022-11-28 20:00:00",-1.20184467206925,0.0664209988644898
"2022-11-28 21:00:00",-1.12762610647917,0.077438728781591
"2022-11-28 22:00:00",-1.35501872719319,-0.418351478562427
"2022-11-28 23:00:00",-1.84730142968763,-0.516430322811453
"2022-11-29 00:00:00",-1.91158503460393,0.242577583192482
"2022-11-29 01:00:00",-1.60586468791232,0.335750436297692
"2022-11-29 02:00:00",-1.39762183024846,0.115412986212694
"2022-11-29 03:00:00",-1.24739770863395,0.168093568475302
"2022-11-29 04:00:00",-0.988036659572138,0.309487728120811
"2022-11-29 05:00:00",-0.726874922968798,0.217807895614145
"2022-11-29 06:00:00",-0.636377165774201,0.00226201943396838
"2022-11-29 07:00:00",-0.900528809142083,-0.428385399310319
"2022-11-29 08:00:00",-1.30012614727419,-0.360256595728031
"2022-11-29 09:00:00",-1.77929164757722,-0.533991789344622
"2022-11-29 10:00:00",-2.07526544583257,-0.120940548726295
"2022-11-29 11:00:00",-2.20821762248179,-0.13196781318656
"2022-11-29 12:00:00",-2.45998217011638,-0.316818497632287
"2022-11-29 13:00:00",-2.69333706811176,-0.163454642096727
"2022-11-29 14:00:00",-2.63902719906151,0.20037360717766
"2022-11-29 15:00:00",-2.29384751647598,0.428713356019162
"2022-11-29 16:00:00",-1.71400740750324,0.655991786513536
"2022-11-29 17:00:00",-1.05851950911907,0.62621227752376
"2022-11-29 18:00:00",-0.590484908717389,0.34170789914319
"2022-11-29 19:00:00",-0.386093393069924,0.103897150869214
"2022-11-29 20:00:00",-0.313901836859749,0.0481218724572105
"2022-11-29 21:00:00",-0.216847091927181,0.125468621711322
"2022-11-29 22:00:00",-0.120730034048519,0.0722616869638522
"2022-11-29 23:00:00",-0.067813702841773,0.0376606676107298
"2022-11-30 00:00:00",-0.322954886081507,-0.438127586735023
"2022-11-30 01:00:00",-0.592784924121708,-0.144395261332767
"2022-11-30 02:00:00",-0.659498486553167,-0.0109925932381129
"2022-11-30 03:00:00",-0.60635996340494,0.0942165961650791
"2022-11-30 04:00:00",-0.482982635843895,0.137736027918324
"2022-11-30 05:00:00",-0.238192451505578,0.305148512171007
"2022-11-30 06:00:00",-0.0999818003441997,0.0206598782626465
"2022-11-30 07:00:00",-0.284027803040836,-0.311639698368059
"2022-11-30 08:00:00",-0.722151657094224,-0.501259837654367
"2022-11-30 09:00:00",-1.27032593326418,-0.552470588881618
"2022-11-30 10:00:00",-1.74243002998202,-0.3944563216039
"2022-11-30 11:00:00",-2.01311346373849,-0.173061580020043
"2022-11-30 12:00:00",-3.25424647076435,-1.89159665203668
"2022-11-30 13:00:00",-4.54319061775943,-0.821739399153183
"2022-11-30 14:00:00",-4.98531143988215,-0.162182417497357
"2022-11-30 15:00:00",-5.18879908650813,-0.214930347593544
"2022-11-30 16:00:00",-5.33237992478388,-0.0825061700347298
"2022-11-30 17:00:00",-5.68270576287419,-0.505350723961109
"2022-11-30 18:00:00",-6.15153334075885,-0.414878130517604
"2022-11-30 19:00:00",-6.22992422129903,0.157582082696253
"2022-11-30 20:00:00",-5.93492180689769,0.380623947767091
"2022-11-30 21:00:00",-5.57514194223845,0.336435250733105
"2022-11-30 22:00:00",-5.61042175288217,-0.274225083431112
"2022-11-30 23:00:00",-5.86774389177443,-0.226596352066221
"2022-12-01 00:00:00",-6.19210167526567,-0.36655654636286
"2022-12-01 01:00:00",-6.33002587078384,0.0290279785839135
"2022-12-01 02:00:00",-6.18027053765932,0.231279441729378
"2022-12-01 03:00:00",-5.77507333519536,0.509849574705405
"2022-12-01 04:00:00",-5.51160865666462,0.0941329209091379
"2022-12-01 05:00:00",-5.32144378143139,0.252250817773219
"2022-12-01 06:00:00",-5.14124901706773,0.130452657668046
"2022-12-01 07:00:00",-5.0348591701874,0.0919176582597966
"2022-12-01 08:00:00",-5.13650092272894,-0.219361329272159
"2022-12-01 09:00:00",-5.54402363493725,-0.506977422837433
"2022-12-01 10:00:00",-6.29561666598735,-0.871808123033607
"2022-12-01 11:00:00",-7.07495716562223,-0.672550195972677
"2022-12-01 12:00:00",-7.80114075913958,-0.71831405063531
"2022-12-01 13:00:00",-8.13763626500432,-0.0559115476468398
"2022-12-01 14:00:00",-7.896884322555,0.437570003157172
"2022-12-01 15:00:00",-7.3332110372895,0.631131216923269
"2022-12-01 16:00:00",-6.68665528680161,0.635564229116257
"2022-12-01 17:00:00",-6.01109760485823,0.678733861033
"2022-12-01 18:00:00",-5.48839459861597,0.401591558737779
"2022-12-01 19:00:00",-5.15992253164183,0.271190103348477
"2022-12-01 20:00:00",-4.90975026646708,0.230921638479815
"2022-12-01 21:00:00",-4.75957344014932,0.0955382383908963
"2022-12-01 22:00:00",-4.71600678448351,0.012982425898309
"2022-12-01 23:00:00",-4.630115190658,0.136492396311241
"2022-12-02 00:00:00",-4.339777136305,0.385069760542506
"2022-12-02 01:00:00",-4.10254917029728,0.132987733824745
"2022-12-02 02:00:00",-4.03499561606289,0.0260079310458998
"2022-12-02 03:00:00",-3.86591467621358,0.261626192974454
"2022-12-02 04:00:00",-3.59162127096397,0.274685425140351
"2022-12-02 05:00:00",-3.30793861054286,0.280828445697459
"2022-12-02 06:00:00",-3.14252840907264,0.0848684153382168
"2022-12-02 07:00:00",-3.28821102633117,-0.288408513755304
"2022-12-02 08:00:00",-3.57679455117154,-0.270749718900624
"2022-12-02 09:00:00",-4.0415861889347,-0.567455087690814
"2022-12-02 10:00:00",-4.75629104691877,-0.773699425644671
"2022-12-02 11:00:00",-5.42011830671908,-0.55290680725379
"2022-12-02 12:00:00",-6.38705819245188,-1.19002456769861
"2022-12-02 13:00:00",-6.99264610675703,-0.178962583595453
"2022-12-02 14:00:00",-7.04617386122292,0.0416483486718339
"2022-12-02 15:00:00",-6.97997316658206,0.0885025030010664
"2022-12-02 16:00:00",-6.73801512940539,0.341756669264755
"2022-12-02 17:00:00",-6.41031197841995,0.311444631099635
"2022-12-02 18:00:00",-6.10635283283588,0.292785263183012
"2022-12-02 19:00:00",-5.96797672618399,0.0367314857463751
"2022-12-02 20:00:00",-6.13772057100858,-0.291635310253712
"2022-12-02 21:00:00",-6.41791256844637,-0.2513396676042
"2022-12-02 22:00:00",-6.61648031152466,-0.145681149273978
"2022-12-02 23:00:00",-6.94563577276784,-0.427302377130533
"2022-12-03 00:00:00",-7.10663964420992,0.0331263800455634
"2022-12-03 01:00:00",-7.11504490726709,-0.0265355593065595
"2022-12-03 02:00:00",-7.13001228551143,0.00262426813781663
"2022-12-03 03:00:00",-7.00788994888135,0.205170896304688
"2022-12-03 04:00:00",-6.76231204667313,0.269876083030214
"2022-12-03 05:00:00",-6.51333565126615,0.231926193530225
"2022-12-03 06:00:00",-6.40365615671421,0.0313642302782345
"2022-12-03 07:00:00",-6.57390344262305,-0.288310925433695
"2022-12-03 08:00:00",-6.9946228004873,-0.480526736610224
"2022-12-03 09:00:00",-7.63131176197869,-0.701527060200831
"2022-12-03 10:00:00",-8.44807343034086,-0.84493777674997
"2022-12-03 11:00:00",-9.14990613740294,-0.562194150807001
"2022-12-03 12:00:00",-9.78998820743292,-0.649799653671256
"2022-12-03 13:00:00",-10.1267475031729,-0.0994513314141704
"2022-12-03 14:00:00",-10.0077124334831,0.272083020047764
"2022-12-03 15:00:00",-9.52620436632015,0.611137345088709
"2022-12-03 16:00:00",-8.82305580227602,0.743350597058641
"2022-12-03 17:00:00",-8.06198757674846,0.748083656510373
"2022-12-03 18:00:00",-7.30778392251962,0.732832952938448
"2022-12-03 19:00:00",-6.65098594927339,0.584315005003286
"2022-12-03 20:00:00",-6.11473972431776,0.487289269112158
"2022-12-03 21:00:00",-5.7060681978519,0.344720203073806
"2022-12-03 22:00:00",-5.44023233640623,0.207967655046337
"2022-12-03 23:00:00",-5.15906909223093,0.323609041482926
"2022-12-04 00:00:00",-5.24533930190923,-0.348770964083557
"2022-12-04 01:00:00",-5.37900020335396,0.0228539834312555
"2022-12-04 02:00:00",-5.20314610604222,0.276427330945647
"2022-12-04 03:00:00",-4.84377079556145,0.404300496044792
"2022-12-04 04:00:00",-4.39684740495127,0.46034232284781
"2022-12-04 05:00:00",-3.94929554820357,0.423423405407245
"2022-12-04 06:00:00",-3.60605549102317,0.278563893808875
"2022-12-04 07:00:00",-3.4812865179809,0.0209585656939341
"2022-12-04 08:00:00",-3.64340034903695,-0.271970515967466
"2022-12-04 09:00:00",-3.90626298060236,-0.239604878186719
"2022-12-04 10:00:00",-4.22356185651704,-0.348982566401728
"2022-12-04 11:00:00",-4.77660040805219,-0.657351074594235
"2022-12-04 12:00:00",-5.76388038990954,-1.15415885057186
"2022-12-04 13:00:00",-6.45188195617224,-0.337114595276753
"2022-12-04 14:00:00",-6.58347974406153,0.0199784094184048
"2022-12-04 15:00:00",-6.35967848188009,0.35752941741899
"2022-12-04 16:00:00",-5.7485231637287,0.759389738815036
"2022-12-04 17:00:00",-4.97866442743518,0.747662279538404
"2022-12-04 18:00:00",-4.32481852939007,0.56664784986865
"2022-12-04 19:00:00",-3.88519253183231,0.339628392181303
"2022-12-04 20:00:00",-3.63884690455762,0.177458425288356
"2022-12-04 21:00:00",-3.58585702333804,-0.0278167877651194
"2022-12-04 22:00:00",-3.84046220256854,-0.3890754892692
"2022-12-04 23:00:00",-4.25905880942841,-0.4134367745363
"2022-12-05 00:00:00",-4.34795724715357,0.137169396028166
"2022-12-05 01:00:00",-4.00596882849913,0.467883813636659
"2022-12-05 02:00:00",-3.60827797172072,0.337160403636114
"2022-12-05 03:00:00",-3.38543371396302,0.14069497798896
"2022-12-05 04:00:00",-3.20272225537299,0.206402096055815
"2022-12-05 05:00:00",-2.81294585489186,0.497628959416852
"2022-12-05 06:00:00",-2.36231062213694,0.401517464611914
"2022-12-05 07:00:00",-2.13898239140453,0.0969690661884074
"2022-12-05 08:00:00",-2.16002145291941,-0.0959537701953455
"2022-12-05 09:00:00",-2.466680630139,-0.429771431927464
"2022-12-05 10:00:00",-2.84541027893668,-0.323526825403928
"2022-12-05 11:00:00",-3.28592538404239,-0.493906394748744
"2022-12-05 12:00:00",-4.92603498253765,-2.32206096276225
"2022-12-05 13:00:00",-5.93144135372524,-0.0735275551574766
"2022-12-05 14:00:00",-5.63015239577104,0.544488579715052
"2022-12-05 15:00:00",-4.94260062924277,0.757508583425065
"2022-12-05 16:00:00",-4.13041388164872,0.816412662076369
"2022-12-05 17:00:00",-3.3317725754253,0.754165447818036
"2022-12-05 18:00:00",-2.6417568991598,0.61875409131619
"2022-12-05 19:00:00",-2.11015516743203,0.451643925034385
"2022-12-05 20:00:00",-1.7751811882047,0.243996719226711
"2022-12-05 21:00:00",-1.68938454488011,-0.0214578010508025
"2022-12-05 22:00:00",-1.80751766302419,-0.174791696247814
"2022-12-05 23:00:00",-1.95216498966326,-0.115348712689019
"2022-12-06 00:00:00",-1.99237336331373,0.01431056598544
"2022-12-06 01:00:00",-1.97949372087921,0.0138810408454299
"2022-12-06 02:00:00",-1.97649215460133,-0.00184315962459966
"2022-12-06 03:00:00",-1.9232998596442,0.0899012130843639
"2022-12-06 04:00:00",-1.79819776018996,0.145102544665694
"2022-12-06 05:00:00",-1.60347551781216,0.220865555469115
"2022-12-06 06:00:00",-1.42149736987896,0.149472394928969
"2022-12-06 07:00:00",-1.45445586189922,-0.15117912498746
"2022-12-06 08:00:00",-1.83082061427138,-0.5067271486985
"2022-12-06 09:00:00",-2.542205347272,-0.811657082575422
"2022-12-06 10:00:00",-3.4794630807569,-0.973176324984574
"2022-12-06 11:00:00",-4.34636015267638,-0.750367422067741
"2022-12-06 12:00:00",-5.21481042534676,-0.900301942333622
"2022-12-06 13:00:00",-5.60923997798051,-0.0317241750085692
"2022-12-06 14:00:00",-5.52027197178526,0.172428439445207
"2022-12-06 15:00:00",-5.11846853887591,0.542737466903307
"2022-12-06 16:00:00",-4.41354023373397,0.786151598481654
"2022-12-06 17:00:00",-3.46358986677754,1.01969393722885
"2022-12-06 18:00:00",-2.47484165892011,0.925596558001522
"2022-12-06 19:00:00",-1.69086067274775,0.655506999112736
"2022-12-06 20:00:00",-1.25507976790295,0.270770126313509
"2022-12-06 21:00:00",-1.09004965351365,0.0883131305427817
"2022-12-06 22:00:00",-1.02040178840456,0.0552995767005255
"2022-12-06 23:00:00",-1.05052767148139,-0.084328778639895
"2022-12-07 00:00:00",-1.34309847471324,-0.41613999008951
"2022-12-07 01:00:00",-1.78048711088994,-0.429039022985698
"2022-12-07 02:00:00",-2.46770185662057,-0.824378652717902
"2022-12-07 03:00:00",-2.89371428269319,-0.137015726133535
"2022-12-07 04:00:00",-2.84858907415468,0.168134951659031
"2022-12-07 05:00:00",-2.30707647455811,0.768365171058352
"2022-12-07 06:00:00",-1.31453803978908,1.09779285025521
"2022-12-07 07:00:00",-0.602965460958436,0.421977188399042
"2022-12-07 08:00:00",-0.489737069905601,-0.0972042214956018
"2022-12-07 09:00:00",-1.09484467987704,-0.914318745315523
"2022-12-07 10:00:00",-2.14988359372907,-1.09730518998864
"2022-12-07 11:00:00",-2.91234129959992,-0.500227993988236
"2022-12-07 12:00:00",-3.25532860397187,-0.218110584065771
"2022-12-07 13:00:00",-3.44144739999272,-0.151752250162379
"2022-12-07 14:00:00",-3.57837348436174,-0.116100867327799
"2022-12-07 15:00:00",-3.58675856636766,0.068433757399601
"2022-12-07 16:00:00",-3.38536853802482,0.2850780001842
"2022-12-07 17:00:00",-3.32030030601346,-0.0803320958681592
"2022-12-07 18:00:00",-3.45038289846842,-0.152789063610548
"2022-12-07 19:00:00",-3.9087138309868,-0.635796327536146
"2022-12-07 20:00:00",-4.62200331048525,-0.726018897964639
"2022-12-07 21:00:00",-5.02493066213076,-0.162433887729887
"2022-12-07 22:00:00",-5.38356453412707,-0.465914494769865
"2022-12-07 23:00:00",-5.67711793659772,-0.157761243911798
"2022-12-08 00:00:00",-5.67557617634112,0.114984213120946
"2022-12-08 01:00:00",-5.44964954984425,0.296464619375332
"2022-12-08 02:00:00",-4.77505213798462,0.901647636548466
"2022-12-08 03:00:00",-4.03831467175401,0.597943032370708
"2022-12-08 04:00:00",-3.42499484515228,0.599630040172218
"2022-12-08 05:00:00",-2.99979872023244,0.293117201477255
"2022-12-08 06:00:00",-2.27615759312597,0.980130790315542
"2022-12-08 07:00:00",-1.52100953815285,0.572210997688265
"2022-12-08 08:00:00",-1.4310673984514,-0.233879021779875
"2022-12-08 09:00:00",-1.83700921090646,-0.49951423858225
"2022-12-08 10:00:00",-2.61818728132114,-0.929462541073482
"2022-12-08 11:00:00",-3.46456203311403,-0.747390860053505
"2022-12-08 12:00:00",-3.86553170251977,-0.146507873873475
"2022-12-08 13:00:00",-3.91628109605487,0.0204811997000465
"2022-12-08 14:00:00",-3.66659494416898,0.395668446702747
"2022-12-08 15:00:00",-3.21816831489599,0.467013969306501
"2022-12-08 16:00:00",-3.05055549014807,-0.0358024989763538
"2022-12-08 17:00:00",-3.27971295388813,-0.343238245868104
"2022-12-08 18:00:00",-3.7758203672575,-0.570217539079658
"2022-12-08 19:00:00",-4.44432251862155,-0.697391819967705
"2022-12-08 20:00:00",-4.88937171871877,-0.24994824508319
"2022-12-08 21:00:00",-5.35551838954664,-0.581825104035332
"2022-12-08 22:00:00",-5.89158201680173,-0.473181995277435
"2022-12-08 23:00:00",-5.98953662760206,0.164439355770981
"2022-12-09 00:00:00",-4.82656441262529,1.78110392940856
"2022-12-09 01:00:00",-3.96807515884478,0.208847836912151
"2022-12-09 02:00:00",-3.97217390153037,-0.140752714414838
"2022-12-09 03:00:00",-3.99103747362296,0.0684093928120968
"2022-12-09 04:00:00",-3.77573610054057,0.308139554582585
"2022-12-09 05:00:00",-3.49490763046842,0.254141997005313
"2022-12-09 06:00:00",-3.28922548373885,0.168105765548225
"2022-12-09 07:00:00",-3.27212280950639,-0.0801385774089974
"2022-12-09 08:00:00",-3.57419090229981,-0.431448076285822
"2022-12-09 09:00:00",-4.17914371491799,-0.687268025166122
"2022-12-09 10:00:00",-4.88850107361147,-0.684989899885574
"2022-12-09 11:00:00",-5.48070076375146,-0.495900346556413
"2022-12-09 12:00:00",-6.95909734638605,-2.05606813459279
"2022-12-09 13:00:00",-8.03386554853091,-0.36053955327545
"2022-12-09 14:00:00",-8.20999629558313,-0.0344715977916662
"2022-12-09 15:00:00",-9.01298486062806,-1.26658767996155
"2022-12-09 16:00:00",-9.78172545824695,-0.388704003117563
"2022-12-09 17:00:00",-9.22228348869195,1.17754896169277
"2022-12-09 18:00:00",-8.29270062258623,0.731985545251091
"2022-12-09 19:00:00",-8.11197953593886,-0.184684149638242
"2022-12-09 20:00:00",-7.4016254240677,1.28373368662003
"2022-12-09 21:00:00",-7.00191752072415,-0.199088813032656
"2022-12-09 22:00:00",-7.24766762121835,-0.256156572174646
"2022-12-09 23:00:00",-7.50537704813649,-0.237159146640015
"2022-12-10 00:00:00",-7.54642385998279,0.101314448098997
"2022-12-10 01:00:00",-7.66443426957669,-0.248892441061262
"2022-12-10 02:00:00",-8.03371112629817,-0.422107621153516
"2022-12-10 03:00:00",-8.46254469967612,-0.402587364748471
"2022-12-10 04:00:00",-8.61775861714851,0.0279793891095749
"2022-12-10 05:00:00",-8.57761705164767,0.0574468508331651
"2022-12-10 06:00:00",-8.6035788686853,-0.0692798864497919
"2022-12-10 07:00:00",-8.93862026817722,-0.485205259201662
"2022-12-10 08:00:00",-9.11001735706422,0.057467766904254
"2022-12-10 09:00:00",-8.9041913863573,0.306688178257511
"2022-12-10 10:00:00",-8.68421174202026,0.163195543530953
"2022-12-10 11:00:00",-8.78743213455198,-0.264732608951874
"2022-12-10 12:00:00",-8.75028226435483,0.247959561837232
"2022-12-10 13:00:00",-8.73985336977314,-0.137142204494263
"2022-12-10 14:00:00",-8.77100953503645,0.0522426573341865
"2022-12-10 15:00:00",-8.59584062418183,0.260096731368496
"2022-12-10 16:00:00",-8.19957534525132,0.479289066990095
"2022-12-10 17:00:00",-7.63921967646878,0.598337351958998
"2022-12-10 18:00:00",-7.16640522788884,0.376509954623062
"2022-12-10 19:00:00",-6.79685710405391,0.35658089106389
"2022-12-10 20:00:00",-6.58376095224908,0.116073484869794
"2022-12-10 21:00:00",-6.50184141826053,0.0637416605427559
"2022-12-10 22:00:00",-6.48301791722257,-0.00363766836389115
"2022-12-10 23:00:00",-6.5480540685628,-0.0945233163664823
"2022-12-11 00:00:00",-7.05242429598443,-0.745191738024021
"2022-12-11 01:00:00",-8.36282306349382,-1.61584005151409
"2022-12-11 02:00:00",-8.11574807385879,1.48803280133947
"2022-12-11 03:00:00",-7.08849223715063,0.681719768801387
"2022-12-11 04:00:00",-6.59997247923269,0.34564198407033
"2022-12-11 05:00:00",-6.19836810428583,0.428332718680638
"2022-12-11 06:00:00",-5.9355316519527,0.148004844725397
"2022-12-11 07:00:00",-6.09182313810197,-0.34407690500483
"2022-12-11 08:00:00",-6.59038451501394,-0.570008070303524
"2022-12-11 09:00:00",-7.1308318253549,-0.486566420684923
"2022-12-11 10:00:00",-7.67455504233126,-0.546800966841293
"2022-12-11 11:00:00",-8.26700878194042,-0.584845987666446
"2022-12-11 12:00:00",-9.15842126309919,-1.04277450771403
"2022-12-11 13:00:00",-9.62767292604546,-0.0528095262590332
"2022-12-11 14:00:00",-9.45005846787971,0.335193902609545
"2022-12-11 15:00:00",-9.06650182180898,0.409748868743834
"2022-12-11 16:00:00",-8.59530150770825,0.501459170285944
"2022-12-11 17:00:00",-8.42467484720885,-0.0469568174778145
"2022-12-11 18:00:00",-8.27561745491579,0.283504210216728
"2022-12-11 19:00:00",-7.7869048988958,0.612956424545966
"2022-12-11 20:00:00",-7.31315679902295,0.368466086029339
"2022-12-11 21:00:00",-7.17265262909126,-0.00872083667533957
"2022-12-11 22:00:00",-7.05745189465456,0.201582102237407
"2022-12-11 23:00:00",-6.85381985910796,0.204416372991335
"2022-12-12 00:00:00",-6.475288313468,0.485450591194681
"2022-12-12 01:00:00",-6.30282870624935,-0.0360486615800196
"2022-12-12 02:00:00",-6.13324624127777,0.306730912370156
"2022-12-12 03:00:00",-5.83045346763385,0.293682148653149
"2022-12-12 04:00:00",-5.60204202584117,0.181557505114371
"2022-12-12 05:00:00",-5.04719827317147,0.784549991236183
"2022-12-12 06:00:00",-4.40339810248467,0.525879371170796
"2022-12-12 07:00:00",-4.23441101810476,-0.071293041356447
"2022-12-12 08:00:00",-4.46067156125444,-0.313362264786821
"2022-12-12 09:00:00",-4.97133109814766,-0.612174612465275
"2022-12-12 10:00:00",-5.74419876007479,-0.836862339844865
"2022-12-12 11:00:00",-6.38168840213501,-0.466881710300798
"2022-12-12 12:00:00",-7.41442902386319,-1.35267493031646
"2022-12-12 13:00:00",-8.27224765170764,-0.47760281422609
"2022-12-12 14:00:00",-8.64054978961113,-0.267275189391816
"2022-12-12 15:00:00",-8.75824254865659,-0.00124596604011652
"2022-12-12 16:00:00",-8.49240309550686,0.442546701543952
"2022-12-12 17:00:00",-8.08424649585106,0.37677818715879
"2022-12-12 18:00:00",-8.12396184832135,-0.305068443975658
"2022-12-12 19:00:00",-8.49784270190206,-0.391519937835804
"2022-12-12 20:00:00",-8.32746493543461,0.547823942557003
"2022-12-12 21:00:00",-7.83114868557007,0.449124474634611
"2022-12-12 22:00:00",-7.55438832522698,0.158792603655408
"2022-12-12 23:00:00",-7.17275261780726,0.521794732748943
"2022-12-13 00:00:00",-6.56964575040456,0.637897567609154
"2022-12-13 01:00:00",-6.42214201879014,-0.177963629477273
"2022-12-13 02:00:00",-6.49150943569639,0.0146006731846105
"2022-12-13 03:00:00",-6.26878931431965,0.359245487706008
"2022-12-13 04:00:00",-5.94065656372992,0.299876553824954
"2022-12-13 05:00:00",-5.69271132486203,0.209197853490764
"2022-12-13 06:00:00",-5.4020567047894,0.338482095125886
"2022-12-13 07:00:00",-5.35872894742568,-0.148536314117916
"2022-12-13 08:00:00",-5.78955835261764,-0.59164364557458
"2022-12-13 09:00:00",-6.73981685838093,-1.13671496325076
"2022-12-13 10:00:00",-7.80948240447632,-0.965451972676445
"2022-12-13 11:00:00",-8.67976367289374,-0.755416733642227
"2022-12-13 12:00:00",-9.22438370673128,-0.367026577442318
"2022-12-13 13:00:00",-9.25634098849525,0.20482356142933
"2022-12-13 14:00:00",-8.91642045463882,0.425758534536928
"2022-12-13 15:00:00",-9.62184588397217,-1.41452429583391
"2022-12-13 16:00:00",-10.1635804604835,0.0782569444757814
"2022-12-13 17:00:00",-9.70474493848095,0.703843459653362
"2022-12-13 18:00:00",-9.34805188478748,0.120819030796871
"2022-12-13 19:00:00",-9.67667288465216,-0.600580902511272
"2022-12-13 20:00:00",-10.3796715562741,-0.725400666177431
"2022-12-13 21:00:00",-10.9224182894389,-0.381813328172536
"2022-12-13 22:00:00",-11.2634886099786,-0.283626751705934
"2022-12-13 23:00:00",-11.5058864606482,-0.188879708992511
"2022-12-14 00:00:00",-11.628148381034,-0.0572145692585324
"2022-12-14 01:00:00",-12.0985309060727,-0.708486914371583
"2022-12-14 02:00:00",-12.4699066584095,-0.113401126800434
"2022-12-14 03:00:00",-12.8147343488052,-0.466654799472931
"2022-12-14 04:00:00",-13.1358515758031,-0.192321524291415
"2022-12-14 05:00:00",-12.9022721621677,0.523335828376591
"2022-12-14 06:00:00",-12.4221661011871,0.445098183727455
"2022-12-14 07:00:00",-12.35984734662,-0.179817414234005
"2022-12-14 08:00:00",-12.4071786711484,0.0591672412865068
"2022-12-14 09:00:00",-11.7653054468636,1.01582374380526
"2022-12-14 10:00:00",-10.7250947573096,1.02219895648662
"2022-12-14 11:00:00",-9.90149849367138,0.66588025272296
"2022-12-14 12:00:00",-9.93636929833748,-0.48761421018942
"2022-12-14 13:00:00",-10.0294990890207,0.187084805077843
"2022-12-14 14:00:00",-10.2329970794783,-0.441288054967603
"2022-12-14 15:00:00",-11.5062533953,-1.75420192656577
"2022-12-14 16:00:00",-12.5523351262152,-0.509473544041433
"2022-12-14 17:00:00",-12.922616385688,-0.243717560443285
"2022-12-14 18:00:00",-13.1751153192392,-0.229702469045783
"2022-12-14 19:00:00",-13.7811607424824,-0.811160198085431
"2022-12-14 20:00:00",-14.6249486217027,-0.807684697407205
"2022-12-14 21:00:00",-14.9438971122614,0.0408720099160302
"2022-12-14 22:00:00",-14.808387908356,0.211416930161692
"2022-12-14 23:00:00",-14.5713263435526,0.261974709803403
"2022-12-15 00:00:00",-15.0040140145118,-0.856450505750473
"2022-12-15 01:00:00",-15.9434005196292,-0.930703086311541
"2022-12-15 02:00:00",-16.6620031846809,-0.522512642090329
"2022-12-15 03:00:00",-16.6461928280011,0.395405573807277
"2022-12-15 04:00:00",-15.8027738310358,1.12346104468145
"2022-12-15 05:00:00",-14.777235836224,0.931887544747265
"2022-12-15 06:00:00",-13.9583841738217,0.723626258932752
"2022-12-15 07:00:00",-13.3885186708366,0.458267136464396
"2022-12-15 08:00:00",-13.3827704968767,-0.278946795511481
"2022-12-15 09:00:00",-13.4106993221521,0.1579857979708
"2022-12-15 10:00:00",-12.6671473025597,1.11587075396173
"2022-12-15 11:00:00",-11.4977015816684,1.16591328342518
"2022-12-15 12:00:00",-10.8164201175526,0.340640879060422
"2022-12-15 13:00:00",-10.1621568186656,0.846189196905059
"2022-12-15 14:00:00",-9.96930822934921,-0.238773580208558
"2022-12-15 15:00:00",-11.5082227090395,-2.3196857879746
"2022-12-15 16:00:00",-12.6368659758237,-0.266166498391819
"2022-12-15 17:00:00",-11.8839445539662,1.41280734837299
"2022-12-15 18:00:00",-11.1402216974547,0.277646438715349
"2022-12-15 19:00:00",-11.8923842605534,-1.38859276526613
"2022-12-15 20:00:00",-12.690939581899,-0.351932367069495
"2022-12-15 21:00:00",-13.015042705603,-0.27379594691255
"2022-12-15 22:00:00",-13.4038305413271,-0.430201723129729
"2022-12-15 23:00:00",-13.7215247443163,-0.210321715916065
"2022-12-16 00:00:00",-14.2240942752684,-0.655834834826205
"2022-12-16 01:00:00",-14.5629665467259,-0.0931353706988894
"2022-12-16 02:00:00",-14.8292970407338,-0.350370327828641
"2022-12-16 03:00:00",-14.4934020251842,0.796544960163758
"2022-12-16 04:00:00",-13.6818690495304,0.801637426393938
"2022-12-16 05:00:00",-13.1161336470273,0.399217060249539
"2022-12-16 06:00:00",-12.9624536889294,-0.000410055355118399
"2022-12-16 07:00:00",-12.786531398413,0.301818847092537
"2022-12-16 08:00:00",-12.2903281457824,0.618688073987836
"2022-12-16 09:00:00",-11.200571702181,1.36784945031405
"2022-12-16 10:00:00",-10.1847021079898,0.747379862646358
"2022-12-16 11:00:00",-9.70008927849668,0.299533242358934
"2022-12-16 12:00:00",-9.41911472153352,0.267750071729385
"2022-12-16 13:00:00",-9.26871549666459,0.0771572056628033
"2022-12-16 14:00:00",-9.29376843206651,-0.0800577513396371
"2022-12-16 15:00:00",-9.28425591181238,0.0807489055677034
"2022-12-16 16:00:00",-8.67648369958971,0.942197848759249
"2022-12-16 17:00:00",-7.9180143832552,0.611124204066163
"2022-12-16 18:00:00",-7.47383758171512,0.321976538047384
"2022-12-16 19:00:00",-7.30126299586635,0.0744050898605754
"2022-12-16 20:00:00",-7.16578218408713,0.179167685802187
"2022-12-16 21:00:00",-6.82163216451698,0.447016390144628
"2022-12-16 22:00:00",-6.54718939306225,0.155144619269741
"2022-12-16 23:00:00",-6.40287516151549,0.138673055391213
"2022-12-17 00:00:00",-6.39484646830863,-0.0711968766963768
"2022-12-17 01:00:00",-6.43892560772372,-0.0156659699143198
"2022-12-17 02:00:00",-6.7642377482381,-0.507983634760166
"2022-12-17 03:00:00",-7.37239731659547,-0.63732667564408
"2022-12-17 04:00:00",-7.84302565050453,-0.32763399036325
"2022-12-17 05:00:00",-7.93958595908104,0.0721811800921482
"2022-12-17 06:00:00",-8.11330628888292,-0.31916590321948
"2022-12-17 07:00:00",-8.59449145119794,-0.55587579438162
"2022-12-17 08:00:00",-9.3594733407636,-0.856957323683532
"2022-12-17 09:00:00",-10.1750151827745,-0.737117387063268
"2022-12-17 10:00:00",-11.0135563271778,-0.853197422750672
"2022-12-17 11:00:00",-11.7648901369734,-0.633530962411827
"2022-12-17 12:00:00",-10.7841639337823,2.02543615585428
"2022-12-17 13:00:00",-9.78865192543966,0.275497856902174
"2022-12-17 14:00:00",-10.1822964161755,-0.808412498078056
"2022-12-17 15:00:00",-10.9048605272778,-0.61787617598132
"2022-12-17 16:00:00",-10.0797582104992,1.76191533511503
"2022-12-17 17:00:00",-8.67777451132969,1.10840070124758
"2022-12-17 18:00:00",-8.68591135617035,-0.740913821402899
"2022-12-17 19:00:00",-9.51306233151683,-0.834143128858484
"2022-12-17 20:00:00",-10.4006671058195,-0.868808369498135
"2022-12-17 21:00:00",-11.1832317303028,-0.674480544443782
"2022-12-17 22:00:00",-11.7390495313249,-0.435887874793854
"2022-12-17 23:00:00",-12.2601560735545,-0.538028490402939
"2022-12-18 00:00:00",-12.6604584939874,-0.273666095656276
"2022-12-18 01:00:00",-12.5420132500619,0.39053415298491
"2022-12-18 02:00:00",-12.3666781656517,0.0397012379287858
"2022-12-18 03:00:00",-12.3027458869382,0.0929836595928979
"2022-12-18 04:00:00",-12.2094122041505,0.104985135819421
"2022-12-18 05:00:00",-12.0571440389359,0.192286961841326
"2022-12-18 06:00:00",-11.8709247540102,0.188861997985845
"2022-12-18 07:00:00",-11.7978177871878,0.00776107691352634
"2022-12-18 08:00:00",-11.6135466605883,0.30838867430435
"2022-12-18 09:00:00",-10.9117955620641,0.945606684592286
"2022-12-18 10:00:00",-10.0742160854468,0.739822209723855
"2022-12-18 11:00:00",-9.52787669271478,0.404372923539175
"2022-12-18 12:00:00",-10.3976114422045,-1.66551868436978
"2022-12-18 13:00:00",-11.0828971160362,0.0141546006892701
"2022-12-18 14:00:00",-11.0741440293828,0.0190175701185748
"2022-12-18 15:00:00",-11.4164289147824,-0.552613864363608
"2022-12-18 16:00:00",-11.7938046882729,-0.227908540344127
"2022-12-18 17:00:00",-11.9555706901841,-0.0947872601384167
"2022-12-18 18:00:00",-11.6990550200697,0.493930099751165
"2022-12-18 19:00:00",-11.2082717491861,0.480439066246997
"2022-12-18 20:00:00",-10.9045106091366,0.185986243772621
"2022-12-18 21:00:00",-10.3917070174577,0.720361547047348
"2022-12-18 22:00:00",-9.68189951889338,0.682432697560288
"2022-12-18 23:00:00",-9.04208965769967,0.59346781768088
"2022-12-19 00:00:00",-8.10772483547472,1.12887683038256
"2022-12-19 01:00:00",-7.62009808636435,0.0474097933688087
"2022-12-19 02:00:00",-7.61522183771191,-0.0138914592970769
"2022-12-19 03:00:00",-7.84368757973575,-0.350843357895157
"2022-12-19 04:00:00",-8.00407475980662,-0.0156897046048537
"2022-12-19 05:00:00",-7.57625909018786,0.713465409457027
"2022-12-19 06:00:00",-6.22537276238742,1.72139590515778
"2022-12-19 07:00:00",-5.0817725274454,0.712088475448568
"2022-12-19 08:00:00",-4.80876230355586,-0.026128580889687
"2022-12-19 09:00:00",-4.67209605352559,0.244896559840869
"2022-12-19 10:00:00",-4.08287780686838,0.796783326407946
"2022-12-19 11:00:00",-3.60646870342557,0.24545242409715
"2022-12-19 12:00:00",-4.48745833057652,-1.58542695490716
"2022-12-19 13:00:00",-5.2645861297762,-0.19555967506012
"2022-12-19 14:00:00",-4.62462177660871,1.17334418067596
"2022-12-19 15:00:00",-3.1518014474298,1.60843951079979
"2022-12-19 16:00:00",-1.6766108410397,1.32032079385784
"2022-12-19 17:00:00",-0.491922142567959,1.04013365856793
"2022-12-19 18:00:00",0.303926432458112,0.595810282628501
"2022-12-19 19:00:00",0.717075247661008,0.271352358420259
"2022-12-19 20:00:00",0.920973636611159,0.148316695992679
"2022-12-19 21:00:00",0.618409553270506,-0.589955298369466
"2022-12-19 22:00:00",0.509665277602233,0.216428226042144
"2022-12-19 23:00:00",0.485910310811872,-0.183402319320928
"2022-12-20 00:00:00",1.00125080683446,0.956046371198172
"2022-12-20 01:00:00",1.33851005542602,-0.0925750739988467
"2022-12-20 02:00:00",1.14269075688012,-0.257067208673025
"2022-12-20 03:00:00",1.06259746075025,0.0402208327145517
"2022-12-20 04:00:00",1.43517757536517,0.575075196302177
"2022-12-20 05:00:00",2.06255999613181,0.63059114110141
"2022-12-20 06:00:00",2.57526229701492,0.407089980146592
"2022-12-20 07:00:00",2.69807647764467,-0.0758543369445193
"2022-12-20 08:00:00",2.61370935428043,-0.0895098764712947
"2022-12-20 09:00:00",2.45468448686799,-0.201178666034979
"2022-12-20 10:00:00",2.22233795313091,-0.24524689863683
"2022-12-20 11:00:00",2.11233564608355,-0.0174772267687004
"2022-12-20 12:00:00",2.3696464306267,0.425550504624636
"2022-12-20 13:00:00",3.0014299646479,0.736194431773799
"2022-12-20 14:00:00",3.3092786702796,0.00379331499867125
"2022-12-20 15:00:00",3.26501250328343,-0.0784661021422028
"2022-12-20 16:00:00",4.03206138381176,1.29005905297465
"2022-12-20 17:00:00",4.97044909158917,0.654156831458172
"2022-12-20 18:00:00",5.04155618519795,-0.327370020999717
"2022-12-20 19:00:00",4.46082224315373,-0.728540790121154
"2022-12-20 20:00:00",4.23280261811664,0.110742658903529
"2022-12-20 21:00:00",4.11311355608952,-0.273074435251573
"2022-12-20 22:00:00",3.76365998121332,-0.389066471187354
"2022-12-20 23:00:00",3.5045920200619,-0.16494284622021
"2022-12-21 00:00:00",3.42901448084225,-0.0169262812911919
"2022-12-21 01:00:00",3.4466030806343,0.0353437193170604
"2022-12-21 02:00:00",3.64889023297596,0.299527059121937
"2022-12-21 03:00:00",4.08164582820381,0.496306905538105
"2022-12-21 04:00:00",4.58347117518897,0.476398236758218
"2022-12-21 05:00:00",5.06283183320151,0.452650420762106
"2022-12-21 06:00:00",5.38802240018375,0.218241978277573
"2022-12-21 07:00:00",5.35123784877338,-0.211994366773013
"2022-12-21 08:00:00",4.86640931742933,-0.650571740187575
"2022-12-21 09:00:00",4.19394373730197,-0.661376928331501
"2022-12-21 10:00:00",3.3979177757027,-0.853368121405258
"2022-12-21 11:00:00",2.5161354729908,-0.863201583729135
"2022-12-21 12:00:00",2.0825510413835,-0.129816467913109
"2022-12-21 13:00:00",2.13511512749161,0.168967688244658
"2022-12-21 14:00:00",2.59213465237357,0.624582261133926
"2022-12-21 15:00:00",2.65773826858836,-0.313500167132994
"2022-12-21 16:00:00",2.8730590731103,0.554205501048148
"2022-12-21 17:00:00",3.3763113049481,0.441667526126014
"2022-12-21 18:00:00",3.67474981824459,0.184421813074329
"2022-12-21 19:00:00",4.31814702359723,0.914066537635495
"2022-12-21 20:00:00",4.51197710228029,-0.301094467168931
"2022-12-21 21:00:00",3.5522745602391,-1.35897683319102
"2022-12-21 22:00:00",2.65912146908296,-0.544744566042912
"2022-12-21 23:00:00",2.1545567281098,-0.457228584073991
"2022-12-22 00:00:00",1.69808649746376,-0.437049850707831
"2022-12-22 01:00:00",2.00493868922483,0.786008934498225
"2022-12-22 02:00:00",2.58187750207085,0.407561771900824
"2022-12-22 03:00:00",3.23487198400107,0.782256647537354
"2022-12-22 04:00:00",3.97953607237777,0.680048405281446
"2022-12-22 05:00:00",4.72765070242584,0.752813406657573
"2022-12-22 06:00:00",5.40356972935942,0.586445706176813
"2022-12-22 07:00:00",5.75176299349415,0.165852052200334
"2022-12-22 08:00:00",5.65678888914414,-0.271753856630006
"2022-12-22 09:00:00",5.14091236102304,-0.661397416150233
"2022-12-22 10:00:00",4.41175928996536,-0.746298415840627
"2022-12-22 11:00:00",3.91720186881127,-0.308916852438809
"2022-12-22 12:00:00",3.0932074697854,-1.13326562837556
"2022-12-22 13:00:00",2.6431978858018,0.0228850153539093
"2022-12-22 14:00:00",2.75965083589403,0.16989073577747
"2022-12-22 15:00:00",3.09815494421446,0.431269550766517
"2022-12-22 16:00:00",3.71981314414781,0.715048752624257
"2022-12-22 17:00:00",4.43779347953522,0.681023391777627
"2022-12-22 18:00:00",4.7902622654956,0.110968474562287
"2022-12-22 19:00:00",4.32980491604034,-0.825693530596836
"2022-12-22 20:00:00",3.28629636198451,-1.14470862614587
"2022-12-22 21:00:00",2.50505915150229,-0.506037848102536
"2022-12-22 22:00:00",1.90487479707318,-0.637655264183819
"2022-12-22 23:00:00",1.68710723045516,0.0700463928664829
"2022-12-23 00:00:00",1.69423761016773,-0.0373257498605432
"2022-12-23 01:00:00",2.16730815618909,0.788665793789101
"2022-12-23 02:00:00",2.71184699874803,0.353121374285919
"2022-12-23 03:00:00",3.00355176938198,0.233404963145294
"2022-12-23 04:00:00",3.20628129561935,0.16877564027355
"2022-12-23 05:00:00",3.49799796599572,0.35568218233233
"2022-12-23 06:00:00",3.80798748127224,0.260290244893065
"2022-12-23 07:00:00",4.32638979298536,0.660933012340848
"2022-12-23 08:00:00",4.54559122465664,-0.09127258706134
"2022-12-23 09:00:00",4.01948965733689,-0.796840072816412
"2022-12-23 10:00:00",3.48891304222297,-0.33303748222239
"2022-12-23 11:00:00",3.03339044552839,-0.520027615986198
"2022-12-23 12:00:00",2.33631755899006,-0.785885429178948
"2022-12-23 13:00:00",1.9589218693765,-0.090150769763718
"2022-12-23 14:00:00",1.9177299531707,-0.00912007725540642
"2022-12-23 15:00:00",1.73201813850147,-0.297083921192852
"2022-12-23 16:00:00",1.98867683980953,0.611386079420084
"2022-12-23 17:00:00",1.98693798425246,-0.412961871102974
"2022-12-23 18:00:00",1.92517016028371,0.172732389221117
"2022-12-23 19:00:00",2.26301515987644,0.429383268646614
"2022-12-23 20:00:00",2.68196511036739,0.389170178830491
"2022-12-23 21:00:00",2.93556875935409,0.147720439788731
"2022-12-23 22:00:00",3.06338133596294,0.104684559644088
"2022-12-23 23:00:00",3.11726899968167,0.0135154721018674
"2022-12-24 00:00:00",3.26323373806974,0.223309706254937
"2022-12-24 01:00:00",3.33288680739643,-0.0402978142354499
"2022-12-24 02:00:00",3.26237699848039,-0.0915949607385693
"2022-12-24 03:00:00",3.16455681509936,-0.101525794188916
"2022-12-24 04:00:00",3.09941842125599,-0.0418630366932093
"2022-12-24 05:00:00",3.11871570631218,0.0551592517240636
"2022-12-24 06:00:00",3.21143175136916,0.109328913528998
"2022-12-24 07:00:00",3.12006264833416,-0.224961954082987
"2022-12-24 08:00:00",2.76199511434301,-0.433808446769398
"2022-12-24 09:00:00",2.09711892202207,-0.790883356638539
"2022-12-24 10:00:00",1.40163242151413,-0.601542938732275
"2022-12-24 11:00:00",1.41125663320649,0.414798614796772
"2022-12-24 12:00:00",2.01516548926877,0.699464318463739
"2022-12-24 13:00:00",2.8474954616503,0.878757058347729
"2022-12-24 14:00:00",3.49110332829059,0.452591287423711
"2022-12-24 15:00:00",3.73693422022156,0.0918126126787632
"2022-12-24 16:00:00",3.52142444778206,-0.414962409193538
"2022-12-24 17:00:00",3.54118343142169,0.304091718236054
"2022-12-24 18:00:00",3.63938507003997,-0.0482857256387959
"2022-12-24 19:00:00",3.63450915601285,0.0196054755373813
"2022-12-24 20:00:00",3.51587005664467,-0.20984634972351
"2022-12-24 21:00:00",3.40372673758633,-0.0462106231571634
"2022-12-24 22:00:00",3.6684735185463,0.455081587109855
"2022-12-24 23:00:00",4.59881588110568,1.19824107154215
"2022-12-25 00:00:00",5.1710902728061,0.121850203324328
"2022-12-25 01:00:00",5.45742514840652,0.375719575792165
"2022-12-25 02:00:00",5.6957812792986,0.128423105116882
"2022-12-25 03:00:00",5.84227985170829,0.144247603203514
"2022-12-25 04:00:00",5.93434362370024,0.0453719918291455
"2022-12-25 05:00:00",5.86469908747823,-0.150658430703912
"2022-12-25 06:00:00",5.95548512844829,0.239874980109766
"2022-12-25 07:00:00",5.66339602328685,-0.640520157204375
"2022-12-25 08:00:00",4.79787282615841,-0.981691408614182
"2022-12-25 09:00:00",3.92625284060008,-0.763003974328501
"2022-12-25 10:00:00",3.41207708892773,-0.328919126186463
"2022-12-25 11:00:00",3.05773111032012,-0.35885542144497
"2022-12-25 12:00:00",2.87380506178224,-0.0625085700771394
"2022-12-25 13:00:00",2.92371029260474,0.118771860263104
"2022-12-25 14:00:00",3.01932235031125,0.071861546547812
"2022-12-25 15:00:00",3.00720124115128,-0.0714232978326592
"2022-12-25 16:00:00",3.44408762303785,0.75111814473843
"2022-12-25 17:00:00",4.34833442033373,0.958923576449241
"2022-12-25 18:00:00",5.30953480860962,0.911439367729963
"2022-12-25 19:00:00",6.05366412626868,0.590388780149651
"2022-12-25 20:00:00",6.72319418729514,0.682673659347228
"2022-12-25 21:00:00",7.49346867911435,0.783407631715545
"2022-12-25 22:00:00",8.30871830449235,0.788081072875551
"2022-12-25 23:00:00",9.04025642503343,0.648374656908476
"2022-12-26 00:00:00",10.0064396749523,1.12049042032893
"2022-12-26 01:00:00",10.3268524381172,-0.241083385016214
"2022-12-26 02:00:00",10.0578874836907,-0.288078448386925
"2022-12-26 03:00:00",10.030777642849,0.135193980981532
"2022-12-26 04:00:00",10.0862922657436,-0.0131676864932338
"2022-12-26 05:00:00",10.35584554262,0.432224581074393
"2022-12-26 06:00:00",10.7731694654108,0.374214856529695
"2022-12-26 07:00:00",10.9504964668286,0.0237619265737589
"2022-12-26 08:00:00",10.6195746658338,-0.565759191612281
"2022-12-26 09:00:00",9.89145028333332,-0.815450347696498
"2022-12-26 10:00:00",8.95252388063444,-0.989371281311934
"2022-12-26 11:00:00",8.06904674226841,-0.782436154433262
"2022-12-26 12:00:00",7.50745436246186,-0.398076916018259
"2022-12-26 13:00:00",7.12328785429795,-0.366311787220656
"2022-12-26 14:00:00",7.04368204883648,0.106132062488872
"2022-12-26 15:00:00",6.94960729910449,-0.23214978721497
"2022-12-26 16:00:00",6.97377854663343,0.184945211837217
"2022-12-26 17:00:00",7.29618571104625,0.389739954540164
"2022-12-26 18:00:00",7.44057939424974,-0.0354310599126722
"2022-12-26 19:00:00",7.11195892271147,-0.518048838625081
"2022-12-26 20:00:00",6.05986351780304,-1.36728997038868
"2022-12-26 21:00:00",5.27052573138917,-0.374342735532817
"2022-12-26 22:00:00",5.10521136019452,-0.0249004286590056
"2022-12-26 23:00:00",4.96129657203255,-0.222996167682532
"2022-12-27 00:00:00",4.18782502997806,-1.11008715377825
"2022-12-27 01:00:00",3.4896145172103,-0.395848627083873
"2022-12-27 02:00:00",2.57290906645775,-1.22487290955024
"2022-12-27 03:00:00",1.90696023081204,-0.265009066265941
"2022-12-27 04:00:00",1.79212200939437,-0.0117262800031335
"2022-12-27 05:00:00",1.89188109625133,0.167031599616317
"2022-12-27 06:00:00",2.07261845877744,0.17884799024546
"2022-12-27 07:00:00",2.04825985110582,-0.161340643823616
"2022-12-27 08:00:00",1.95476093136772,-0.0464682386616277
"2022-12-27 09:00:00",1.98365468081414,0.0752423164219974
"2022-12-27 10:00:00",2.15477364329274,0.224348053747
"2022-12-27 11:00:00",2.00916454966813,-0.38810040252346
"2022-12-27 12:00:00",1.60848661442805,-0.392611858009491
"2022-12-27 13:00:00",1.52428063355115,0.123323185603521
"2022-12-27 14:00:00",1.38624045083414,-0.307684082391605
"2022-12-27 15:00:00",0.848642405206373,-0.667111418992468
"2022-12-27 16:00:00",0.485853578853055,-0.143764593808143
"2022-12-27 17:00:00",0.441569890814746,0.0235140578849142
"2022-12-27 18:00:00",0.367734680322329,-0.135794028562447
"2022-12-27 19:00:00",0.387973208810004,0.122822890965516
"2022-12-27 20:00:00",0.255961695126783,-0.296125082191225
"2022-12-27 21:00:00",0.0679580589318664,-0.107319910292021
"2022-12-27 22:00:00",0.501911009316604,0.774086686343932
"2022-12-27 23:00:00",1.42369702733157,0.975801134600812
"2022-12-28 00:00:00",2.11657334064114,0.469503348520841
"2022-12-28 01:00:00",2.70865901797006,0.642942909916194
"2022-12-28 02:00:00",3.17928441196423,0.329894810245048
"2022-12-28 03:00:00",3.35824133167699,0.0657326311205535
"2022-12-28 04:00:00",3.14210112154217,-0.398108831219846
"2022-12-28 05:00:00",3.01511143586018,0.0557389252654577
"2022-12-28 06:00:00",3.30687093521583,0.431354404599704
"2022-12-28 07:00:00",3.87610966214382,0.629848976118999
"2022-12-28 08:00:00",4.14547964619421,0.0112596933632309
"2022-12-28 09:00:00",3.93679936798771,-0.350729940743028
"2022-12-28 10:00:00",3.36115604984939,-0.703301776206194
"2022-12-28 11:00:00",2.95162046903969,-0.198565065838575
"2022-12-28 12:00:00",3.04602045097115,0.28141743925485
"2022-12-28 13:00:00",3.53241804313771,0.596010326943075
"2022-12-28 14:00:00",4.03133066407871,0.405922046003957
"2022-12-28 15:00:00",4.58562082444599,0.621666296679736
"2022-12-28 16:00:00",5.20302919848895,0.579321946835717
"2022-12-28 17:00:00",5.79013901130151,0.557697953959905
"2022-12-28 18:00:00",6.28731593023293,0.425743568991506
"2022-12-28 19:00:00",6.62564194141321,0.255869782291358
"2022-12-28 20:00:00",6.63062049972529,-0.171053780481422
"2022-12-28 21:00:00",6.64202779183412,0.123959694274221
"2022-12-28 22:00:00",6.79409590294945,0.155021671797504
"2022-12-28 23:00:00",6.90786380800607,0.0721048388468683
"2022-12-29 00:00:00",7.21729310986505,0.444037610265944
"2022-12-29 01:00:00",7.79854452037727,0.635804864546483
"2022-12-29 02:00:00",8.46778230780406,0.649675105754316
"2022-12-29 03:00:00",8.94217228779024,0.324080951220451
"2022-12-29 04:00:00",9.35779534070134,0.44537710408547
"2022-12-29 05:00:00",9.92174767760091,0.604144088438011
"2022-12-29 06:00:00",10.4564792662125,0.45026214900519
"2022-12-29 07:00:00",10.6700330621138,0.0321287829399966
"2022-12-29 08:00:00",10.6089728362873,-0.134032996567966
"2022-12-29 09:00:00",10.6301688980684,0.110002451242652
"2022-12-29 10:00:00",10.6212376705978,-0.10149258898174
"2022-12-29 11:00:00",10.7823369952071,0.314815822996309
"2022-12-29 12:00:00",9.73404178920392,-1.92110028296824
"2022-12-29 13:00:00",8.31866634027429,-1.02351677321025
"2022-12-29 14:00:00",8.20819753154523,0.492749550470165
"2022-12-29 15:00:00",8.27279722356778,-0.234475503602629
"2022-12-29 16:00:00",8.39635740515347,0.345714811127197
"2022-12-29 17:00:00",8.86848587994576,0.523148074175335
"2022-12-29 18:00:00",9.01704464511072,-0.119650527203491
"2022-12-29 19:00:00",8.38401096346164,-0.956821301088029
"2022-12-29 20:00:00",7.65059299833324,-0.560436976127225
"2022-12-29 21:00:00",7.46844210451371,0.0688327356319365
"2022-12-29 22:00:00",7.42678483351784,-0.122960305037733
"2022-12-29 23:00:00",7.33503020731788,-0.0761611938556513
"2022-12-30 00:00:00",7.16985306437683,-0.226122881800873
"2022-12-30 01:00:00",7.24879675065808,0.269327564459258
"2022-12-30 02:00:00",7.26708722918795,-0.159274668386173
"2022-12-30 03:00:00",6.8686945021296,-0.548235041104703
"2022-12-30 04:00:00",6.44595865770424,-0.327833962362752
"2022-12-30 05:00:00",6.18713097341706,-0.20883118592795
"2022-12-30 06:00:00",5.67839654064254,-0.692464526474027
"2022-12-30 07:00:00",4.88337077261983,-0.83293681640399
"2022-12-30 08:00:00",4.31971392839667,-0.363647977906613
"2022-12-30 09:00:00",4.42345294060837,0.40482909407802
"2022-12-30 10:00:00",4.95997193849152,0.593115702340244
"2022-12-30 11:00:00",5.13233130604345,-0.122721916809331
"2022-12-30 12:00:00",5.29753407106494,0.342685477973839
"2022-12-30 13:00:00",5.27943067232191,-0.264591366635873
"2022-12-30 14:00:00",4.91232475313733,-0.424806212575322
"2022-12-30 15:00:00",4.58247413796495,-0.257203665139217
"2022-12-30 16:00:00",4.79330841286557,0.506930626334757
"2022-12-30 17:00:00",5.47898247168527,0.766074905158533
"2022-12-30 18:00:00",6.11636396996163,0.514239192452924
"2022-12-30 19:00:00",6.76910279300862,0.706171099420513
"2022-12-30 20:00:00",7.66991062326374,0.979035011076958
"2022-12-30 21:00:00",8.49288247520865,0.669940998383217
"2022-12-30 22:00:00",9.18689531418531,0.666137525921527
"2022-12-30 23:00:00",10.1584932818316,1.11722691426726
"2022-12-31 00:00:00",10.224517629099,-0.650993137993805
"2022-12-31 01:00:00",10.1588366788745,0.314466424006923
"2022-12-31 02:00:00",10.6014548818911,0.49392771239444
"2022-12-31 03:00:00",11.4991463924432,1.11054411193059
"2022-12-31 04:00:00",12.408578809185,0.717326826659615
"2022-12-31 05:00:00",13.1415771892797,0.69262465319613
"2022-12-31 06:00:00",13.9534590978246,0.835871115381251
"2022-12-31 07:00:00",14.6264264735827,0.51440737539905
"2022-12-31 08:00:00",15.30750655431,0.740981301466063
"2022-12-31 09:00:00",15.4671745121398,-0.255180222804861
"2022-12-31 10:00:00",15.3102169335222,-0.10394933364716
"2022-12-31 11:00:00",15.037235290405,-0.392424710504746
"2022-12-31 12:00:00",14.9370995277571,0.0801017119137192
"2022-12-31 13:00:00",15.1240967397152,0.230125804810691
"2022-12-31 14:00:00",15.8083987011081,0.935074510997997
"2022-12-31 15:00:00",16.2293073582666,0.0377652751724992
"2022-12-31 16:00:00",16.7590901812218,0.811701020631928
"2022-12-31 17:00:00",17.5693210251434,0.749153403120363
"2022-12-31 18:00:00",18.2711491976378,0.614288378031141
"2022-12-31 19:00:00",18.3462021746926,-0.311541803687031
"2022-12-31 20:00:00",18.0427661289437,-0.307254048909521
"2022-12-31 21:00:00",17.7264068113199,-0.330646032582067
"2022-12-31 22:00:00",17.3229574976931,-0.455654532161567
"2022-12-31 23:00:00",17.1356541483915,-0.0218273388700223
"2023-01-01 00:00:00",17.6358199541344,0.802306863799693
"2023-01-01 01:00:00",18.3004567344877,0.518549723340215
"2023-01-01 02:00:00",18.6148114845642,0.139707245361046
"2023-01-01 03:00:00",18.8375218963316,0.243474899629295
"2023-01-01 04:00:00",19.0816760914646,0.20873105201025
"2023-01-01 05:00:00",18.560345227394,-1.00784583487904
"2023-01-01 06:00:00",18.0547222063983,-0.170703372705731
"2023-01-01 07:00:00",17.8904972068999,-0.175367527085915
"2023-01-01 08:00:00",17.5925036575971,-0.388636003243913
"2023-01-01 09:00:00",16.9535587394525,-0.798122078009902
"2023-01-01 10:00:00",16.0912542340066,-0.885962192989805
"2023-01-01 11:00:00",15.2599773334778,-0.77605403155206
"2023-01-01 12:00:00",14.7336108048677,-0.354562349448643
"2023-01-01 13:00:00",14.401535412801,-0.320289998217405
"2023-01-01 14:00:00",14.2080922181046,-0.118245548605307
"2023-01-01 15:00:00",13.6664575366856,-0.816459684041933
"2023-01-01 16:00:00",13.0332883738636,-0.498500294406733
"2023-01-01 17:00:00",12.1190361508255,-1.16476544911333
"2023-01-01 18:00:00",11.9292424872633,0.453578871032047
"2023-01-01 19:00:00",12.724417099223,0.9697430985078
"2023-01-01 20:00:00",12.9949784571762,-0.224805450426649
"2023-01-01 21:00:00",13.1530507753923,0.389063079936219
"2023-01-01 22:00:00",13.4090579026424,0.138190400704974
"2023-01-01 23:00:00",13.3174079664646,-0.257797943890223
"2023-01-02 00:00:00",12.7968914304689,-0.688085444995651
"2023-01-02 01:00:00",12.4469238317129,-0.124419296315155
"2023-01-02 02:00:00",12.7378194856477,0.537905378974839
"2023-01-02 03:00:00",13.4244916758084,0.73680426729932
"2023-01-02 04:00:00",14.2132975940288,0.768690807503215
"2023-01-02 05:00:00",14.5033092213107,-0.0611987892881464
"2023-01-02 06:00:00",14.7021172340467,0.344006819431893
"2023-01-02 07:00:00",14.9930777704167,0.222825603747095
"2023-01-02 08:00:00",14.4248904255134,-1.08784051043685
"2023-01-02 09:00:00",13.7012706421157,-0.465011975472476
"2023-01-02 10:00:00",13.3713335215571,-0.241865737873594
"2023-01-02 11:00:00",13.2616042492322,-0.0336557626256436
"2023-01-02 12:00:00",13.2388709141479,-0.0314604118948315
"2023-01-02 13:00:00",13.2671314881511,0.0496714155889953
"2023-01-02 14:00:00",13.4240854238192,0.20392008823888
"2023-01-02 15:00:00",13.7100894904673,0.309836846084102
"2023-01-02 16:00:00",13.6071174097117,-0.390946972685133
"2023-01-02 17:00:00",13.1817208070915,-0.445682133341512
"2023-01-02 18:00:00",12.6862811337841,-0.522053738899167
"2023-01-02 19:00:00",11.9607072342117,-0.843120393594706
"2023-01-02 20:00:00",11.0584785909659,-0.914172666722131
"2023-01-02 21:00:00",10.3046084917522,-0.625430012884015
"2023-01-02 22:00:00",9.81881492621601,-0.382898050506864
"2023-01-02 23:00:00",9.63218827444352,-0.0595653689390864
"2023-01-03 00:00:00",9.10951467397352,-0.818982082936851
"2023-01-03 01:00:00",8.39244846743581,-0.626787393623413
"2023-01-03 02:00:00",7.79636495778181,-0.558103567143894
"2023-01-03 03:00:00",7.1648085342775,-0.660559372978059
"2023-01-03 04:00:00",6.55027532942316,-0.563879929847698
"2023-01-03 05:00:00",6.16921428656313,-0.249516726347923
"2023-01-03 06:00:00",5.9017912538059,-0.274602220543608
"2023-01-03 07:00:00",5.47764264107999,-0.511294274658343
"2023-01-03 08:00:00",5.00453906307202,-0.432220432652116
"2023-01-03 09:00:00",4.40448547536205,-0.689875132122458
"2023-01-03 10:00:00",3.72449180595111,-0.646768877720229
"2023-01-03 11:00:00",3.20782796857008,-0.410176441044021
"2023-01-03 12:00:00",3.22578434343056,0.298386556983332
"2023-01-03 13:00:00",3.41415546697002,0.101920735138729
"2023-01-03 14:00:00",3.32513765453287,-0.216477421566087
"2023-01-03 15:00:00",1.56000101314131,-2.71796526158718
"2023-01-03 16:00:00",-0.33013685428381,-1.25045434455161
"2023-01-03 17:00:00",-1.05664822748327,-0.342273199298207
"2023-01-03 18:00:00",-0.86986128076137,0.531973342980549
"2023-01-03 19:00:00",0.731468062537406,2.23924804636457
"2023-01-03 20:00:00",2.43759222654503,1.26869776246677
"2023-01-03 21:00:00",3.17474673370732,0.344628150271675
"2023-01-03 22:00:00",3.37268712325914,0.0866532378679209
"2023-01-03 23:00:00",3.01834177935238,-0.635847193745403
"2023-01-04 00:00:00",2.80579611736903,0.0758611982209473
"2023-01-04 01:00:00",2.83486650810831,-0.00711989635981873
"2023-01-04 02:00:00",2.91421681457365,0.129572461316591
"2023-01-04 03:00:00",3.05882188604748,0.143999854956285
"2023-01-04 04:00:00",3.31201850206167,0.310019900664788
"2023-01-04 05:00:00",3.86643933755986,0.686738462410854
"2023-01-04 06:00:00",4.63240522384223,0.777402792206335
"2023-01-04 07:00:00",5.46689831812538,0.826928779391752
"2023-01-04 08:00:00",5.92928370626111,0.19034369253505
"2023-01-04 09:00:00",5.90751866691549,-0.169774657863727
"2023-01-04 10:00:00",5.58827185753541,-0.411335224959424
"2023-01-04 11:00:00",5.35679486261645,-0.107774920652033
"2023-01-04 12:00:00",5.0589675246894,-0.417276985745277
"2023-01-04 13:00:00",5.22257060333981,0.53655662963456
"2023-01-04 14:00:00",5.81777024151007,0.599281030099214
"2023-01-04 15:00:00",6.76408150177551,1.12519597852344
"2023-01-04 16:00:00",7.86733550687907,1.02748418302188
"2023-01-04 17:00:00",8.8858100199381,0.953933099481814
"2023-01-04 18:00:00",9.89390540565295,0.984848705062084
"2023-01-04 19:00:00",10.5599967584158,0.409188568393996
"2023-01-04 20:00:00",11.1558120293567,0.678310644123935
"2023-01-04 21:00:00",11.0682356918056,-0.608372783913382
"2023-01-04 22:00:00",10.8598425091237,0.0538956053561729
"2023-01-04 23:00:00",10.7260490215056,-0.266553598919224
"2023-01-05 00:00:00",10.7349904196729,0.178355194165646
"2023-01-05 01:00:00",10.451627778978,-0.591537176754144
"2023-01-05 02:00:00",10.2084083182892,-0.0129218663946924
"2023-01-05 03:00:00",10.3178790037773,0.172707853140024
"2023-01-05 04:00:00",10.0534761149876,-0.556536440907992
"2023-01-05 05:00:00",10.0084955895459,0.285233564556833
"2023-01-05 06:00:00",9.97316055061566,-0.260261632803895
"2023-01-05 07:00:00",9.72107052251753,-0.247514598922771
"2023-01-05 08:00:00",9.07852586498009,-0.887886796574828
"2023-01-05 09:00:00",8.28396864719925,-0.706280251381463
"2023-01-05 10:00:00",7.63011469996336,-0.598507635479768
"2023-01-05 11:00:00",6.97171840265285,-0.676866960438425
"2023-01-05 12:00:00",6.58936103083064,-0.176835315704731
"2023-01-05 13:00:00",6.50556939740503,-0.0262728582222345
"2023-01-05 14:00:00",6.28413832762323,-0.349395130317869
"2023-01-05 15:00:00",5.6532698670755,-0.796633423699179
"2023-01-05 16:00:00",5.15991767032037,-0.275009130859627
"2023-01-05 17:00:00",5.22606987808051,0.283796696215374
"2023-01-05 18:00:00",5.4987649475977,0.245601524887208
"2023-01-05 19:00:00",5.66204019441347,0.0935475701924716
"2023-01-05 20:00:00",5.69959184081132,-0.00885884863683232
"2023-01-05 21:00:00",5.46780989402383,-0.376725172514273
"2023-01-05 22:00:00",4.9067110564411,-0.664395275661199
"2023-01-05 23:00:00",4.21129173113037,-0.689378562485925
"2023-01-06 00:00:00",4.10660420324245,0.284647935446544
"2023-01-06 01:00:00",3.97446062023737,-0.409012270737854
"2023-01-06 02:00:00",3.95400097214937,0.234421809963306
"2023-01-06 03:00:00",4.25159487777724,0.320471344341009
"2023-01-06 04:00:00",4.65889598297321,0.440353360176895
"2023-01-06 05:00:00",5.27608975754985,0.699753306008335
"2023-01-06 06:00:00",5.91163754011141,0.555745255678046
"2023-01-06 07:00:00",6.26459682813423,0.193380820150424
"2023-01-06 08:00:00",6.57420699711575,0.364310082786539
"2023-01-06 09:00:00",6.80512411964037,0.122545458413764
"2023-01-06 10:00:00",6.83226628695146,-0.0465177828808365
"2023-01-06 11:00:00",7.01705757434004,0.321409534753283
"2023-01-06 12:00:00",7.23384275942664,0.127693155637496
"2023-01-06 13:00:00",7.40168272574541,0.17730690856564
"2023-01-06 14:00:00",7.88189733714725,0.649792399290007
"2023-01-06 15:00:00",8.1511692904044,-0.00735626300053427
"2023-01-06 16:00:00",8.08699809212434,-0.109501368460876
"2023-01-06 17:00:00",8.0378688303363,-0.0169681508808384
"2023-01-06 18:00:00",7.86275847982866,-0.282573132244592
"2023-01-06 19:00:00",7.6315867322381,-0.196051520794053
"2023-01-06 20:00:00",7.05991838475335,-0.804744047743452
"2023-01-06 21:00:00",6.36520572529418,-0.59744472211191
"2023-01-06 22:00:00",6.02869994009571,-0.154761073416008
"2023-01-06 23:00:00",5.88966783403829,-0.129708145325414
"2023-01-07 00:00:00",6.03275624369067,0.310560834650703
"2023-01-07 01:00:00",5.81469790224433,-0.567876957278999
"2023-01-07 02:00:00",4.84802215359863,-1.19409409783446
"2023-01-07 03:00:00",4.73148195859765,0.601107700556333
"2023-01-07 04:00:00",5.21187525587276,0.370993441545651
"2023-01-07 05:00:00",5.42573582935936,0.0922285828102897
"2023-01-07 06:00:00",6.62296196051481,1.86999571029658
"2023-01-07 07:00:00",7.99890882263447,0.972668102616956
"2023-01-07 08:00:00",8.33037494140465,-0.122053057803397
"2023-01-07 09:00:00",8.15081386118179,-0.220100971283993
"2023-01-07 10:00:00",7.97334666935854,-0.151115129194198
"2023-01-07 11:00:00",7.93914261113861,0.0350862728056545
"2023-01-07 12:00:00",7.67858625351992,-0.455496985583221
"2023-01-07 13:00:00",7.7872073801184,0.469637309471165
"2023-01-07 14:00:00",7.91169590811453,-0.121556944949449
"2023-01-07 15:00:00",7.19296430981785,-1.09288261488522
"2023-01-07 16:00:00",6.3513144703939,-0.643438317861105
"2023-01-07 17:00:00",6.13551499202479,0.0713586365868376
"2023-01-07 18:00:00",6.13953340563957,-0.0489714595424198
"2023-01-07 19:00:00",5.99383300428982,-0.211173058671163
"2023-01-07 20:00:00",6.28422626475903,0.603242223903636
"2023-01-07 21:00:00",6.72949537539311,0.310698754170998
"2023-01-07 22:00:00",6.81520710078988,-0.0770216552505054
"2023-01-07 23:00:00",6.31535137734507,-0.766769558893846
"2023-01-08 00:00:00",6.20700396289972,0.32760392426335
"2023-01-08 01:00:00",6.1983976109091,-0.240332095831833
"2023-01-08 02:00:00",5.86362899756269,-0.389804465901142
"2023-01-08 03:00:00",5.5158174755046,-0.310844766409441
"2023-01-08 04:00:00",5.9732331193373,0.94073683382727
"2023-01-08 05:00:00",7.43877612604823,1.73806912830475
"2023-01-08 06:00:00",8.72372959133705,0.912235727576518
"2023-01-08 07:00:00",9.08472590215632,-0.0348860918626074
"2023-01-08 08:00:00",8.67695009694776,-0.648694037721623
"2023-01-08 09:00:00",7.9993915257104,-0.675785200504421
"2023-01-08 10:00:00",7.29312397249114,-0.70333537898434
"2023-01-08 11:00:00",6.31452435903274,-1.12500146307159
"2023-01-08 12:00:00",5.23850536611194,-1.00036970271601
"2023-01-08 13:00:00",5.13904624763908,0.499113699351929
"2023-01-08 14:00:00",5.70967491008374,0.584566438392596
"2023-01-08 15:00:00",6.21016423074591,0.41329846363894
"2023-01-08 16:00:00",6.62242265133279,0.383972424522118
"2023-01-08 17:00:00",6.88864703849052,0.166542586267411
"2023-01-08 18:00:00",7.10972595765992,0.238053650892423
"2023-01-08 19:00:00",6.97725387247573,-0.382351638989915
"2023-01-08 20:00:00",6.68415489709374,-0.228661189894145
"2023-01-08 21:00:00",6.31446536053188,-0.454752608193557
"2023-01-08 22:00:00",5.95119820952973,-0.29315244863521
"2023-01-08 23:00:00",5.81073446239508,-0.0396669419477079
"2023-01-09 00:00:00",5.69941631574879,-0.161282729035035
"2023-01-09 01:00:00",5.47996265288617,-0.255149575671305
"2023-01-09 02:00:00",5.27159246976559,-0.174344287643805
"2023-01-09 03:00:00",5.19834217762558,-0.00916757914030009
"2023-01-09 04:00:00",5.43856711729364,0.388369911495771
"2023-01-09 05:00:00",6.19164733286732,0.953422304991214
"2023-01-09 06:00:00",6.91400246544935,0.526008574539743
"2023-01-09 07:00:00",7.14524600200798,0.0148389365996738
"2023-01-09 08:00:00",6.9266264056832,-0.373074656554588
"2023-01-09 09:00:00",6.21846349129131,-0.906825482757874
"2023-01-09 10:00:00",5.32884989876559,-0.843878411960134
"2023-01-09 11:00:00",4.9466100157946,-0.0631890072086789
"2023-01-09 12:00:00",5.16861591682258,0.395208866826229
"2023-01-09 13:00:00",5.29901264150568,-0.0589983425393413
"2023-01-09 14:00:00",5.18825277236245,-0.146832016841071
"2023-01-09 15:00:00",4.05281940854054,-1.74722027968564
"2023-01-09 16:00:00",2.848692425355,-0.790074013315252
"2023-01-09 17:00:00",2.99436917091527,0.758906757557805
"2023-01-09 18:00:00",3.61286272340106,0.491637384920646
"2023-01-09 19:00:00",3.97597139979441,0.2555141096033
"2023-01-09 20:00:00",4.10368550257104,0.0313232274800241
"2023-01-09 21:00:00",3.99849658514643,-0.196484956575185
"2023-01-09 22:00:00",3.83142435200445,-0.144677362604011
"2023-01-09 23:00:00",4.16562319326667,0.632626174313608
"2023-01-10 00:00:00",4.99153486726207,0.910151898965851
"2023-01-10 01:00:00",5.50900103503904,0.224658377515607
"2023-01-10 02:00:00",5.20759742144208,-0.644882045825645
"2023-01-10 03:00:00",4.73201740870744,-0.346825130167682
"2023-01-10 04:00:00",4.86892980443731,0.446794980120924
"2023-01-10 05:00:00",5.71580103686986,1.06706736529724
"2023-01-10 06:00:00",6.35864178071169,0.322115043480752
"2023-01-10 07:00:00",6.45157048077275,-0.0724692420112509
"2023-01-10 08:00:00",6.15361025381103,-0.44243959533773
"2023-01-10 09:00:00",5.709833021946,-0.431510481042925
"2023-01-10 10:00:00",5.22452897855514,-0.505462141614431
"2023-01-10 11:00:00",4.64431363120705,-0.609210820035475
"2023-01-10 12:00:00",4.52560778391205,0.207948121342816
"2023-01-10 13:00:00",4.59416542207661,-0.0334572725774263
"2023-01-10 14:00:00",4.59442807089543,0.0168097138039963
"2023-01-10 15:00:00",4.00668815923583,-0.968757517040301
"2023-01-10 16:00:00",3.19190707534801,-0.678576991850011
"2023-01-10 17:00:00",2.92739594851655,0.0199844363327723
"2023-01-10 18:00:00",2.67777786341403,-0.421260598719585
"2023-01-10 19:00:00",2.65337556718924,0.237874439949395
"2023-01-10 20:00:00",2.77446687725056,0.0340638972760731
"2023-01-10 21:00:00",2.73884487325573,-0.0839609171051487
"2023-01-10 22:00:00",2.7622534375547,0.0903453846170144
"2023-01-10 23:00:00",2.94728055055349,0.235795400613313
"2023-01-11 00:00:00",3.24094322967876,0.314487697783923
"2023-01-11 01:00:00",3.7608088152967,0.627901918344587
"2023-01-11 02:00:00",4.3622029307771,0.550298522062505
"2023-01-11 03:00:00",4.65144095161105,0.0958351092283015
"2023-01-11 04:00:00",5.17580784077547,0.779138507268661
"2023-01-11 05:00:00",5.81984624313613,0.516699374452976
"2023-01-11 06:00:00",6.31796807807516,0.454567160076938
"2023-01-11 07:00:00",6.77475093373631,0.428412627212353
"2023-01-11 08:00:00",6.89237224027846,-0.103888606946842
"2023-01-11 09:00:00",6.4169568405158,-0.709385786511924
"2023-01-11 10:00:00",5.99286885312797,-0.222009145052359
"2023-01-11 11:00:00",5.95527127351084,0.0794056131238732
"2023-01-11 12:00:00",5.1463596336091,-1.37034810283678
"2023-01-11 13:00:00",4.59090435453858,0.0075607178753514
"2023-01-11 14:00:00",4.97719749562169,0.614504932408339
"2023-01-11 15:00:00",5.7221668036239,0.790130029892788
"2023-01-11 16:00:00",6.55580406581751,0.815654127144519
"2023-01-11 17:00:00",7.27530010212222,0.612753956700596
"2023-01-11 18:00:00",7.82723046707826,0.47577969327157
"2023-01-11 19:00:00",8.29021317431072,0.422364751708899
"2023-01-11 20:00:00",8.20822280042767,-0.425008041121563
"2023-01-11 21:00:00",7.64656784434705,-0.636638956553684
"2023-01-11 22:00:00",6.99591088538072,-0.638936669443478
"2023-01-11 23:00:00",6.38436486805415,-0.573240518024536
"2023-01-12 00:00:00",6.17499840141482,0.0349342272565262
"2023-01-12 01:00:00",6.25650003877291,0.100716070962575
"2023-01-12 02:00:00",6.26196691046879,-0.0663534016246368
"2023-01-12 03:00:00",6.77753226517861,0.870936154376041
"2023-01-12 04:00:00",7.65626024575186,0.833432356135351
"2023-01-12 05:00:00",8.15932421786702,0.249051006982846
"2023-01-12 06:00:00",8.6215486365573,0.57185894632003
"2023-01-12 07:00:00",8.90126844530941,0.0605618816064732
"2023-01-12 08:00:00",8.63310380459045,-0.486039074082098
"2023-01-12 09:00:00",8.23301816186261,-0.334897091564588
"2023-01-12 10:00:00",7.69635787856822,-0.656274082832876
"2023-01-12 11:00:00",7.10821395522795,-0.524693857145908
"2023-01-12 12:00:00",6.3640503587451,-0.8642717196053
"2023-01-12 13:00:00",6.3280813192615,0.509731947357214
"2023-01-12 14:00:00",7.1649193791317,1.00698476912631
"2023-01-12 15:00:00",8.10576613557587,0.842814376558647
"2023-01-12 16:00:00",8.79953500975481,0.550994380278119
"2023-01-12 17:00:00",9.68914644255991,1.06173951107266
"2023-01-12 18:00:00",10.4359283978265,0.488841811665226
"2023-01-12 19:00:00",10.7427506192275,0.157450193256425
"2023-01-12 20:00:00",10.7991040320069,-0.0275642407846836
"2023-01-12 21:00:00",10.5062325546219,-0.469738591573208
"2023-01-12 22:00:00",10.3753939236324,0.0877699375533772
"2023-01-12 23:00:00",10.4633961293431,0.0706055528344638
"2023-01-13 00:00:00",10.678693207276,0.288042598008154
"2023-01-13 01:00:00",10.8894981785981,0.135536256623289
"2023-01-13 02:00:00",10.8148437862236,-0.225263753310922
"2023-01-13 03:00:00",10.7187062473007,-0.0194224182848792
"2023-01-13 04:00:00",10.7851576544192,0.106729849581895
"2023-01-13 05:00:00",10.990190378134,0.246926134461321
"2023-01-13 06:00:00",11.1822587180209,0.132208219745216
"2023-01-13 07:00:00",10.9727504563835,-0.441769108829474
"2023-01-13 08:00:00",10.3514986609823,-0.725522848841656
"2023-01-13 09:00:00",9.83103825361697,-0.372361376930481
"2023-01-13 10:00:00",9.20921465678629,-0.771248506557804
"2023-01-13 11:00:00",8.83110590263392,-0.10991948693987
"2023-01-13 12:00:00",7.96085094668632,-1.34716246538839
"2023-01-13 13:00:00",7.3820936061802,-0.0492520610052576
"2023-01-13 14:00:00",7.3703555769373,0.00431615226552975
"2023-01-13 15:00:00",7.14044537441509,-0.38463068820716
"2023-01-13 16:00:00",6.95223999249635,-0.0575151401972046
"2023-01-13 17:00:00",6.63665901817206,-0.481584375546904
"2023-01-13 18:00:00",6.67933110330963,0.381590762023441
"2023-01-13 19:00:00",7.33489074305576,0.798443739918619
"2023-01-13 20:00:00",7.6470021200291,-0.0363877559078179
"2023-01-13 21:00:00",7.85139092122442,0.345337473409099
"2023-01-13 22:00:00",8.22888048052004,0.37086859136635
"2023-01-13 23:00:00",8.42514839753858,0.0599392110028691
"2023-01-14 00:00:00",8.30129468329434,-0.251351419725649
"2023-01-14 01:00:00",8.14204429165988,-0.100980280493956
"2023-01-14 02:00:00",7.78191551379293,-0.526270236031455
"2023-01-14 03:00:00",7.73440726416636,0.263890829634363
"2023-01-14 04:00:00",8.17407905347648,0.525997669721951
"2023-01-14 05:00:00",8.55212710416646,0.250918956201922
"2023-01-14 06:00:00",8.57504992889274,-0.141181537575644
"2023-01-14 07:00:00",8.25778534185973,-0.430624864343172
"2023-01-14 08:00:00",7.77211381931876,-0.509930821765983
"2023-01-14 09:00:00",7.32392897129391,-0.39573921776552
"2023-01-14 10:00:00",6.6891625231275,-0.773389129783336
"2023-01-14 11:00:00",5.80828129549575,-0.919302130347188
"2023-01-14 12:00:00",5.46590561542311,0.0510203956606735
"2023-01-14 13:00:00",5.35092238797987,-0.22722985117582
"2023-01-14 14:00:00",5.21412612250347,-0.0769029325446259
"2023-01-14 15:00:00",5.34180741476206,0.251282235896691
"2023-01-14 16:00:00",5.67115140454425,0.358850634517323
"2023-01-14 17:00:00",6.19902702656279,0.60816491022823
"2023-01-14 18:00:00",6.92320280704092,0.759114645930125
"2023-01-14 19:00:00",7.63769312981993,0.641867947200129
"2023-01-14 20:00:00",8.20851129073732,0.486485627491889
"2023-01-14 21:00:00",8.67707294833294,0.423769345688595
"2023-01-14 22:00:00",9.22900893809707,0.599970092350877
"2023-01-14 23:00:00",10.0084805908854,0.85020488345193
"2023-01-15 00:00:00",10.3149441771866,-0.0834843190354129
"2023-01-15 01:00:00",10.5752976867822,0.463911228797456
"2023-01-15 02:00:00",10.8001494702072,0.0411694201186341
"2023-01-15 03:00:00",10.8710773560236,0.0734790543254173
"2023-01-15 04:00:00",10.9818963845908,0.116437451806782
"2023-01-15 05:00:00",10.2522726274336,-1.27313499689031
"2023-01-15 06:00:00",9.20925013055793,-0.853264032976663
"2023-01-15 07:00:00",8.4322600503589,-0.701086568671453
"2023-01-15 08:00:00",7.60843758601581,-0.87736327073002
"2023-01-15 09:00:00",6.70796690778003,-0.882889767785259
"2023-01-15 10:00:00",5.6619883218356,-1.11364225299197
"2023-01-15 11:00:00",4.87746367016244,-0.535132534124485
"2023-01-15 12:00:00",4.45943695073569,-0.326378213939141
"2023-01-15 13:00:00",4.3874916012046,0.0953460774226333
"2023-01-15 14:00:00",4.51003101859096,0.129191307200264
"2023-01-15 15:00:00",4.37186848639071,-0.315641622707593
"2023-01-15 16:00:00",4.2499134409085,0.00732881046150849
"2023-01-15 17:00:00",4.46919139556148,0.344678627263273
"2023-01-15 18:00:00",4.93017532611651,0.510854847583802
"2023-01-15 19:00:00",5.42304145957285,0.451100175840904
"2023-01-15 20:00:00",5.73388703628688,0.195584802181423
"2023-01-15 21:00:00",5.79122335326309,-0.04494102807293
"2023-01-15 22:00:00",5.64156063727965,-0.219826663138086
"2023-01-15 23:00:00",5.40941066805341,-0.236603440850133
"2023-01-16 00:00:00",5.67176609802351,0.575551547681767
"2023-01-16 01:00:00",5.56024001371839,-0.571579058387241
"2023-01-16 02:00:00",4.86533586785858,-0.751262983251125
"2023-01-16 03:00:00",4.00351202537118,-0.900845971135898
"2023-01-16 04:00:00",3.22234873149866,-0.669414722167512
"2023-01-16 05:00:00",2.6278773068581,-0.520413475725844
"2023-01-16 06:00:00",2.52247069309071,0.172882532192346
"2023-01-16 07:00:00",2.25282744494104,-0.555092617105346
"2023-01-16 08:00:00",1.9976807028821,-0.0459647812875687
"2023-01-16 09:00:00",2.17737194571384,0.319013033270907
"2023-01-16 10:00:00",2.53199326130759,0.358702640052648
"2023-01-16 11:00:00",2.75017142475316,0.110866361673793
"2023-01-16 12:00:00",3.12143848227197,0.523678354900193
"2023-01-16 13:00:00",3.53977796484873,0.324213259884908
"2023-01-16 14:00:00",3.57433330377627,-0.164750066194298
"2023-01-16 15:00:00",3.22036195453694,-0.46790211740509
"2023-01-16 16:00:00",2.88792659616795,-0.230478342721324
"2023-01-16 17:00:00",2.98909829044305,0.313738996526309
"2023-01-16 18:00:00",3.23669425693939,0.187884018586225
"2023-01-16 19:00:00",3.73781298652273,0.681954708907245
"2023-01-16 20:00:00",3.89986145440769,-0.197066800159024
"2023-01-16 21:00:00",3.82917772101661,0.0119037207456148
"2023-01-16 22:00:00",3.7754274128393,-0.0998990022822766
"2023-01-16 23:00:00",3.57012223805784,-0.270683797527658
"2023-01-17 00:00:00",3.54859890580165,0.141003166594945
"2023-01-17 01:00:00",3.75399175785239,0.233985737704963
"2023-01-17 02:00:00",3.89650720728142,0.0699266684540172
"2023-01-17 03:00:00",4.11311009512371,0.299071528301038
"2023-01-17 04:00:00",4.2651105880048,0.0414316924697448
"2023-01-17 05:00:00",4.75841332082929,0.765607567124073
"2023-01-17 06:00:00",5.19354471690714,0.188008839424865
"2023-01-17 07:00:00",4.66169910808659,-0.993159876601205
"2023-01-17 08:00:00",4.3523367263101,0.155188562269093
"2023-01-17 09:00:00",3.76432482806351,-1.06113694808719
"2023-01-17 10:00:00",2.59407380556043,-1.19223362486759
"2023-01-17 11:00:00",1.13487598479011,-1.57117351141823
"2023-01-17 12:00:00",0.462951324508676,-0.0419685322511775
"2023-01-17 13:00:00",0.328739453784886,-0.189925285022501
"2023-01-17 14:00:00",0.26968367757585,0.0305717679265192
"2023-01-17 15:00:00",0.0105577719322158,-0.440288438821853
"2023-01-17 16:00:00",-0.74356787591156,-0.927524954422814
"2023-01-17 17:00:00",-1.45849519701768,-0.538266917206779
"2023-01-17 18:00:00",-2.13668214339222,-0.737358970079137
"2023-01-17 19:00:00",-3.23185877687253,-1.27892229953153
"2023-01-17 20:00:00",-4.05038693697688,-0.468543432922308
"2023-01-17 21:00:00",-2.75539563496139,2.41434340060028
"2023-01-17 22:00:00",-1.4075670221479,0.576333419230429
"2023-01-17 23:00:00",-2.84433702694493,-2.70872808736504
"2023-01-18 00:00:00",-3.68695298879932,0.445143519895328
"2023-01-18 01:00:00",-4.89981173875728,-2.25578964508502
"2023-01-18 02:00:00",-5.73856465550533,0.152093135928558
"2023-01-18 03:00:00",-4.64982067414471,1.66882559413569
"2023-01-18 04:00:00",-3.71679223547234,0.404160123774099
"2023-01-18 05:00:00",-3.34831142772271,0.331974470459129
"2023-01-18 06:00:00",-2.66991386272171,0.881419992552423
"2023-01-18 07:00:00",-2.06057355861574,0.402441892253224
"2023-01-18 08:00:00",-1.84391528327873,0.0851644093111554
"2023-01-18 09:00:00",-1.6363272294517,0.281714047002396
"2023-01-18 10:00:00",-1.56943585224547,-0.0773913852704934
"2023-01-18 11:00:00",-1.93816016047432,-0.543399062165674
"2023-01-18 12:00:00",-2.39780781204484,-0.379474656317952
"2023-01-18 13:00:00",-2.7368328993484,-0.292859105029364
"2023-01-18 14:00:00",-2.95073653990797,-0.147576319888922
"2023-01-18 15:00:00",-3.26855771877976,-0.412410867858484
"2023-01-18 16:00:00",-4.27738252291412,-1.3542768157499
"2023-01-18 17:00:00",-4.5381418012991,0.486143015111775
"2023-01-18 18:00:00",-4.50144229725783,-0.258820543564455
"2023-01-18 19:00:00",-4.88686239136468,-0.445702913149413
"2023-01-18 20:00:00",-5.08518804059801,-0.0176887651426114
"2023-01-18 21:00:00",-5.79882667483763,-1.13713296740697
"2023-01-18 22:00:00",-6.06108645412188,0.340913908776477
"2023-01-18 23:00:00",-5.9140819832647,0.0185584299570402
"2023-01-19 00:00:00",-5.15829288231575,1.21897415171697
"2023-01-19 01:00:00",-5.01517122311473,-0.574255302574999
"2023-01-19 02:00:00",-5.21156995965417,0.0712966505420159
"2023-01-19 03:00:00",-5.09742855139273,0.143995777069192
"2023-01-19 04:00:00",-4.92896378166004,0.183340342322483
"2023-01-19 05:00:00",-4.80793296979181,0.0800919622391689
"2023-01-19 06:00:00",-4.69414453780018,0.137040693626259
"2023-01-19 07:00:00",-4.69584857533764,-0.0880691318410493
"2023-01-19 08:00:00",-4.62858910257812,0.173665047833353
"2023-01-19 09:00:00",-4.24577783047867,0.51001316462288
"2023-01-19 10:00:00",-3.7654951085499,0.443111126562376
"2023-01-19 11:00:00",-3.30702569035719,0.451774134678069
"2023-01-19 12:00:00",-2.90244045190689,0.358162294718858
"2023-01-19 13:00:00",-2.57351726274793,0.297540635352874
"2023-01-19 14:00:00",-2.29365726375744,0.258090563281405
"2023-01-19 15:00:00",-2.20964138884001,-0.0330687384843697
"2023-01-19 16:00:00",-1.96040638164237,0.42843816867193
"2023-01-19 17:00:00",-1.46006175899605,0.527031564250748
"2023-01-19 18:00:00",-0.931184767440756,0.50685679015295
"2023-01-19 19:00:00",-0.694401797431325,0.0466849473841329
"2023-01-19 20:00:00",-1.34199314709235,-1.0787664595442
"2023-01-19 21:00:00",-2.08184216033017,-0.47702143376717
"2023-01-19 22:00:00",-2.17758073734558,0.16567778410918
"2023-01-19 23:00:00",-1.84867573484867,0.424897974679605
"2023-01-20 00:00:00",-2.52249654254487,-1.37188588225221
"2023-01-20 01:00:00",-3.74042546221212,-1.05416700277699
"2023-01-20 02:00:00",-4.80953985135342,-1.02345562032369
"2023-01-20 03:00:00",-5.5432557255599,-0.499496051021328
"2023-01-20 04:00:00",-5.39789587106822,0.575492129996838
"2023-01-20 05:00:00",-4.88356162992686,0.456077877287288
"2023-01-20 06:00:00",-4.81948821955398,-0.194010272619984
"2023-01-20 07:00:00",-5.29155517064064,-0.628792245737103
"2023-01-20 08:00:00",-4.79730632198413,1.22626253822485
"2023-01-20 09:00:00",-3.48877806712871,1.30737250496245
"2023-01-20 10:00:00",-2.44252814426204,0.826949645651532
"2023-01-20 11:00:00",-1.99161474561842,0.181947122850467
"2023-01-20 12:00:00",-2.5898898189536,-1.08741837518614
"2023-01-20 13:00:00",-3.01913827996601,0.0332589935324547
"2023-01-20 14:00:00",-2.90719034195764,0.162977101605214
"2023-01-20 15:00:00",-3.03967541517614,-0.31941472716961
"2023-01-20 16:00:00",-4.0693563928246,-1.4503371133207
"2023-01-20 17:00:00",-5.30962168025179,-1.03603940757276
"2023-01-20 18:00:00",-5.92838564607163,-0.304339820862304
"2023-01-20 19:00:00",-6.32909396615107,-0.438272206058768
"2023-01-20 20:00:00",-6.48343770218834,0.0504286678108494
"2023-01-20 21:00:00",-6.05656934031448,0.665893933505581
"2023-01-20 22:00:00",-5.48004591603972,0.497352538650804
"2023-01-20 23:00:00",-4.11744877896494,1.8817289381251
"2023-01-21 00:00:00",-2.96039084214499,0.624275182735272
"2023-01-21 01:00:00",-2.64402893783781,0.0998712890532763
"2023-01-21 02:00:00",-2.53308381834809,0.116462591685442
"2023-01-21 03:00:00",-2.26118319098331,0.3658678098758
"2023-01-21 04:00:00",-1.74957871393402,0.5873632470975
"2023-01-21 05:00:00",-0.863865809443634,1.04477530421041
"2023-01-21 06:00:00",-0.407813528435148,0.043018765032381
"2023-01-21 07:00:00",-0.897433056343576,-0.820913806457744
"2023-01-21 08:00:00",-1.30201200569063,-0.106645311580082
"2023-01-21 09:00:00",-0.86109615600698,0.786676180104942
"2023-01-21 10:00:00",-0.508631875428789,0.0473553047229195
"2023-01-21 11:00:00",-0.747409034557618,-0.417526951342195
"2023-01-21 12:00:00",-1.34523533594454,-0.68865240585271
"2023-01-21 13:00:00",-1.34224678896552,0.465666168815634
"2023-01-21 14:00:00",-1.11552692612104,0.058381050530717
"2023-01-21 15:00:00",-1.1679525254832,-0.122366756175384
"2023-01-21 16:00:00",-1.09727795063298,0.19751322743349
"2023-01-21 17:00:00",-0.809108529627754,0.336326183294721
"2023-01-21 18:00:00",-0.368765452903571,0.489804293459813
"2023-01-21 19:00:00",0.00147711515584284,0.273417599719697
"2023-01-21 20:00:00",0.142867765573801,0.0466534764051323
"2023-01-21 21:00:00",0.206053928681843,0.0710211032226321
"2023-01-21 22:00:00",0.255354748052392,0.0322126115585303
"2023-01-21 23:00:00",0.286988329467239,0.029415311374211
"2023-01-22 00:00:00",0.219494756440823,-0.129260964152497
"2023-01-22 01:00:00",0.194787032001211,0.0458845118738256
"2023-01-22 02:00:00",0.247728959135241,0.0548800230087059
"2023-01-22 03:00:00",0.356696007340922,0.139527188699354
"2023-01-22 04:00:00",0.520993442384258,0.172543707925365
"2023-01-22 05:00:00",0.796168478432824,0.329847273717629
"2023-01-22 06:00:00",1.02410783498983,0.14814442303843
"2023-01-22 07:00:00",0.950323679196772,-0.219547524987251
"2023-01-22 08:00:00",0.543632678283425,-0.513350096416572
"2023-01-22 09:00:00",-0.154583684571474,-0.788980186301762
"2023-01-22 10:00:00",-1.0579961327013,-0.936570557903146
"2023-01-22 11:00:00",-1.8893814000551,-0.720392703408664
"2023-01-22 12:00:00",-2.67302803078921,-0.786142169679831
"2023-01-22 13:00:00",-2.9878721359978,0.0177549330053726
"2023-01-22 14:00:00",-2.68771552416913,0.478008123791504
"2023-01-22 15:00:00",-2.06527313553676,0.692615586533898
"2023-01-22 16:00:00",-1.453955010433,0.530732591600873
"2023-01-22 17:00:00",-0.930746534995001,0.495203512465288
"2023-01-22 18:00:00",-0.541008809365901,0.302107659772707
"2023-01-22 19:00:00",-0.227103203836271,0.307551318685488
"2023-01-22 20:00:00",-0.0313689429330994,0.112182294229054
"2023-01-22 21:00:00",0.134202394186523,0.193336008860289
"2023-01-22 22:00:00",0.246465882387254,0.0527084336525755
"2023-01-22 23:00:00",0.322917050645191,0.0883288850901721
"2023-01-23 00:00:00",0.319527382162527,-0.0647893715044009
"2023-01-23 01:00:00",0.295239278631605,0.00345469866405452
"2023-01-23 02:00:00",0.328335796814958,0.0509042277061595
"2023-01-23 03:00:00",0.43569460419314,0.139469843781272
"2023-01-23 04:00:00",0.465051426157113,-0.0460070693577619
"2023-01-23 05:00:00",0.427193297663243,-0.0312258624304485
"2023-01-23 06:00:00",0.336143820070629,-0.127155080045253
"2023-01-23 07:00:00",-0.447798294476187,-1.18497346126429
"2023-01-23 08:00:00",-1.24152643827429,-0.494607860753228
"2023-01-23 09:00:00",-1.16503137867117,0.455188730954069
"2023-01-23 10:00:00",-0.945748577328992,0.0530959177012925
"2023-01-23 11:00:00",-0.98119430996673,-0.0915694554156677
"2023-01-23 12:00:00",-1.65047961980449,-1.02135432940151
"2023-01-23 13:00:00",-1.95062893092439,0.197035607015293
"2023-01-23 14:00:00",-1.69609380990311,0.283285708736907
"2023-01-23 15:00:00",-1.50641311504188,0.120450481943911
"2023-01-23 16:00:00",-1.51543631147825,-0.0929675885111784
"2023-01-23 17:00:00",-1.50298168419687,0.0840958647396043
"2023-01-23 18:00:00",-1.68285950546856,-0.3453728885753
"2023-01-23 19:00:00",-2.08960772204832,-0.426167470754088
"2023-01-23 20:00:00",-2.32448572668843,-0.0934999391953545
"2023-01-23 21:00:00",-2.22638602650909,0.224164320569349
"2023-01-23 22:00:00",-1.99764062848886,0.223798475067035
"2023-01-23 23:00:00",-1.90196851856118,0.00828385146279904
"2023-01-24 00:00:00",-3.11330385090996,-1.96438829398137
"2023-01-24 01:00:00",-4.35508392726554,-0.697029030158155
"2023-01-24 02:00:00",-4.37252923833693,0.44204377245683
"2023-01-24 03:00:00",-3.93734852370858,0.415560334417185
"2023-01-24 04:00:00",-3.43917058301122,0.534655968124496
"2023-01-24 05:00:00",-2.85759374327299,0.589652434482935
"2023-01-24 06:00:00",-2.44367142658972,0.28078384635305
"2023-01-24 07:00:00",-2.32834983965278,0.00268417602492502
"2023-01-24 08:00:00",-2.49863215891842,-0.27449935834296
"2023-01-24 09:00:00",-2.61465515133044,-0.00164080384369128
"2023-01-24 10:00:00",-2.65821212343825,-0.0660615791737969
"2023-01-24 11:00:00",-2.65360547383631,0.054924460976527
"2023-01-24 12:00:00",-2.64978272793503,-0.0270067180142786
"2023-01-24 13:00:00",-2.58772767926662,0.121894238206135
"2023-01-24 14:00:00",-2.33993256306411,0.323287085485883
"2023-01-24 15:00:00",-2.26593868113333,-0.0926996914673714
"2023-01-24 16:00:00",-2.74953312673636,-0.718286565630896
"2023-01-24 17:00:00",-2.88188203178591,0.268101767693868
"2023-01-24 18:00:00",-2.4325170117775,0.552565188455589
"2023-01-24 19:00:00",-1.98512232983978,0.359156819693285
"2023-01-24 20:00:00",-1.45559167095068,0.62050636107324
"2023-01-24 21:00:00",-1.06353754490673,0.223000720524395
"2023-01-24 22:00:00",-0.83304763611218,0.225900354080516
"2023-01-24 23:00:00",-0.801366662680695,-0.0982284220523846
"2023-01-25 00:00:00",-0.795819546222441,0.0754986810591783
"2023-01-25 01:00:00",-0.713784778550926,0.083519335233639
"2023-01-25 02:00:00",-0.604769985149586,0.121750945134626
"2023-01-25 03:00:00",-0.494935221136108,0.0974508041867708
"2023-01-25 04:00:00",-0.289643149127144,0.268067458862083
"2023-01-25 05:00:00",-0.0774773902681032,0.165189841483665
"2023-01-25 06:00:00",0.0534306589972945,0.101933078269184
"2023-01-25 07:00:00",0.0418897239905585,-0.0867094306310915
"2023-01-25 08:00:00",-0.175904321000513,-0.294886855990732
"2023-01-25 09:00:00",-0.603469431004285,-0.49547149483882
"2023-01-25 10:00:00",-1.12732417006089,-0.517105713321458
"2023-01-25 11:00:00",-1.81494353719815,-0.767165318678805
"2023-01-25 12:00:00",-2.85682687656462,-1.17317723448948
"2023-01-25 13:00:00",-3.370005578502,-0.045119904057049
"2023-01-25 14:00:00",-3.20840664645881,0.29607265611595
"2023-01-25 15:00:00",-2.8499278416937,0.38718185677649
"2023-01-25 16:00:00",-2.39304298695771,0.485314264222635
"2023-01-25 17:00:00",-1.82100056443879,0.605760793525267
"2023-01-25 18:00:00",-1.29869290531763,0.444199986163268
"2023-01-25 19:00:00",-1.00064306730375,0.188128406851332
"2023-01-25 20:00:00",-0.785726481425263,0.223851796178232
"2023-01-25 21:00:00",-0.688946645385178,0.00848019662847853
"2023-01-25 22:00:00",-0.663884884076891,0.0358128056872614
"2023-01-25 23:00:00",-0.625823091549376,0.0386078989891404
"2023-01-26 00:00:00",-0.850776494441349,-0.389161892169839
"2023-01-26 01:00:00",-1.16653870319127,-0.250728789863007
"2023-01-26 02:00:00",-1.2568493825681,0.0224276212543846
"2023-01-26 03:00:00",-1.16318416315569,0.138324808035115
"2023-01-26 04:00:00",-1.10612693158734,0.00166731451503074
"2023-01-26 05:00:00",-0.964489656341511,0.229643842503176
"2023-01-26 06:00:00",-0.840088317229072,0.0495722221463868
"2023-01-26 07:00:00",-1.01678094009101,-0.318054448032849
"2023-01-26 08:00:00",-1.48808014789247,-0.549754598447434
"2023-01-26 09:00:00",-2.14571181632978,-0.696380731152617
"2023-01-26 10:00:00",-3.00464259949649,-0.923714858354533
"2023-01-26 11:00:00",-4.06312560199489,-1.09415671130947
"2023-01-26 12:00:00",-5.13637828061494,-1.00308088908977
"2023-01-26 13:00:00",-5.53348631643492,0.0323560681715003
"2023-01-26 14:00:00",-5.46982036866123,0.0886439093307097
"2023-01-26 15:00:00",-5.18466745432918,0.409654805816445
"2023-01-26 16:00:00",-4.78464928387709,0.381266189086377
"2023-01-26 17:00:00",-4.39733437261278,0.379107847134529
"2023-01-26 18:00:00",-3.78541168544879,0.743718169015337
"2023-01-26 19:00:00",-3.13345874448638,0.564674637103771
"2023-01-26 20:00:00",-2.62642830067576,0.448545631983154
"2023-01-26 21:00:00",-2.21444154586767,0.371421640472975
"2023-01-26 22:00:00",-1.9062164981822,0.254301561867463
"2023-01-26 23:00:00",-1.72456261117406,0.127047189101631
"2023-01-27 00:00:00",-1.53708349815263,0.221079757944037
"2023-01-27 01:00:00",-1.37908202744779,0.110422541106375
"2023-01-27 02:00:00",-1.25379222193532,0.131024535580411
"2023-01-27 03:00:00",-1.07196703925823,0.208667123424979
"2023-01-27 04:00:00",-0.814338762768403,0.279407495187663
"2023-01-27 05:00:00",-0.503955360278399,0.317333791750741
"2023-01-27 06:00:00",-0.207146942486192,0.269670315996569
"2023-01-27 07:00:00",-0.111764456678807,-0.0250730219024225
"2023-01-27 08:00:00",-0.106187794199459,0.0258884596440375
"2023-01-27 09:00:00",0.0903466401386964,0.30109413680821
"2023-01-27 10:00:00",-0.00175174766007069,-0.349962268937709
"2023-01-27 11:00:00",-0.571372968451601,-0.688987754106886
"2023-01-27 12:00:00",-1.47424182222957,-1.0018138260307
"2023-01-27 13:00:00",-1.73734788340536,0.243759786669967
"2023-01-27 14:00:00",-1.26838311784638,0.599052713975718
"2023-01-27 15:00:00",-0.794985595247408,0.368767698575459
"2023-01-27 16:00:00",-0.447574449473344,0.317689345306178
"2023-01-27 17:00:00",-0.121956293442734,0.316007517469752
"2023-01-27 18:00:00",0.130080430559016,0.197570778762658
"2023-01-27 19:00:00",-0.0190723104333856,-0.373377824034666
"2023-01-27 20:00:00",-1.04401185011592,-1.4105776267088
"2023-01-27 21:00:00",-2.66011475146388,-1.67497595387648
"2023-01-27 22:00:00",-3.80812346570241,-0.738722713476776
"2023-01-27 23:00:00",-4.35644915599828,-0.390433272290207
"2023-01-28 00:00:00",-4.49426387056499,0.0427573774002062
"2023-01-28 01:00:00",-3.82402764549959,1.06249047714588
"2023-01-28 02:00:00",-3.08807837712692,0.488214599674163
"2023-01-28 03:00:00",-2.56085299377643,0.532158005696188
"2023-01-28 04:00:00",-2.27702893711437,0.108083657537519
"2023-01-28 05:00:00",-1.7563727627436,0.773892790578726
"2023-01-28 06:00:00",-1.73756958571256,-0.483211646678057
"2023-01-28 07:00:00",-2.05830643103387,-0.194941909424375
"2023-01-28 08:00:00",-2.00897945290502,0.212478487786453
"2023-01-28 09:00:00",-1.92204429215043,0.001698683943215
"2023-01-28 10:00:00",-2.0982680595991,-0.283985951149872
"2023-01-28 11:00:00",-2.3015806416702,-0.137166143192717
"2023-01-28 12:00:00",-2.59549844425044,-0.38148454982874
"2023-01-28 13:00:00",-2.85059063318409,-0.155365675050289
"2023-01-28 14:00:00",-2.85127237977252,0.106144783382062
"2023-01-28 15:00:00",-2.69403098471768,0.187507353947214
"2023-01-28 16:00:00",-2.60544456745532,0.0219021883260815
"2023-01-28 17:00:00",-2.39345659240612,0.331993522125637
"2023-01-28 18:00:00",-2.36404472739863,-0.170619263726981
"2023-01-28 19:00:00",-3.22762635570888,-1.28146558420992
"2023-01-28 20:00:00",-4.20303574200458,-0.720865439026729
"2023-01-28 21:00:00",-4.70411816167941,-0.325335756454535
"2023-01-28 22:00:00",-4.3409031389254,0.811043074879756
"2023-01-28 23:00:00",-3.344668959552,1.07794608896249
"2023-01-29 00:00:00",-2.44529332701035,0.741902848618405
"2023-01-29 01:00:00",-1.68956927834359,0.732177499515721
"2023-01-29 02:00:00",-1.08306099235059,0.496086514765859
"2023-01-29 03:00:00",-0.6174108887067,0.424627740083075
"2023-01-29 04:00:00",-0.15462753127036,0.467024430820405
"2023-01-29 05:00:00",0.275512510548374,0.385310139026872
"2023-01-29 06:00:00",0.595886251070267,0.261504561806402
"2023-01-29 07:00:00",0.643260418640216,-0.0983960609885926
"2023-01-29 08:00:00",0.303905176194029,-0.484694939853901
"2023-01-29 09:00:00",-0.192845701029774,-0.48157436138612
"2023-01-29 10:00:00",-0.443630239299828,-0.0847616378315388
"2023-01-29 11:00:00",-0.946833754677053,-0.757676482123763
"2023-01-29 12:00:00",-2.01842082143477,-1.22871603645734
"2023-01-29 13:00:00",-2.43185519449525,0.15232460866063
"2023-01-29 14:00:00",-2.24747450285764,0.200123078299512
"2023-01-29 15:00:00",-2.04510838532627,0.197141229762222
"2023-01-29 16:00:00",-1.61813829838363,0.562532707737392
"2023-01-29 17:00:00",-0.933036290291833,0.736343012100784
"2023-01-29 18:00:00",-0.396290790269594,0.379379247495688
"2023-01-29 19:00:00",-0.0108621488471823,0.371656839795886
"2023-01-29 20:00:00",0.280863900319848,0.224591119095329
"2023-01-29 21:00:00",0.525118111237366,0.245393994021369
"2023-01-29 22:00:00",0.81092345484446,0.298487836615036
"2023-01-29 23:00:00",1.12016280675489,0.300667099897662
"2023-01-30 00:00:00",1.06636376057182,-0.288992754949125
"2023-01-30 01:00:00",0.908856697143785,-0.063740895350668
"2023-01-30 02:00:00",1.08637598240088,0.328749934675526
"2023-01-30 03:00:00",1.70326845368928,0.778270014213106
"2023-01-30 04:00:00",2.14198249327053,0.189304984360082
"2023-01-30 05:00:00",2.69703664455964,0.769746840115663
"2023-01-30 06:00:00",3.27192729355393,0.414194894511358
"2023-01-30 07:00:00",3.62478389302521,0.290981384211217
"2023-01-30 08:00:00",3.47724515603109,-0.437540475559989
"2023-01-30 09:00:00",2.80298210660855,-0.804515646204839
"2023-01-30 10:00:00",2.29132804748103,-0.295714741206129
"2023-01-30 11:00:00",1.78409572596707,-0.627090898615577
"2023-01-30 12:00:00",1.04564066713943,-0.77990464507202
"2023-01-30 13:00:00",0.756253513575065,0.0500230610591488
"2023-01-30 14:00:00",0.821405164640068,0.0711667376149688
"2023-01-30 15:00:00",0.824720345147192,-0.0431344203330561
"2023-01-30 16:00:00",0.831630960077827,0.0388822885590075
"2023-01-30 17:00:00",1.1907718026258,0.554505156710749
"2023-01-30 18:00:00",1.84167506670394,0.682702654144234
"2023-01-30 19:00:00",2.61850031292225,0.800285168976561
"2023-01-30 20:00:00",2.99694994132489,0.0758728191006207
"2023-01-30 21:00:00",2.93763119666496,-0.150487997768221
"2023-01-30 22:00:00",2.76137048592406,-0.18885185193051
"2023-01-30 23:00:00",2.56193427297607,-0.200573543641856
"2023-01-31 00:00:00",2.29282288727369,-0.30531580502021
"2023-01-31 01:00:00",2.19633056836156,0.0443517156813963
"2023-01-31 02:00:00",2.09640701250839,-0.194187322570671
"2023-01-31 03:00:00",2.35234799826419,0.541157877989545
"2023-01-31 04:00:00",2.47066165186456,-0.172231143176918
"2023-01-31 05:00:00",2.34009043351924,-0.0997774282623651
"2023-01-31 06:00:00",2.07341304068091,-0.368285246375014
"2023-01-31 07:00:00",2.39562253960554,0.764548565459828
"2023-01-31 08:00:00",2.81410502529263,0.164802659739955
"2023-01-31 09:00:00",2.57244967745784,-0.504765707323554
"2023-01-31 10:00:00",2.04355205000081,-0.523167274316283
"2023-01-31 11:00:00",1.42276231391951,-0.659004059741406
"2023-01-31 12:00:00",0.434232463619133,-1.16306905796246
"2023-01-31 13:00:00",-0.282435451812406,-0.385576137663914
"2023-01-31 14:00:00",-0.0710484408340337,0.599674683686503
"2023-01-31 15:00:00",0.728280673432185,0.894537764145084
"2023-01-31 16:00:00",1.73798975413371,1.03756947419686
"2023-01-31 17:00:00",2.76613514334419,0.970766398059957
"2023-01-31 18:00:00",3.79700115635242,1.01838122539787
"2023-01-31 19:00:00",4.71435785547402,0.801523153989857
"2023-01-31 20:00:00",4.93213912697433,-0.187797129669412
"2023-01-31 21:00:00",4.54486243961637,-0.508213204051708
"2023-01-31 22:00:00",3.69170618514629,-1.04842945245533
"2023-01-31 23:00:00",3.3310266714198,0.110194834146989
"2023-02-01 00:00:00",3.58656734538575,0.336000786898258
"2023-02-01 01:00:00",3.6466342132355,-0.131361941433631
"2023-02-01 02:00:00",3.72818550560277,0.214916745967518
"2023-02-01 03:00:00",3.92298612941563,0.167329178445016
"2023-02-01 04:00:00",4.12012126362315,0.202582557646893
"2023-02-01 05:00:00",4.64088061046589,0.702818299547708
"2023-02-01 06:00:00",5.00458781811294,0.114373618101892
"2023-02-01 07:00:00",4.59557199384282,-0.744948939710403
"2023-02-01 08:00:00",3.82111583256832,-0.76324748474174
"2023-02-01 09:00:00",2.94634431557068,-0.912474907571797
"2023-02-01 10:00:00",1.84610149344864,-1.17693312975291
"2023-02-01 11:00:00",1.29900247439493,-0.103597797039341
"2023-02-01 12:00:00",1.45597465799019,0.32154946025434
"2023-02-01 13:00:00",1.61458011666979,0.0405649692055906
"2023-02-01 14:00:00",1.36979107847237,-0.425470149322467
"2023-02-01 15:00:00",1.42071479830893,0.364329292679121
"2023-02-01 16:00:00",0.0952574467850629,-2.39080857653113
"2023-02-01 17:00:00",-0.657787774658435,0.37444002834994
"2023-02-01 18:00:00",0.711734289905215,1.9686676847856
"2023-02-01 19:00:00",1.97521012268757,0.732399184336886
"2023-02-01 20:00:00",2.46264384263418,0.298418387764309
"2023-02-01 21:00:00",2.55499963198183,-0.0525789930781003
"2023-02-01 22:00:00",2.59895620078008,0.102931372446462
"2023-02-01 23:00:00",2.78226751117668,0.224837190234644
"2023-02-02 00:00:00",3.0632813545269,0.30152549710073
"2023-02-02 01:00:00",3.64202907322988,0.732110357199603
"2023-02-02 02:00:00",4.72503470198956,1.26077501977738
"2023-02-02 03:00:00",5.54431936250357,0.479942191917022
"2023-02-02 04:00:00",5.66310126085418,-0.13477638437297
"2023-02-02 05:00:00",5.24358584239758,-0.596700575743018
"2023-02-02 06:00:00",5.11810537434768,0.187866847360643
"2023-02-02 07:00:00",5.00693204996655,-0.311842351005901
"2023-02-02 08:00:00",4.47826829163903,-0.654539067706262
"2023-02-02 09:00:00",3.75609867453967,-0.738709528596536
"2023-02-02 10:00:00",2.9097661179707,-0.882702941892318
"2023-02-02 11:00:00",2.21032504830461,-0.5477810761032
"2023-02-02 12:00:00",1.7111373216308,-0.445919843534756
"2023-02-02 13:00:00",1.7177620915576,0.305796308180844
"2023-02-02 14:00:00",1.90355820369188,0.0947549216921224
"2023-02-02 15:00:00",1.61190786366715,-0.537843371777135
"2023-02-02 16:00:00",0.301802980786021,-1.76475893962862
"2023-02-02 17:00:00",-1.10385948985469,-1.09986159787423
"2023-02-02 18:00:00",-2.23721313590032,-1.10040263527192
"2023-02-02 19:00:00",-3.54027305795164,-1.37335906218576
"2023-02-02 20:00:00",-3.80343566307564,0.494023148633152
"2023-02-02 21:00:00",-2.81083226065328,1.28271783245469
"2023-02-02 22:00:00",-1.59768669915414,1.11273896076096
"2023-02-02 23:00:00",-0.40831047664683,1.1860072448835
"2023-02-03 00:00:00",0.587893317780063,0.822857483675544
"2023-02-03 01:00:00",1.4287008116116,0.812061776473336
"2023-02-03 02:00:00",1.75165182063826,-0.0203047639115053
"2023-02-03 03:00:00",1.29499901403367,-0.728103905581705
"2023-02-03 04:00:00",1.77377074665026,1.25892223049272
"2023-02-03 05:00:00",3.94851885377837,2.6796600614372
"2023-02-03 06:00:00",6.45754653100567,2.27095925135202
"2023-02-03 07:00:00",7.616911209936,0.354900731631281
"2023-02-03 08:00:00",7.51848123631456,-0.405783122669651
"2023-02-03 09:00:00",7.01987920158753,-0.546475297015803
"2023-02-03 10:00:00",6.47103088393396,-0.533395171167278
"2023-02-03 11:00:00",5.91484078308488,-0.553295209792339
"2023-02-03 12:00:00",4.41266547482736,-2.07099077625656
"2023-02-03 13:00:00",3.90580733260699,0.554278745333835
"2023-02-03 14:00:00",4.04725848075085,-0.145517269895427
"2023-02-03 15:00:00",4.26807986507165,0.449334453935543
"2023-02-03 16:00:00",4.45389787239304,-0.00418643438069281
"2023-02-03 17:00:00",4.83423913784348,0.612875884451832
"2023-02-03 18:00:00",5.36579947660581,0.445862106550108
"2023-02-03 19:00:00",5.67945404368014,0.203698688610135
"2023-02-03 20:00:00",5.91375020459024,0.236242008106491
"2023-02-03 21:00:00",5.68328708478164,-0.538263583755901
"2023-02-03 22:00:00",4.45525092366089,-1.63684473977134
"2023-02-03 23:00:00",3.43806180772047,-0.561497196442118
"2023-02-04 00:00:00",3.19579275277868,-0.0223716945033678
"2023-02-04 01:00:00",2.94916702741923,-0.388524473129743
"2023-02-04 02:00:00",2.54029509207122,-0.406807633006098
"2023-02-04 03:00:00",1.59068075346839,-1.26962770648827
"2023-02-04 04:00:00",0.595039453417337,-0.767724294254042
"2023-02-04 05:00:00",-0.118678377223046,-0.644565483103183
"2023-02-04 06:00:00",-0.849941999425309,-0.75415929846572
"2023-02-04 07:00:00",-1.6809574726526,-0.841667503922859
"2023-02-04 08:00:00",-1.78567298569654,0.393719594459902
"2023-02-04 09:00:00",-1.08891967465476,0.867964113426851
"2023-02-04 10:00:00",-0.566115511888025,0.269261279567934
"2023-02-04 11:00:00",-0.589349938953379,-0.216394688316741
"2023-02-04 12:00:00",-0.824143345201036,-0.235142345268332
"2023-02-04 13:00:00",-0.950007466875565,-0.0459702348832806
"2023-02-04 14:00:00",-1.08013901705395,-0.178830201800649
"2023-02-04 15:00:00",-1.31427914835182,-0.258494743109879
"2023-02-04 16:00:00",-1.51880442210309,-0.157133752006342
"2023-02-04 17:00:00",-2.25003270783858,-1.07724687987922
"2023-02-04 18:00:00",-3.29701440759063,-0.974153974437748
"2023-02-04 19:00:00",-4.526365035671,-1.33681238344869
"2023-02-04 20:00:00",-5.7962104861929,-1.15902668965284
"2023-02-04 21:00:00",-6.85921894100059,-0.94101493060781
"2023-02-04 22:00:00",-7.69044409099203,-0.709695156127141
"2023-02-04 23:00:00",-7.41213809853592,0.933647237416898
"2023-02-05 00:00:00",-7.10880040859235,-0.121724732342469
"2023-02-05 01:00:00",-6.10510152125375,1.7154338561612
"2023-02-05 02:00:00",-6.13012097588629,-1.17624612500447
"2023-02-05 03:00:00",-7.20052338087903,-0.941077036753379
"2023-02-05 04:00:00",-7.63644630971733,-0.0691658780013856
"2023-02-05 05:00:00",-7.30732263393411,0.588846100764648
"2023-02-05 06:00:00",-7.43042151802204,-0.582455083820619
"2023-02-05 07:00:00",-7.5168508904761,0.257930720175823
"2023-02-05 08:00:00",-6.57760015156436,1.35850999374739
"2023-02-05 09:00:00",-5.13514848673971,1.43834332352092
"2023-02-05 10:00:00",-3.96153897733606,0.947971244952005
"2023-02-05 11:00:00",-3.57917666115453,-0.00776871616302965
"2023-02-05 12:00:00",-4.11151016768682,-0.852129195514501
"2023-02-05 13:00:00",-4.3154487577463,0.243170277620631
"2023-02-05 14:00:00",-4.0378532907126,0.292914915532718
"2023-02-05 15:00:00",-4.10620811704002,-0.300745910505411
"2023-02-05 16:00:00",-6.43647123189037,-3.56722785713759
"2023-02-05 17:00:00",-7.50555326864639,0.655416447092704
"2023-02-05 18:00:00",-7.61620938482604,-0.60643259117967
"2023-02-05 19:00:00",-8.05676603812636,-0.299225381483824
"2023-02-05 20:00:00",-8.20265003559176,-0.0263439093938817
"2023-02-05 21:00:00",-8.2285590652384,-0.013818035153049
"2023-02-05 22:00:00",-7.72597827378278,0.833561823411155
"2023-02-05 23:00:00",-8.04219663162476,-1.05774336143173
"2023-02-06 00:00:00",-7.93273463876596,0.8927473131406
"2023-02-06 01:00:00",-7.75458288539879,-0.296480799902323
"2023-02-06 02:00:00",-7.08269836638888,1.29551548259167
"2023-02-06 03:00:00",-5.91442636578854,1.0370556468395
"2023-02-06 04:00:00",-4.89444815465861,0.967746041598428
"2023-02-06 05:00:00",-4.08334739228042,0.674436319894262
"2023-02-06 06:00:00",-3.53459312722571,0.444152979104495
"2023-02-06 07:00:00",-3.27915723950862,0.122043133098883
"2023-02-06 08:00:00",-3.34578713543312,-0.185018070677491
"2023-02-06 09:00:00",-3.77847350872553,-0.572923437840979
"2023-02-06 10:00:00",-4.17862269559949,-0.261084544010674
"2023-02-06 11:00:00",-4.30078751082635,-0.0183634803179819
"2023-02-06 12:00:00",-4.77216096501294,-0.745433656753554
"2023-02-06 13:00:00",-5.25845183727806,-0.284274321887228
"2023-02-06 14:00:00",-5.01427438489451,0.591645540235148
"2023-02-06 15:00:00",-4.76903889880556,0.00910729475556704
"2023-02-06 16:00:00",-6.87831309929225,-3.41512793185783
"2023-02-06 17:00:00",-8.83734541919982,-0.886363006422134
"2023-02-06 18:00:00",-9.24826940656925,-0.0630553926547464
"2023-02-06 19:00:00",-9.31170105963007,-0.048750978008778
"2023-02-06 20:00:00",-9.12714542709067,0.343319795118243
"2023-02-06 21:00:00",-9.03126402405754,-0.0618697582780824
"2023-02-06 22:00:00",-9.05127084980113,0.0204896830076251
"2023-02-06 23:00:00",-9.00541147600605,0.072256435229577
"2023-02-07 00:00:00",-8.82959367518136,0.248107128853524
"2023-02-07 01:00:00",-8.50477086086202,0.371908144390821
"2023-02-07 02:00:00",-7.79699693840831,0.90900690359338
"2023-02-07 03:00:00",-7.42263587411797,0.0101943113048928
"2023-02-07 04:00:00",-7.41977381272642,0.00740275040218485
"2023-02-07 05:00:00",-8.0630066838192,-1.03685551626039
"2023-02-07 06:00:00",-9.31343502434146,-1.32299830930609
"2023-02-07 07:00:00",-10.5187287618334,-1.05754931438969
"2023-02-07 08:00:00",-10.3489657667388,0.993444724872782
"2023-02-07 09:00:00",-8.69489949345867,2.02920865741057
"2023-02-07 10:00:00",-6.49312170261755,2.22339907856516
"2023-02-07 11:00:00",-4.90494629544899,1.09759805466756
"2023-02-07 12:00:00",-4.91840072228925,-0.747183717455724
"2023-02-07 13:00:00",-4.94000783580094,0.469467028496082
"2023-02-07 14:00:00",-4.55492626351732,0.316892396599045
"2023-02-07 15:00:00",-4.81666532946652,-0.629179720722008
"2023-02-07 16:00:00",-4.90939330611099,0.275513579488246
"2023-02-07 17:00:00",-5.91974969714885,-1.8132508325473
"2023-02-07 18:00:00",-7.32290510526759,-1.05545787496851
"2023-02-07 19:00:00",-7.87649479713976,-0.183274071032433
"2023-02-07 20:00:00",-8.5544583719815,-0.965384990235804
"2023-02-07 21:00:00",-8.94244826373435,0.0263939326697425
"2023-02-07 22:00:00",-8.91573693955415,0.0371768098922816
"2023-02-07 23:00:00",-8.95981597942835,-0.0846653028870704
"2023-02-08 00:00:00",-8.05944706882318,1.52580790934715
"2023-02-08 01:00:00",-7.826878472259,-0.630242507638285
"2023-02-08 02:00:00",-8.48611876138067,-0.63715946020427
"2023-02-08 03:00:00",-8.68488661584612,0.113868770153296
"2023-02-08 04:00:00",-8.33216454600208,0.506385091280728
"2023-02-08 05:00:00",-7.96309138903572,0.270732087195976
"2023-02-08 06:00:00",-7.89816452415159,-0.0650983744772977
"2023-02-08 07:00:00",-8.07957803244939,-0.240157425821726
"2023-02-08 08:00:00",-7.50485012697046,1.1010762147496
"2023-02-08 09:00:00",-6.23221196700021,1.33620662584829
"2023-02-08 10:00:00",-5.17767994928666,0.824672238658559
"2023-02-08 11:00:00",-4.45535829770944,0.626436755961158
"2023-02-08 12:00:00",-4.43758672740372,-0.38310169657243
"2023-02-08 13:00:00",-4.37865130689092,0.356539530191568
"2023-02-08 14:00:00",-4.0860574515168,0.241702565469602
"2023-02-08 15:00:00",-4.25422648840762,-0.428155590683798
"2023-02-08 16:00:00",-5.74883812363353,-2.12906534683298
"2023-02-08 17:00:00",-6.95934829476292,-0.533219816380528
"2023-02-08 18:00:00",-7.11680634441344,0.109495649876759
"2023-02-08 19:00:00",-6.84780550182874,0.371723778066101
"2023-02-08 20:00:00",-6.44105157973391,0.419602323962115
"2023-02-08 21:00:00",-6.33134808370159,-0.0938053575019163
"2023-02-08 22:00:00",-6.42798993183636,-0.0857819038272694
"2023-02-08 23:00:00",-6.56419080132333,-0.155057687239224
"2023-02-09 00:00:00",-6.36373519926289,0.436393520007058
"2023-02-09 01:00:00",-6.53978582340154,-0.567773721808809
"2023-02-09 02:00:00",-6.96479883124671,-0.301217323470633
"2023-02-09 03:00:00",-7.06093789388405,0.0541207418650839
"2023-02-09 04:00:00",-6.93975481631145,0.169230697223255
"2023-02-09 05:00:00",-6.81051753061342,0.105376727317949
"2023-02-09 06:00:00",-6.86807351953933,-0.154664936074464
"2023-02-09 07:00:00",-7.10078819819043,-0.264838338878547
"2023-02-09 08:00:00",-6.64331312147885,0.926420333864577
"2023-02-09 09:00:00",-5.52700485040348,1.19841238134862
"2023-02-09 10:00:00",-4.37451689547246,1.07422877593944
"2023-02-09 11:00:00",-3.32614210308662,0.986957981972555
"2023-02-09 12:00:00",-2.79388127977552,0.208127870308798
"2023-02-09 13:00:00",-2.54028331316219,0.275460222423967
"2023-02-09 14:00:00",-2.39053391938608,0.0621009949723431
"2023-02-09 15:00:00",-2.75060453047573,-0.621322833469786
"2023-02-09 16:00:00",-4.30854503972064,-2.10476498540862
"2023-02-09 17:00:00",-5.30385897671747,-0.202843761316493
"2023-02-09 18:00:00",-5.15710372621495,0.379678131556898
"2023-02-09 19:00:00",-4.9131158821847,0.148580457955427
"2023-02-09 20:00:00",-4.74529069116634,0.179010870636862
"2023-02-09 21:00:00",-4.81801989630232,-0.230982278292236
"2023-02-09 22:00:00",-4.84661705154139,0.113891376421517
"2023-02-09 23:00:00",-3.77887187219857,1.65914372627956
"2023-02-10 00:00:00",-1.76611136499886,2.15772539355608
"2023-02-10 01:00:00",-0.442237677215427,0.707348127828408
"2023-02-10 02:00:00",-0.658450336160683,-0.821065286146894
"2023-02-10 03:00:00",-1.74598196869989,-1.21264557904563
"2023-02-10 04:00:00",-2.09182513895971,0.250699440198146
"2023-02-10 05:00:00",-1.79137969411568,0.322027429470164
"2023-02-10 06:00:00",-0.844214909685806,1.32121567584578
"2023-02-10 07:00:00",-0.176065354592334,0.202117317929471
"2023-02-10 08:00:00",0.0118583658705486,0.169758344808944
"2023-02-10 09:00:00",0.71614643002734,1.02715258755901
"2023-02-10 10:00:00",1.05072715110748,-0.143947932774091
"2023-02-10 11:00:00",0.724400129589377,-0.43375813673419
"2023-02-10 12:00:00",0.413533270004582,-0.21510199241341
"2023-02-10 13:00:00",0.888771528356108,0.912341415832707
"2023-02-10 14:00:00",1.15543524306475,-0.17759776237078
"2023-02-10 15:00:00",0.874491321209172,-0.337978810667983
"2023-02-10 16:00:00",0.627427550041942,-0.175841323881542
"2023-02-10 17:00:00",0.301179241202488,-0.41182332699149
"2023-02-10 18:00:00",-0.0502729770213247,-0.294892807729348
"2023-02-10 19:00:00",0.264640995646349,0.706545223521413
"2023-02-10 20:00:00",1.01971912945935,0.751211017385082
"2023-02-10 21:00:00",0.839158447474722,-0.794465188556814
"2023-02-10 22:00:00",0.933937846153503,0.682013906486765
"2023-02-10 23:00:00",0.921563002321487,-0.475908272734211
"2023-02-11 00:00:00",1.40237716107929,1.09458282553228
"2023-02-11 01:00:00",2.29806569254872,0.718724937280384
"2023-02-11 02:00:00",2.99214039094835,0.641698222721509
"2023-02-11 03:00:00",3.60680734317458,0.563582172403724
"2023-02-11 04:00:00",4.18330873273868,0.553071363640026
"2023-02-11 05:00:00",4.69923193394246,0.461251246047173
"2023-02-11 06:00:00",5.07734898046163,0.298671895231845
"2023-02-11 07:00:00",5.19556409803458,-0.0142475226652236
"2023-02-11 08:00:00",5.00493516388365,-0.305850970213589
"2023-02-11 09:00:00",4.60267769682291,-0.453861699498757
"2023-02-11 10:00:00",4.16393785279259,-0.413741132592518
"2023-02-11 11:00:00",3.7711653259621,-0.365495026891482
"2023-02-11 12:00:00",3.261835191562,-0.585875051149438
"2023-02-11 13:00:00",3.08356027366719,0.0977222320337982
"2023-02-11 14:00:00",3.54133081179753,0.672072259075388
"2023-02-11 15:00:00",4.08450223678454,0.426864488319786
"2023-02-11 16:00:00",4.65475653702926,0.633484502065422
"2023-02-11 17:00:00",5.27142930915511,0.570163148928696
"2023-02-11 18:00:00",5.85211379015466,0.553312089613139
"2023-02-11 19:00:00",6.43296728111508,0.564071321808291
"2023-02-11 20:00:00",6.7576086995004,0.141307936838733
"2023-02-11 21:00:00",6.84568143998989,0.0396902245704741
"2023-02-11 22:00:00",6.76207611800982,-0.170649407171175
"2023-02-11 23:00:00",6.59420203385719,-0.166760213369782
"2023-02-12 00:00:00",6.56643502165728,0.0577157654954152
"2023-02-12 01:00:00",6.74748754226803,0.246210654581661
"2023-02-12 02:00:00",6.80856484618389,-0.0739399800402858
"2023-02-12 03:00:00",6.83362408479227,0.0810933156954877
"2023-02-12 04:00:00",6.96755796945639,0.153990104580028
"2023-02-12 05:00:00",6.97930207039989,-0.0926214015202926
"2023-02-12 06:00:00",6.77356629788163,-0.280361144573947
"2023-02-12 07:00:00",6.29502284820467,-0.596651063092826
"2023-02-12 08:00:00",5.5742970255074,-0.777304241534314
"2023-02-12 09:00:00",5.03384373426689,-0.364056349741895
"2023-02-12 10:00:00",4.33954455273029,-0.887951284662685
"2023-02-12 11:00:00",3.54324801137939,-0.70294683083017
"2023-02-12 12:00:00",3.09847691032299,-0.256087435569422
"2023-02-12 13:00:00",3.31710001102335,0.520709926768969
"2023-02-12 14:00:00",3.81682771901722,0.45771865857852
"2023-02-12 15:00:00",4.38372374733332,0.607822828184544
"2023-02-12 16:00:00",4.5099277387726,-0.206515783370578
"2023-02-12 17:00:00",4.44138544670103,0.0208840924132311
"2023-02-12 18:00:00",4.71835665635985,0.428808423656823
"2023-02-12 19:00:00",5.20921453451371,0.502818176919942
"2023-02-12 20:00:00",5.6419754351109,0.358779748507662
"2023-02-12 21:00:00",6.00959239432252,0.348769186791218
"2023-02-12 22:00:00",6.35009049510733,0.311059951204222
"2023-02-12 23:00:00",6.62537770131617,0.230174942769439
"2023-02-13 00:00:00",6.99869884555505,0.442472917763949
"2023-02-13 01:00:00",7.20817992646185,0.0351829171417232
"2023-02-13 02:00:00",7.0994221557547,-0.208836936460716
"2023-02-13 03:00:00",6.85754573798488,-0.261556838752052
"2023-02-13 04:00:00",6.65101028371867,-0.168877323118915
"2023-02-13 05:00:00",6.52924427985032,-0.0931432094783012
"2023-02-13 06:00:00",6.21570509751275,-0.453981721598789
"2023-02-13 07:00:00",5.70949648060617,-0.52498078075649
"2023-02-13 08:00:00",5.38612051062263,-0.180965649686683
"2023-02-13 09:00:00",4.9077302498988,-0.660877715449651
"2023-02-13 10:00:00",4.26486574746688,-0.606631468719813
"2023-02-13 11:00:00",3.71012337769623,-0.499284908710182
"2023-02-13 12:00:00",3.26708600098061,-0.389267653627025
"2023-02-13 13:00:00",3.08357119738363,-0.0418380037752228
"2023-02-13 14:00:00",3.26534505179066,0.318234652472232
"2023-02-13 15:00:00",3.55928680916509,0.259571135050202
"2023-02-13 16:00:00",3.74388533929332,0.1212591537383
"2023-02-13 17:00:00",3.74123721262078,-0.0899501004720633
"2023-02-13 18:00:00",3.76712423655671,0.097059390915135
"2023-02-13 19:00:00",3.6638489312285,-0.236776234762408
"2023-02-13 20:00:00",3.43124715459094,-0.223486984482202
"2023-02-13 21:00:00",2.74315740958656,-0.969543588684887
"2023-02-13 22:00:00",2.19170662683326,-0.250057192831715
"2023-02-13 23:00:00",2.15318211391277,0.101501325424844
"2023-02-14 00:00:00",2.96325877395278,1.24118332496007
"2023-02-14 01:00:00",3.10623320109577,-0.599764952534645
"2023-02-14 02:00:00",2.21320068892406,-1.05010726002909
"2023-02-14 03:00:00",1.61592836016945,-0.26985740326989
"2023-02-14 04:00:00",1.80164944402817,0.478527314487118
"2023-02-14 05:00:00",1.99675190424172,-0.00543698855163949
"2023-02-14 06:00:00",1.15056158419152,-1.36904564843707
"2023-02-14 07:00:00",-0.824385739133616,-2.28650932383081
"2023-02-14 08:00:00",-1.23629973628589,0.858431275448009
"2023-02-14 09:00:00",-0.0982193788019221,1.27202216957965
"2023-02-14 10:00:00",1.32561548053822,1.457508455446
"2023-02-14 11:00:00",2.57117316137268,1.04336327114689
"2023-02-14 12:00:00",2.1986516841527,-1.30203990206773
"2023-02-14 13:00:00",1.75643762166516,0.149174025585165
"2023-02-14 14:00:00",1.99693732422547,0.28769072848715
"2023-02-14 15:00:00",2.43931920165515,0.521912618921156
"2023-02-14 16:00:00",2.08650725568391,-0.92232969381132
"2023-02-14 17:00:00",0.929034585524808,-1.26191831034835
"2023-02-14 18:00:00",0.172015101329213,-0.385650029409008
"2023-02-14 19:00:00",-0.0344390666662299,-0.0774033691185486
"2023-02-14 20:00:00",-0.349752096185884,-0.458888937166824
"2023-02-14 21:00:00",-0.985873853934204,-0.723596187337956
"2023-02-14 22:00:00",-1.54642377352345,-0.423946881242523
"2023-02-14 23:00:00",-2.0719538027118,-0.566285418474065
"2023-02-15 00:00:00",-2.49675403781612,-0.307622229796318
"2023-02-15 01:00:00",-3.16169627719101,-0.868336616613337
"2023-02-15 02:00:00",-3.68842406127535,-0.269888499763555
"2023-02-15 03:00:00",-3.79659434615907,0.00953310482176446
"2023-02-15 04:00:00",-3.77570938885017,0.0323525661912883
"2023-02-15 05:00:00",-3.84476580610043,-0.128514383723577
"2023-02-15 06:00:00",-4.02788420326092,-0.205864440189166
"2023-02-15 07:00:00",-4.09503515690466,0.0337044244582048
"2023-02-15 08:00:00",-3.38604354656971,1.13076147353775
"2023-02-15 09:00:00",-2.14860542259831,1.25411566500414
"2023-02-15 10:00:00",-0.868290012473965,1.23971052975484
"2023-02-15 11:00:00",0.468393414333178,1.33893146907187
"2023-02-15 12:00:00",1.31105227229597,0.471169868323949
"2023-02-15 13:00:00",2.12133562395072,0.996161623879611
"2023-02-15 14:00:00",3.04990239256051,0.836645853957087
"2023-02-15 15:00:00",3.19725291761849,-0.323104016552828
"2023-02-15 16:00:00",1.25285657832518,-2.9369631119248
"2023-02-15 17:00:00",-1.04437231983231,-1.76319821929526
"2023-02-15 18:00:00",-2.14812905437993,-0.610340928136486
"2023-02-15 19:00:00",-2.89553377486729,-0.800494775192531
"2023-02-15 20:00:00",-2.86693130260273,0.583696624778028
"2023-02-15 21:00:00",-2.27688281813767,0.569938576459628
"2023-02-15 22:00:00",-2.05423596011306,-0.0165230933323277
"2023-02-15 23:00:00",-2.24048595661419,-0.287901792212359
"2023-02-16 00:00:00",-2.02307508989235,0.546836131793017
"2023-02-16 01:00:00",-2.22409111845027,-0.687416626246343
"2023-02-16 02:00:00",-2.52391243753559,-0.0243155467380811
"2023-02-16 03:00:00",-2.54132058356146,-0.00872376359890541
"2023-02-16 04:00:00",-2.26421760308225,0.457757900022787
"2023-02-16 05:00:00",-1.85814607181103,0.355235937585236
"2023-02-16 06:00:00",-1.93944754860565,-0.366063705506748
"2023-02-16 07:00:00",-1.96007281457644,0.213142395768265
"2023-02-16 08:00:00",-0.965877436827894,1.47017077643674
"2023-02-16 09:00:00",0.706642287841027,1.72918430547274
"2023-02-16 10:00:00",2.32571375289657,1.46781633463486
"2023-02-16 11:00:00",3.61160562572775,1.1005092893523
"2023-02-16 12:00:00",4.30270787219443,0.380674199545413
"2023-02-16 13:00:00",5.13385076537665,1.08641045051468
"2023-02-16 14:00:00",6.03896655588863,0.7346287493517
"2023-02-16 15:00:00",6.13368053695877,-0.34417118382443
"2023-02-16 16:00:00",5.7480480461429,-0.402851720673041
"2023-02-16 17:00:00",4.25582090920495,-2.1549623685606
"2023-02-16 18:00:00",3.29693881276871,-0.121427303897903
"2023-02-16 19:00:00",4.27144359970804,1.65455756363038
"2023-02-16 20:00:00",5.40394490433475,0.725149786387502
"2023-02-16 21:00:00",5.97228296401547,0.429828117208178
"2023-02-16 22:00:00",6.2977463552324,0.232726414805532
"2023-02-16 23:00:00",6.47521417049154,0.124080966808523
"2023-02-17 00:00:00",6.30363107625365,-0.368879549512953
"2023-02-17 01:00:00",6.28455733380259,0.206909725768708
"2023-02-17 02:00:00",6.47150419535232,0.156656662536017
"2023-02-17 03:00:00",6.64909404238472,0.174766959853317
"2023-02-17 04:00:00",6.95262879422014,0.366386724868871
"2023-02-17 05:00:00",7.27769543403321,0.273114297287511
"2023-02-17 06:00:00",7.48500310135605,0.144208188800459
"2023-02-17 07:00:00",7.51538856520029,-0.0565841097262266
"2023-02-17 08:00:00",7.37108465169386,-0.205609861549345
"2023-02-17 09:00:00",7.00369488121704,-0.467281441101204
"2023-02-17 10:00:00",6.5243151422126,-0.473690248216811
"2023-02-17 11:00:00",5.97303557515917,-0.585215658309359
"2023-02-17 12:00:00",6.05501275896643,0.515172559495213
"2023-02-17 13:00:00",6.65195206171339,0.615280908051595
"2023-02-17 14:00:00",7.85290595769502,1.52575571828305
"2023-02-17 15:00:00",8.7754282995017,0.466416668952339
"2023-02-17 16:00:00",9.32986791817629,0.575465999809217
"2023-02-17 17:00:00",9.86649217234304,0.473207728138059
"2023-02-17 18:00:00",10.0966965113343,0.0445517379980744
"2023-02-17 19:00:00",9.627882265189,-0.801785255625108
"2023-02-17 20:00:00",8.77145318792451,-0.864567163566666
"2023-02-17 21:00:00",7.74886472097391,-1.09064433080215
"2023-02-17 22:00:00",6.81625435522159,-0.792924278882724
"2023-02-17 23:00:00",6.11555840835972,-0.614698206606375
"2023-02-18 00:00:00",5.7433320164144,-0.200773772088322
"2023-02-18 01:00:00",5.77761591762013,0.181956385204424
"2023-02-18 02:00:00",5.88767613178019,0.0494552426374617
"2023-02-18 03:00:00",5.9120730543791,-0.00105450151045253
"2023-02-18 04:00:00",5.95821231131328,0.0677904510851803
"2023-02-18 05:00:00",5.66060935364368,-0.534730269395224
"2023-02-18 06:00:00",5.25499425837754,-0.307559436067371
"2023-02-18 07:00:00",5.1507402962783,0.029463247103179
"2023-02-18 08:00:00",5.17625401759806,0.0150311314940223
"2023-02-18 09:00:00",4.68195356296371,-0.81703036189544
"2023-02-18 10:00:00",3.49232151097889,-1.38753157267381
"2023-02-18 11:00:00",2.38313965362044,-0.875411099865224
"2023-02-18 12:00:00",1.48395491050317,-0.875375792960602
"2023-02-18 13:00:00",2.81677000179268,2.73967071890512
"2023-02-18 14:00:00",4.97620928882818,1.66638002928584
"2023-02-18 15:00:00",5.99858779256511,0.538056322612481
"2023-02-18 16:00:00",6.38681930764026,0.2621717329438
"2023-02-18 17:00:00",6.13368637094332,-0.59286488689592
"2023-02-18 18:00:00",4.89945854866596,-1.61105001082451
"2023-02-18 19:00:00",4.30756978333975,0.109353328112183
"2023-02-18 20:00:00",4.44525487762655,0.144479196149227
"2023-02-18 21:00:00",4.598109809867,0.145446957661565
"2023-02-18 22:00:00",4.58622734990981,-0.122127422126281
"2023-02-18 23:00:00",4.38942055744387,-0.243149857775463
"2023-02-19 00:00:00",4.43849311952535,0.235896129422772
"2023-02-19 01:00:00",4.59353426110124,0.0880518495662078
"2023-02-19 02:00:00",4.62535577409755,-0.0130960902286973
"2023-02-19 03:00:00",4.45189879925018,-0.278080072778835
"2023-02-19 04:00:00",4.22307170238079,-0.190855315707408
"2023-02-19 05:00:00",3.75638182329731,-0.633841507082946
"2023-02-19 06:00:00",3.05895549007381,-0.711514706680453
"2023-02-19 07:00:00",2.34320880249835,-0.688497894655531
"2023-02-19 08:00:00",1.70198260745284,-0.582261053594011
"2023-02-19 09:00:00",1.47201868931939,0.013631437380252
"2023-02-19 10:00:00",1.49774357391316,0.0306677795432932
"2023-02-19 11:00:00",1.39873862889855,-0.182677300674164
"2023-02-19 12:00:00",1.3465335600704,0.0354532909838716
"2023-02-19 13:00:00",1.49773096065465,0.219438894889726
"2023-02-19 14:00:00",1.65793021173763,0.111164288018956
"2023-02-19 15:00:00",1.56408546072629,-0.228192091914014
"2023-02-19 16:00:00",0.865426695599021,-0.981113568354036
"2023-02-19 17:00:00",-0.777387232935461,-2.00698976537631
"2023-02-19 18:00:00",-2.24946016922477,-1.04451404979922
"2023-02-19 19:00:00",-2.52062335883154,0.260179477129793
"2023-02-19 20:00:00",-1.80323976918437,0.991339634206338
"2023-02-19 21:00:00",-0.423289214727427,1.57576940380107
"2023-02-19 22:00:00",0.68220874176385,0.740001856261531
"2023-02-19 23:00:00",0.683866000061875,-0.491521992939006
"2023-02-20 00:00:00",0.776498412566046,0.476779037823721
"2023-02-20 01:00:00",0.920061443422678,-0.0863998326667797
"2023-02-20 02:00:00",1.43324706056835,0.887330653027379
"2023-02-20 03:00:00",2.77819790683077,1.58426774040964
"2023-02-20 04:00:00",4.14609516247122,1.1550711329901
"2023-02-20 05:00:00",5.04828549626681,0.685391840267291
"2023-02-20 06:00:00",5.37086256854562,0.0588707966674701
"2023-02-20 07:00:00",5.30058886592814,-0.159950088497951
"2023-02-20 08:00:00",5.4197348197969,0.292714780811899
"2023-02-20 09:00:00",5.62621353516933,0.132193394737089
"2023-02-20 10:00:00",5.7460286901966,0.0986196813440343
"2023-02-20 11:00:00",5.78360790240811,-0.0123037932980586
"2023-02-20 12:00:00",5.41779315300194,-0.591554185011724
"2023-02-20 13:00:00",4.8210484304231,-0.578829441464442
"2023-02-20 14:00:00",4.64668122296874,0.0973431577393241
"2023-02-20 15:00:00",4.87804053663332,0.303720167697941
"2023-02-20 16:00:00",5.21388074260725,0.335008470193785
"2023-02-20 17:00:00",5.73594855866681,0.615245026724021
"2023-02-20 18:00:00",6.41849388472666,0.687586000045921
"2023-02-20 19:00:00",7.05755335529003,0.568070459421941
"2023-02-20 20:00:00",7.5717640785344,0.444775544069478
"2023-02-20 21:00:00",8.01882168246517,0.417578119227987
"2023-02-20 22:00:00",8.35064661429534,0.248555980790437
"2023-02-20 23:00:00",8.54545917666956,0.138966248023736
"2023-02-21 00:00:00",8.72543701096962,0.187754356970768
"2023-02-21 01:00:00",8.83051507458768,0.0337246645831682
"2023-02-21 02:00:00",9.10912763815332,0.417249948895349
"2023-02-21 03:00:00",9.45492023267249,0.269985339800273
"2023-02-21 04:00:00",9.73142864342734,0.25553398018313
"2023-02-21 05:00:00",9.97959968059708,0.218929686742091
"2023-02-21 06:00:00",9.8957482596143,-0.29457718244445
"2023-02-21 07:00:00",9.37519804444372,-0.659211762622785
"2023-02-21 08:00:00",8.63916209235848,-0.764356096353779
"2023-02-21 09:00:00",7.98114334573478,-0.566992137720245
"2023-02-21 10:00:00",7.5180630052704,-0.382086166867337
"2023-02-21 11:00:00",7.1496648227496,-0.351454712358728
"2023-02-21 12:00:00",7.04858977059394,0.0614318931755418
"2023-02-21 13:00:00",6.8776242232966,-0.326853163502096
"2023-02-21 14:00:00",6.62674909752715,-0.197165009073552
"2023-02-21 15:00:00",6.3414461676271,-0.339042338347446
"2023-02-21 16:00:00",5.98826155830466,-0.354001084845343
"2023-02-21 17:00:00",5.43389211768602,-0.66931925388325
"2023-02-21 18:00:00",4.51073542238353,-1.05551307152872
"2023-02-21 19:00:00",4.51705422877217,0.708081974682919
"2023-02-21 20:00:00",4.80619709631313,-0.00970568723168083
"2023-02-21 21:00:00",4.56206894042972,-0.394999590472307
"2023-02-21 22:00:00",4.72255268434001,0.517294957999495
"2023-02-21 23:00:00",5.18620036270798,0.399765729587846
"2023-02-22 00:00:00",5.56461843123946,0.339521436565059
"2023-02-22 01:00:00",4.97967203699414,-1.18062212578724
"2023-02-22 02:00:00",4.38472332311574,-0.182651578494112
"2023-02-22 03:00:00",4.12892332950037,-0.29805946316047
"2023-02-22 04:00:00",3.81636124442302,-0.312698099442367
"2023-02-22 05:00:00",3.60519001961805,-0.138370811904707
"2023-02-22 06:00:00",3.46550197667158,-0.138573928276084
"2023-02-22 07:00:00",3.81346993216314,0.651322881912862
"2023-02-22 08:00:00",4.52615165481792,0.714806726620504
"2023-02-22 09:00:00",4.90427756380597,0.129875146703363
"2023-02-22 10:00:00",5.02219435708087,0.0980217315259483
"2023-02-22 11:00:00",4.92731732307774,-0.225437118473377
"2023-02-22 12:00:00",4.95522708875546,0.189129258534063
"2023-02-22 13:00:00",5.04585148441665,0.0142639004960612
"2023-02-22 14:00:00",5.22887691879813,0.280331907830916
"2023-02-22 15:00:00",5.41278257398453,0.104145587265715
"2023-02-22 16:00:00",5.31367536512159,-0.236872158758092
"2023-02-22 17:00:00",5.02040645278794,-0.323777340990336
"2023-02-22 18:00:00",4.97635064652053,0.13804629310732
"2023-02-22 19:00:00",5.31988643141938,0.457789359353923
"2023-02-22 20:00:00",5.62391378681095,0.180218719194048
"2023-02-22 21:00:00",5.44646611167704,-0.414702657190455
"2023-02-22 22:00:00",5.0330013547383,-0.400010217094197
"2023-02-22 23:00:00",4.50586354616951,-0.593324356832862
"2023-02-23 00:00:00",4.12246557219845,-0.231036829553167
"2023-02-23 01:00:00",3.92204023455742,-0.175806129441068
"2023-02-23 02:00:00",3.66539321225161,-0.303398261951868
"2023-02-23 03:00:00",3.38316376557407,-0.259428989649293
"2023-02-23 04:00:00",3.25422147115143,-0.0401849104766059
"2023-02-23 05:00:00",3.07324318535472,-0.27043235256938
"2023-02-23 06:00:00",2.59206021993944,-0.602775660623207
"2023-02-23 07:00:00",2.5989629356344,0.409679963173688
"2023-02-23 08:00:00",3.01715537095834,0.400646072739181
"2023-02-23 09:00:00",3.50153317951371,0.513292806409954
"2023-02-23 10:00:00",4.34464788928379,1.01841593090085
"2023-02-23 11:00:00",5.17830045936424,0.66526595050457
"2023-02-23 12:00:00",5.15140448803907,-0.493724105548451
"2023-02-23 13:00:00",5.49941137983552,0.885976259476588
"2023-02-23 14:00:00",5.88204810109943,0.0218135349580985
"2023-02-23 15:00:00",5.86716681147376,-0.0462165245924923
"2023-02-23 16:00:00",5.72561531106191,-0.205941045487817
"2023-02-23 17:00:00",5.51722390756991,-0.207500325289478
"2023-02-23 18:00:00",5.53694131405936,0.163146903586645
"2023-02-23 19:00:00",6.03357193345901,0.688214890754641
"2023-02-23 20:00:00",6.59307905926521,0.439341146658923
"2023-02-23 21:00:00",6.75069966337603,-0.0461757576861117
"2023-02-23 22:00:00",6.55861087284672,-0.288933487135168
"2023-02-23 23:00:00",6.25682921150175,-0.30445789282182
"2023-02-24 00:00:00",5.95443768265403,-0.294707047962326
"2023-02-24 01:00:00",5.49225608246003,-0.559539703551972
"2023-02-24 02:00:00",4.31258418479063,-1.54410641624721
"2023-02-24 03:00:00",3.0100298330677,-1.08518299685369
"2023-02-24 04:00:00",2.23168094467366,-0.540688347673146
"2023-02-24 05:00:00",1.19309608965479,-1.3240330964369
"2023-02-24 06:00:00",0.0755208407028044,-0.92836997242264
"2023-02-24 07:00:00",-0.189992053180158,0.188904038584982
"2023-02-24 08:00:00",-0.256796565474539,-0.233854666373794
"2023-02-24 09:00:00",-0.761835382592355,-0.661495166821247
"2023-02-24 10:00:00",-1.27626963892408,-0.390968024287242
"2023-02-24 11:00:00",-1.71672745042518,-0.450875577456742
"2023-02-24 12:00:00",-2.93905048205219,-1.67631646510168
"2023-02-24 13:00:00",-3.88878706906931,-0.416440072985644
"2023-02-24 14:00:00",-4.09801363442611,-0.0561331769889446
"2023-02-24 15:00:00",-4.09192682769184,0.0525575358266824
"2023-02-24 16:00:00",-3.88823677503028,0.300036978797534
"2023-02-24 17:00:00",-3.24379232103745,0.848432333499903
"2023-02-24 18:00:00",-2.22626520321868,1.08608276978216
"2023-02-24 19:00:00",-1.03023958239516,1.21535400231257
"2023-02-24 20:00:00",0.0971788555640423,1.01654908247682
"2023-02-24 21:00:00",1.01324529611864,0.805423032718991
"2023-02-24 22:00:00",1.74891355073137,0.652901709521848
"2023-02-24 23:00:00",2.1525845612143,0.216084191510828
"2023-02-25 00:00:00",1.77786866120968,-0.753543519618708
"2023-02-25 01:00:00",1.38795592358366,-0.131258866874554
"2023-02-25 02:00:00",1.39185840097563,0.0920345593026122
"2023-02-25 03:00:00",1.5755270401663,0.234235634381612
"2023-02-25 04:00:00",1.48795983851285,-0.299967877948221
"2023-02-25 05:00:00",0.964177043821605,-0.650017772823441
"2023-02-25 06:00:00",0.576077328362999,-0.196290815295576
"2023-02-25 07:00:00",-0.0322777008807833,-0.854893550539687
"2023-02-25 08:00:00",-1.02827010521348,-1.04268620440082
"2023-02-25 09:00:00",-2.14171104788573,-1.10637494823095
"2023-02-25 10:00:00",-3.21334440264316,-0.994789556363084
"2023-02-25 11:00:00",-4.35641559726903,-1.18346523841597
"2023-02-25 12:00:00",-4.67789130648235,0.274064236438454
"2023-02-25 13:00:00",-5.15469967424958,-0.948696101331505
"2023-02-25 14:00:00",-5.40032593796813,0.24139336096088
"2023-02-25 15:00:00",-5.48244203851866,-0.286924486962218
"2023-02-25 16:00:00",-5.31643319975248,0.467135300694291
"2023-02-25 17:00:00",-5.18724761435404,-0.0953984981918433
"2023-02-25 18:00:00",-4.93778343409331,0.474198631914833
"2023-02-25 19:00:00",-4.27580095395835,0.762075419564326
"2023-02-25 20:00:00",-3.73721062061819,0.369519107383117
"2023-02-25 21:00:00",-3.70909768885872,-0.196007491555472
"2023-02-25 22:00:00",-3.84050469342591,-0.077316837992773
"2023-02-25 23:00:00",-3.93563871984359,-0.0975423857539003
"2023-02-26 00:00:00",-3.66596756982834,0.506732881251543
"2023-02-26 01:00:00",-3.65779532861403,-0.319860288033866
"2023-02-26 02:00:00",-3.61387647549767,0.289060602916206
"2023-02-26 03:00:00",-3.4661208728396,0.0511894363978936
"2023-02-26 04:00:00",-3.81652665868327,-0.597013920597443
"2023-02-26 05:00:00",-4.33011613667841,-0.428650721905668
"2023-02-26 06:00:00",-4.95166861008768,-0.715035923552946
"2023-02-26 07:00:00",-5.22944648092227,0.0333030926632523
"2023-02-26 08:00:00",-4.55424721389194,1.07777642025754
"2023-02-26 09:00:00",-3.80978150417667,0.492754378092708
"2023-02-26 10:00:00",-3.58127343880085,0.0463975473782782
"2023-02-26 11:00:00",-3.70180862032344,-0.221479217809652
"2023-02-26 12:00:00",-4.17573522299462,-0.614931191245448
"2023-02-26 13:00:00",-4.49820952015572,-0.106801725923971
"2023-02-26 14:00:00",-4.39221541655353,0.248615192510655
"2023-02-26 15:00:00",-4.07272563193987,0.357216554129153
"2023-02-26 16:00:00",-4.01851532978088,-0.145118392042856
"2023-02-26 17:00:00",-4.49313692060272,-0.666554721033855
"2023-02-26 18:00:00",-4.72403201138691,0.0763015742421236
"2023-02-26 19:00:00",-5.68950329308904,-1.60800883264638
"2023-02-26 20:00:00",-6.69827812479878,-0.5540244525041
"2023-02-26 21:00:00",-7.12867190567151,-0.318891319023221
"2023-02-26 22:00:00",-6.15146613602035,1.80400566927958
"2023-02-26 23:00:00",-4.90305577502714,0.826622846929423
"2023-02-27 00:00:00",-4.23539930784564,0.536272122961658
"2023-02-27 01:00:00",-5.04399886671918,-1.66128367014144
"2023-02-27 02:00:00",-6.16978029877154,-0.708789892012131
"2023-02-27 03:00:00",-6.82186703955224,-0.575348184390299
"2023-02-27 04:00:00",-6.95544727066813,0.176065032310956
"2023-02-27 05:00:00",-6.38841846876775,0.809684822266686
"2023-02-27 06:00:00",-5.43147049503541,1.01788028346874
"2023-02-27 07:00:00",-5.01766092986103,-0.00156243228708497
"2023-02-27 08:00:00",-4.53315040301122,0.791995793704923
"2023-02-27 09:00:00",-3.76788488045763,0.716922115263995
"2023-02-27 10:00:00",-3.06020733954942,0.672741493739902
"2023-02-27 11:00:00",-2.89953800164308,-0.184397860226587
"2023-02-27 12:00:00",-3.28774388628031,-0.501891977101181
"2023-02-27 13:00:00",-3.45495315965364,0.0680910056868947
"2023-02-27 14:00:00",-3.43115187830419,-0.0024036862265643
"2023-02-27 15:00:00",-3.40679117915449,0.0454670836119555
"2023-02-27 16:00:00",-3.27546172249873,0.186719355624236
"2023-02-27 17:00:00",-3.48105084942002,-0.453133483672595
"2023-02-27 18:00:00",-3.73273879473521,-0.100947474404042
"2023-02-27 19:00:00",-3.47773557020297,0.484992079283328
"2023-02-27 20:00:00",-3.9323456996233,-1.05491683312968
"2023-02-27 21:00:00",-4.87451651821706,-0.817169524702037
"2023-02-27 22:00:00",-4.87700866585284,0.547016625413914
"2023-02-27 23:00:00",-4.05453067498623,0.973316662398983
"2023-02-28 00:00:00",-3.11021374553808,0.885335418145065
"2023-02-28 01:00:00",-2.53880725844653,0.33897901107342
"2023-02-28 02:00:00",-2.96008488432046,-0.904816475028409
"2023-02-28 03:00:00",-4.74284688412129,-2.27951906188024
"2023-02-28 04:00:00",-5.83104977729679,-0.23618323059006
"2023-02-28 05:00:00",-6.11021285634933,-0.287036311382998
"2023-02-28 06:00:00",-6.91223738360786,-1.09935891502739
"2023-02-28 07:00:00",-6.66599809730262,1.14049553051494
"2023-02-28 08:00:00",-5.14972460315721,1.7033253344934
"2023-02-28 09:00:00",-3.497782193215,1.54582437737794
"2023-02-28 10:00:00",-2.7425567191713,0.196787849199595
"2023-02-28 11:00:00",-2.7856427629616,-0.197417800451051
"2023-02-28 12:00:00",-2.64613325969588,0.361084072574617
"2023-02-28 13:00:00",-2.4831367462309,0.0266046801339548
"2023-02-28 14:00:00",-2.44957820688939,0.0397994460676392
"2023-02-28 15:00:00",-2.440088621157,-0.00801106932330001
"2023-02-28 16:00:00",-3.93817487136568,-2.41712052235275
"2023-02-28 17:00:00",-5.61149949292898,-1.09287904750605
"2023-02-28 18:00:00",-5.64454398758952,0.682301132716718
"2023-02-28 19:00:00",-4.6574759869941,1.15061117457168
"2023-02-28 20:00:00",-5.30692523686966,-1.81260622548407
"2023-02-28 21:00:00",-6.4904018943363,-0.700987507188192
"2023-02-28 22:00:00",-5.76459241560827,1.65086488792319
"2023-02-28 23:00:00",-4.85495134346089,0.379702887523514
"2023-03-01 00:00:00",-6.40844011676386,-2.76218456267734
"2023-03-01 01:00:00",-8.26136522227679,-1.15045468664437
"2023-03-01 02:00:00",-9.02677523625589,-0.461700555227884
"2023-03-01 03:00:00",-8.51958334538678,1.1406396959872
"2023-03-01 04:00:00",-7.49945682471831,0.902288303860439
"2023-03-01 05:00:00",-7.48268264605003,-0.564691919296075
"2023-03-01 06:00:00",-8.96687472331885,-2.01701181069737
"2023-03-01 07:00:00",-9.75686921584549,0.0770979262546486
"2023-03-01 08:00:00",-8.2798106497081,2.35273366233456
"2023-03-01 09:00:00",-4.93862976962154,3.85203310869916
"2023-03-01 10:00:00",-2.29563952200266,1.71774600291411
"2023-03-01 11:00:00",-1.17585516635124,0.670896716931764
"2023-03-01 12:00:00",-0.500902038010833,0.647099219909715
"2023-03-01 13:00:00",0.204836889205973,0.711940604330485
"2023-03-01 14:00:00",0.712692409241162,0.347404178142157
"2023-03-01 15:00:00",0.874342506981751,0.0292162571794461
"2023-03-01 16:00:00",-0.771523859597501,-2.68548539365407
"2023-03-01 17:00:00",-2.80903393998697,-1.5077184915643
"2023-03-01 18:00:00",-4.24469998516225,-1.31579025663037
"2023-03-01 19:00:00",-4.41690309683943,0.603828109050042
"2023-03-01 20:00:00",-5.43342637161108,-2.04274312872335
"2023-03-01 21:00:00",-5.9928363772716,0.46304631401127
"2023-03-01 22:00:00",-5.21515480745762,0.958202274482019
"2023-03-01 23:00:00",-6.35191894687427,-2.47264627051837
"2023-03-02 00:00:00",-5.92603103575588,2.34615849060544
"2023-03-02 01:00:00",-4.78503450446435,0.290985647621448
"2023-03-02 02:00:00",-5.15855626311111,-0.792603716250592
"2023-03-02 03:00:00",-5.84926032878034,-0.583303007673201
"2023-03-02 04:00:00",-5.92697329684411,0.270571560210661
"2023-03-02 05:00:00",-5.39742541754576,0.684669536235635
"2023-03-02 06:00:00",-5.09591868214953,0.0386968804248479
"2023-03-02 07:00:00",-5.43186560706465,-0.563174677655845
"2023-03-02 08:00:00",-5.81562399070128,-0.238914113525373
"2023-03-02 09:00:00",-5.60956788049747,0.500400243454167
"2023-03-02 10:00:00",-4.77792819475797,1.02017172777077
"2023-03-02 11:00:00",-3.70682153354913,1.06032122668468
"2023-03-02 12:00:00",-3.10485829996097,0.272568093689597
"2023-03-02 13:00:00",-2.45583114622605,0.873155170099516
"2023-03-02 14:00:00",-2.23876203651997,-0.22746461201397
"2023-03-02 15:00:00",-2.90305629091363,-0.921057396339232
"2023-03-02 16:00:00",-3.95860050352296,-1.09130092575774
"2023-03-02 17:00:00",-5.66426872193118,-2.02908619460707
"2023-03-02 18:00:00",-6.15467264832836,0.565969537304379
"2023-03-02 19:00:00",-5.61243210630905,0.508585441700837
"2023-03-02 20:00:00",-5.86931110648674,-0.747741117999403
"2023-03-02 21:00:00",-6.14301133513246,0.0628909144578049
"2023-03-02 22:00:00",-5.16186500177962,1.55459867512324
"2023-03-02 23:00:00",-5.22996158435042,-1.13998766480891
"2023-03-03 00:00:00",-6.40381737187488,-1.13391397594627
"2023-03-03 01:00:00",-6.23361863300902,1.03975670987681
"2023-03-03 02:00:00",-5.56238543258464,0.401691058973837
"2023-03-03 03:00:00",-5.4876425287872,-0.13960291619474
"2023-03-03 04:00:00",-5.67941911924754,-0.210373999199718
"2023-03-03 05:00:00",-5.79725741084737,-0.0432307884485885
"2023-03-03 06:00:00",-5.76878050242806,0.0823983475404265
"2023-03-03 07:00:00",-6.02521671252037,-0.462702785976347
"2023-03-03 08:00:00",-6.46568942671895,-0.396957868674282
"2023-03-03 09:00:00",-6.80947840079086,-0.283675353420145
"2023-03-03 10:00:00",-6.33752511454876,0.962044941446311
"2023-03-03 11:00:00",-5.39526333460299,0.892464061785826
"2023-03-03 12:00:00",-5.71230769540923,-1.10135161659789
"2023-03-03 13:00:00",-5.78704690307472,0.620569905275845
"2023-03-03 14:00:00",-4.86644510204563,1.08433044001963
"2023-03-03 15:00:00",-3.91026871315485,0.831575792135166
"2023-03-03 16:00:00",-3.68932185803711,-0.19159271620241
"2023-03-03 17:00:00",-4.20768082480443,-0.706813320974557
"2023-03-03 18:00:00",-4.33055576777574,0.277671663447089
"2023-03-03 19:00:00",-4.0582846991001,0.261312922180004
"2023-03-03 20:00:00",-3.89754721968152,0.0912796643837991
"2023-03-03 21:00:00",-3.54532111048871,0.514472267997313
"2023-03-03 22:00:00",-3.03490397854174,0.488027544948288
"2023-03-03 23:00:00",-2.83238344432051,0.00647286420498033
"2023-03-04 00:00:00",-2.22713136020643,0.979320087297363
"2023-03-04 01:00:00",-1.79552020959756,0.0488380214596006
"2023-03-04 02:00:00",-1.51533629476238,0.423411442303471
"2023-03-04 03:00:00",-0.492501968047649,1.37579105132537
"2023-03-04 04:00:00",0.641039278089006,0.918813591516506
"2023-03-04 05:00:00",1.41829405826997,0.645123147183962
"2023-03-04 06:00:00",1.71850971600302,0.0541875571454526
"2023-03-04 07:00:00",1.57545041109818,-0.269971367179804
"2023-03-04 08:00:00",1.16093987704261,-0.493201193559301
"2023-03-04 09:00:00",0.635216243246216,-0.523918826887507
"2023-03-04 10:00:00",-0.111920933036861,-0.861261951242364
"2023-03-04 11:00:00",-0.94662120030306,-0.777184136384246
"2023-03-04 12:00:00",-1.19611402443206,0.115370985654702
"2023-03-04 13:00:00",-1.42970086351202,-0.453580251115187
"2023-03-04 14:00:00",-1.94952164697709,-0.537436535779504
"2023-03-04 15:00:00",-2.27421869513863,-0.16493158129084
"2023-03-04 16:00:00",-2.31850529883247,0.0411770405198209
"2023-03-04 17:00:00",-2.28331763879035,0.0325103280933084
"2023-03-04 18:00:00",-1.99640324874661,0.445822515734733
"2023-03-04 19:00:00",-1.56515687332168,0.403609118843699
"2023-03-04 20:00:00",-1.2253835633893,0.283087868691611
"2023-03-04 21:00:00",-1.03816041984084,0.115996708012021
"2023-03-04 22:00:00",-2.52544920203387,-2.48411492491308
"2023-03-04 23:00:00",-4.14150474420577,-0.957310869700347
"2023-03-05 00:00:00",-3.01493284943718,2.46760633088595
"2023-03-05 01:00:00",-1.63516502249735,0.592873770577915
"2023-03-05 02:00:00",-1.17975277279737,0.344238954615739
"2023-03-05 03:00:00",-1.83100344463212,-1.28243196243743
"2023-03-05 04:00:00",-2.79854555961007,-0.709282697479038
"2023-03-05 05:00:00",-3.01063000459067,0.133059761600773
"2023-03-05 06:00:00",-3.01062212982805,-0.0848127726406796
"2023-03-05 07:00:00",-2.90025697835372,0.239116560704975
"2023-03-05 08:00:00",-2.66787802069258,0.22058205807034
"2023-03-05 09:00:00",-2.57404143906089,0.00831978817717605
"2023-03-05 10:00:00",-2.9894902760937,-0.674897716148174
"2023-03-05 11:00:00",-3.4639751088766,-0.314479044820329
"2023-03-05 12:00:00",-4.15029446476894,-0.897131586732073
"2023-03-05 13:00:00",-4.45957943117288,0.102651227519458
"2023-03-05 14:00:00",-4.30492459064351,0.187720825628556
"2023-03-05 15:00:00",-4.33744055310921,-0.172245560275911
"2023-03-05 16:00:00",-4.48714346041302,-0.121971733179191
"2023-03-05 17:00:00",-5.76691229637405,-1.98502461258302
"2023-03-05 18:00:00",-6.78578256103612,-0.318930979924391
"2023-03-05 19:00:00",-5.99757123320179,1.49758255239884
"2023-03-05 20:00:00",-4.93837401036262,0.724341351617984
"2023-03-05 21:00:00",-4.02602306486083,1.00069779196352
"2023-03-05 22:00:00",-3.49956544596776,0.190473838042832
"2023-03-05 23:00:00",-3.2075172481418,0.350394874730543
"2023-03-06 00:00:00",-2.89205890298358,0.281310534271445
"2023-03-06 01:00:00",-2.60302413442041,0.284176119103889
"2023-03-06 02:00:00",-2.29941591874856,0.305489705956427
"2023-03-06 03:00:00",-1.60087433897408,0.930340501681292
"2023-03-06 04:00:00",-0.762435829307863,0.739392371701197
"2023-03-06 05:00:00",-0.922669937355188,-0.75137825920396
"2023-03-06 06:00:00",-1.77394237414164,-0.876226561515977
"2023-03-06 07:00:00",-2.63566886034738,-0.808825349643355
"2023-03-06 08:00:00",-3.43510333533395,-0.751789073928972
"2023-03-06 09:00:00",-4.1986172321433,-0.730622164395198
"2023-03-06 10:00:00",-4.58413946757692,-0.131729417929273
"2023-03-06 11:00:00",-4.28566975506045,0.576988296190605
"2023-03-06 12:00:00",-5.26032551892613,-1.95723013380627
"2023-03-06 13:00:00",-6.2358702336413,-0.267963145423316
"2023-03-06 14:00:00",-5.97025327573872,0.61674457954531
"2023-03-06 15:00:00",-5.19093591595738,0.85835796285586
"2023-03-06 16:00:00",-4.69249427079624,0.24150488174618
"2023-03-06 17:00:00",-5.68769704630038,-1.76632248095538
"2023-03-06 18:00:00",-6.79166084315825,-0.602610016269651
"2023-03-06 19:00:00",-7.13960549358468,-0.152884800120842
"2023-03-06 20:00:00",-7.20049274962413,0.0125367907019455
"2023-03-06 21:00:00",-7.30779224524152,-0.172811675500731
"2023-03-06 22:00:00",-7.23308075619909,0.245590688932563
"2023-03-06 23:00:00",-6.81224582812943,0.526985156287248
"2023-03-07 00:00:00",-6.54051640542864,0.0974276341064966
"2023-03-07 01:00:00",-5.64053545832382,1.40066900627753
"2023-03-07 02:00:00",-4.50921398786334,0.90526818343642
"2023-03-07 03:00:00",-3.97763110647407,0.263013636146271
"2023-03-07 04:00:00",-3.27631299238873,0.965315530239465
"2023-03-07 05:00:00",-2.2626748822726,1.00190702979757
"2023-03-07 06:00:00",-1.77864539877984,0.118698527367331
"2023-03-07 07:00:00",-1.81774293402598,-0.140143286929216
"2023-03-07 08:00:00",-1.82169188643739,0.0893757225122391
"2023-03-07 09:00:00",-1.26560720454401,0.843141364240634
"2023-03-07 10:00:00",-1.36327377010786,-0.718589337453239
"2023-03-07 11:00:00",-2.72478688818427,-1.72366678687683
"2023-03-07 12:00:00",-4.95015963511005,-2.45057829986325
"2023-03-07 13:00:00",-6.1742528262413,-0.341903403086614
"2023-03-07 14:00:00",-6.64989367313237,-0.534239372424625
"2023-03-07 15:00:00",-6.21628593744567,1.06679249312033
"2023-03-07 16:00:00",-5.51461588581809,0.4329265760331
"2023-03-07 17:00:00",-5.21005247041996,0.211622874378447
"2023-03-07 18:00:00",-4.7841423519559,0.555240541263938
"2023-03-07 19:00:00",-4.27756765048071,0.456224077726222
"2023-03-07 20:00:00",-3.82543203237702,0.433436885546262
"2023-03-07 21:00:00",-3.48204441551677,0.271967662478624
"2023-03-07 22:00:00",-3.24669994422247,0.204232952651967
"2023-03-07 23:00:00",-3.30981612922511,-0.234163005493954
"2023-03-08 00:00:00",-3.31468704202471,0.152484374684052
"2023-03-08 01:00:00",-3.58415365891253,-0.533686349304622
"2023-03-08 02:00:00",-4.0178387460842,-0.341791745070295
"2023-03-08 03:00:00",-4.27601189464763,-0.184982768648457
"2023-03-08 04:00:00",-4.56927356676977,-0.346000730603775
"2023-03-08 05:00:00",-5.01993420786391,-0.493129684837068
"2023-03-08 06:00:00",-5.66136301734835,-0.703344270611357
"2023-03-08 07:00:00",-5.42152741025815,0.864509933039951
"2023-03-08 08:00:00",-4.76401923413539,0.495251129215462
"2023-03-08 09:00:00",-4.50992149150037,0.0873958699578136
"2023-03-08 10:00:00",-4.58669065854753,-0.176751187643765
"2023-03-08 11:00:00",-4.77595535413569,-0.182702766847528
"2023-03-08 12:00:00",-4.96226344101003,-0.173704077098826
"2023-03-08 13:00:00",-5.34905211938023,-0.504068376536369
"2023-03-08 14:00:00",-5.67517377712596,-0.185102661153243
"2023-03-08 15:00:00",-5.80391065028503,-0.0777298189186438
"2023-03-08 16:00:00",-5.97612473918285,-0.219540140228954
"2023-03-08 17:00:00",-6.19594360425025,-0.201858218983708
"2023-03-08 18:00:00",-5.97160751852894,0.505784576806086
"2023-03-08 19:00:00",-5.34945755488816,0.677856397418854
"2023-03-08 20:00:00",-4.67985526823186,0.639173856656235
"2023-03-08 21:00:00",-4.09521908419218,0.526527255910589
"2023-03-08 22:00:00",-3.62924159881602,0.408745785195328
"2023-03-08 23:00:00",-3.22043489064204,0.394097715727051
"2023-03-09 00:00:00",-3.10827952879326,-0.0769827412216537
"2023-03-09 01:00:00",-2.95497158555474,0.303552690555427
"2023-03-09 02:00:00",-2.73261499100334,0.161468300326756
"2023-03-09 03:00:00",-2.57045752221958,0.158432523747351
"2023-03-09 04:00:00",-2.46006210180031,0.0764375873723332
"2023-03-09 05:00:00",-2.57141841573624,-0.228088525250074
"2023-03-09 06:00:00",-2.98816560324801,-0.519400425100486
"2023-03-09 07:00:00",-3.56568966044674,-0.584978380827782
"2023-03-09 08:00:00",-4.27397331131759,-0.752233858135102
"2023-03-09 09:00:00",-5.18137489500322,-0.962218421339847
"2023-03-09 10:00:00",-6.15105764444305,-0.921903485914389
"2023-03-09 11:00:00",-6.94642714775714,-0.665293267742014
"2023-03-09 12:00:00",-7.54175445891396,-0.511443421914007
"2023-03-09 13:00:00",-7.79990198645723,-0.0673011769732126
"2023-03-09 14:00:00",-7.61127292635129,0.360333720957886
"2023-03-09 15:00:00",-7.40412896431897,0.104983688312335
"2023-03-09 16:00:00",-6.95227954084825,0.671158670666844
"2023-03-09 17:00:00",-6.52381891110455,0.255263175303361
"2023-03-09 18:00:00",-6.13184326094155,0.472895892530914
"2023-03-09 19:00:00",-5.58568782234969,0.57694282120926
"2023-03-09 20:00:00",-4.92645624939628,0.689961245490556
"2023-03-09 21:00:00",-4.37814500836577,0.43417231396967
"2023-03-09 22:00:00",-3.95514992236293,0.401084930698929
"2023-03-09 23:00:00",-3.61450791455468,0.289256907005772
"2023-03-10 00:00:00",-3.3184436616386,0.291191262945808
"2023-03-10 01:00:00",-2.91072183800112,0.47030900344721
"2023-03-10 02:00:00",-2.50159975274861,0.352641021221643
"2023-03-10 03:00:00",-2.0756975025951,0.457727192903705
"2023-03-10 04:00:00",-1.65096331395472,0.385230863541716
"2023-03-10 05:00:00",-1.38028330608261,0.183578946309311
"2023-03-10 06:00:00",-1.53287861894797,-0.367677837509874
"2023-03-10 07:00:00",-1.74272537696385,-0.0926807739037114
"2023-03-10 08:00:00",-1.2428179422353,0.873449948240125
"2023-03-10 09:00:00",0.330240973330768,1.96630774790273
"2023-03-10 10:00:00",2.69740900168808,2.52149184593579
"2023-03-10 11:00:00",2.52830900777468,-1.95823790096496
"2023-03-10 12:00:00",0.0547715519037693,-2.70278174117839
"2023-03-10 13:00:00",-1.36562728924153,-0.498065503300289
"2023-03-10 14:00:00",-2.49493879954373,-1.49471116675456
"2023-03-10 15:00:00",-3.38420301597372,-0.440167510529033
"2023-03-10 16:00:00",-3.83868818842156,-0.438072406440353
"2023-03-10 17:00:00",-4.12843091121987,-0.172143034406539
"2023-03-10 18:00:00",-4.21070103064749,-0.0131265546707132
"2023-03-10 19:00:00",-4.03325197600551,0.301490938377435
"2023-03-10 20:00:00",-3.67130937070305,0.390240986057743
"2023-03-10 21:00:00",-3.26738178144841,0.398588290952021
"2023-03-10 22:00:00",-2.99192465432357,0.184491861019186
"2023-03-10 23:00:00",-2.79011679890716,0.207617257979111
"2023-03-11 00:00:00",-2.86550193387897,-0.256872620962499
"2023-03-11 01:00:00",-2.99542957833241,-0.0354325397714638
"2023-03-11 02:00:00",-2.66937127791093,0.555413935238497
"2023-03-11 03:00:00",-2.10758327333555,0.542781247604438
"2023-03-11 04:00:00",-1.8431216846542,0.0690670649886813
"2023-03-11 05:00:00",-2.00428811427305,-0.304619266740431
"2023-03-11 06:00:00",-2.61086399120323,-0.776470066860436
"2023-03-11 07:00:00",-3.50231305805142,-0.922375002642247
"2023-03-11 08:00:00",-4.25975950497592,-0.606989502127151
"2023-03-11 09:00:00",-5.26799046512256,-1.22232114733228
"2023-03-11 10:00:00",-5.43359127367546,0.55352505781753
"2023-03-11 11:00:00",-5.28780203400165,-0.12595615133583
"2023-03-11 12:00:00",-6.17950869187582,-1.35301119689428
"2023-03-11 13:00:00",-6.42785218101395,0.507853206760276
"2023-03-11 14:00:00",-6.2912695241228,-0.109134275190394
"2023-03-11 15:00:00",-6.02436798118767,0.513011761831935
"2023-03-11 16:00:00",-5.80341163117755,0.0235193052722822
"2023-03-11 17:00:00",-6.56126166512664,-1.23526332045867
"2023-03-11 18:00:00",-7.50454486383001,-0.695354051355418
"2023-03-11 19:00:00",-7.29529642834769,0.812033534600639
"2023-03-11 20:00:00",-6.37180804448251,0.963307473017529
"2023-03-11 21:00:00",-5.51008336705169,0.761266040235808
"2023-03-11 22:00:00",-4.91709437060812,0.45972801115395
"2023-03-11 23:00:00",-4.57570271892812,0.252615513989872
"2023-03-12 00:00:00",-4.42607193920712,0.07976132334795
"2023-03-12 01:00:00",-4.28446898607391,0.181804544864222
"2023-03-12 02:00:00",-4.04727724630089,0.268365661035585
"2023-03-12 03:00:00",-3.72871931914104,0.34209650796307
"2023-03-12 04:00:00",-4.30223414728224,-1.15185419582621
"2023-03-12 05:00:00",-5.44908720306867,-1.08347745856064
"2023-03-12 06:00:00",-6.45595832284059,-0.900933552396981
"2023-03-12 07:00:00",-6.31896551101606,0.830741329565666
"2023-03-12 08:00:00",-5.53950642281474,0.716374702016862
"2023-03-12 09:00:00",-4.72097161412108,0.854882330646135
"2023-03-12 10:00:00",-4.21414927932222,0.256785813347091
"2023-03-12 11:00:00",-4.21527209061198,-0.167575297134205
"2023-03-12 12:00:00",-3.55825128534132,1.18095281895061
"2023-03-12 13:00:00",-2.93972078944217,0.218781596579141
"2023-03-12 14:00:00",-2.88301014670847,-0.0502415745850584
"2023-03-12 15:00:00",-3.7233559355328,-1.32342529826641
"2023-03-12 16:00:00",-5.08902760624932,-1.3241417025126
"2023-03-12 17:00:00",-5.81744890894492,-0.290109274478532
"2023-03-12 18:00:00",-5.44714074386744,0.800478546189484
"2023-03-12 19:00:00",-4.01383059673131,1.79409993175194
"2023-03-12 20:00:00",-2.1901293344565,1.7619462417749
"2023-03-12 21:00:00",-0.187581454488587,2.07060866269064
"2023-03-12 22:00:00",1.7337279783119,1.73072062336584
"2023-03-12 23:00:00",3.05017339443903,0.975475900674813
"2023-03-13 00:00:00",3.70096300897297,0.399480206488266
"2023-03-13 01:00:00",3.94250039106385,0.119997200442618
"2023-03-13 02:00:00",4.55571477217419,0.907800432476091
"2023-03-13 03:00:00",5.13196354607209,0.321964627060493
"2023-03-13 04:00:00",5.35036033511774,0.132361630361776
"2023-03-13 05:00:00",5.34408960116489,-0.105287217067272
"2023-03-13 06:00:00",5.02201284639701,-0.458182159466686
"2023-03-13 07:00:00",4.50778944334097,-0.533619378634103
"2023-03-13 08:00:00",4.10092568938142,-0.308836246953178
"2023-03-13 09:00:00",3.87268670938385,-0.16894704268199
"2023-03-13 10:00:00",3.83689903540189,0.049694017327839
"2023-03-13 11:00:00",4.43736640109622,0.934165354087052
"2023-03-13 12:00:00",4.74815071526844,-0.125282259897823
"2023-03-13 13:00:00",6.48358693396726,2.88730896745614
"2023-03-13 14:00:00",8.41020927677823,1.18626884618345
"2023-03-13 15:00:00",9.12457485258517,0.354985163549049
"2023-03-13 16:00:00",9.47088094617815,0.312306014390932
"2023-03-13 17:00:00",9.43618165188881,-0.276587502542364
"2023-03-13 18:00:00",9.49115762260563,0.261242702916189
"2023-03-13 19:00:00",10.0001312174367,0.63770836748269
"2023-03-13 20:00:00",10.2226548629657,-0.0777217946404782
"2023-03-13 21:00:00",10.2463298617384,0.0769738286601089
"2023-03-13 22:00:00",10.2760732596062,-0.0163597867423392
"2023-03-13 23:00:00",10.2233845140272,-0.0876456098588662
"2023-03-14 00:00:00",9.84713808287779,-0.563938545318065
"2023-03-14 01:00:00",9.81273986824876,0.307568304450935
"2023-03-14 02:00:00",10.0246278713798,0.125388778652774
"2023-03-14 03:00:00",10.1791628748216,0.15370439551373
"2023-03-14 04:00:00",10.1792173152318,-0.115496542747274
"2023-03-14 05:00:00",9.54349508214515,-0.965441278388997
"2023-03-14 06:00:00",8.54966625041271,-0.977825146200235
"2023-03-14 07:00:00",8.1345328045177,-0.0313021774515905
"2023-03-14 08:00:00",8.24047608511008,0.181922225212161
"2023-03-14 09:00:00",8.2227090441201,-0.160665330485252
"2023-03-14 10:00:00",8.05906608035175,-0.168447557681497
"2023-03-14 11:00:00",7.58512538819669,-0.665462858207903
"2023-03-14 12:00:00",6.72970378277294,-0.951183703418504
"2023-03-14 13:00:00",6.41523747407917,0.116276146218882
"2023-03-14 14:00:00",6.61792425792726,0.242394708670284
"2023-03-14 15:00:00",5.7545557735774,-1.56803259338842
"2023-03-14 16:00:00",0.296202821435137,-7.79989387173707
"2023-03-14 17:00:00",-4.33334789811298,-2.29641277046667
"2023-03-14 18:00:00",-4.58776158946424,1.12456951569808
"2023-03-14 19:00:00",-2.84369161851978,2.08009797606457
"2023-03-14 20:00:00",-1.79721622884204,0.311341848831491
"2023-03-14 21:00:00",-1.67844173629797,-0.012929776585571
"2023-03-14 22:00:00",-1.86180163489554,-0.286102081338779
"2023-03-14 23:00:00",-2.21846276299448,-0.384352280111443
"2023-03-15 00:00:00",-2.6782987398211,-0.485447778819254
"2023-03-15 01:00:00",-2.77482173450737,0.170793764915884
"2023-03-15 02:00:00",-2.76652895719617,-0.0968578266932282
"2023-03-15 03:00:00",-2.89394302965941,-0.138164986500231
"2023-03-15 04:00:00",-3.34800880884456,-0.639356709942914
"2023-03-15 05:00:00",-4.12421457521068,-0.826237899190731
"2023-03-15 06:00:00",-4.56223912475327,-0.153090936344153
"2023-03-15 07:00:00",-3.9115227240305,1.1615361533367
"2023-03-15 08:00:00",-2.98666187140573,0.728171564907704
"2023-03-15 09:00:00",-2.77214158756358,-0.134253379350401
"2023-03-15 10:00:00",-2.8602203269278,-0.0495385519315585
"2023-03-15 11:00:00",-2.77701515978738,0.171431294756887
"2023-03-15 12:00:00",-2.98362885693582,-0.445242830092832
"2023-03-15 13:00:00",-3.01697766173969,0.246671973452355
"2023-03-15 14:00:00",-2.85613121636361,0.0998747388056678
"2023-03-15 15:00:00",-2.96312340449236,-0.236136542354965
"2023-03-15 16:00:00",-3.2862289983445,-0.361911943003616
"2023-03-15 17:00:00",-4.22548726348315,-1.27528173503842
"2023-03-15 18:00:00",-5.39835105787472,-1.04340764378662
"2023-03-15 19:00:00",-5.83375584957753,-0.00242996384996019
"2023-03-15 20:00:00",-5.75697448078825,0.133456781985922
"2023-03-15 21:00:00",-5.65680992508822,0.0806287704505474
"2023-03-15 22:00:00",-5.52443393319723,0.167872474737733
"2023-03-15 23:00:00",-5.55254472408378,-0.150309523633028
"2023-03-16 00:00:00",-5.59315157761002,0.0416116196739641
"2023-03-16 01:00:00",-5.62371196983391,-0.0700147322129685
"2023-03-16 02:00:00",-5.76715522988278,-0.178331761854417
"2023-03-16 03:00:00",-6.00213066215191,-0.254139828002406
"2023-03-16 04:00:00",-6.28435752007937,-0.279805669575674
"2023-03-16 05:00:00",-6.58795287084118,-0.296930218352204
"2023-03-16 06:00:00",-6.77133295839267,-0.0904779691882795
"2023-03-16 07:00:00",-5.99945017112189,1.31882637259556
"2023-03-16 08:00:00",-4.60319305115942,1.38925836978486
"2023-03-16 09:00:00",-3.22732464729029,1.30749318321636
"2023-03-16 10:00:00",-1.89321585220502,1.29261496034705
"2023-03-16 11:00:00",-1.0366249632123,0.527648031566864
"2023-03-16 12:00:00",-0.830294937329431,-0.0163472352881754
"2023-03-16 13:00:00",-0.716623017458572,0.196018188733579
"2023-03-16 14:00:00",-0.450023132893819,0.301908334890031
"2023-03-16 15:00:00",-0.224447505849307,0.16454870473737
"2023-03-16 16:00:00",-0.446970548624164,-0.469703136715742
"2023-03-16 17:00:00",-1.60334695622304,-1.55862461899437
"2023-03-16 18:00:00",-2.64414527839629,-0.644062495538552
"2023-03-16 19:00:00",-2.23703195312563,1.0919468258305
"2023-03-16 20:00:00",-1.30380788570724,0.785947106318992
"2023-03-16 21:00:00",-0.703279507645268,0.450061341534052
"2023-03-16 22:00:00",-0.447439485700682,0.115110221306717
"2023-03-16 23:00:00",-0.764390920360551,-0.589349770723841
"2023-03-17 00:00:00",-0.0518652570882241,1.54755417172645
"2023-03-17 01:00:00",0.510099258543309,-0.121721503179905
"2023-03-17 02:00:00",0.31304868727369,-0.238562695961032
"2023-03-17 03:00:00",0.351844491608705,0.221451399508803
"2023-03-17 04:00:00",0.274130829519181,-0.273914145830283
"2023-03-17 05:00:00",-0.0639896309835659,-0.365209923290976
"2023-03-17 06:00:00",-0.588762647676646,-0.606127280237025
"2023-03-17 07:00:00",-0.849770937103601,-0.0177712298230686
"2023-03-17 08:00:00",-0.761751024975572,0.155458508930644
"2023-03-17 09:00:00",-0.172150255651431,0.851988188045128
"2023-03-17 10:00:00",1.06854598131115,1.44109529846869
"2023-03-17 11:00:00",2.56923733065509,1.46773256603832
"2023-03-17 12:00:00",3.78187114308709,0.98163656520929
"2023-03-17 13:00:00",4.56199130594216,0.603834055038301
"2023-03-17 14:00:00",5.06480805482312,0.405700926086794
"2023-03-17 15:00:00",5.20780778692716,-0.0454531805955548
"2023-03-17 16:00:00",4.91480104105858,-0.450826931446015
"2023-03-17 17:00:00",4.23989325292625,-0.798554506668126
"2023-03-17 18:00:00",3.68769685267446,-0.367183929966598
"2023-03-17 19:00:00",3.64236788734896,0.166639435821992
"2023-03-17 20:00:00",3.58764696661803,-0.204385232661693
"2023-03-17 21:00:00",3.23232356432821,-0.443685433668942
"2023-03-17 22:00:00",3.04582660967725,-0.0103438107428879
"2023-03-17 23:00:00",3.37107084242846,0.529585575999866
"2023-03-18 00:00:00",3.24621799339295,-0.559548774592687
"2023-03-18 01:00:00",3.79334089057143,1.2547095447402
"2023-03-18 02:00:00",4.35646305717325,0.0704244252300406
"2023-03-18 03:00:00",4.25218937954892,-0.221395811244994
"2023-03-18 04:00:00",3.81825252957112,-0.560487432230326
"2023-03-18 05:00:00",3.09777886393489,-0.797813089046297
"2023-03-18 06:00:00",2.54865937996817,-0.361224530356311
"2023-03-18 07:00:00",3.03614498128265,1.02683359392423
"2023-03-18 08:00:00",4.17542221510022,1.1561883077
"2023-03-18 09:00:00",5.19761032319103,0.878901999590578
"2023-03-18 10:00:00",5.98638646678523,0.684513502257716
"2023-03-18 11:00:00",7.0781577585835,1.30367759198882
"2023-03-18 12:00:00",8.54459685950272,1.49613981185695
"2023-03-18 13:00:00",9.64913117467222,0.77997110783127
"2023-03-18 14:00:00",10.3055292263886,0.530391965484163
"2023-03-18 15:00:00",10.7101050375913,0.288194950814991
"2023-03-18 16:00:00",10.318296733515,-0.840318657213099
"2023-03-18 17:00:00",8.28487864180999,-2.74547365572189
"2023-03-18 18:00:00",6.46528261960625,-1.12656452965378
"2023-03-18 19:00:00",5.48090836442606,-0.851136645017443
"2023-03-18 20:00:00",5.09138558494334,-0.0703382090611945
"2023-03-18 21:00:00",5.00921200047242,-0.0927196027028867
"2023-03-18 22:00:00",4.26812058713573,-1.1445706387726
"2023-03-18 23:00:00",3.16097776509305,-1.03508053250902
"2023-03-19 00:00:00",3.15725477292848,0.679940766291014
"2023-03-19 01:00:00",3.3269036853375,-0.182669936048493
"2023-03-19 02:00:00",2.9401341768825,-0.508741584289557
"2023-03-19 03:00:00",2.51323847288919,-0.355835541135886
"2023-03-19 04:00:00",2.47608007170916,0.173816628002126
"2023-03-19 05:00:00",3.1840799346373,1.02728163296684
"2023-03-19 06:00:00",3.77267707654759,0.264073010696867
"2023-03-19 07:00:00",4.49728908979743,0.992338270647057
"2023-03-19 08:00:00",4.57796141999537,-0.536723370098182
"2023-03-19 09:00:00",4.64953020888988,0.467789993242286
"2023-03-19 10:00:00",5.4658638965828,1.00390920480241
"2023-03-19 11:00:00",6.88538892333069,1.62209935061898
"2023-03-19 12:00:00",7.07614989859329,-0.781385793093999
"2023-03-19 13:00:00",7.10539309885924,0.559145476427778
"2023-03-19 14:00:00",7.61362046963526,0.440975924433661
"2023-03-19 15:00:00",7.40181242985009,-0.646735886325464
"2023-03-19 16:00:00",6.97389315984308,-0.271247487264123
"2023-03-19 17:00:00",6.26138211183962,-0.981810241878678
"2023-03-19 18:00:00",4.6284830413555,-1.99742502491497
"2023-03-19 19:00:00",3.91592600401804,0.171903145265472
"2023-03-19 20:00:00",4.94599544661414,1.54817634983766
"2023-03-19 21:00:00",5.14489658473423,-0.716425500939626
"2023-03-19 22:00:00",4.22867274596934,-1.01251180164448
"2023-03-19 23:00:00",3.65759016129106,-0.255112988472828
"2023-03-20 00:00:00",5.24910153605614,2.74223271316431
"2023-03-20 01:00:00",6.22165489914217,-0.260191999718985
"2023-03-20 02:00:00",5.56686383004618,-0.894754613488873
"2023-03-20 03:00:00",5.01572243344007,-0.30305334402975
"2023-03-20 04:00:00",4.6361802893432,-0.418961454534246
"2023-03-20 05:00:00",4.00690456999958,-0.745554242250789
"2023-03-20 06:00:00",3.43215843526413,-0.438727701572619
"2023-03-20 07:00:00",3.46157039984202,0.335679495653831
"2023-03-20 08:00:00",3.57324844635692,-0.0474211611443881
"2023-03-20 09:00:00",3.21830394654428,-0.547694329938041
"2023-03-20 10:00:00",3.39221193892002,0.642556983723042
"2023-03-20 11:00:00",3.36287211589872,-0.480240432827487
"2023-03-20 12:00:00",3.13474012433945,-0.0535552363170406
"2023-03-20 13:00:00",3.02435363150975,-0.147067273770575
"2023-03-20 14:00:00",2.74034493651106,-0.365702690283768
"2023-03-20 15:00:00",2.52036674286289,-0.115908146253109
"2023-03-20 16:00:00",2.42210401717705,-0.0850776629507386
"2023-03-20 17:00:00",2.37108050289921,-0.0290176404995467
"2023-03-20 18:00:00",2.48776189367427,0.20521244703328
"2023-03-20 19:00:00",2.85071178743941,0.44765354851067
"2023-03-20 20:00:00",3.32433640592057,0.464758620100382
"2023-03-20 21:00:00",3.68658663674953,0.272414836738313
"2023-03-20 22:00:00",3.93571548987556,0.217016164106907
"2023-03-20 23:00:00",4.08266335329687,0.088182039021768
"2023-03-21 00:00:00",4.5139747362016,0.634303868615014
"2023-03-21 01:00:00",4.86891099910308,0.146011310637271
"2023-03-21 02:00:00",4.95429179371874,0.0346298361264097
"2023-03-21 03:00:00",4.96934529868158,-0.00509657350288276
"2023-03-21 04:00:00",4.80307260732836,-0.272223924852994
"2023-03-21 05:00:00",4.10710086604003,-0.951582597069623
"2023-03-21 06:00:00",3.58678553720625,-0.213376020924447
"2023-03-21 07:00:00",3.21877921242223,-0.45822594300151
"2023-03-21 08:00:00",2.59209166270325,-0.71336130369431
"2023-03-21 09:00:00",1.96684318916986,-0.540136332567825
"2023-03-21 10:00:00",1.37617424627091,-0.598823037169262
"2023-03-21 11:00:00",0.926300312523206,-0.330971822634828
"2023-03-21 12:00:00",0.839093906709897,0.0782514897539704
"2023-03-21 13:00:00",1.19269960644433,0.51928770050003
"2023-03-21 14:00:00",1.67213062989633,0.42854119315497
"2023-03-21 15:00:00",2.07975937366508,0.372162390458543
"2023-03-21 16:00:00",2.19133109045833,-0.0701342463313239
"2023-03-21 17:00:00",2.35059092193885,0.301794966061704
"2023-03-21 18:00:00",2.90566702398964,0.694521516504616
"2023-03-21 19:00:00",3.72131298218369,0.853891018936108
"2023-03-21 20:00:00",4.47228257407158,0.641875607465882
"2023-03-21 21:00:00",5.09572234268067,0.575760996274417
"2023-03-21 22:00:00",5.56741225472134,0.373329635411438
"2023-03-21 23:00:00",5.82927786444762,0.167939687218448
"2023-03-22 00:00:00",6.20407797502784,0.48738288499919
"2023-03-22 01:00:00",6.62333770438218,0.345927559526182
"2023-03-22 02:00:00",6.61250429447085,-0.25669004168063
"2023-03-22 03:00:00",6.55034015573479,0.0619507592191824
"2023-03-22 04:00:00",6.41564523580038,-0.267829946258003
"2023-03-22 05:00:00",5.91609297984903,-0.638559953817833
"2023-03-22 06:00:00",5.17654399072185,-0.779354433211369
"2023-03-22 07:00:00",4.6832311883997,-0.28585017121994
"2023-03-22 08:00:00",4.67029638088815,0.163585553970835
"2023-03-22 09:00:00",5.04878111758585,0.497744960830829
"2023-03-22 10:00:00",5.5794336817419,0.520868489252021
"2023-03-22 11:00:00",6.56066933244575,1.23432458030489
"2023-03-22 12:00:00",7.12591310163326,0.0838833675245666
"2023-03-22 13:00:00",7.21609886676965,0.0809193022992606
"2023-03-22 14:00:00",7.57534557402863,0.518425366608234
"2023-03-22 15:00:00",7.82683669894564,0.0518257191628391
"2023-03-22 16:00:00",7.91295888666715,0.094808014745421
"2023-03-22 17:00:00",7.69226844907346,-0.430728718983178
"2023-03-22 18:00:00",7.32114826376528,-0.323658665837488
"2023-03-22 19:00:00",7.00208828196317,-0.31026671881816
"2023-03-22 20:00:00",7.24540658919388,0.591783560323823
"2023-03-22 21:00:00",7.85005324898859,0.575153094410303
"2023-03-22 22:00:00",7.92538818136886,-0.271566952898031
"2023-03-22 23:00:00",7.33402314299874,-0.786671490939226
"2023-03-23 00:00:00",7.63526439640206,1.00273877057296
"2023-03-23 01:00:00",8.35006102169682,0.4790329966029
"2023-03-23 02:00:00",8.50999440590038,-0.0711558772294801
"2023-03-23 03:00:00",8.90977878092851,0.683775795726693
"2023-03-23 04:00:00",9.68544909166883,0.788591828023203
"2023-03-23 05:00:00",9.57565280509386,-0.715974746811293
"2023-03-23 06:00:00",8.28865875163526,-1.61884916811701
"2023-03-23 07:00:00",7.13317493597063,-0.802351685864912
"2023-03-23 08:00:00",6.18793016513991,-1.00477957078809
"2023-03-23 09:00:00",5.84534793419058,0.107180744467551
"2023-03-23 10:00:00",6.2474781692794,0.572118643494731
"2023-03-23 11:00:00",6.92207226208103,0.702803152881918
"2023-03-23 12:00:00",6.72118000570639,-0.802719155932589
"2023-03-23 13:00:00",6.33249942107224,-0.102850569887784
"2023-03-23 14:00:00",6.26237639940438,-0.0531328554166812
"2023-03-23 15:00:00",6.02391588530281,-0.358748377860213
"2023-03-23 16:00:00",6.17002470751933,0.467969208270156
"2023-03-23 17:00:00",6.07125614460399,-0.479844602885069
"2023-03-23 18:00:00",5.61395577804649,-0.428363904585186
"2023-03-23 19:00:00",4.68173161988494,-1.23106073974378
"2023-03-23 20:00:00",4.83743817665175,1.06677051943191
"2023-03-23 21:00:00",5.4170257141607,0.221029246180451
"2023-03-23 22:00:00",5.61805723960711,0.17116669244239
"2023-03-23 23:00:00",5.75075768836261,0.093511475817864
"2023-03-24 00:00:00",6.26127752568746,0.756850734628149
"2023-03-24 01:00:00",6.88956094122233,0.504649439858611
"2023-03-24 02:00:00",7.59918178520579,0.803667551343446
"2023-03-24 03:00:00",8.43761669803744,0.811978601161535
"2023-03-24 04:00:00",9.30805812956003,0.857180499193367
"2023-03-24 05:00:00",9.32589160711637,-0.554563499649394
"2023-03-24 06:00:00",8.97803721587072,-0.205538135578646
"2023-03-24 07:00:00",8.82096190079035,-0.128872256096773
"2023-03-24 08:00:00",8.60680693667689,-0.272199288212295
"2023-03-24 09:00:00",8.42809658216341,-0.118983945446606
"2023-03-24 10:00:00",8.08369636863664,-0.489169916117084
"2023-03-24 11:00:00",7.12758656091456,-1.23238069714211
"2023-03-24 12:00:00",7.09365059661541,0.757441718336153
"2023-03-24 13:00:00",7.41755120861051,0.0103456991679157
"2023-03-24 14:00:00",7.03407119932904,-0.637361542392533
"2023-03-24 15:00:00",6.0330891523753,-1.2048896674028
"2023-03-24 16:00:00",5.65472052508367,0.182841703127195
"2023-03-24 17:00:00",5.18199347812296,-0.89458845256675
"2023-03-24 18:00:00",3.888342538123,-1.50489213250236
"2023-03-24 19:00:00",3.42543526619004,0.248724109610518
"2023-03-24 20:00:00",3.62717185008484,0.156411702699474
"2023-03-24 21:00:00",3.42208441971601,-0.441011112006206
"2023-03-24 22:00:00",3.59488105625127,0.569374014218606
"2023-03-24 23:00:00",3.66173661613031,-0.27596035913463
"2023-03-25 00:00:00",3.58904128324846,0.0615483307196939
"2023-03-25 01:00:00",3.90540167750324,0.466574165065016
"2023-03-25 02:00:00",4.29775202941341,0.319191926442194
"2023-03-25 03:00:00",4.62659956393483,0.314119809695623
"2023-03-25 04:00:00",4.74312329103063,-0.0267037156903226
"2023-03-25 05:00:00",4.51042858685806,-0.365074172818971
"2023-03-25 06:00:00",4.07921634256283,-0.46062473629459
"2023-03-25 07:00:00",3.44919363388612,-0.718270966802692
"2023-03-25 08:00:00",3.49827151725527,0.553858367324397
"2023-03-25 09:00:00",3.69420206430137,-0.0565023157776122
"2023-03-25 10:00:00",3.17884071586314,-0.801532889896359
"2023-03-25 11:00:00",2.39957588602649,-0.731485783984959
"2023-03-25 12:00:00",2.24776681801125,0.238757327213371
"2023-03-25 13:00:00",1.84129893043886,-0.820192126534539
"2023-03-25 14:00:00",0.53607296460749,-1.56892558146332
"2023-03-25 15:00:00",0.465214642977219,0.930512656921829
"2023-03-25 16:00:00",1.71995920234919,1.41067137722657
"2023-03-25 17:00:00",1.22856096024428,-1.73828861514838
"2023-03-25 18:00:00",0.718585065452573,0.331536013024506
"2023-03-25 19:00:00",1.38112705548456,0.850799374646942
"2023-03-25 20:00:00",2.15733629759476,0.687818649409652
"2023-03-25 21:00:00",2.82365596778453,0.617544243145772
"2023-03-25 22:00:00",3.19562938926581,0.186947820153784
"2023-03-25 23:00:00",3.24053401074546,-0.0560409558345379
"2023-03-26 00:00:00",3.2808015523626,0.0983828951262046
"2023-03-26 01:00:00",3.31876743636349,-0.00834318330212727
"2023-03-26 02:00:00",3.50995778639372,0.310848664309132
"2023-03-26 03:00:00",4.03580152733596,0.639660695362726
"2023-03-26 04:00:00",4.04539667300235,-0.416097922458071
"2023-03-26 05:00:00",3.57748503242464,-0.485431555337605
"2023-03-26 06:00:00",2.74245128025425,-1.03302760658475
"2023-03-26 07:00:00",1.91599320815926,-0.65300853229964
"2023-03-26 08:00:00",1.28898167936266,-0.582354241888906
"2023-03-26 09:00:00",0.211034080481219,-1.3587751822385
"2023-03-26 10:00:00",-0.757247950242854,-0.662217463188508
"2023-03-26 11:00:00",-0.632537094394975,0.644370470391684
"2023-03-26 12:00:00",-0.230005732517995,0.22299506889516
"2023-03-26 13:00:00",0.120841928735859,0.419705610503146
"2023-03-26 14:00:00",0.400269524932834,0.172476565283318
"2023-03-26 15:00:00",0.596922984245893,0.202910484553788
"2023-03-26 16:00:00",0.785721248677089,0.169649512246679
"2023-03-26 17:00:00",0.409816361495796,-0.72275138813137
"2023-03-26 18:00:00",-0.487746474344118,-0.971978308767931
"2023-03-26 19:00:00",-0.737754334040155,0.243806354591274
"2023-03-26 20:00:00",-0.626427134827529,0.0186697258848836
"2023-03-26 21:00:00",-0.79158983563816,-0.279059942826904
"2023-03-26 22:00:00",-0.632632995075936,0.444429603786668
"2023-03-26 23:00:00",-0.657934699290986,-0.336433085141209
"2023-03-27 00:00:00",-0.956711696370946,-0.258627860245261
"2023-03-27 01:00:00",-1.29562093010278,-0.375091680854525
"2023-03-27 02:00:00",-1.21962945034352,0.374766966720614
"2023-03-27 03:00:00",-1.33002603913641,-0.427015905453847
"2023-03-27 04:00:00",-2.39299562105452,-1.43470603301666
"2023-03-27 05:00:00",-4.18097936586608,-1.93545079459127
"2023-03-27 06:00:00",-5.25341934951919,-0.44075992176182
"2023-03-27 07:00:00",-5.1285539190198,0.502778630346196
"2023-03-27 08:00:00",-5.02013954693384,-0.153033836536571
"2023-03-27 09:00:00",-5.12134041413707,-0.0553682085302841
"2023-03-27 10:00:00",-5.27259057154862,-0.20138372850491
"2023-03-27 11:00:00",-5.38503080991237,-0.041008255870149
"2023-03-27 12:00:00",-5.39362302994595,0.0203655291122848
"2023-03-27 13:00:00",-5.98224274002192,-0.959681974642381
"2023-03-27 14:00:00",-6.83265768851513,-0.729451632538537
"2023-03-27 15:00:00",-6.59257729194417,0.88382021935147
"2023-03-27 16:00:00",-6.26695237691359,-0.0534773152395161
"2023-03-27 17:00:00",-6.65454163903019,-0.583833233230708
"2023-03-27 18:00:00",-7.01225889370643,-0.181402310712502
"2023-03-27 19:00:00",-6.49465870834343,0.968033907311156
"2023-03-27 20:00:00",-5.71581173958683,0.624083157473084
"2023-03-27 21:00:00",-5.07408859976617,0.630354028186511
"2023-03-27 22:00:00",-4.5583666247465,0.421333570275594
"2023-03-27 23:00:00",-4.46052976826545,-0.116599225552815
"2023-03-28 00:00:00",-5.01486656511637,-0.814067361984257
"2023-03-28 01:00:00",-5.56284313633822,-0.338084080845638
"2023-03-28 02:00:00",-5.70026764445605,0.0100448579554505
"2023-03-28 03:00:00",-5.72668295458996,-0.042121099190891
"2023-03-28 04:00:00",-5.90032125125221,-0.245684386662027
"2023-03-28 05:00:00",-6.43368279060929,-0.692194938859471
"2023-03-28 06:00:00",-6.72731017791563,-0.00567677921372747
"2023-03-28 07:00:00",-6.56175750964909,0.280505529107522
"2023-03-28 08:00:00",-6.33865025376293,0.182695926259981
"2023-03-28 09:00:00",-6.20898859011128,0.0963126046765934
"2023-03-28 10:00:00",-6.11795530775052,0.091188826271775
"2023-03-28 11:00:00",-6.21652717822962,-0.212509219855545
"2023-03-28 12:00:00",-6.21063674492002,0.159218420192122
"2023-03-28 13:00:00",-5.79698913235992,0.571610936609733
"2023-03-28 14:00:00",-5.35009284754634,0.349988340356412
"2023-03-28 15:00:00",-4.90610423314835,0.49245045681636
"2023-03-28 16:00:00",-4.47615313826358,0.374176543077482
"2023-03-28 17:00:00",-5.28068348023073,-1.54632292755099
"2023-03-28 18:00:00",-4.97892075140227,1.52626409333501
"2023-03-28 19:00:00",-4.60003156250587,-0.397603234127673
"2023-03-28 20:00:00",-6.09927912492841,-2.15649383397235
"2023-03-28 21:00:00",-6.87750150386846,0.185449851427199
"2023-03-28 22:00:00",-6.9488846775044,-0.230347893883209
"2023-03-28 23:00:00",-6.8082384726921,0.390242306799676
"2023-03-29 00:00:00",-5.87169338928956,1.26500982174715
"2023-03-29 01:00:00",-5.24225932662306,0.183379991636698
"2023-03-29 02:00:00",-4.41422978448484,1.22519636255282
"2023-03-29 03:00:00",-3.3301018526924,0.94425499644193
"2023-03-29 04:00:00",-3.01173588596023,-0.109723721737083
"2023-03-29 05:00:00",-3.91654995512899,-1.38798824452295
"2023-03-29 06:00:00",-4.46669180521808,0.0396022036473894
"2023-03-29 07:00:00",-3.81986199463769,1.02666019233858
"2023-03-29 08:00:00",-2.69535919701358,1.14121670549701
"2023-03-29 09:00:00",-1.65404828088924,0.928698985554285
"2023-03-29 10:00:00",-0.911116155958222,0.585917387813388
"2023-03-29 11:00:00",-0.692019422073957,-0.0346835089990402
"2023-03-29 12:00:00",-0.828149788700267,-0.196399900636098
"2023-03-29 13:00:00",-0.892343593342787,0.0280597007954494
"2023-03-29 14:00:00",-0.718755649611039,0.26350621428888
"2023-03-29 15:00:00",-0.85340952983472,-0.392764603295299
"2023-03-29 16:00:00",-1.19958721477972,-0.297570423698046
"2023-03-29 17:00:00",-1.43522377159746,-0.181604929864761
"2023-03-29 18:00:00",-2.64636299001878,-1.83808182394885
"2023-03-29 19:00:00",-1.94024330475356,2.37208108068299
"2023-03-29 20:00:00",0.19096215149993,1.87185109783218
"2023-03-29 21:00:00",1.63663228469509,1.09261090619968
"2023-03-29 22:00:00",2.35976767829454,0.440350664184468
"2023-03-29 23:00:00",2.30829148899251,-0.379949884562737
"2023-03-30 00:00:00",2.69908954087535,0.883076393809953
"2023-03-30 01:00:00",3.41146092795735,0.56124050826467
"2023-03-30 02:00:00",3.73434329390339,0.14424046869492
"2023-03-30 03:00:00",3.94805820306534,0.245062765952087
"2023-03-30 04:00:00",3.95014014342498,-0.165088920515116
"2023-03-30 05:00:00",3.51434723438899,-0.600640717377053
"2023-03-30 06:00:00",3.2515793334105,-0.0295651765482393
"2023-03-30 07:00:00",3.72369263578319,0.779935474285125
"2023-03-30 08:00:00",4.75385801802618,1.14323136895971
"2023-03-30 09:00:00",6.09608096842331,1.40497438872157
"2023-03-30 10:00:00",6.71309239860387,0.0545363043661124
"2023-03-30 11:00:00",6.80403128585025,0.102235046333045
"2023-03-30 12:00:00",7.27392231235185,0.683894303827732
"2023-03-30 13:00:00",7.01768339261943,-0.880180639282746
"2023-03-30 14:00:00",4.76720945472064,-3.06608923677387
"2023-03-30 15:00:00",3.09879787284755,-0.663503394846405
"2023-03-30 16:00:00",3.18523526015279,0.578288907670766
"2023-03-30 17:00:00",3.45892955973192,0.0535244039109562
"2023-03-30 18:00:00",2.97387605220995,-0.825507107437011
"2023-03-30 19:00:00",2.59391888326576,-0.0687057028589887
"2023-03-30 20:00:00",2.64429805908807,0.124031253793133
"2023-03-30 21:00:00",3.02104903813267,0.523917551487908
"2023-03-30 22:00:00",3.49690791885319,0.417314889884351
"2023-03-30 23:00:00",3.90435765552027,0.377005229157881
"2023-03-31 00:00:00",4.41063929668078,0.563375141971978
"2023-03-31 01:00:00",4.76712011593636,0.195930333226945
"2023-03-31 02:00:00",5.14474327032233,0.474662353689982
"2023-03-31 03:00:00",5.12502191502324,-0.354997268795545
"2023-03-31 04:00:00",4.59103748135036,-0.634536676297199
"2023-03-31 05:00:00",3.71361900152552,-1.00355857275128
"2023-03-31 06:00:00",3.37341805568904,0.113410770673852
"2023-03-31 07:00:00",3.6071585444146,0.2985047746051
"2023-03-31 08:00:00",4.02201065393576,0.468054013422038
"2023-03-31 09:00:00",4.28829682993109,0.113940065683503
"2023-03-31 10:00:00",4.35854144867219,0.0322509536249268
"2023-03-31 11:00:00",3.00339292955086,-2.22128647091666
"2023-03-31 12:00:00",1.64190830976262,-0.727466363805278
"2023-03-31 13:00:00",1.97747881482933,1.02618791611944
"2023-03-31 14:00:00",0.675975480761948,-2.79397282811572
"2023-03-31 15:00:00",-0.82750703602756,-0.572596727297522
"2023-03-31 16:00:00",-0.965011954755483,0.160151849252392
"2023-03-31 17:00:00",-0.532478092271051,0.594808579656671
"2023-03-31 18:00:00",-0.00816795528813045,0.453083238223058
"2023-03-31 19:00:00",0.424714163096373,0.398855178066237
"2023-03-31 20:00:00",1.38264663522829,1.28457674519044
"2023-03-31 21:00:00",2.41159207443072,0.807850952094382
"2023-03-31 22:00:00",3.16624269445184,0.680216252282904
"2023-03-31 23:00:00",3.47416986880262,0.0410261448148083
"2023-04-01 00:00:00",3.64831872179162,0.250143582606028
"2023-04-01 01:00:00",3.91822868001369,0.265560163778575
"2023-04-01 02:00:00",4.30037032066781,0.436653173387763
"2023-04-01 03:00:00",4.46279704119405,-0.0336476750275706
"2023-04-01 04:00:00",4.35387311962245,-0.159681983399987
"2023-04-01 05:00:00",4.00778985893568,-0.459513405316476
"2023-04-01 06:00:00",3.53004861920522,-0.472355387776603
"2023-04-01 07:00:00",2.72679758132114,-0.990223239836845
"2023-04-01 08:00:00",1.58795090796594,-1.18732376443402
"2023-04-01 09:00:00",0.654275805756941,-0.722257439498466
"2023-04-01 10:00:00",-0.39643946168791,-1.22059723265048
"2023-04-01 11:00:00",-1.41109010229918,-0.828628837921765
"2023-04-01 12:00:00",-3.11154727514171,-2.19904327772448
"2023-04-01 13:00:00",-4.5171655369504,-0.805873593364464
"2023-04-01 14:00:00",-4.83852749058256,0.0227320573217409
"2023-04-01 15:00:00",-4.97090721885583,-0.223260331607803
"2023-04-01 16:00:00",-5.03620398874618,0.0495188403746695
"2023-04-01 17:00:00",-4.95851836115187,0.099261227647143
"2023-04-01 18:00:00",-4.81181103984955,0.177755603083219
"2023-04-01 19:00:00",-4.61154101554886,0.211963160559083
"2023-04-01 20:00:00",-4.37653763590647,0.245138468081751
"2023-04-01 21:00:00",-4.39900518920393,-0.194161319628947
"2023-04-01 22:00:00",-4.47885766767339,0.00581520435270259
"2023-04-01 23:00:00",-4.54209159871355,-0.100489637284003
"2023-04-02 00:00:00",-4.50555021083502,0.132010356018178
"2023-04-02 01:00:00",-4.26081246712091,0.314064116784509
"2023-04-02 02:00:00",-3.88756244033726,0.400460495915505
"2023-04-02 03:00:00",-3.37801797479382,0.563062152746193
"2023-04-02 04:00:00",-3.09374335401181,0.0892637610790174
"2023-04-02 05:00:00",-3.45826464640528,-0.645731143852013
"2023-04-02 06:00:00",-4.00805896672942,-0.455255342043828
"2023-04-02 07:00:00",-4.51476825331149,-0.511768069262991
"2023-04-02 08:00:00",-4.65635291183971,0.117745831347063
"2023-04-02 09:00:00",-4.50874448822938,0.166502380474235
"2023-04-02 10:00:00",-4.34901073839093,0.153440909121374
"2023-04-02 11:00:00",-4.17550946121626,0.184234076859807
"2023-04-02 12:00:00",-5.13592313931692,-1.67248049312782
"2023-04-02 13:00:00",-5.87970299404668,-0.0826944967780056
"2023-04-02 14:00:00",-5.87615621569011,0.068448008585662
"2023-04-02 15:00:00",-5.75542338632397,0.157423629986809
"2023-04-02 16:00:00",-5.66476178513351,0.04926256714909
"2023-04-02 17:00:00",-5.75184698153681,-0.166544348372846
"2023-04-02 18:00:00",-6.13342539997708,-0.499387874782595
"2023-04-02 19:00:00",-6.83286435768072,-0.791663696055904
"2023-04-02 20:00:00",-7.19439402255384,-0.0487940366809667
"2023-04-02 21:00:00",-7.29321756496231,-0.118209286179311
"2023-04-02 22:00:00",-7.46630771888753,-0.192053639119581
"2023-04-02 23:00:00",-7.62703730189338,-0.122588413966658
"2023-04-03 00:00:00",-7.56629341118071,0.18990501677412
"2023-04-03 01:00:00",-7.42356450242142,0.114246208677755
"2023-04-03 02:00:00",-7.31506274049005,0.109082234444761
"2023-04-03 03:00:00",-7.25186737057284,0.0390277988550941
"2023-04-03 04:00:00",-7.50092002533075,-0.419923495998217
"2023-04-03 05:00:00",-8.1285830106526,-0.726661841717404
"2023-04-03 06:00:00",-8.06241415628877,0.602043868949305
"2023-04-03 07:00:00",-7.51697196610301,0.492178505281548
"2023-04-03 08:00:00",-7.26452916807504,0.0903121137303658
"2023-04-03 09:00:00",-7.73586845682236,-0.81400844452833
"2023-04-03 10:00:00",-8.66901153039535,-0.958254051044312
"2023-04-03 11:00:00",-9.45276991111909,-0.619015356037993
"2023-04-03 12:00:00",-9.88201707077456,-0.270158820824418
"2023-04-03 13:00:00",-10.2944492791429,-0.474947091839499
"2023-04-03 14:00:00",-10.4920060201317,0.010020184268127
"2023-04-03 15:00:00",-10.4720705595642,0.0391181659992487
"2023-04-03 16:00:00",-10.1428961094972,0.520394142385961
"2023-04-03 17:00:00",-9.62626390809421,0.502644344795778
"2023-04-03 18:00:00",-9.06801861822578,0.581188864175841
"2023-04-03 19:00:00",-8.35281126363867,0.782250319529521
"2023-04-03 20:00:00",-7.72025037554118,0.513474130769134
"2023-04-03 21:00:00",-7.29916764282895,0.349428209151456
"2023-04-03 22:00:00",-7.23484489875167,-0.119395251609874
"2023-04-03 23:00:00",-7.45658040971535,-0.270101678189772
"2023-04-04 00:00:00",-8.10074214845039,-0.853312226591499
"2023-04-04 01:00:00",-8.67687299906649,-0.353530442691459
"2023-04-04 02:00:00",-8.76620705938121,0.10221996072612
"2023-04-04 03:00:00",-9.03958505587878,-0.499485557372577
"2023-04-04 04:00:00",-10.0620541790767,-1.31088349236096
"2023-04-04 05:00:00",-11.076428030332,-0.755535787295406
"2023-04-04 06:00:00",-10.8014921398992,0.963113651941257
"2023-04-04 07:00:00",-9.51842151895755,1.44931972443418
"2023-04-04 08:00:00",-8.42765057417846,0.812175129495294
"2023-04-04 09:00:00",-8.07421392809182,0.0416809137148089
"2023-04-04 10:00:00",-7.87834317850595,0.299758980024351
"2023-04-04 11:00:00",-8.09762911566508,-0.54473770493336
"2023-04-04 12:00:00",-8.35508250985864,-0.0432651696569903
"2023-04-04 13:00:00",-8.2208592313028,0.256935028793144
"2023-04-04 14:00:00",-8.18792059034854,-0.107361618652227
"2023-04-04 15:00:00",-8.32897348149791,-0.146259698105071
"2023-04-04 16:00:00",-8.09261724681447,0.490930392371192
"2023-04-04 17:00:00",-7.68760570372577,0.33891550200554
"2023-04-04 18:00:00",-7.87259965441219,-0.515564003927289
"2023-04-04 19:00:00",-7.89901390841322,0.311079850820722
"2023-04-04 20:00:00",-8.5635574804626,-1.27319087017135
"2023-04-04 21:00:00",-10.0333255060542,-1.51993985165544
"2023-04-04 22:00:00",-11.1692803991751,-0.81306050371871
"2023-04-04 23:00:00",-11.6034951744395,-0.146628934126676
"2023-04-05 00:00:00",-11.3165190048954,0.577356640620079
"2023-04-05 01:00:00",-10.8737653496273,0.346562897177806
"2023-04-05 02:00:00",-9.67556978010052,1.72301548685028
"2023-04-05 03:00:00",-7.9352497118574,1.68162526683019
"2023-04-05 04:00:00",-7.10049653073405,0.240739731570973
"2023-04-05 05:00:00",-7.41052246636414,-0.653314935877212
"2023-04-05 06:00:00",-7.62636433614676,0.0956077429581844
"2023-04-05 07:00:00",-7.18622514735239,0.658735103782499
"2023-04-05 08:00:00",-6.59741953305352,0.523467217116229
"2023-04-05 09:00:00",-6.22421071604496,0.263805007216716
"2023-04-05 10:00:00",-6.25032946549324,-0.210136348386754
"2023-04-05 11:00:00",-6.2555060552024,0.139761074331555
"2023-04-05 12:00:00",-6.13571368508603,0.108848487201634
"2023-04-05 13:00:00",-7.62829160300752,-2.48134467026761
"2023-04-05 14:00:00",-8.56801423871985,0.142492806672528
"2023-04-05 15:00:00",-8.5203900765442,-0.00684289503524055
"2023-04-05 16:00:00",-8.04830561297111,0.779910157369907
"2023-04-05 17:00:00",-7.79661745335829,-0.102042931917498
"2023-04-05 18:00:00",-8.66413684871964,-1.32655775661403
"2023-04-05 19:00:00",-9.69052657845136,-0.766343146528873
"2023-04-05 20:00:00",-9.8869243727273,0.205379215867823
"2023-04-05 21:00:00",-9.91124604609598,-0.163557011976246
"2023-04-05 22:00:00",-10.1980796722831,-0.342614907829227
"2023-04-05 23:00:00",-10.5607080074846,-0.345597328016417
"2023-04-06 00:00:00",-9.06802016955509,2.66086747355764
"2023-04-06 01:00:00",-8.51260989336213,-0.862911847306896
"2023-04-06 02:00:00",-9.41753204399259,-0.878957914908122
"2023-04-06 03:00:00",-10.1463773356917,-0.582002251288354
"2023-04-06 04:00:00",-10.3476971415277,0.0751053649090268
"2023-04-06 05:00:00",-10.3144773273383,0.0170519991856377
"2023-04-06 06:00:00",-9.30393356261417,1.63813120861477
"2023-04-06 07:00:00",-7.36752512390973,2.05522868671167
"2023-04-06 08:00:00",-5.18568500451942,2.17206043455281
"2023-04-06 09:00:00",-3.58964804024189,1.14286741174609
"2023-04-06 10:00:00",-2.90783577388134,0.34667369137609
"2023-04-06 11:00:00",-2.76522922344783,0.00353454328313385
"2023-04-06 12:00:00",-2.91194405883181,-0.236344336962855
"2023-04-06 13:00:00",-3.24222010981986,-0.373449310631787
"2023-04-06 14:00:00",-3.39538475814001,0.0051455061785468
"2023-04-06 15:00:00",-3.2839377031425,0.1813929414089
"2023-04-06 16:00:00",-3.18380986536818,0.0454256755052461
"2023-04-06 17:00:00",-3.39552170996454,-0.368970904824299
"2023-04-06 18:00:00",-3.98887870123216,-0.710373788594121
"2023-04-06 19:00:00",-4.86497896972933,-0.939810946736396
"2023-04-06 20:00:00",-5.5068900922269,-0.40654240341042
"2023-04-06 21:00:00",-6.16457545788268,-0.786762235427972
"2023-04-06 22:00:00",-6.75850836967825,-0.429215247946075
"2023-04-06 23:00:00",-6.65978267001243,0.454697982285837
"2023-04-07 00:00:00",-7.06522750198309,-0.951015433133877
"2023-04-07 01:00:00",-7.51183315565283,-0.0800115188719666
"2023-04-07 02:00:00",-7.62063761488248,-0.113149394729487
"2023-04-07 03:00:00",-7.93092485434147,-0.41714567619069
"2023-04-07 04:00:00",-7.98460806998911,0.20139174099565
"2023-04-07 05:00:00",-7.29295145673995,0.995916187881099
"2023-04-07 06:00:00",-6.50154417602331,0.626860815036551
"2023-04-07 07:00:00",-6.14769694131534,0.163404527373389
"2023-04-07 08:00:00",-6.12087437169195,-0.0575832248565062
"2023-04-07 09:00:00",-6.5790148890385,-0.695516321638711
"2023-04-07 10:00:00",-7.58620254308583,-1.15862642878009
"2023-04-07 11:00:00",-8.73147998545597,-1.07217987309841
"2023-04-07 12:00:00",-9.45162905243005,-0.439993463670384
"2023-04-07 13:00:00",-9.52054332117377,0.193921767617033
"2023-04-07 14:00:00",-9.22828774005471,0.356190681528519
"2023-04-07 15:00:00",-8.97973574162071,0.176874590052613
"2023-04-07 16:00:00",-8.48437868355781,0.695707312345917
"2023-04-07 17:00:00",-7.70267864759446,0.812814599107585
"2023-04-07 18:00:00",-6.86630968580529,0.82225352740192
"2023-04-07 19:00:00",-5.90137950907429,1.02304136946893
"2023-04-07 20:00:00",-4.88718232214932,0.967711658450408
"2023-04-07 21:00:00",-4.05078754337313,0.715404332326081
"2023-04-07 22:00:00",-3.48823797461785,0.439135949540934
"2023-04-07 23:00:00",-3.08453367701286,0.365394755291697
"2023-04-08 00:00:00",-2.92939520008745,0.0115726309900886
"2023-04-08 01:00:00",-2.78882882938623,0.223655925269975
"2023-04-08 02:00:00",-2.54020034729172,0.257055578810789
"2023-04-08 03:00:00",-2.19470403064079,0.391311339714821
"2023-04-08 04:00:00",-1.910797392288,0.201641740040588
"2023-04-08 05:00:00",-1.95751717972865,-0.207608999694757
"2023-04-08 06:00:00",-1.84229909195735,0.327479865302169
"2023-04-08 07:00:00",-1.41216548109182,0.480502589841079
"2023-04-08 08:00:00",-1.19843181622769,0.0275539462442204
"2023-04-08 09:00:00",-0.981149865513062,0.334984343495474
"2023-04-08 10:00:00",-0.969801714682826,-0.203680613788684
"2023-04-08 11:00:00",-0.765369741285734,0.468037636916435
"2023-04-08 12:00:00",-1.47873553294588,-1.46606982269745
"2023-04-08 13:00:00",-1.99266668905857,0.147144391283594
"2023-04-08 14:00:00",-1.75726161780003,0.285625973505069
"2023-04-08 15:00:00",-1.5440582658777,0.157055534092129
"2023-04-08 16:00:00",-1.22350478852173,0.416307434544992
"2023-04-08 17:00:00",-1.3775401687982,-0.525361228466715
"2023-04-08 18:00:00",-3.07229146685541,-2.39202290992713
"2023-04-08 19:00:00",-3.67421874302701,0.624011770849588
"2023-04-08 20:00:00",-3.2862620658439,0.216888406273834
"2023-04-08 21:00:00",-3.65457583212727,-0.736705254225245
"2023-04-08 22:00:00",-4.44950768122077,-0.79126500156002
"2023-04-08 23:00:00",-3.49099775723255,2.08519265549451
"2023-04-09 00:00:00",-3.3067764594058,-1.08732710297304
"2023-04-09 01:00:00",-3.84615023028738,-0.144185934242687
"2023-04-09 02:00:00",-4.17923821653872,-0.438236298530791
"2023-04-09 03:00:00",-5.7833587760779,-2.29975146374234
"2023-04-09 04:00:00",-6.6497951389064,0.137715789146734
"2023-04-09 05:00:00",-6.00244456564952,0.964908564500759
"2023-04-09 06:00:00",-5.27774673323377,0.537857601152534
"2023-04-09 07:00:00",-5.05338567777121,0.0115062808933662
"2023-04-09 08:00:00",-5.31640354408457,-0.427020658840411
"2023-04-09 09:00:00",-4.73066758434373,1.23991251952948
"2023-04-09 10:00:00",-3.50020021170278,1.17179561354096
"2023-04-09 11:00:00",-2.44011574901655,0.939747431979475
"2023-04-09 12:00:00",-2.24982696845855,-0.315239949300173
"2023-04-09 13:00:00",-1.82225738465832,0.905348850505045
"2023-04-09 14:00:00",-1.11014159314943,0.551804798855683
"2023-04-09 15:00:00",-0.632859890827524,0.406350882020476
"2023-04-09 16:00:00",-0.3549500698502,0.179893299380581
"2023-04-09 17:00:00",-0.691339929921114,-0.664130395622654
"2023-04-09 18:00:00",-2.58341408881349,-2.61988848556381
"2023-04-09 19:00:00",-4.1935762877733,-0.857179875589869
"2023-04-09 20:00:00",-4.90778594104928,-0.579555175719342
"2023-04-09 21:00:00",-5.0695763763481,0.130727011026841
"2023-04-09 22:00:00",-5.16060408287597,-0.228003472768227
"2023-04-09 23:00:00",-5.18627942857594,0.117077799260163
"2023-04-10 00:00:00",-3.64804487682417,2.41924346511321
"2023-04-10 01:00:00",-3.63064999036644,-1.57993616090454
"2023-04-10 02:00:00",-4.41181928354494,-0.206867950531352
"2023-04-10 03:00:00",-3.39551642556193,1.78912726667701
"2023-04-10 04:00:00",-2.88474324973543,-0.361344638408334
"2023-04-10 05:00:00",-4.36140839736999,-2.14631213384742
"2023-04-10 06:00:00",-4.70151912845758,0.885785110229337
"2023-04-10 07:00:00",-3.51095879889902,1.34322406867157
"2023-04-10 08:00:00",-2.04568321420928,1.48153713834537
"2023-04-10 09:00:00",-0.640319755304349,1.29043595493443
"2023-04-10 10:00:00",0.717107913610471,1.3384090792619
"2023-04-10 11:00:00",1.66328965349227,0.638815258535154
"2023-04-10 12:00:00",2.27266044993202,0.55864127061704
"2023-04-10 13:00:00",2.80421643933072,0.485311701289096
"2023-04-10 14:00:00",2.73752898246339,-0.435125228630781
"2023-04-10 15:00:00",2.75287470582107,0.31139782607956
"2023-04-10 16:00:00",2.85019858452915,-0.0535617833441235
"2023-04-10 17:00:00",2.4339589618471,-0.641914074385918
"2023-04-10 18:00:00",1.46081453661453,-1.15085411631196
"2023-04-10 19:00:00",1.49549976969522,0.82150081481001
"2023-04-10 20:00:00",2.43117964262708,0.965407957172463
"2023-04-10 21:00:00",3.25057414654424,0.679983940193056
"2023-04-10 22:00:00",3.54106519694539,0.0128408911682382
"2023-04-10 23:00:00",3.60853874528273,0.0961254030309628
"2023-04-11 00:00:00",4.17469933692121,0.847958550329404
"2023-04-11 01:00:00",4.58071381973109,0.0867170401211799
"2023-04-11 02:00:00",4.74028345653433,0.194651878817176
"2023-04-11 03:00:00",4.92751604846312,0.167281003262856
"2023-04-11 04:00:00",4.49388703063059,-0.819972727667863
"2023-04-11 05:00:00",3.11795110378495,-1.68697900435057
"2023-04-11 06:00:00",1.6663632946083,-1.2297022579934
"2023-04-11 07:00:00",0.523002359073746,-1.03361651901802
"2023-04-11 08:00:00",0.0924347982676505,-0.00875536535981425
"2023-04-11 09:00:00",0.0151686256331067,-0.119386744006677
"2023-04-11 10:00:00",-0.334155670932442,-0.486033286233226
"2023-04-11 11:00:00",-0.466982426734536,0.10938271617781
"2023-04-11 12:00:00",-1.22428621567155,-1.29849668086554
"2023-04-11 13:00:00",-2.5928161024709,-1.3486086307649
"2023-04-11 14:00:00",-3.04821455852232,0.16504625752186
"2023-04-11 15:00:00",-3.43858564688618,-0.738164958187813
"2023-04-11 16:00:00",-3.9031569050663,-0.255671468487092
"2023-04-11 17:00:00",-4.22053128862443,-0.338397946951716
"2023-04-11 18:00:00",-4.43821090237404,-0.121419532303947
"2023-04-11 19:00:00",-4.21763820274998,0.443801251764977
"2023-04-11 20:00:00",-3.83396662635132,0.330788807561681
"2023-04-11 21:00:00",-3.89722110488417,-0.317999315441602
"2023-04-11 22:00:00",-4.87343098670879,-1.36359869741598
"2023-04-11 23:00:00",-5.49545190902957,-0.0918061828064365
"2023-04-12 00:00:00",-5.55792787400623,-0.0328725839743541
"2023-04-12 01:00:00",-6.26045123800969,-1.10840428761661
"2023-04-12 02:00:00",-7.03367629686511,-0.504965670351254
"2023-04-12 03:00:00",-7.26667139396122,-0.0315491057696515
"2023-04-12 04:00:00",-7.60665893738462,-0.520089900656819
"2023-04-12 05:00:00",-7.50836282945692,0.515677415274018
"2023-04-12 06:00:00",-6.00144048671204,2.10580838202153
"2023-04-12 07:00:00",-3.71850985617735,2.30026016665252
"2023-04-12 08:00:00",-1.78812915504914,1.59685976613235
"2023-04-12 09:00:00",-0.565117996815745,0.917970438904198
"2023-04-12 10:00:00",0.205292642658894,0.636157893582223
"2023-04-12 11:00:00",0.702415343221727,0.380546648907908
"2023-04-12 12:00:00",1.15009041409191,0.470248234428385
"2023-04-12 13:00:00",1.43414413400639,0.144946090963252
"2023-04-12 14:00:00",1.02392602916389,-0.762676041233639
"2023-04-12 15:00:00",-0.0322791446865697,-1.20301718878701
"2023-04-12 16:00:00",-0.929300901021914,-0.650360758987128
"2023-04-12 17:00:00",-1.44072712668949,-0.393304631135171
"2023-04-12 18:00:00",-1.44588975827452,0.255696165328676
"2023-04-12 19:00:00",-0.594761439654752,1.20949447144009
"2023-04-12 20:00:00",0.48029194320384,0.935108067363005
"2023-04-12 21:00:00",1.15988983834771,0.476347703589099
"2023-04-12 22:00:00",1.45429550397951,0.157628427808868
"2023-04-12 23:00:00",1.56526576677124,0.0727181110367923
"2023-04-13 00:00:00",1.59086762891674,-0.00904201796542599
"2023-04-13 01:00:00",1.57427354993863,-0.0228901463155675
"2023-04-13 02:00:00",1.28388019439097,-0.456955109087531
"2023-04-13 03:00:00",0.812309960575014,-0.460559173564744
"2023-04-13 04:00:00",0.124828123875673,-0.807139097976186
"2023-04-13 05:00:00",-0.791749869234516,-0.946141678652332
"2023-04-13 06:00:00",-1.35796826990855,-0.285013918569899
"2023-04-13 07:00:00",-1.61408505917928,-0.222931984975126
"2023-04-13 08:00:00",-1.65346539460491,0.0869365928607087
"2023-04-13 09:00:00",-1.75674776494908,-0.223054307865776
"2023-04-13 10:00:00",-1.4577312815761,0.635112458344728
"2023-04-13 11:00:00",-1.49448877008097,-0.481038093599482
"2023-04-13 12:00:00",-1.91212458644809,-0.353596769042475
"2023-04-13 13:00:00",-2.07618197058018,-0.027440074121379
"2023-04-13 14:00:00",-1.64222794182603,0.723599038298888
"2023-04-13 15:00:00",-1.25747666344875,0.142689626131297
"2023-04-13 16:00:00",-0.948261563491241,0.407156881324263
"2023-04-13 17:00:00",-0.86138342181921,-0.129543875128291
"2023-04-13 18:00:00",-1.02952281799369,-0.184769457468506
"2023-04-13 19:00:00",-1.56029700660814,-0.734891421758117
"2023-04-13 20:00:00",-1.61929835837223,0.396398706759127
"2023-04-13 21:00:00",-1.13858812970002,0.5161605391867
"2023-04-13 22:00:00",-1.28924944293935,-0.586575188900201
"2023-04-13 23:00:00",-1.6493329264904,-0.190319309786678
"2023-04-14 00:00:00",-1.01925928998105,1.149177647603
"2023-04-14 01:00:00",-0.687255773219576,-0.227233205269081
"2023-04-14 02:00:00",-0.376521969538282,0.655492135665281
"2023-04-14 03:00:00",-0.0571202654165771,0.0806526262672849
"2023-04-14 04:00:00",-0.109282375981697,-0.138151456261615
"2023-04-14 05:00:00",-0.530538377410258,-0.589830538052722
"2023-04-14 06:00:00",-0.927237984361608,-0.248413270384063
"2023-04-14 07:00:00",-1.4076070889803,-0.610982046547436
"2023-04-14 08:00:00",-2.41564614445052,-1.22302404747314
"2023-04-14 09:00:00",-3.5785757727424,-1.06449290010086
"2023-04-14 10:00:00",-4.56928116777148,-0.88982553608939
"2023-04-14 11:00:00",-5.50256756675637,-0.912022692004266
"2023-04-14 12:00:00",-6.5039469490536,-1.00627401258009
"2023-04-14 13:00:00",-7.16454173567809,-0.390373868991655
"2023-04-14 14:00:00",-6.98375849820049,0.562189696842391
"2023-04-14 15:00:00",-6.85154562972371,-0.151716932774084
"2023-04-14 16:00:00",-6.55915344381691,0.583394508123866
"2023-04-14 17:00:00",-5.91664476409982,0.65983795811457
"2023-04-14 18:00:00",-5.11905345015505,0.859148467635654
"2023-04-14 19:00:00",-4.0541915414353,1.15799672019197
"2023-04-14 20:00:00",-2.82677903414027,1.2205872762962
"2023-04-14 21:00:00",-1.6622891511184,1.07539901767067
"2023-04-14 22:00:00",-0.628819760270986,0.958548996386897
"2023-04-14 23:00:00",0.388049513327986,1.00823812106122
"2023-04-15 00:00:00",0.253148052991819,-0.891071235529742
"2023-04-15 01:00:00",0.469442779048057,0.943921824610108
"2023-04-15 02:00:00",1.73719720075509,1.42279137184083
"2023-04-15 03:00:00",2.94333503882932,1.00215115181083
"2023-04-15 04:00:00",3.38452691820492,0.0424674318734622
"2023-04-15 05:00:00",3.01538534805837,-0.630362847689645
"2023-04-15 06:00:00",2.15698571703424,-0.973516596168897
"2023-04-15 07:00:00",1.07224097339467,-1.11012869743676
"2023-04-15 08:00:00",-0.024496289131958,-1.03707522550428
"2023-04-15 09:00:00",-0.49578588504752,-0.0716786101510626
"2023-04-15 10:00:00",-1.25549610565967,-1.18165039542481
"2023-04-15 11:00:00",-2.29879912414193,-0.899878077872361
"2023-04-15 12:00:00",-3.6593522241146,-1.60004975656877
"2023-04-15 13:00:00",-4.6505864380164,-0.533545810941614
"2023-04-15 14:00:00",-5.0105786380308,-0.221192425910167
"2023-04-15 15:00:00",-4.90524357714563,0.324467526375621
"2023-04-15 16:00:00",-4.44138086228643,0.541069686495157
"2023-04-15 17:00:00",-3.75021565919904,0.764106606551201
"2023-04-15 18:00:00",-2.86109838979298,0.935038532415027
"2023-04-15 19:00:00",-1.78420295259007,1.12397852777019
"2023-04-15 20:00:00",-0.70024962726952,1.00806065911648
"2023-04-15 21:00:00",0.163115679236186,0.726779143534765
"2023-04-15 22:00:00",0.725573962747778,0.425975049726601
"2023-04-15 23:00:00",1.11182063178637,0.340472364898886
"2023-04-16 00:00:00",1.51385725818823,0.422541564055587
"2023-04-16 01:00:00",2.02446420024034,0.543101737677465
"2023-04-16 02:00:00",2.32774473183965,0.126382019516946
"2023-04-16 03:00:00",2.55271838612973,0.277010174147664
"2023-04-16 04:00:00",2.62850989159657,-0.0652429906184767
"2023-04-16 05:00:00",2.13220291559099,-0.763481004534063
"2023-04-16 06:00:00",1.09790992149533,-1.16842987656842
"2023-04-16 07:00:00",-0.227275500073911,-1.36813015353417
"2023-04-16 08:00:00",-1.52710598897955,-1.19223817357095
"2023-04-16 09:00:00",-2.51373460411242,-0.800706114385086
"2023-04-16 10:00:00",-2.90473656490888,-0.0960511279227448
"2023-04-16 11:00:00",-3.2704863853967,-0.524422681117977
"2023-04-16 12:00:00",-3.87535775300821,-0.625545485209837
"2023-04-16 13:00:00",-4.51366724274508,-0.611492856392563
"2023-04-16 14:00:00",-5.14902103397005,-0.615252916378787
"2023-04-16 15:00:00",-5.3772134917293,0.0473220494305552
"2023-04-16 16:00:00",-4.91954356422293,0.716411426576455
"2023-04-16 17:00:00",-4.20533632727615,0.685138435633393
"2023-04-16 18:00:00",-3.61787837433217,0.499842086121517
"2023-04-16 19:00:00",-3.01961481266496,0.64010965155085
"2023-04-16 20:00:00",-2.27228477120871,0.787187511924956
"2023-04-16 21:00:00",-1.68231223696369,0.433391046433462
"2023-04-16 22:00:00",-1.26424807116878,0.390148097942742
"2023-04-16 23:00:00",-0.860768724190358,0.394822721380081
"2023-04-17 00:00:00",-0.562859763337083,0.220253620232986
"2023-04-17 01:00:00",-0.684801045468231,-0.34354748928364
"2023-04-17 02:00:00",-0.956579205239812,-0.210135594086979
"2023-04-17 03:00:00",-1.40078264273369,-0.577905122013721
"2023-04-17 04:00:00",-2.22401802862636,-0.945861470584337
"2023-04-17 05:00:00",-2.90204377207922,-0.464386404037907
"2023-04-17 06:00:00",-3.129730193427,-0.0553300279836883
"2023-04-17 07:00:00",-3.17403125333349,-0.0308104242629463
"2023-04-17 08:00:00",-3.17817021563555,0.0179284353396785
"2023-04-17 09:00:00",-3.0956162961925,0.125809314066125
"2023-04-17 10:00:00",-3.12331246695531,-0.124726328172704
"2023-04-17 11:00:00",-3.13494902324636,0.0683329985587605
"2023-04-17 12:00:00",-4.97788913180688,-3.02548562199855
"2023-04-17 13:00:00",-6.65195596272598,-0.687171139518507
"2023-04-17 14:00:00",-7.16182388546538,-0.358867499605821
"2023-04-17 15:00:00",-7.63237845735729,-0.513422215084341
"2023-04-17 16:00:00",-7.757457455293,0.149590825378197
"2023-04-17 17:00:00",-7.25904953561684,0.717260918708467
"2023-04-17 18:00:00",-6.3178697159685,1.05508628213086
"2023-04-17 19:00:00",-5.06915257497543,1.32660514082488
"2023-04-17 20:00:00",-3.83943472781258,1.11322409658954
"2023-04-17 21:00:00",-2.91538567220158,0.758971756011385
"2023-04-17 22:00:00",-2.4652520423437,0.226611719999797
"2023-04-17 23:00:00",-2.6756242484129,-0.48851643200328
"2023-04-18 00:00:00",-3.28487499107845,-0.657339920551584
"2023-04-18 01:00:00",-3.70999780805651,-0.245879593896318
"2023-04-18 02:00:00",-3.86408102951309,-0.0807840520359916
"2023-04-18 03:00:00",-3.90966974846313,-0.0149799757218163
"2023-04-18 04:00:00",-4.18741727003853,-0.434686556023797
"2023-04-18 05:00:00",-4.71663756561734,-0.561697626932723
"2023-04-18 06:00:00",-4.86887524863942,0.13404307230945
"2023-04-18 07:00:00",-4.56087682185197,0.415604826183877
"2023-04-18 08:00:00",-3.94819817251593,0.720822006784163
"2023-04-18 09:00:00",-2.84968902580366,1.30318349784815
"2023-04-18 10:00:00",-1.55370872301788,1.23326619984816
"2023-04-18 11:00:00",-0.616704680776869,0.696975549595573
"2023-04-18 12:00:00",-1.67602500985132,-2.17903154429889
"2023-04-18 13:00:00",-2.85956294515614,-0.461486071627704
"2023-04-18 14:00:00",-2.65685587854655,0.639547315103763
"2023-04-18 15:00:00",-1.92770693640088,0.757657273901934
"2023-04-18 16:00:00",-1.81582977476855,-0.32146792898954
"2023-04-18 17:00:00",-2.18290347755511,-0.377694061086084
"2023-04-18 18:00:00",-2.95106624237293,-0.989155351229912
"2023-04-18 19:00:00",-3.45209505136225,-0.148005319033805
"2023-04-18 20:00:00",-3.78820036912782,-0.441083333036567
"2023-04-18 21:00:00",-4.33841216076075,-0.591935697906864
"2023-04-18 22:00:00",-4.4950469891725,0.146594489234769
"2023-04-18 23:00:00",-4.27640974212142,0.262067736616554
"2023-04-19 00:00:00",-4.37419662794015,-0.327528577646368
"2023-04-19 01:00:00",-4.13044898221026,0.618645860255056
"2023-04-19 02:00:00",-3.71530332949165,0.265076165877467
"2023-04-19 03:00:00",-3.78682404816754,-0.287728704774453
"2023-04-19 04:00:00",-4.27006821462461,-0.585742466254225
"2023-04-19 05:00:00",-4.64732969540996,-0.214846893081443
"2023-04-19 06:00:00",-4.30075830420077,0.710363597266662
"2023-04-19 07:00:00",-3.74626950336996,0.429767014164606
"2023-04-19 08:00:00",-3.5333186135834,0.0631173883358074
"2023-04-19 09:00:00",-3.43449901301352,0.122477847983715
"2023-04-19 10:00:00",-3.33048852260286,0.0911822957167124
"2023-04-19 11:00:00",-3.26479425907786,0.0498724332416046
"2023-04-19 12:00:00",-3.51334709600586,-0.43148158199364
"2023-04-19 13:00:00",-4.25805649223394,-0.913609012236746
"2023-04-19 14:00:00",-5.98718607430417,-2.18514672873133
"2023-04-19 15:00:00",-7.97745740560636,-1.75806512033342
"2023-04-19 16:00:00",-9.76197872018885,-1.70707945643325
"2023-04-19 17:00:00",-10.8567922407716,-0.622039054384595
"2023-04-19 18:00:00",-10.6107532749731,0.827046261267345
"2023-04-19 19:00:00",-8.76415466572195,2.45221247204785
"2023-04-19 20:00:00",-6.6267264331307,1.83729985751133
"2023-04-19 21:00:00",-5.23214383942014,1.04171224456766
"2023-04-19 22:00:00",-4.56847165153557,0.386854587295725
"2023-04-19 23:00:00",-3.85993777707902,0.895200944470713
"2023-04-20 00:00:00",-3.33737741304132,0.254279677819289
"2023-04-20 01:00:00",-3.03220177653782,0.328904481762257
"2023-04-20 02:00:00",-2.558165475967,0.552170591986336
"2023-04-20 03:00:00",-2.85154235614236,-0.83982814091499
"2023-04-20 04:00:00",-3.51285189857396,-0.507199666534123
"2023-04-20 05:00:00",-3.2890750931525,0.70497912836198
"2023-04-20 06:00:00",-3.32467501884189,-0.523380972630036
"2023-04-20 07:00:00",-3.93003990780969,-0.62696919676658
"2023-04-20 08:00:00",-3.85197618132967,0.549432421262927
"2023-04-20 09:00:00",-4.24732623249765,-1.00144396163434
"2023-04-20 10:00:00",-5.14005096370972,-0.772351678412983
"2023-04-20 11:00:00",-4.23741702732996,1.98300299261107
"2023-04-20 12:00:00",-3.68505622237179,-0.422172038264236
"2023-04-20 13:00:00",-2.79063250584554,1.73438548424728
"2023-04-20 14:00:00",-1.52758438711593,0.892405284196209
"2023-04-20 15:00:00",-0.509842502809652,1.05490420313774
"2023-04-20 16:00:00",0.150282723962635,0.366231947469298
"2023-04-20 17:00:00",0.399473836402247,0.159130153402832
"2023-04-20 18:00:00",-0.0558558393772731,-0.843840421450124
"2023-04-20 19:00:00",0.0635966391265617,0.756032555952643
"2023-04-20 20:00:00",0.894162974531798,0.840704752692154
"2023-04-20 21:00:00",1.43020081042206,0.306305604784635
"2023-04-20 22:00:00",1.23075458028232,-0.528973812324399
"2023-04-20 23:00:00",0.918221436070997,-0.154976376402595
"2023-04-21 00:00:00",1.22036542697296,0.591344844660398
"2023-04-21 01:00:00",1.59934474597834,0.217823284805434
"2023-04-21 02:00:00",1.75571153924932,0.105905133564097
"2023-04-21 03:00:00",1.74255624327338,-0.094164844467281
"2023-04-21 04:00:00",1.3538203222996,-0.568886287059246
"2023-04-21 05:00:00",0.908417863913761,-0.343660586485671
"2023-04-21 06:00:00",1.07553142805284,0.498512193833437
"2023-04-21 07:00:00",1.54210984032506,0.421732153206839
"2023-04-21 08:00:00",1.97375896402913,0.415761480632667
"2023-04-21 09:00:00",2.61226323268447,0.754112259910422
"2023-04-21 10:00:00",3.46866569332876,0.880532929127781
"2023-04-21 11:00:00",4.3019430069954,0.75770759291085
"2023-04-21 12:00:00",4.64569220989246,0.0459034034862247
"2023-04-21 13:00:00",4.74176107529282,0.118960391638246
"2023-04-21 14:00:00",4.32880917333099,-0.754041104858964
"2023-04-21 15:00:00",4.02153061440466,-0.000418303306177537
"2023-04-21 16:00:00",4.12107990899782,0.156280587528563
"2023-04-21 17:00:00",3.80152261477996,-0.626902432719828
"2023-04-21 18:00:00",2.92556487410619,-1.0052654815854
"2023-04-21 19:00:00",2.00353990831805,-0.826488063444416
"2023-04-21 20:00:00",1.61477835129019,-0.0810568743348932
"2023-04-21 21:00:00",1.86112424617965,0.450823721760797
"2023-04-21 22:00:00",1.9040899010757,-0.233375061890361
"2023-04-21 23:00:00",1.54194130175024,-0.433240705835616
"2023-04-22 00:00:00",1.44089601111926,0.123229242879712
"2023-04-22 01:00:00",1.35549579695811,-0.22228273589282
"2023-04-22 02:00:00",1.19452203157801,-0.114199125665597
"2023-04-22 03:00:00",0.938661498210796,-0.339680802603747
"2023-04-22 04:00:00",0.224245587297977,-0.931496062074469
"2023-04-22 05:00:00",-0.141944592014846,0.027786196220327
"2023-04-22 06:00:00",0.435924093453047,0.917307104240057
"2023-04-22 07:00:00",1.40370144495989,0.954873726458476
"2023-04-22 08:00:00",2.39612131388292,0.968482249437114
"2023-04-22 09:00:00",3.5086688168389,1.15263420744064
"2023-04-22 10:00:00",4.69839259594401,1.15339357744906
"2023-04-22 11:00:00",5.77020501404918,0.96043973282582
"2023-04-22 12:00:00",6.6506695977861,0.777874147136277
"2023-04-22 13:00:00",7.01266812014953,0.0589808332688912
"2023-04-22 14:00:00",7.00197776016388,-0.0656655312881647
"2023-04-22 15:00:00",6.93753054370003,-0.0695952480757821
"2023-04-22 16:00:00",6.66899163999208,-0.397344640214093
"2023-04-22 17:00:00",5.7750134307919,-1.19117402005685
"2023-04-22 18:00:00",4.15486022992338,-1.83658750371212
"2023-04-22 19:00:00",2.95689118354054,-0.720657823429354
"2023-04-22 20:00:00",2.82753037999395,0.267167448789788
"2023-04-22 21:00:00",3.35314839513261,0.669294905466798
"2023-04-22 22:00:00",3.67591700279155,0.0720963731896547
"2023-04-22 23:00:00",3.77019965764237,0.099856237367126
"2023-04-23 00:00:00",4.67402299676184,1.39198497635501
"2023-04-23 01:00:00",5.59546256796832,0.557938797341339
"2023-04-23 02:00:00",5.82972929947918,0.0001465100299608
"2023-04-23 03:00:00",6.13476865097538,0.486290370854322
"2023-04-23 04:00:00",5.66663639872602,-1.09006313365647
"2023-04-23 05:00:00",5.18395163711413,-0.0621378276352042
"2023-04-23 06:00:00",5.14310011783153,-0.0313996665962082
"2023-04-23 07:00:00",4.5612575475659,-0.927776892044882
"2023-04-23 08:00:00",2.90396839401698,-2.07074673828138
"2023-04-23 09:00:00",1.22426603117974,-1.34293418542516
"2023-04-23 10:00:00",0.496581100097721,-0.284524161279663
"2023-04-23 11:00:00",-0.253034632423773,-1.02469017122137
"2023-04-23 12:00:00",-1.43578972922198,-1.23160011059794
"2023-04-23 13:00:00",-1.11556971547929,1.34138277187023
"2023-04-23 14:00:00",-0.122933657806124,0.714410270691587
"2023-04-23 15:00:00",0.665041074714493,0.799731236707475
"2023-04-23 16:00:00",1.49595170634409,0.811355235239384
"2023-04-23 17:00:00",1.94129283684005,0.178245852503069
"2023-04-23 18:00:00",1.41025904524763,-0.981146048573314
"2023-04-23 19:00:00",-0.0556014919861022,-1.72115856833937
"2023-04-23 20:00:00",-0.347320758448709,0.675158113068512
"2023-04-23 21:00:00",0.218693360149398,0.466803614980217
"2023-04-23 22:00:00",0.64214981029722,0.374154643298848
"2023-04-23 23:00:00",1.0891366049818,0.473472744568839
"2023-04-24 00:00:00",1.54751374185905,0.425128324994944
"2023-04-24 01:00:00",1.78700891933492,0.102367062185012
"2023-04-24 02:00:00",2.02857163791923,0.320576616580893
"2023-04-24 03:00:00",2.72733800542145,0.915069667333576
"2023-04-24 04:00:00",3.50508441704212,0.645726677153817
"2023-04-24 05:00:00",3.38375365281367,-0.631444820910018
"2023-04-24 06:00:00",3.28270855945845,0.252990053160003
"2023-04-24 07:00:00",3.56842035848056,0.289719002368038
"2023-04-24 08:00:00",3.54853955609385,-0.229930709908187
"2023-04-24 09:00:00",3.32146617791578,-0.218950774219572
"2023-04-24 10:00:00",2.02220347632733,-1.96199837256292
"2023-04-24 11:00:00",0.868962805473555,-0.561882534508501
"2023-04-24 12:00:00",0.0525414754374603,-0.948434915672265
"2023-04-24 13:00:00",-0.0867677840627342,0.406650904606006
"2023-04-24 14:00:00",0.202344197670765,0.197127417953782
"2023-04-24 15:00:00",0.0614564557646489,-0.359793216079369
"2023-04-24 16:00:00",-0.256405540931621,-0.274882917906093
"2023-04-24 17:00:00",-0.920798738601369,-0.892160385560987
"2023-04-24 18:00:00",-2.18427790932596,-1.44979458608315
"2023-04-24 19:00:00",-2.94547137931868,-0.263147746850061
"2023-04-24 20:00:00",-2.63649631199045,0.679497051892837
"2023-04-24 21:00:00",-2.39870588617399,-0.0645779491302734
"2023-04-24 22:00:00",-2.17250988956692,0.41238428929142
"2023-04-24 23:00:00",-2.03887087124033,-0.0557389733190927
"2023-04-25 00:00:00",-1.91050494667549,0.247627861532271
"2023-04-25 01:00:00",-1.32384634080003,0.787259508497775
"2023-04-25 02:00:00",-0.63750223021347,0.588159587981561
"2023-04-25 03:00:00",-0.63918261445864,-0.393999049397576
"2023-04-25 04:00:00",-1.0874843026522,-0.462376179200268
"2023-04-25 05:00:00",-1.00316519639449,0.446171004478295
"2023-04-25 06:00:00",-1.34250224862128,-0.845582481612827
"2023-04-25 07:00:00",-2.55134455038518,-1.39183806822129
"2023-04-25 08:00:00",-4.12236696369405,-1.61253499655278
"2023-04-25 09:00:00",-5.31431852047291,-0.849614502463273
"2023-04-25 10:00:00",-5.33028413357868,0.547397598291963
"2023-04-25 11:00:00",-5.49619680826847,-0.626692170512184
"2023-04-25 12:00:00",-6.11308787690656,-0.573960468868923
"2023-04-25 13:00:00",-7.16986311995273,-1.32055173738538
"2023-04-25 14:00:00",-8.1842580281117,-0.752851358408947
"2023-04-25 15:00:00",-8.40573400639736,0.153838880015096
"2023-04-25 16:00:00",-8.00327338625951,0.559912566293311
"2023-04-25 17:00:00",-7.61666562614976,0.263014807408372
"2023-04-25 18:00:00",-7.36539522007063,0.241315531576167
"2023-04-25 19:00:00",-7.37651294763126,-0.169384397666924
"2023-04-25 20:00:00",-6.84984579171982,0.975172135705008
"2023-04-25 21:00:00",-6.02753243097326,0.690160113165428
"2023-04-25 22:00:00",-5.88944472801605,-0.228749133504572
"2023-04-25 23:00:00",-6.1424794672536,-0.249611708267422
"2023-04-26 00:00:00",-6.47712020270082,-0.367508710028023
"2023-04-26 01:00:00",-6.63065389168679,0.00475612388533084
"2023-04-26 02:00:00",-6.53519829699511,0.159929129290125
"2023-04-26 03:00:00",-6.48527122593632,-0.0173576685571522
"2023-04-26 04:00:00",-6.74946083259617,-0.407830436809376
"2023-04-26 05:00:00",-6.87938372655592,0.0702168465135883
"2023-04-26 06:00:00",-6.74962377506068,0.172153317985204
"2023-04-26 07:00:00",-6.65834791222781,0.0417186366605609
"2023-04-26 08:00:00",-6.95223484228314,-0.49507495489796
"2023-04-26 09:00:00",-7.52217299199389,-0.583804388183191
"2023-04-26 10:00:00",-7.97339740116446,-0.331704317884255
"2023-04-26 11:00:00",-8.11161963901373,0.00760635134816385
"2023-04-26 12:00:00",-8.17764478529581,-0.101521911007536
"2023-04-26 13:00:00",-8.09844761071955,0.206448806252662
"2023-04-26 14:00:00",-8.41814219075886,-0.644823600743626
"2023-04-26 15:00:00",-8.55470657856184,0.219606390890921
"2023-04-26 16:00:00",-8.35381592786275,0.189891064627687
"2023-04-26 17:00:00",-7.88352050052151,0.645645062406252
"2023-04-26 18:00:00",-7.46972432985846,0.24972819875029
"2023-04-26 19:00:00",-6.9701662685433,0.651995262823657
"2023-04-26 20:00:00",-6.22704198648885,0.77754487187372
"2023-04-26 21:00:00",-5.93314634913931,-0.0344733257812981
"2023-04-26 22:00:00",-6.48860826465402,-0.868741148834657
"2023-04-26 23:00:00",-6.52572122774497,0.527421228475973
"2023-04-27 00:00:00",-5.96817080802275,0.55955078595203
"2023-04-27 01:00:00",-5.48730994160228,0.413242166817321
"2023-04-27 02:00:00",-5.11718699051933,0.33086021234028
"2023-04-27 03:00:00",-5.94803052375064,-1.55922446481922
"2023-04-27 04:00:00",-7.21941318899144,-1.01141148391111
"2023-04-27 05:00:00",-7.12313563023495,0.839452289590979
"2023-04-27 06:00:00",-6.48297000800759,0.486068673337917
"2023-04-27 07:00:00",-6.142510907063,0.235563223517112
"2023-04-27 08:00:00",-6.27853812109192,-0.36937084463728
"2023-04-27 09:00:00",-6.65465263705091,-0.354647003877931
"2023-04-27 10:00:00",-6.75716428705243,0.0790221875797705
"2023-04-27 11:00:00",-7.02181588061657,-0.472480247115744
"2023-04-27 12:00:00",-7.72746282289198,-0.818508606578471
"2023-04-27 13:00:00",-7.90767509440882,0.263832568889525
"2023-04-27 14:00:00",-8.16754510135986,-0.586460502098487
"2023-04-27 15:00:00",-8.21045079373148,0.332021566946496
"2023-04-27 16:00:00",-7.7536467265521,0.528863909418112
"2023-04-27 17:00:00",-7.17830101563498,0.58898431161583
"2023-04-27 18:00:00",-7.55587485285269,-0.994743046354646
"2023-04-27 19:00:00",-8.17413401450784,-0.328158404108035
"2023-04-27 20:00:00",-9.0181088406066,-1.13720833088416
"2023-04-27 21:00:00",-9.47914212210094,0.023271162833309
"2023-04-27 22:00:00",-9.60368556105084,-0.204951834960443
"2023-04-27 23:00:00",-9.50773958657343,0.30435709827311
"2023-04-28 00:00:00",-8.99347744193843,0.642010701104829
"2023-04-28 01:00:00",-8.86976843126105,-0.216109223269611
"2023-04-28 02:00:00",-8.44573436328171,0.842068764059551
"2023-04-28 03:00:00",-7.55215708604592,0.896336624016586
"2023-04-28 04:00:00",-7.16337319791906,0.0416780357605966
"2023-04-28 05:00:00",-6.31194747572008,1.36001987285457
"2023-04-28 06:00:00",-4.88476994915327,1.41226352792
"2023-04-28 07:00:00",-3.6209214086483,1.11114411174045
"2023-04-28 08:00:00",-2.95664408663071,0.339471038865102
"2023-04-28 09:00:00",-2.74589918302555,0.118724387645724
"2023-04-28 10:00:00",-2.54319729473699,0.252592032280968
"2023-04-28 11:00:00",-2.25069117718466,0.308492508028124
"2023-04-28 12:00:00",-1.86187647879479,0.426785926080436
"2023-04-28 13:00:00",-1.35070894766809,0.545529836614214
"2023-04-28 14:00:00",-1.23570872802398,-0.175738890232275
"2023-04-28 15:00:00",-1.67359382715457,-0.590245935723565
"2023-04-28 16:00:00",-1.97699252124231,-0.0955965368162797
"2023-04-28 17:00:00",-1.91030567259702,0.174252570541516
"2023-04-28 18:00:00",-1.58775130242943,0.408554599920407
"2023-04-28 19:00:00",-0.961677442983462,0.743379588939364
"2023-04-28 20:00:00",-0.12631649210198,0.858224219804527
"2023-04-28 21:00:00",0.619087359917559,0.634933204342488
"2023-04-28 22:00:00",1.17454216699204,0.475277496221984
"2023-04-28 23:00:00",1.41712787446897,0.0744194447711122
"2023-04-29 00:00:00",0.755098635488752,-1.12335362662288
"2023-04-29 01:00:00",0.703341875896686,0.664115502139474
"2023-04-29 02:00:00",1.17401956437912,0.318448702284706
"2023-04-29 03:00:00",1.40984795398402,0.168029862588593
"2023-04-29 04:00:00",1.43556842486271,-0.0721897967688286
"2023-04-29 05:00:00",1.76051484021452,0.57240830092746
"2023-04-29 06:00:00",1.62052976073187,-0.610522559277247
"2023-04-29 07:00:00",0.531383445489834,-1.35855609816689
"2023-04-29 08:00:00",-0.645543505974955,-1.00060082742817
"2023-04-29 09:00:00",-1.40778120039469,-0.566278736441926
"2023-04-29 10:00:00",-2.08141744460714,-0.711381883692776
"2023-04-29 11:00:00",-2.50348797374651,-0.206460928640721
"2023-04-29 12:00:00",-3.70689100083376,-1.80760893154506
"2023-04-29 13:00:00",-4.58255276546436,-0.207986591938408
"2023-04-29 14:00:00",-4.38085593606376,0.471135045542035
"2023-04-29 15:00:00",-3.49715829016648,1.1223871361684
"2023-04-29 16:00:00",-2.41081797824144,1.01519373173011
"2023-04-29 17:00:00",-1.92003799991769,0.120961741857093
"2023-04-29 18:00:00",-2.32081479557157,-0.727077797123243
"2023-04-29 19:00:00",-3.89342238893183,-2.05856469815886
"2023-04-29 20:00:00",-5.15715795995625,-0.668789497664364
"2023-04-29 21:00:00",-4.3727733273362,1.72252304136895
"2023-04-29 22:00:00",-3.07190891564992,0.963581908159124
"2023-04-29 23:00:00",-3.28527257114764,-0.983883410630972
"2023-04-30 00:00:00",-3.87523184843525,-0.29507975575071
"2023-04-30 01:00:00",-4.24537065836032,-0.397594967963064
"2023-04-30 02:00:00",-4.60542163088791,-0.312442108557349
"2023-04-30 03:00:00",-4.98685262057475,-0.403362917628478
"2023-04-30 04:00:00",-5.65214148169928,-0.801863068305633
"2023-04-30 05:00:00",-5.76730525469506,0.355383849015341
"2023-04-30 06:00:00",-5.39232065778683,0.377664238627431
"2023-04-30 07:00:00",-5.46344239508356,-0.359979148310313
"2023-04-30 08:00:00",-5.88180832911809,-0.430369151259832
"2023-04-30 09:00:00",-6.1631809594003,-0.161093376881206
"2023-04-30 10:00:00",-6.16851128540638,0.106705093721497
"2023-04-30 11:00:00",-5.98112870132462,0.240211084967663
"2023-04-30 12:00:00",-5.49281529939098,0.638215066990982
"2023-04-30 13:00:00",-5.04580373727664,0.305381030192017
"2023-04-30 14:00:00",-4.82324798909855,0.16326612187056
"2023-04-30 15:00:00",-4.66355860838878,0.155931806559928
"2023-04-30 16:00:00",-4.42925944275278,0.281418883775063
"2023-04-30 17:00:00",-4.20450601014874,0.182004489764195
"2023-04-30 18:00:00",-5.00530306429515,-1.41251573427738
"2023-04-30 19:00:00",-6.3490465180545,-1.2275924051087
"2023-04-30 20:00:00",-7.09251596187823,-0.377215716977495
"2023-04-30 21:00:00",-7.29391380600243,-0.0654782296937853
"2023-04-30 22:00:00",-7.42035988842709,-0.15168308811005
"2023-04-30 23:00:00",-7.92424359441357,-0.705174074054643
"2023-05-01 00:00:00",-7.773009975409,0.725187047679082
"2023-05-01 01:00:00",-7.36379388070756,0.189142935875153
"2023-05-01 02:00:00",-6.99454829700524,0.481254625122544
"2023-05-01 03:00:00",-6.87842328752447,-0.123795659275966
"2023-05-01 04:00:00",-7.13947650394747,-0.331288119779595
"2023-05-01 05:00:00",-6.65789676625842,1.00979801747278
"2023-05-01 06:00:00",-5.49605828015872,1.21656660319617
"2023-05-01 07:00:00",-4.25391801559439,1.20724557364498
"2023-05-01 08:00:00",-3.12557839909403,1.02760014154501
"2023-05-01 09:00:00",-2.17825898720356,0.852811427678387
"2023-05-01 10:00:00",-1.3407754717793,0.790275296757743
"2023-05-01 11:00:00",-0.574437668025338,0.715691582524798
"2023-05-01 12:00:00",0.0545940651918172,0.54210851155042
"2023-05-01 13:00:00",0.488243383418044,0.340667325527473
"2023-05-01 14:00:00",0.594899857955304,-0.0550455167245059
"2023-05-01 15:00:00",0.645165688849068,0.117317023392231
"2023-05-01 16:00:00",0.928227063996134,0.379273488811658
"2023-05-01 17:00:00",1.07231381527685,-0.0207447748325127
"2023-05-01 18:00:00",0.0427558732908011,-1.6545465277408
"2023-05-01 19:00:00",-1.18110862369293,-0.878645839277706
"2023-05-01 20:00:00",-1.17535732144412,0.596588099503938
"2023-05-01 21:00:00",-0.716308696889337,0.347058056570772
"2023-05-01 22:00:00",-0.430780356637795,0.231864132101502
"2023-05-01 23:00:00",-0.136922811132013,0.321776968897942
"2023-05-02 00:00:00",0.934471718084946,1.52039557730644
"2023-05-02 01:00:00",1.54793422341922,-0.0215048183737875
"2023-05-02 02:00:00",1.58444014685432,0.0714496979987863
"2023-05-02 03:00:00",1.33300981746588,-0.456773935993728
"2023-05-02 04:00:00",0.472594555665629,-1.09033625896657
"2023-05-02 05:00:00",0.00448888563627814,-0.0316571949141631
"2023-05-02 06:00:00",0.206221855854877,0.347731777056639
"2023-05-02 07:00:00",0.106790367793775,-0.393076106516837
"2023-05-02 08:00:00",-0.437729289336281,-0.61974270238649
"2023-05-02 09:00:00",-1.88535920768258,-1.93019089642693
"2023-05-02 10:00:00",-3.40851471432047,-1.17699433255632
"2023-05-02 11:00:00",-4.69436000779172,-1.2929166345344
"2023-05-02 12:00:00",-6.17288375184787,-1.52595209476656
"2023-05-02 13:00:00",-7.21133215971667,-0.656150693865161
"2023-05-02 14:00:00",-7.40838369874152,0.127665642207314
"2023-05-02 15:00:00",-6.97158050434326,0.631681214715156
"2023-05-02 16:00:00",-6.80194470476719,-0.137466704136821
"2023-05-02 17:00:00",-6.48374271083737,0.615620191062402
"2023-05-02 18:00:00",-5.92519238151815,0.502317368207963
"2023-05-02 19:00:00",-5.1319920292471,0.957061868560444
"2023-05-02 20:00:00",-4.43768143031671,0.492765917204222
"2023-05-02 21:00:00",-3.8944890235034,0.55671572101229
"2023-05-02 22:00:00",-3.43585209369159,0.376476464207251
"2023-05-02 23:00:00",-3.53588437049993,-0.40851850530105
"2023-05-03 00:00:00",-3.36276038194354,0.557208678472448
"2023-05-03 01:00:00",-3.16308803044028,-0.0438362324983144
"2023-05-03 02:00:00",-3.57065712308743,-0.62661020272257
"2023-05-03 03:00:00",-4.30584695259227,-0.76803814190787
"2023-05-03 04:00:00",-5.32614705273979,-1.13443939448918
"2023-05-03 05:00:00",-5.48999371655467,0.497853352615677
"2023-05-03 06:00:00",-5.06620272634503,0.361353023437324
"2023-05-03 07:00:00",-4.86803730908094,0.0864871130527562
"2023-05-03 08:00:00",-4.84637048619652,-0.0163026349473915
"2023-05-03 09:00:00",-5.02834875792732,-0.277534326076775
"2023-05-03 10:00:00",-5.39176807725768,-0.396926052484517
"2023-05-03 11:00:00",-5.61907220377408,-0.0964755999252344
"2023-05-03 12:00:00",-4.76260401928545,1.45829519201995
"2023-05-03 13:00:00",-3.67351922952665,0.797333145540797
"2023-05-03 14:00:00",-3.51106116980209,-0.263771061844961
"2023-05-03 15:00:00",-3.30421610965903,0.515279029764517
"2023-05-03 16:00:00",-2.92508592017561,0.274607606433838
"2023-05-03 17:00:00",-2.59769471026186,0.350791516963745
"2023-05-03 18:00:00",-2.33303390002397,0.198012176598904
"2023-05-03 19:00:00",-2.92057882573667,-1.08031470998593
"2023-05-03 20:00:00",-4.27486088962126,-1.46880581953466
"2023-05-03 21:00:00",-5.74429285367964,-1.39451435711762
"2023-05-03 22:00:00",-5.99323399403518,0.533993016494862
"2023-05-03 23:00:00",-5.71281232688126,0.105774357447335
"2023-05-04 00:00:00",-5.74788472198076,-0.119940519512481
"2023-05-04 01:00:00",-6.15194607919486,-0.566864610740369
"2023-05-04 02:00:00",-6.41903606053985,-0.046624292779373
"2023-05-04 03:00:00",-6.59692810655006,-0.248677544028423
"2023-05-04 04:00:00",-6.95953129471133,-0.412820889957172
"2023-05-04 05:00:00",-6.50097979576922,1.026634550613
"2023-05-04 06:00:00",-5.21944024142995,1.39895254816683
"2023-05-04 07:00:00",-3.6416737139498,1.62872512786892
"2023-05-04 08:00:00",-2.25247590836204,1.16819448250607
"2023-05-04 09:00:00",-1.44271806883069,0.535227477021015
"2023-05-04 10:00:00",-1.16426842630676,0.0958946465254318
"2023-05-04 11:00:00",-1.14199199407093,-0.0263598378634402
"2023-05-04 12:00:00",-0.781959623560947,0.601985879143022
"2023-05-04 13:00:00",-0.387630658254024,0.238162734587827
"2023-05-04 14:00:00",-0.338894960598425,-0.0793632479557189
"2023-05-04 15:00:00",-0.307722010392761,0.103817882853038
"2023-05-04 16:00:00",-0.134052826215525,0.212379812157313
"2023-05-04 17:00:00",0.0314625825476791,0.12658055554937
"2023-05-04 18:00:00",-0.37855612965566,-0.748302224854809
"2023-05-04 19:00:00",-0.53255425926887,0.250003598515587
"2023-05-04 20:00:00",0.420359604906343,1.37691717639379
"2023-05-04 21:00:00",0.814583444225798,-0.280168910578137
"2023-05-04 22:00:00",0.160424156803023,-0.873446428914342
"2023-05-04 23:00:00",-0.559397271800762,-0.583407763896973
"2023-05-05 00:00:00",-0.601033196386849,0.322238543164932
"2023-05-05 01:00:00",-0.311408157899056,0.254894762800856
"2023-05-05 02:00:00",-0.128798845784534,0.126143628634461
"2023-05-05 03:00:00",-0.216703689754691,-0.226258261294214
"2023-05-05 04:00:00",-0.433964475204359,-0.200659233345986
"2023-05-05 05:00:00",-0.305727089762597,0.341963536721718
"2023-05-05 06:00:00",-0.10603422911134,0.0957520293885739
"2023-05-05 07:00:00",-0.220665469186666,-0.249300543180804
"2023-05-05 08:00:00",-0.443163337708823,-0.193772416651342
"2023-05-05 09:00:00",-0.383664617246319,0.226087007322487
"2023-05-05 10:00:00",-0.0925491006617654,0.321127889313947
"2023-05-05 11:00:00",0.144303129675959,0.169533600400338
"2023-05-05 12:00:00",0.803977336383322,0.954895842591141
"2023-05-05 13:00:00",1.27471898328613,0.12457229909215
"2023-05-05 14:00:00",1.0315869656768,-0.478353203524998
"2023-05-05 15:00:00",0.794741698205313,-0.0659172630327073
"2023-05-05 16:00:00",0.749679952091872,-0.0300410987656773
"2023-05-05 17:00:00",0.628987569465746,-0.176356359777476
"2023-05-05 18:00:00",0.605569516296326,0.0788413939273794
"2023-05-05 19:00:00",0.704040279487358,0.106097186457341
"2023-05-05 20:00:00",0.855845015508889,0.1741550337221
"2023-05-05 21:00:00",0.952379214091212,0.039097768993007
"2023-05-05 22:00:00",0.861150474512753,-0.175003710020526
"2023-05-05 23:00:00",0.493282123407375,-0.480071411377905
"2023-05-06 00:00:00",-0.394968208955359,-1.11879156771334
"2023-05-06 01:00:00",-0.923539633528799,-0.109471654390921
"2023-05-06 02:00:00",-0.753852236586411,0.348916917154936
"2023-05-06 03:00:00",-0.562529710790289,0.0781412621402985
"2023-05-06 04:00:00",-0.662799140810733,-0.213718267928548
"2023-05-06 05:00:00",-1.21378818171708,-0.748795695480982
"2023-05-06 06:00:00",-2.36857723533333,-1.36900779963024
"2023-05-06 07:00:00",-3.79188906485992,-1.3888269023251
"2023-05-06 08:00:00",-5.32587669455146,-1.55297949354164
"2023-05-06 09:00:00",-6.85230628575423,-1.429332101062
"2023-05-06 10:00:00",-7.59237416258422,-0.236568762631078
"2023-05-06 11:00:00",-7.73637797955871,-0.0656684276259122
"2023-05-06 12:00:00",-8.53183237951287,-1.23420160940798
"2023-05-06 13:00:00",-9.46133250987417,-0.671205915271681
"2023-05-06 14:00:00",-10.1088350215808,-0.588739774835863
"2023-05-06 15:00:00",-10.3739238011179,-0.0237020488321454
"2023-05-06 16:00:00",-10.1692013696759,0.360642357823496
"2023-05-06 17:00:00",-9.52949809091127,0.808446446694703
"2023-05-06 18:00:00",-8.49270753504505,1.15202943667709
"2023-05-06 19:00:00",-7.22150724143928,1.3011832331667
"2023-05-06 20:00:00",-6.06940932953777,1.00726802900524
"2023-05-06 21:00:00",-4.95417801198026,1.14203156518846
"2023-05-06 22:00:00",-4.12603971343896,0.585910992057367
"2023-05-06 23:00:00",-3.57884029572471,0.50070637010989
"2023-05-07 00:00:00",-4.34251184081329,-1.56567504214182
"2023-05-07 01:00:00",-4.42565224876927,0.914745821931221
"2023-05-07 02:00:00",-3.47496522190771,0.935174264737547
"2023-05-07 03:00:00",-3.25726629267518,-0.266476960702497
"2023-05-07 04:00:00",-3.73313010798081,-0.588642649363984
"2023-05-07 05:00:00",-3.71012834052765,0.434475282564654
"2023-05-07 06:00:00",-3.51298127134642,0.0343434890239066
"2023-05-07 07:00:00",-3.80765094118903,-0.495478740909137
"2023-05-07 08:00:00",-4.26571557590972,-0.4064488596121
"2023-05-07 09:00:00",-4.5194674631439,-0.134400717993222
"2023-05-07 10:00:00",-4.31007019397681,0.434465393894791
"2023-05-07 11:00:00",-3.71513211763126,0.679200918249292
"2023-05-07 12:00:00",-3.40105737009324,0.060524089632419
"2023-05-07 13:00:00",-3.61447126919047,-0.381512257617311
"2023-05-07 14:00:00",-3.81622331786925,-0.0676692163140417
"2023-05-07 15:00:00",-4.08716854540791,-0.388667564888951
"2023-05-07 16:00:00",-3.92981701062927,0.519147576092283
"2023-05-07 17:00:00",-3.67409194964652,0.0730250751969814
"2023-05-07 18:00:00",-4.10087839575789,-0.734973455819652
"2023-05-07 19:00:00",-4.6687673129275,-0.424231018007245
"2023-05-07 20:00:00",-4.74174947918014,0.170663993943514
"2023-05-07 21:00:00",-4.5752434811234,0.161931987409121
"2023-05-07 22:00:00",-4.43528695511293,0.124551460830857
"2023-05-07 23:00:00",-4.55095994645644,-0.264607920270401
"2023-05-08 00:00:00",-4.69415929068718,-0.0495925742789
"2023-05-08 01:00:00",-4.91698378576099,-0.321673139312858
"2023-05-08 02:00:00",-5.01650962306939,0.0596352673473141
"2023-05-08 03:00:00",-5.03624223983838,-0.0652417110226724
"2023-05-08 04:00:00",-5.14681542461476,-0.129049609734752
"2023-05-08 05:00:00",-4.83243853545346,0.601682732328232
"2023-05-08 06:00:00",-4.32529550636993,0.426245574550078
"2023-05-08 07:00:00",-4.19755629637887,-0.0717581959974982
"2023-05-08 08:00:00",-4.28211074576239,-0.0836582148570092
"2023-05-08 09:00:00",-4.20989202800116,0.178221037764188
"2023-05-08 10:00:00",-3.91059691353952,0.371212337731469
"2023-05-08 11:00:00",-3.47940377317051,0.455728823213632
"2023-05-08 12:00:00",-2.74215848575243,0.89436987889114
"2023-05-08 13:00:00",-2.17142076629546,0.331399038911257
"2023-05-08 14:00:00",-2.01769483477244,0.030772322171026
"2023-05-08 15:00:00",-2.14052521433239,-0.216793635591862
"2023-05-08 16:00:00",-2.3310055289352,-0.161128623667017
"2023-05-08 17:00:00",-2.51368825902238,-0.185367201885826
"2023-05-08 18:00:00",-2.86539097800203,-0.442639373616927
"2023-05-08 19:00:00",-3.18161066905608,-0.213222441079296
"2023-05-08 20:00:00",-3.07712960757805,0.315414751627542
"2023-05-08 21:00:00",-2.73393418861039,0.349372300775481
"2023-05-08 22:00:00",-2.56380534016882,0.0460737564412178
"2023-05-08 23:00:00",-2.5490793272109,-0.00356819156503407
"2023-05-09 00:00:00",-2.25801563802341,0.476935194560692
"2023-05-09 01:00:00",-2.01318048587031,0.0813796672148077
"2023-05-09 02:00:00",-1.9739670920634,0.0118338005760686
"2023-05-09 03:00:00",-2.11553717827594,-0.234566649754942
"2023-05-09 04:00:00",-2.51173928696736,-0.482403917563462
"2023-05-09 05:00:00",-2.61160984323298,0.16312977302277
"2023-05-09 06:00:00",-2.4300260712718,0.188622794824981
"2023-05-09 07:00:00",-2.39405190079729,-0.0643680066332493
"2023-05-09 08:00:00",-2.54618048759857,-0.20032063334921
"2023-05-09 09:00:00",-2.60086141589943,0.0482899661725508
"2023-05-09 10:00:00",-2.39926206092263,0.297575472762355
"2023-05-09 11:00:00",-2.00306989126273,0.446200403897325
"2023-05-09 12:00:00",-1.16903914681952,1.05552847481586
"2023-05-09 13:00:00",-0.617741802726626,0.190458064764845
"2023-05-09 14:00:00",-0.469008376632973,0.114645773290616
"2023-05-09 15:00:00",-0.451067449474334,-0.0467760592250285
"2023-05-09 16:00:00",-0.489698901964873,-0.0307848211433656
"2023-05-09 17:00:00",-0.538148096994384,-0.0572919466661482
"2023-05-09 18:00:00",-0.754637833182757,-0.311638892730876
"2023-05-09 19:00:00",-0.832929330547173,0.0819635868728556
"2023-05-09 20:00:00",-0.441854468914694,0.579635243062826
"2023-05-09 21:00:00",0.0713690851757513,0.445131161812129
"2023-05-09 22:00:00",0.32625658976225,0.11585648822325
"2023-05-09 23:00:00",0.312283894924383,-0.100280459246663
"2023-05-10 00:00:00",0.358169386560404,0.140744954337968
"2023-05-10 01:00:00",0.238376215261208,-0.288251358865609
"2023-05-10 02:00:00",0.0293408024067706,-0.146599617324736
"2023-05-10 03:00:00",0.0105736818104327,0.0673070958342524
"2023-05-10 04:00:00",-0.035154598438549,-0.118924570037554
"2023-05-10 05:00:00",0.109915534109672,0.31421528537772
"2023-05-10 06:00:00",0.494998789116777,0.41388722371796
"2023-05-10 07:00:00",0.771519573839645,0.171166764103941
"2023-05-10 08:00:00",0.866886106683394,0.0393079667718174
"2023-05-10 09:00:00",0.997826171869187,0.184687844374115
"2023-05-10 10:00:00",1.33593140320478,0.423029422011553
"2023-05-10 11:00:00",1.79761270905138,0.463788518365947
"2023-05-10 12:00:00",3.04332231164623,1.70546979482062
"2023-05-10 13:00:00",3.8542272858497,0.172083217057782
"2023-05-10 14:00:00",3.92696456787227,-0.00191519073934253
"2023-05-10 15:00:00",3.85298950303978,-0.123559190436066
"2023-05-10 16:00:00",3.81033559516181,0.00834397585132012
"2023-05-10 17:00:00",2.88336513193017,-1.51136381953218
"2023-05-10 18:00:00",1.47668504534783,-1.27376306965498
"2023-05-10 19:00:00",0.421601041572989,-0.861066361389871
"2023-05-10 20:00:00",1.8810317454998,2.93650810486777
"2023-05-10 21:00:00",2.20942873382212,-1.42834345635779
"2023-05-10 22:00:00",1.19606690364753,-0.691404848490238
"2023-05-10 23:00:00",0.81379560040636,-0.159561718110123
"2023-05-11 00:00:00",1.80058786544954,1.70307494264802
"2023-05-11 01:00:00",0.797089836491166,-2.76248414556856
"2023-05-11 02:00:00",-0.280220030124068,0.0962866006133589
"2023-05-11 03:00:00",0.157274387505531,0.644534085791453
"2023-05-11 04:00:00",0.966271048356485,0.879990859052864
"2023-05-11 05:00:00",1.97422582157047,1.04412011109684
"2023-05-11 06:00:00",2.91902965176205,0.831153646384525
"2023-05-11 07:00:00",3.43196926071315,0.272664495327395
"2023-05-11 08:00:00",3.50736276083393,-0.0641233440442448
"2023-05-11 09:00:00",3.55183896481931,0.110241625352283
"2023-05-11 10:00:00",3.31969187521932,-0.453947776694945
"2023-05-11 11:00:00",3.04407510325322,-0.147912054565876
"2023-05-11 12:00:00",3.65118321099848,1.07767440184454
"2023-05-11 13:00:00",3.81383188617036,-0.45979201959894
"2023-05-11 14:00:00",3.26818144935374,-0.581873942829822
"2023-05-11 15:00:00",2.96860550505088,-0.101356169206509
"2023-05-11 16:00:00",3.0696092789509,0.227283154767122
"2023-05-11 17:00:00",2.68731870309421,-0.774455473561508
"2023-05-11 18:00:00",2.65418994091513,0.459192078289241
"2023-05-11 19:00:00",2.87185118638901,0.0428801131023109
"2023-05-11 20:00:00",2.61917053885797,-0.441411255567189
"2023-05-11 21:00:00",2.09508905780162,-0.557665069361794
"2023-05-11 22:00:00",1.71998739071506,-0.238269922906079
"2023-05-11 23:00:00",2.10073264405123,0.773105920994519
"2023-05-12 00:00:00",3.32345463601252,1.46165101240612
"2023-05-12 01:00:00",4.00504885071161,0.124893635456965
"2023-05-12 02:00:00",4.27641616952445,0.350958700685076
"2023-05-12 03:00:00",4.34344211363523,-0.130954960370118
"2023-05-12 04:00:00",3.52925906864639,-1.23656821792564
"2023-05-12 05:00:00",2.47302915305741,-0.890362834953135
"2023-05-12 06:00:00",2.20977721609066,0.164137753459614
"2023-05-12 07:00:00",2.34863924106467,0.112565680793088
"2023-05-12 08:00:00",2.57220096595681,0.28390788052845
"2023-05-12 09:00:00",2.95509092064464,0.427367676737148
"2023-05-12 10:00:00",3.14856411666394,0.0245445398270575
"2023-05-12 11:00:00",3.21372710189489,0.0850877617288727
"2023-05-12 12:00:00",3.63794019688274,0.625993298972066
"2023-05-12 13:00:00",3.90786019253055,0.0150275490608466
"2023-05-12 14:00:00",3.66496390601001,-0.408335978734097
"2023-05-12 15:00:00",3.3170552279721,-0.295814751919598
"2023-05-12 16:00:00",3.11997481326412,-0.126167844622373
"2023-05-12 17:00:00",3.06293159283052,-0.0122706457179978
"2023-05-12 18:00:00",2.64700370071188,-0.669210426609944
"2023-05-12 19:00:00",2.60470848528965,0.374240115115409
"2023-05-12 20:00:00",2.85571095865758,0.153561542654086
"2023-05-12 21:00:00",2.6994305488772,-0.359091730458029
"2023-05-12 22:00:00",2.49293873394971,-0.0984263743929346
"2023-05-12 23:00:00",2.21153428739924,-0.393227996744924
"2023-05-13 00:00:00",2.31880498162143,0.432983637882225
"2023-05-13 01:00:00",2.42120647112547,-0.125836937529835
"2023-05-13 02:00:00",2.60237321440426,0.374103519468945
"2023-05-13 03:00:00",2.74809656934801,-0.0168056003628245
"2023-05-13 04:00:00",2.38938118780573,-0.573146642023313
"2023-05-13 05:00:00",2.09423535616641,-0.0988688981081535
"2023-05-13 06:00:00",2.05371486590222,-0.00239532440975763
"2023-05-13 07:00:00",2.06930673293374,0.0241958016762251
"2023-05-13 08:00:00",2.210295920058,0.209483912210229
"2023-05-13 09:00:00",2.38664366811341,0.143029236177829
"2023-05-13 10:00:00",2.47108072496098,0.0382884511959337
"2023-05-13 11:00:00",2.57746930512388,0.14354815759535
"2023-05-13 12:00:00",3.29858789109832,1.0685706195069
"2023-05-13 13:00:00",3.95632550411018,0.348347758986422
"2023-05-13 14:00:00",3.34455800514557,-1.22786081913724
"2023-05-13 15:00:00",2.61799401950442,-0.362155677364105
"2023-05-13 16:00:00",1.91951208174564,-0.892877776056072
"2023-05-13 17:00:00",1.44629284551051,-0.173438008393939
"2023-05-13 18:00:00",0.985731213091654,-0.63195223877745
"2023-05-13 19:00:00",0.231325142014978,-0.801461896140014
"2023-05-13 20:00:00",-0.570247916843013,-0.763855014121743
"2023-05-13 21:00:00",-0.783309684433022,0.164986897904576
"2023-05-13 22:00:00",-0.626534578052269,0.144860188438803
"2023-05-13 23:00:00",-0.585218276062498,-0.0288677627142911
"2023-05-14 00:00:00",-0.59484473247644,0.00441241694509014
"2023-05-14 01:00:00",-1.27279293020494,-1.09986540458934
"2023-05-14 02:00:00",-1.91184646734654,-0.299843291766903
"2023-05-14 03:00:00",-2.07078384345167,-0.0549854885260048
"2023-05-14 04:00:00",-1.35050012792694,1.20556209534146
"2023-05-14 05:00:00",0.30689777091532,1.88159843977876
"2023-05-14 06:00:00",1.88484194557117,1.30013306112252
"2023-05-14 07:00:00",3.14671072264855,1.17396769343072
"2023-05-14 08:00:00",4.15918709271459,0.852650244352496
"2023-05-14 09:00:00",4.22201841714301,-0.472050932617491
"2023-05-14 10:00:00",3.36523029492519,-1.07800169827817
"2023-05-14 11:00:00",2.71424112339946,-0.339720801771902
"2023-05-14 12:00:00",2.62695324494461,0.0816481958437538
"2023-05-14 13:00:00",2.68995816515279,0.0441972461342619
"2023-05-14 14:00:00",2.49137112009989,-0.354470041770625
"2023-05-14 15:00:00",1.89943100600334,-0.72533257474189
"2023-05-14 16:00:00",1.51901594378476,-0.134844461619666
"2023-05-14 17:00:00",1.66000895469664,0.316224254998729
"2023-05-14 18:00:00",1.28087234829917,-0.826825427246953
"2023-05-14 19:00:00",-0.0675042652781006,-1.63364806125024
"2023-05-14 20:00:00",-0.647491656287992,0.150088790993403
"2023-05-14 21:00:00",-0.300004793435861,0.46340535459731
"2023-05-14 22:00:00",-0.492248716107696,-0.619814156814336
"2023-05-14 23:00:00",-1.2656520573393,-0.838408460129404
"2023-05-15 00:00:00",-1.34466668205206,0.432625009038331
"2023-05-15 01:00:00",-1.73916383238141,-0.925423615948354
"2023-05-15 02:00:00",-2.38880122820031,-0.432671594408503
"2023-05-15 03:00:00",-2.51328196107997,0.0899698103304946
"2023-05-15 04:00:00",-2.12271597034901,0.575639214887543
"2023-05-15 05:00:00",-0.618227110479999,2.05495446401565
"2023-05-15 06:00:00",1.24030691655754,1.64006958581958
"2023-05-15 07:00:00",2.4655324418837,0.888847311593797
"2023-05-15 08:00:00",2.7629186101305,-0.114223266691333
"2023-05-15 09:00:00",2.50605944586651,-0.343302657134039
"2023-05-15 10:00:00",2.28061469701253,-0.139390446419412
"2023-05-15 11:00:00",2.13353329935752,-0.148158188467399
"2023-05-15 12:00:00",0.240089272522366,-2.9697222620326
"2023-05-15 13:00:00",-0.524329101348546,0.741774648312371
"2023-05-15 14:00:00",-1.2444511772349,-1.65980802480446
"2023-05-15 15:00:00",-1.42463149414426,0.816387121503255
"2023-05-15 16:00:00",-0.601407934622241,0.790497827330386
"2023-05-15 17:00:00",0.170064316137936,0.722903853700365
"2023-05-15 18:00:00",0.130502620076366,-0.546202664606405
"2023-05-15 19:00:00",-1.10722400022458,-1.64008698647904
"2023-05-15 20:00:00",-1.2196550811522,0.912758383981913
"2023-05-15 21:00:00",-0.35421111444731,0.794347856466252
"2023-05-15 22:00:00",0.021808270449212,0.0797266886743208
"2023-05-15 23:00:00",-0.132437917384719,-0.302923890129916
"2023-05-16 00:00:00",0.392958486202441,1.05280475411157
"2023-05-16 01:00:00",1.01312250472749,0.301765578752066
"2023-05-16 02:00:00",1.14800473335337,0.0159135211954943
"2023-05-16 03:00:00",0.883177980482434,-0.440878687455341
"2023-05-16 04:00:00",0.240153502714357,-0.748368008497614
"2023-05-16 05:00:00",-0.356566978115215,-0.46757752572569
"2023-05-16 06:00:00",-1.46870905910067,-1.48853677043135
"2023-05-16 07:00:00",-3.05145342911651,-1.56844480711805
"2023-05-16 08:00:00",-4.42450449352115,-1.17361217841842
"2023-05-16 09:00:00",-4.78251011004988,0.20843649058825
"2023-05-16 10:00:00",-4.36735253579235,0.539404000175907
"2023-05-16 11:00:00",-4.10933981335488,0.0637888623096526
"2023-05-16 12:00:00",-5.73136531163845,-2.66350984698957
"2023-05-16 13:00:00",-6.81252036262889,0.032491512989774
"2023-05-16 14:00:00",-6.05561892589839,1.21264433350373
"2023-05-16 15:00:00",-4.96864169625858,0.959351362025514
"2023-05-16 16:00:00",-4.57651700804333,0.00174902395084992
"2023-05-16 17:00:00",-4.46710021593667,0.181891954670349
"2023-05-16 18:00:00",-4.74281597314859,-0.561924284791797
"2023-05-16 19:00:00",-5.38552772525116,-0.659916331513631
"2023-05-16 20:00:00",-5.53939486282181,0.197744721787847
"2023-05-16 21:00:00",-5.29760208185744,0.266805859740333
"2023-05-16 22:00:00",-5.35235827180802,-0.259698818649122
"2023-05-16 23:00:00",-5.30958326175771,0.249285203800654
"2023-05-17 00:00:00",-5.44232479680512,-0.374272022493676
"2023-05-17 01:00:00",-5.80306949353618,-0.327571319901041
"2023-05-17 02:00:00",-5.84991227293852,0.150010164965075
"2023-05-17 03:00:00",-5.61544483022329,0.287167771730946
"2023-05-17 04:00:00",-5.29724356646035,0.331005226830758
"2023-05-17 05:00:00",-4.55887861903605,0.981672879370731
"2023-05-17 06:00:00",-4.28559106919999,-0.206073248031214
"2023-05-17 07:00:00",-5.03330626911499,-1.06775038855852
"2023-05-17 08:00:00",-5.99412939790089,-0.837395900349474
"2023-05-17 09:00:00",-6.82077282075975,-0.772469652585809
"2023-05-17 10:00:00",-7.23098882796818,-0.140435241704801
"2023-05-17 11:00:00",-7.14623330444878,0.24017045435191
"2023-05-17 12:00:00",-7.04467984306238,0.013526545373785
"2023-05-17 13:00:00",-6.85367076644675,0.309329878476321
"2023-05-17 14:00:00",-6.36021945153289,0.601579984498429
"2023-05-17 15:00:00",-6.28174275406121,-0.265786341077593
"2023-05-17 16:00:00",-6.30354576250941,0.149980487382643
"2023-05-17 17:00:00",-6.41981123464056,-0.280112194788725
"2023-05-17 18:00:00",-6.55738802065225,-0.0277446857949029
"2023-05-17 19:00:00",-7.43034455800347,-1.38648942126726
"2023-05-17 20:00:00",-8.1786253673381,-0.277683063546331
"2023-05-17 21:00:00",-8.27310503373367,0.0426824204080992
"2023-05-17 22:00:00",-8.00523288205406,0.415927675159407
"2023-05-17 23:00:00",-7.92402344590437,-0.135475795005868
"2023-05-18 00:00:00",-7.88104845575166,0.170108886685028
"2023-05-18 01:00:00",-7.83423470415583,-0.027450689802054
"2023-05-18 02:00:00",-7.52907439955106,0.522491357027886
"2023-05-18 03:00:00",-7.57522554502717,-0.413344731231007
"2023-05-18 04:00:00",-7.44288445628985,0.499598122728128
"2023-05-18 05:00:00",-6.62496092410467,1.00086055114494
"2023-05-18 06:00:00",-5.81450129939388,0.653552195636849
"2023-05-18 07:00:00",-5.47085333410067,0.128211249439145
"2023-05-18 08:00:00",-5.40375986734986,0.0302104466863524
"2023-05-18 09:00:00",-5.63109812103601,-0.381268254634359
"2023-05-18 10:00:00",-6.11198552653599,-0.517191380739648
"2023-05-18 11:00:00",-6.28093730210541,0.0791083930185567
"2023-05-18 12:00:00",-6.29217008133937,-0.0628318460164666
"2023-05-18 13:00:00",-6.30627782175089,0.027152901095415
"2023-05-18 14:00:00",-6.28900310204078,0.0179947353885467
"2023-05-18 15:00:00",-6.2036835776456,0.134251611135702
"2023-05-18 16:00:00",-5.65862518442806,0.801018165152978
"2023-05-18 17:00:00",-4.74666017933607,0.949884003199772
"2023-05-18 18:00:00",-4.06489937313283,0.476734721266432
"2023-05-18 19:00:00",-4.24676714263001,-0.607048420705386
"2023-05-18 20:00:00",-4.33313755153803,0.270319027676157
"2023-05-18 21:00:00",-4.28264818357236,-0.0928768203622879
"2023-05-18 22:00:00",-4.47967738929116,-0.251581652098515
"2023-05-18 23:00:00",-4.82958712283352,-0.393060700915303
"2023-05-19 00:00:00",-4.94563848689056,0.0803564754581292
"2023-05-19 01:00:00",-5.07363354342703,-0.254438557952746
"2023-05-19 02:00:00",-5.24591647564359,-0.102788804949284
"2023-05-19 03:00:00",-4.83544919360076,0.739886944186438
"2023-05-19 04:00:00",-3.69234369108359,1.36382462906448
"2023-05-19 05:00:00",-2.61124892322781,0.845996390630673
"2023-05-19 06:00:00",-2.31626073660037,-0.0829972092189815
"2023-05-19 07:00:00",-2.17869800409127,0.281048038030568
"2023-05-19 08:00:00",-1.80447112645895,0.421369493651867
"2023-05-19 09:00:00",-1.93677597074607,-0.492802552877961
"2023-05-19 10:00:00",-2.17150169756763,-0.0490276821560814
"2023-05-19 11:00:00",-1.86981173495122,0.523959846474617
"2023-05-19 12:00:00",-1.92287957162454,-0.432815272841061
"2023-05-19 13:00:00",-2.65480310078529,-0.894067311451108
"2023-05-19 14:00:00",-2.69790825078095,0.529662660973572
"2023-05-19 15:00:00",-2.72380356566971,-0.391553994111083
"2023-05-19 16:00:00",-3.10868512448838,-0.358634138142076
"2023-05-19 17:00:00",-3.10875490112293,0.242978242585468
"2023-05-19 18:00:00",-2.74400352577424,0.432605268162152
"2023-05-19 19:00:00",-2.74356438795448,-0.28415170022153
"2023-05-19 20:00:00",-2.19698184542158,1.07795809970033
"2023-05-19 21:00:00",-1.10458240632916,1.05294773793564
"2023-05-19 22:00:00",-0.992072884721986,-0.518361707221816
"2023-05-19 23:00:00",-1.63936246643247,-0.701202878887176
"2023-05-20 00:00:00",-1.93974402925998,-0.0167854566923777
"2023-05-20 01:00:00",-2.14612739860544,-0.320473089562227
"2023-05-20 02:00:00",-2.28134179185322,-0.00251989275797519
"2023-05-20 03:00:00",-2.41947535616027,-0.219037404528147
"2023-05-20 04:00:00",-1.75668726988488,1.22228426703196
"2023-05-20 05:00:00",-0.983137636904058,0.439903347356945
"2023-05-20 06:00:00",-1.02972329019622,-0.367425582061796
"2023-05-20 07:00:00",-1.27325890252806,-0.148044143153844
"2023-05-20 08:00:00",-1.48479488160551,-0.242170384274737
"2023-05-20 09:00:00",-2.284784430566,-1.13193441407212
"2023-05-20 10:00:00",-2.53895245497774,0.34602173752765
"2023-05-20 11:00:00",-2.20544884973646,0.31258213096662
"2023-05-20 12:00:00",-2.69736762762293,-1.00202605157562
"2023-05-20 13:00:00",-3.04709096387786,0.105232231156375
"2023-05-20 14:00:00",-2.32446282499262,1.10380609390231
"2023-05-20 15:00:00",-1.26320358134659,0.985460092026241
"2023-05-20 16:00:00",-0.391445086869035,0.756161066587203
"2023-05-20 17:00:00",0.36882870318172,0.727392251938091
"2023-05-20 18:00:00",1.08016487565786,0.666354791756849
"2023-05-20 19:00:00",1.46959634368291,0.184921611989818
"2023-05-20 20:00:00",1.72183380028936,0.283234050199429
"2023-05-20 21:00:00",1.98667236349845,0.237771406764694
"2023-05-20 22:00:00",2.09483076470341,0.014051556972952
"2023-05-20 23:00:00",2.11739597686975,0.0244692121332078
"2023-05-21 00:00:00",2.45066748445759,0.520570908180052
"2023-05-21 01:00:00",2.65082554698349,-0.0261161909658084
"2023-05-21 02:00:00",3.00076122109233,0.580588117465651
"2023-05-21 03:00:00",3.55795171946992,0.511248247240977
"2023-05-21 04:00:00",4.01976457966368,0.402326681434024
"2023-05-21 05:00:00",4.84880815678144,1.06894122789493
"2023-05-21 06:00:00",5.61467204731774,0.521174236179805
"2023-05-21 07:00:00",5.97986264641635,0.23661460171227
"2023-05-21 08:00:00",6.12645243440584,0.0719027829336396
"2023-05-21 09:00:00",6.25244541856251,0.148170882952625
"2023-05-21 10:00:00",6.57560500200718,0.41640353471478
"2023-05-21 11:00:00",7.04913263282378,0.480634692926375
"2023-05-21 12:00:00",7.81406565107434,0.909029423087788
"2023-05-21 13:00:00",8.09081893666391,-0.167977320606649
"2023-05-21 14:00:00",7.51151393851973,-0.836416405599675
"2023-05-21 15:00:00",7.13685130158816,-0.0587075732575779
"2023-05-21 16:00:00",6.68765675250605,-0.697365876712295
"2023-05-21 17:00:00",6.39049420962648,-0.0248615444053643
"2023-05-21 18:00:00",6.29632349646242,-0.144135875566587
"2023-05-21 19:00:00",6.15200991515666,-0.14568777622082
"2023-05-21 20:00:00",6.34398792107545,0.40003459599477
"2023-05-21 21:00:00",6.60482467753516,0.147470135801299
"2023-05-21 22:00:00",6.5378647027166,-0.215240017863527
"2023-05-21 23:00:00",6.28210725234359,-0.279039849615516
"2023-05-22 00:00:00",7.00112350058925,1.34211344245022
"2023-05-22 01:00:00",7.51639980198423,-0.0694463537828813
"2023-05-22 02:00:00",7.1810680745395,-0.506336497651014
"2023-05-22 03:00:00",6.42905390530473,-0.889314777060557
"2023-05-22 04:00:00",5.75583921470033,-0.505444124025218
"2023-05-22 05:00:00",5.56018347610079,0.0127468448341306
"2023-05-22 06:00:00",5.49213483579254,-0.125842586789283
"2023-05-22 07:00:00",5.39463240920078,-0.0810531943573087
"2023-05-22 08:00:00",5.64506692331981,0.452570595730118
"2023-05-22 09:00:00",6.22659054509027,0.632583014645452
"2023-05-22 10:00:00",6.72555268101695,0.378149139047711
"2023-05-22 11:00:00",6.88069379308472,-0.00956711564938111
"2023-05-22 12:00:00",6.90040330759165,0.0294239223608199
"2023-05-22 13:00:00",6.73642102030351,-0.294017076777739
"2023-05-22 14:00:00",6.45953543416274,-0.260987883238583
"2023-05-22 15:00:00",6.17081582365965,-0.301811074972987
"2023-05-22 16:00:00",5.96625843973757,-0.137953937294675
"2023-05-22 17:00:00",5.74951764083322,-0.26665319630299
"2023-05-22 18:00:00",5.3363004718989,-0.498697820856499
"2023-05-22 19:00:00",4.38321523984978,-1.21759138620477
"2023-05-22 20:00:00",3.90767893392391,0.036107702814641
"2023-05-22 21:00:00",4.38843763694483,0.749306927724293
"2023-05-22 22:00:00",4.85723367707765,0.253860135969729
"2023-05-22 23:00:00",5.03744663277155,0.11629305178666
"2023-05-23 00:00:00",4.55377701680623,-0.867145526598669
"2023-05-23 01:00:00",4.13165272693769,-0.11125738468766
"2023-05-23 02:00:00",4.04321548425388,-0.074345620737268
"2023-05-23 03:00:00",3.50704898930115,-0.823773654040954
"2023-05-23 04:00:00",3.46511311360635,0.476754093538594
"2023-05-23 05:00:00",3.48957542668667,-0.282688004669734
"2023-05-23 06:00:00",2.63360626317615,-1.20197168703717
"2023-05-23 07:00:00",2.05801449594825,-0.13405411833816
"2023-05-23 08:00:00",2.37689078628501,0.603020045088452
"2023-05-23 09:00:00",2.96389975788081,0.545377962962035
"2023-05-23 10:00:00",3.35134313660314,0.25992510774006
"2023-05-23 11:00:00",3.54725870584583,0.139614957096041
"2023-05-23 12:00:00",-0.164112758568348,-6.10686132661791
"2023-05-23 13:00:00",-3.4687076740873,-1.27920519846486
"2023-05-23 14:00:00",-4.21031750851077,-0.343508401439037
"2023-05-23 15:00:00",-4.01168676505767,0.556037319745313
"2023-05-23 16:00:00",-4.72599386615716,-1.52207620389198
"2023-05-23 17:00:00",-5.70535803623581,-0.56493361487229
"2023-05-23 18:00:00",-5.66904768516871,0.442759338494756
"2023-05-23 19:00:00",-4.71673897560746,1.25405455821893
"2023-05-23 20:00:00",-3.35495848491444,1.37496360025065
"2023-05-23 21:00:00",-2.17122621628663,1.00431985843587
"2023-05-23 22:00:00",-1.60901850407854,0.243553349120627
"2023-05-23 23:00:00",-2.1692905503151,-1.06744943938089
"2023-05-24 00:00:00",-2.81236327791058,-0.32680596296248
"2023-05-24 01:00:00",-2.76439232820319,0.29916245011671
"2023-05-24 02:00:00",-2.54791455442648,0.154630887626179
"2023-05-24 03:00:00",-2.20344553192924,0.457939923986171
"2023-05-24 04:00:00",-2.07465294401647,-0.0939160494669381
"2023-05-24 05:00:00",-2.60838331845629,-0.798899053048298
"2023-05-24 06:00:00",-3.83010450345309,-1.4421812827481
"2023-05-24 07:00:00",-5.26781369635452,-1.36147337736075
"2023-05-24 08:00:00",-6.6046082468069,-1.25003057781035
"2023-05-24 09:00:00",-7.45089015948071,-0.528395245652193
"2023-05-24 10:00:00",-7.73822940782127,-0.103382606687418
"2023-05-24 11:00:00",-8.02775275519705,-0.389885663923301
"2023-05-24 12:00:00",-8.76987135888584,-0.931327066305058
"2023-05-24 13:00:00",-8.88690679147627,0.44267874314109
"2023-05-24 14:00:00",-8.13570644066355,0.932633016026308
"2023-05-24 15:00:00",-7.46808654459858,0.469706237976696
"2023-05-24 16:00:00",-6.72531684207566,0.899136338787741
"2023-05-24 17:00:00",-5.65829635681532,1.13690344330889
"2023-05-24 18:00:00",-4.80133564432184,0.636904415068412
"2023-05-24 19:00:00",-4.88341493409116,-0.551306318822545
"2023-05-24 20:00:00",-5.19002924549643,-0.122626202797594
"2023-05-24 21:00:00",-5.02125802423827,0.361700834669876
"2023-05-24 22:00:00",-4.41292581556633,0.750313159941211
"2023-05-24 23:00:00",-3.48411203426835,1.00936202631024
"2023-05-25 00:00:00",-2.81946606490682,0.407745213269377
"2023-05-25 01:00:00",-3.03590792442525,-0.618641208133296
"2023-05-25 02:00:00",-3.24348512294193,0.0802368331751355
"2023-05-25 03:00:00",-3.56989857916575,-0.577818566300617
"2023-05-25 04:00:00",-3.2601654447106,0.891306098694176
"2023-05-25 05:00:00",-2.47009938640656,0.68923144312151
"2023-05-25 06:00:00",-1.91700291520354,0.439241528505899
"2023-05-25 07:00:00",-1.34913152328538,0.629108542147617
"2023-05-25 08:00:00",-1.05765153109733,0.054285641637541
"2023-05-25 09:00:00",-1.11718852546474,-0.131225423650085
"2023-05-25 10:00:00",-1.63709342662999,-0.7528750200278
"2023-05-25 11:00:00",-2.08132389210569,-0.215251810997075
"2023-05-25 12:00:00",-2.1987972234617,-0.0440245384721626
"2023-05-25 13:00:00",-2.63704847052082,-0.677405830331197
"2023-05-25 14:00:00",-2.84554613130308,0.117408263304933
"2023-05-25 15:00:00",-2.78535230691864,0.022857896630727
"2023-05-25 16:00:00",-2.66542657692756,0.182526923846918
"2023-05-25 17:00:00",-2.38852017469452,0.330101233330166
"2023-05-25 18:00:00",-1.89847534413607,0.576463313572929
"2023-05-25 19:00:00",-1.77310190768015,-0.178859360931527
"2023-05-25 20:00:00",-2.25648163856947,-0.661135172308425
"2023-05-25 21:00:00",-2.88796237624335,-0.578796197719875
"2023-05-25 22:00:00",-3.31534637045702,-0.302413803726764
"2023-05-25 23:00:00",-3.47896008611786,-0.0590349288898192
"2023-05-26 00:00:00",-3.68102539736733,-0.283332300489005
"2023-05-26 01:00:00",-4.70883628411048,-1.47053728529192
"2023-05-26 02:00:00",-5.44159284973005,-0.200023163005497
"2023-05-26 03:00:00",-5.70801509221015,-0.291015320332336
"2023-05-26 04:00:00",-5.02302638854296,1.31045215040994
"2023-05-26 05:00:00",-3.69328697760798,1.28588165502443
"2023-05-26 06:00:00",-2.74655073243397,0.680413984345771
"2023-05-26 07:00:00",-2.49699968414821,-0.0460053638041401
"2023-05-26 08:00:00",-2.88120002487292,-0.588185269832751
"2023-05-26 09:00:00",-3.36474708629061,-0.387098888096244
"2023-05-26 10:00:00",-3.51271836096758,0.022811736750021
"2023-05-26 11:00:00",-3.46826891033096,0.0612886135580256
"2023-05-26 12:00:00",-2.8795540028849,0.916820332935595
"2023-05-26 13:00:00",-2.60358895529792,-0.160667685492024
"2023-05-26 14:00:00",-3.08849044657284,-0.674656525932893
"2023-05-26 15:00:00",-3.85988063010127,-0.795242417012682
"2023-05-26 16:00:00",-4.55081255061775,-0.583586299341092
"2023-05-26 17:00:00",-4.52367939936704,0.438847373973305
"2023-05-26 18:00:00",-4.04467500628984,0.488842499143389
"2023-05-26 19:00:00",-3.76090275668987,0.13878833748936
"2023-05-26 20:00:00",-3.4825350319086,0.363037503644874
"2023-05-26 21:00:00",-3.76671679312283,-0.697662260515364
"2023-05-26 22:00:00",-4.71969884114806,-1.07305349208466
"2023-05-26 23:00:00",-5.40163375824793,-0.382706717440828
"2023-05-27 00:00:00",-5.43089316829272,0.21471905370089
"2023-05-27 01:00:00",-5.97437583501409,-1.01611776038625
"2023-05-27 02:00:00",-6.61182031621084,-0.347010390702454
"2023-05-27 03:00:00",-6.85131138449035,-0.147912307621735
"2023-05-27 04:00:00",-6.06283903464781,1.3840791024897
"2023-05-27 05:00:00",-4.56624309792707,1.50830116210833
"2023-05-27 06:00:00",-3.21259855424745,1.19210159727136
"2023-05-27 07:00:00",-2.47810148161041,0.398669460129234
"2023-05-27 08:00:00",-2.54307011439701,-0.367774929407146
"2023-05-27 09:00:00",-2.91775911362945,-0.358216331684128
"2023-05-27 10:00:00",-3.01756099045273,0.0809738458857812
"2023-05-27 11:00:00",-2.87600278061495,0.179108763615903
"2023-05-27 12:00:00",-2.29398717785633,0.826664617296704
"2023-05-27 13:00:00",-1.762513532203,0.312383728286607
"2023-05-27 14:00:00",-1.6774334588364,-0.0682249171837272
"2023-05-27 15:00:00",-1.71194473445412,-0.00823440756008456
"2023-05-27 16:00:00",-1.54129898756934,0.283994194883833
"2023-05-27 17:00:00",-1.14476400869161,0.454703923316184
"2023-05-27 18:00:00",-1.08842825089203,-0.210440429249103
"2023-05-27 19:00:00",-2.31909353775287,-1.85092072301945
"2023-05-27 20:00:00",-3.60080701319681,-0.838353819727452
"2023-05-27 21:00:00",-4.05031340910291,-0.164278924487452
"2023-05-27 22:00:00",-4.20089178466156,-0.129070226879669
"2023-05-27 23:00:00",-4.20853874969984,0.0790771370423348
"2023-05-28 00:00:00",-3.87101911425204,0.49919610938978
"2023-05-28 01:00:00",-4.23611219126319,-0.918938957563381
"2023-05-28 02:00:00",-4.78901686632817,-0.277153636090382
"2023-05-28 03:00:00",-5.15895170173788,-0.408037750426832
"2023-05-28 04:00:00",-4.36751840230833,1.56010654466552
"2023-05-28 05:00:00",-2.55151793957108,1.90592631374836
"2023-05-28 06:00:00",-0.935680802558922,1.34895195563612
"2023-05-28 07:00:00",0.140766435295581,0.844834131480016
"2023-05-28 08:00:00",0.797449312004614,0.499864288780653
"2023-05-28 09:00:00",0.890126162261378,-0.184208385690383
"2023-05-28 10:00:00",0.678768813305996,-0.220559799061095
"2023-05-28 11:00:00",0.671884747137881,0.135016481393509
"2023-05-28 12:00:00",1.1339304674498,0.657239622724719
"2023-05-28 13:00:00",1.54857345729698,0.231749889976606
"2023-05-28 14:00:00",1.69388837134602,0.0787918148693127
"2023-05-28 15:00:00",1.69982498209474,-0.0450975450998159
"2023-05-28 16:00:00",1.85291509997198,0.275747861167024
"2023-05-28 17:00:00",2.31415846206737,0.560599291751568
"2023-05-28 18:00:00",2.42676183479225,-0.19438837718032
"2023-05-28 19:00:00",1.47509525798873,-1.41441470333917
"2023-05-28 20:00:00",0.515928537057282,-0.611995013546999
"2023-05-28 21:00:00",0.183248351348816,-0.131329524044572
"2023-05-28 22:00:00",-0.214799316942348,-0.557177921263836
"2023-05-28 23:00:00",-0.8343760835001,-0.631456614125487
"2023-05-29 00:00:00",-1.14991958203984,-0.0888687186754583
"2023-05-29 01:00:00",-1.60600178011378,-0.677732530255255
"2023-05-29 02:00:00",-1.86846960218489,0.0289124242917173
"2023-05-29 03:00:00",-1.61600649352999,0.39190519515643
"2023-05-29 04:00:00",-1.02469024389867,0.698238115362576
"2023-05-29 05:00:00",-0.242472575428482,0.802353021021861
"2023-05-29 06:00:00",0.116783560761997,0.0471040366984094
"2023-05-29 07:00:00",0.0704709987108222,-0.10653898501692
"2023-05-29 08:00:00",-0.0860394909259522,-0.182477793445502
"2023-05-29 09:00:00",-0.470186283012336,-0.500225238887621
"2023-05-29 10:00:00",-0.539635565197171,0.221635897801242
"2023-05-29 11:00:00",-0.691850059214634,-0.393515366965358
"2023-05-29 12:00:00",-0.427218636418178,0.691704929479312
"2023-05-29 13:00:00",-0.1627882763828,-0.0324295846708152
"2023-05-29 14:00:00",-0.384784176637294,-0.337612436128949
"2023-05-29 15:00:00",-0.822707926765167,-0.483491142252266
"2023-05-29 16:00:00",-0.957166152317123,0.105675957029761
"2023-05-29 17:00:00",-0.881827978328156,0.0527667058453603
"2023-05-29 18:00:00",-0.789111647652333,0.116079462775452
"2023-05-29 19:00:00",-0.983362140590801,-0.390886127143978
"2023-05-29 20:00:00",-1.46224932465781,-0.513529995912154
"2023-05-29 21:00:00",-1.84469135004372,-0.274993875528612
"2023-05-29 22:00:00",-2.44755384224806,-0.790413174354596
"2023-05-29 23:00:00",-3.45046168720826,-1.09375711973316
"2023-05-30 00:00:00",-4.4974791937891,-0.961658442567837
"2023-05-30 01:00:00",-5.28958768453021,-0.635641182511133
"2023-05-30 02:00:00",-5.46389976072917,0.148334797985565
"2023-05-30 03:00:00",-5.71976428750191,-0.506126911197973
"2023-05-30 04:00:00",-4.9128158553073,1.65134198391226
"2023-05-30 05:00:00",-3.3241095487776,1.47778622501048
"2023-05-30 06:00:00",-2.13137038649934,0.950316235386136
"2023-05-30 07:00:00",-1.4302823925844,0.504369866401044
"2023-05-30 08:00:00",-1.18462692449469,0.0633517849122862
"2023-05-30 09:00:00",-1.28069210271848,-0.196249895824637
"2023-05-30 10:00:00",-1.33167248353412,0.0499371740096218
"2023-05-30 11:00:00",-1.10180094621461,0.340618390683547
"2023-05-30 12:00:00",-0.469060093490376,0.798838204765356
"2023-05-30 13:00:00",0.0827052643131195,0.361437805544405
"2023-05-30 14:00:00",0.0238170217881168,-0.336409111526456
"2023-05-30 15:00:00",-0.180636248201022,-0.106799399118221
"2023-05-30 16:00:00",-0.126726430328636,0.15871849128371
"2023-05-30 17:00:00",0.0762946178496634,0.223071456070804
"2023-05-30 18:00:00",0.35649657315479,0.304874981004046
"2023-05-30 19:00:00",-0.174440604582697,-1.06336544746686
"2023-05-30 20:00:00",-0.453226516808706,0.257730776989441
"2023-05-30 21:00:00",-0.480889254977253,-0.216023322940739
"2023-05-30 22:00:00",-0.852097592816255,-0.456404011529335
"2023-05-30 23:00:00",-1.48569130055075,-0.720512199317562
"2023-05-31 00:00:00",-2.0097970961392,-0.366350781438468
"2023-05-31 01:00:00",-2.83494129511972,-1.08920116733781
"2023-05-31 02:00:00",-3.50062840921042,-0.34806306966199
"2023-05-31 03:00:00",-3.97004102676843,-0.523493867715483
"2023-05-31 04:00:00",-3.80623355549871,0.619332367405732
"2023-05-31 05:00:00",-2.9031752856315,1.05419762035779
"2023-05-31 06:00:00",-1.72588891537409,1.20714127664452
"2023-05-31 07:00:00",-0.699857784687399,0.858760708256629
"2023-05-31 08:00:00",-0.0125384782745464,0.541267833318863
"2023-05-31 09:00:00",0.563600326367153,0.57202413709009
"2023-05-31 10:00:00",1.13166305382812,0.537701603763062
"2023-05-31 11:00:00",1.54082121748943,0.302562797045238
"2023-05-31 12:00:00",2.22315932958703,0.90110761001383
"2023-05-31 13:00:00",2.69373484201948,0.158332768376849
"2023-05-31 14:00:00",2.86734371091646,0.172071846842183
"2023-05-31 15:00:00",3.05108696370757,0.17909785061875
"2023-05-31 16:00:00",3.11542073561366,-0.0191630369672056
"2023-05-31 17:00:00",3.33144524403509,0.358533690551295
"2023-05-31 18:00:00",3.44868744447265,-0.0534802325925234
"2023-05-31 19:00:00",2.10758820437594,-2.14021318541551
"2023-05-31 20:00:00",0.425030029660063,-1.30022173968467
"2023-05-31 21:00:00",0.0536484475524482,0.264934840460845
"2023-05-31 22:00:00",0.458706701479891,0.479155044184873
"2023-05-31 23:00:00",0.962649146565639,0.495928991044408
"2023-06-01 00:00:00",1.58386425394908,0.673977564410563
"2023-06-01 01:00:00",0.948772695043974,-1.47965136777807
"2023-06-01 02:00:00",0.291078751445345,-0.0797009848078917
"2023-06-01 03:00:00",-0.375637802903613,-1.02674679028914
"2023-06-01 04:00:00",-0.863723755004457,-0.105307223333299
"2023-06-01 05:00:00",-1.0591302992779,-0.245073158435717
"2023-06-01 06:00:00",-1.50314336635101,-0.55417342381828
"2023-06-01 07:00:00",-2.16349064863105,-0.697812435222561
"2023-06-01 08:00:00",-2.75935080222932,-0.496790359085929
"2023-06-01 09:00:00",-2.9053773533575,0.098306808419814
"2023-06-01 10:00:00",-2.50879365414342,0.580330051223138
"2023-06-01 11:00:00",-1.71156008060682,0.907182270064042
"2023-06-01 12:00:00",-1.16097429751654,0.28890083825605
"2023-06-01 13:00:00",-0.764298109994443,0.451171434314875
"2023-06-01 14:00:00",-0.379324362035372,0.323533869504213
"2023-06-01 15:00:00",-0.222021468651246,0.0394979799962654
"2023-06-01 16:00:00",-0.162431629987837,0.0704386096676606
"2023-06-01 17:00:00",-0.0691474388389669,0.104290825138908
"2023-06-01 18:00:00",0.221512592485124,0.401181192955396
"2023-06-01 19:00:00",0.343847521887848,-0.0696581534056284
"2023-06-01 20:00:00",0.266333308431652,-0.0795111530771651
"2023-06-01 21:00:00",0.273763136754525,0.0646932458434508
"2023-06-01 22:00:00",0.0458371216814722,-0.41252409573104
"2023-06-01 23:00:00",-0.596437522738321,-0.764977674008035
"2023-06-02 00:00:00",-1.23961727353585,-0.530650453286024
"2023-06-02 01:00:00",-1.97621180815859,-0.837288402866078
"2023-06-02 02:00:00",-2.61237512990135,-0.469305591652913
"2023-06-02 03:00:00",-3.17407123589574,-0.593231007510105
"2023-06-02 04:00:00",-3.31358480249482,0.173679301699908
"2023-06-02 05:00:00",-2.93885893474511,0.495217783842108
"2023-06-02 06:00:00",-2.31573992071702,0.68256184471494
"2023-06-02 07:00:00",-2.22766497341025,-0.309444161460111
"2023-06-02 08:00:00",-3.43309837233122,-1.74259747651039
"2023-06-02 09:00:00",-4.53792471514965,-0.622728263717633
"2023-06-02 10:00:00",-4.10207991669891,1.12668472465709
"2023-06-02 11:00:00",-3.19798015228403,0.718035982898255
"2023-06-02 12:00:00",-2.57487483942183,0.534330609062588
"2023-06-02 13:00:00",-2.99038969980613,-1.02567149357366
"2023-06-02 14:00:00",-3.77987576009987,-0.590662494154261
"2023-06-02 15:00:00",-4.31586431563661,-0.469199316403059
"2023-06-02 16:00:00",-4.6129427633974,-0.162654761565778
"2023-06-02 17:00:00",-4.73763199582213,-0.087509937528901
"2023-06-02 18:00:00",-4.87711042755844,-0.161390691278379
"2023-06-02 19:00:00",-5.13647527191583,-0.306070367928946
"2023-06-02 20:00:00",-5.26574747807268,0.00135301369340509
"2023-06-02 21:00:00",-5.28522166576567,-0.0256479336596364
"2023-06-02 22:00:00",-5.52596261283298,-0.36588349577
"2023-06-02 23:00:00",-5.94563762146608,-0.42847199275901
"2023-06-03 00:00:00",-6.38768180129863,-0.422424973488878
"2023-06-03 01:00:00",-7.00364140618045,-0.707479367175623
"2023-06-03 02:00:00",-7.27481345222302,0.0416053657811815
"2023-06-03 03:00:00",-7.04785277551279,0.349118061846781
"2023-06-03 04:00:00",-6.51775559963223,0.634639833621097
"2023-06-03 05:00:00",-5.84919142769964,0.667809026798087
"2023-06-03 06:00:00",-5.27780074555766,0.48749799735385
"2023-06-03 07:00:00",-4.89150451227786,0.307273933831143
"2023-06-03 08:00:00",-4.5569430984568,0.343157787601152
"2023-06-03 09:00:00",-4.28576751001015,0.216174234555292
"2023-06-03 10:00:00",-4.09739750010032,0.166405573164208
"2023-06-03 11:00:00",-3.53942460893858,0.797778730893599
"2023-06-03 12:00:00",-3.3096300731907,-0.155213992612572
"2023-06-03 13:00:00",-3.33596389082727,0.0651009870633391
"2023-06-03 14:00:00",-3.3465301187511,-0.0562093759657981
"2023-06-03 15:00:00",-3.28182114609706,0.14655723723768
"2023-06-03 16:00:00",-3.10378086332031,0.194797205519214
"2023-06-03 17:00:00",-2.647936332826,0.612211216956263
"2023-06-03 18:00:00",-2.13464445184179,0.426367591154298
"2023-06-03 19:00:00",-1.99682017949578,-0.0583333145551102
"2023-06-03 20:00:00",-2.0324713382168,-0.016262763269759
"2023-06-03 21:00:00",-2.22496893118219,-0.298219097022195
"2023-06-03 22:00:00",-2.69996465297698,-0.567406235399561
"2023-06-03 23:00:00",-3.3184502780422,-0.619668773600189
"2023-06-04 00:00:00",-3.85379440085633,-0.449413290401397
"2023-06-04 01:00:00",-5.08147365605554,-1.68320994608546
"2023-06-04 02:00:00",-6.10575753950984,-0.529785993570121
"2023-06-04 03:00:00",-6.73109262657495,-0.651450031566258
"2023-06-04 04:00:00",-6.13489746978094,1.40828739626756
"2023-06-04 05:00:00",-4.38029074029342,1.91000999889244
"2023-06-04 06:00:00",-2.32208356466489,2.06484336427754
"2023-06-04 07:00:00",-0.814858786211262,1.06685521503527
"2023-06-04 08:00:00",-0.334801122596566,0.0671039031974198
"2023-06-04 09:00:00",-0.53509611844679,-0.368608601270961
"2023-06-04 10:00:00",-0.804645456277386,-0.190012611819605
"2023-06-04 11:00:00",-0.823414127728724,0.0973207627607192
"2023-06-04 12:00:00",-0.575091080563424,0.338250430701835
"2023-06-04 13:00:00",-0.0527577355894948,0.620973327592759
"2023-06-04 14:00:00",0.349215502166168,0.236942120289135
"2023-06-04 15:00:00",0.561377154642238,0.185109837034579
"2023-06-04 16:00:00",0.860006801957135,0.359394164008931
"2023-06-04 17:00:00",1.40021364678458,0.63396811056893
"2023-06-04 18:00:00",1.89384075587143,0.374806871433669
"2023-06-04 19:00:00",1.4082955002065,-1.0384712376274
"2023-06-04 20:00:00",0.184146300738275,-1.29157635443718
"2023-06-04 21:00:00",-0.777904581290951,-0.696892199277539
"2023-06-04 22:00:00",-1.58432553117321,-0.840115872513256
"2023-06-04 23:00:00",-1.90387196039952,0.0447201935119016
"2023-06-05 00:00:00",-1.50400492750521,0.620079485437164
"2023-06-05 01:00:00",-2.16056443782947,-1.47450044172723
"2023-06-05 02:00:00",-2.87753936053684,-0.175112168658949
"2023-06-05 03:00:00",-3.05643012013027,-0.169201019013221
"2023-06-05 04:00:00",-2.38506142725036,1.20377451835638
"2023-06-05 05:00:00",-0.967172510201763,1.49632564547574
"2023-06-05 06:00:00",0.548367312269788,1.4575778732498
"2023-06-05 07:00:00",2.08332884595123,1.5129027590529
"2023-06-05 08:00:00",3.25260923792372,0.881954666645989
"2023-06-05 09:00:00",3.59393048699461,-0.039505598898146
"2023-06-05 10:00:00",3.5242563773731,-0.0911063642719669
"2023-06-05 11:00:00",3.52418279610524,0.0560760695754556
"2023-06-05 12:00:00",3.72101254121173,0.276769472410948
"2023-06-05 13:00:00",3.88069829764734,0.0692482206724424
"2023-06-05 14:00:00",3.80741104419546,-0.169827383736032
"2023-06-05 15:00:00",3.78332132734017,0.0693055993066637
"2023-06-05 16:00:00",3.92478357155485,0.177968494376736
"2023-06-05 17:00:00",4.20888903988026,0.33630428614497
"2023-06-05 18:00:00",4.28875702460349,-0.100305489990209
"2023-06-05 19:00:00",4.16879251471948,-0.132896138750836
"2023-06-05 20:00:00",4.20160867575649,0.136357868620926
"2023-06-05 21:00:00",4.35756757152313,0.156200785091435
"2023-06-05 22:00:00",4.01445498912388,-0.665293184896122
"2023-06-05 23:00:00",3.3516321965305,-0.634851988401829
"2023-06-06 00:00:00",3.21442775196276,0.196755942731732
"2023-06-06 01:00:00",3.01696573040312,-0.455028382763775
"2023-06-06 02:00:00",2.64669757647751,-0.300055034481798
"2023-06-06 03:00:00",2.67509094923236,0.242595516983983
"2023-06-06 04:00:00",2.8531345981333,0.123102167603237
"2023-06-06 05:00:00",2.89566529803004,-0.0168802719221203
"2023-06-06 06:00:00",3.25183764497335,0.584213464517834
"2023-06-06 07:00:00",3.81357278868223,0.515866253116021
"2023-06-06 08:00:00",4.28193277660478,0.409519361152041
"2023-06-06 09:00:00",4.55307627011976,0.160492230618208
"2023-06-06 10:00:00",4.68420208683477,0.0994504497224732
"2023-06-06 11:00:00",4.91434711577669,0.300300888758542
"2023-06-06 12:00:00",2.86480471252076,-3.52501777541089
"2023-06-06 13:00:00",0.621097458037991,-1.28658673384324
"2023-06-06 14:00:00",-0.0321844614256072,-0.200842656078707
"2023-06-06 15:00:00",-0.307526317672916,-0.311881609033476
"2023-06-06 16:00:00",-0.458859800304894,-0.0367156614230162
"2023-06-06 17:00:00",-0.150006748960627,0.525143083646914
"2023-06-06 18:00:00",0.457685966819115,0.634041004030957
"2023-06-06 19:00:00",1.10577805529922,0.626072628089245
"2023-06-06 20:00:00",1.78573812167177,0.68214825163546
"2023-06-06 21:00:00",2.5488911150844,0.778589607294156
"2023-06-06 22:00:00",3.61904293177509,1.21038591953189
"2023-06-06 23:00:00",4.52995492865364,0.663316655703172
"2023-06-07 00:00:00",4.81045825015992,0.00613212998474055
"2023-06-07 01:00:00",4.18588599487684,-1.02155419859581
"2023-06-07 02:00:00",3.86768737474571,0.160423848924477
"2023-06-07 03:00:00",3.92734352317593,-0.0153398894943923
"2023-06-07 04:00:00",4.10969556368204,0.300418422283239
"2023-06-07 05:00:00",4.40641403338828,0.27485626959322
"2023-06-07 06:00:00",4.63928716967304,0.188140786351539
"2023-06-07 07:00:00",5.30080946408598,0.939691350261384
"2023-06-07 08:00:00",5.84612004020579,0.249651098046357
"2023-06-07 09:00:00",6.0034987000399,0.0808529236756172
"2023-06-07 10:00:00",6.09553021756012,0.0873744265444087
"2023-06-07 11:00:00",6.22090272699304,0.136891841549388
"2023-06-07 12:00:00",6.76132304192599,0.775738093793727
"2023-06-07 13:00:00",7.4061693406304,0.51823128453168
"2023-06-07 14:00:00",7.55834443271047,-0.108633062918342
"2023-06-07 15:00:00",7.19803536007161,-0.520708236021165
"2023-06-07 16:00:00",6.07692804544817,-1.47736765641591
"2023-06-07 17:00:00",5.76777754823788,0.476507702135163
"2023-06-07 18:00:00",6.6214274122925,1.05707649436678
"2023-06-07 19:00:00",6.61707887008773,-0.720278969779375
"2023-06-07 20:00:00",5.82559020907473,-0.809876692310967
"2023-06-07 21:00:00",5.37737919531736,-0.193312769568594
"2023-06-07 22:00:00",4.92833026213184,-0.6051275766143
"2023-06-07 23:00:00",4.23109222064914,-0.731862300997438
"2023-06-08 00:00:00",4.21498173903717,0.456362721591148
"2023-06-08 01:00:00",3.71677709646135,-1.11632916667676
"2023-06-08 02:00:00",3.886333561244,1.01395241885171
"2023-06-08 03:00:00",4.44051580940098,0.21633168756042
"2023-06-08 04:00:00",5.03886277173705,0.81886441310341
"2023-06-08 05:00:00",6.06089510712291,1.1024159501905
"2023-06-08 06:00:00",6.77263817552479,0.409667268655475
"2023-06-08 07:00:00",7.24264180951001,0.479165734674383
"2023-06-08 08:00:00",7.45599065612965,0.016669547863977
"2023-06-08 09:00:00",7.06252798549623,-0.657790189863873
"2023-06-08 10:00:00",7.08592948729966,0.467308849622043
"2023-06-08 11:00:00",7.00211426817009,-0.456373104363482
"2023-06-08 12:00:00",6.8795876763837,0.0968334771993977
"2023-06-08 13:00:00",7.25182246422857,0.529279192252866
"2023-06-08 14:00:00",7.30911193682053,-0.269432045265113
"2023-06-08 15:00:00",7.26831465764915,0.104143491345382
"2023-06-08 16:00:00",7.36093451682362,0.0711704128364051
"2023-06-08 17:00:00",7.6940202057002,0.482379634159865
"2023-06-08 18:00:00",7.75110170044518,-0.23907276044148
"2023-06-08 19:00:00",7.46691220970644,-0.310750336286777
"2023-06-08 20:00:00",6.81516679193149,-0.857722935094807
"2023-06-08 21:00:00",6.2776396139777,-0.307305997888538
"2023-06-08 22:00:00",6.07313839141797,-0.134337437084133
"2023-06-08 23:00:00",5.74635138739358,-0.447381657029225
"2023-06-09 00:00:00",5.24010717943462,-0.528833569004087
"2023-06-09 01:00:00",5.05171803199032,0.0407697141228415
"2023-06-09 02:00:00",4.9008501792061,-0.277964548750889
"2023-06-09 03:00:00",4.44227121987547,-0.56351036702799
"2023-06-09 04:00:00",4.51629600714624,0.489799134485717
"2023-06-09 05:00:00",4.9377828415868,0.350097608372513
"2023-06-09 06:00:00",5.30342928789772,0.352274073399689
"2023-06-09 07:00:00",5.94178702847565,0.791908634758479
"2023-06-09 08:00:00",6.60958966203639,0.545676585744711
"2023-06-09 09:00:00",7.01375857802875,0.282109129223375
"2023-06-09 10:00:00",7.2406929815314,0.170330199278908
"2023-06-09 11:00:00",6.97575919354879,-0.551845714640173
"2023-06-09 12:00:00",6.77289268410618,0.0304335129718722
"2023-06-09 13:00:00",7.24575607527802,0.736613971089188
"2023-06-09 14:00:00",7.00608797892247,-0.888459777619816
"2023-06-09 15:00:00",6.22100914298092,-0.687880946441758
"2023-06-09 16:00:00",5.71630447053422,-0.366622345180166
"2023-06-09 17:00:00",5.42932477918952,-0.227614401232884
"2023-06-09 18:00:00",4.79717362966591,-0.878794542441236
"2023-06-09 19:00:00",3.55855653780171,-1.42581806397644
"2023-06-09 20:00:00",2.71553072932212,-0.419029704229697
"2023-06-09 21:00:00",2.36350557793146,-0.294127417033424
"2023-06-09 22:00:00",2.09809564079323,-0.236698767673921
"2023-06-09 23:00:00",2.08655278530349,0.136403459812261
"2023-06-10 00:00:00",2.10579401661758,-0.0624686539584988
"2023-06-10 01:00:00",2.05074404872433,-0.0502018387315794
"2023-06-10 02:00:00",2.28830774859457,0.415472693943392
"2023-06-10 03:00:00",2.84391890735118,0.619684233560531
"2023-06-10 04:00:00",3.64251156049662,0.876249644833202
"2023-06-10 05:00:00",4.35559772878424,0.565733235787151
"2023-06-10 06:00:00",4.89331736810559,0.487879528252604
"2023-06-10 07:00:00",5.19634710010158,0.159093332867627
"2023-06-10 08:00:00",5.34502264138938,0.127969507935631
"2023-06-10 09:00:00",6.20644142271939,1.3025550552718
"2023-06-10 10:00:00",7.31114907227671,0.912319018695315
"2023-06-10 11:00:00",7.85232831412533,0.258619303443074
"2023-06-10 12:00:00",7.35525475440184,-0.987358142482616
"2023-06-10 13:00:00",7.51966797598689,0.914957053149664
"2023-06-10 14:00:00",6.70165868665367,-1.94411918333022
"2023-06-10 15:00:00",5.75495246413311,-0.245424350111369
"2023-06-10 16:00:00",6.07209537657312,0.669695177937747
"2023-06-10 17:00:00",6.63787586100392,0.461795192960009
"2023-06-10 18:00:00",7.18638505295278,0.571699204851324
"2023-06-10 19:00:00",7.10951473808882,-0.514850199503848
"2023-06-10 20:00:00",6.79151203441686,-0.180823264630693
"2023-06-10 21:00:00",6.69462666765243,-0.0450752969591669
"2023-06-10 22:00:00",6.25582749645981,-0.689052527541143
"2023-06-10 23:00:00",5.41945454572757,-0.902902232414927
"2023-06-11 00:00:00",4.42018146737694,-1.02301789368035
"2023-06-11 01:00:00",3.28570087932673,-1.16057383263693
"2023-06-11 02:00:00",2.40170941310579,-0.661833573598444
"2023-06-11 03:00:00",1.75115744867756,-0.615212039930744
"2023-06-11 04:00:00",1.69721347899305,0.320535265201018
"2023-06-11 05:00:00",2.26345844383879,0.700954042575104
"2023-06-11 06:00:00",2.89920021282903,0.559140932184035
"2023-06-11 07:00:00",3.33494683141345,0.329042837943874
"2023-06-11 08:00:00",3.66635564740698,0.312940376132839
"2023-06-11 09:00:00",4.0181008189569,0.356175443301969
"2023-06-11 10:00:00",4.51502848348678,0.56196950146294
"2023-06-11 11:00:00",4.91395817491921,0.26546339422326
"2023-06-11 12:00:00",5.02083479281533,-0.0102569251104822
"2023-06-11 13:00:00",4.07154803820697,-1.53665638414104
"2023-06-11 14:00:00",3.46055914903577,0.0298995587475567
"2023-06-11 15:00:00",3.7004838697792,0.364078797697711
"2023-06-11 16:00:00",4.35501352828935,0.812289035222212
"2023-06-11 17:00:00",5.25867173971715,0.916016856664236
"2023-06-11 18:00:00",6.00115866246431,0.584743453607151
"2023-06-11 19:00:00",6.03133685018969,-0.348692852593729
"2023-06-11 20:00:00",5.89707753088327,0.00730191425916119
"2023-06-11 21:00:00",6.16177684577984,0.41611739045232
"2023-06-11 22:00:00",6.1545152080394,-0.297104520658997
"2023-06-11 23:00:00",5.64852086808995,-0.629138020243841
"2023-06-12 00:00:00",4.48690382869772,-1.46867641354044
"2023-06-12 01:00:00",3.19734794521737,-1.11464715414923
"2023-06-12 02:00:00",2.43751664942656,-0.491304784133137
"2023-06-12 03:00:00",1.90622685225348,-0.535840445435338
"2023-06-12 04:00:00",2.05857468320015,0.601436430214569
"2023-06-12 05:00:00",2.96443880390746,1.06311373123998
"2023-06-12 06:00:00",3.8130131963344,0.661406912551122
"2023-06-12 07:00:00",4.36489949584761,0.447735077754148
"2023-06-12 08:00:00",4.62096918757236,0.110502070816766
"2023-06-12 09:00:00",4.33699357376724,-0.539416511843994
"2023-06-12 10:00:00",3.88534973834989,-0.377256513596248
"2023-06-12 11:00:00",3.68123964535261,-0.0839885622506528
"2023-06-12 12:00:00",3.31315016031786,-0.544739151032698
"2023-06-12 13:00:00",3.03082243934904,-0.0982430049594012
"2023-06-12 14:00:00",2.93903562981161,-0.0870266064510029
"2023-06-12 15:00:00",2.98645703655035,0.131011236532408
"2023-06-12 16:00:00",3.2568127642742,0.346555018327566
"2023-06-12 17:00:00",3.72677876632985,0.525709402831103
"2023-06-12 18:00:00",4.30718867627138,0.584493281262185
"2023-06-12 19:00:00",3.60294048071001,-1.53547945434556
"2023-06-12 20:00:00",3.00806545050969,0.0558093275469197
"2023-06-12 21:00:00",3.06291695603864,0.0477302799837387
"2023-06-12 22:00:00",2.83730812331473,-0.401057901085424
"2023-06-12 23:00:00",2.41222211181912,-0.424560809747236
"2023-06-13 00:00:00",1.05224629939968,-1.92205847115838
"2023-06-13 01:00:00",-0.330908354643095,-0.959520817905312
"2023-06-13 02:00:00",-0.879934119442416,-0.248851265306291
"2023-06-13 03:00:00",-1.1571430381384,-0.281807032351109
"2023-06-13 04:00:00",-0.812433353891055,0.747491139067466
"2023-06-13 05:00:00",0.397805289036404,1.46226889767527
"2023-06-13 06:00:00",1.67690454262793,1.09569363798477
"2023-06-13 07:00:00",2.40993437486418,0.454264091909476
"2023-06-13 08:00:00",2.29983685503909,-0.484205899496744
"2023-06-13 09:00:00",2.01711273714532,-0.137933892987123
"2023-06-13 10:00:00",1.4319173609432,-0.85815579065706
"2023-06-13 11:00:00",0.519616324138144,-0.906890460764035
"2023-06-13 12:00:00",0.707304640042901,0.907806757040367
"2023-06-13 13:00:00",0.5505731427043,-0.859875315413074
"2023-06-13 14:00:00",-0.423971951493954,-1.00539003033053
"2023-06-13 15:00:00",-0.604008091166509,0.379292012769183
"2023-06-13 16:00:00",-1.01210844042047,-0.912848725374725
"2023-06-13 17:00:00",-1.57458919816041,-0.300873139964213
"2023-06-13 18:00:00",-1.24263340401662,0.740089298773436
"2023-06-13 19:00:00",-1.16959338708386,-0.373521546908438
"2023-06-13 20:00:00",-1.51796974930872,-0.313551435490301
"2023-06-13 21:00:00",-1.38211779941611,0.430949592293268
"2023-06-13 22:00:00",-1.4505011916741,-0.396235893519001
"2023-06-13 23:00:00",-1.7740402073598,-0.25783177443223
"2023-06-14 00:00:00",-2.04991712413475,-0.27251129398688
"2023-06-14 01:00:00",-2.47416577109927,-0.502603634362729
"2023-06-14 02:00:00",-2.72763098897156,-0.0721430454223199
"2023-06-14 03:00:00",-2.74973250935648,0.0158239956199568
"2023-06-14 04:00:00",-2.15684861178864,0.952953824938381
"2023-06-14 05:00:00",-1.14587874441575,1.00438524239833
"2023-06-14 06:00:00",-0.198417759899594,0.86596595837662
"2023-06-14 07:00:00",0.216805358187168,0.0952575173036256
"2023-06-14 08:00:00",0.12509141695266,-0.212280659322206
"2023-06-14 09:00:00",0.244072249630516,0.334003007887215
"2023-06-14 10:00:00",0.361918361822113,-0.03217053001438
"2023-06-14 11:00:00",0.397389206386981,0.0784124135626161
"2023-06-14 12:00:00",0.044163843704623,-0.62470604587499
"2023-06-14 13:00:00",-0.144900088486557,0.110286519539525
"2023-06-14 14:00:00",0.200441258292289,0.485818233822107
"2023-06-14 15:00:00",0.33284434769879,-0.109753020046357
"2023-06-14 16:00:00",0.314389907631696,0.0428582920078195
"2023-06-14 17:00:00",0.29748201863963,-0.0563530053278977
"2023-06-14 18:00:00",0.919707289879019,1.04465205995182
"2023-06-14 19:00:00",1.44688513643609,0.155964588198828
"2023-06-14 20:00:00",1.29825754439118,-0.346487373937223
"2023-06-14 21:00:00",1.0853902651495,-0.115346335225689
"2023-06-14 22:00:00",1.14560068801961,0.172986492679238
"2023-06-14 23:00:00",1.34220878986262,0.201536668298682
"2023-06-15 00:00:00",0.830941196364777,-0.96389685581093
"2023-06-15 01:00:00",0.229683500178388,-0.332001712639994
"2023-06-15 02:00:00",0.697767872273564,0.978927037748778
"2023-06-15 03:00:00",1.20347993455203,0.165310494014358
"2023-06-15 04:00:00",1.27160822971491,-0.00144695361182155
"2023-06-15 05:00:00",1.03748076244422,-0.37975818863659
"2023-06-15 06:00:00",0.690648589730259,-0.309737517905964
"2023-06-15 07:00:00",0.382630598780882,-0.293124808850244
"2023-06-15 08:00:00",0.195494492392635,-0.108078634921176
"2023-06-15 09:00:00",0.0657064895113891,-0.138345140990213
"2023-06-15 10:00:00",0.281115606266667,0.440920528634276
"2023-06-15 11:00:00",0.253609865929943,-0.338839828045179
"2023-06-15 12:00:00",-1.07542817784657,-1.92633079148737
"2023-06-15 13:00:00",-2.28296035262851,-0.669574255574248
"2023-06-15 14:00:00",-2.26179363930433,0.483588889612121
"2023-06-15 15:00:00",-1.36382326896245,1.13446358188119
"2023-06-15 16:00:00",-0.526761417137622,0.600778160139904
"2023-06-15 17:00:00",-1.23283824555231,-1.54306765497593
"2023-06-15 18:00:00",-1.85577873793292,0.0216576046587651
"2023-06-15 19:00:00",-1.44075185785648,0.659938166827327
"2023-06-15 20:00:00",-1.17098757464442,-0.00130971930373258
"2023-06-15 21:00:00",-1.14491615135849,0.0445952418762283
"2023-06-15 22:00:00",-1.3389031348807,-0.34234564003615
"2023-06-15 23:00:00",-1.46735940221906,0.0219637004978355
"2023-06-16 00:00:00",-1.33444752521224,0.202451023201433
"2023-06-16 01:00:00",-0.751063015015453,0.811333380028885
"2023-06-16 02:00:00",-0.344534530315239,0.118312962331755
"2023-06-16 03:00:00",-0.236102896836647,0.0971355564772768
"2023-06-16 04:00:00",-0.069343912977433,0.205553778646246
"2023-06-16 05:00:00",-0.201323210126067,-0.350636614832145
"2023-06-16 06:00:00",-0.435346910254346,-0.144902991620153
"2023-06-16 07:00:00",-1.19689371619752,-1.13588652950674
"2023-06-16 08:00:00",-3.94386600446346,-3.68893462852385
"2023-06-16 09:00:00",-6.7023055894025,-2.00195872130306
"2023-06-16 10:00:00",-7.45533584571035,0.123994715998268
"2023-06-16 11:00:00",-7.543614242808,-0.215989566740687
"2023-06-16 12:00:00",-8.04565111797741,-0.659154717913959
"2023-06-16 13:00:00",-6.65170037568313,2.70679251759229
"2023-06-16 14:00:00",-5.10913951317848,0.701689402332187
"2023-06-16 15:00:00",-6.53990715959285,-2.77780886459665
"2023-06-16 16:00:00",-8.83124983549521,-1.84972694060714
"2023-06-16 17:00:00",-8.79759208570166,1.29900682632487
"2023-06-16 18:00:00",-7.19991942276613,1.7321960144893
"2023-06-16 19:00:00",-5.76379368133757,1.1797829098536
"2023-06-16 20:00:00",-4.90147006432903,0.617137802794819
"2023-06-16 21:00:00",-4.5336555348573,0.190439527661116
"2023-06-16 22:00:00",-4.55546261269838,-0.156424114949732
"2023-06-16 23:00:00",-4.4580802498668,0.267826422044369
"2023-06-17 00:00:00",-3.13439596160329,1.97042166533413
"2023-06-17 01:00:00",-3.03462027736232,-1.14800285496136
"2023-06-17 02:00:00",-2.60735836949626,1.46102784475802
"2023-06-17 03:00:00",-1.79401601185897,0.34626965923734
"2023-06-17 04:00:00",-1.43658736751432,0.350194823734892
"2023-06-17 05:00:00",-1.06358236684528,0.372337750490492
"2023-06-17 06:00:00",-0.937384568551259,-0.0425190389377141
"2023-06-17 07:00:00",-1.11514926827608,-0.258271774932902
"2023-06-17 08:00:00",-1.72151075783634,-0.808166490359199
"2023-06-17 09:00:00",-2.3034231460476,-0.401208436888365
"2023-06-17 10:00:00",-2.52044591001093,-0.0809534284947933
"2023-06-17 11:00:00",-2.47505458835931,0.130710599921379
"2023-06-17 12:00:00",-5.2709499412972,-4.61088450015579
"2023-06-17 13:00:00",-6.72087985618365,0.73302936735669
"2023-06-17 14:00:00",-5.93218264414897,0.796990592868166
"2023-06-17 15:00:00",-5.41290922309397,0.317100416254102
"2023-06-17 16:00:00",-4.85325398937895,0.701736305172986
"2023-06-17 17:00:00",-3.84169653270549,1.17628672002525
"2023-06-17 18:00:00",-2.77087193405731,0.954583203459313
"2023-06-17 19:00:00",-2.99055901846847,-0.988510782180065
"2023-06-17 20:00:00",-2.5111810063332,1.43902787961025
"2023-06-17 21:00:00",-1.86443033820633,0.09107751316243
"2023-06-17 22:00:00",-1.20026866267393,1.017053283954
"2023-06-17 23:00:00",-0.780875378401524,0.00257738394245444
"2023-06-18 00:00:00",-2.09134121466807,-2.12253445351722
"2023-06-18 01:00:00",-3.17085028087116,-0.330178096506755
"2023-06-18 02:00:00",-3.20149571935153,0.174581818799927
"2023-06-18 03:00:00",-2.69799292855553,0.702979035133208
"2023-06-18 04:00:00",-1.62843943307846,1.2665844637365
"2023-06-18 05:00:00",-0.463790227997323,1.04344853349173
"2023-06-18 06:00:00",0.531479821465729,0.916454648300159
"2023-06-18 07:00:00",1.0666932564609,0.254939063088494
"2023-06-18 08:00:00",1.05092817304261,-0.19685685226832
"2023-06-18 09:00:00",0.842434730982097,-0.207697784517279
"2023-06-18 10:00:00",0.857226854565113,0.161327750788699
"2023-06-18 11:00:00",0.959068277691404,0.0562404842165284
"2023-06-18 12:00:00",0.965314303386807,-0.0286157080351656
"2023-06-18 13:00:00",1.2108549526915,0.41539662982946
"2023-06-18 14:00:00",1.30993247797061,-0.118066714437659
"2023-06-18 15:00:00",1.30735551580081,0.0728493863203444
"2023-06-18 16:00:00",1.51358639321872,0.283665756429861
"2023-06-18 17:00:00",1.91764076366278,0.463161284431741
"2023-06-18 18:00:00",2.46677230420873,0.577878634043744
"2023-06-18 19:00:00",2.06053764727121,-1.04617375202695
"2023-06-18 20:00:00",1.37812444314056,-0.41013763610583
"2023-06-18 21:00:00",1.33471974527614,0.201366511413913
"2023-06-18 22:00:00",1.45471911340259,0.0583333163400735
"2023-06-18 23:00:00",1.12872095798809,-0.568598125696832
"2023-06-19 00:00:00",1.16938350357127,0.443442734931877
"2023-06-19 01:00:00",1.17577036635032,-0.286789153568814
"2023-06-19 02:00:00",1.26933950819986,0.341175612733794
"2023-06-19 03:00:00",1.29087440184278,-0.194214305251061
"2023-06-19 04:00:00",1.81273916874418,0.972780648791998
"2023-06-19 05:00:00",2.89785769813877,1.10610916050278
"2023-06-19 06:00:00",3.12372338427346,-0.375420532304904
"2023-06-19 07:00:00",1.77732923130031,-1.93374438533863
"2023-06-19 08:00:00",0.331917947935795,-1.05346663090812
"2023-06-19 09:00:00",0.428513606018677,0.858273013793213
"2023-06-19 10:00:00",1.47755842668334,1.12582175820568
"2023-06-19 11:00:00",2.43014079578576,0.789921318816797
"2023-06-19 12:00:00",0.802113035268862,-3.16573519052459
"2023-06-19 13:00:00",1.01373479561675,2.45206525655952
"2023-06-19 14:00:00",2.76664122583005,1.20220514692117
"2023-06-19 15:00:00",3.82604749855191,0.910301246143916
"2023-06-19 16:00:00",4.41887293992006,0.34807757186938
"2023-06-19 17:00:00",4.58902696051651,0.0377605754627086
"2023-06-19 18:00:00",4.6590262863996,0.0822517395786604
"2023-06-19 19:00:00",4.70640179230039,0.0158702220488792
"2023-06-19 20:00:00",4.75671654220537,0.0648218067245845
"2023-06-19 21:00:00",4.61854621566397,-0.273059846057098
"2023-06-19 22:00:00",4.43580820115897,-0.119792323946628
"2023-06-19 23:00:00",3.72177875283928,-1.08196657475132
"2023-06-20 00:00:00",3.40695285284199,0.206757024575722
"2023-06-20 01:00:00",3.56346874815732,0.111194656182392
"2023-06-20 02:00:00",3.85775844605447,0.397774667298301
"2023-06-20 03:00:00",3.44166915258749,-0.943854887095882
"2023-06-20 04:00:00",4.08986323295418,1.67430542459963
"2023-06-20 05:00:00",5.3261983028627,0.880339743144877
"2023-06-20 06:00:00",6.07345207272663,0.616158953252581
"2023-06-20 07:00:00",6.45865541100687,0.205104693057958
"2023-06-20 08:00:00",6.75242373196586,0.330594129632537
"2023-06-20 09:00:00",5.90832215634848,-1.59580878224707
"2023-06-20 10:00:00",3.5284692259146,-2.79706454687061
"2023-06-20 11:00:00",1.68469769673908,-1.12518552989046
"2023-06-20 12:00:00",-0.60086833278637,-2.95270221309529
"2023-06-20 13:00:00",-1.78457129496966,0.052633009002155
"2023-06-20 14:00:00",-2.06760592021216,-0.491060049620389
"2023-06-20 15:00:00",-2.29125814245538,-0.0320912341410781
"2023-06-20 16:00:00",-1.53830868370323,1.24347390140423
"2023-06-20 17:00:00",-0.755715818396,0.440137984970129
"2023-06-20 18:00:00",0.481281148984736,1.71041981684131
"2023-06-20 19:00:00",1.77551479320897,0.95465956005264
"2023-06-20 20:00:00",2.42783692774105,0.417481410107438
"2023-06-20 21:00:00",2.86575648428977,0.427606601154209
"2023-06-20 22:00:00",3.26678181594243,0.360555517659491
"2023-06-20 23:00:00",3.39387031719463,-0.038802269057455
"2023-06-21 00:00:00",5.10359743153064,2.78977519767311
"2023-06-21 01:00:00",6.18690709074139,-0.112369447210013
"2023-06-21 02:00:00",6.23737082931173,0.148646934075068
"2023-06-21 03:00:00",6.49899029567761,0.316463776505148
"2023-06-21 04:00:00",6.54405952085987,-0.146373647322003
"2023-06-21 05:00:00",6.6361471007434,0.238250453819766
"2023-06-21 06:00:00",6.62800440273285,-0.180566395983581
"2023-06-21 07:00:00",6.04654521613346,-0.829626778321009
"2023-06-21 08:00:00",5.25432814281012,-0.737423597464494
"2023-06-21 09:00:00",4.57594889459094,-0.613551572901273
"2023-06-21 10:00:00",4.32302256392886,-0.00639121921361102
"2023-06-21 11:00:00",4.37747027088106,0.0868483570941196
"2023-06-21 12:00:00",4.4694266198866,0.0853511236269807
"2023-06-21 13:00:00",4.57518739191473,0.108582006611217
"2023-06-21 14:00:00",4.75707667250102,0.216221141874279
"2023-06-21 15:00:00",4.95701384827105,0.173450547574
"2023-06-21 16:00:00",4.84753148605515,-0.29928616738887
"2023-06-21 17:00:00",4.69329026952692,-0.0564632823031802
"2023-06-21 18:00:00",4.84893682949113,0.283606752337624
"2023-06-21 19:00:00",4.86290709271494,-0.172696533230752
"2023-06-21 20:00:00",4.35105677584287,-0.719892538668699
"2023-06-21 21:00:00",3.81979615372211,-0.385869727184149
"2023-06-21 22:00:00",3.54710434501374,-0.189205172203851
"2023-06-21 23:00:00",3.59973239060646,0.206775830341809
"2023-06-22 00:00:00",4.13108806873802,0.717850304364883
"2023-06-22 01:00:00",4.8786316955799,0.726492745654981
"2023-06-22 02:00:00",5.08187331201323,-0.16153106533186
"2023-06-22 03:00:00",4.8209617921632,-0.321314167929988
"2023-06-22 04:00:00",4.84667021806191,0.249618991336364
"2023-06-22 05:00:00",5.20279991537285,0.40396718141481
"2023-06-22 06:00:00",5.41009892970546,0.0596340988637935
"2023-06-22 07:00:00",5.41517617177249,-0.0385060779552117
"2023-06-22 08:00:00",5.08500253351238,-0.515903723696421
"2023-06-22 09:00:00",4.68420410167108,-0.311569696523848
"2023-06-22 10:00:00",4.41579208477321,-0.232921995521149
"2023-06-22 11:00:00",3.55635172695578,-1.24196231997087
"2023-06-22 12:00:00",3.784845225409,1.19334023653689
"2023-06-22 13:00:00",4.14518762362883,-0.21698047733527
"2023-06-22 14:00:00",4.13117860294042,0.116627224454471
"2023-06-22 15:00:00",4.21454497372076,0.051907908181578
"2023-06-22 16:00:00",4.47782024697479,0.386242951029986
"2023-06-22 17:00:00",4.96658117815444,0.528109390563891
"2023-06-22 18:00:00",5.48112039055891,0.474642092418225
"2023-06-22 19:00:00",5.75728601777709,0.123664060324863
"2023-06-22 20:00:00",5.72745258414882,-0.138164513904864
"2023-06-22 21:00:00",4.7866373201554,-1.43858014913539
"2023-06-22 22:00:00",4.45480386187062,0.415585664559899
"2023-06-22 23:00:00",4.91084040446646,0.455592334349051
"2023-06-23 00:00:00",4.26581931738278,-1.3544280602696
"2023-06-23 01:00:00",3.87666478712854,0.267345731252782
"2023-06-23 02:00:00",4.21736082399106,0.368410303627069
"2023-06-23 03:00:00",4.58881861577885,0.350403507900796
"2023-06-23 04:00:00",4.61690443169542,-0.194036763337779
"2023-06-23 05:00:00",3.94966638883741,-0.956942827890238
"2023-06-23 06:00:00",2.4736996753835,-1.75692931928867
"2023-06-23 07:00:00",0.566761744093577,-1.91951311534104
"2023-06-23 08:00:00",-1.37453603944598,-1.86430175392366
"2023-06-23 09:00:00",-3.4207324182492,-2.06845225359724
"2023-06-23 10:00:00",-4.77157073632854,-0.803838208322261
"2023-06-23 11:00:00",-5.45242421849658,-0.560362706089768
"2023-06-23 12:00:00",-6.15399275819061,-0.755340114023649
"2023-06-23 13:00:00",-7.13913111452793,-1.08359144413367
"2023-06-23 14:00:00",-7.65733750274183,-0.107465103766924
"2023-06-23 15:00:00",-8.05753467200073,-0.566464255419008
"2023-06-23 16:00:00",-8.14191140433286,0.25140194705268
"2023-06-23 17:00:00",-7.12507828884405,1.48928430747868
"2023-06-23 18:00:00",-5.567352856122,1.53851131153082
"2023-06-23 19:00:00",-4.22963829083586,1.14745906184319
"2023-06-23 20:00:00",-2.85027086669752,1.47387402466506
"2023-06-23 21:00:00",-1.55263184634511,1.12216087874357
"2023-06-23 22:00:00",-0.705555730986541,0.625437576406601
"2023-06-23 23:00:00",-0.48009842484979,-0.0509961083859584
"2023-06-24 00:00:00",-0.178694133782189,0.522630032443057
"2023-06-24 01:00:00",0.236730964159938,0.324445881043874
"2023-06-24 02:00:00",0.738506349434078,0.595843961345034
"2023-06-24 03:00:00",1.02244705225895,0.0615643976599375
"2023-06-24 04:00:00",0.737842071747275,-0.503173938465219
"2023-06-24 05:00:00",0.415081451583357,-0.188100511408833
"2023-06-24 06:00:00",-0.110151244224298,-0.725559836761783
"2023-06-24 07:00:00",-0.600861693173047,-0.310686652469424
"2023-06-24 08:00:00",-1.17014606845623,-0.713853646472526
"2023-06-24 09:00:00",-1.90614602186126,-0.714281818518136
"2023-06-24 10:00:00",-2.24464105776161,-0.0694334326265582
"2023-06-24 11:00:00",-1.98899426767472,0.463107537289923
"2023-06-24 12:00:00",-1.37515372775118,0.687721210496198
"2023-06-24 13:00:00",-0.667410819009627,0.68923101085257
"2023-06-24 14:00:00",-0.0949116733620952,0.468334449424159
"2023-06-24 15:00:00",0.363825209767167,0.430662034741945
"2023-06-24 16:00:00",0.74831477757474,0.334968923007832
"2023-06-24 17:00:00",1.17574366520081,0.467792400513429
"2023-06-24 18:00:00",1.29009463768379,-0.128221604526571
"2023-06-24 19:00:00",0.493698851463876,-1.2056559024223
"2023-06-24 20:00:00",-0.605254675857344,-0.976234426450181
"2023-06-24 21:00:00",-1.03405467409228,-0.0426936554771106
"2023-06-24 22:00:00",-0.83661403853643,0.349477681991213
"2023-06-24 23:00:00",-0.715786104308838,-0.0362662618041603
"2023-06-25 00:00:00",-0.707213579470421,0.0389795417601722
"2023-06-25 01:00:00",-0.600442765528959,0.147801863034042
"2023-06-25 02:00:00",0.881097891050069,2.30105668445395
"2023-06-25 03:00:00",1.71833464024493,-0.179547036203141
"2023-06-25 04:00:00",2.34829810295435,1.13747830518637
"2023-06-25 05:00:00",3.18114901262776,0.587166866966911
"2023-06-25 06:00:00",3.37880580004335,-0.0755039460314468
"2023-06-25 07:00:00",3.48178683124408,0.212721496997923
"2023-06-25 08:00:00",3.34289980946617,-0.371175530418917
"2023-06-25 09:00:00",2.94710243711497,-0.397711265476372
"2023-06-25 10:00:00",2.50212670727711,-0.459137502609948
"2023-06-25 11:00:00",2.43155753153194,0.188601167222374
"2023-06-25 12:00:00",2.5099009353746,-0.00201665138631403
"2023-06-25 13:00:00",2.74128040483633,0.372745001060088
"2023-06-25 14:00:00",2.79027660715824,-0.172693350393298
"2023-06-25 15:00:00",2.7628550045853,0.0671321102103068
"2023-06-25 16:00:00",2.96631807346925,0.281120200539242
"2023-06-25 17:00:00",3.53406531139878,0.728027329829534
"2023-06-25 18:00:00",4.21268078183338,0.60887343574739
"2023-06-25 19:00:00",4.45296848379856,-0.0222787245336894
"2023-06-25 20:00:00",3.54641920723721,-1.45871244588086
"2023-06-25 21:00:00",3.24443531310105,0.478935613388545
"2023-06-25 22:00:00",3.40399626628318,-0.0651148856089777
"2023-06-25 23:00:00",3.15217958363801,-0.368702650405333
"2023-06-26 00:00:00",3.79725180791749,1.28619540948524
"2023-06-26 01:00:00",4.09630470463742,-0.378134906720146
"2023-06-26 02:00:00",4.01490758360752,0.115014182587738
"2023-06-26 03:00:00",4.32703043051706,0.423520931501298
"2023-06-26 04:00:00",4.79272741498883,0.46610846369797
"2023-06-26 05:00:00",5.29074848360478,0.489454250037827
"2023-06-26 06:00:00",5.64079012967406,0.233650092281025
"2023-06-26 07:00:00",5.93288291068196,0.309905155820303
"2023-06-26 08:00:00",6.01057611121714,-0.0884491698333652
"2023-06-26 09:00:00",5.92432364667104,-0.088434559656967
"2023-06-26 10:00:00",5.93595046854604,0.0701467247463953
"2023-06-26 11:00:00",6.06531579829063,0.155047334884307
"2023-06-26 12:00:00",6.56293685066346,0.694537296569178
"2023-06-26 13:00:00",6.81155233765649,-0.0689317122436153
"2023-06-26 14:00:00",3.00346400855142,-6.12863668025484
"2023-06-26 15:00:00",0.496589484128652,0.0228475645811135
"2023-06-26 16:00:00",-0.224254880854312,-1.18301644276407
"2023-06-26 17:00:00",-0.357641565449894,0.57298207778803
"2023-06-26 18:00:00",0.24094820951121,0.587677538397151
"2023-06-26 19:00:00",0.668312094556603,0.299871381520302
"2023-06-26 20:00:00",0.988759068649533,0.31807518555477
"2023-06-26 21:00:00",1.57440280257484,0.734916225275375
"2023-06-26 22:00:00",2.02809640534165,0.242627027837073
"2023-06-26 23:00:00",1.82967690265106,-0.485630179828648
"2023-06-27 00:00:00",1.04734124895356,-0.945317584291609
"2023-06-27 01:00:00",0.595954747464058,-0.102004684296466
"2023-06-27 02:00:00",0.618232359125367,0.103304512043881
"2023-06-27 03:00:00",0.28918633408994,-0.602435438190829
"2023-06-27 04:00:00",-0.0936560997616941,-0.218629791102384
"2023-06-27 05:00:00",-0.340436292715323,-0.253699289175104
"2023-06-27 06:00:00",-0.864842880580777,-0.679516919770199
"2023-06-27 07:00:00",-1.6328105248633,-0.789326035195447
"2023-06-27 08:00:00",-2.54188958967581,-0.943610182473526
"2023-06-27 09:00:00",-3.22614960593991,-0.475571765254352
"2023-06-27 10:00:00",-3.54507950909318,-0.195191214664723
"2023-06-27 11:00:00",-3.75199797575655,-0.200335695894933
"2023-06-27 12:00:00",-5.50487475552606,-2.69975628014653
"2023-06-27 13:00:00",-6.15762912708529,0.750002516230379
"2023-06-27 14:00:00",-6.72273379407452,-1.40703985850765
"2023-06-27 15:00:00",-6.80308975015791,0.816566371246326
"2023-06-27 16:00:00",-6.06136263897451,0.665355151121179
"2023-06-27 17:00:00",-6.14042716024325,-0.563768169829463
"2023-06-27 18:00:00",-6.147380522822,0.372493178643059
"2023-06-27 19:00:00",-5.49756575836231,0.811735403111632
"2023-06-27 20:00:00",-4.65733519169971,0.82638394396938
"2023-06-27 21:00:00",-4.25411317557482,0.107959405613218
"2023-06-27 22:00:00",-3.88307302382009,0.534274592182085
"2023-06-27 23:00:00",-3.2702117684088,0.641132416340826
"2023-06-28 00:00:00",-2.68934932976545,0.517294903895321
"2023-06-28 01:00:00",-2.34327215610039,0.218954069412358
"2023-06-28 02:00:00",-2.09458477712127,0.259711316054273
"2023-06-28 03:00:00",-2.04578045731042,-0.0914180437516763
"2023-06-28 04:00:00",-1.90642221733107,0.289220463923093
"2023-06-28 05:00:00",-1.79915406353996,-0.0166720413883218
"2023-06-28 06:00:00",-2.17160894575058,-0.589622233109238
"2023-06-28 07:00:00",-2.62758614367861,-0.34241594527495
"2023-06-28 08:00:00",-2.97924667522535,-0.337726906351178
"2023-06-28 09:00:00",-3.22669760269175,-0.171670205961637
"2023-06-28 10:00:00",-3.39328264684504,-0.151121070901348
"2023-06-28 11:00:00",-3.41075471866063,0.0768285850725493
"2023-06-28 12:00:00",-3.72226158827618,-0.551195104900511
"2023-06-28 13:00:00",-3.83221088549591,0.194230810149779
"2023-06-28 14:00:00",-3.40520578362027,0.566832501110302
"2023-06-28 15:00:00",-3.16343423928325,0.0179670093946594
"2023-06-28 16:00:00",-2.75318503143528,0.656347859978015
"2023-06-28 17:00:00",-2.2018789058519,0.458629516372352
"2023-06-28 18:00:00",-1.66337977434825,0.568992840146278
"2023-06-28 19:00:00",-1.6825393379647,-0.408200661444785
"2023-06-28 20:00:00",-2.75434273867131,-1.46109822413926
"2023-06-28 21:00:00",-2.22751921795061,1.83059719190641
"2023-06-28 22:00:00",-1.72828675074044,-0.409181841029644
"2023-06-28 23:00:00",-2.42129250395214,-0.847060244213228
"2023-06-29 00:00:00",-3.11886972073902,-0.561655062438226
"2023-06-29 01:00:00",-3.47972897496542,-0.205830884018851
"2023-06-29 02:00:00",-3.37720962142908,0.307695012181151
"2023-06-29 03:00:00",-3.40484286081808,-0.245516655354288
"2023-06-29 04:00:00",-2.54164775891476,1.56569276351335
"2023-06-29 05:00:00",-1.22777543440872,1.0868356586484
"2023-06-29 06:00:00",-0.379469541333722,0.650559893752698
"2023-06-29 07:00:00",0.12034198275075,0.37605257088601
"2023-06-29 08:00:00",0.430195463536947,0.25084238995646
"2023-06-29 09:00:00",0.645815118580956,0.181337773439829
"2023-06-29 10:00:00",0.257092394177496,-0.751116970208951
"2023-06-29 11:00:00",-0.626291429326579,-0.929913691233544
"2023-06-29 12:00:00",-1.23957918873009,-0.372257297829028
"2023-06-29 13:00:00",-1.22468719040627,0.273876822683923
"2023-06-29 14:00:00",-0.855986141013929,0.415973821224711
"2023-06-29 15:00:00",-0.0538605990024905,1.02254219905345
"2023-06-29 16:00:00",0.593343033597098,0.366296856960743
"2023-06-29 17:00:00",1.20039689505746,0.737944428375238
"2023-06-29 18:00:00",1.87877864124317,0.604890872127251
"2023-06-29 19:00:00",1.71062000338231,-0.677946458395187
"2023-06-29 20:00:00",2.30637599326644,1.41436235699265
"2023-06-29 21:00:00",3.63913314009336,1.21205084433678
"2023-06-29 22:00:00",2.99617078768216,-1.85375311764153
"2023-06-29 23:00:00",2.54997667684875,0.5095046968265
"2023-06-30 00:00:00",3.4345350934221,1.08927046529498
"2023-06-30 01:00:00",4.30303712097537,0.675629172838001
"2023-06-30 02:00:00",4.61608750606083,0.0509144528353597
"2023-06-30 03:00:00",4.69686064568165,0.0908920362533666
"2023-06-30 04:00:00",4.63041955355039,-0.17422318686712
"2023-06-30 05:00:00",4.1757243140121,-0.626033359015871
"2023-06-30 06:00:00",3.46875110375253,-0.732718106246107
"2023-06-30 07:00:00",2.5442093623153,-1.01295819063869
"2023-06-30 08:00:00",1.22580216243764,-1.46266502359212
"2023-06-30 09:00:00",-0.283342253995534,-1.46999614502599
"2023-06-30 10:00:00",-1.43183873507256,-0.879226068075805
"2023-06-30 11:00:00",-3.11395993027638,-2.13559718262322
"2023-06-30 12:00:00",-5.53259854433674,-2.48838492325728
"2023-06-30 13:00:00",-5.84307682363385,1.16331794115944
"2023-06-30 14:00:00",-5.26366999250661,0.170135663721392
"2023-06-30 15:00:00",-5.31994102595857,-0.197749573568777
"2023-06-30 16:00:00",-5.28543111169822,0.194562318316515
"2023-06-30 17:00:00",-4.66716956231594,0.878154318903811
"2023-06-30 18:00:00",-3.62178610705712,1.11320580541258
"2023-06-30 19:00:00",-2.90502135886958,0.423081997046153
"2023-06-30 20:00:00",-2.86296043432869,-0.210204138537733
"2023-06-30 21:00:00",-1.64520942056937,2.11552747000216
"2023-06-30 22:00:00",-0.436567507167829,0.548747889047943
"2023-06-30 23:00:00",-0.616498786800041,-0.656596399503469
"2023-07-01 00:00:00",-0.149863824314066,1.19406343178925
"2023-07-01 01:00:00",0.803051003488336,0.74706302418049
"2023-07-01 02:00:00",0.74992293327378,-0.585089975055542
"2023-07-01 03:00:00",0.544425366513775,0.0563585242549896
"2023-07-01 04:00:00",0.793345718403055,0.364762653498654
"2023-07-01 05:00:00",0.908120925259586,-0.0583566185415075
"2023-07-01 06:00:00",0.685263186699675,-0.323103441565753
"2023-07-01 07:00:00",0.266021980819857,-0.464292919467168
"2023-07-01 08:00:00",-0.2438898605056,-0.516436053428985
"2023-07-01 09:00:00",-0.678800068150192,-0.359579633944016
"2023-07-01 10:00:00",-0.704009144823952,0.199773476545664
"2023-07-01 11:00:00",-1.41154457070973,-1.27786898709028
"2023-07-01 12:00:00",-1.3634043977789,0.93166265082738
"2023-07-01 13:00:00",-0.860923208293241,0.194244347504237
"2023-07-01 14:00:00",-1.43109785835469,-1.05157498256976
"2023-07-01 15:00:00",-1.4957137295729,0.598260354237247
"2023-07-01 16:00:00",-1.46184212934457,-0.34206339288741
"2023-07-01 17:00:00",-1.21155579714656,0.635169748780948
"2023-07-01 18:00:00",-0.721795987178886,0.371109624210232
"2023-07-01 19:00:00",-0.043182703325231,0.852295093050393
"2023-07-01 20:00:00",0.380179356516314,0.11734929207177
"2023-07-01 21:00:00",0.660534076227665,0.37521099360422
"2023-07-01 22:00:00",0.898441589833223,0.134217034714936
"2023-07-01 23:00:00",1.41265395709745,0.741945535952159
"2023-07-02 00:00:00",1.44500878728899,-0.44405546114666
"2023-07-02 01:00:00",1.37835582066715,0.186249715807891
"2023-07-02 02:00:00",1.54541080304232,0.144544221118171
"2023-07-02 03:00:00",1.53859660426322,-0.109385708976974
"2023-07-02 04:00:00",1.30488888553921,-0.307464645310964
"2023-07-02 05:00:00",0.850684280113447,-0.532127554449761
"2023-07-02 06:00:00",0.224959323110305,-0.659484310490715
"2023-07-02 07:00:00",-0.595341596330459,-0.888819888266304
"2023-07-02 08:00:00",-1.58425078453949,-1.00787477622836
"2023-07-02 09:00:00",-2.53219743473898,-0.860907967612143
"2023-07-02 10:00:00",-5.045217421046,-3.49172930046169
"2023-07-02 11:00:00",-5.69888916231532,1.2758979425896
"2023-07-02 12:00:00",-4.70747235061382,0.761998005694033
"2023-07-02 13:00:00",-3.92298984816777,0.768259837568065
"2023-07-02 14:00:00",-3.90552808728813,-0.478836450059495
"2023-07-02 15:00:00",-4.31788259507227,-0.343406494770156
"2023-07-02 16:00:00",-4.65614661061861,-0.313197660727939
"2023-07-02 17:00:00",-4.42682809525527,0.586092671781972
"2023-07-02 18:00:00",-3.76410503575421,0.688021338348666
"2023-07-02 19:00:00",-3.2302939028634,0.410490115201272
"2023-07-02 20:00:00",-2.9641378231257,0.161449993421702
"2023-07-02 21:00:00",-2.59737379397977,0.490028922507924
"2023-07-02 22:00:00",-2.20370769135284,0.314065513465233
"2023-07-02 23:00:00",-2.43540933922282,-0.581690267817011
"2023-07-03 00:00:00",-2.59976992355768,0.124803067039964
"2023-07-03 01:00:00",-1.84936859351812,1.13515124929637
"2023-07-03 02:00:00",-0.808245189581478,0.931348807092538
"2023-07-03 03:00:00",-0.155063684095799,0.437742509630445
"2023-07-03 04:00:00",0.0852088008000486,0.0974102482829445
"2023-07-03 05:00:00",-0.199200586632119,-0.525546355167672
"2023-07-03 06:00:00",-1.12113898020236,-1.14212867485918
"2023-07-03 07:00:00",-1.71489754557617,-0.198524954301541
"2023-07-03 08:00:00",-2.25767706274969,-0.744276334811559
"2023-07-03 09:00:00",-2.77301506252868,-0.335317260707288
"2023-07-03 10:00:00",-3.38720957041516,-0.767350105351963
"2023-07-03 11:00:00",-3.81138910859879,-0.170881546325654
"2023-07-03 12:00:00",-3.7762989092588,0.175646250103438
"2023-07-03 13:00:00",-4.35201237845372,-1.0443878218542
"2023-07-03 14:00:00",-4.47295659665297,0.506029616085309
"2023-07-03 15:00:00",-4.45854425538698,-0.308247999110061
"2023-07-03 16:00:00",-4.64564877083223,-0.0917072116966461
"2023-07-03 17:00:00",-4.13941888962144,0.886778513127099
"2023-07-03 18:00:00",-3.26095091971517,0.836517505330647
"2023-07-03 19:00:00",-2.92159778493759,-0.00400796977127865
"2023-07-03 20:00:00",-3.29844467181515,-0.603729681683331
"2023-07-03 21:00:00",-3.31596909318425,0.378355587547815
"2023-07-03 22:00:00",-3.17938960379224,-0.0268190765661113
"2023-07-03 23:00:00",-3.34867735351211,-0.252123866363014
"2023-07-04 00:00:00",-2.08018444581287,2.22625740434488
"2023-07-04 01:00:00",-0.778800626202207,0.625651450443588
"2023-07-04 02:00:00",-0.0925777672451897,0.694997805028166
"2023-07-04 03:00:00",0.809854978257091,0.99795663857455
"2023-07-04 04:00:00",1.46496926111007,0.394382392204595
"2023-07-04 05:00:00",1.4643719181812,-0.265772081167862
"2023-07-04 06:00:00",0.90822581507706,-0.725184788765814
"2023-07-04 07:00:00",0.0246688857038316,-0.94832084948908
"2023-07-04 08:00:00",-1.32554416384831,-1.55400718413061
"2023-07-04 09:00:00",-2.61235492674282,-1.04582631689625
"2023-07-04 10:00:00",-3.2146278452149,-0.274589762148244
"2023-07-04 11:00:00",-3.32507499015648,0.00837014883494319
"2023-07-04 12:00:00",-3.63337543006367,-0.500475679819919
"2023-07-04 13:00:00",-3.77859237356881,0.103200776570423
"2023-07-04 14:00:00",-3.65755429511263,0.132046837951236
"2023-07-04 15:00:00",-3.32838216266865,0.449657833517384
"2023-07-04 16:00:00",-3.00211133613519,0.232798971698734
"2023-07-04 17:00:00",-3.36850573602934,-0.744570558579106
"2023-07-04 18:00:00",-3.54153269442295,0.220558436717156
"2023-07-04 19:00:00",-3.31232506165988,0.228645470184415
"2023-07-04 20:00:00",-3.94192577517392,-1.1675686915785
"2023-07-04 21:00:00",-3.57558075215373,1.37660794172906
"2023-07-04 22:00:00",-3.97499273260233,-1.55981796138481
"2023-07-04 23:00:00",-4.4781712384084,0.230268763282671
"2023-07-05 00:00:00",-4.43763678372042,-0.0821085646546046
"2023-07-05 01:00:00",-4.12579611330171,0.565368903798969
"2023-07-05 02:00:00",-3.00396481334571,1.44480773800548
"2023-07-05 03:00:00",-1.96100907936564,0.72936923816267
"2023-07-05 04:00:00",-1.20709879668425,0.736972318079732
"2023-07-05 05:00:00",-0.301669148559594,0.976262663056174
"2023-07-05 06:00:00",-0.0683666105089147,-0.272693493214173
"2023-07-05 07:00:00",-0.857752659366568,-1.09624271306645
"2023-07-05 08:00:00",-1.91395514690305,-0.978214095588057
"2023-07-05 09:00:00",-0.84262924612452,2.38922038873734
"2023-07-05 10:00:00",0.141639173080214,0.0019636174707236
"2023-07-05 11:00:00",-0.663330065993175,-1.30484627451835
"2023-07-05 12:00:00",-3.59659226646472,-3.87861296106197
"2023-07-05 13:00:00",-3.19486743605107,3.24077995065439
"2023-07-05 14:00:00",-1.40193426971924,0.746636159874746
"2023-07-05 15:00:00",-0.496310695124484,0.970385268284271
"2023-07-05 16:00:00",-0.842850948399462,-1.20736884059527
"2023-07-05 17:00:00",-1.72980430935248,-0.630113105756074
"2023-07-05 18:00:00",-1.88009475144563,0.178956647862433
"2023-07-05 19:00:00",-1.73999831535053,0.109955455663373
"2023-07-05 20:00:00",-1.59586325371043,0.162314029068247
"2023-07-05 21:00:00",-1.33218328786103,0.320782634226992
"2023-07-05 22:00:00",-1.35862430592566,-0.254946432695932
"2023-07-05 23:00:00",-1.54191164338323,-0.125055001323226
"2023-07-06 00:00:00",-1.64496192789829,-0.0814969374674587
"2023-07-06 01:00:00",-2.09981861314241,-0.680024786556987
"2023-07-06 02:00:00",-2.23500185824122,0.237167944920436
"2023-07-06 03:00:00",-1.96298905018241,0.285196463857833
"2023-07-06 04:00:00",-1.73112268028982,0.187824933421684
"2023-07-06 05:00:00",-1.39978198542576,0.413501871524378
"2023-07-06 06:00:00",-1.34660464438862,-0.187758150558258
"2023-07-06 07:00:00",-1.79178117895988,-0.593896156886414
"2023-07-06 08:00:00",-2.52885835655193,-0.795195262091776
"2023-07-06 09:00:00",-3.20137338351954,-0.555513428918085
"2023-07-06 10:00:00",-3.45782148776569,-0.0407630677909284
"2023-07-06 11:00:00",-3.31729520761477,0.259161816871549
"2023-07-06 12:00:00",-3.23176716116211,-0.0300154286440254
"2023-07-06 13:00:00",-3.30605726336495,-0.0961113931056633
"2023-07-06 14:00:00",-3.58237639293477,-0.379064910529045
"2023-07-06 15:00:00",-3.4402354749088,0.487467384093745
"2023-07-06 16:00:00",-3.02805318012978,0.346839518716461
"2023-07-06 17:00:00",-2.57153698425476,0.511841324148214
"2023-07-06 18:00:00",-1.98564261540185,0.610734578027414
"2023-07-06 19:00:00",-2.33277239648079,-0.966641147398054
"2023-07-06 20:00:00",-2.89664933822036,-0.265570941717908
"2023-07-06 21:00:00",-2.84908739260795,0.257786170340989
"2023-07-06 22:00:00",-3.00859824492392,-0.426452988194547
"2023-07-06 23:00:00",-3.81284213535062,-1.01400621351674
"2023-07-07 00:00:00",-3.96142452917571,0.440330814488468
"2023-07-07 01:00:00",-4.6237504702473,-1.36084003646263
"2023-07-07 02:00:00",-5.33465632950098,-0.237883800665931
"2023-07-07 03:00:00",-5.33495253579231,0.164981135280697
"2023-07-07 04:00:00",-4.22920223442902,1.68724919259445
"2023-07-07 05:00:00",-2.51272956942739,1.6598387043254
"2023-07-07 06:00:00",-0.933020799962222,1.45446086328846
"2023-07-07 07:00:00",0.21351079134669,0.887968723735384
"2023-07-07 08:00:00",0.854490726630707,0.445589443835594
"2023-07-07 09:00:00",1.20556799351172,0.270286155311676
"2023-07-07 10:00:00",1.56465402658643,0.399667923337129
"2023-07-07 11:00:00",1.6607299492534,-0.112896994329686
"2023-07-07 12:00:00",1.69612486708634,0.130432567695972
"2023-07-07 13:00:00",1.90546692788126,0.249814080642013
"2023-07-07 14:00:00",2.473280353345,0.750371898285009
"2023-07-07 15:00:00",3.15068652803047,0.593386217234733
"2023-07-07 16:00:00",3.75210712376771,0.574137676414413
"2023-07-07 17:00:00",4.42413115008627,0.700511390706796
"2023-07-07 18:00:00",4.43756606944921,-0.450947650580896
"2023-07-07 19:00:00",2.79143521529815,-2.37040133072063
"2023-07-07 20:00:00",1.29115147530177,-0.852519667813605
"2023-07-07 21:00:00",0.944888358147565,0.00602597120774878
"2023-07-07 22:00:00",0.526456605306091,-0.682732754791104
"2023-07-07 23:00:00",0.0288097193572375,-0.351288922845297
"2023-07-08 00:00:00",0.21299929953593,0.532379517551977
"2023-07-08 01:00:00",0.0318237338634516,-0.648536033696195
"2023-07-08 02:00:00",-0.354600103674059,-0.193363723925529
"2023-07-08 03:00:00",-0.430834150532385,0.00593061310255069
"2023-07-08 04:00:00",-0.0362500696355669,0.635486800347486
"2023-07-08 05:00:00",1.22382348862671,1.61662651498953
"2023-07-08 06:00:00",2.61856986824521,1.17897432567585
"2023-07-08 07:00:00",3.59732301671091,0.795390622633701
"2023-07-08 08:00:00",4.49526496450556,0.919003222806827
"2023-07-08 09:00:00",5.35253312925415,0.769582744321968
"2023-07-08 10:00:00",5.92998986653168,0.415037274657014
"2023-07-08 11:00:00",6.23593217119654,0.211034013766517
"2023-07-08 12:00:00",6.53596350120305,0.337068979843837
"2023-07-08 13:00:00",6.7850030591977,0.170097855332464
"2023-07-08 14:00:00",6.84893310407552,-0.0186283385789013
"2023-07-08 15:00:00",6.8438704963459,-0.00460387361707613
"2023-07-08 16:00:00",7.01410222492725,0.269878541633835
"2023-07-08 17:00:00",7.40054788150758,0.436753761612667
"2023-07-08 18:00:00",7.28105118154072,-0.494181977485163
"2023-07-08 19:00:00",6.44634712920066,-1.03143266081018
"2023-07-08 20:00:00",5.14794858112212,-1.42298046700216
"2023-07-08 21:00:00",4.11547830850143,-0.729705845903957
"2023-07-08 22:00:00",3.49603937589343,-0.521796747693065
"2023-07-08 23:00:00",2.97944524117546,-0.493082544609002
"2023-07-09 00:00:00",3.0266231887494,0.401264352435342
"2023-07-09 01:00:00",2.61348142982627,-0.940337847841191
"2023-07-09 02:00:00",1.94802205204487,-0.453955682175116
"2023-07-09 03:00:00",1.77561648556895,0.0209737255390815
"2023-07-09 04:00:00",2.17937929052382,0.637476608513612
"2023-07-09 05:00:00",3.10920401811954,1.07772716577217
"2023-07-09 06:00:00",4.13711500013008,0.941848578522122
"2023-07-09 07:00:00",5.0000451495207,0.763981798581159
"2023-07-09 08:00:00",5.85111459183963,0.862241580411594
"2023-07-09 09:00:00",6.84827262416219,1.03217678305301
"2023-07-09 10:00:00",7.72489642106372,0.722442306119083
"2023-07-09 11:00:00",8.25231830638383,0.362393453153839
"2023-07-09 12:00:00",8.52934027454208,0.196310799958527
"2023-07-09 13:00:00",8.70990139326735,0.150490489739633
"2023-07-09 14:00:00",8.76625840518049,-0.020299168750422
"2023-07-09 15:00:00",8.76226459588529,-0.00423013264893976
"2023-07-09 16:00:00",8.90023507064504,0.214921992292339
"2023-07-09 17:00:00",9.39233360234122,0.642026756430148
"2023-07-09 18:00:00",9.6412029974002,-0.0371601141055343
"2023-07-09 19:00:00",8.93334110630114,-1.13377531800896
"2023-07-09 20:00:00",7.94943993824387,-0.848743871085796
"2023-07-09 21:00:00",7.43736761165525,-0.273538691641528
"2023-07-09 22:00:00",7.07990191253033,-0.40601331056129
"2023-07-09 23:00:00",6.7889977328911,-0.209465607871345
"2023-07-10 00:00:00",7.14600359388507,0.708934158761736
"2023-07-10 01:00:00",7.05473530758855,-0.629598860662245
"2023-07-10 02:00:00",6.54597123259676,-0.413123472835343
"2023-07-10 03:00:00",6.52925174773498,0.239904760691837
"2023-07-10 04:00:00",6.24414106137526,-0.629980354403005
"2023-07-10 05:00:00",6.24261212612814,0.409458073642174
"2023-07-10 06:00:00",6.80620476612668,0.631521517112052
"2023-07-10 07:00:00",7.41714163988768,0.559412236871298
"2023-07-10 08:00:00",8.20195065484071,0.888219676268972
"2023-07-10 09:00:00",8.94690872762602,0.603483025508569
"2023-07-10 10:00:00",9.176128207054,-0.0427066419623922
"2023-07-10 11:00:00",9.02092240434352,-0.234653013818341
"2023-07-10 12:00:00",7.76497231233104,-1.88874567736427
"2023-07-10 13:00:00",5.16720310943398,-2.95700514676109
"2023-07-10 14:00:00",1.732511407928,-3.59658811290395
"2023-07-10 15:00:00",0.27101102349683,0.029084416629005
"2023-07-10 16:00:00",-0.0113673483271723,-0.476947504384749
"2023-07-10 17:00:00",-0.00362554007747812,0.330509314642268
"2023-07-10 18:00:00",0.584137181821299,0.731336658335389
"2023-07-10 19:00:00",1.2226228879389,0.54549297108307
"2023-07-10 20:00:00",1.30727155276775,-0.228173593973574
"2023-07-10 21:00:00",1.06800746467127,-0.236972494572134
"2023-07-10 22:00:00",0.925613937149334,-0.0739517299352002
"2023-07-10 23:00:00",0.564263977223325,-0.53696716416489
"2023-07-11 00:00:00",0.387243092116452,0.0706240536133536
"2023-07-11 01:00:00",0.407187024769706,-0.0152889659292081
"2023-07-11 02:00:00",1.20409437242378,1.2999691759692
"2023-07-11 03:00:00",1.70877935947286,-0.0510294034709207
"2023-07-11 04:00:00",1.34384343018161,-0.55906381250062
"2023-07-11 05:00:00",1.9786678468434,1.39883832431975
"2023-07-11 06:00:00",3.17186551280234,0.996856523115946
"2023-07-11 07:00:00",3.76653178139069,0.294198555424837
"2023-07-11 08:00:00",3.91842366877142,0.0449510383450062
"2023-07-11 09:00:00",3.87350484166018,-0.107745807482214
"2023-07-11 10:00:00",3.87860881860758,0.0751019751623486
"2023-07-11 11:00:00",4.18100675015882,0.434558292923804
"2023-07-11 12:00:00",4.69401665082156,0.535544560224394
"2023-07-11 13:00:00",5.34574465362118,0.692163936170073
"2023-07-11 14:00:00",5.90868845224641,0.443159266278578
"2023-07-11 15:00:00",6.07124771058508,-0.0398428719360696
"2023-07-11 16:00:00",5.89035570836694,-0.274150677305229
"2023-07-11 17:00:00",6.63491949762999,1.38072380298434
"2023-07-11 18:00:00",7.5482044317715,0.549715849874964
"2023-07-11 19:00:00",7.39462099944823,-0.624870089127067
"2023-07-11 20:00:00",6.75976671746616,-0.620871107008267
"2023-07-11 21:00:00",6.59122387496957,0.132302676051141
"2023-07-11 22:00:00",6.96847794233971,0.514131940243154
"2023-07-11 23:00:00",7.47060490430623,0.461283477630001
"2023-07-12 00:00:00",7.66173529399752,-0.0076776055620823
"2023-07-12 01:00:00",7.81148069315161,0.237703610376168
"2023-07-12 02:00:00",8.33665665109117,0.681799084826462
"2023-07-12 03:00:00",8.96858098326699,0.557903841787386
"2023-07-12 04:00:00",9.07902530185562,-0.204662103174126
"2023-07-12 05:00:00",8.52765610249098,-0.768001837384432
"2023-07-12 06:00:00",8.0408715133834,-0.287166603667664
"2023-07-12 07:00:00",8.3647344431221,0.705457873223312
"2023-07-12 08:00:00",7.49120764921395,-1.89543476643723
"2023-07-12 09:00:00",5.94354344910623,-1.25193020607942
"2023-07-12 10:00:00",5.07667792970849,-0.576626001268677
"2023-07-12 11:00:00",4.71968550079239,-0.200150257730942
"2023-07-12 12:00:00",4.0479442856158,-0.960290925697357
"2023-07-12 13:00:00",3.65165430963616,-0.00668041960527987
"2023-07-12 14:00:00",3.46528261938685,-0.302013087831315
"2023-07-12 15:00:00",3.28865692567133,-0.0891077198683439
"2023-07-12 16:00:00",3.28254672190934,0.0452731419178952
"2023-07-12 17:00:00",3.18334707302862,-0.195029185881997
"2023-07-12 18:00:00",3.4377597516386,0.537843947302173
"2023-07-12 19:00:00",3.77434010663996,0.181982931387942
"2023-07-12 20:00:00",3.87292625184962,0.0334408794555251
"2023-07-12 21:00:00",3.56142355066397,-0.531649427295582
"2023-07-12 22:00:00",2.53590745022985,-1.31061235049613
"2023-07-12 23:00:00",1.78862618835349,-0.339490987631023
"2023-07-13 00:00:00",1.77643812311081,0.204284546239427
"2023-07-13 01:00:00",1.66201956555058,-0.323735714616585
"2023-07-13 02:00:00",1.33566902590836,-0.314727430148168
"2023-07-13 03:00:00",0.831829923632243,-0.607690445395033
"2023-07-13 04:00:00",0.890833642127919,0.499583267182649
"2023-07-13 05:00:00",1.65890276932049,0.909410598141354
"2023-07-13 06:00:00",2.44578014710174,0.665660383497402
"2023-07-13 07:00:00",2.61300932149536,-0.176150923756339
"2023-07-13 08:00:00",2.23284452264263,-0.501473674498687
"2023-07-13 09:00:00",1.38186781186078,-1.04641416222779
"2023-07-13 10:00:00",0.616361959204045,-0.543641135894547
"2023-07-13 11:00:00",0.541278706396403,0.24005705349034
"2023-07-13 12:00:00",0.823143764768719,0.295645054514857
"2023-07-13 13:00:00",1.02205722001173,0.123913873898225
"2023-07-13 14:00:00",0.901721414528728,-0.278764909852861
"2023-07-13 15:00:00",0.536818397664456,-0.406149447927393
"2023-07-13 16:00:00",0.0374236757960152,-0.53851801228047
"2023-07-13 17:00:00",-0.757010205457461,-0.927338812059256
"2023-07-13 18:00:00",-1.64089755188404,-0.811942953901369
"2023-07-13 19:00:00",-1.51760035177085,0.743035542342578
"2023-07-13 20:00:00",-0.876103921791378,0.545276908302361
"2023-07-13 21:00:00",-0.73507239090725,-0.134033614090828
"2023-07-13 22:00:00",-0.76335093919622,0.0445146261931271
"2023-07-13 23:00:00",-0.901202618965631,-0.251892887239159
"2023-07-14 00:00:00",-0.737763762726304,0.433716779316799
"2023-07-14 01:00:00",-1.27326375134494,-1.15523627958118
"2023-07-14 02:00:00",-1.75060900621198,-0.00110168551357626
"2023-07-14 03:00:00",-1.86515550238925,-0.182476088004851
"2023-07-14 04:00:00",-1.72690568915783,0.347897353985151
"2023-07-14 05:00:00",-1.06689565594895,0.838943664665358
"2023-07-14 06:00:00",-0.346666797385884,0.608236977516263
"2023-07-14 07:00:00",0.0274568509269517,0.200719332843235
"2023-07-14 08:00:00",0.104218173521683,-0.00955898293976279
"2023-07-14 09:00:00",-0.133065472806041,-0.377956250038471
"2023-07-14 10:00:00",-0.130407662420742,0.256441396591139
"2023-07-14 11:00:00",0.161316002664704,0.301550301348178
"2023-07-14 12:00:00",0.207312554940524,-0.126763330459246
"2023-07-14 13:00:00",0.729974749562098,0.930501509716358
"2023-07-14 14:00:00",1.18183458361967,0.11035804847506
"2023-07-14 15:00:00",0.946431210467969,-0.456243779510189
"2023-07-14 16:00:00",1.32364537306695,0.913698852915059
"2023-07-14 17:00:00",2.18983452944982,0.791650165346878
"2023-07-14 18:00:00",3.23290687643068,1.15829636158448
"2023-07-14 19:00:00",3.40624430139203,-0.495693554832992
"2023-07-14 20:00:00",2.99279338164249,-0.343365773156367
"2023-07-14 21:00:00",2.72182382828249,-0.213686424513493
"2023-07-14 22:00:00",2.68713323557651,0.0827790882352353
"2023-07-14 23:00:00",2.73589841217146,0.0203097009233559
"2023-07-15 00:00:00",3.30326887155815,0.901584918022804
"2023-07-15 01:00:00",3.53664968433157,-0.227427741761736
"2023-07-15 02:00:00",3.49129760422092,0.0736274319829913
"2023-07-15 03:00:00",3.44940712029123,-0.121409387593037
"2023-07-15 04:00:00",3.48780044093683,0.138657341000369
"2023-07-15 05:00:00",3.98070700421841,0.701151750275501
"2023-07-15 06:00:00",4.73727498717745,0.752430367369659
"2023-07-15 07:00:00",5.68943799855951,1.03396524947466
"2023-07-15 08:00:00",6.92215262610643,1.29930278051505
"2023-07-15 09:00:00",8.27839015557064,1.32082599550611
"2023-07-15 10:00:00",9.60207225710591,1.25201811985785
"2023-07-15 11:00:00",10.6962701986816,0.924617497207037
"2023-07-15 12:00:00",11.7596779416083,1.09161738910263
"2023-07-15 13:00:00",12.096769211502,-0.197089466965072
"2023-07-15 14:00:00",11.9905007220058,-0.0562602288963132
"2023-07-15 15:00:00",12.1112911185381,0.217631361781419
"2023-07-15 16:00:00",12.6968318279899,0.787378385073586
"2023-07-15 17:00:00",12.8352703259876,-0.317120368161577
"2023-07-15 18:00:00",12.3234433924427,-0.633846901995617
"2023-07-15 19:00:00",11.0325889746782,-1.68339138473298
"2023-07-15 20:00:00",10.0246076948863,-0.524033414410287
"2023-07-15 21:00:00",9.56357527044583,-0.410042176073535
"2023-07-15 22:00:00",8.53068392597277,-1.41135835033415
"2023-07-15 23:00:00",7.49933838576881,-0.739991675913125
"2023-07-16 00:00:00",6.61909492440895,-0.941578081821004
"2023-07-16 01:00:00",6.3976710055325,0.260663323083684
"2023-07-16 02:00:00",7.53145919462967,1.65374069285105
"2023-07-16 03:00:00",7.68090532724386,-0.870206538422807
"2023-07-16 04:00:00",6.91334010999535,-0.672562202347181
"2023-07-16 05:00:00",6.40321030733221,-0.386510827048658
"2023-07-16 06:00:00",6.11903780037062,-0.210695568012636
"2023-07-16 07:00:00",4.85733169968844,-1.91029744300571
"2023-07-16 08:00:00",3.58396313259857,-0.794505977616006
"2023-07-16 09:00:00",3.05779937962898,-0.326887277672706
"2023-07-16 10:00:00",3.12117663788989,0.316597302317517
"2023-07-16 11:00:00",3.344181020858,0.145991198963198
"2023-07-16 12:00:00",3.64841230087426,0.390956711466497
"2023-07-16 13:00:00",4.30065533738669,0.790735476174096
"2023-07-16 14:00:00",4.75434001508182,0.201887335134515
"2023-07-16 15:00:00",4.76936774050532,-0.116383770836835
"2023-07-16 16:00:00",4.65111588563872,-0.120023757533968
"2023-07-16 17:00:00",4.66474869349639,0.0960944480441603
"2023-07-16 18:00:00",4.95459181521374,0.399222586217625
"2023-07-16 19:00:00",4.20781612418159,-1.48165978761423
"2023-07-16 20:00:00",3.99594373105689,0.639284087854063
"2023-07-16 21:00:00",3.94556788547468,-0.512896687483721
"2023-07-16 22:00:00",3.15807170775587,-0.938222338229883
"2023-07-16 23:00:00",1.55945725252452,-1.96697276764659
"2023-07-17 00:00:00",1.46397124382983,1.15467865614161
"2023-07-17 01:00:00",1.42073347658556,-0.841667047400345
"2023-07-17 02:00:00",0.431129369652364,-1.04303254540118
"2023-07-17 03:00:00",0.0291204756933859,0.0438806331714858
"2023-07-17 04:00:00",0.585067886495928,0.870863701584588
"2023-07-17 05:00:00",1.81550390943484,1.41092340530788
"2023-07-17 06:00:00",2.76641257079025,0.596711332599715
"2023-07-17 07:00:00",3.11268428049234,0.159295388190505
"2023-07-17 08:00:00",3.14405914616327,-0.0594059454146588
"2023-07-17 09:00:00",2.88679211465337,-0.380998448587826
"2023-07-17 10:00:00",2.45597575999317,-0.447275521907991
"2023-07-17 11:00:00",2.12952681345299,-0.233551374009798
"2023-07-17 12:00:00",1.9768104903774,-0.0943143178918756
"2023-07-17 13:00:00",1.91959405569707,-0.0323133519596001
"2023-07-17 14:00:00",1.89557851506881,-0.0198161374434051
"2023-07-17 15:00:00",1.66657678404366,-0.360017054297273
"2023-07-17 16:00:00",1.75930004273269,0.387991336756648
"2023-07-17 17:00:00",1.6574655095861,-0.425807505797915
"2023-07-17 18:00:00",1.84895782022178,0.591783168042101
"2023-07-17 19:00:00",0.459417629667688,-2.64675259526156
"2023-07-17 20:00:00",-0.84098683131283,-0.341651835746869
"2023-07-17 21:00:00",-0.485283079866154,0.804780492869097
"2023-07-17 22:00:00",-0.28267425264391,-0.207834668807531
"2023-07-17 23:00:00",-0.583349625230627,-0.347915975204319
"2023-07-18 00:00:00",-1.30562459342388,-0.936769665789603
"2023-07-18 01:00:00",-2.06392215068828,-0.601601928923648
"2023-07-18 02:00:00",-2.33488128680559,-0.03499897003088
"2023-07-18 03:00:00",-2.4005915601975,-0.0800529015880236
"2023-07-18 04:00:00",-2.4405215640701,-0.00819101777225213
"2023-07-18 05:00:00",-2.18259426488901,0.426224816365179
"2023-07-18 06:00:00",-1.92265819162718,0.13953927221152
"2023-07-18 07:00:00",-1.90346819957816,-0.0594758717340083
"2023-07-18 08:00:00",-1.88064115577948,0.0790628006907956
"2023-07-18 09:00:00",-1.83552312962206,0.0227679655525344
"2023-07-18 10:00:00",-1.46498235015608,0.587142788868528
"2023-07-18 11:00:00",-0.941491226440702,0.458069206026261
"2023-07-18 12:00:00",-0.848910178488166,-0.154259794123484
"2023-07-18 13:00:00",-0.768934535627932,0.233423470990027
"2023-07-18 14:00:00",-0.825966238730202,-0.246964255785846
"2023-07-18 15:00:00",-0.800922746032526,0.206253211003644
"2023-07-18 16:00:00",-0.558957245514812,0.25530731142775
"2023-07-18 17:00:00",-0.0285597910817358,0.689303905607068
"2023-07-18 18:00:00",0.817509886920923,0.910410540367135
"2023-07-18 19:00:00",0.651507419996795,-0.876764112554662
"2023-07-18 20:00:00",-0.200350013063841,-0.795613072804231
"2023-07-18 21:00:00",-0.808415320580746,-0.453882535606792
"2023-07-18 22:00:00",-1.37084850075182,-0.607030869118928
"2023-07-18 23:00:00",-1.4721115097719,0.242488285064781
"2023-07-19 00:00:00",-1.56640348400535,-0.312430699881338
"2023-07-19 01:00:00",-0.811822826748055,1.43207080585274
"2023-07-19 02:00:00",-1.03358498028668,-1.31271470879043
"2023-07-19 03:00:00",-2.20579530323139,-1.02150776217601
"2023-07-19 04:00:00",-2.41518591915072,0.344804145138539
"2023-07-19 05:00:00",-1.34358828247026,1.50830900461551
"2023-07-19 06:00:00",0.196382030754718,1.48963043792975
"2023-07-19 07:00:00",1.22968448681276,0.679734020366882
"2023-07-19 08:00:00",1.05906441637419,-0.730990021087577
"2023-07-19 09:00:00",0.935003511042895,0.28508225157834
"2023-07-19 10:00:00",1.27126867410063,0.353202581165468
"2023-07-19 11:00:00",1.244747178128,-0.280044466711543
"2023-07-19 12:00:00",0.668840003021424,-0.74738288227303
"2023-07-19 13:00:00",0.186932821509676,-0.282888318676154
"2023-07-19 14:00:00",0.274415281082686,0.329994145258401
"2023-07-19 15:00:00",-1.41252457328244,-2.9517310954363
"2023-07-19 16:00:00",-2.4504940921128,0.28899377463437
"2023-07-19 17:00:00",-1.87207592181856,0.747036140900917
"2023-07-19 18:00:00",-1.6017328943542,-0.0578811854592593
"2023-07-19 19:00:00",-1.52269975538724,0.168616193804981
"2023-07-19 20:00:00",-1.78896872250361,-0.541572430563601
"2023-07-19 21:00:00",-1.97263555937727,0.0659658447097057
"2023-07-19 22:00:00",-1.97647194606256,-0.0476461884685192
"2023-07-19 23:00:00",-1.5987249987421,0.645934156479541
"2023-07-20 00:00:00",-2.02623410098072,-1.12075077198867
"2023-07-20 01:00:00",-2.04476447422845,0.719762347787748
"2023-07-20 02:00:00",-1.75670713753623,-0.0107945620534188
"2023-07-20 03:00:00",-1.81057156499219,-0.0777538973642765
"2023-07-20 04:00:00",-1.9801894518957,-0.220466283360185
"2023-07-20 05:00:00",-2.05631541409396,0.0262684116414347
"2023-07-20 06:00:00",-2.18901129403188,-0.229714900210527
"2023-07-20 07:00:00",-2.64734468670786,-0.586142684989206
"2023-07-20 08:00:00",-3.0828423945165,-0.31096349334194
"2023-07-20 09:00:00",-3.63104131889509,-0.676330606092859
"2023-07-20 10:00:00",-4.64529902585434,-1.18666281287332
"2023-07-20 11:00:00",-6.44623114679932,-2.11887301905317
"2023-07-20 12:00:00",-6.77660724954807,0.885940857429242
"2023-07-20 13:00:00",-5.17411495684109,2.01276807432519
"2023-07-20 14:00:00",-3.93779321467429,0.666617734896197
"2023-07-20 15:00:00",-3.75382558915031,-0.141461472974195
"2023-07-20 16:00:00",-3.51944017025321,0.478645095192616
"2023-07-20 17:00:00",-3.24860512738088,0.123962578889326
"2023-07-20 18:00:00",-3.2603912359792,-0.0975374964827778
"2023-07-20 19:00:00",-3.30588793466879,-0.00444012034927978
"2023-07-20 20:00:00",-3.52954114734748,-0.354904993198935
"2023-07-20 21:00:00",-4.09040452832656,-0.666966632221491
"2023-07-20 22:00:00",-4.73049423602495,-0.586484532064851
"2023-07-20 23:00:00",-4.89155120335753,0.136305630900976
"2023-07-21 00:00:00",-4.87545205709842,-0.0584989445035212
"2023-07-21 01:00:00",-5.63318692217047,-1.18159470250454
"2023-07-21 02:00:00",-5.6316303892309,0.797495619561842
"2023-07-21 03:00:00",-4.3147330553314,1.60783806748532
"2023-07-21 04:00:00",-3.40679950344078,0.403753959374884
"2023-07-21 05:00:00",-2.86767053584652,0.608148371914046
"2023-07-21 06:00:00",-2.13791030446333,0.779850963998412
"2023-07-21 07:00:00",-1.45263201841558,0.59242181848808
"2023-07-21 08:00:00",-1.5951807064054,-0.623875062553898
"2023-07-21 09:00:00",-2.33125375012179,-0.773837172120597
"2023-07-21 10:00:00",-2.99297409899563,-0.552528494921771
"2023-07-21 11:00:00",-4.80980700524201,-2.56949679523098
"2023-07-21 12:00:00",-6.33262974676824,-0.746490384614698
"2023-07-21 13:00:00",-6.31323274671127,0.53721842167953
"2023-07-21 14:00:00",-6.24767934331639,-0.243864476122954
"2023-07-21 15:00:00",-6.21811342396133,0.218495546050082
"2023-07-21 16:00:00",-5.16995643187924,1.5594601568444
"2023-07-21 17:00:00",-3.95985212922675,0.926362943061932
"2023-07-21 18:00:00",-3.20639643842623,0.607485056665811
"2023-07-21 19:00:00",-4.80570296153184,-2.99034626464074
"2023-07-21 20:00:00",-5.55995925298216,0.778479530632216
"2023-07-21 21:00:00",-5.39019182283142,-0.236936474328616
"2023-07-21 22:00:00",-5.34989173317682,0.23015208355123
"2023-07-21 23:00:00",-4.90328618063725,0.576576863393774
"2023-07-22 00:00:00",-4.43428951407349,0.381309681248354
"2023-07-22 01:00:00",-3.80478624772204,0.77076327395633
"2023-07-22 02:00:00",-3.22720974908312,0.426244260032543
"2023-07-22 03:00:00",-3.19701566745831,-0.231111140651746
"2023-07-22 04:00:00",-3.4079309796638,-0.183309433715294
"2023-07-22 05:00:00",-3.12613568075616,0.582860590800889
"2023-07-22 06:00:00",-3.10586319037241,-0.351714911716204
"2023-07-22 07:00:00",-3.51707317650959,-0.427330062344289
"2023-07-22 08:00:00",-4.0006782914576,-0.493608492858788
"2023-07-22 09:00:00",-4.43724729421601,-0.37264258403483
"2023-07-22 10:00:00",-4.76520543817944,-0.276866843255231
"2023-07-22 11:00:00",-4.54223037044921,0.551742164455574
"2023-07-22 12:00:00",-4.60258033256101,-0.459683589649239
"2023-07-22 13:00:00",-4.938218282056,-0.231062089895387
"2023-07-22 14:00:00",-4.92071522219776,0.18874198989748
"2023-07-22 15:00:00",-4.50545305214463,0.552880890602898
"2023-07-22 16:00:00",-3.85636991016139,0.688178585183315
"2023-07-22 17:00:00",-3.28367589411354,0.473460855163036
"2023-07-22 18:00:00",-2.72655690162159,0.590647534953384
"2023-07-22 19:00:00",-2.30204003246154,0.297105625452698
"2023-07-22 20:00:00",-2.41529002477606,-0.378467812367196
"2023-07-22 21:00:00",-3.0931304945186,-0.842095990676913
"2023-07-22 22:00:00",-3.02269518880377,0.679417969831819
"2023-07-22 23:00:00",-2.05104358228638,1.12419350851456
"2023-07-23 00:00:00",-0.807328553371448,1.26693712215321
"2023-07-23 01:00:00",0.0985013497460826,0.623091693372984
"2023-07-23 02:00:00",0.802701065167581,0.724680769489558
"2023-07-23 03:00:00",1.05025355232857,-0.0833255476071886
"2023-07-23 04:00:00",0.549124976749244,-0.757199261768752
"2023-07-23 05:00:00",-0.419586288933265,-1.06439194715412
"2023-07-23 06:00:00",-1.31840282904464,-0.745182940724849
"2023-07-23 07:00:00",-1.4874788033636,0.224722111587725
"2023-07-23 08:00:00",-1.4403916814779,-0.071654993051273
"2023-07-23 09:00:00",-1.83006264348772,-0.58130502669893
"2023-07-23 10:00:00",-0.458647413932381,2.61039616008224
"2023-07-23 11:00:00",1.37771275799979,1.23367326204675
"2023-07-23 12:00:00",2.46248682235512,0.932186530246639
"2023-07-23 13:00:00",3.42848027110809,0.939454475721517
"2023-07-23 14:00:00",2.96901704721374,-1.37464378047883
"2023-07-23 15:00:00",1.43844061883285,-1.56562362342892
"2023-07-23 16:00:00",0.0285810277134858,-1.24087660569478
"2023-07-23 17:00:00",0.036286426124186,0.839676340164266
"2023-07-23 18:00:00",0.707809078851121,0.527465006776869
"2023-07-23 19:00:00",1.03105426358905,0.17082845589934
"2023-07-23 20:00:00",0.718468599119483,-0.621331037077206
"2023-07-23 21:00:00",0.518285729397221,0.0891645731135525
"2023-07-23 22:00:00",0.687255881068409,0.213475757279463
"2023-07-23 23:00:00",0.958678641822655,0.29627001306637
"2023-07-24 00:00:00",0.920137767578726,-0.261148269479704
"2023-07-24 01:00:00",1.32746933482156,0.832435435771056
"2023-07-24 02:00:00",2.03545668014186,0.589669679879131
"2023-07-24 03:00:00",2.28233949171889,0.00400750401570019
"2023-07-24 04:00:00",2.6612928037598,0.607964326524482
"2023-07-24 05:00:00",2.81384465489474,-0.161729827885655
"2023-07-24 06:00:00",2.57284108439909,-0.286025411747621
"2023-07-24 07:00:00",2.60624684458067,0.241453501587933
"2023-07-24 08:00:00",2.63332105757673,-0.120487843443218
"2023-07-24 09:00:00",2.55627147745172,-0.0478231671477218
"2023-07-24 10:00:00",2.82806600643191,0.468659888207905
"2023-07-24 11:00:00",3.62704823848397,0.977582048372319
"2023-07-24 12:00:00",4.0174905376753,-0.0242049467489963
"2023-07-24 13:00:00",0.901904962706233,-5.03359743967914
"2023-07-24 14:00:00",-1.44408424391394,-0.443962975238056
"2023-07-24 15:00:00",-2.07479070041722,-0.723368399321835
"2023-07-24 16:00:00",-2.36311006594072,0.0180827362985844
"2023-07-24 17:00:00",-1.26061457943354,1.77608031121496
"2023-07-24 18:00:00",-2.39427870332583,-3.01796553105248
"2023-07-24 19:00:00",-2.91627221929279,1.16984974230339
"2023-07-24 20:00:00",-2.06681916685793,0.599251303849022
"2023-07-24 21:00:00",-1.59338983076907,0.369715679150454
"2023-07-24 22:00:00",-1.320007732776,0.198223090205226
"2023-07-24 23:00:00",-1.22509423015046,0.0232323364910445
"2023-07-25 00:00:00",-1.23546812295105,-0.0307060549884651
"2023-07-25 01:00:00",-1.2492408455524,-0.000237535472345889
"2023-07-25 02:00:00",-0.993722284288317,0.415487430985807
"2023-07-25 03:00:00",-0.568500180281465,0.412786001421942
"2023-07-25 04:00:00",-0.852515065963108,-0.734312183291934
"2023-07-25 05:00:00",-1.46982956515262,-0.508884426691021
"2023-07-25 06:00:00",-2.04845219338714,-0.595724185042203
"2023-07-25 07:00:00",-2.701198767177,-0.657103132571598
"2023-07-25 08:00:00",-3.255875127042,-0.456554382379443
"2023-07-25 09:00:00",-3.43489428762014,0.0187035737601988
"2023-07-25 10:00:00",-3.23199169952072,0.320484243665252
"2023-07-25 11:00:00",-3.07716367315412,0.0411998178499744
"2023-07-25 12:00:00",-3.69161254049599,-1.01837716433793
"2023-07-25 13:00:00",-3.93483634832401,0.289851192603804
"2023-07-25 14:00:00",-3.81654917994085,0.00336256915988234
"2023-07-25 15:00:00",-4.02211301417814,-0.330159497882625
"2023-07-25 16:00:00",-3.9804661633249,0.292717404152223
"2023-07-25 17:00:00",-3.71087228357144,0.246496740997274
"2023-07-25 18:00:00",-3.81202422233666,-0.323325317036815
"2023-07-25 19:00:00",-3.99182450176015,-0.0706623875310226
"2023-07-25 20:00:00",-3.6341998790704,0.631294223308493
"2023-07-25 21:00:00",-2.91468124053139,0.748825871675818
"2023-07-25 22:00:00",-2.5206847501298,0.142480955339754
"2023-07-25 23:00:00",-2.58889374816656,-0.202177200579248
"2023-07-26 00:00:00",-2.64713716315773,0.0438145462732306
"2023-07-26 01:00:00",-2.82601700237952,-0.315428907910189
"2023-07-26 02:00:00",-3.26435303312872,-0.495801687394904
"2023-07-26 03:00:00",-3.99743255177652,-0.852220165871463
"2023-07-26 04:00:00",-4.5805889592127,-0.37092130996361
"2023-07-26 05:00:00",-4.6468114498559,0.145955997700507
"2023-07-26 06:00:00",-4.8273651673495,-0.383655522407981
"2023-07-26 07:00:00",-5.06978289433618,-0.13052073265504
"2023-07-26 08:00:00",-5.15793604977089,-0.0491867001366088
"2023-07-26 09:00:00",-5.23217340287338,-0.0807633007588174
"2023-07-26 10:00:00",-5.48003178125653,-0.340732986339242
"2023-07-26 11:00:00",-5.55706701273062,0.109482508728488
"2023-07-26 12:00:00",-8.941826408103,-5.54621220219483
"2023-07-26 13:00:00",-9.58228390457127,2.67194686231269
"2023-07-26 14:00:00",-7.40387016321239,1.75822809316777
"2023-07-26 15:00:00",-6.5303457878534,0.251763148634889
"2023-07-26 16:00:00",-6.43166914805194,0.00034661774015457
"2023-07-26 17:00:00",-6.54473991011148,-0.175020199168492
"2023-07-26 18:00:00",-6.16059913359082,0.747087857126648
"2023-07-26 19:00:00",-5.81013465887172,0.0773380324756565
"2023-07-26 20:00:00",-5.08292353324301,1.13338283695387
"2023-07-26 21:00:00",-4.31604058520156,0.49266186891457
"2023-07-26 22:00:00",-4.21958346665298,-0.166696864204844
"2023-07-26 23:00:00",-4.3777030676956,-0.139450443603078
"2023-07-27 00:00:00",-4.40658656834052,0.0518401626749043
"2023-07-27 01:00:00",-4.78404352636557,-0.640035378468433
"2023-07-27 02:00:00",-5.05326630877668,-0.00306057419719225
"2023-07-27 03:00:00",-4.87323850249353,0.300041473867624
"2023-07-27 04:00:00",-4.67828053184104,0.121918842979854
"2023-07-27 05:00:00",-4.12712411900535,0.817147767141761
"2023-07-27 06:00:00",-3.56605611099061,0.369007658606869
"2023-07-27 07:00:00",-3.15927236177978,0.417232485826725
"2023-07-27 08:00:00",-3.06896700000727,-0.127862596750767
"2023-07-27 09:00:00",-3.24669296740374,-0.198567571102561
"2023-07-27 10:00:00",-4.65400804687764,-2.14207474235726
"2023-07-27 11:00:00",-6.23330630768793,-1.12307591155268
"2023-07-27 12:00:00",-6.9635582708187,-0.425640444109277
"2023-07-27 13:00:00",-8.07663107958674,-1.5094875867334
"2023-07-27 14:00:00",-8.95598072358293,-0.40707114457778
"2023-07-27 15:00:00",-9.16471285974,-0.0550489118193278
"2023-07-27 16:00:00",-8.85298077606096,0.553244913253062
"2023-07-27 17:00:00",-8.22473379492613,0.65980153394242
"2023-07-27 18:00:00",-7.69420130497228,0.429742377873866
"2023-07-27 19:00:00",-6.53975584433117,1.5926288871964
"2023-07-27 20:00:00",-4.92525539537105,1.56078832088986
"2023-07-27 21:00:00",-3.44685527999822,1.35956961328592
"2023-07-27 22:00:00",-2.4174520616178,0.764821034045599
"2023-07-27 23:00:00",-1.74282637029795,0.58555381864088
"2023-07-28 00:00:00",-1.17558128249947,0.530330150150266
"2023-07-28 01:00:00",-0.512893052562325,0.720949787833196
"2023-07-28 02:00:00",0.299690937345523,0.835719867766275
"2023-07-28 03:00:00",1.10143026061424,0.740601692272175
"2023-07-28 04:00:00",1.05340916209674,-0.572898101595681
"2023-07-28 05:00:00",0.528379776920385,-0.469525806764699
"2023-07-28 06:00:00",-0.0816714167662078,-0.675424828017543
"2023-07-28 07:00:00",-1.09236341672725,-1.18606699262346
"2023-07-28 08:00:00",-2.36727393708887,-1.27214799406554
"2023-07-28 09:00:00",-3.24903498292246,-0.5765563043903
"2023-07-28 10:00:00",-3.81046806136419,-0.520485466949507
"2023-07-28 11:00:00",-3.07606138848899,1.54099890511821
"2023-07-28 12:00:00",-2.47145394294702,-0.0444097288806311
"2023-07-28 13:00:00",-3.7909973133674,-2.103729531835
"2023-07-28 14:00:00",-4.16259945077078,0.805673288922269
"2023-07-28 15:00:00",-3.66036825672557,0.281438089020987
"2023-07-28 16:00:00",-3.11089324260712,0.706769310890348
"2023-07-28 17:00:00",-2.30525262946515,0.837278859400175
"2023-07-28 18:00:00",-1.65402126887518,0.499226234979684
"2023-07-28 19:00:00",-1.70224889659091,-0.408767587259031
"2023-07-28 20:00:00",-1.75948664041964,0.18202493343191
"2023-07-28 21:00:00",-1.57393507742575,0.181352585429288
"2023-07-28 22:00:00",-1.56939322172946,-0.111517631005982
"2023-07-28 23:00:00",-1.5346557339075,0.132610861732691
"2023-07-29 00:00:00",-0.961785654043983,0.841126394701931
"2023-07-29 01:00:00",0.0550588902609574,1.08690755005245
"2023-07-29 02:00:00",0.0814111600057469,-0.681995819082405
"2023-07-29 03:00:00",-0.177350754926131,0.0355805436058532
"2023-07-29 04:00:00",-0.143181820413592,0.0318327253029698
"2023-07-29 05:00:00",0.438870630488164,0.92138514347048
"2023-07-29 06:00:00",0.830530998080994,0.0193395132077742
"2023-07-29 07:00:00",0.840767411998208,0.00261113724303756
"2023-07-29 08:00:00",0.732892661662837,-0.177488033576654
"2023-07-29 09:00:00",0.769280819711038,0.176296330468298
"2023-07-29 10:00:00",0.619828706353993,-0.360503493767465
"2023-07-29 11:00:00",-1.76875065997323,-3.62790203669823
"2023-07-29 12:00:00",-5.01856410383153,-2.84105039400274
"2023-07-29 13:00:00",-5.66757342022079,0.84963409523403
"2023-07-29 14:00:00",-4.7931091281856,0.85676670600041
"2023-07-29 15:00:00",-3.4289752013569,1.64372663303293
"2023-07-29 16:00:00",-2.26392756777882,0.794989944868221
"2023-07-29 17:00:00",-3.28492318272618,-2.18019783955755
"2023-07-29 18:00:00",-3.34695238395793,1.35723987041599
"2023-07-29 19:00:00",-3.00463246925141,-0.346235901339346
"2023-07-29 20:00:00",-3.06893763997982,0.130572968004624
"2023-07-29 21:00:00",-2.84616715298499,0.277603169587935
"2023-07-29 22:00:00",-2.12838933865729,0.980781833364501
"2023-07-29 23:00:00",-1.38171707308616,0.55786310674621
"2023-07-30 00:00:00",-0.69758628839394,0.737578832618152
"2023-07-30 01:00:00",-0.568764807620956,-0.282232498212347
"2023-07-30 02:00:00",-0.561887113065847,0.200020647984412
"2023-07-30 03:00:00",-0.580219136152996,-0.162302837605339
"2023-07-30 04:00:00",-0.610242981730434,0.0603350395438534
"2023-07-30 05:00:00",-0.110371926852275,0.769922915169533
"2023-07-30 06:00:00",0.177256777376649,-0.047421038901208
"2023-07-30 07:00:00",-0.0410420170977125,-0.322070365695518
"2023-07-30 08:00:00",-0.407846768637906,-0.379143958531002
"2023-07-30 09:00:00",-0.737878518377284,-0.281082384698095
"2023-07-30 10:00:00",-0.715985514859064,0.22378366563034
"2023-07-30 11:00:00",-0.576518655425268,0.077551846158877
"2023-07-30 12:00:00",-0.635889842936791,-0.147087486244235
"2023-07-30 13:00:00",-1.00154714550195,-0.493172844507551
"2023-07-30 14:00:00",-1.52921850897697,-0.524304793882596
"2023-07-30 15:00:00",-4.25763804450044,-4.06618122806737
"2023-07-30 16:00:00",-6.31720458716945,-0.618490388706198
"2023-07-30 17:00:00",-6.1129903322711,0.751110934658446
"2023-07-30 18:00:00",-4.84656338419853,1.55766252572431
"2023-07-30 19:00:00",-3.90873804288317,0.48628794256961
"2023-07-30 20:00:00",-2.86033516703134,1.37835717969175
"2023-07-30 21:00:00",-2.18327005832623,0.181057084142046
"2023-07-30 22:00:00",-2.51704110182415,-0.658310053547284
"2023-07-30 23:00:00",-2.99282409497689,-0.328247993736027
"2023-07-31 00:00:00",-2.5540301892281,0.933151860489078
"2023-07-31 01:00:00",-1.86258954747222,0.500736851545593
"2023-07-31 02:00:00",-1.29914781508995,0.580870015185099
"2023-07-31 03:00:00",-0.893980804051404,0.270454456028938
"2023-07-31 04:00:00",-0.8394164529436,-0.0908008347672447
"2023-07-31 05:00:00",-1.27918244283404,-0.650426426985126
"2023-07-31 06:00:00",-2.3649436223917,-1.32273641785955
"2023-07-31 07:00:00",-3.55072902799929,-1.03509105835545
"2023-07-31 08:00:00",-5.03932676814787,-1.71561775359679
"2023-07-31 09:00:00",-6.67219581832969,-1.4936176385327
"2023-07-31 10:00:00",-7.2257782785872,0.108000706185148
"2023-07-31 11:00:00",-7.28062738240311,-0.151496307318906
"2023-07-31 12:00:00",-6.78929774654822,0.905907133940419
"2023-07-31 13:00:00",-6.36170788678682,0.0971469335603176
"2023-07-31 14:00:00",-6.82719945425648,-0.81026002935347
"2023-07-31 15:00:00",-6.56090328313231,0.980131444722542
"2023-07-31 16:00:00",-5.79495929130056,0.595211956477147
"2023-07-31 17:00:00",-4.71798845978844,1.3544283813555
"2023-07-31 18:00:00",-3.48689939667921,1.09644325983875
"2023-07-31 19:00:00",-2.58410092804223,0.735296924686139
"2023-07-31 20:00:00",-1.78240522968368,0.811194595844392
"2023-07-31 21:00:00",-1.12514745553902,0.52569929442314
"2023-07-31 22:00:00",-0.653944508295603,0.413931262427486
"2023-07-31 23:00:00",-0.426971629445329,0.0923931288940693
"2023-08-01 00:00:00",0.0882375076744293,0.773149496024
"2023-08-01 01:00:00",0.732089854451208,0.526946552782666
"2023-08-01 02:00:00",1.20778136200262,0.417974132746215
"2023-08-01 03:00:00",1.49851846308207,0.190541865748367
"2023-08-01 04:00:00",1.44894050342322,-0.209230207840944
"2023-08-01 05:00:00",0.95485184253552,-0.66237940771515
"2023-08-01 06:00:00",-0.130402537812684,-1.31682608878501
"2023-08-01 07:00:00",-1.97428586256359,-2.10746068701309
"2023-08-01 08:00:00",-3.92795182952437,-1.7557568802454
"2023-08-01 09:00:00",-4.84404227807261,-0.307728722569567
"2023-08-01 10:00:00",-5.27047513494892,-0.479061781135762
"2023-08-01 11:00:00",-5.81900666996067,-0.561986543805646
"2023-08-01 12:00:00",-6.83405257709056,-1.26134769933473
"2023-08-01 13:00:00",-6.55485336911112,1.30175207550908
"2023-08-01 14:00:00",-5.21336258636328,1.31268258202888
"2023-08-01 15:00:00",-5.15023342118706,-0.766174300108806
"2023-08-01 16:00:00",-4.72311738891896,1.20896975688964
"2023-08-01 17:00:00",-4.34189975007829,-0.182636803434276
"2023-08-01 18:00:00",-4.21779415742966,0.32829460040479
"2023-08-01 19:00:00",-3.93847014196029,0.238839244436631
"2023-08-01 20:00:00",-3.49064448072625,0.57094229097547
"2023-08-01 21:00:00",-2.82425328979469,0.702854263073161
"2023-08-01 22:00:00",-2.23385059142494,0.491020020061199
"2023-08-01 23:00:00",-2.07056796743591,-0.0600858338029585
"2023-08-02 00:00:00",-1.80082343279108,0.479477766533224
"2023-08-02 01:00:00",-1.44016318886954,0.266632091947358
"2023-08-02 02:00:00",-1.03061070413339,0.487225252555809
"2023-08-02 03:00:00",-0.873496568942162,-0.0690941437602263
"2023-08-02 04:00:00",-1.21911263105985,-0.512411853293619
"2023-08-02 05:00:00",-1.46125363197329,-0.0488861516329949
"2023-08-02 06:00:00",-1.4335381366524,0.0793483389265843
"2023-08-02 07:00:00",-1.60536337282754,-0.329259178829976
"2023-08-02 08:00:00",-1.99702166164006,-0.412576977611259
"2023-08-02 09:00:00",-2.40493098116748,-0.382840657999204
"2023-08-02 10:00:00",-2.33366258336221,0.3737150040359
"2023-08-02 11:00:00",-2.12085362180907,0.0984346829350412
"2023-08-02 12:00:00",-2.53661445177422,-0.736062431582254
"2023-08-02 13:00:00",-2.65883699912861,0.296073729174983
"2023-08-02 14:00:00",-3.35206774248739,-1.31638786023495
"2023-08-02 15:00:00",-3.76723614746788,0.209682400849918
"2023-08-02 16:00:00",-3.41814607946354,0.430292849599981
"2023-08-02 17:00:00",-3.59498198910945,-0.568773834361335
"2023-08-02 18:00:00",-3.7013703948137,0.211551320783031
"2023-08-02 19:00:00",-2.85124746079233,1.24020241822938
"2023-08-02 20:00:00",-1.4393694251932,1.46290908009892
"2023-08-02 21:00:00",-0.0956846581899161,1.20220696441663
"2023-08-02 22:00:00",-0.191185525771681,-0.955963353729776
"2023-08-02 23:00:00",-0.419030616480035,0.268632289219769
"2023-08-03 00:00:00",0.0809606919185203,0.631008741699223
"2023-08-03 01:00:00",0.816580566936597,0.770298941995435
"2023-08-03 02:00:00",1.31034231091319,0.284891246669894
"2023-08-03 03:00:00",1.50008737633665,0.115610285620916
"2023-08-03 04:00:00",1.44985878161448,-0.160332154210056
"2023-08-03 05:00:00",1.42257444895286,0.0608409673451672
"2023-08-03 06:00:00",1.41206229384353,-0.0594136913941292
"2023-08-03 07:00:00",1.0109342295569,-0.61169202340515
"2023-08-03 08:00:00",0.182962203272889,-0.934114243566504
"2023-08-03 09:00:00",-0.549704909605799,-0.563791190816609
"2023-08-03 10:00:00",-0.734912228367869,0.0766869413667913
"2023-08-03 11:00:00",-0.670536957119622,0.054055563152995
"2023-08-03 12:00:00",-1.17442242396353,-0.851031498995877
"2023-08-03 13:00:00",-2.88749225312206,-2.20483499818929
"2023-08-03 14:00:00",-3.39449045480231,0.652686893867618
"2023-08-03 15:00:00",-4.12377688400668,-1.61155705012393
"2023-08-03 16:00:00",-3.71773726795487,1.73710045396398
"2023-08-03 17:00:00",-3.20929036846149,-0.330012028594601
"2023-08-03 18:00:00",-2.73294503614849,0.995407669285813
"2023-08-03 19:00:00",-1.79586094938018,0.857194383539991
"2023-08-03 20:00:00",-1.08087241611342,0.588524579328353
"2023-08-03 21:00:00",-0.512064976557729,0.530026345563346
"2023-08-03 22:00:00",-0.178660604934487,0.187141955562265
"2023-08-03 23:00:00",0.0304661124028989,0.214075631429576
"2023-08-04 00:00:00",-0.0324606011086355,-0.244640842179182
"2023-08-04 01:00:00",0.0291483093889276,0.262886172507
"2023-08-04 02:00:00",0.366925196287232,0.371614684599399
"2023-08-04 03:00:00",0.866194917684329,0.560173845672527
"2023-08-04 04:00:00",0.939851284685106,-0.255299412192654
"2023-08-04 05:00:00",0.268332169311882,-0.918295156740181
"2023-08-04 06:00:00",-0.660579150396468,-0.892193144830468
"2023-08-04 07:00:00",-1.43983332136759,-0.666081918216675
"2023-08-04 08:00:00",-2.1579181711466,-0.716774591109285
"2023-08-04 09:00:00",-2.81388783685537,-0.581481793424499
"2023-08-04 10:00:00",-3.07531826517529,-0.0320174901823609
"2023-08-04 11:00:00",-3.10005523338495,-0.0147450424134718
"2023-08-04 12:00:00",-4.23988078517999,-1.83170804574805
"2023-08-04 13:00:00",-4.84103627784421,0.253229017831646
"2023-08-04 14:00:00",-4.48317513285798,0.416847523527496
"2023-08-04 15:00:00",-3.89326480767519,0.683028415727882
"2023-08-04 16:00:00",-3.3730191959142,0.392020684607297
"2023-08-04 17:00:00",-2.73850093321874,0.770375138789891
"2023-08-04 18:00:00",-2.58344421496666,-0.258988000456217
"2023-08-04 19:00:00",-3.34761021024893,-1.06130393810577
"2023-08-04 20:00:00",-3.69850107295706,0.143697669509482
"2023-08-04 21:00:00",-3.39038859475246,0.407845062583939
"2023-08-04 22:00:00",-3.02142159463727,0.32988449539729
"2023-08-04 23:00:00",-3.4779496981968,-0.955206991073857
"2023-08-05 00:00:00",-3.06100827699147,1.31636044283889
"2023-08-05 01:00:00",-2.52189823774461,-0.000721894672089829
"2023-08-05 02:00:00",-2.08530115261326,0.710641035742831
"2023-08-05 03:00:00",-1.68492303416829,0.177201070509135
"2023-08-05 04:00:00",-1.96900060982104,-0.575921104535619
"2023-08-05 05:00:00",-2.26360834079861,-0.09053183772693
"2023-08-05 06:00:00",-2.40592321318563,-0.167156724597449
"2023-08-05 07:00:00",-2.51638286103228,-0.0643130022143363
"2023-08-05 08:00:00",-2.76219028247958,-0.351878444168962
"2023-08-05 09:00:00",-3.09999850875931,-0.308816463487138
"2023-08-05 10:00:00",-3.32495641233244,-0.154368642785374
"2023-08-05 11:00:00",-3.37808840076552,0.0211672954649073
"2023-08-05 12:00:00",-3.86557366069081,-0.799063252951803
"2023-08-05 13:00:00",-4.34867750229085,-0.244529850610553
"2023-08-05 14:00:00",-4.40397478635397,0.0790870052642371
"2023-08-05 15:00:00",-4.34790588853375,0.0437343371083227
"2023-08-05 16:00:00",-4.1472258416706,0.301375256454463
"2023-08-05 17:00:00",-3.72731831765825,0.484318060959977
"2023-08-05 18:00:00",-3.45312609460488,0.125884267951588
"2023-08-05 19:00:00",-3.19597404427633,0.336892408496865
"2023-08-05 20:00:00",-2.78538548320346,0.444325912367416
"2023-08-05 21:00:00",-2.43035254972683,0.2822235863494
"2023-08-05 22:00:00",-2.22638230969576,0.145241431697651
"2023-08-05 23:00:00",-2.10907875271194,0.095973339058712
"2023-08-06 00:00:00",-1.83492621154997,0.382626864336031
"2023-08-06 01:00:00",-1.53116249764674,0.239118990846203
"2023-08-06 02:00:00",-1.10964564427594,0.525056211500337
"2023-08-06 03:00:00",-0.635458556775583,0.419171730585636
"2023-08-06 04:00:00",-0.529145192629869,-0.106488446706517
"2023-08-06 05:00:00",-0.884179665470417,-0.503176157450745
"2023-08-06 06:00:00",-1.96057959279515,-1.40625346220358
"2023-08-06 07:00:00",-3.41902636702123,-1.42141087956832
"2023-08-06 08:00:00",-4.90709438992436,-1.45738758853195
"2023-08-06 09:00:00",-5.93021567994827,-0.678673993552964
"2023-08-06 10:00:00",-6.64152591541588,-0.691624706855544
"2023-08-06 11:00:00",-7.43260464698875,-0.811230499283396
"2023-08-06 12:00:00",-8.53828135207318,-1.23985218782181
"2023-08-06 13:00:00",-9.24211456222238,-0.302045173969641
"2023-08-06 14:00:00",-9.29201599089265,0.132472191370279
"2023-08-06 15:00:00",-9.64268163195519,-0.644115025423179
"2023-08-06 16:00:00",-9.95462640757373,-0.0632527543646833
"2023-08-06 17:00:00",-9.45448550376046,0.864791438436841
"2023-08-06 18:00:00",-8.52920269705091,0.933823868232681
"2023-08-06 19:00:00",-7.47465394754045,1.09590985741066
"2023-08-06 20:00:00",-6.35722617735192,1.08830515993437
"2023-08-06 21:00:00",-5.45143571812929,0.749265363247724
"2023-08-06 22:00:00",-4.85040022792483,0.480681122093736
"2023-08-06 23:00:00",-4.56794272743352,0.143138659867683
"2023-08-07 00:00:00",-4.13945439147589,0.604242977239744
"2023-08-07 01:00:00",-3.52762652502971,0.593144789699938
"2023-08-07 02:00:00",-2.73144627832991,0.898246639711199
"2023-08-07 03:00:00",-2.33876790651255,0.0404984654191183
"2023-08-07 04:00:00",-2.58764693948449,-0.426953805086744
"2023-08-07 05:00:00",-2.83223211234108,-0.108051179869292
"2023-08-07 06:00:00",-3.33808617787953,-0.743364042627182
"2023-08-07 07:00:00",-4.39210968132439,-1.20673834569487
"2023-08-07 08:00:00",-5.70154121178533,-1.31000949783101
"2023-08-07 09:00:00",-7.082808206696,-1.35578728868251
"2023-08-07 10:00:00",-7.66585347986925,-0.0310598286431594
"2023-08-07 11:00:00",-7.65991045282681,0.0402069569433745
"2023-08-07 12:00:00",-7.30455495973809,0.558435226971247
"2023-08-07 13:00:00",-7.54018779091002,-0.744392846189407
"2023-08-07 14:00:00",-7.44090282863279,0.66672561887526
"2023-08-07 15:00:00",-6.75332516473574,0.678393858525102
"2023-08-07 16:00:00",-6.30156831501238,0.287903175822551
"2023-08-07 17:00:00",-6.22721712764488,-0.0634273445693874
"2023-08-07 18:00:00",-6.37055407050654,-0.181773463244899
"2023-08-07 19:00:00",-6.21290996166208,0.384636585298977
"2023-08-07 20:00:00",-5.65648330437983,0.652516326874811
"2023-08-07 21:00:00",-5.27280637661625,0.193510531248089
"2023-08-07 22:00:00",-5.05242042364876,0.234624514313462
"2023-08-07 23:00:00",-4.96168343153382,-0.00298763713159372
"2023-08-08 00:00:00",-4.84201822962873,0.202139568717379
"2023-08-08 01:00:00",-4.6676443489894,0.153817003826821
"2023-08-08 02:00:00",-4.46102049117254,0.238023905097199
"2023-08-08 03:00:00",-4.23315420603504,0.216015045191643
"2023-08-08 04:00:00",-4.15935861541278,-0.0190676707154592
"2023-08-08 05:00:00",-4.09560984284813,0.121289231821086
"2023-08-08 06:00:00",-4.21364386663824,-0.26669367687191
"2023-08-08 07:00:00",-4.82260442658677,-0.802767525885418
"2023-08-08 08:00:00",-5.45780321636781,-0.487089562870829
"2023-08-08 09:00:00",-5.55686865279967,0.171353367428001
"2023-08-08 10:00:00",-5.44154597185798,0.0796500187023732
"2023-08-08 11:00:00",-5.37984813178555,0.0538100341206229
"2023-08-08 12:00:00",-7.72036928693843,-3.81856244549794
"2023-08-08 13:00:00",-7.77500918897686,2.46714424791908
"2023-08-08 14:00:00",-6.19932223599531,0.916535351412954
"2023-08-08 15:00:00",-5.78435597713524,0.068862008067583
"2023-08-08 16:00:00",-6.50456227765593,-1.204565507529
"2023-08-08 17:00:00",-7.74680419203075,-1.19994680625378
"2023-08-08 18:00:00",-7.52942825551989,1.16189472006763
"2023-08-08 19:00:00",-6.50520422879925,0.893477037594989
"2023-08-08 20:00:00",-7.30179571952526,-1.8770486963122
"2023-08-08 21:00:00",-7.45427516017492,1.01386874154253
"2023-08-08 22:00:00",-6.82666154817248,0.349896297884628
"2023-08-08 23:00:00",-6.17999794795248,0.822572890532714
"2023-08-09 00:00:00",-5.34914341264557,0.804857383440603
"2023-08-09 01:00:00",-5.14270377419672,-0.195415774565979
"2023-08-09 02:00:00",-4.61245511492963,0.995446557872232
"2023-08-09 03:00:00",-3.87271094526462,0.540070215670089
"2023-08-09 04:00:00",-3.7347997176537,-0.131753325073774
"2023-08-09 05:00:00",-3.88942966445648,-0.15772020771395
"2023-08-09 06:00:00",-4.04026829081313,-0.134071326326744
"2023-08-09 07:00:00",-4.6094839589852,-0.827051955614152
"2023-08-09 08:00:00",-5.48541579545198,-0.860954393835916
"2023-08-09 09:00:00",-6.20310809085066,-0.581013085368981
"2023-08-09 10:00:00",-6.16388878152367,0.458830201917989
"2023-08-09 11:00:00",-6.01337849711637,-0.0542422431105068
"2023-08-09 12:00:00",-6.67226280833317,-1.02291363447875
"2023-08-09 13:00:00",-6.42721244501097,1.08729861372407
"2023-08-09 14:00:00",-5.77243496628341,0.343602404525957
"2023-08-09 15:00:00",-5.40789347191162,0.368616208615784
"2023-08-09 16:00:00",-6.54479849340211,-2.07957528507106
"2023-08-09 17:00:00",-7.025441480713,0.616567296801881
"2023-08-09 18:00:00",-6.37062481813614,0.658252294950581
"2023-08-09 19:00:00",-6.50505303956034,-0.648275860558008
"2023-08-09 20:00:00",-7.07723145594791,-0.48587571123314
"2023-08-09 21:00:00",-7.07146024270562,0.342375732230733
"2023-08-09 22:00:00",-6.7489019311264,0.303131410475031
"2023-08-09 23:00:00",-6.52798226898451,0.164311402047237
"2023-08-10 00:00:00",-6.09542097113821,0.599248432267399
"2023-08-10 01:00:00",-5.82765392178537,0.0419136125883237
"2023-08-10 02:00:00",-5.38133434283181,0.702219667381662
"2023-08-10 03:00:00",-4.6557795039094,0.713567821303815
"2023-08-10 04:00:00",-4.76317379458137,-0.643590385257641
"2023-08-10 05:00:00",-4.63544534010543,0.64200054971746
"2023-08-10 06:00:00",-4.21271833553576,0.26243261228488
"2023-08-10 07:00:00",-4.27634294273787,-0.272540520073443
"2023-08-10 08:00:00",-4.60250818039546,-0.340904805490305
"2023-08-10 09:00:00",-5.05712407991793,-0.502888186270502
"2023-08-10 10:00:00",-5.81260543447555,-0.881457376001583
"2023-08-10 11:00:00",-5.89933840899239,0.454685926993917
"2023-08-10 12:00:00",-5.50217510077797,0.347544460852474
"2023-08-10 13:00:00",-5.20331337219712,0.259295484202593
"2023-08-10 14:00:00",-4.9596264734036,0.228406473316698
"2023-08-10 15:00:00",-4.98370775056159,-0.184868317798772
"2023-08-10 16:00:00",-4.82797743738114,0.381814007122385
"2023-08-10 17:00:00",-4.31196439281669,0.587178259126928
"2023-08-10 18:00:00",-4.57674086971551,-0.814598309778639
"2023-08-10 19:00:00",-4.41866610276557,0.804898476282111
"2023-08-10 20:00:00",-5.50330915999638,-2.28708069615511
"2023-08-10 21:00:00",-6.33564751946405,0.184117188875644
"2023-08-10 22:00:00",-6.32823294011912,-0.102573416497794
"2023-08-10 23:00:00",-6.54569524903793,-0.275565406092616
"2023-08-11 00:00:00",-6.26852550804843,0.640917434196319
"2023-08-11 01:00:00",-6.24944569821828,-0.388300661681188
"2023-08-11 02:00:00",-6.58825758793701,-0.281666801248598
"2023-08-11 03:00:00",-6.22272827398232,0.788105976525552
"2023-08-11 04:00:00",-5.12313008217534,1.26302253829834
"2023-08-11 05:00:00",-4.13658162428494,0.761957015667621
"2023-08-11 06:00:00",-3.64679034493891,0.290406337720845
"2023-08-11 07:00:00",-3.45561858206671,0.120631377241761
"2023-08-11 08:00:00",-2.51136697026197,1.45290514841646
"2023-08-11 09:00:00",-1.36395053319831,0.892472385096996
"2023-08-11 10:00:00",-0.518162232023049,0.776232369150696
"2023-08-11 11:00:00",-0.274511955223174,-0.122308850262511
"2023-08-11 12:00:00",-0.597706585586057,-0.441404483050175
"2023-08-11 13:00:00",0.111057417575961,1.44262021967285
"2023-08-11 14:00:00",0.885100787845009,0.291407856404422
"2023-08-11 15:00:00",0.964116755242302,-0.0674715558568826
"2023-08-11 16:00:00",1.08138325153719,0.233608329883294
"2023-08-11 17:00:00",1.55668285921524,0.612445003875881
"2023-08-11 18:00:00",1.16856919063541,-1.03870452634224
"2023-08-11 19:00:00",0.0758506429038617,-1.07830781653862
"2023-08-11 20:00:00",-0.319453037292088,0.0787115467695221
"2023-08-11 21:00:00",-0.103414978470149,0.297733174792568
"2023-08-11 22:00:00",0.327845989297431,0.499918007181293
"2023-08-11 23:00:00",0.646264781562074,0.181867844549137
"2023-08-12 00:00:00",1.05296267679295,0.536423264487054
"2023-08-12 01:00:00",1.15361861636827,-0.195990646370812
"2023-08-12 02:00:00",1.24546843318769,0.277889021763002
"2023-08-12 03:00:00",1.65970832722846,0.483849619687114
"2023-08-12 04:00:00",1.87775277060427,0.0283439643599406
"2023-08-12 05:00:00",2.02042843047454,0.209695981584339
"2023-08-12 06:00:00",2.34330288568375,0.380379193170919
"2023-08-12 07:00:00",2.6222319166664,0.195022635068396
"2023-08-12 08:00:00",2.60992226839491,-0.153322883176064
"2023-08-12 09:00:00",2.02337349034356,-0.850851870840281
"2023-08-12 10:00:00",1.49755820075723,-0.28674880543695
"2023-08-12 11:00:00",1.10926864291132,-0.439460724824446
"2023-08-12 12:00:00",0.961840134213116,0.0528326523578444
"2023-08-12 13:00:00",0.98564941987104,0.00208987676183485
"2023-08-12 14:00:00",1.40915770203168,0.683054189953448
"2023-08-12 15:00:00",2.75511596877846,1.7221119384462
"2023-08-12 16:00:00",4.16988708239422,1.13910145083743
"2023-08-12 17:00:00",4.79689670848373,0.250452456622912
"2023-08-12 18:00:00",2.62184279871612,-3.69485490631283
"2023-08-12 19:00:00",1.26252663649459,0.25889867232844
"2023-08-12 20:00:00",1.76494803051905,0.639265501744623
"2023-08-12 21:00:00",2.15803690759982,0.208020267478193
"2023-08-12 22:00:00",2.67615021529729,0.697437256990579
"2023-08-12 23:00:00",3.12579817447781,0.259642429931867
"2023-08-13 00:00:00",3.37001566103268,0.218301416957654
"2023-08-13 01:00:00",3.47673077525861,0.0229118825714825
"2023-08-13 02:00:00",3.50984230339629,0.0338576381849628
"2023-08-13 03:00:00",3.36817414479431,-0.256474165328512
"2023-08-13 04:00:00",2.41730844372626,-1.37294125087861
"2023-08-13 05:00:00",1.46340685992631,-0.632332672845311
"2023-08-13 06:00:00",1.10467866493894,-0.161167500718624
"2023-08-13 07:00:00",0.918967819229696,-0.19467142311061
"2023-08-13 08:00:00",0.88321173104607,0.0707006052823417
"2023-08-13 09:00:00",0.777877271298014,-0.218821862189358
"2023-08-13 10:00:00",0.76841971680991,0.129563338000927
"2023-08-13 11:00:00",1.05489643551123,0.376480498352143
"2023-08-13 12:00:00",1.68311526693403,0.76482965877954
"2023-08-13 13:00:00",2.1987909224236,0.322902364796311
"2023-08-13 14:00:00",2.48580883662983,0.246623092484331
"2023-08-13 15:00:00",2.4480751596268,-0.228711773305204
"2023-08-13 16:00:00",2.25283635141028,-0.166800831838884
"2023-08-13 17:00:00",1.98963447448103,-0.317863964637257
"2023-08-13 18:00:00",1.29336521138798,-0.918012762552216
"2023-08-13 19:00:00",1.11687235324445,0.32456558758975
"2023-08-13 20:00:00",1.84669543651226,0.963870257677961
"2023-08-13 21:00:00",2.13102195831197,-0.184585631808403
"2023-08-13 22:00:00",2.08277948206409,0.0421978495576858
"2023-08-13 23:00:00",2.73641088933237,1.02750288110186
"2023-08-14 00:00:00",2.62828185502471,-0.863592080204157
"2023-08-14 01:00:00",2.45772669229223,0.296179515041903
"2023-08-14 02:00:00",3.05881150271333,0.772621390208586
"2023-08-14 03:00:00",2.6851221331229,-1.12406771227849
"2023-08-14 04:00:00",1.66905104642106,-0.899251545576867
"2023-08-14 05:00:00",1.45776383691462,0.255237425845949
"2023-08-14 06:00:00",1.88419132132132,0.518410232085067
"2023-08-14 07:00:00",2.41331607100901,0.508696011895317
"2023-08-14 08:00:00",2.83570838420222,0.341675887204763
"2023-08-14 09:00:00",3.06964870889262,0.147347055575023
"2023-08-14 10:00:00",3.47824045036819,0.559380367350953
"2023-08-14 11:00:00",3.98023282463602,0.435397958716943
"2023-08-14 12:00:00",5.30679446829395,1.85249445299863
"2023-08-14 13:00:00",6.43671518914749,0.587681626800627
"2023-08-14 14:00:00",6.96095890564761,0.44874644385818
"2023-08-14 15:00:00",7.32916766701172,0.288050975972148
"2023-08-14 16:00:00",6.62735151232165,-1.33781089674859
"2023-08-14 17:00:00",6.41173855629423,0.534212166013115
"2023-08-14 18:00:00",5.77152997551356,-1.40098234349744
"2023-08-14 19:00:00",4.41426347821082,-1.2710638295308
"2023-08-14 20:00:00",3.90711752085756,0.0205350612073487
"2023-08-14 21:00:00",4.01629778706341,0.15805319948523
"2023-08-14 22:00:00",3.77036496299132,-0.508741099522323
"2023-08-14 23:00:00",3.7463896091421,0.295477162402673
"2023-08-15 00:00:00",4.93914156055778,1.72941864116012
"2023-08-15 01:00:00",5.89766156300216,0.392683456711443
"2023-08-15 02:00:00",6.11206053154162,0.0777568508058436
"2023-08-15 03:00:00",5.79161053359517,-0.578565137889655
"2023-08-15 04:00:00",5.21874981724833,-0.549298904058292
"2023-08-15 05:00:00",4.95552600024233,-0.0667269491053367
"2023-08-15 06:00:00",4.96240321191682,0.049233352499759
"2023-08-15 07:00:00",5.09837227108441,0.180936192316374
"2023-08-15 08:00:00",5.56355321069765,0.625999393786311
"2023-08-15 09:00:00",6.17716521354881,0.569026263462965
"2023-08-15 10:00:00",7.09866223540016,1.10472473945296
"2023-08-15 11:00:00",8.14135860446271,0.942649254915253
"2023-08-15 12:00:00",8.08788228594,-0.725498563200005
"2023-08-15 13:00:00",7.73016408071125,-0.105958916847291
"2023-08-15 14:00:00",7.6436854287831,-0.079343674092108
"2023-08-15 15:00:00",7.81729475195849,0.324142379778477
"2023-08-15 16:00:00",7.63509287306747,-0.521174225497411
"2023-08-15 17:00:00",7.09190588706086,-0.541888562523979
"2023-08-15 18:00:00",6.04197824488677,-1.34786134686755
"2023-08-15 19:00:00",5.47291286254348,-0.0306208981682389
"2023-08-15 20:00:00",6.048472727676,0.945270933627947
"2023-08-15 21:00:00",5.08148831840325,-2.20364330457945
"2023-08-15 22:00:00",4.01845265151143,-0.258676645975968
"2023-08-15 23:00:00",4.28461430341872,0.598221942465231
"2023-08-16 00:00:00",4.55873043465109,0.0395022865463685
"2023-08-16 01:00:00",4.86897744521205,0.470123342249977
"2023-08-16 02:00:00",4.91903977304722,-0.238626685622328
"2023-08-16 03:00:00",5.10662338841499,0.456466505034186
"2023-08-16 04:00:00",4.85334308152056,-0.720981502062942
"2023-08-16 05:00:00",4.40919957021428,-0.244736554354299
"2023-08-16 06:00:00",4.30076801250874,-0.0180921740346459
"2023-08-16 07:00:00",4.17659026142505,-0.194541377175171
"2023-08-16 08:00:00",3.79148386868121,-0.499229515882514
"2023-08-16 09:00:00",3.54355428210915,-0.0735033684359293
"2023-08-16 10:00:00",3.47511653392278,-0.0663748159461374
"2023-08-16 11:00:00",3.56245891658098,0.181190308193197
"2023-08-16 12:00:00",3.7604438958581,0.195182549320434
"2023-08-16 13:00:00",3.99709786009132,0.24820977074088
"2023-08-16 14:00:00",4.22292617512388,0.195025737601466
"2023-08-16 15:00:00",4.26817711566409,-0.0621891755613219
"2023-08-16 16:00:00",4.22573051365771,-0.0327680280806139
"2023-08-16 17:00:00",4.09023170467019,-0.202991279749022
"2023-08-16 18:00:00",3.87134118469191,-0.224358952178549
"2023-08-16 19:00:00",3.39009217534141,-0.634626101193867
"2023-08-16 20:00:00",3.28950022050295,0.255836395927231
"2023-08-16 21:00:00",3.24049211284531,-0.254144341908483
"2023-08-16 22:00:00",3.04946569817413,-0.14404673967013
"2023-08-16 23:00:00",2.90326258724838,-0.144622717820233
"2023-08-17 00:00:00",3.170025721081,0.52459818628247
"2023-08-17 01:00:00",3.48613604195995,0.158014520411016
"2023-08-17 02:00:00",3.87770914159055,0.524176664331185
"2023-08-17 03:00:00",3.94516281932316,-0.24522531894915
"2023-08-17 04:00:00",3.40917854673723,-0.709434388624818
"2023-08-17 05:00:00",2.6751891983145,-0.719873395380152
"2023-08-17 06:00:00",2.13548715744497,-0.397390778785099
"2023-08-17 07:00:00",1.56117307130147,-0.667721706384379
"2023-08-17 08:00:00",1.31108211214641,0.0381972716003965
"2023-08-17 09:00:00",1.56754944910903,0.38810163547466
"2023-08-17 10:00:00",1.82974648227682,0.163782679146949
"2023-08-17 11:00:00",2.16445484547495,0.43039396265222
"2023-08-17 12:00:00",1.18487789616927,-1.87578190192761
"2023-08-17 13:00:00",0.853180132417449,0.711909490339751
"2023-08-17 14:00:00",1.11258649051828,-0.0556835229891506
"2023-08-17 15:00:00",1.96852328400415,1.42156615352421
"2023-08-17 16:00:00",3.06899331903551,0.831579316691509
"2023-08-17 17:00:00",3.4634175766105,0.0802950011804086
"2023-08-17 18:00:00",2.74678175103509,-1.21832293014304
"2023-08-17 19:00:00",2.29537474975477,0.0777727182677461
"2023-08-17 20:00:00",2.61170212349657,0.457371637968122
"2023-08-17 21:00:00",2.85916424414913,0.092400139977839
"2023-08-17 22:00:00",3.03887837688607,0.225698270227434
"2023-08-17 23:00:00",3.24254829158842,0.175390443808609
"2023-08-18 00:00:00",3.53380728816381,0.350484618244656
"2023-08-18 01:00:00",4.02720579539117,0.560673193449411
"2023-08-18 02:00:00",4.41772947375112,0.253345712460587
"2023-08-18 03:00:00",4.64947292126332,0.200637214443721
"2023-08-18 04:00:00",4.37245918524701,-0.588270094029863
"2023-08-18 05:00:00",4.20560198818303,0.116374598287257
"2023-08-18 06:00:00",4.29284920011357,0.0582640308837376
"2023-08-18 07:00:00",4.32225464997437,0.00323764631678095
"2023-08-18 08:00:00",4.51489379872716,0.304180954752639
"2023-08-18 09:00:00",4.90848502031606,0.428675983812454
"2023-08-18 10:00:00",5.45956194065734,0.600164291323204
"2023-08-18 11:00:00",6.04672629713032,0.543561039234447
"2023-08-18 12:00:00",6.99463200377965,1.16462860475574
"2023-08-18 13:00:00",7.48758429141915,0.0127376202320879
"2023-08-18 14:00:00",7.66971880800498,0.276760487426195
"2023-08-18 15:00:00",6.79465715337104,-1.61123089639173
"2023-08-18 16:00:00",5.91256589423426,-0.36284554363795
"2023-08-18 17:00:00",5.84148377007075,0.119182403105669
"2023-08-18 18:00:00",5.0066053541653,-1.43876263107735
"2023-08-18 19:00:00",3.60482593337934,-1.31696419699868
"2023-08-18 20:00:00",3.017360382129,-0.0778705224418714
"2023-08-18 21:00:00",3.02603697722656,0.0620732340837403
"2023-08-18 22:00:00",3.0542604874174,0.000416908064323745
"2023-08-18 23:00:00",3.24323423283398,0.301760560251805
"2023-08-19 00:00:00",4.39655096645721,1.66202716171623
"2023-08-19 01:00:00",4.9764044781959,-0.174803030856477
"2023-08-19 02:00:00",4.96330284323339,0.0889074808003952
"2023-08-19 03:00:00",5.0120103405215,0.0131977220765795
"2023-08-19 04:00:00",4.81043271146575,-0.341638390527505
"2023-08-19 05:00:00",4.73928221371412,0.106354037994276
"2023-08-19 06:00:00",4.96290539804293,0.285067844760751
"2023-08-19 07:00:00",5.41426011884869,0.534367499007878
"2023-08-19 08:00:00",6.31287748299632,1.09176798960241
"2023-08-19 09:00:00",7.37116498266403,0.977543662293285
"2023-08-19 10:00:00",8.2648819393372,0.78586612484902
"2023-08-19 11:00:00",8.94532681753446,0.56718084143868
"2023-08-19 12:00:00",9.40552605691814,0.355484096162327
"2023-08-19 13:00:00",9.66313964909716,0.168006140627214
"2023-08-19 14:00:00",9.82673665101869,0.140431721760145
"2023-08-19 15:00:00",10.0887336999899,0.317926608529649
"2023-08-19 16:00:00",10.3743698301238,0.237535964930926
"2023-08-19 17:00:00",10.3694403016371,-0.179704577083795
"2023-08-19 18:00:00",9.34819912703648,-1.54708937723351
"2023-08-19 19:00:00",8.22120162053894,-0.80543284687787
"2023-08-19 20:00:00",7.3513778963588,-0.882010590139314
"2023-08-19 21:00:00",7.12168923044113,0.206626967091268
"2023-08-19 22:00:00",7.38785122538702,0.284026517680259
"2023-08-19 23:00:00",7.11747236308533,-0.636647921994362
"2023-08-20 00:00:00",7.39975159311039,0.872301700277298
"2023-08-20 01:00:00",8.21691875465962,0.732044878001264
"2023-08-20 02:00:00",8.35592197513913,-0.273544828249014
"2023-08-20 03:00:00",8.22371938461787,-0.0424612480294568
"2023-08-20 04:00:00",8.0311366350004,-0.294107698790912
"2023-08-20 05:00:00",7.59001271688296,-0.528520036258213
"2023-08-20 06:00:00",7.20434399641978,-0.281889848027782
"2023-08-20 07:00:00",6.74646465309088,-0.562729043721666
"2023-08-20 08:00:00",6.13440054457454,-0.624562167490806
"2023-08-20 09:00:00",5.56875736843748,-0.507390274481957
"2023-08-20 10:00:00",5.95252059426588,0.952443454534086
"2023-08-20 11:00:00",6.68129422885519,0.53736169604646
"2023-08-20 12:00:00",6.8586904525049,-0.0796159410237467
"2023-08-20 13:00:00",7.0662460727866,0.380299102033987
"2023-08-20 14:00:00",7.37153954696337,0.231677684265261
"2023-08-20 15:00:00",7.34724907489785,-0.203277690088566
"2023-08-20 16:00:00",7.17141116872117,-0.158656955143509
"2023-08-20 17:00:00",6.83104142669654,-0.454576449239642
"2023-08-20 18:00:00",6.06623020800372,-0.944090013594443
"2023-08-20 19:00:00",5.06629592368237,-0.997463851945905
"2023-08-20 20:00:00",4.46020445957137,-0.322908281138149
"2023-08-20 21:00:00",4.20424156533227,-0.204917598863263
"2023-08-20 22:00:00",3.89321108942564,-0.372408796745961
"2023-08-20 23:00:00",3.52446370489008,-0.353800620507092
"2023-08-21 00:00:00",3.81101284585687,0.69528352331884
"2023-08-21 01:00:00",4.26828146096547,0.271954727683543
"2023-08-21 02:00:00",4.80710883655201,0.68563464611432
"2023-08-21 03:00:00",5.82032150364407,1.17725268722408
"2023-08-21 04:00:00",5.90567875961304,-0.654116884832955
"2023-08-21 05:00:00",5.18903822052116,-0.731878004554515
"2023-08-21 06:00:00",5.07569381865802,0.29770384122285
"2023-08-21 07:00:00",5.34894972334692,0.237432094038075
"2023-08-21 08:00:00",5.71020148676164,0.419737728845917
"2023-08-21 09:00:00",6.03707614212861,0.242075972317498
"2023-08-21 10:00:00",5.96183382313039,-0.290988152623657
"2023-08-21 11:00:00",5.33318082461996,-0.831568295769567
"2023-08-21 12:00:00",5.05863881992956,0.102976322338128
"2023-08-21 13:00:00",5.05824018905928,-0.0758136982147107
"2023-08-21 14:00:00",5.00406558313942,-0.0436924721776714
"2023-08-21 15:00:00",5.07752793441495,0.141625145313198
"2023-08-21 16:00:00",5.24104197721089,0.163793431745115
"2023-08-21 17:00:00",5.15902168404897,-0.248749370826856
"2023-08-21 18:00:00",4.42456990408202,-1.0299951268265
"2023-08-21 19:00:00",3.57468443723828,-0.695129861084539
"2023-08-21 20:00:00",3.07976428716542,-0.342537301874532
"2023-08-21 21:00:00",2.74209566349618,-0.322345667985956
"2023-08-21 22:00:00",2.46891817371487,-0.230951492424426
"2023-08-21 23:00:00",2.20161282008094,-0.28202010988955
"2023-08-22 00:00:00",2.32088698623575,0.378294339079507
"2023-08-22 01:00:00",2.61601576284324,0.222670991235125
"2023-08-22 02:00:00",2.82647428690338,0.188945176643247
"2023-08-22 03:00:00",3.62286608293338,1.15986315212762
"2023-08-22 04:00:00",4.33515995732629,0.375403245084142
"2023-08-22 05:00:00",4.43924639762173,-0.0873207598356597
"2023-08-22 06:00:00",3.9885244369997,-0.67728770669657
"2023-08-22 07:00:00",3.3141384152501,-0.645544802777167
"2023-08-22 08:00:00",2.77140146915753,-0.452679607494351
"2023-08-22 09:00:00",2.52990654224348,-0.0928030528394165
"2023-08-22 10:00:00",2.61974609781674,0.204070090982537
"2023-08-22 11:00:00",2.13661679954112,-0.921672276938743
"2023-08-22 12:00:00",2.8171500629201,1.71356048927187
"2023-08-22 13:00:00",3.323286614494,-0.326480579119726
"2023-08-22 14:00:00",3.41314738578682,0.35886447914404
"2023-08-22 15:00:00",3.55678246122651,-0.0110723806109006
"2023-08-22 16:00:00",3.67739748647453,0.198090341693424
"2023-08-22 17:00:00",4.04343982630135,0.45587567005645
"2023-08-22 18:00:00",3.82281001749217,-0.666352006990893
"2023-08-22 19:00:00",2.81422263231647,-1.19373907783054
"2023-08-22 20:00:00",2.16338034945948,-0.26161599470176
"2023-08-22 21:00:00",2.0615051951667,0.0066702578076831
"2023-08-22 22:00:00",2.1166429418804,0.0821723026773987
"2023-08-22 23:00:00",2.17059800422706,0.0298524801394646
"2023-08-23 00:00:00",1.74252162953117,-0.715812224379174
"2023-08-23 01:00:00",0.852687073296473,-0.965808521909985
"2023-08-23 02:00:00",0.631893123535253,0.285267250396832
"2023-08-23 03:00:00",1.00744714748419,0.417083847907019
"2023-08-23 04:00:00",1.04886797961733,-0.21228342663552
"2023-08-23 05:00:00",1.19710661828743,0.380186846285562
"2023-08-23 06:00:00",1.88838077035501,0.86427069242556
"2023-08-23 07:00:00",2.8273066558577,0.941644658778287
"2023-08-23 08:00:00",3.81915188622708,0.974536609283789
"2023-08-23 09:00:00",4.46216075974248,0.386517409654044
"2023-08-23 10:00:00",4.79285938490731,0.272022224413813
"2023-08-23 11:00:00",4.67755917502061,-0.374207865445467
"2023-08-23 12:00:00",4.63165256477688,0.169111162306831
"2023-08-23 13:00:00",4.83465887764781,0.209987640958039
"2023-08-23 14:00:00",4.86292320661407,-0.100455520148141
"2023-08-23 15:00:00",4.61321340298426,-0.343611268963079
"2023-08-23 16:00:00",4.43503000722473,-0.0653774181984511
"2023-08-23 17:00:00",4.23311611264795,-0.289056814779141
"2023-08-23 18:00:00",3.70118376857816,-0.674024317428842
"2023-08-23 19:00:00",2.64861745919438,-1.25967542464731
"2023-08-23 20:00:00",1.65800776670914,-0.767575432122428
"2023-08-23 21:00:00",1.23129477572863,-0.181334580836028
"2023-08-23 22:00:00",1.0221088699435,-0.219399403069341
"2023-08-23 23:00:00",0.822341831735594,-0.178503300082831
"2023-08-24 00:00:00",2.08951635553086,2.1696684567402
"2023-08-24 01:00:00",1.43921270188923,-2.5020437993736
"2023-08-24 02:00:00",0.54724037349264,0.221921889443665
"2023-08-24 03:00:00",0.723270649121954,0.136366366668821
"2023-08-24 04:00:00",0.726545481545052,-0.0865389779949714
"2023-08-24 05:00:00",0.876626190695536,0.299756537514583
"2023-08-24 06:00:00",1.96957088597112,1.56866221225772
"2023-08-24 07:00:00",3.5696879641446,1.54251211865096
"2023-08-24 08:00:00",4.83529923461452,1.01627290823369
"2023-08-24 09:00:00",5.63606811702711,0.612819193241255
"2023-08-24 10:00:00",6.08070346100524,0.304123275249632
"2023-08-24 11:00:00",6.44844938043262,0.384849680562753
"2023-08-24 12:00:00",6.38252390685714,-0.371613868813206
"2023-08-24 13:00:00",6.41752525189314,0.296185836309546
"2023-08-24 14:00:00",6.79311198609407,0.402402535695885
"2023-08-24 15:00:00",7.06573928174457,0.164403283599654
"2023-08-24 16:00:00",7.31039157472679,0.277420127285979
"2023-08-24 17:00:00",7.47895943351065,0.0785705318791103
"2023-08-24 18:00:00",7.02676204904664,-0.794185903877541
"2023-08-24 19:00:00",6.44266097299622,-0.425345439873516
"2023-08-24 20:00:00",6.39881509972285,0.204264413083334
"2023-08-24 21:00:00",6.95629691826019,0.758219443838244
"2023-08-24 22:00:00",7.21649745976998,-0.0931348619881525
"2023-08-24 23:00:00",7.48061751075043,0.480436003141973
"2023-08-25 00:00:00",7.84257995084889,0.256141686702705
"2023-08-25 01:00:00",8.00295718686758,0.078808410950148
"2023-08-25 02:00:00",8.23549319163892,0.313656796980953
"2023-08-25 03:00:00",8.45950540807499,0.142993036141914
"2023-08-25 04:00:00",7.67030170869296,-1.38405610984016
"2023-08-25 05:00:00",6.67886366483994,-0.692468511559668
"2023-08-25 06:00:00",6.45117017760082,0.084364782800946
"2023-08-25 07:00:00",6.88454995708501,0.637145630915929
"2023-08-25 08:00:00",7.83807212643912,1.11025413324154
"2023-08-25 09:00:00",8.69002593805033,0.629172106022656
"2023-08-25 10:00:00",8.94397061016932,-0.0194679375066735
"2023-08-25 11:00:00",9.1834035954951,0.389127818643591
"2023-08-25 12:00:00",9.25415801323855,-0.156686825325208
"2023-08-25 13:00:00",8.5317445649702,-1.07715439746751
"2023-08-25 14:00:00",6.45487541465944,-2.6556368636469
"2023-08-25 15:00:00",2.52944777322323,-4.59372443748682
"2023-08-25 16:00:00",1.12619254875271,0.787110633707296
"2023-08-25 17:00:00",1.5449644331847,0.151865893161011
"2023-08-25 18:00:00",1.78934956677753,0.292459725279904
"2023-08-25 19:00:00",2.37445305586798,0.750086542702289
"2023-08-25 20:00:00",2.87753064446979,0.311442103694616
"2023-08-25 21:00:00",3.54930244848285,0.876357404215097
"2023-08-25 22:00:00",4.33156108143936,0.677781136502746
"2023-08-25 23:00:00",4.61091315773895,-0.00511906730049927
"2023-08-26 00:00:00",5.16016936622292,0.886791571260425
"2023-08-26 01:00:00",5.46515231708739,-0.104024869229564
"2023-08-26 02:00:00",5.63580180396876,0.338611102304828
"2023-08-26 03:00:00",5.67009857727679,-0.177468045599238
"2023-08-26 04:00:00",5.58966809933393,-0.0192243198654799
"2023-08-26 05:00:00",5.45327997650651,-0.215217749993731
"2023-08-26 06:00:00",5.40546482958494,0.0590297734380051
"2023-08-26 07:00:00",5.46696461102982,0.0532585370701156
"2023-08-26 08:00:00",5.19935599783736,-0.475844546883265
"2023-08-26 09:00:00",4.52516309671231,-0.781085555378839
"2023-08-26 10:00:00",2.8702579609951,-2.1646327486521
"2023-08-26 11:00:00",2.56697130333411,0.948303137374596
"2023-08-26 12:00:00",3.34889907863889,0.630548249574791
"2023-08-26 13:00:00",3.35377179804452,-0.416784172359602
"2023-08-26 14:00:00",3.17743657950758,-0.0119809462114881
"2023-08-26 15:00:00",2.47937717611616,-1.12636040372112
"2023-08-26 16:00:00",1.24328958284613,-1.25369464266836
"2023-08-26 17:00:00",0.671641739178477,-0.0913954262402063
"2023-08-26 18:00:00",0.454707071768804,-0.291182958241045
"2023-08-26 19:00:00",0.439920462648708,0.169591224252666
"2023-08-26 20:00:00",-0.0890537194651851,-0.970106944142934
"2023-08-26 21:00:00",-0.732180027248262,-0.394467200124722
"2023-08-26 22:00:00",-1.02461146436119,-0.209569107493168
"2023-08-26 23:00:00",-1.42738714774098,-0.511117937713936
"2023-08-27 00:00:00",-1.50344321352127,0.219433737686059
"2023-08-27 01:00:00",-0.970674767781464,0.718275234982845
"2023-08-27 02:00:00",-0.460562262596756,0.348350287646753
"2023-08-27 03:00:00",-1.45946137535262,-1.84898966903208
"2023-08-27 04:00:00",-2.37681500628834,-0.250800731291622
"2023-08-27 05:00:00",-2.25903959629648,0.360954824023664
"2023-08-27 06:00:00",-1.6125826927817,0.808980176594716
"2023-08-27 07:00:00",-0.268753292165501,1.63860957797625
"2023-08-27 08:00:00",1.0622758378229,1.06307563114196
"2023-08-27 09:00:00",1.25983854998412,-0.390193040160684
"2023-08-27 10:00:00",0.667394816787978,-0.700746125532223
"2023-08-27 11:00:00",-0.507255904236224,-1.43562313022597
"2023-08-27 12:00:00",-1.68739202442123,-0.953081369453602
"2023-08-27 13:00:00",-2.67550311836383,-0.962335078613821
"2023-08-27 14:00:00",-3.32427838159416,-0.405461896086829
"2023-08-27 15:00:00",-3.88502922805153,-0.633344892261661
"2023-08-27 16:00:00",-4.17509537246261,-0.0424275273425533
"2023-08-27 17:00:00",-3.94487768912104,0.406418296823954
"2023-08-27 18:00:00",-3.31909561999108,0.747368701505496
"2023-08-27 19:00:00",-2.72235468200954,0.472244353442828
"2023-08-27 20:00:00",-1.87250027642548,1.06471366261687
"2023-08-27 21:00:00",-0.901941779137675,0.864082028292609
"2023-08-27 22:00:00",-0.0670022194271201,0.776998022907123
"2023-08-27 23:00:00",0.355798833417619,0.166668837044676
"2023-08-28 00:00:00",0.149727087847808,-0.445227349118498
"2023-08-28 01:00:00",-0.520525308084719,-0.788609531600482
"2023-08-28 02:00:00",-1.1344060456785,-0.467554880030723
"2023-08-28 03:00:00",-1.64158064190861,-0.508024892195723
"2023-08-28 04:00:00",-2.18593609637669,-0.540592664767798
"2023-08-28 05:00:00",-2.80794353547437,-0.643908856041094
"2023-08-28 06:00:00",-2.95659743872419,0.192192723720187
"2023-08-28 07:00:00",-2.88144734195563,-0.00263822741240302
"2023-08-28 08:00:00",-2.76698361989575,0.190804146216981
"2023-08-28 09:00:00",-2.53705254249234,0.248654603134496
"2023-08-28 10:00:00",-2.67750992779657,-0.389917311372522
"2023-08-28 11:00:00",-3.09796767732358,-0.417387587690191
"2023-08-28 12:00:00",-4.00326117436473,-1.18354761006778
"2023-08-28 13:00:00",-4.43821735405751,0.0899237575758898
"2023-08-28 14:00:00",-4.39094344145033,0.0223138050670806
"2023-08-28 15:00:00",-3.9339364383476,0.730739039467985
"2023-08-28 16:00:00",-3.37367503752139,0.425057555348435
"2023-08-28 17:00:00",-2.87833291429717,0.52300667310912
"2023-08-28 18:00:00",-2.96703594901817,-0.488578491977838
"2023-08-28 19:00:00",-2.69523498698945,0.769619528415403
"2023-08-28 20:00:00",-2.30390097077103,0.124025066551256
"2023-08-28 21:00:00",-2.07617839591328,0.289000644394839
"2023-08-28 22:00:00",-1.6327842992771,0.527926876196799
"2023-08-28 23:00:00",-1.07055578583669,0.560483146063183
"2023-08-29 00:00:00",-0.882430431914194,-0.067669058730255
"2023-08-29 01:00:00",-0.766466471232666,0.234010466556711
"2023-08-29 02:00:00",-0.404219215841926,0.431510910878873
"2023-08-29 03:00:00",0.00519882860850682,0.375755308707459
"2023-08-29 04:00:00",0.00632320423288196,-0.248685485119413
"2023-08-29 05:00:00",-0.562825412793719,-0.755749663793051
"2023-08-29 06:00:00",-1.59259288887917,-1.16278378550551
"2023-08-29 07:00:00",-3.05429521111043,-1.58946661374333
"2023-08-29 08:00:00",-4.5287239417555,-1.32373844839018
"2023-08-29 09:00:00",-5.52167052287297,-0.719402521558312
"2023-08-29 10:00:00",-6.64824572206227,-1.33736973070027
"2023-08-29 11:00:00",-7.61209218913888,-0.660466903861793
"2023-08-29 12:00:00",-7.57272269144248,0.513857304692605
"2023-08-29 13:00:00",-7.25792248206851,0.176896797141266
"2023-08-29 14:00:00",-7.49878414324618,-0.49856447177687
"2023-08-29 15:00:00",-7.73461737451781,-0.039812488693231
"2023-08-29 16:00:00",-7.62743589688587,0.210049397385949
"2023-08-29 17:00:00",-7.24388176181896,0.490824438895824
"2023-08-29 18:00:00",-6.5214180792941,0.851890658222865
"2023-08-29 19:00:00",-5.42023150934777,1.22345682691673
"2023-08-29 20:00:00",-4.34205808163837,0.937069844562315
"2023-08-29 21:00:00",-3.47944899321639,0.777573951486458
"2023-08-29 22:00:00",-2.89539297260398,0.431775884478932
"2023-08-29 23:00:00",-2.48429110805797,0.381515112081348
"2023-08-30 00:00:00",-2.48906754916579,-0.258871568217994
"2023-08-30 01:00:00",-2.37248501361455,0.364548513132258
"2023-08-30 02:00:00",-1.91505902980588,0.500663835657839
"2023-08-30 03:00:00",-1.33906843396344,0.601304620604067
"2023-08-30 04:00:00",-1.390065425383,-0.481708516972189
"2023-08-30 05:00:00",-1.83660326679424,-0.400080697410289
"2023-08-30 06:00:00",-2.21298628460059,-0.340332713840643
"2023-08-30 07:00:00",-2.75393816344294,-0.646138397072957
"2023-08-30 08:00:00",-3.51599502990975,-0.7995733740447
"2023-08-30 09:00:00",-3.84254530514388,0.0088412797062502
"2023-08-30 10:00:00",-3.46888218420488,0.604068824729329
"2023-08-30 11:00:00",-2.8266076497525,0.641694090322829
"2023-08-30 12:00:00",-2.86817560574823,-0.491450647187256
"2023-08-30 13:00:00",-3.18640552333123,-0.183933384265269
"2023-08-30 14:00:00",-3.06895223553559,0.316899021668822
"2023-08-30 15:00:00",-2.72506598484791,0.349490817354283
"2023-08-30 16:00:00",-2.38694523473291,0.317985060923352
"2023-08-30 17:00:00",-2.18355454188883,0.120406551596876
"2023-08-30 18:00:00",-3.2189388436178,-1.75388399196863
"2023-08-30 19:00:00",-3.46098003618408,0.781486515598724
"2023-08-30 20:00:00",-3.01039155355134,0.213041653138535
"2023-08-30 21:00:00",-2.78156803404116,0.232350216723972
"2023-08-30 22:00:00",-2.74033686450774,-0.0845543362074959
"2023-08-30 23:00:00",-2.95715874714518,-0.291164333140547
"2023-08-31 00:00:00",-2.46694348580484,0.991642049796111
"2023-08-31 01:00:00",-2.12832004290665,-0.109627208875933
"2023-08-31 02:00:00",-1.84428492514128,0.535717608582061
"2023-08-31 03:00:00",-1.18494740739777,0.712794639359335
"2023-08-31 04:00:00",-1.01075302219225,-0.191617066080085
"2023-08-31 05:00:00",-1.70636817474367,-0.997250558116342
"2023-08-31 06:00:00",-2.47307607308994,-0.574383105761487
"2023-08-31 07:00:00",-2.92222889868118,-0.341137135306521
"2023-08-31 08:00:00",-3.59192137769175,-0.853136743226233
"2023-08-31 09:00:00",-4.17582416498054,-0.372041299176398
"2023-08-31 10:00:00",-4.09284145395456,0.387764585153595
"2023-08-31 11:00:00",-3.96058122925055,-0.039084038325636
"2023-08-31 12:00:00",-4.67722062452328,-1.12917749691867
"2023-08-31 13:00:00",-5.54718089384586,-0.649784707616568
"2023-08-31 14:00:00",-6.4282706731105,-0.986273659593687
"2023-08-31 15:00:00",-7.00189942362037,-0.262994885326401
"2023-08-31 16:00:00",-6.50384347538197,0.990769909422255
"2023-08-31 17:00:00",-5.90114155523032,0.323735118770216
"2023-08-31 18:00:00",-5.80702246705396,-0.0558239702066588
"2023-08-31 19:00:00",-5.70801962235364,0.204997328177561
"2023-08-31 20:00:00",-5.28640337397433,0.553346815887684
"2023-08-31 21:00:00",-5.12675146480621,-0.10358144334782
"2023-08-31 22:00:00",-5.32452097014174,-0.244556295427452
"2023-08-31 23:00:00",-5.15751940853737,0.440294174232844
"2023-09-01 00:00:00",-4.57182728096176,0.661436700931991
"2023-09-01 01:00:00",-4.50268752829432,-0.32311244206238
"2023-09-01 02:00:00",-4.39613948290532,0.393722575452709
"2023-09-01 03:00:00",-4.07688835796347,0.260098568777148
"2023-09-01 04:00:00",-4.12792029704467,-0.250770304557355
"2023-09-01 05:00:00",-4.51434532940481,-0.453178098962155
"2023-09-01 06:00:00",-4.46708310786441,0.384454755462056
"2023-09-01 07:00:00",-4.02776471631932,0.460773666683287
"2023-09-01 08:00:00",-3.48884219321552,0.570601787882225
"2023-09-01 09:00:00",-2.8229330719134,0.702298402567975
"2023-09-01 10:00:00",-2.20155656852596,0.54153969010874
"2023-09-01 11:00:00",-1.62540382216115,0.57468623502347
"2023-09-01 12:00:00",-1.53341342769554,-0.232078226979349
"2023-09-01 13:00:00",-1.88464957876837,-0.412006957792088
"2023-09-01 14:00:00",-1.84094070101885,0.347865830685772
"2023-09-01 15:00:00",-1.60855975984952,0.146721951971566
"2023-09-01 16:00:00",-1.8038268667586,-0.41190420686756
"2023-09-01 17:00:00",-2.27104062395665,-0.479560066332747
"2023-09-01 18:00:00",-2.61653851578643,-0.236780329383899
"2023-09-01 19:00:00",-2.94776867913789,-0.375084149939659
"2023-09-01 20:00:00",-2.9889584877477,0.187158449869613
"2023-09-01 21:00:00",-1.9151105433528,1.61778727270647
"2023-09-01 22:00:00",-1.38691038646312,-0.220810898920526
"2023-09-01 23:00:00",-1.9766817997604,-0.805928204873291
"2023-09-02 00:00:00",-1.94941178944317,0.583977384166917
"2023-09-02 01:00:00",-1.78780599378814,-0.125137901692714
"2023-09-02 02:00:00",-2.1515829143273,-0.503276704987296
"2023-09-02 03:00:00",-3.31616561452085,-1.5473331666281
"2023-09-02 04:00:00",-4.70293084893056,-1.20955036729441
"2023-09-02 05:00:00",-5.1292287210564,0.122179205003499
"2023-09-02 06:00:00",-3.95100828704399,1.8328572387289
"2023-09-02 07:00:00",-2.04337664847661,1.87192221825945
"2023-09-02 08:00:00",-0.590534824937176,1.10705459490901
"2023-09-02 09:00:00",0.114496774114709,0.404279112915922
"2023-09-02 10:00:00",0.487923357930855,0.334966047620468
"2023-09-02 11:00:00",0.793838349276029,0.271382328333071
"2023-09-02 12:00:00",0.100596501566755,-1.30439428657972
"2023-09-02 13:00:00",-0.451078651306478,-0.0237852624720991
"2023-09-02 14:00:00",-0.643193752942553,-0.294622652597419
"2023-09-02 15:00:00",-0.695469952191944,0.112598318922456
"2023-09-02 16:00:00",-0.539472456624859,0.178413069565402
"2023-09-02 17:00:00",-0.54644539909795,-0.129535015593805
"2023-09-02 18:00:00",-1.89004653033002,-2.08841364546303
"2023-09-02 19:00:00",-2.12002768344483,1.02231695286028
"2023-09-02 20:00:00",-0.600368712935306,1.78173334972475
"2023-09-02 21:00:00",-0.167906501819009,-0.486813363934377
"2023-09-02 22:00:00",-0.762317098562022,-0.637678499196362
"2023-09-02 23:00:00",-1.86335328107959,-1.35663323084287
"2023-09-03 00:00:00",-1.78059606191394,1.04080316445605
"2023-09-03 01:00:00",-0.92631395782072,0.691636365133755
"2023-09-03 02:00:00",-0.149653586393185,0.797629326257995
"2023-09-03 03:00:00",0.671772173736129,0.798448999928834
"2023-09-03 04:00:00",1.03046292236697,0.0476131422386723
"2023-09-03 05:00:00",0.44070949844291,-0.987960429020859
"2023-09-03 06:00:00",-0.294267306332172,-0.531966178311162
"2023-09-03 07:00:00",-0.694701486906456,-0.293340098477096
"2023-09-03 08:00:00",-1.08601896657986,-0.437144284826002
"2023-09-03 09:00:00",-1.58472468156644,-0.514648360070189
"2023-09-03 10:00:00",-2.00544666175494,-0.336070945090358
"2023-09-03 11:00:00",-2.07071557873611,0.120948462331662
"2023-09-03 12:00:00",-2.13954493103558,-0.189406714246521
"2023-09-03 13:00:00",-1.79849989996625,0.681224315465499
"2023-09-03 14:00:00",-1.43474473191011,0.137144776169565
"2023-09-03 15:00:00",-1.1012901583035,0.450328817591212
"2023-09-03 16:00:00",-0.708855188786473,0.33661058366965
"2023-09-03 17:00:00",-0.739447264204665,-0.273022564976101
"2023-09-03 18:00:00",-1.39286468938255,-0.875006885650198
"2023-09-03 19:00:00",-2.12409879270596,-0.59884458865647
"2023-09-03 20:00:00",-2.85783933999729,-0.786065681976442
"2023-09-03 21:00:00",-3.01537669530507,0.272643116557935
"2023-09-03 22:00:00",-2.66662260307618,0.386806915619584
"2023-09-03 23:00:00",-2.65731795230011,-0.239365222721962
"2023-09-04 00:00:00",-2.61932976259634,0.224506371871166
"2023-09-04 01:00:00",-2.9116188702934,-0.619548953808781
"2023-09-04 02:00:00",-2.8951116220778,0.44350503116475
"2023-09-04 03:00:00",-2.58680613091685,0.207254138139571
"2023-09-04 04:00:00",-2.95669670614409,-0.733736901470926
"2023-09-04 05:00:00",-3.36524725412262,-0.168539265729289
"2023-09-04 06:00:00",-2.58120144670497,1.38617087393693
"2023-09-04 07:00:00",-1.24582195358039,1.2413888949567
"2023-09-04 08:00:00",-0.0280460842043489,1.145771552705
"2023-09-04 09:00:00",0.836534234024829,0.636074504346109
"2023-09-04 10:00:00",1.36001723729356,0.422469741651616
"2023-09-04 11:00:00",1.7414038558852,0.334122573775003
"2023-09-04 12:00:00",2.34800875704923,0.757187273806523
"2023-09-04 13:00:00",3.09953841090479,0.709020131046745
"2023-09-04 14:00:00",3.61590769047302,0.359405962487294
"2023-09-04 15:00:00",3.8653347110453,0.159596911216973
"2023-09-04 16:00:00",4.01487121360478,0.13074294490423
"2023-09-04 17:00:00",3.4465436430188,-1.01253368458701
"2023-09-04 18:00:00",1.65121799540699,-2.23630661174633
"2023-09-04 19:00:00",0.633241948335977,-0.159523590478966
"2023-09-04 20:00:00",0.781274507188876,0.345216119610939
"2023-09-04 21:00:00",0.885847079291438,-0.0618297149898837
"2023-09-04 22:00:00",0.79839041661443,-0.10152661985447
"2023-09-04 23:00:00",0.628906188143081,-0.207763555572838
"2023-09-05 00:00:00",0.84808526422582,0.492577029414509
"2023-09-05 01:00:00",1.08846975427359,0.0597432181523647
"2023-09-05 02:00:00",1.37665355105399,0.425378034342383
"2023-09-05 03:00:00",1.4762178920336,-0.124146298095211
"2023-09-05 04:00:00",1.11144701822906,-0.509753115394093
"2023-09-05 05:00:00",0.756165089892072,-0.236852315330399
"2023-09-05 06:00:00",1.24949757232144,0.955696882279456
"2023-09-05 07:00:00",2.41336095309869,1.24572256276144
"2023-09-05 08:00:00",3.60811797895443,1.10089664347935
"2023-09-05 09:00:00",4.72193227639281,1.06484877650262
"2023-09-05 10:00:00",5.46169476148833,0.481804256543481
"2023-09-05 11:00:00",5.9067018113388,0.392291628490828
"2023-09-05 12:00:00",6.51044937112747,0.708414750569495
"2023-09-05 13:00:00",7.07404889877215,0.431886454273667
"2023-09-05 14:00:00",7.32303475754856,0.106106953806635
"2023-09-05 15:00:00",7.38344693323505,0.0176423269489542
"2023-09-05 16:00:00",7.26384763374723,-0.214923165645429
"2023-09-05 17:00:00",6.45442124129862,-1.17665191533559
"2023-09-05 18:00:00",4.87283411144822,-1.78470050974445
"2023-09-05 19:00:00",3.70771071347987,-0.702992172838048
"2023-09-05 20:00:00",3.21098421285296,-0.340391993697997
"2023-09-05 21:00:00",2.86817233939156,-0.33227255975644
"2023-09-05 22:00:00",1.97522799831388,-1.22798298109286
"2023-09-05 23:00:00",1.10641651879518,-0.59062776809537
"2023-09-06 00:00:00",1.19811492719078,0.540791660846762
"2023-09-06 01:00:00",0.858509458619296,-0.911933015037542
"2023-09-06 02:00:00",0.156522807277328,-0.52977309282276
"2023-09-06 03:00:00",-0.323596101014922,-0.424403431077073
"2023-09-06 04:00:00",-0.903577593456221,-0.655721113837046
"2023-09-06 05:00:00",-1.1927773321699,-0.0299493554645607
"2023-09-06 06:00:00",-0.354020224614925,1.37956476516949
"2023-09-06 07:00:00",1.43102378598587,1.9709909812465
"2023-09-06 08:00:00",3.52926513978301,2.0815224094528
"2023-09-06 09:00:00",5.50425903096899,1.80557784402255
"2023-09-06 10:00:00",6.91563762336735,1.07442296760966
"2023-09-06 11:00:00",7.75687305877924,0.636893281766306
"2023-09-06 12:00:00",8.4167747085997,0.633886727374935
"2023-09-06 13:00:00",8.97895835965496,0.476821983531027
"2023-09-06 14:00:00",9.38798987485465,0.3328314725411
"2023-09-06 15:00:00",9.53237355186793,-0.000204404599748811
"2023-09-06 16:00:00",9.40550454572768,-0.21756528730718
"2023-09-06 17:00:00",8.29255769718232,-1.66909116853302
"2023-09-06 18:00:00",6.45950577377205,-1.86593754947467
"2023-09-06 19:00:00",5.28046850086504,-0.673408096693709
"2023-09-06 20:00:00",4.75896708393478,-0.402254986218489
"2023-09-06 21:00:00",4.64774981702626,0.0819571870232697
"2023-09-06 22:00:00",4.49355770759091,-0.310284271739571
"2023-09-06 23:00:00",3.88218460913981,-0.788833910803085
"2023-09-07 00:00:00",3.37222442953885,-0.304817088949478
"2023-09-07 01:00:00",2.77372548694513,-0.77018868283447
"2023-09-07 02:00:00",2.54085854149905,0.132832965575302
"2023-09-07 03:00:00",2.55910792451566,-0.0622797184598533
"2023-09-07 04:00:00",2.26413394177447,-0.439381550230831
"2023-09-07 05:00:00",1.79043649644461,-0.476982076881706
"2023-09-07 06:00:00",2.21536540532893,1.00369323431441
"2023-09-07 07:00:00",3.4886542588765,1.38965564894506
"2023-09-07 08:00:00",5.13671006063238,1.73750964011977
"2023-09-07 09:00:00",6.8099200257001,1.54421523564117
"2023-09-07 10:00:00",7.95766506908,0.820120711488534
"2023-09-07 11:00:00",8.53744377796874,0.381748492523342
"2023-09-07 12:00:00",9.13648741905228,0.704437142090474
"2023-09-07 13:00:00",9.60249553118975,0.273140469584837
"2023-09-07 14:00:00",9.67947730707705,-0.0698203336131243
"2023-09-07 15:00:00",9.52541714731129,-0.215371186736666
"2023-09-07 16:00:00",9.15817746034273,-0.463307058880967
"2023-09-07 17:00:00",8.25333718732631,-1.1679945308739
"2023-09-07 18:00:00",6.76544470806763,-1.64108569190527
"2023-09-07 19:00:00",5.75854330103089,-0.544989648272447
"2023-09-07 20:00:00",5.4615643328794,-0.124949494863145
"2023-09-07 21:00:00",5.25063725692962,-0.265259123016525
"2023-09-07 22:00:00",4.88619193772583,-0.420016072807348
"2023-09-07 23:00:00",4.45116710625795,-0.43065472666127
"2023-09-08 00:00:00",4.48500338788882,0.336148084427843
"2023-09-08 01:00:00",4.20425046336587,-0.684451466454844
"2023-09-08 02:00:00",3.71128628868858,-0.347300377036273
"2023-09-08 03:00:00",3.38848508632581,-0.295911737146732
"2023-09-08 04:00:00",2.91268110643364,-0.577486601527373
"2023-09-08 05:00:00",2.27643553588818,-0.648936841771988
"2023-09-08 06:00:00",2.5244209955913,0.831206034571504
"2023-09-08 07:00:00",3.72071620954641,1.37958374680614
"2023-09-08 08:00:00",5.20380902449309,1.47682757745845
"2023-09-08 09:00:00",6.71649965152141,1.45801123048953
"2023-09-08 10:00:00",7.98814693690024,1.07832404245501
"2023-09-08 11:00:00",8.79621163328491,0.579202639455028
"2023-09-08 12:00:00",9.49392947658827,0.732236779644474
"2023-09-08 13:00:00",10.0758820409422,0.441876933743197
"2023-09-08 14:00:00",10.4076994837482,0.229694200276504
"2023-09-08 15:00:00",10.4403007711773,-0.113752274328898
"2023-09-08 16:00:00",10.19187176274,-0.339860118878666
"2023-09-08 17:00:00",9.21307386427055,-1.3713705696577
"2023-09-08 18:00:00",7.31759190939701,-2.16668347912768
"2023-09-08 19:00:00",5.94042687307999,-0.794815728243056
"2023-09-08 20:00:00",5.37811762185462,-0.388241788423903
"2023-09-08 21:00:00",4.96351195201245,-0.41940971759184
"2023-09-08 22:00:00",4.61859627712703,-0.285259608288596
"2023-09-08 23:00:00",4.18158737723232,-0.523358504567162
"2023-09-09 00:00:00",4.03252793695942,0.102163883057852
"2023-09-09 01:00:00",3.43073241448954,-1.04769321819594
"2023-09-09 02:00:00",2.78589930088566,-0.350043024000521
"2023-09-09 03:00:00",2.52704324105593,-0.189355002520882
"2023-09-09 04:00:00",2.20691480788282,-0.395353285530574
"2023-09-09 05:00:00",1.66803383950236,-0.611801015778278
"2023-09-09 06:00:00",2.04361814731647,1.01383311278155
"2023-09-09 07:00:00",3.54065833794733,1.74540100998603
"2023-09-09 08:00:00",5.48072282622942,1.97308485152439
"2023-09-09 09:00:00",7.47884804969252,1.91280646059306
"2023-09-09 10:00:00",9.24561583677735,1.57581743712999
"2023-09-09 11:00:00",10.5023224762442,0.972337953159949
"2023-09-09 12:00:00",11.4639515421905,0.895260686394769
"2023-09-09 13:00:00",12.0632380601872,0.358723634237842
"2023-09-09 14:00:00",12.3241413258214,0.167748197817273
"2023-09-09 15:00:00",12.3629723150658,-0.0648384216242348
"2023-09-09 16:00:00",12.1406112426291,-0.33273881420354
"2023-09-09 17:00:00",10.6628100323836,-2.1865834071318
"2023-09-09 18:00:00",8.52103182345353,-2.02387270867828
"2023-09-09 19:00:00",7.24187182423638,-0.732888558724174
"2023-09-09 20:00:00",6.47052923357493,-0.769656318830937
"2023-09-09 21:00:00",5.35962659037455,-1.29394486195487
"2023-09-09 22:00:00",4.20664749359321,-1.01112107510165
"2023-09-09 23:00:00",3.20335850047314,-0.955812713004024
"2023-09-10 00:00:00",2.53417724187408,-0.450425624235792
"2023-09-10 01:00:00",1.65174374981642,-1.13176672440622
"2023-09-10 02:00:00",0.894205353317912,-0.474187755585537
"2023-09-10 03:00:00",0.671533225565468,-0.0455689107584461
"2023-09-10 04:00:00",0.158155689332499,-0.801714643579289
"2023-09-10 05:00:00",-0.478232121652892,-0.496134845421741
"2023-09-10 06:00:00",0.564396407057537,2.01952464103939
"2023-09-10 07:00:00",3.2076908849758,2.93279907038182
"2023-09-10 08:00:00",6.11600812775182,2.74966151785113
"2023-09-10 09:00:00",8.7400109734388,2.40765982414686
"2023-09-10 10:00:00",10.6883350877011,1.53826003635299
"2023-09-10 11:00:00",11.8255508989663,0.802044809298179
"2023-09-10 12:00:00",12.3016325163584,0.220915051706617
"2023-09-10 13:00:00",12.498738344307,0.156015108163387
"2023-09-10 14:00:00",12.5615328609541,-0.0184412683238051
"2023-09-10 15:00:00",12.5103927004608,-0.0866956423136654
"2023-09-10 16:00:00",12.3113780535987,-0.280556506464599
"2023-09-10 17:00:00",10.8905131490305,-2.1294034491086
"2023-09-10 18:00:00",8.13743669529611,-3.05206047011797
"2023-09-10 19:00:00",6.50313000823338,-0.621978143761384
"2023-09-10 20:00:00",5.47970087477814,-1.25080581121031
"2023-09-10 21:00:00",5.19062850827914,0.358747835465195
"2023-09-10 22:00:00",6.86411609473313,2.46375425618046
"2023-09-10 23:00:00",6.16297194341034,-2.78656789390946
"2023-09-11 00:00:00",3.87481799911215,-1.85509357094484
"2023-09-11 01:00:00",2.21963066339708,-1.44825840120375
"2023-09-11 02:00:00",1.5677592304463,-0.0928394605159595
"2023-09-11 03:00:00",1.46833523983582,-0.101109246701217
"2023-09-11 04:00:00",1.19706741047162,-0.373706583681597
"2023-09-11 05:00:00",0.614922365571003,-0.694981046698341
"2023-09-11 06:00:00",1.43412664088342,1.78892363944178
"2023-09-11 07:00:00",3.83816507995108,2.69802166685644
"2023-09-11 08:00:00",6.6028333693558,2.67277751686505
"2023-09-11 09:00:00",8.99160473358572,2.07741586876832
"2023-09-11 10:00:00",10.5746402911713,1.1666428820169
"2023-09-11 11:00:00",11.291043470798,0.368578999792804
"2023-09-11 12:00:00",11.8167376930522,0.590905691631731
"2023-09-11 13:00:00",12.3674532386551,0.482525922506624
"2023-09-11 14:00:00",12.6636758160722,0.142009494782782
"2023-09-11 15:00:00",12.7627555138413,0.0494337559826143
"2023-09-11 16:00:00",12.8330993838058,0.0644949835358074
"2023-09-11 17:00:00",11.4489756506157,-2.30061721906065
"2023-09-11 18:00:00",11.5086951176129,1.61565971733585
"2023-09-11 19:00:00",10.1348071744931,-3.31642979625088
"2023-09-11 20:00:00",9.82696995558855,1.69942580668659
"2023-09-11 21:00:00",8.54077969484319,-3.22811136995802
"2023-09-11 22:00:00",7.31554654407982,0.157213095964901
"2023-09-11 23:00:00",6.32551959976927,-1.71722204169483
"2023-09-12 00:00:00",4.80332590110859,-1.32799437285196
"2023-09-12 01:00:00",3.30860116325419,-1.54103762093406
"2023-09-12 02:00:00",2.50736038433532,-0.27424022666969
"2023-09-12 03:00:00",2.18288294762651,-0.345780358161341
"2023-09-12 04:00:00",1.65848665208185,-0.62136545205281
"2023-09-12 05:00:00",1.29293957617588,-0.179770932397216
"2023-09-12 06:00:00",2.4128515303554,1.93146898726003
"2023-09-12 07:00:00",4.96473901525937,2.84111957932179
"2023-09-12 08:00:00",7.574809447188,2.32561386141272
"2023-09-12 09:00:00",9.79356223833806,2.03231870937475
"2023-09-12 10:00:00",11.5547850634649,1.48418317359131
"2023-09-12 11:00:00",12.4961021167779,0.519792199456356
"2023-09-12 12:00:00",12.1296205780948,-0.956008161581494
"2023-09-12 13:00:00",12.0081476823405,0.425016677563897
"2023-09-12 14:00:00",11.9115812768841,-0.455167453997255
"2023-09-12 15:00:00",10.813372963304,-1.49005802919418
"2023-09-12 16:00:00",9.8463202437966,-0.58636875089043
"2023-09-12 17:00:00",8.9671794593668,-1.04523055993827
"2023-09-12 18:00:00",7.54547109044963,-1.61668573119459
"2023-09-12 19:00:00",6.74810888521617,-0.222988679712539
"2023-09-12 20:00:00",6.61161791163329,-0.0810364317056246
"2023-09-12 21:00:00",6.56427527384447,-0.0311504987041831
"2023-09-12 22:00:00",6.46751799649857,-0.144355243065221
"2023-09-12 23:00:00",6.22488512011012,-0.304954447868277
"2023-09-13 00:00:00",6.17423397998593,0.113267081211003
"2023-09-13 01:00:00",5.9318481095169,-0.475921899028831
"2023-09-13 02:00:00",5.82833614451372,0.142032194336693
"2023-09-13 03:00:00",5.97939170502872,0.142382604514286
"2023-09-13 04:00:00",5.90362035671614,-0.225309269837151
"2023-09-13 05:00:00",5.41071152064233,-0.655490198515373
"2023-09-13 06:00:00",5.16847204617893,0.0377951942246223
"2023-09-13 07:00:00",5.44791925838027,0.420606610745943
"2023-09-13 08:00:00",5.38511788649216,-0.38910379477773
"2023-09-13 09:00:00",4.97933132543039,-0.404564740087473
"2023-09-13 10:00:00",5.05196462411714,0.380892112457683
"2023-09-13 11:00:00",5.33731605581289,0.201589065365554
"2023-09-13 12:00:00",4.10752041693839,-2.1324745154552
"2023-09-13 13:00:00",3.46264079480576,0.37218486840497
"2023-09-13 14:00:00",3.77357882125231,0.250869969935337
"2023-09-13 15:00:00",3.4292551714222,-0.729613265087049
"2023-09-13 16:00:00",2.34007903323638,-1.28154263996857
"2023-09-13 17:00:00",1.67495653725032,-0.225591904770923
"2023-09-13 18:00:00",1.28903795376252,-0.476620967177546
"2023-09-13 19:00:00",1.18596897118371,0.14919818565105
"2023-09-13 20:00:00",1.42694780755974,0.289185508295693
"2023-09-13 21:00:00",1.7245992646382,0.287312362838611
"2023-09-13 22:00:00",1.78193895274895,-0.100919891982395
"2023-09-13 23:00:00",1.52322740002158,-0.353906606426872
"2023-09-14 00:00:00",1.40991668371291,0.0505054595976379
"2023-09-14 01:00:00",1.53125117734283,0.160970501504383
"2023-09-14 02:00:00",1.74152560549456,0.231177887480507
"2023-09-14 03:00:00",1.16674453619456,-1.08700884977811
"2023-09-14 04:00:00",-0.491597539198543,-1.961924563921
"2023-09-14 05:00:00",-2.08314776107197,-1.26837525529687
"2023-09-14 06:00:00",-2.52558929399447,0.131880509807686
"2023-09-14 07:00:00",-1.89217701111053,0.940916263022538
"2023-09-14 08:00:00",-0.822483402796243,1.10715081841343
"2023-09-14 09:00:00",0.0222165143488898,0.630655859814279
"2023-09-14 10:00:00",0.64455817734296,0.587197054936002
"2023-09-14 11:00:00",1.09704564677018,0.340350109185218
"2023-09-14 12:00:00",0.735845366488242,-0.813142274020607
"2023-09-14 13:00:00",0.684881912989684,0.458620711099161
"2023-09-14 14:00:00",1.041311137538,0.27048289541226
"2023-09-14 15:00:00",1.20957774796277,0.0907858226085239
"2023-09-14 16:00:00",1.13182387910115,-0.187975605875695
"2023-09-14 17:00:00",0.510194248903476,-0.882646447095741
"2023-09-14 18:00:00",-0.711517284402861,-1.39035358892938
"2023-09-14 19:00:00",-1.74734146879626,-0.749336687334414
"2023-09-14 20:00:00",-2.33129235888384,-0.443694968853168
"2023-09-14 21:00:00",-2.60734390915421,-0.148169275742597
"2023-09-14 22:00:00",-2.70627751657973,-0.0580493101656349
"2023-09-14 23:00:00",-2.78100491457431,-0.0788076398439997
"2023-09-15 00:00:00",-2.92817930496044,-0.182174230081885
"2023-09-15 01:00:00",-3.62955387731467,-1.01040017264725
"2023-09-15 02:00:00",-3.81049130946686,0.385303434947638
"2023-09-15 03:00:00",-3.34340374184651,0.504323882262804
"2023-09-15 04:00:00",-3.10297089042565,0.0573915534789376
"2023-09-15 05:00:00",-3.27775909964176,-0.317267802041375
"2023-09-15 06:00:00",-2.8347987959018,0.932944987612743
"2023-09-15 07:00:00",-1.49071934248891,1.55794758000487
"2023-09-15 08:00:00",0.0619123056629295,1.47722863002764
"2023-09-15 09:00:00",1.39596198628131,1.17512569855299
"2023-09-15 10:00:00",2.45837727005068,0.934992155960483
"2023-09-15 11:00:00",3.41824470693981,0.927670539194992
"2023-09-15 12:00:00",3.61857141206767,-0.298485115979791
"2023-09-15 13:00:00",3.69446599364357,0.317207488901749
"2023-09-15 14:00:00",4.05135151298839,0.361617449043382
"2023-09-15 15:00:00",4.06924655387308,-0.217320270996143
"2023-09-15 16:00:00",4.00616938166977,0.0375035947335167
"2023-09-15 17:00:00",3.72952791948393,-0.478084466544876
"2023-09-15 18:00:00",3.27317609004573,-0.424983957540486
"2023-09-15 19:00:00",3.41562670150477,0.509746965138816
"2023-09-15 20:00:00",3.69051878748839,0.100860757273345
"2023-09-15 21:00:00",3.48385083452915,-0.40661848431736
"2023-09-15 22:00:00",3.02084766499493,-0.483079986026962
"2023-09-15 23:00:00",2.56608079655627,-0.418174197775813
"2023-09-16 00:00:00",2.28152659508086,-0.185260518112342
"2023-09-16 01:00:00",1.64376455625906,-0.912058541059014
"2023-09-16 02:00:00",1.07686238678647,-0.311981134047799
"2023-09-16 03:00:00",0.861931039625579,-0.14140682405444
"2023-09-16 04:00:00",0.516369823805014,-0.46635167583439
"2023-09-16 05:00:00",-0.146154199303399,-0.762486052566139
"2023-09-16 06:00:00",-0.316022631306969,0.233463673138081
"2023-09-16 07:00:00",0.254517702172228,0.768549822436283
"2023-09-16 08:00:00",1.18620100576454,0.995836156459381
"2023-09-16 09:00:00",2.38329292074098,1.27284657997557
"2023-09-16 10:00:00",3.69542557988491,1.27290013424303
"2023-09-16 11:00:00",4.82369253911523,0.973470043085474
"2023-09-16 12:00:00",5.84824669614096,1.00370771288286
"2023-09-16 13:00:00",6.64514775021428,0.613628028552765
"2023-09-16 14:00:00",7.1882035467058,0.461639866531618
"2023-09-16 15:00:00",7.66106302756184,0.448606430861663
"2023-09-16 16:00:00",8.06703572629772,0.348387117120988
"2023-09-16 17:00:00",6.67648540142272,-2.49413943826646
"2023-09-16 18:00:00",4.90607901913957,-1.21240055406912
"2023-09-16 19:00:00",4.44742922221688,0.0593150018334088
"2023-09-16 20:00:00",4.5904929300834,0.186366001028534
"2023-09-16 21:00:00",4.3216248116237,-0.565491248361136
"2023-09-16 22:00:00",3.40882645586648,-1.10652574772328
"2023-09-16 23:00:00",2.47264618147207,-0.78252445995371
"2023-09-17 00:00:00",2.16961177452233,0.0278339819385237
"2023-09-17 01:00:00",1.86847872738622,-0.508926794655902
"2023-09-17 02:00:00",2.03420035050789,0.605196930691036
"2023-09-17 03:00:00",1.71004091555421,-0.93093728191677
"2023-09-17 04:00:00",0.838742190834169,-0.792340354852935
"2023-09-17 05:00:00",0.587308527854637,0.120031866818625
"2023-09-17 06:00:00",0.368046251906514,-0.435792146852813
"2023-09-17 07:00:00",1.18088582593223,1.60614676781192
"2023-09-17 08:00:00",3.34035084320003,2.42419953842507
"2023-09-17 09:00:00",5.32327166644196,1.59020850339865
"2023-09-17 10:00:00",6.72875571422925,1.20868924997299
"2023-09-17 11:00:00",7.79147970099838,0.906244850763236
"2023-09-17 12:00:00",8.7497892755735,0.937440481652028
"2023-09-17 13:00:00",9.4829424159736,0.55084997626157
"2023-09-17 14:00:00",9.93221318165478,0.347983700797812
"2023-09-17 15:00:00",10.1187277638757,0.0572086637757174
"2023-09-17 16:00:00",9.96346303925307,-0.302572123515413
"2023-09-17 17:00:00",8.77932124601818,-1.72841418612918
"2023-09-17 18:00:00",7.5206515074534,-0.897013887428362
"2023-09-17 19:00:00",7.04657113672611,-0.179292545211229
"2023-09-17 20:00:00",6.76386075964693,-0.347300397923772
"2023-09-17 21:00:00",6.49058921448032,-0.219650004588585
"2023-09-17 22:00:00",6.38249696251777,-0.0369489452089548
"2023-09-17 23:00:00",6.48078954675717,0.175556820986018
"2023-09-18 00:00:00",6.72253801253864,0.266036633855247
"2023-09-18 01:00:00",6.67225070898924,-0.267439375253662
"2023-09-18 02:00:00",6.55681857222084,-0.0172082637229383
"2023-09-18 03:00:00",6.52259979619244,-0.052381959423527
"2023-09-18 04:00:00",6.22895453688052,-0.448935899058269
"2023-09-18 05:00:00",5.55728905951285,-0.796258843883598
"2023-09-18 06:00:00",5.55835561440132,0.525396051514047
"2023-09-18 07:00:00",6.39645452032865,0.999575556091991
"2023-09-18 08:00:00",7.56052341408069,1.21017101536879
"2023-09-18 09:00:00",8.84076092549475,1.25636919766691
"2023-09-18 10:00:00",10.0806756510974,1.15863314623146
"2023-09-18 11:00:00",11.1184309726106,0.894868087156194
"2023-09-18 12:00:00",11.3375910290227,-0.256045853185216
"2023-09-18 13:00:00",10.7751345214738,-0.754608821509525
"2023-09-18 14:00:00",9.50670145284071,-1.56458644139025
"2023-09-18 15:00:00",8.13817554775871,-1.18503991392686
"2023-09-18 16:00:00",7.26117910765495,-0.640450107436152
"2023-09-18 17:00:00",6.27145504461743,-1.18489510167214
"2023-09-18 18:00:00",5.74533449574306,-0.0700253997982601
"2023-09-18 19:00:00",6.01086339708815,0.469206810128141
"2023-09-18 20:00:00",6.51267533184285,0.491956963928886
"2023-09-18 21:00:00",6.55397899507141,-0.269481718696669
"2023-09-18 22:00:00",6.2840139927593,-0.265904051358597
"2023-09-18 23:00:00",5.99797653720294,-0.293964735089291
"2023-09-19 00:00:00",5.50083945969956,-0.616688347371888
"2023-09-19 01:00:00",5.3384477053842,0.141095913499666
"2023-09-19 02:00:00",5.62391741428824,0.361272840676189
"2023-09-19 03:00:00",5.77758744615071,0.000721243112211278
"2023-09-19 04:00:00",5.47943757213216,-0.490670999745607
"2023-09-19 05:00:00",4.69312752912946,-0.953095237164104
"2023-09-19 06:00:00",4.12405925602409,-0.292060411577782
"2023-09-19 07:00:00",3.89444646802967,-0.18238493565546
"2023-09-19 08:00:00",3.27148664136458,-0.892087170026333
"2023-09-19 09:00:00",2.46658828064792,-0.712740841480909
"2023-09-19 10:00:00",2.18462897737603,0.0154436223443431
"2023-09-19 11:00:00",2.17866148603299,-0.0227728577918338
"2023-09-19 12:00:00",2.1350018113446,-0.0583167178453176
"2023-09-19 13:00:00",1.76973163508385,-0.555296104781264
"2023-09-19 14:00:00",1.60224382667968,0.0967251283696627
"2023-09-19 15:00:00",1.89971368969552,0.415097201889849
"2023-09-19 16:00:00",2.32268627791365,0.40567540867576
"2023-09-19 17:00:00",2.21916148644252,-0.441059422927491
"2023-09-19 18:00:00",1.95778639050673,-0.132026795573052
"2023-09-19 19:00:00",2.0833038654677,0.288723447113316
"2023-09-19 20:00:00",2.68660807458154,0.781668006130305
"2023-09-19 21:00:00",3.16663383389418,0.252661861687195
"2023-09-19 22:00:00",3.42027004544283,0.238152626820687
"2023-09-19 23:00:00",3.51623232372685,-0.00779709528450494
"2023-09-20 00:00:00",3.5922586776973,0.123763983342057
"2023-09-20 01:00:00",3.56236619250028,-0.135536895840125
"2023-09-20 02:00:00",3.70537398914009,0.317315029947016
"2023-09-20 03:00:00",4.20230977066164,0.588292126548077
"2023-09-20 04:00:00",4.30033715216316,-0.238883531051441
"2023-09-20 05:00:00",3.71302096288593,-0.797233207930896
"2023-09-20 06:00:00",3.26435899832384,-0.199749519781483
"2023-09-20 07:00:00",3.25707491699766,0.117163737266013
"2023-09-20 08:00:00",3.45853682448111,0.243889344373905
"2023-09-20 09:00:00",3.65957145618636,0.1584556144092
"2023-09-20 10:00:00",4.14800882559379,0.680495548298834
"2023-09-20 11:00:00",4.97510122300206,0.880173972259588
"2023-09-20 12:00:00",5.41738286397427,0.122930523663157
"2023-09-20 13:00:00",5.98022916364641,0.822391613884848
"2023-09-20 14:00:00",6.80754519912419,0.78357930418734
"2023-09-20 15:00:00",7.55404256618348,0.677531245518238
"2023-09-20 16:00:00",7.77761667622776,-0.0994170669110168
"2023-09-20 17:00:00",6.78659049265766,-1.54835148544482
"2023-09-20 18:00:00",5.49970440598209,-1.0601719397809
"2023-09-20 19:00:00",5.12134003885634,0.0870590645863585
"2023-09-20 20:00:00",5.05049471603192,-0.179345946557538
"2023-09-20 21:00:00",4.77823830926444,-0.327766262192356
"2023-09-20 22:00:00",4.50491394387262,-0.230199400206787
"2023-09-20 23:00:00",4.26408408490529,-0.242277644028022
"2023-09-21 00:00:00",3.81945032602348,-0.56390152393248
"2023-09-21 01:00:00",3.44181355702124,-0.240439036123125
"2023-09-21 02:00:00",3.32865647105781,-0.0273618414254252
"2023-09-21 03:00:00",3.21783055489215,-0.16549060765625
"2023-09-21 04:00:00",2.8740653693388,-0.450423876143778
"2023-09-21 05:00:00",2.22039492143236,-0.761807379690934
"2023-09-21 06:00:00",2.33237777609571,0.686317282298331
"2023-09-21 07:00:00",3.64563049436568,1.66579219085733
"2023-09-21 08:00:00",5.26365755495541,1.50459882940506
"2023-09-21 09:00:00",6.80071787957518,1.47887811060395
"2023-09-21 10:00:00",8.35188126840307,1.51687909673784
"2023-09-21 11:00:00",9.59793440799985,0.995531712567647
"2023-09-21 12:00:00",10.5332549619861,0.838366772364465
"2023-09-21 13:00:00",11.2908563742349,0.654184910713069
"2023-09-21 14:00:00",11.7722708349074,0.328810254282314
"2023-09-21 15:00:00",11.9290376521198,0.0194539767060065
"2023-09-21 16:00:00",11.4586602081186,-0.789945874503301
"2023-09-21 17:00:00",10.1208681247694,-1.65421127279794
"2023-09-21 18:00:00",8.80987923165358,-1.03292219974773
"2023-09-21 19:00:00",7.97174940770573,-0.679795417608687
"2023-09-21 20:00:00",7.54467240941816,-0.248578838257746
"2023-09-21 21:00:00",7.20015138861397,-0.401832008783674
"2023-09-21 22:00:00",7.02077239413841,-0.0318336020015496
"2023-09-21 23:00:00",6.91088699200601,-0.16574430869479
"2023-09-22 00:00:00",6.63605007598041,-0.343409356347154
"2023-09-22 01:00:00",6.46630073421829,-0.0544627621087739
"2023-09-22 02:00:00",6.81122026251764,0.586447084834525
"2023-09-22 03:00:00",7.24140613285556,0.296794424136604
"2023-09-22 04:00:00",7.13314143865447,-0.38248611569232
"2023-09-22 05:00:00",6.45504893381686,-0.852129313418045
"2023-09-22 06:00:00",5.49810842818728,-0.989658202389685
"2023-09-22 07:00:00",4.5480667631036,-0.885570556151194
"2023-09-22 08:00:00",3.6616931878328,-0.850649628764905
"2023-09-22 09:00:00",3.3552330684203,0.0661710978367069
"2023-09-22 10:00:00",3.06326376963859,-0.521174870978363
"2023-09-22 11:00:00",2.01760810796115,-1.34956203278454
"2023-09-22 12:00:00",0.407348418534383,-1.71013656379119
"2023-09-22 13:00:00",-0.680244664376448,-0.621414297131562
"2023-09-22 14:00:00",-1.03887687235584,-0.165528578725289
"2023-09-22 15:00:00",-0.997825781930352,0.178156511747175
"2023-09-22 16:00:00",-0.558401904704973,0.594003829213541
"2023-09-22 17:00:00",-0.676750230963688,-0.586898341808821
"2023-09-22 18:00:00",-0.896091413311154,0.0369877896689168
"2023-09-22 19:00:00",-0.342000915277105,0.873644482512954
"2023-09-22 20:00:00",0.498916922218693,0.779581268864763
"2023-09-22 21:00:00",1.12834798716397,0.498779559929258
"2023-09-22 22:00:00",1.46065818596628,0.204087350073117
"2023-09-22 23:00:00",1.36386154046293,-0.294665067244869
"2023-09-23 00:00:00",1.31972320773736,0.123216625105127
"2023-09-23 01:00:00",1.27760682902419,-0.152035763695533
"2023-09-23 02:00:00",1.16777099837171,-0.0781300082269266
"2023-09-23 03:00:00",1.26198931753012,0.203133282504437
"2023-09-23 04:00:00",1.04036241251449,-0.495890200654363
"2023-09-23 05:00:00",0.409988647803124,-0.691413608328596
"2023-09-23 06:00:00",-0.125633141627117,-0.406838239599013
"2023-09-23 07:00:00",-0.142362487426083,0.244295710214285
"2023-09-23 08:00:00",-0.0907409747534521,-0.0790953536430796
"2023-09-23 09:00:00",-0.209386246407224,-0.139256562318024
"2023-09-23 10:00:00",-0.405141244179319,-0.223848018592247
"2023-09-23 11:00:00",-1.00418223413345,-0.820177301709844
"2023-09-23 12:00:00",-1.24958218765333,0.150733698374809
"2023-09-23 13:00:00",-0.937602045687762,0.406261063549608
"2023-09-23 14:00:00",-0.511738374669016,0.419903277004877
"2023-09-23 15:00:00",0.0258957524487933,0.591231428970233
"2023-09-23 16:00:00",0.172624125526877,-0.156607793496902
"2023-09-23 17:00:00",-0.523966844188915,-1.0236945538677
"2023-09-23 18:00:00",-1.53508205320177,-0.954006394708133
"2023-09-23 19:00:00",-1.81833524841605,0.179346152466527
"2023-09-23 20:00:00",-1.43251393421875,0.507478212327277
"2023-09-23 21:00:00",-1.17885907463509,0.0742345679244623
"2023-09-23 22:00:00",-1.2636331119086,-0.18523050103923
"2023-09-23 23:00:00",-1.39211381809374,-0.0829145166881236
"2023-09-24 00:00:00",-1.3010273932766,0.204550594316111
"2023-09-24 01:00:00",-1.40729898626172,-0.306756424407419
"2023-09-24 02:00:00",-1.49882707044646,0.0581178446421428
"2023-09-24 03:00:00",-1.6390670100091,-0.263880732334218
"2023-09-24 04:00:00",-2.12633650365059,-0.610925988365568
"2023-09-24 05:00:00",-2.90895615951711,-0.857150594293429
"2023-09-24 06:00:00",-3.05206067685567,0.343466853686022
"2023-09-24 07:00:00",-2.28427139125999,1.0181141419869
"2023-09-24 08:00:00",-1.30495504068003,0.909858612362809
"2023-09-24 09:00:00",-0.458403451651003,0.765801592513787
"2023-09-24 10:00:00",0.232749728326348,0.609135955006019
"2023-09-24 11:00:00",0.783920436943213,0.486036666414946
"2023-09-24 12:00:00",0.858661929680836,-0.204012477092267
"2023-09-24 13:00:00",1.06226675716488,0.464563463330061
"2023-09-24 14:00:00",1.38779292020247,0.215998570610909
"2023-09-24 15:00:00",1.62694235297525,0.241430548643103
"2023-09-24 16:00:00",1.7002481290475,-0.0443554244643547
"2023-09-24 17:00:00",0.457001370741964,-1.98560677721034
"2023-09-24 18:00:00",-1.00751455714949,-1.04812393734123
"2023-09-24 19:00:00",-1.61203320803677,-0.27876217768198
"2023-09-24 20:00:00",-2.02976131742738,-0.488443066985224
"2023-09-24 21:00:00",-2.31332259518328,-0.130885536771983
"2023-09-24 22:00:00",-2.27097088264851,0.158809670333684
"2023-09-24 23:00:00",-2.13021652183362,0.124955497790715
"2023-09-25 00:00:00",-2.67281053824408,-0.959090793555019
"2023-09-25 01:00:00",-3.59934374151271,-0.857356075819316
"2023-09-25 02:00:00",-4.00402188448753,-0.0790298138045101
"2023-09-25 03:00:00",-3.88126667010953,0.256602607942068
"2023-09-25 04:00:00",-3.73916186658276,0.064022879131573
"2023-09-25 05:00:00",-4.01102987228974,-0.478054214977918
"2023-09-25 06:00:00",-3.85527173824227,0.576059623936023
"2023-09-25 07:00:00",-2.69475827884964,1.49996379352591
"2023-09-25 08:00:00",-1.06671559951119,1.63953607141982
"2023-09-25 09:00:00",0.515696448130084,1.47050937081112
"2023-09-25 10:00:00",1.79367830464702,1.08823895022312
"2023-09-25 11:00:00",2.71746573817962,0.767945831915698
"2023-09-25 12:00:00",3.53440581841545,0.807280178075458
"2023-09-25 13:00:00",3.94631194940163,0.124199955678806
"2023-09-25 14:00:00",4.23935208412148,0.386588071398579
"2023-09-25 15:00:00",4.7015976434575,0.485254609189992
"2023-09-25 16:00:00",4.69871785784815,-0.334218825138981
"2023-09-25 17:00:00",3.5426489113577,-1.65507885630368
"2023-09-25 18:00:00",2.23899800938806,-1.01198594998619
"2023-09-25 19:00:00",1.71327093330365,-0.179462925724545
"2023-09-25 20:00:00",1.77357555997751,0.215073607997847
"2023-09-25 21:00:00",1.8383946941861,-0.0407144064153932
"2023-09-25 22:00:00",1.65700239984017,-0.268925269185725
"2023-09-25 23:00:00",1.38223577096057,-0.267739275308172
"2023-09-26 00:00:00",1.24224125035254,-0.0499614843134
"2023-09-26 01:00:00",0.234411087495532,-1.60010778838445
"2023-09-26 02:00:00",-0.57725490834088,-0.24777923741261
"2023-09-26 03:00:00",-0.205028891205298,0.768611770891101
"2023-09-26 04:00:00",0.163935059446104,0.0852678455211961
"2023-09-26 05:00:00",-0.155866083149338,-0.574857069352162
"2023-09-26 06:00:00",-0.371440135697485,0.034388697010604
"2023-09-26 07:00:00",0.228504237254946,0.948944779561059
"2023-09-26 08:00:00",1.45556941403776,1.35387184146222
"2023-09-26 09:00:00",2.96616283669046,1.54141464106647
"2023-09-26 10:00:00",4.44758710487301,1.36721284903361
"2023-09-26 11:00:00",5.57748873092525,0.91227347902674
"2023-09-26 12:00:00",6.333759119273,0.609145476162985
"2023-09-26 13:00:00",6.94956478955268,0.582821380543936
"2023-09-26 14:00:00",7.6100154328329,0.67186324095373
"2023-09-26 15:00:00",8.21942352613476,0.529007118648333
"2023-09-26 16:00:00",8.27406289112504,-0.274788397162425
"2023-09-26 17:00:00",7.24669225361808,-1.49092557584693
"2023-09-26 18:00:00",6.18779759776822,-0.729898975731635
"2023-09-26 19:00:00",5.76409969423559,-0.207407024400433
"2023-09-26 20:00:00",6.13891446021861,0.737717511966437
"2023-09-26 21:00:00",6.29492273708709,-0.247115313395875
"2023-09-26 22:00:00",5.90838596788965,-0.469226465834087
"2023-09-26 23:00:00",5.43218375987091,-0.465837321767276
"2023-09-27 00:00:00",4.59070207534351,-1.05892024440985
"2023-09-27 01:00:00",2.84184091918291,-2.13162478655476
"2023-09-27 02:00:00",1.66166442983637,-0.493469106431726
"2023-09-27 03:00:00",1.30975264082617,-0.242960431457582
"2023-09-27 04:00:00",0.875199823623023,-0.543316985424677
"2023-09-27 05:00:00",0.414669219150416,-0.38458427751054
"2023-09-27 06:00:00",0.40409557816973,0.238730678598014
"2023-09-27 07:00:00",1.18294851756635,1.10139705060998
"2023-09-27 08:00:00",3.09469105327391,2.35959460479062
"2023-09-27 09:00:00",5.37968952970629,2.12269910086074
"2023-09-27 10:00:00",7.21982468827932,1.55738809809276
"2023-09-27 11:00:00",8.47805612183499,0.989703246131752
"2023-09-27 12:00:00",9.47398149138776,0.9418228620606
"2023-09-27 13:00:00",10.1922764732753,0.522937867917104
"2023-09-27 14:00:00",10.5935400108481,0.287947180568256
"2023-09-27 15:00:00",10.7813887441393,0.0985403229695202
"2023-09-27 16:00:00",10.2552882181764,-0.931413608402484
"2023-09-27 17:00:00",8.36343004776779,-2.45545875293141
"2023-09-27 18:00:00",7.11696260191493,-0.392032618533537
"2023-09-27 19:00:00",6.92220398539487,-0.0631609219218777
"2023-09-27 20:00:00",7.0290009113056,0.206105398565338
"2023-09-27 21:00:00",6.81400991714922,-0.494558481488095
"2023-09-27 22:00:00",6.13350994978245,-0.780902444193164
"2023-09-27 23:00:00",5.53209708102122,-0.46108003656685
"2023-09-28 00:00:00",5.35755684517574,0.0176484712348882
"2023-09-28 01:00:00",4.87841175626504,-0.79447025280421
"2023-09-28 02:00:00",4.36484070641488,-0.308189815263631
"2023-09-28 03:00:00",4.20563033652651,-0.0579513594650153
"2023-09-28 04:00:00",4.06763314030855,-0.190222003861793
"2023-09-28 05:00:00",3.59143878834442,-0.649452444928499
"2023-09-28 06:00:00",3.4923241711525,0.267853014188934
"2023-09-28 07:00:00",4.46342086265815,1.38927179731111
"2023-09-28 08:00:00",5.89344793997248,1.38349129228952
"2023-09-28 09:00:00",7.26048873470062,1.28351881057156
"2023-09-28 10:00:00",8.28091361396002,0.787186122521447
"2023-09-28 11:00:00",9.05265612181839,0.714103481695703
"2023-09-28 12:00:00",9.81022468202372,0.73888040489041
"2023-09-28 13:00:00",10.2617095405325,0.225795384472455
"2023-09-28 14:00:00",10.550845255791,0.304399150788973
"2023-09-28 15:00:00",10.7166005114512,0.051855198781582
"2023-09-28 16:00:00",9.80081023218333,-1.53116795512246
"2023-09-28 17:00:00",8.90789520740076,-0.437618799991724
"2023-09-28 18:00:00",9.03297999719295,0.482791548820361
"2023-09-28 19:00:00",9.06925042223042,-0.274768696237799
"2023-09-28 20:00:00",7.59542349617161,-2.21483684998363
"2023-09-28 21:00:00",5.46294231755949,-1.98603162087632
"2023-09-28 22:00:00",4.13221122381889,-0.8376755007117
"2023-09-28 23:00:00",3.73257570333663,-0.0939481316183827
"2023-09-29 00:00:00",3.57109753991817,-0.203633865582214
"2023-09-29 01:00:00",3.3105920657681,-0.290641886771483
"2023-09-29 02:00:00",3.24546194198272,0.0840374363029855
"2023-09-29 03:00:00",3.4144205701576,0.21336090518105
"2023-09-29 04:00:00",3.38107724966005,-0.20062537736371
"2023-09-29 05:00:00",2.93945108118281,-0.585661695368426
"2023-09-29 06:00:00",2.84802366213831,0.238613335023422
"2023-09-29 07:00:00",3.74704029661588,1.29288741215059
"2023-09-29 08:00:00",5.36937019480961,1.76003401442094
"2023-09-29 09:00:00",6.89467076943471,1.28941401109821
"2023-09-29 10:00:00",7.38391963587218,-0.0763187769945836
"2023-09-29 11:00:00",6.95411167558951,-0.654554119405667
"2023-09-29 12:00:00",6.22426489975655,-0.754320219665454
"2023-09-29 13:00:00",6.82983984927667,1.47535930504776
"2023-09-29 14:00:00",6.97842292535616,-0.751780926523337
"2023-09-29 15:00:00",6.01643693428044,-1.06539974044979
"2023-09-29 16:00:00",5.74224366027955,0.25854551757997
"2023-09-29 17:00:00",5.60738821942477,-0.398109497747911
"2023-09-29 18:00:00",5.87881742982881,0.697657003396304
"2023-09-29 19:00:00",6.58163640215576,0.66528730238746
"2023-09-29 20:00:00",6.67203691074353,-0.305627714980183
"2023-09-29 21:00:00",6.39082217123811,-0.260174111798026
"2023-09-29 22:00:00",6.28794130557969,-0.00136682784932834
"2023-09-29 23:00:00",6.47188674040275,0.290641271511164
"2023-09-30 00:00:00",6.16706321221905,-0.695647975233143
"2023-09-30 01:00:00",4.99000258919331,-1.4500106475451
"2023-09-30 02:00:00",3.37390166883701,-1.6564599151163
"2023-09-30 03:00:00",2.16994212708984,-0.849433938921202
"2023-09-30 04:00:00",1.54001970512614,-0.456446554724394
"2023-09-30 05:00:00",0.942920362096974,-0.664476968605108
"2023-09-30 06:00:00",0.353335177856487,-0.512856506381977
"2023-09-30 07:00:00",0.317393400922091,0.283248623449753
"2023-09-30 08:00:00",0.605756489651544,0.277660854209679
"2023-09-30 09:00:00",0.656372320491782,-0.103930765380689
"2023-09-30 10:00:00",1.18034211626408,0.916818584753748
"2023-09-30 11:00:00",2.01158466155852,0.733171721901137
"2023-09-30 12:00:00",2.24083484405011,-0.120177769993617
"2023-09-30 13:00:00",2.29584393192782,0.166296824948231
"2023-09-30 14:00:00",2.59179502355402,0.365363987597546
"2023-09-30 15:00:00",2.72432655276054,-0.0323250737267502
"2023-09-30 16:00:00",2.46605294564539,-0.400140974989992
"2023-09-30 17:00:00",1.5304391496104,-1.25130761890893
"2023-09-30 18:00:00",0.399630235954997,-0.998714606435914
"2023-09-30 19:00:00",0.0105030372842402,0.0352336468410799
"2023-09-30 20:00:00",0.0766756262054159,0.0836401884544616
"2023-09-30 21:00:00",0.116135904065847,0.00803357127943394
"2023-09-30 22:00:00",0.742489155460571,1.00864584465407
"2023-09-30 23:00:00",1.56059022572977,0.651240963500135
"2023-10-01 00:00:00",1.76505387710534,-0.10510980431406
"2023-10-01 01:00:00",1.51232692658019,-0.341401735653781
"2023-10-01 02:00:00",1.48109737896044,0.175083644447209
"2023-10-01 03:00:00",2.02630586937557,0.764137722428985
"2023-10-01 04:00:00",2.64034275098576,0.482181619720173
"2023-10-01 05:00:00",2.82047173602424,-0.0331979806252266
"2023-10-01 06:00:00",2.65704557117797,-0.2461120274791
"2023-10-01 07:00:00",2.4979820231961,-0.0968974694643049
"2023-10-01 08:00:00",2.53731393783102,0.125062052175139
"2023-10-01 09:00:00",2.64921074892432,0.0945332958901795
"2023-10-01 10:00:00",3.0397021501982,0.565823806516558
"2023-10-01 11:00:00",3.32750002948685,0.0848574782943814
"2023-10-01 12:00:00",3.49929580902866,0.217302239859815
"2023-10-01 13:00:00",3.62502239407624,0.0541935570379391
"2023-10-01 14:00:00",3.26766477565661,-0.619410212808077
"2023-10-01 15:00:00",2.94402976433363,-0.115286649007239
"2023-10-01 16:00:00",2.71195940769916,-0.302690674904924
"2023-10-01 17:00:00",1.75594126551347,-1.34962767315322
"2023-10-01 18:00:00",1.40489022657597,0.329074481106829
"2023-10-01 19:00:00",2.14081422749564,0.970371456541984
"2023-10-01 20:00:00",3.23651114283026,1.12442035129304
"2023-10-01 21:00:00",3.99325555809105,0.471500707231237
"2023-10-01 22:00:00",4.31558018442354,0.202413236691743
"2023-10-01 23:00:00",4.42846650295575,0.0422773925797751
"2023-10-02 00:00:00",4.86027946775776,0.665272977623773
"2023-10-02 01:00:00",4.38973456651001,-1.21164695944573
"2023-10-02 02:00:00",3.58691600735199,-0.497778072215269
"2023-10-02 03:00:00",2.9938574230663,-0.633018173137394
"2023-10-02 04:00:00",2.67792014714253,-0.0933983211232758
"2023-10-02 05:00:00",2.34296562306825,-0.483523202057946
"2023-10-02 06:00:00",2.23036518640745,0.13700879037338
"2023-10-02 07:00:00",2.80646503391544,0.838572335467195
"2023-10-02 08:00:00",3.9554213886884,1.29766146907007
"2023-10-02 09:00:00",5.39244350779374,1.45654434181867
"2023-10-02 10:00:00",6.39895373077083,0.651715152512398
"2023-10-02 11:00:00",7.03012753123716,0.579241160120518
"2023-10-02 12:00:00",8.55175908893175,2.06851525330789
"2023-10-02 13:00:00",9.70749921905445,0.48129388394707
"2023-10-02 14:00:00",10.0366621731425,0.199593396005606
"2023-10-02 15:00:00",10.1953065509088,0.110873615869701
"2023-10-02 16:00:00",9.24560266004023,-1.62475191468386
"2023-10-02 17:00:00",6.89361523542547,-2.73695181204074
"2023-10-02 18:00:00",6.14507250068138,0.60372808728843
"2023-10-02 19:00:00",6.44568939379572,0.0763425456107239
"2023-10-02 20:00:00",6.55481082251828,0.1174823804799
"2023-10-02 21:00:00",6.83721660689354,0.37048661897967
"2023-10-02 22:00:00",6.63938042906867,-0.576120994865734
"2023-10-02 23:00:00",5.96029421528296,-0.724014268610961
"2023-10-03 00:00:00",5.20500542411767,-0.747927691590152
"2023-10-03 01:00:00",4.42418080888197,-0.772358390302977
"2023-10-03 02:00:00",4.00474647046084,-0.16992534585986
"2023-10-03 03:00:00",4.04202575656297,0.168481384884982
"2023-10-03 04:00:00",4.23028015095728,0.187281913207999
"2023-10-03 05:00:00",4.7105961556856,0.647393333790653
"2023-10-03 06:00:00",5.1742100931574,0.312995721767541
"2023-10-03 07:00:00",5.88239423771804,0.931318717937539
"2023-10-03 08:00:00",6.95253889715419,1.10426110806172
"2023-10-03 09:00:00",7.79659559162735,0.621521975906665
"2023-10-03 10:00:00",9.15395746931203,1.77336589353611
"2023-10-03 11:00:00",10.1793061537781,0.466159317760252
"2023-10-03 12:00:00",9.97599317105012,-0.653076009698576
"2023-10-03 13:00:00",9.137449924666,-0.935193965250996
"2023-10-03 14:00:00",8.56029396271263,-0.322816393994358
"2023-10-03 15:00:00",8.19288438208151,-0.390709559420458
"2023-10-03 16:00:00",5.5235361632609,-4.07212657351646
"2023-10-03 17:00:00",3.24462874338478,-0.982273589022186
"2023-10-03 18:00:00",2.49937659146975,-0.556007643834206
"2023-10-03 19:00:00",2.04417745176863,-0.369584522017933
"2023-10-03 20:00:00",1.72144412295391,-0.278797766017079
"2023-10-03 21:00:00",1.36466915468426,-0.394023418921567
"2023-10-03 22:00:00",0.845490612668998,-0.579701355921626
"2023-10-03 23:00:00",0.326590815797437,-0.45479782033109
"2023-10-04 00:00:00",0.335002682177811,0.316392532159544
"2023-10-04 01:00:00",0.682069102566151,0.350591277190141
"2023-10-04 02:00:00",0.919948791779107,0.150557100020186
"2023-10-04 03:00:00",1.18196070587486,0.322677787228418
"2023-10-04 04:00:00",1.38203296084082,0.107306241286826
"2023-10-04 05:00:00",1.29372249132588,-0.216303829653582
"2023-10-04 06:00:00",1.06601922978809,-0.226149526823695
"2023-10-04 07:00:00",1.21183435368997,0.385484655635888
"2023-10-04 08:00:00",1.34648622449592,-0.0405272927825145
"2023-10-04 09:00:00",1.35176591856933,0.0338312049446425
"2023-10-04 10:00:00",1.51133042141554,0.23406100168924
"2023-10-04 11:00:00",1.56173695972921,-0.0763704802593517
"2023-10-04 12:00:00",0.315255178993927,-1.96932322410822
"2023-10-04 13:00:00",-0.283079881724345,0.343667853278642
"2023-10-04 14:00:00",0.179759644823303,0.520656903932514
"2023-10-04 15:00:00",0.634782831170644,0.389414067714818
"2023-10-04 16:00:00",0.623643945511726,-0.278458337939945
"2023-10-04 17:00:00",0.47262234926628,-0.0596923808116002
"2023-10-04 18:00:00",0.616415285274014,0.272005552879194
"2023-10-04 19:00:00",1.03513091413757,0.495829284634951
"2023-10-04 20:00:00",1.53900338251928,0.483956939188686
"2023-10-04 21:00:00",1.99280300293438,0.41014766187993
"2023-10-04 22:00:00",2.40704099494966,0.394712592262294
"2023-10-04 23:00:00",2.17344857734713,-0.644456881927872
"2023-10-05 00:00:00",1.31685062970942,-0.960118645680065
"2023-10-05 01:00:00",0.821459986775931,-0.163733456651414
"2023-10-05 02:00:00",0.998905002860229,0.395402882059586
"2023-10-05 03:00:00",1.44902076696777,0.463914005565426
"2023-10-05 04:00:00",1.62224378492031,-0.0306663449789001
"2023-10-05 05:00:00",1.57167504205598,-0.063524205872119
"2023-10-05 06:00:00",1.6300822526349,0.13489272021794
"2023-10-05 07:00:00",1.89947928342514,0.344162964185049
"2023-10-05 08:00:00",2.22105855716056,0.288794833578189
"2023-10-05 09:00:00",2.32807504087583,-0.022114434471311
"2023-10-05 10:00:00",1.45868719493213,-1.39591443084007
"2023-10-05 11:00:00",0.358188065223887,-0.853143572704465
"2023-10-05 12:00:00",-0.0430380173376647,-0.0813484045702015
"2023-10-05 13:00:00",-0.763409902465417,-1.11209326718454
"2023-10-05 14:00:00",-1.02627370587878,0.316754444214977
"2023-10-05 15:00:00",-0.604030300603714,0.473825906689805
"2023-10-05 16:00:00",-0.405634676627184,0.00612925887889235
"2023-10-05 17:00:00",-0.817638279593661,-0.670653284864045
"2023-10-05 18:00:00",-0.885475536658938,0.338310486873068
"2023-10-05 19:00:00",-0.674846033213673,0.116642328555113
"2023-10-05 20:00:00",-0.668459034873395,-0.0665492145566493
"2023-10-05 21:00:00",-0.596162339330766,0.162284951215576
"2023-10-05 22:00:00",-0.44384242536167,0.139206735936284
"2023-10-05 23:00:00",-0.241616874949792,0.235199688192079
"2023-10-06 00:00:00",-0.428317711117083,-0.458779845885589
"2023-10-06 01:00:00",-0.6438074092136,-0.0425071487112058
"2023-10-06 02:00:00",-0.276102779195104,0.624531044362235
"2023-10-06 03:00:00",0.2202051943226,0.387598920771701
"2023-10-06 04:00:00",0.490773090439569,0.179407564408559
"2023-10-06 05:00:00",0.384534776123809,-0.292249711532313
"2023-10-06 06:00:00",0.203726547795618,-0.0984187815848802
"2023-10-06 07:00:00",0.498731356777074,0.543001807345319
"2023-10-06 08:00:00",0.659279056445266,-0.10268918036365
"2023-10-06 09:00:00",0.00563998501389351,-0.990721823205457
"2023-10-06 10:00:00",-0.214413679049056,0.304165961506131
"2023-10-06 11:00:00",0.435176176130705,0.849276756940733
"2023-10-06 12:00:00",0.418055741794881,-0.594456008527973
"2023-10-06 13:00:00",1.14483082518925,1.57250632668453
"2023-10-06 14:00:00",1.46151971723276,-0.537032650076104
"2023-10-06 15:00:00",0.993073017060064,-0.402346528636241
"2023-10-06 16:00:00",1.42206216890418,0.961538608361202
"2023-10-06 17:00:00",2.55463911886884,1.19094879101503
"2023-10-06 18:00:00",3.44767302180157,0.64869904221489
"2023-10-06 19:00:00",4.20888834487437,0.795609789197521
"2023-10-06 20:00:00",5.01768270848818,0.77372698776084
"2023-10-06 21:00:00",5.90829104718989,0.919741021757189
"2023-10-06 22:00:00",6.67252918013974,0.61664179051362
"2023-10-06 23:00:00",6.88012628832385,-0.0835578084957527
"2023-10-07 00:00:00",6.7672574511693,-0.135911438678607
"2023-10-07 01:00:00",7.01285802233614,0.479546570277981
"2023-10-07 02:00:00",7.40777735981622,0.310699084938645
"2023-10-07 03:00:00",7.58187373268172,0.0652108607597988
"2023-10-07 04:00:00",7.52952683587009,-0.137999888491347
"2023-10-07 05:00:00",7.27367064812951,-0.331970119160493
"2023-10-07 06:00:00",6.95132645108983,-0.309982255427898
"2023-10-07 07:00:00",6.15103453377396,-1.09808758918087
"2023-10-07 08:00:00",5.1322994662577,-0.92535084172001
"2023-10-07 09:00:00",4.13875753836235,-0.998402868205988
"2023-10-07 10:00:00",3.482579772613,-0.402183594842664
"2023-10-07 11:00:00",2.57706561525805,-1.20252037776006
"2023-10-07 12:00:00",1.26627424495036,-1.32400364355143
"2023-10-07 13:00:00",0.661609138349524,-0.0980126097756573
"2023-10-07 14:00:00",1.04632795065001,0.687400180897745
"2023-10-07 15:00:00",1.16005846925903,-0.27546215037834
"2023-10-07 16:00:00",0.184757439272959,-1.3970015615928
"2023-10-07 17:00:00",-0.366619988016218,0.0383254856564124
"2023-10-07 18:00:00",0.076519173705512,0.692425118847832
"2023-10-07 19:00:00",0.751227466701639,0.630736968816565
"2023-10-07 20:00:00",1.13580998788198,0.201239188483403
"2023-10-07 21:00:00",1.29951940374217,0.129447024519472
"2023-10-07 22:00:00",1.22920113145501,-0.201825960696509
"2023-10-07 23:00:00",1.05580702269136,-0.147784227968472
"2023-10-08 00:00:00",1.03901105290619,0.0699656843158014
"2023-10-08 01:00:00",1.11469909117289,0.0745673643404659
"2023-10-08 02:00:00",1.20117174074857,0.0888638510610347
"2023-10-08 03:00:00",1.1938612279104,-0.0726261050114693
"2023-10-08 04:00:00",0.972387867209048,-0.311717319086433
"2023-10-08 05:00:00",0.299737596560841,-0.882557275610442
"2023-10-08 06:00:00",-0.859152785103216,-1.28842585161842
"2023-10-08 07:00:00",-1.4084480792071,-0.0293406619112382
"2023-10-08 08:00:00",-1.48769497908887,-0.106936480763446
"2023-10-08 09:00:00",-1.53682800132075,-0.00634622795452845
"2023-10-08 10:00:00",-1.59852080735099,-0.0936779484309972
"2023-10-08 11:00:00",-1.71874103705758,-0.13014214966715
"2023-10-08 12:00:00",-1.89429429337358,-0.195269875349498
"2023-10-08 13:00:00",-2.10085224776466,-0.201826732556844
"2023-10-08 14:00:00",-2.23351397390071,-0.0775413525773603
"2023-10-08 15:00:00",-2.10040001738112,0.270101061138459
"2023-10-08 16:00:00",-2.43588694642918,-0.720556739133537
"2023-10-08 17:00:00",-2.41848088313196,0.511684693795052
"2023-10-08 18:00:00",-1.74464143317668,0.753036819058404
"2023-10-08 19:00:00",-1.68142573299035,-0.397413101043697
"2023-10-08 20:00:00",-2.51983598908779,-1.0903959934924
"2023-10-08 21:00:00",-2.74183504889929,0.370718741663539
"2023-10-08 22:00:00",-2.52937473492478,0.10039361880856
"2023-10-08 23:00:00",-2.4220986206883,0.110026016209153
"2023-10-09 00:00:00",-2.01383842069568,0.590800470459697
"2023-10-09 01:00:00",-1.64897345343453,0.19950072027019
"2023-10-09 02:00:00",-1.40424617579209,0.265373383107376
"2023-10-09 03:00:00",-1.35883232640562,-0.10157189144766
"2023-10-09 04:00:00",-1.42642575664749,-0.0399785240519067
"2023-10-09 05:00:00",-1.62375813122699,-0.291017974031172
"2023-10-09 06:00:00",-2.010908524583,-0.430748083642687
"2023-10-09 07:00:00",-2.55606009820291,-0.592922776854169
"2023-10-09 08:00:00",-3.17788545218,-0.608250943841095
"2023-10-09 09:00:00",-3.47527231305611,-0.0719210016184297
"2023-10-09 10:00:00",-3.53710235060873,-0.047686497520075
"2023-10-09 11:00:00",-3.83669514602206,-0.44873313568926
"2023-10-09 12:00:00",-4.97426398429801,-1.53778438567352
"2023-10-09 13:00:00",-5.585531254083,0.0418572049645303
"2023-10-09 14:00:00",-5.36098867940307,0.342858134074437
"2023-10-09 15:00:00",-4.88227427611737,0.55344366377017
"2023-10-09 16:00:00",-4.44195774367968,0.350267439011582
"2023-10-09 17:00:00",-3.95855858029801,0.554905215302383
"2023-10-09 18:00:00",-3.30243140169837,0.697529585892656
"2023-10-09 19:00:00",-2.64023425223242,0.611430905995996
"2023-10-09 20:00:00",-2.0125868057856,0.612035081735131
"2023-10-09 21:00:00",-1.48741684341159,0.444898533629293
"2023-10-09 22:00:00",-1.04035475354948,0.429177012008794
"2023-10-09 23:00:00",-0.670453080414892,0.314148555658039
"2023-10-10 00:00:00",-0.729853793267236,-0.304742720665502
"2023-10-10 01:00:00",-0.649447269929365,0.334287964102249
"2023-10-10 02:00:00",-0.139927982828254,0.602963039516042
"2023-10-10 03:00:00",0.374123497254954,0.430531024152475
"2023-10-10 04:00:00",0.77621627499261,0.363544983139529
"2023-10-10 05:00:00",1.42232448679044,0.802777636223757
"2023-10-10 06:00:00",2.19367419947576,0.711911274274179
"2023-10-10 07:00:00",2.43153957283733,-0.0922898517168733
"2023-10-10 08:00:00",2.10249756340184,-0.474371518716184
"2023-10-10 09:00:00",1.54362861313224,-0.591351794628152
"2023-10-10 10:00:00",1.12369048345688,-0.287698208600834
"2023-10-10 11:00:00",0.90470232930369,-0.164224032136229
"2023-10-10 12:00:00",1.14576951396897,0.498635606959244
"2023-10-10 13:00:00",1.52394198736116,0.278418129266996
"2023-10-10 14:00:00",1.67225702540424,0.052569530337175
"2023-10-10 15:00:00",1.84438943235759,0.241505158998884
"2023-10-10 16:00:00",1.83162995892112,-0.184036712132756
"2023-10-10 17:00:00",1.81403877555871,0.0918463173783991
"2023-10-10 18:00:00",2.20194942419185,0.564512704601644
"2023-10-10 19:00:00",2.95979836005004,0.847887660345265
"2023-10-10 20:00:00",3.43447553904012,0.199504061124431
"2023-10-10 21:00:00",4.08423881472816,0.914629025910281
"2023-10-10 22:00:00",5.16582893400642,1.13623623298794
"2023-10-10 23:00:00",5.68908472714865,0.0830876334393648
"2023-10-11 00:00:00",5.78052223061821,0.0853280081500646
"2023-10-11 01:00:00",5.52092564521629,-0.48465531879938
"2023-10-11 02:00:00",5.25248192679962,-0.118663056779313
"2023-10-11 03:00:00",5.03907166259025,-0.273201207784816
"2023-10-11 04:00:00",5.15996176237508,0.371375249689456
"2023-10-11 05:00:00",5.55103232917206,0.378968029932165
"2023-10-11 06:00:00",5.82049255785567,0.176498649435973
"2023-10-11 07:00:00",6.20157470191922,0.491859794176822
"2023-10-11 08:00:00",6.97434722515129,0.915331533280434
"2023-10-11 09:00:00",7.34977339895695,-0.011331769775694
"2023-10-11 10:00:00",7.82324132245925,0.764692476178859
"2023-10-11 11:00:00",8.29906237455323,0.25055165405837
"2023-10-11 12:00:00",8.88343766970367,0.768457351758684
"2023-10-11 13:00:00",9.20063737522685,-0.0101539232340468
"2023-10-11 14:00:00",9.44404579008567,0.38902460233633
"2023-10-11 15:00:00",9.62352358921433,0.0190840667235813
"2023-10-11 16:00:00",9.36979093718212,-0.435951006980863
"2023-10-11 17:00:00",9.09318550462518,-0.169306605458295
"2023-10-11 18:00:00",8.84722881990196,-0.297085609136959
"2023-10-11 19:00:00",8.66899378829979,-0.101933539526422
"2023-10-11 20:00:00",8.66414108980212,0.048926537191786
"2023-10-11 21:00:00",8.70166453611148,0.016973849732188
"2023-10-11 22:00:00",8.96536874731174,0.404444355647309
"2023-10-11 23:00:00",9.85560585583031,1.16023723680871
"2023-10-12 00:00:00",9.44993526811701,-1.44301416920126
"2023-10-12 01:00:00",9.05745516971243,0.314337362043467
"2023-10-12 02:00:00",8.75299642309378,-0.714186223026814
"2023-10-12 03:00:00",8.40858301697718,-0.0928151329218234
"2023-10-12 04:00:00",8.0893809081875,-0.465791191607198
"2023-10-12 05:00:00",7.40136737670027,-0.81388923306843
"2023-10-12 06:00:00",6.48270907574741,-0.954386482888988
"2023-10-12 07:00:00",5.53950152583668,-0.899288028137904
"2023-10-12 08:00:00",4.32083853568336,-1.38080412656694
"2023-10-12 09:00:00",2.94850686993532,-1.30703894911117
"2023-10-12 10:00:00",1.73707526535469,-1.09392743466815
"2023-10-12 11:00:00",1.21224706880318,-0.122734009338886
"2023-10-12 12:00:00",0.304580688774323,-1.38937615147519
"2023-10-12 13:00:00",-0.0262560492252188,0.39017293855546
"2023-10-12 14:00:00",0.583685609000581,0.727501458302914
"2023-10-12 15:00:00",0.965340421909997,0.132206155454778
"2023-10-12 16:00:00",0.999377636641546,-0.0342689990646735
"2023-10-12 17:00:00",1.11852223959042,0.214469139478547
"2023-10-12 18:00:00",1.4234813004457,0.349351873515739
"2023-10-12 19:00:00",0.924965773034661,-1.04189605721683
"2023-10-12 20:00:00",0.4403593219901,-0.0912500493944041
"2023-10-12 21:00:00",0.766936805448313,0.589038264399244
"2023-10-12 22:00:00",1.14373691011165,0.216416820652979
"2023-10-12 23:00:00",1.43354552733345,0.323490320596377
"2023-10-13 00:00:00",1.50411168145565,-0.103247624306939
"2023-10-13 01:00:00",1.44162824346114,-0.0342767922994225
"2023-10-13 02:00:00",1.82433759045768,0.640651627536024
"2023-10-13 03:00:00",2.72153109936395,1.02323364533378
"2023-10-13 04:00:00",3.6620394107624,0.837159717829091
"2023-10-13 05:00:00",3.96450443269188,-0.0730839122068432
"2023-10-13 06:00:00",3.82475690582113,-0.182657115610114
"2023-10-13 07:00:00",4.24387105249884,0.795443604116427
"2023-10-13 08:00:00",4.91445402924386,0.550009660335106
"2023-10-13 09:00:00",5.2462302568886,0.164191195642204
"2023-10-13 10:00:00",4.87215444860824,-0.721898836860273
"2023-10-13 11:00:00",4.46659784946745,-0.18167178841152
"2023-10-13 12:00:00",4.23100142965892,-0.266105814258116
"2023-10-13 13:00:00",5.26619301966751,1.84806483354943
"2023-10-13 14:00:00",6.67738843738611,1.04610897300746
"2023-10-13 15:00:00",7.65759925387102,0.881096013419794
"2023-10-13 16:00:00",8.5037989269402,0.772857425955938
"2023-10-13 17:00:00",9.49480842127365,1.07839165476263
"2023-10-13 18:00:00",10.3970687222497,0.729731585726136
"2023-10-13 19:00:00",10.9869998037347,0.455301558078444
"2023-10-13 20:00:00",11.416184572626,0.377221486057722
"2023-10-13 21:00:00",11.7430468571201,0.263046919772919
"2023-10-13 22:00:00",11.9243585969789,0.103074684966793
"2023-10-13 23:00:00",11.9253661151852,-0.08244966216785
"2023-10-14 00:00:00",11.1930028133259,-1.14619727628488
"2023-10-14 01:00:00",10.9424945167072,0.344088330720174
"2023-10-14 02:00:00",10.5803155915177,-0.82990574135965
"2023-10-14 03:00:00",10.3765428721165,0.209691636496691
"2023-10-14 04:00:00",10.4145389800163,-0.0916423608047259
"2023-10-14 05:00:00",10.9286623641549,0.880109442591468
"2023-10-14 06:00:00",9.44162998513808,-3.00852004445547
"2023-10-14 07:00:00",6.52169619166209,-2.7342903577774
"2023-10-14 08:00:00",4.16500184760612,-2.00138315400633
"2023-10-14 09:00:00",2.88901035151557,-0.737137942777051
"2023-10-14 10:00:00",2.16310926050955,-0.687638396074978
"2023-10-14 11:00:00",1.57200186063423,-0.501452820139722
"2023-10-14 12:00:00",1.14118462280371,-0.365281162469536
"2023-10-14 13:00:00",0.658039050769511,-0.540232274824918
"2023-10-14 14:00:00",0.307534276937659,-0.208214096778569
"2023-10-14 15:00:00",-0.274317353257009,-0.803686178756479
"2023-10-14 16:00:00",-0.974498358053524,-0.597553086923523
"2023-10-14 17:00:00",-1.71004870772251,-0.791338354935101
"2023-10-14 18:00:00",-2.15356713213319,-0.188363120140842
"2023-10-14 19:00:00",-2.06794076615552,0.266989101900149
"2023-10-14 20:00:00",-1.97794990161272,-0.0296175335250558
"2023-10-14 21:00:00",-1.89797585416231,0.15178232824517
"2023-10-14 22:00:00",-1.88095406725964,-0.0711801957045841
"2023-10-14 23:00:00",-2.07521161709956,-0.264652948609075
"2023-10-15 00:00:00",-2.40645673470871,-0.357224482477071
"2023-10-15 01:00:00",-2.67153636058709,-0.187953397173228
"2023-10-15 02:00:00",-2.77443958329016,-0.0378716400863127
"2023-10-15 03:00:00",-2.82186978124202,-0.0479734788129384
"2023-10-15 04:00:00",-2.88219670304664,-0.0620594655335118
"2023-10-15 05:00:00",-3.11991886950249,-0.339818262710737
"2023-10-15 06:00:00",-3.5784687050163,-0.511892571532795
"2023-10-15 07:00:00",-3.77625211992427,0.0256288883111274
"2023-10-15 08:00:00",-3.78093798700104,-0.0198066308104341
"2023-10-15 09:00:00",-3.83146243850605,-0.0637296626426821
"2023-10-15 10:00:00",-4.0894062572488,-0.370223203027677
"2023-10-15 11:00:00",-4.4253081510189,-0.291789974669225
"2023-10-15 12:00:00",-5.18814801476888,-1.03491571989101
"2023-10-15 13:00:00",-5.67388127022462,-0.0898506467292122
"2023-10-15 14:00:00",-5.76529234520107,-0.0807962086498529
"2023-10-15 15:00:00",-5.61536831505407,0.304039758703255
"2023-10-15 16:00:00",-5.66226831216243,-0.271391281077486
"2023-10-15 17:00:00",-5.87147096697349,-0.150506721736051
"2023-10-15 18:00:00",-5.66719423172158,0.438653892995609
"2023-10-15 19:00:00",-5.24228711479806,0.402854163255085
"2023-10-15 20:00:00",-5.05833595239431,0.0360322436844779
"2023-10-15 21:00:00",-5.05151786585911,-0.00646353028281732
"2023-10-15 22:00:00",-5.11807776882692,-0.0969512261828658
"2023-10-15 23:00:00",-5.26228620234177,-0.16226488084191
"2023-10-16 00:00:00",-5.68000751208855,-0.561391908534055
"2023-10-16 01:00:00",-6.05211611027802,-0.220920264169158
"2023-10-16 02:00:00",-6.14269997062052,0.00840882347509505
"2023-10-16 03:00:00",-6.16948186264272,-0.0410538575571717
"2023-10-16 04:00:00",-6.25868453145904,-0.109112512554029
"2023-10-16 05:00:00",-6.44830919418973,-0.226222766121689
"2023-10-16 06:00:00",-6.77576853981967,-0.371079336552234
"2023-10-16 07:00:00",-6.26115534137755,1.08934204092507
"2023-10-16 08:00:00",-5.49410030043532,0.52381880929829
"2023-10-16 09:00:00",-5.13654728073541,0.236800018439927
"2023-10-16 10:00:00",-4.94415485207778,0.160264437356165
"2023-10-16 11:00:00",-4.91612812467469,-0.0550910507550047
"2023-10-16 12:00:00",-5.09407969043429,-0.245066145357218
"2023-10-16 13:00:00",-5.21670094298731,-0.0286016123929375
"2023-10-16 14:00:00",-5.30792893003391,-0.121920884024776
"2023-10-16 15:00:00",-5.30919788466112,0.0860643788112623
"2023-10-16 16:00:00",-5.46423940226216,-0.301567181200186
"2023-10-16 17:00:00",-6.25815374460496,-1.0773727382245
"2023-10-16 18:00:00",-6.92350686289641,-0.350996634426459
"2023-10-16 19:00:00",-7.13441398597776,-0.0985719231011995
"2023-10-16 20:00:00",-7.80911131215512,-1.01751987514685
"2023-10-16 21:00:00",-8.53554008371827,-0.48778910234157
"2023-10-16 22:00:00",-8.88085409619815,-0.222924265732979
"2023-10-16 23:00:00",-8.92520987214301,0.0882394586960649
"2023-10-17 00:00:00",-8.15377082559142,1.20174043528785
"2023-10-17 01:00:00",-7.48112127207849,0.29847130292176
"2023-10-17 02:00:00",-7.54921946067859,-0.299597594599709
"2023-10-17 03:00:00",-7.83203782605147,-0.248465163445969
"2023-10-17 04:00:00",-8.22364855553303,-0.458338073072317
"2023-10-17 05:00:00",-7.98182042949503,0.70770313933735
"2023-10-17 06:00:00",-7.53335068389214,0.264624750617696
"2023-10-17 07:00:00",-7.39298344761982,0.0605675762590482
"2023-10-17 08:00:00",-7.56852039748719,-0.315069336219551
"2023-10-17 09:00:00",-7.06100919523722,1.04152511076956
"2023-10-17 10:00:00",-6.16619408764818,0.763587839708683
"2023-10-17 11:00:00",-5.43750872494983,0.678736508966755
"2023-10-17 12:00:00",-5.04883866623586,0.183833094012883
"2023-10-17 13:00:00",-5.02241125369393,-0.0732578360396231
"2023-10-17 14:00:00",-4.86617358069994,0.308279635257915
"2023-10-17 15:00:00",-4.54912710359507,0.314095624790533
"2023-10-17 16:00:00",-4.22175158851624,0.326533936891413
"2023-10-17 17:00:00",-4.30248612755773,-0.342965680826314
"2023-10-17 18:00:00",-4.40426797405304,0.0693854302002044
"2023-10-17 19:00:00",-5.91233047211297,-2.48233918559883
"2023-10-17 20:00:00",-8.35307493886776,-2.28941391157288
"2023-10-17 21:00:00",-9.62070716991622,-0.515455158358534
"2023-10-17 22:00:00",-9.9834030354355,-0.231225783326544
"2023-10-17 23:00:00",-10.0348709523713,0.0836789261637234
"2023-10-18 00:00:00",-10.0368176434584,-0.0460060740755619
"2023-10-18 01:00:00",-11.0944332332313,-1.66881991653779
"2023-10-18 02:00:00",-11.8512848890429,-0.0986217539189289
"2023-10-18 03:00:00",-11.8361099185058,0.105588579881823
"2023-10-18 04:00:00",-11.8161228930429,-0.0227775233302757
"2023-10-18 05:00:00",-11.8523019812738,-0.0281679022054877
"2023-10-18 06:00:00",-11.4645414613874,0.661888139677103
"2023-10-18 07:00:00",-10.517222795479,1.10735964968812
"2023-10-18 08:00:00",-8.66138789526064,2.28017432848241
"2023-10-18 09:00:00",-6.41842876069293,2.12272647520302
"2023-10-18 10:00:00",-4.44817627867834,1.78325049998136
"2023-10-18 11:00:00",-3.31003240424931,0.659728098639785
"2023-10-18 12:00:00",-3.13104913032325,-0.145747732942689
"2023-10-18 13:00:00",-3.13418493882071,0.0961208679333314
"2023-10-18 14:00:00",-3.15682115055437,-0.0966919040576234
"2023-10-18 15:00:00",-3.50642920347532,-0.497534951602637
"2023-10-18 16:00:00",-4.48528300349806,-1.24869473329522
"2023-10-18 17:00:00",-5.52353930249753,-0.842849393742083
"2023-10-18 18:00:00",-6.04782350352605,-0.279879740321497
"2023-10-18 19:00:00",-5.96852903005845,0.322765076768943
"2023-10-18 20:00:00",-5.60950271137805,0.37383039179317
"2023-10-18 21:00:00",-5.24735550617254,0.344377924218825
"2023-10-18 22:00:00",-4.94747539798796,0.262727008620947
"2023-10-18 23:00:00",-4.61878469143198,0.363421885687986
"2023-10-19 00:00:00",-4.31465271312829,0.256105631516048
"2023-10-19 01:00:00",-4.12084567864181,0.148625595794443
"2023-10-19 02:00:00",-4.06877808247294,-0.00946742992445404
"2023-10-19 03:00:00",-3.90703235004458,0.273442866959873
"2023-10-19 04:00:00",-3.6641766954958,0.215958764710174
"2023-10-19 05:00:00",-3.63843007662757,-0.0975611546238652
"2023-10-19 06:00:00",-3.87448132608771,-0.312470949261816
"2023-10-19 07:00:00",-4.37112429739006,-0.590829448505493
"2023-10-19 08:00:00",-5.22551837853201,-0.983867995608274
"2023-10-19 09:00:00",-6.1471548434004,-0.82962032663262
"2023-10-19 10:00:00",-6.98953158889159,-0.802930482452764
"2023-10-19 11:00:00",-7.58196437890564,-0.414944662756646
"2023-10-19 12:00:00",-7.50925358476526,0.40412385053106
"2023-10-19 13:00:00",-7.30455900930031,0.0716934105329848
"2023-10-19 14:00:00",-7.40516182012432,-0.201271812147826
"2023-10-19 15:00:00",-7.17188281668285,0.521431639201799
"2023-10-19 16:00:00",-6.70674994730566,0.414739832847736
"2023-10-19 17:00:00",-6.14779104083631,0.637184250513987
"2023-10-19 18:00:00",-5.50257980829251,0.62782445712726
"2023-10-19 19:00:00",-4.84156959366797,0.658813498697244
"2023-10-19 20:00:00",-4.35326295786564,0.357672124135422
"2023-10-19 21:00:00",-4.00322721776692,0.333921025816418
"2023-10-19 22:00:00",-3.81130319153728,0.0932993954585069
"2023-10-19 23:00:00",-3.70298223321248,0.118099050609223
"2023-10-20 00:00:00",-3.72445090085447,-0.108720415638479
"2023-10-20 01:00:00",-3.68312287190479,0.144194063602178
"2023-10-20 02:00:00",-3.53614670477981,0.146592714552035
"2023-10-20 03:00:00",-3.39742663036067,0.131436510895872
"2023-10-20 04:00:00",-3.35670858070983,-0.0173168881691975
"2023-10-20 05:00:00",-3.50834553552841,-0.229651020956222
"2023-10-20 06:00:00",-3.93546280450653,-0.533942031299938
"2023-10-20 07:00:00",-4.63442464017368,-0.770687740810722
"2023-10-20 08:00:00",-5.63919279442151,-1.10710128800046
"2023-10-20 09:00:00",-6.65298403583581,-0.896144248182101
"2023-10-20 10:00:00",-7.8960300252246,-1.40666815333248
"2023-10-20 11:00:00",-9.05936740284181,-0.935663769338859
"2023-10-20 12:00:00",-10.183202208252,-1.18420227243643
"2023-10-20 13:00:00",-10.8067502417096,-0.207032229605567
"2023-10-20 14:00:00",-10.7785622191915,0.197584926761975
"2023-10-20 15:00:00",-10.4778761637323,0.369019779207896
"2023-10-20 16:00:00",-9.88921364880637,0.720617410517213
"2023-10-20 17:00:00",-8.8801108621503,1.16621440033465
"2023-10-20 18:00:00",-7.7090070666539,1.13015610973545
"2023-10-20 19:00:00",-6.63677193534031,0.992603667382179
"2023-10-20 20:00:00",-5.72096340636665,0.829646118572256
"2023-10-20 21:00:00",-4.93943785903418,0.719680125869058
"2023-10-20 22:00:00",-4.1906742474574,0.73893644675449
"2023-10-20 23:00:00",-3.59496301823354,0.47732163541765
"2023-10-21 00:00:00",-4.00695450289342,-0.980646848050221
"2023-10-21 01:00:00",-4.07178550767429,0.55394663799525
"2023-10-21 02:00:00",-3.75643710014099,0.14654734186993
"2023-10-21 03:00:00",-3.71915444097401,-0.0324903503327666
"2023-10-21 04:00:00",-3.32442825255928,0.665567749443701
"2023-10-21 05:00:00",-3.16172318574301,-0.175978848947468
"2023-10-21 06:00:00",-3.31974683282561,-0.134470350054692
"2023-10-21 07:00:00",-2.87529956531995,0.813543782234446
"2023-10-21 08:00:00",-1.64475204831372,1.45377557717021
"2023-10-21 09:00:00",0.0963764881715647,1.85207604794081
"2023-10-21 10:00:00",2.30087603758595,2.33456398538157
"2023-10-21 11:00:00",3.8469651424805,0.944014014184629
"2023-10-21 12:00:00",3.93512968963096,-0.491538820847909
"2023-10-21 13:00:00",4.19882172810583,0.749569496687497
"2023-10-21 14:00:00",4.81426138511109,0.491365395691931
"2023-10-21 15:00:00",4.83665616407933,-0.297514833625898
"2023-10-21 16:00:00",3.22918855917956,-2.41060135125046
"2023-10-21 17:00:00",1.87309312826467,-0.592823707199944
"2023-10-21 18:00:00",1.32873191920652,-0.488599388204585
"2023-10-21 19:00:00",0.486648978075973,-1.03943161611564
"2023-10-21 20:00:00",-1.15305147768254,-1.96258249703688
"2023-10-21 21:00:00",-2.20552302606225,-0.394242587569097
"2023-10-21 22:00:00",-2.14970565266353,0.356041895244944
"2023-10-21 23:00:00",-2.61516941972951,-0.988236306906432
"2023-10-22 00:00:00",-1.62678279081558,2.26251536776111
"2023-10-22 01:00:00",-0.738672156827274,-0.06824987529246
"2023-10-22 02:00:00",0.198077758767944,1.56317654206804
"2023-10-22 03:00:00",1.47875573932167,1.03123655439013
"2023-10-22 04:00:00",2.51019782046318,0.980660113730569
"2023-10-22 05:00:00",3.33944936689679,0.685674078032818
"2023-10-22 06:00:00",3.55677172370867,-0.109537062617089
"2023-10-22 07:00:00",3.22377507274881,-0.470726644406559
"2023-10-22 08:00:00",3.18612577571171,0.248698980071141
"2023-10-22 09:00:00",3.46115350493355,0.275405163116506
"2023-10-22 10:00:00",3.80972090663836,0.376317676406913
"2023-10-22 11:00:00",3.87430334977452,-0.151215637295087
"2023-10-22 12:00:00",3.48036809966819,-0.54201844954446
"2023-10-22 13:00:00",3.25232014624636,-0.0123859239363006
"2023-10-22 14:00:00",3.22154877618409,-0.0457568167324765
"2023-10-22 15:00:00",2.97707746936436,-0.369479547683946
"2023-10-22 16:00:00",2.03464700177093,-1.28344384732305
"2023-10-22 17:00:00",1.37363791555038,-0.217270706267076
"2023-10-22 18:00:00",1.94693734513074,1.07132439000486
"2023-10-22 19:00:00",2.64743722234709,0.417491596989674
"2023-10-22 20:00:00",2.93362479183051,0.181642105984759
"2023-10-22 21:00:00",2.91808742946421,-0.150030049008084
"2023-10-22 22:00:00",2.32738776152799,-0.860165012175291
"2023-10-22 23:00:00",1.68648889878935,-0.467267861429235
"2023-10-23 00:00:00",1.59922256769148,0.168037376178872
"2023-10-23 01:00:00",1.60383834173963,-0.106610208210804
"2023-10-23 02:00:00",1.31749700310648,-0.394620008775255
"2023-10-23 03:00:00",0.84988592605507,-0.495748109449588
"2023-10-23 04:00:00",0.351331837469583,-0.477828899178208
"2023-10-23 05:00:00",0.0884924933370666,-0.107478165796116
"2023-10-23 06:00:00",-0.484656741912038,-0.856469712878131
"2023-10-23 07:00:00",-0.617108263454244,0.357137648125457
"2023-10-23 08:00:00",0.098205659073219,0.920898012728805
"2023-10-23 09:00:00",0.945085857880711,0.757166073887934
"2023-10-23 10:00:00",1.73404701664804,0.771448762905755
"2023-10-23 11:00:00",2.12773472565642,0.120908992817531
"2023-10-23 12:00:00",2.20235542196993,0.0374746365827833
"2023-10-23 13:00:00",2.1980611389202,-0.034773642624753
"2023-10-23 14:00:00",2.325065777274,0.225987411053344
"2023-10-23 15:00:00",2.51919255206955,0.160665860608189
"2023-10-23 16:00:00",1.94282813365644,-1.04356738263619
"2023-10-23 17:00:00",0.365011265825314,-1.86150384486279
"2023-10-23 18:00:00",-0.390333604950391,0.0175051257077512
"2023-10-23 19:00:00",-0.391040823007931,-0.0123119865173099
"2023-10-23 20:00:00",-0.460344606986703,-0.103500508346097
"2023-10-23 21:00:00",-0.190280709885082,0.506862557904952
"2023-10-23 22:00:00",0.411498179338348,0.636704422268655
"2023-10-23 23:00:00",0.85036299149207,0.285589140560039
"2023-10-24 00:00:00",1.1367264249183,0.272176039600479
"2023-10-24 01:00:00",1.32339067745623,0.119322412499995
"2023-10-24 02:00:00",1.48071417865902,0.173475904807772
"2023-10-24 03:00:00",1.89714412595752,0.556700044718481
"2023-10-24 04:00:00",2.19490685754642,0.108546630049621
"2023-10-24 05:00:00",2.2987855579619,0.093002203454312
"2023-10-24 06:00:00",1.9017948058306,-0.707744658230761
"2023-10-24 07:00:00",1.55265975148744,-0.0959259990445756
"2023-10-24 08:00:00",1.41412800570751,-0.162352907697683
"2023-10-24 09:00:00",1.32177873818388,-0.0431148246260805
"2023-10-24 10:00:00",1.0093754038597,-0.478784004288472
"2023-10-24 11:00:00",0.608831805278859,-0.330651312563185
"2023-10-24 12:00:00",1.02357120632574,0.891165452444588
"2023-10-24 13:00:00",0.879569667052001,-0.82857730583981
"2023-10-24 14:00:00",0.744765379267773,0.332975639729382
"2023-10-24 15:00:00",0.693899698938581,-0.305298163418773
"2023-10-24 16:00:00",0.685530534450474,0.189083695192074
"2023-10-24 17:00:00",1.12406813180091,0.583114990134064
"2023-10-24 18:00:00",1.6545993831203,0.468817044894471
"2023-10-24 19:00:00",1.90799625355793,0.095612483390142
"2023-10-24 20:00:00",2.52218770557,0.928260299489364
"2023-10-24 21:00:00",3.03845204956764,0.213822388460373
"2023-10-24 22:00:00",2.92444724192663,-0.331050476819407
"2023-10-24 23:00:00",2.67727868539453,-0.183271361042829
"2023-10-25 00:00:00",2.35972160584758,-0.395439199354005
"2023-10-25 01:00:00",2.00907856358652,-0.307157837549089
"2023-10-25 02:00:00",1.64973680558674,-0.37964365052361
"2023-10-25 03:00:00",1.42107003205401,-0.119276969825961
"2023-10-25 04:00:00",1.61614419519143,0.39353705774112
"2023-10-25 05:00:00",1.60111257704166,-0.288774392912089
"2023-10-25 06:00:00",0.987537486440192,-0.803011720164577
"2023-10-25 07:00:00",0.398391108991654,-0.419848572670497
"2023-10-25 08:00:00",0.0701363964843713,-0.252108083759386
"2023-10-25 09:00:00",0.0687854986122366,0.165791548792842
"2023-10-25 10:00:00",0.0940825937424924,-0.0696550284942208
"2023-10-25 11:00:00",0.23038515502287,0.267007054724247
"2023-10-25 12:00:00",0.576132592864487,0.381513569579541
"2023-10-25 13:00:00",0.645158175222855,-0.143318672848324
"2023-10-25 14:00:00",0.822241360721674,0.381434585146098
"2023-10-25 15:00:00",0.631219803889429,-0.56463484621519
"2023-10-25 16:00:00",-0.808010282797958,-1.95470581895828
"2023-10-25 17:00:00",-1.64520062322511,-0.0513686744380332
"2023-10-25 18:00:00",-1.47121209161218,0.318076303566126
"2023-10-25 19:00:00",-1.06665941106868,0.444874337778634
"2023-10-25 20:00:00",-0.317761265831708,0.91736459027809
"2023-10-25 21:00:00",0.354631069263352,0.477538074237315
"2023-10-25 22:00:00",0.735862019358974,0.298454460637714
"2023-10-25 23:00:00",1.03417091654,0.283088180871568
"2023-10-26 00:00:00",1.21363503098726,0.100521924207842
"2023-10-26 01:00:00",1.24092063814328,-0.0243982579065368
"2023-10-26 02:00:00",1.25340344365832,0.0348775455199365
"2023-10-26 03:00:00",1.4645356278074,0.316985293640494
"2023-10-26 04:00:00",1.74655000234063,0.243412486666648
"2023-10-26 05:00:00",1.82900429384618,-0.031018129020376
"2023-10-26 06:00:00",1.48608110058826,-0.53691774370345
"2023-10-26 07:00:00",1.13865347846386,-0.206508430989818
"2023-10-26 08:00:00",0.923606027602301,-0.211988381786615
"2023-10-26 09:00:00",0.411470627391495,-0.689083838427823
"2023-10-26 10:00:00",-0.49166175055049,-1.00344294034947
"2023-10-26 11:00:00",-1.09130049130696,-0.301312492630719
"2023-10-26 12:00:00",-1.43182420501106,-0.349076372640684
"2023-10-26 13:00:00",-2.19561286216943,-1.00211904971422
"2023-10-26 14:00:00",-2.54719431723724,0.10163912273163
"2023-10-26 15:00:00",-2.27627809644561,0.374174249968738
"2023-10-26 16:00:00",-1.84407078116219,0.453290359483965
"2023-10-26 17:00:00",-1.5118849820917,0.238041796673385
"2023-10-26 18:00:00",-1.06397909194263,0.568476928280974
"2023-10-26 19:00:00",-0.639869075443528,0.309084639625483
"2023-10-26 20:00:00",-0.898886108115764,-0.624612220908524
"2023-10-26 21:00:00",-1.16948565038067,-0.0205780637914775
"2023-10-26 22:00:00",-0.974225945774891,0.331377495396751
"2023-10-26 23:00:00",-0.795979006997129,0.0689468307179253
"2023-10-27 00:00:00",-0.526868773396222,0.390787995384926
"2023-10-27 01:00:00",0.275902223310901,1.03995344542838
"2023-10-27 02:00:00",0.951176026045721,0.399714048725428
"2023-10-27 03:00:00",1.31024489627383,0.313684139578267
"2023-10-27 04:00:00",1.62601252656637,0.300463149917138
"2023-10-27 05:00:00",1.80933599530656,0.094424982477617
"2023-10-27 06:00:00",1.7040456074462,-0.235759887507646
"2023-10-27 07:00:00",1.34865032716515,-0.42045853054408
"2023-10-27 08:00:00",0.865797851943596,-0.503240760615062
"2023-10-27 09:00:00",0.244115027561301,-0.672216560083829
"2023-10-27 10:00:00",-0.550535002561046,-0.838824270119993
"2023-10-27 11:00:00",-1.36957662265592,-0.766223661424204
"2023-10-27 12:00:00",-1.8435230969851,-0.25481184898493
"2023-10-27 13:00:00",-2.72630535941323,-1.25709732370978
"2023-10-27 14:00:00",-3.23674728251118,0.0150889037903794
"2023-10-27 15:00:00",-3.07377919873837,0.25797925649824
"2023-10-27 16:00:00",-2.73265529262915,0.384303604916783
"2023-10-27 17:00:00",-2.33712188042524,0.387745617997322
"2023-10-27 18:00:00",-1.91918281135051,0.421219105227014
"2023-10-27 19:00:00",-1.47465769405994,0.441411698692168
"2023-10-27 20:00:00",-1.07234203582302,0.359034528020799
"2023-10-27 21:00:00",-0.754703004233051,0.276330313311695
"2023-10-27 22:00:00",-0.513649559698315,0.207053731976879
"2023-10-27 23:00:00",-0.266258879518783,0.263187564717594
"2023-10-28 00:00:00",-0.0359847708932189,0.197732798021073
"2023-10-28 01:00:00",0.0662204427778676,0.0337108781372239
"2023-10-28 02:00:00",0.234829756591784,0.250442545883508
"2023-10-28 03:00:00",0.517770761443377,0.290858502501269
"2023-10-28 04:00:00",0.757107031719445,0.192948393424843
"2023-10-28 05:00:00",0.825067788054667,-0.0195679822805762
"2023-10-28 06:00:00",0.670220272231608,-0.238737270769509
"2023-10-28 07:00:00",0.320975919350509,-0.407182270901614
"2023-10-28 08:00:00",-0.0160888120119052,-0.274717004272123
"2023-10-28 09:00:00",-0.320643497293984,-0.309953161383707
"2023-10-28 10:00:00",-0.300031325669183,0.24041903630338
"2023-10-28 11:00:00",-0.480055610544138,-0.451373835052857
"2023-10-28 12:00:00",-0.563218450526561,0.166877447938949
"2023-10-28 13:00:00",-0.566003699986151,-0.115033687574636
"2023-10-28 14:00:00",-0.568518310602876,0.0733456814441587
"2023-10-28 15:00:00",-0.43976382034525,0.160307331078721
"2023-10-28 16:00:00",-0.880113164923875,-0.819288561229039
"2023-10-28 17:00:00",-1.32176749162908,-0.167781187936168
"2023-10-28 18:00:00",-0.818639866884927,0.928187525474182
"2023-10-28 19:00:00",0.0413144950647445,0.774656772738941
"2023-10-28 20:00:00",0.405381172956624,0.0729911246208004
"2023-10-28 21:00:00",0.409481511062915,-0.0425432941021989
"2023-10-28 22:00:00",0.421856281995266,0.0478704979110579
"2023-10-28 23:00:00",0.187073540705725,-0.412601924782982
"2023-10-29 00:00:00",-0.0569105310508418,-0.120221166554517
"2023-10-29 01:00:00",0.016412677611711,0.198939673115088
"2023-10-29 02:00:00",0.33148418666685,0.377498278893289
"2023-10-29 03:00:00",0.810430683928335,0.523391120374366
"2023-10-29 04:00:00",1.80250456178752,1.25633673531752
"2023-10-29 05:00:00",2.70895082647243,0.627793452058934
"2023-10-29 06:00:00",3.22039467404558,0.406084531121093
"2023-10-29 07:00:00",3.40307665694489,0.0209187523387275
"2023-10-29 08:00:00",3.35416573509095,-0.0975242249486818
"2023-10-29 09:00:00",2.84196268987052,-0.768633521027972
"2023-10-29 10:00:00",2.86786252336838,0.550686895071477
"2023-10-29 11:00:00",3.47722549429091,0.615827641468638
"2023-10-29 12:00:00",4.52973154358694,1.28912491632682
"2023-10-29 13:00:00",4.2902750864996,-1.25295164883575
"2023-10-29 14:00:00",4.02282398286637,0.39671882443015
"2023-10-29 15:00:00",4.25075390025917,0.0993910055851158
"2023-10-29 16:00:00",4.11627422331191,-0.289477943899979
"2023-10-29 17:00:00",3.83970224151801,-0.260129842795361
"2023-10-29 18:00:00",3.86037375736874,0.201939135231889
"2023-10-29 19:00:00",4.21962697700542,0.442081559509622
"2023-10-29 20:00:00",4.91431280199897,0.824637404052317
"2023-10-29 21:00:00",5.49260862531098,0.38025807207612
"2023-10-29 22:00:00",5.48213681386543,-0.277534133343104
"2023-10-29 23:00:00",5.41797272607595,0.0740649823722715
"2023-10-30 00:00:00",5.45027027771125,-0.00406326628408128
"2023-10-30 01:00:00",5.3135795315997,-0.225635308966806
"2023-10-30 02:00:00",5.2483756792261,0.0380000330813329
"2023-10-30 03:00:00",5.29114795286886,0.0371581685452548
"2023-10-30 04:00:00",5.2424977833912,-0.110361086227213
"2023-10-30 05:00:00",5.10452352311791,-0.156581743330673
"2023-10-30 06:00:00",4.66457394785648,-0.614529814399338
"2023-10-30 07:00:00",4.27813189240142,-0.222033392463563
"2023-10-30 08:00:00",4.24737498242063,0.0927073550920214
"2023-10-30 09:00:00",4.26741561970877,-0.0348284891480117
"2023-10-30 10:00:00",4.12698083708836,-0.209663390293375
"2023-10-30 11:00:00",3.92103466238612,-0.198999652576415
"2023-10-30 12:00:00",4.03103976802273,0.305724794072358
"2023-10-30 13:00:00",4.26806290946044,0.174765246567903
"2023-10-30 14:00:00",4.31676916497013,-0.043145947964791
"2023-10-30 15:00:00",3.69274457069522,-0.987179798891012
"2023-10-30 16:00:00",3.04837295744848,-0.389975017198106
"2023-10-30 17:00:00",3.42024399222711,0.858160621344643
"2023-10-30 18:00:00",3.99618677785555,0.356025000932679
"2023-10-30 19:00:00",4.05997974757205,-0.139205959723519
"2023-10-30 20:00:00",4.39175519347266,0.624760311828831
"2023-10-30 21:00:00",4.76573556491047,0.18336606821
"2023-10-30 22:00:00",4.75387247356013,-0.147591043082581
"2023-10-30 23:00:00",4.75219665379751,0.0895531652962704
"2023-10-31 00:00:00",4.68919295624914,-0.167836317623604
"2023-10-31 01:00:00",4.30014044817446,-0.524082422989589
"2023-10-31 02:00:00",4.08227004288642,-0.00892059290921765
"2023-10-31 03:00:00",4.09998759216552,0.0293736884696948
"2023-10-31 04:00:00",4.14909489353007,0.0546460472653983
"2023-10-31 05:00:00",4.26551727132571,0.146727079528314
"2023-10-31 06:00:00",4.18491269057973,-0.233822707203054
"2023-10-31 07:00:00",3.99657452807776,-0.154458597327211
"2023-10-31 08:00:00",4.1722390007273,0.382245366256092
"2023-10-31 09:00:00",3.40523372629375,-1.50208814341156
"2023-10-31 10:00:00",2.36320459786976,-0.690199719909389
"2023-10-31 11:00:00",1.81462161046124,-0.431150333145261
"2023-10-31 12:00:00",1.50640126789317,-0.213960282323278
"2023-10-31 13:00:00",1.34962441519162,-0.113146417797151
"2023-10-31 14:00:00",0.787957547134586,-0.835724516719798
"2023-10-31 15:00:00",0.502520414192435,0.0939633496117928
"2023-10-31 16:00:00",0.966169510952591,0.687422241157744
"2023-10-31 17:00:00",1.34055578901397,0.146663567923197
"2023-10-31 18:00:00",1.72235697824389,0.51868657112911
"2023-10-31 19:00:00",1.79455602083484,-0.231104550046878
"2023-10-31 20:00:00",1.80732673212657,0.172432156429635
"2023-10-31 21:00:00",1.34921150443047,-0.859032614107314
"2023-10-31 22:00:00",0.277588802968577,-1.16416279581004
"2023-10-31 23:00:00",-0.336950574744414,-0.219285145383092
"2023-11-01 00:00:00",-0.79277256916223,-0.591415999253938
"2023-11-01 01:00:00",-1.03192519241554,0.00807159835626975
"2023-11-01 02:00:00",-0.92165782392231,0.174486629639795
"2023-11-01 03:00:00",-0.781821842335391,0.111278668486011
"2023-11-01 04:00:00",-0.624907499663511,0.180888594502286
"2023-11-01 05:00:00",-0.441883265500618,0.176556028978502
"2023-11-01 06:00:00",-0.902443063992791,-0.862841586438355
"2023-11-01 07:00:00",-1.50002688957515,-0.391188625266505
"2023-11-01 08:00:00",-0.80500597394542,1.38805434501273
"2023-11-01 09:00:00",0.701255848510758,1.51452620835962
"2023-11-01 10:00:00",1.83542469425293,0.825802948883284
"2023-11-01 11:00:00",2.21092085622582,0.0550882574131973
"2023-11-01 12:00:00",2.21214486658158,-0.0375920276149445
"2023-11-01 13:00:00",2.94577860186889,1.2100631856057
"2023-11-01 14:00:00",3.41624717713876,-0.0487384421712451
"2023-11-01 15:00:00",3.29423574562423,-0.169463521466916
"2023-11-01 16:00:00",3.5277044652605,0.486746449874433
"2023-11-01 17:00:00",3.3669490808266,-0.589322766372762
"2023-11-01 18:00:00",2.80965206015787,-0.513803124296895
"2023-11-01 19:00:00",2.79421681991049,0.313917364665862
"2023-11-01 20:00:00",3.0751237375328,0.241951193274542
"2023-11-01 21:00:00",3.0490281764244,-0.207512922282968
"2023-11-01 22:00:00",3.13598450727659,0.275204773161567
"2023-11-01 23:00:00",3.14055095621223,-0.180114060183005
"2023-11-02 00:00:00",3.0702585209827,0.00221409437015976
"2023-11-02 01:00:00",3.3935918618157,0.518088304010745
"2023-11-02 02:00:00",3.95824368198763,0.564488780084792
"2023-11-02 03:00:00",3.65982532471723,-0.864599981156765
"2023-11-02 04:00:00",2.99818371554016,-0.499613566924003
"2023-11-02 05:00:00",2.31316202309417,-0.779936675211862
"2023-11-02 06:00:00",1.61603857022193,-0.611769443703101
"2023-11-02 07:00:00",1.28616296608717,-0.128356499306019
"2023-11-02 08:00:00",1.68552306614961,0.730530537782381
"2023-11-02 09:00:00",2.19873009009917,0.341767905821255
"2023-11-02 10:00:00",2.94677522572094,0.980512143898472
"2023-11-02 11:00:00",3.43219610742717,0.128501531691365
"2023-11-02 12:00:00",3.23615469304367,-0.407506670626466
"2023-11-02 13:00:00",3.11818142596087,0.0764816568343049
"2023-11-02 14:00:00",3.42403859119785,0.440219374041437
"2023-11-02 15:00:00",3.74918801876249,0.22857433413974
"2023-11-02 16:00:00",3.61528169471382,-0.374024054624127
"2023-11-02 17:00:00",3.3892282330363,-0.121324788929589
"2023-11-02 18:00:00",2.9619983519883,-0.61522881588411
"2023-11-02 19:00:00",2.72377963032963,0.0206202732483369
"2023-11-02 20:00:00",2.88632388783055,0.24592479779483
"2023-11-02 21:00:00",3.09204215035686,0.165419454949023
"2023-11-02 22:00:00",3.22953421655412,0.108356195206092
"2023-11-02 23:00:00",3.38211217552474,0.170646666003629
"2023-11-03 00:00:00",3.38474544573772,-0.113857072532926
"2023-11-03 01:00:00",3.34658726825299,0.00975858296806256
"2023-11-03 02:00:00",3.25344171467683,-0.161633332123015
"2023-11-03 03:00:00",2.79053792973232,-0.645942837598778
"2023-11-03 04:00:00",2.34001547994946,-0.302431732126402
"2023-11-03 05:00:00",1.99220618973649,-0.364548143885983
"2023-11-03 06:00:00",1.3098612641277,-0.86434841999047
"2023-11-03 07:00:00",0.593880747838051,-0.584735200726896
"2023-11-03 08:00:00",0.536499526726807,0.296143600051975
"2023-11-03 09:00:00",0.500677479241819,-0.256117827011367
"2023-11-03 10:00:00",-0.0859998743284117,-0.779813284754898
"2023-11-03 11:00:00",-0.717693110397534,-0.502819731181121
"2023-11-03 12:00:00",-0.864936031652898,0.0977259819237589
"2023-11-03 13:00:00",-0.564051054036574,0.4231387098122
"2023-11-03 14:00:00",-0.184237049333211,0.333609672750653
"2023-11-03 15:00:00",-0.0786042178288006,-0.0511313564024617
"2023-11-03 16:00:00",-0.687076840977795,-0.951011667404174
"2023-11-03 17:00:00",-1.20525003388324,-0.204110468265744
"2023-11-03 18:00:00",-0.344433532561539,1.53140344192608
"2023-11-03 19:00:00",0.752324947874396,0.755326650309754
"2023-11-03 20:00:00",1.37709369588035,0.507073566349995
"2023-11-03 21:00:00",1.84274409937079,0.414133503760886
"2023-11-03 22:00:00",2.10166367588934,0.140767130967335
"2023-11-03 23:00:00",1.9340705653061,-0.367907406392276
"2023-11-04 00:00:00",1.56393611766249,-0.356522800573711
"2023-11-04 01:00:00",1.4673209143154,0.0792294091313889
"2023-11-04 02:00:00",1.13838870597326,-0.587295488102149
"2023-11-04 03:00:00",0.46055285583702,-0.707451669599022
"2023-11-04 04:00:00",0.0135805165291618,-0.252676017127326
"2023-11-04 05:00:00",-0.205038004970446,-0.185542796538547
"2023-11-04 06:00:00",-0.424274681480592,-0.231016686276038
"2023-11-04 07:00:00",-0.683093089773751,-0.26450697330238
"2023-11-04 08:00:00",-0.475057532903814,0.514053097899773
"2023-11-04 09:00:00",-0.232744737496697,0.0502532660189244
"2023-11-04 10:00:00",-0.332649200300616,-0.194960612821297
"2023-11-04 11:00:00",-0.572898665052937,-0.258596371685646
"2023-11-04 12:00:00",-0.832348987008073,-0.246952465248397
"2023-11-04 13:00:00",-0.43624226840436,0.807055416196316
"2023-11-04 14:00:00",-0.0959158655783344,0.0135690369388454
"2023-11-04 15:00:00",-0.0815636959647192,0.0143158401266477
"2023-11-04 16:00:00",-0.523075672684349,-0.724306581161133
"2023-11-04 17:00:00",-0.528828197056346,0.474222802090893
"2023-11-04 18:00:00",0.16716034055421,0.811438378955313
"2023-11-04 19:00:00",0.898803139915871,0.643464048245319
"2023-11-04 20:00:00",1.39612576419081,0.375106010577985
"2023-11-04 21:00:00",1.62520356284188,0.119042632299566
"2023-11-04 22:00:00",1.40003612716088,-0.446031352270596
"2023-11-04 23:00:00",1.3369334320681,0.193373278425528
"2023-11-05 00:00:00",1.31171719731449,-0.171464619915501
"2023-11-05 01:00:00",1.50486824427518,0.42535536100872
"2023-11-05 02:00:00",1.58007964054299,-0.163727130052083
"2023-11-05 03:00:00",2.18147798845247,1.08085922748351
"2023-11-05 04:00:00",2.73211714892357,0.168188031272735
"2023-11-05 05:00:00",2.49649109685574,-0.497154684245857
"2023-11-05 06:00:00",1.96253664571313,-0.536331009457628
"2023-11-05 07:00:00",1.32543157879262,-0.676540728717524
"2023-11-05 08:00:00",1.06642540279065,0.0299453469973293
"2023-11-05 09:00:00",1.40338932736916,0.524253014855489
"2023-11-05 10:00:00",1.20746089644464,-0.668539284016214
"2023-11-05 11:00:00",1.16344982637577,0.372869480786359
"2023-11-05 12:00:00",0.719164207042377,-0.969433523121884
"2023-11-05 13:00:00",1.12211544624172,1.29778424661151
"2023-11-05 14:00:00",1.57705769054215,-0.130007438149193
"2023-11-05 15:00:00",1.35535606320059,-0.274327123925509
"2023-11-05 16:00:00",0.937523005903435,-0.495393409325627
"2023-11-05 17:00:00",0.81161361020857,0.125184160132251
"2023-11-05 18:00:00",1.09598570915818,0.375936575750762
"2023-11-05 19:00:00",1.63851041366178,0.626388871301999
"2023-11-05 20:00:00",2.25642175946342,0.580785630340564
"2023-11-05 21:00:00",2.61857748539529,0.196287898500748
"2023-11-05 22:00:00",2.89729144576953,0.317045143253405
"2023-11-05 23:00:00",3.01428149228387,-0.0256704915950417
"2023-11-06 00:00:00",2.94437159667773,-0.0999644495823315
"2023-11-06 01:00:00",3.33784431667875,0.699933595076693
"2023-11-06 02:00:00",3.88226028948928,0.410567882457733
"2023-11-06 03:00:00",4.13667712297639,0.133225506451912
"2023-11-06 04:00:00",3.84842939207564,-0.560858294851676
"2023-11-06 05:00:00",3.35341151076729,-0.432561152361389
"2023-11-06 06:00:00",2.99261426561752,-0.300131787673772
"2023-11-06 07:00:00",2.81505493490832,-0.0912645056820753
"2023-11-06 08:00:00",2.88826015161717,0.175743711757474
"2023-11-06 09:00:00",3.06772881897278,0.169701893919064
"2023-11-06 10:00:00",2.79506518681449,-0.558565257284953
"2023-11-06 11:00:00",2.30472448261815,-0.425159471684143
"2023-11-06 12:00:00",1.92798106351366,-0.329533849359236
"2023-11-06 13:00:00",2.0847955215241,0.471105069771146
"2023-11-06 14:00:00",2.29518337309126,0.0238953580764134
"2023-11-06 15:00:00",2.18617465336373,-0.195387478965126
"2023-11-06 16:00:00",1.94235734479435,-0.267334369016454
"2023-11-06 17:00:00",2.02952357161435,0.316850964588906
"2023-11-06 18:00:00",2.23966981974972,0.126409723569883
"2023-11-06 19:00:00",2.28576980803511,-0.0125156004498103
"2023-11-06 20:00:00",2.24580139113135,-0.0593161445913062
"2023-11-06 21:00:00",2.15058083849024,-0.117525530341941
"2023-11-06 22:00:00",1.90244366010282,-0.32619004783826
"2023-11-06 23:00:00",1.62830479783697,-0.228863236779926
"2023-11-07 00:00:00",1.48710039773467,-0.0781544480243166
"2023-11-07 01:00:00",2.08824919611341,1.02352749552025
"2023-11-07 02:00:00",2.25736387702152,-0.41121135961657
"2023-11-07 03:00:00",1.89854786027114,-0.309744501641558
"2023-11-07 04:00:00",1.62316294465668,-0.241839258612445
"2023-11-07 05:00:00",1.3918976422718,-0.215318139624765
"2023-11-07 06:00:00",1.14593281004819,-0.256501117637753
"2023-11-07 07:00:00",0.963141221456454,-0.126443238766044
"2023-11-07 08:00:00",1.29032818100997,0.612813164121935
"2023-11-07 09:00:00",1.82388742724101,0.453707090743368
"2023-11-07 10:00:00",2.09335193410924,0.131483161132629
"2023-11-07 11:00:00",2.01357030954782,-0.219528745980769
"2023-11-07 12:00:00",1.77216394864982,-0.247114393703721
"2023-11-07 13:00:00",1.67032697676617,-0.00243137044008387
"2023-11-07 14:00:00",1.57865501581977,-0.148960865298515
"2023-11-07 15:00:00",1.11779211705481,-0.64892841074269
"2023-11-07 16:00:00",0.31343956418749,-0.871184961181998
"2023-11-07 17:00:00",0.0294585983225826,0.120572440549197
"2023-11-07 18:00:00",0.237100188842969,0.255781753780226
"2023-11-07 19:00:00",0.40921863987572,0.107859374622133
"2023-11-07 20:00:00",0.324135264277349,-0.210193910624014
"2023-11-07 21:00:00",-0.0510557032846047,-0.467775991081695
"2023-11-07 22:00:00",-0.377588633763931,-0.216790057266715
"2023-11-07 23:00:00",-0.599897867638474,-0.214938071754802
"2023-11-08 00:00:00",-0.870931112037129,-0.294777042422978
"2023-11-08 01:00:00",-0.64906088554105,0.556875062120814
"2023-11-08 02:00:00",-0.450157011535111,-0.0483549563251485
"2023-11-08 03:00:00",-0.395809201719568,0.12081266012198
"2023-11-08 04:00:00",-0.254598045401337,0.148609698449786
"2023-11-08 05:00:00",-0.0861685814113245,0.173966831641713
"2023-11-08 06:00:00",0.102534033622886,0.189670313988041
"2023-11-08 07:00:00",0.650244385201622,0.760240704805246
"2023-11-08 08:00:00",1.02568165207363,0.100227540016212
"2023-11-08 09:00:00",1.20487944622346,0.222006687052037
"2023-11-08 10:00:00",0.924117867440005,-0.604145747314595
"2023-11-08 11:00:00",0.607985128069166,-0.110295704038033
"2023-11-08 12:00:00",0.519998449936902,-0.0697166222976289
"2023-11-08 13:00:00",-0.160590323609433,-1.05615891432934
"2023-11-08 14:00:00",-0.478100890296865,0.19020817188262
"2023-11-08 15:00:00",-0.334150210923166,0.106888507491812
"2023-11-08 16:00:00",-0.660018992057137,-0.598453101955435
"2023-11-08 17:00:00",-1.10981985130854,-0.328476294646677
"2023-11-08 18:00:00",-0.96401368905193,0.456490613905609
"2023-11-08 19:00:00",-0.729906540935142,0.0759716139611385
"2023-11-08 20:00:00",-0.702269982052999,-0.00495898338326921
"2023-11-08 21:00:00",-0.744856004765352,-0.0647416889378732
"2023-11-08 22:00:00",-1.00582788575788,-0.378428762561823
"2023-11-08 23:00:00",-1.27790222363586,-0.186947683995243
"2023-11-09 00:00:00",-1.23715196444292,0.192256594127879
"2023-11-09 01:00:00",-0.908076027667842,0.406244001065888
"2023-11-09 02:00:00",-0.52023072725057,0.358319690838927
"2023-11-09 03:00:00",-0.12989805569574,0.393796307188159
"2023-11-09 04:00:00",0.884086714201078,1.37942023483734
"2023-11-09 05:00:00",1.6068251358701,0.249474653855263
"2023-11-09 06:00:00",2.174414839425,0.75062077129153
"2023-11-09 07:00:00",2.10920035139755,-0.608798454448649
"2023-11-09 08:00:00",1.73838212052759,-0.197264293788276
"2023-11-09 09:00:00",1.73796192455238,0.128586879234337
"2023-11-09 10:00:00",1.87787973589055,0.138583303702761
"2023-11-09 11:00:00",1.76566927908381,-0.276491128668358
"2023-11-09 12:00:00",1.36044867171099,-0.474058219544463
"2023-11-09 13:00:00",1.47974914054132,0.507444088624765
"2023-11-09 14:00:00",1.34630977852549,-0.556253616300098
"2023-11-09 15:00:00",1.3863157798649,0.433869782716609
"2023-11-09 16:00:00",2.02651235926864,0.745537320713423
"2023-11-09 17:00:00",2.64944936250339,0.508991919400654
"2023-11-09 18:00:00",2.97868825603688,0.190346279906942
"2023-11-09 19:00:00",3.0766119288295,0.02781804860926
"2023-11-09 20:00:00",3.14407515816629,0.0867225848439802
"2023-11-09 21:00:00",3.17893906345907,-0.00541611503996139
"2023-11-09 22:00:00",3.24728518409825,0.110175982097923
"2023-11-09 23:00:00",3.2861675957368,-0.0146779363605083
"2023-11-10 00:00:00",2.97861034317908,-0.492426446522814
"2023-11-10 01:00:00",2.66340551895911,-0.185918967622344
"2023-11-10 02:00:00",2.28638291388939,-0.489939056510763
"2023-11-10 03:00:00",2.05197795604602,-0.0558592229957148
"2023-11-10 04:00:00",2.04231055789488,0.0189418496814687
"2023-11-10 05:00:00",2.05581980331587,0.00661390733859796
"2023-11-10 06:00:00",1.67406755419168,-0.625167140762759
"2023-11-10 07:00:00",1.19385085054361,-0.362922320091243
"2023-11-10 08:00:00",1.08425493216422,0.0629550301153272
"2023-11-10 09:00:00",1.31627785131992,0.332310193011101
"2023-11-10 10:00:00",1.49113084872719,0.0598782568244662
"2023-11-10 11:00:00",1.37151684877419,-0.235510965273965
"2023-11-10 12:00:00",1.0859421725547,-0.307146924703098
"2023-11-10 13:00:00",0.387901934589473,-0.926860290289658
"2023-11-10 14:00:00",-0.0948908909604231,-0.164310699293529
"2023-11-10 15:00:00",-0.658567066422875,-0.80300751841963
"2023-11-10 16:00:00",-1.47204509313544,-0.7809536679261
"2023-11-10 17:00:00",-1.84951387104704,-0.0886494553618071
"2023-11-10 18:00:00",-1.92465517751718,-0.060182084052802
"2023-11-10 19:00:00",-2.02518111234102,-0.120164350425584
"2023-11-10 20:00:00",-2.10472484559175,-0.046074273099773
"2023-11-10 21:00:00",-2.2083438804635,-0.134345511441328
"2023-11-10 22:00:00",-2.44253241702804,-0.286775276682494
"2023-11-10 23:00:00",-2.70659510015596,-0.233225684532502
"2023-11-11 00:00:00",-2.92788055844661,-0.199322392664819
"2023-11-11 01:00:00",-2.46725457364454,0.882468333204574
"2023-11-11 02:00:00",-2.28073289542588,-0.283119009368989
"2023-11-11 03:00:00",-2.68144901381479,-0.457132150466004
"2023-11-11 04:00:00",-3.15918569991509,-0.465315767125344
"2023-11-11 05:00:00",-3.55245538204751,-0.322480935567382
"2023-11-11 06:00:00",-3.72748828087055,-0.0638407405424022
"2023-11-11 07:00:00",-3.95569089891689,-0.322128083197261
"2023-11-11 08:00:00",-3.6413877585887,0.728745250674734
"2023-11-11 09:00:00",-2.80866725244722,0.867158104151225
"2023-11-11 10:00:00",-2.03404186744336,0.679747484752296
"2023-11-11 11:00:00",-1.47885383450339,0.448388681659043
"2023-11-11 12:00:00",-1.19045842629801,0.16993630978991
"2023-11-11 13:00:00",-1.38311476795675,-0.423691763164204
"2023-11-11 14:00:00",-1.67988166093335,-0.196267296080214
"2023-11-11 15:00:00",-2.09146577384003,-0.533403329373109
"2023-11-11 16:00:00",-2.23587490387672,0.124473233552005
"2023-11-11 17:00:00",-2.46232992538609,-0.446761099592291
"2023-11-11 18:00:00",-2.68687037058141,-0.0625528822392163
"2023-11-11 19:00:00",-2.69304830498439,0.0351605895411591
"2023-11-11 20:00:00",-2.76599352423047,-0.138077979441067
"2023-11-11 21:00:00",-2.7187940063404,0.172037117162467
"2023-11-11 22:00:00",-2.36812821681293,0.456589570515075
"2023-11-11 23:00:00",-2.52908852262609,-0.561952971370168
"2023-11-12 00:00:00",-2.750199580853,0.0198790691779574
"2023-11-12 01:00:00",-2.1491716659983,0.963437362013554
"2023-11-12 02:00:00",-2.02464339728807,-0.437883092665081
"2023-11-12 03:00:00",-2.37019209900414,-0.264964283157652
"2023-11-12 04:00:00",-1.88216650365512,0.96987391539574
"2023-11-12 05:00:00",-1.18510344454901,0.484493593517317
"2023-11-12 06:00:00",-1.24949094236367,-0.425715265852809
"2023-11-12 07:00:00",-1.81829865242172,-0.63556159433362
"2023-11-12 08:00:00",-1.62182549047525,0.744160392797364
"2023-11-12 09:00:00",-1.24568893697315,0.115007586271989
"2023-11-12 10:00:00",-1.44782822714344,-0.402356247262128
"2023-11-12 11:00:00",-1.9358903706923,-0.520140377023344
"2023-11-12 12:00:00",-2.30013979628301,-0.240520403606611
"2023-11-12 13:00:00",-2.69821023928532,-0.481222024729038
"2023-11-12 14:00:00",-2.75563280928675,0.23131120765696
"2023-11-12 15:00:00",-2.88513226824613,-0.360331208240128
"2023-11-12 16:00:00",-3.1429070205553,-0.173437878446579
"2023-11-12 17:00:00",-3.08623058604564,0.211440090830747
"2023-11-12 18:00:00",-3.08498573126565,-0.134965184330181
"2023-11-12 19:00:00",-3.36542375123798,-0.360116736760451
"2023-11-12 20:00:00",-3.57371123082227,-0.0928353289170313
"2023-11-12 21:00:00",-3.64079144774438,-0.0421177550849306
"2023-11-12 22:00:00",-3.66687422489265,-0.00946202781310729
"2023-11-12 23:00:00",-3.72965816780176,-0.0906227144006358
"2023-11-13 00:00:00",-3.8511133819753,-0.131432371438963
"2023-11-13 01:00:00",-3.39570174297671,0.829956023022877
"2023-11-13 02:00:00",-3.30753774926654,-0.406169472991856
"2023-11-13 03:00:00",-3.57193670534993,-0.153060729216526
"2023-11-13 04:00:00",-3.86131822271893,-0.361906500187352
"2023-11-13 05:00:00",-4.2611541573876,-0.401146172253868
"2023-11-13 06:00:00",-4.76379374310057,-0.540924702424584
"2023-11-13 07:00:00",-5.38530222395778,-0.639557803936922
"2023-11-13 08:00:00",-5.42113595390715,0.375284452715602
"2023-11-13 09:00:00",-4.96184372541121,0.500456845990573
"2023-11-13 10:00:00",-4.57206913877846,0.303859633917881
"2023-11-13 11:00:00",-4.20841997174067,0.392119355454678
"2023-11-13 12:00:00",-3.61715543953452,0.701352179421153
"2023-11-13 13:00:00",-2.50918092690018,1.33106229809383
"2023-11-13 14:00:00",-1.8916556546272,0.115730881463668
"2023-11-13 15:00:00",-1.9434351383805,-0.158553065091582
"2023-11-13 16:00:00",-1.46504916746031,0.882776522542991
"2023-11-13 17:00:00",-0.713553406258785,0.630153994091191
"2023-11-13 18:00:00",-0.171194344746127,0.458977024045638
"2023-11-13 19:00:00",0.209818840948109,0.311153270998899
"2023-11-13 20:00:00",0.768877410311886,0.697489497970961
"2023-11-13 21:00:00",1.93048757030938,1.41482896212739
"2023-11-13 22:00:00",3.50145839815308,1.59792450285522
"2023-11-13 23:00:00",4.27741814884295,0.186607443107446
"2023-11-14 00:00:00",4.36235876954993,0.00761569915204799
"2023-11-14 01:00:00",4.28703580665855,-0.132656486975628
"2023-11-14 02:00:00",4.09428285155844,-0.229181348827057
"2023-11-14 03:00:00",3.92035092253228,-0.13411034694239
"2023-11-14 04:00:00",4.11219031589574,0.394967713808524
"2023-11-14 05:00:00",5.06647044060892,1.27650303116338
"2023-11-14 06:00:00",5.94716362736877,0.568445813449808
"2023-11-14 07:00:00",6.35850970517433,0.279404301409313
"2023-11-14 08:00:00",6.35782586303351,-0.19556716576043
"2023-11-14 09:00:00",6.03743565398985,-0.396572093960771
"2023-11-14 10:00:00",5.41496198441997,-0.751272437881359
"2023-11-14 11:00:00",4.88603906958399,-0.362536025654722
"2023-11-14 12:00:00",4.46806553210715,-0.441365548545542
"2023-11-14 13:00:00",4.07301470759482,-0.351159832496839
"2023-11-14 14:00:00",3.81932265887295,-0.181907810949821
"2023-11-14 15:00:00",3.78935964021701,0.0678340574097039
"2023-11-14 16:00:00",3.81638513266979,-0.00634694382644948
"2023-11-14 17:00:00",3.95676632853249,0.226609700036747
"2023-11-14 18:00:00",4.16238357671806,0.1767530456084
"2023-11-14 19:00:00",4.232935759659,-0.00896341864723031
"2023-11-14 20:00:00",4.12882116535652,-0.168054722703422
"2023-11-14 21:00:00",4.02111615019735,-0.0676748650444257
"2023-11-14 22:00:00",3.9809965660412,-0.0250248434600454
"2023-11-14 23:00:00",3.90972484887431,-0.103845553592832
"2023-11-15 00:00:00",3.98051345829272,0.178807532363201
"2023-11-15 01:00:00",4.15500306229061,0.15819012762533
"2023-11-15 02:00:00",4.30565821971015,0.133118773791587
"2023-11-15 03:00:00",4.31216565779889,-0.0837561733952077
"2023-11-15 04:00:00",4.16365895816787,-0.190172682134197
"2023-11-15 05:00:00",3.49405304441295,-0.962768693417032
"2023-11-15 06:00:00",2.69192581582195,-0.661420580935854
"2023-11-15 07:00:00",2.02525602749565,-0.641958284802332
"2023-11-15 08:00:00",1.36605232831268,-0.641985247715272
"2023-11-15 09:00:00",0.655518675143823,-0.724228003942846
"2023-11-15 10:00:00",0.0671433175949743,-0.470693937876562
"2023-11-15 11:00:00",-0.491521368793027,-0.59084999409563
"2023-11-15 12:00:00",-1.12683938165697,-0.634139581488304
"2023-11-15 13:00:00",-1.21962893072202,0.273965709637568
"2023-11-15 14:00:00",-0.860644031431534,0.400176277446814
"2023-11-15 15:00:00",-0.532728800925513,0.265268715026118
"2023-11-15 16:00:00",-0.30785540944026,0.187944264183675
"2023-11-15 17:00:00",-0.607161299873114,-0.609514309109745
"2023-11-15 18:00:00",-1.92628288915385,-1.72871891412147
"2023-11-15 19:00:00",-2.2147517850898,0.687871602312338
"2023-11-15 20:00:00",-1.24198470047883,1.1193228472559
"2023-11-15 21:00:00",-0.476693449549006,0.494508445661464
"2023-11-15 22:00:00",-0.139096937143191,0.21756222169482
"2023-11-15 23:00:00",-0.025573962387378,0.0389493506095358
"2023-11-16 00:00:00",0.346684046492821,0.576803516661236
"2023-11-16 01:00:00",0.516100228652497,-0.110668065086661
"2023-11-16 02:00:00",0.528457656587245,0.093120774801427
"2023-11-16 03:00:00",1.24689894934685,1.10049375177288
"2023-11-16 04:00:00",1.89160418149146,0.308608630642193
"2023-11-16 05:00:00",1.9421031865743,-0.126408361974879
"2023-11-16 06:00:00",2.09781327985343,0.33388405369787
"2023-11-16 07:00:00",2.33552229563662,0.15959439537991
"2023-11-16 08:00:00",2.24893370556279,-0.249602714726943
"2023-11-16 09:00:00",1.83731124280256,-0.502971732899694
"2023-11-16 10:00:00",0.892680479094484,-1.19654444304754
"2023-11-16 11:00:00",0.00327415124606721,-0.643537334095624
"2023-11-16 12:00:00",-0.492184178454422,-0.373201020514363
"2023-11-16 13:00:00",-0.954525505381215,-0.499162803868165
"2023-11-16 14:00:00",-1.41489734591582,-0.411405064264275
"2023-11-16 15:00:00",-2.15939119047936,-0.929348176800682
"2023-11-16 16:00:00",-3.06652749968838,-0.846439531463941
"2023-11-16 17:00:00",-3.08465780748403,0.53887955784881
"2023-11-16 18:00:00",-2.93164901209585,-0.107530032417265
"2023-11-16 19:00:00",-3.4143420228741,-0.706082461812273
"2023-11-16 20:00:00",-4.21144177270057,-0.81549954171256
"2023-11-16 21:00:00",-4.71881931338712,-0.272429246836553
"2023-11-16 22:00:00",-5.06909425767321,-0.379445708084207
"2023-11-16 23:00:00",-5.35814104665033,-0.208514531610006
"2023-11-17 00:00:00",-5.5812047901471,-0.215258731124316
"2023-11-17 01:00:00",-5.94652212376362,-0.440803149166645
"2023-11-17 02:00:00",-5.63685959094901,0.802912225022373
"2023-11-17 03:00:00",-4.93369312316941,0.610520034932615
"2023-11-17 04:00:00",-4.06786505896325,1.00124448121029
"2023-11-17 05:00:00",-3.5355630700255,0.199626132265684
"2023-11-17 06:00:00",-3.34666174037259,0.177331023567442
"2023-11-17 07:00:00",-3.45064227216741,-0.28226481552246
"2023-11-17 08:00:00",-3.68949290355911,-0.194111820315675
"2023-11-17 09:00:00",-3.60631265931804,0.268840087286169
"2023-11-17 10:00:00",-3.63283537135576,-0.217520494095338
"2023-11-17 11:00:00",-3.93505546905558,-0.339642984601814
"2023-11-17 12:00:00",-4.34757527352869,-0.436430158167074
"2023-11-17 13:00:00",-4.44220994610155,0.143324376608867
"2023-11-17 14:00:00",-4.08034109564907,0.496091139787999
"2023-11-17 15:00:00",-3.76933439956331,0.178098224999791
"2023-11-17 16:00:00",-3.35457044447899,0.557686271748826
"2023-11-17 17:00:00",-2.77140627932603,0.576760238777193
"2023-11-17 18:00:00",-2.43522942966983,0.163386950071776
"2023-11-17 19:00:00",-2.05145707481525,0.51559488392161
"2023-11-17 20:00:00",-1.63930537532919,0.326249057520464
"2023-11-17 21:00:00",-1.34334406287906,0.263818334292249
"2023-11-17 22:00:00",-1.19221920785353,0.0705468106480309
"2023-11-17 23:00:00",-1.32302800575834,-0.257291361792092
"2023-11-18 00:00:00",-1.70451469544087,-0.444449324398274
"2023-11-18 01:00:00",-2.68620786409308,-1.29100381622349
"2023-11-18 02:00:00",-3.27034792406733,-0.0816861287634256
"2023-11-18 03:00:00",-3.34369325577474,-0.0600854152497366
"2023-11-18 04:00:00",-3.4790919985675,-0.174864048967078
"2023-11-18 05:00:00",-3.69820277179845,-0.233712944675317
"2023-11-18 06:00:00",-3.9209820153876,-0.200138418340227
"2023-11-18 07:00:00",-4.34194019279186,-0.543112638310335
"2023-11-18 08:00:00",-4.34024856427638,0.370402951291938
"2023-11-18 09:00:00",-3.8726997619429,0.515686814688665
"2023-11-18 10:00:00",-3.57564040847417,0.142184451892436
"2023-11-18 11:00:00",-3.43193444702042,0.142499023754933
"2023-11-18 12:00:00",-3.37017225088145,0.00942603051704001
"2023-11-18 13:00:00",-3.60822249338679,-0.387376850766251
"2023-11-18 14:00:00",-3.74398886654341,0.043072179278164
"2023-11-18 15:00:00",-4.05865362243869,-0.53337485832739
"2023-11-18 16:00:00",-3.99953106376339,0.456534654501524
"2023-11-18 17:00:00",-3.66864414161404,0.236553428211448
"2023-11-18 18:00:00",-3.47241864257472,0.164743556849512
"2023-11-18 19:00:00",-3.35896756581085,0.0783400895930528
"2023-11-18 20:00:00",-3.23632723396033,0.150673888508684
"2023-11-18 21:00:00",-2.96473384516417,0.343469399710891
"2023-11-18 22:00:00",-2.60936282845047,0.350238634708396
"2023-11-18 23:00:00",-2.36875525147337,0.159450337271671
"2023-11-19 00:00:00",-2.2436764081704,0.0992736029495064
"2023-11-19 01:00:00",-2.25491254731601,-0.0814829289368346
"2023-11-19 02:00:00",-2.0021134534535,0.466542827209621
"2023-11-19 03:00:00",-1.46770554703425,0.556835721942385
"2023-11-19 04:00:00",-0.958500282374082,0.4551463355411
"2023-11-19 05:00:00",-0.557156655068104,0.347639289791599
"2023-11-19 06:00:00",-0.348855961054337,0.106229502225876
"2023-11-19 07:00:00",-0.242386287957695,0.102019948145299
"2023-11-19 08:00:00",-0.0789920655817596,0.196857662779808
"2023-11-19 09:00:00",0.205126322885454,0.328891887483148
"2023-11-19 10:00:00",1.21126342367325,1.40955096145988
"2023-11-19 11:00:00",2.59078800781336,1.29239238746427
"2023-11-19 12:00:00",3.0959721586137,-0.0469569699167828
"2023-11-19 13:00:00",3.39988720904995,0.519394470983253
"2023-11-19 14:00:00",3.62174297243197,0.00857645618174768
"2023-11-19 15:00:00",3.46099343295696,-0.270659875102965
"2023-11-19 16:00:00",3.35460905825713,0.00372626962599157
"2023-11-19 17:00:00",3.3605036864003,0.00273733247251422
"2023-11-19 18:00:00",3.27289845313033,-0.147999977992143
"2023-11-19 19:00:00",3.5294154854329,0.509783511608037
"2023-11-19 20:00:00",3.66705118599353,-0.121546994145454
"2023-11-19 21:00:00",3.56885573589085,-0.0826871788534669
"2023-11-19 22:00:00",3.54474099643329,0.0114799981036835
"2023-11-19 23:00:00",3.51641988612976,-0.0580766707330103
"2023-11-20 00:00:00",3.63307914507261,0.223073092465075
"2023-11-20 01:00:00",4.21777579571385,0.793308966972299
"2023-11-20 02:00:00",4.90871728489827,0.584429555060336
"2023-11-20 03:00:00",5.27024582347584,0.189425418319288
"2023-11-20 04:00:00",5.33243738904672,-0.0323760875921415
"2023-11-20 05:00:00",5.36237547683583,0.0631861745756815
"2023-11-20 06:00:00",5.4024950966118,0.0159257843782746
"2023-11-20 07:00:00",5.17098123258833,-0.392431081743815
"2023-11-20 08:00:00",4.759266503068,-0.411669161904921
"2023-11-20 09:00:00",4.47553704731044,-0.191087889399968
"2023-11-20 10:00:00",4.2549361907632,-0.235560181909993
"2023-11-20 11:00:00",3.94331345102773,-0.353005034082053
"2023-11-20 12:00:00",3.32427429836139,-0.772057226470376
"2023-11-20 13:00:00",2.39770308234837,-0.989832377219696
"2023-11-20 14:00:00",2.16547195678232,0.280773638703775
"2023-11-20 15:00:00",2.44218487736718,0.258066183089614
"2023-11-20 16:00:00",2.70066543683758,0.243326986873944
"2023-11-20 17:00:00",2.95869499248963,0.252089638062212
"2023-11-20 18:00:00",3.26022104881315,0.316342225297559
"2023-11-20 19:00:00",3.47874397586089,0.138725988637894
"2023-11-20 20:00:00",3.56097460627946,0.0361774541319098
"2023-11-20 21:00:00",3.57256779964745,-0.00993559412852738
"2023-11-20 22:00:00",3.54969459765516,-0.0350148035065742
"2023-11-20 23:00:00",3.52989072710317,-0.0132964738714707
"2023-11-21 00:00:00",3.50013330781369,-0.0438657457149757
"2023-11-21 01:00:00",2.61365847578308,-1.41059026599108
"2023-11-21 02:00:00",1.73157294529396,-0.49120680980682
"2023-11-21 03:00:00",1.11874021362552,-0.667025188273108
"2023-11-21 04:00:00",0.351399710222256,-0.799194325510122
"2023-11-21 05:00:00",-0.367962678412599,-0.632411171189067
"2023-11-21 06:00:00",-1.07360936844829,-0.72046351138854
"2023-11-21 07:00:00",-1.67089719643168,-0.485405912318893
"2023-11-21 08:00:00",-2.1612219772933,-0.468150941827294
"2023-11-21 09:00:00",-2.74112058679421,-0.624054444401769
"2023-11-21 10:00:00",-3.58190134780807,-0.941776971408775
"2023-11-21 11:00:00",-4.55152673939613,-0.937499093238613
"2023-11-21 12:00:00",-5.40047802842703,-0.743713720690927
"2023-11-21 13:00:00",-6.31608030824271,-0.979724850464986
"2023-11-21 14:00:00",-6.87928577463966,-0.250628537347052
"2023-11-21 15:00:00",-6.93744708775771,0.0817764058211381
"2023-11-21 16:00:00",-6.73694240725017,0.27906723571482
"2023-11-21 17:00:00",-6.43229918395351,0.315898337854236
"2023-11-21 18:00:00",-6.30520793566051,0.00347132208752807
"2023-11-21 19:00:00",-6.3169468499853,-0.0131962112964487
"2023-11-21 20:00:00",-6.18411733761957,0.232006365735077
"2023-11-21 21:00:00",-6.41449652952017,-0.51971471977324
"2023-11-21 22:00:00",-6.96513655625924,-0.536824796966914
"2023-11-21 23:00:00",-7.47536520752723,-0.459277205105727
"2023-11-22 00:00:00",-7.96812778334005,-0.482037294846215
"2023-11-22 01:00:00",-8.37962653438223,-0.334651999468246
"2023-11-22 02:00:00",-8.69619148619705,-0.278666210643733
"2023-11-22 03:00:00",-9.04065219528402,-0.360748540325881
"2023-11-22 04:00:00",-9.45714774791192,-0.422218253010238
"2023-11-22 05:00:00",-9.92141076423795,-0.458044464996871
"2023-11-22 06:00:00",-10.4383560048181,-0.518862167998531
"2023-11-22 07:00:00",-11.1335249669649,-0.766220034940682
"2023-11-22 08:00:00",-10.9630840577276,0.801118348501633
"2023-11-22 09:00:00",-10.3085620328722,0.539817311570789
"2023-11-22 10:00:00",-9.96910546047363,0.203037815103765
"2023-11-22 11:00:00",-9.86866765689897,0.0401123585928551
"2023-11-22 12:00:00",-9.79734666488556,0.101453990279655
"2023-11-22 13:00:00",-9.72408677410169,0.0636076976454624
"2023-11-22 14:00:00",-9.73199702031561,-0.042681763485285
"2023-11-22 15:00:00",-9.9863291295827,-0.370803646373809
"2023-11-22 16:00:00",-9.81273639830171,0.541136837644363
"2023-11-22 17:00:00",-9.21218678134866,0.624264384319285
"2023-11-22 18:00:00",-8.63378930974092,0.532205754594416
"2023-11-22 19:00:00",-8.11788388592736,0.491648689578099
"2023-11-22 20:00:00",-8.06988704431453,-0.239586164701349
"2023-11-22 21:00:00",-7.9051171953598,0.436905030179897
"2023-11-22 22:00:00",-7.31166839880058,0.679795736909832
"2023-11-22 23:00:00",-6.48031954015453,0.902299185258325
"2023-11-23 00:00:00",-5.52538827934909,0.952991509651714
"2023-11-23 01:00:00",-4.81943078577706,0.514844279437669
"2023-11-23 02:00:00",-3.64334372309294,1.5672315265227
"2023-11-23 03:00:00",-1.99473400455011,1.62921485183863
"2023-11-23 04:00:00",-0.44340517929732,1.428257942506
"2023-11-23 05:00:00",1.09344591005022,1.53678649039366
"2023-11-23 06:00:00",2.45183634150209,1.17350288684195
"2023-11-23 07:00:00",3.28120819146289,0.55738439544831
"2023-11-23 08:00:00",3.62268035257049,0.177078417454286
"2023-11-23 09:00:00",3.60507236854018,-0.151228173585833
"2023-11-23 10:00:00",3.37025875632012,-0.284023584305981
"2023-11-23 11:00:00",2.93059414330081,-0.526873865146744
"2023-11-23 12:00:00",2.48858523647681,-0.368205596388132
"2023-11-23 13:00:00",2.39841022284278,0.096253852379681
"2023-11-23 14:00:00",2.9466402799255,0.820400310583674
"2023-11-23 15:00:00",3.76460746236875,0.773678821860632
"2023-11-23 16:00:00",4.65028596940448,0.913405771020817
"2023-11-23 17:00:00",5.57534117159922,0.882870991441761
"2023-11-23 18:00:00",6.18647129713354,0.393747740645341
"2023-11-23 19:00:00",6.30202819026613,-0.083363584932292
"2023-11-23 20:00:00",6.09832879905468,-0.282363007400052
"2023-11-23 21:00:00",5.34366724695133,-1.041519172126
"2023-11-23 22:00:00",4.43297233183077,-0.787090407994878
"2023-11-23 23:00:00",3.59862278807488,-0.83191965630502
"2023-11-24 00:00:00",2.61957727078196,-1.0352413219554
"2023-11-24 01:00:00",1.69725606961762,-0.806589858879127
"2023-11-24 02:00:00",0.743838143530749,-1.00818291870468
"2023-11-24 03:00:00",0.0362567669728782,-0.474518431711238
"2023-11-24 04:00:00",-0.364590457692877,-0.332732635022346
"2023-11-24 05:00:00",-0.673764280693796,-0.278306662893448
"2023-11-24 06:00:00",-0.987467199848332,-0.321524853485593
"2023-11-24 07:00:00",-1.50362407498149,-0.620109473154417
"2023-11-24 08:00:00",-1.84980130061979,-0.145171132808238
"2023-11-24 09:00:00",-1.89561646971705,0.0249817732346298
"2023-11-24 10:00:00",-2.24480854383377,-0.57960102135319
"2023-11-24 11:00:00",-2.93578378406721,-0.729496114100309
"2023-11-24 12:00:00",-3.51571507389409,-0.448882092775327
"2023-11-24 13:00:00",-4.24936082181889,-0.884092264860419
"2023-11-24 14:00:00",-4.8275724334547,-0.341342672541981
"2023-11-24 15:00:00",-4.92663696187246,0.07337977452271
"2023-11-24 16:00:00",-4.86165338164179,0.0626466770045698
"2023-11-24 17:00:00",-4.7674859458115,0.116970849056597
"2023-11-24 18:00:00",-4.47908121953976,0.395130599492445
"2023-11-24 19:00:00",-4.36983351817041,-0.0807573304359847
"2023-11-24 20:00:00",-4.94631182500956,-0.873928542164319
"2023-11-24 21:00:00",-5.06882924874099,0.390610595892929
"2023-11-24 22:00:00",-4.83446789276869,0.125591927825759
"2023-11-24 23:00:00",-5.1837038874413,-0.642957445712433
"2023-11-25 00:00:00",-5.70616201312249,-0.410620031543313
"2023-11-25 01:00:00",-5.72038809891637,0.258061025902241
"2023-11-25 02:00:00",-5.44481046854654,0.281531164546379
"2023-11-25 03:00:00",-4.70902933305966,1.01066164085944
"2023-11-25 04:00:00",-4.06691959071679,0.37196802404275
"2023-11-25 05:00:00",-4.12181711347445,-0.33162043176962
"2023-11-25 06:00:00",-4.8595203469184,-0.968053984138772
"2023-11-25 07:00:00",-5.66265530218552,-0.648764381639233
"2023-11-25 08:00:00",-6.18815609412429,-0.411058122265044
"2023-11-25 09:00:00",-6.40048416220332,-0.0617798813683902
"2023-11-25 10:00:00",-6.4278203267571,0.00517255801658048
"2023-11-25 11:00:00",-6.39487558207918,0.0581765708940999
"2023-11-25 12:00:00",-6.31577139187315,0.0975371290491959
"2023-11-25 13:00:00",-7.01066147267044,-1.18200674834284
"2023-11-25 14:00:00",-7.47107421953038,0.0515542114811321
"2023-11-25 15:00:00",-7.10635735683817,0.565784515858703
"2023-11-25 16:00:00",-6.22787886180144,1.05435011036285
"2023-11-25 17:00:00",-5.50524171755355,0.47518487142099
"2023-11-25 18:00:00",-5.37373609188912,-0.096765029295262
"2023-11-25 19:00:00",-6.08122627923755,-1.07408935575739
"2023-11-25 20:00:00",-6.92449653518755,-0.641485555992338
"2023-11-25 21:00:00",-7.20057376578726,-0.0104339111681872
"2023-11-25 22:00:00",-7.20265397288973,0.0128663128796457
"2023-11-25 23:00:00",-7.24344539324872,-0.0653429469700439
"2023-11-26 00:00:00",-7.34582532688133,-0.112871939691514
"2023-11-26 01:00:00",-7.7478235242386,-0.566177281819876
"2023-11-26 02:00:00",-8.18783418899835,-0.325008173439736
"2023-11-26 03:00:00",-8.55858403005413,-0.373075168824395
"2023-11-26 04:00:00",-8.9098356555039,-0.30898303696935
"2023-11-26 05:00:00",-9.03728681102477,0.0111056246898897
"2023-11-26 06:00:00",-9.10023796112349,-0.0976846917697337
"2023-11-26 07:00:00",-9.19782779345049,-0.081162660640194
"2023-11-26 08:00:00",-8.96989507952143,0.435013877154903
"2023-11-26 09:00:00",-8.72493207315371,0.118182651545244
"2023-11-26 10:00:00",-8.79678686559735,-0.1838868763226
"2023-11-26 11:00:00",-8.99393916737946,-0.18529171728594
"2023-11-26 12:00:00",-8.97179291919976,0.170973061965339
"2023-11-26 13:00:00",-8.92997305761875,-0.0347070556276508
"2023-11-26 14:00:00",-8.84946065746494,0.165005298641444
"2023-11-26 15:00:00",-9.56233483213502,-1.25283856096457
"2023-11-26 16:00:00",-9.99508338819629,0.146854784773721
"2023-11-26 17:00:00",-9.66209992375705,0.454123613287839
"2023-11-26 18:00:00",-10.0120555891531,-0.856919244800489
"2023-11-26 19:00:00",-10.4368077990796,-0.103560282174229
"2023-11-26 20:00:00",-9.8973442338724,0.955952744162078
"2023-11-26 21:00:00",-9.17683521397125,0.542064740548728
"2023-11-26 22:00:00",-8.90465115136278,0.0911578713806895
"2023-11-26 23:00:00",-8.24068360317309,1.02575739203177
"2023-11-27 00:00:00",-7.39850988724854,0.690386023528164
"2023-11-27 01:00:00",-7.50068413090428,-0.616149878084094
"2023-11-27 02:00:00",-8.16772350549651,-0.659602500639294
"2023-11-27 03:00:00",-8.74008126039854,-0.476472609064274
"2023-11-27 04:00:00",-8.54129457222306,0.650768155415357
"2023-11-27 05:00:00",-7.88489573593064,0.639967184281408
"2023-11-27 06:00:00",-7.16107079459583,0.755493913684972
"2023-11-27 07:00:00",-6.52609324940906,0.533688658023234
"2023-11-27 08:00:00",-6.11962759783921,0.310746257048419
"2023-11-27 09:00:00",-6.0343851057369,-0.0612557519056444
"2023-11-27 10:00:00",-6.36206840046039,-0.481951471083339
"2023-11-27 11:00:00",-7.00889649320167,-0.717808992905703
"2023-11-27 12:00:00",-7.48701121219066,-0.286569900954105
"2023-11-27 13:00:00",-7.8071445832164,-0.317648377282028
"2023-11-27 14:00:00",-7.96712673550613,-0.0372106115235829
"2023-11-27 15:00:00",-7.84518815815424,0.232508204430091
"2023-11-27 16:00:00",-7.36659009497974,0.630021797660011
"2023-11-27 17:00:00",-6.79152822030598,0.520588530887785
"2023-11-27 18:00:00",-6.40802872842082,0.282636229051029
"2023-11-27 19:00:00",-6.26360128111774,0.0536840760441301
"2023-11-27 20:00:00",-6.28049005195011,-0.0550627469270006
"2023-11-27 21:00:00",-6.30013464137398,0.0129936266922961
"2023-11-27 22:00:00",-6.29303976379523,0.0109436267218065
"2023-11-27 23:00:00",-6.30374949898506,-0.0165269623080779
"2023-11-28 00:00:00",-6.41802038608788,-0.165879338437025
"2023-11-28 01:00:00",-6.71664567349787,-0.364660375357342
"2023-11-28 02:00:00",-6.82536694688466,0.0757233146441785
"2023-11-28 03:00:00",-6.76293003408585,0.0594076375269654
"2023-11-28 04:00:00",-6.6280159174118,0.187554568305357
"2023-11-28 05:00:00",-6.53363314466893,0.0363251165140641
"2023-11-28 06:00:00",-6.64132141782173,-0.190159087296952
"2023-11-28 07:00:00",-7.04259999131756,-0.514396039798256
"2023-11-28 08:00:00",-7.65836171204133,-0.645002033714528
"2023-11-28 09:00:00",-8.28423555105379,-0.573512270750518
"2023-11-28 10:00:00",-8.80256573938115,-0.446237008225802
"2023-11-28 11:00:00",-9.16643665343131,-0.280327253316714
"2023-11-28 12:00:00",-9.3605459509931,-0.115595852955749
"2023-11-28 13:00:00",-9.59589381576548,-0.291935651254439
"2023-11-28 14:00:00",-9.80970274765979,-0.139200043076257
"2023-11-28 15:00:00",-10.6397965220735,-1.23859554358237
"2023-11-28 16:00:00",-11.1651429066591,-0.0111804681377641
"2023-11-28 17:00:00",-10.7462504442935,0.700084754882633
"2023-11-28 18:00:00",-10.0425939220281,0.686447926146249
"2023-11-28 19:00:00",-10.3340997221513,-0.916670914845076
"2023-11-28 20:00:00",-11.3412194743275,-1.00624379818158
"2023-11-28 21:00:00",-11.7739270559939,-0.0151803376115578
"2023-11-28 22:00:00",-11.5841383347145,0.332585642907073
"2023-11-28 23:00:00",-12.204948722008,-1.21196921175365
"2023-11-29 00:00:00",-11.5194023115978,1.93368595236937
"2023-11-29 01:00:00",-9.26905583208544,2.3693587611181
"2023-11-29 02:00:00",-7.97884757460685,0.521420952201968
"2023-11-29 03:00:00",-7.79469309705035,-0.0391554308187979
"2023-11-29 04:00:00",-8.20927227646925,-0.635112702385252
"2023-11-29 05:00:00",-8.42431522500946,0.0857959535366132
"2023-11-29 06:00:00",-8.10341939949676,0.473233195634767
"2023-11-29 07:00:00",-7.66844319780622,0.399244211802584
"2023-11-29 08:00:00",-7.69059650633572,-0.29214600457764
"2023-11-29 09:00:00",-7.87145012898039,-0.0881558389399247
"2023-11-29 10:00:00",-8.24703284563007,-0.539206829132083
"2023-11-29 11:00:00",-8.69159282541248,-0.349710852110523
"2023-11-29 12:00:00",-8.72082342764438,0.19700825283018
"2023-11-29 13:00:00",-8.96646353413149,-0.51782374737964
"2023-11-29 14:00:00",-8.99195600042588,0.315488368907155
"2023-11-29 15:00:00",-8.55846867866795,0.503139916512902
"2023-11-29 16:00:00",-7.74362157127313,0.994955781950371
"2023-11-29 17:00:00",-6.95405030288075,0.625109052661162
"2023-11-29 18:00:00",-6.02111717920769,1.10277427729858
"2023-11-29 19:00:00",-5.37063098621536,0.325814001977029
"2023-11-29 20:00:00",-5.2889105842717,-0.0779686421942824
"2023-11-29 21:00:00",-5.49011990337927,-0.266991776347351
"2023-11-29 22:00:00",-5.82579494115554,-0.358437497777881
"2023-11-29 23:00:00",-6.65793063116767,-1.10087949742857
"2023-11-30 00:00:00",-8.01912023349559,-1.46146450222364
"2023-11-30 01:00:00",-8.23615575171805,0.633216566996815
"2023-11-30 02:00:00",-8.51708750267521,-0.866390886501378
"2023-11-30 03:00:00",-9.76278285897645,-1.42839100218599
"2023-11-30 04:00:00",-11.8071318655286,-2.34525430181765
"2023-11-30 05:00:00",-13.5777532663937,-1.28818586881421
"2023-11-30 06:00:00",-14.0427674820838,0.123351016672358
"2023-11-30 07:00:00",-14.0816439464434,-0.127083455846421
"2023-11-30 08:00:00",-13.1316502957857,1.641035369892
"2023-11-30 09:00:00",-11.0773374447033,2.24912827391871
"2023-11-30 10:00:00",-9.75053667371053,0.663151655991252
"2023-11-30 11:00:00",-9.82858308366644,-0.555896883600382
"2023-11-30 12:00:00",-10.8301807436784,-1.2384661399122
"2023-11-30 13:00:00",-12.262474867519,-1.47949317475687
"2023-11-30 14:00:00",-11.8352366566465,1.69387025879798
"2023-11-30 15:00:00",-13.6495811440639,-4.05164744973401
"2023-11-30 16:00:00",-15.2827215577715,0.0743649186025066
"2023-11-30 17:00:00",-14.3899430707415,1.41564729479731
"2023-11-30 18:00:00",-13.3329050001836,0.78628234553224
"2023-11-30 19:00:00",-13.3131183384658,-0.474961345760328
"2023-11-30 20:00:00",-13.7708524574496,-0.407343037889315
"2023-11-30 21:00:00",-14.2753691579758,-0.527578676932679
"2023-11-30 22:00:00",-15.1800554915256,-1.09470189497568
"2023-11-30 23:00:00",-15.5843648250477,0.0947180639825117
"2023-12-01 00:00:00",-15.0169508225339,0.875658095205173
"2023-12-01 01:00:00",-14.0354679585388,1.02474285945651
"2023-12-01 02:00:00",-13.8906752266291,-0.430625180885932
"2023-12-01 03:00:00",-14.2534829033678,-0.282456920626271
"2023-12-01 04:00:00",-13.6222845311331,1.22866443571086
"2023-12-01 05:00:00",-13.6024479155659,-0.769423976691885
"2023-12-01 06:00:00",-13.6038692921589,0.528167296725183
"2023-12-01 07:00:00",-13.8701031602074,-0.765644539766952
"2023-12-01 08:00:00",-14.8055992747239,-0.986401454232513
"2023-12-01 09:00:00",-15.2338730258744,-0.016765183720978
"2023-12-01 10:00:00",-15.0762368147148,0.286041372651322
"2023-12-01 11:00:00",-14.478157105934,0.797108558200934
"2023-12-01 12:00:00",-14.2044427591298,-0.0695594665257241
"2023-12-01 13:00:00",-14.3188368709839,-0.12054365218487
"2023-12-01 14:00:00",-13.3452216647698,1.67522773210522
"2023-12-01 15:00:00",-13.9335933975868,-2.0522568827442
"2023-12-01 16:00:00",-15.0999359716465,-0.502364405149208
"2023-12-01 17:00:00",-14.8300883445817,0.791281668903356
"2023-12-01 18:00:00",-13.3194683251646,1.9374971051637
"2023-12-01 19:00:00",-11.5572738056069,1.57875316345889
"2023-12-01 20:00:00",-10.5879514320211,0.531873127388508
"2023-12-01 21:00:00",-9.92179514529495,0.737665148659581
"2023-12-01 22:00:00",-9.92575348734923,-0.485392361858182
"2023-12-01 23:00:00",-10.0242522305819,0.176896853869937
"2023-12-02 00:00:00",-9.84894611038398,0.178832422653955
"2023-12-02 01:00:00",-10.5511374426724,-1.24347158008894
"2023-12-02 02:00:00",-10.9742770896566,0.157442534147568
"2023-12-02 03:00:00",-10.7753110379639,0.231334595401636
"2023-12-02 04:00:00",-10.2853862498925,0.652919442484679
"2023-12-02 05:00:00",-9.78221540078347,0.39268349035183
"2023-12-02 06:00:00",-9.5308155797885,0.157871263146914
"2023-12-02 07:00:00",-9.743467339375,-0.437276488548324
"2023-12-02 08:00:00",-10.3767609064052,-0.721320316687815
"2023-12-02 09:00:00",-11.0699787195818,-0.628170413813465
"2023-12-02 10:00:00",-11.6842218102551,-0.561505202347081
"2023-12-02 11:00:00",-12.3110606198,-0.62555059645026
"2023-12-02 12:00:00",-12.8161094579766,-0.384852115863703
"2023-12-02 13:00:00",-13.0545570812199,-0.113000618019886
"2023-12-02 14:00:00",-12.810503746908,0.487310065099768
"2023-12-02 15:00:00",-12.1898823330755,0.69651017211489
"2023-12-02 16:00:00",-11.4454617558837,0.756693749091894
"2023-12-02 17:00:00",-10.6781351032466,0.752700838004052
"2023-12-02 18:00:00",-9.88761573642452,0.79192611923597
"2023-12-02 19:00:00",-9.13326242729962,0.706199946851828
"2023-12-02 20:00:00",-8.50141670544435,0.564021256397117
"2023-12-02 21:00:00",-8.02013928461704,0.414200691472643
"2023-12-02 22:00:00",-7.68569105688784,0.275722769424954
"2023-12-02 23:00:00",-7.57043083863153,0.0127136496883713
"2023-12-03 00:00:00",-7.64464243878629,-0.118879074993328
"2023-12-03 01:00:00",-7.72891712341295,-0.0473499493512585
"2023-12-03 02:00:00",-7.98782374621876,-0.377679494843038
"2023-12-03 03:00:00",-8.12295299788913,0.0432825061208944
"2023-12-03 04:00:00",-7.95901009730588,0.247058543895786
"2023-12-03 05:00:00",-8.02290271175159,-0.257897799398037
"2023-12-03 06:00:00",-8.52695229551375,-0.63385760857652
"2023-12-03 07:00:00",-9.19869371417721,-0.65408835091584
"2023-12-03 08:00:00",-10.0377873100512,-0.910701755158111
"2023-12-03 09:00:00",-10.2903878091655,0.211064314798042
"2023-12-03 10:00:00",-10.083953228665,0.206798653522759
"2023-12-03 11:00:00",-10.0261749768254,-0.0313184497740155
"2023-12-03 12:00:00",-10.0669004368784,-0.0321417610725397
"2023-12-03 13:00:00",-10.0612153499204,0.0436045716034854
"2023-12-03 14:00:00",-10.3713712224643,-0.518288934479441
"2023-12-03 15:00:00",-11.2871273268658,-1.12384909152222
"2023-12-03 16:00:00",-12.9217576352294,-1.88292423653913
"2023-12-03 17:00:00",-13.5098936076357,0.319640370770087
"2023-12-03 18:00:00",-12.3043026571503,1.75633456548183
"2023-12-03 19:00:00",-10.8029854865085,1.27582209293631
"2023-12-03 20:00:00",-9.52129107238876,1.23862461404973
"2023-12-03 21:00:00",-8.80434385549989,0.347368389943658
"2023-12-03 22:00:00",-8.37121740060795,0.481060879817751
"2023-12-03 23:00:00",-8.32143331232191,-0.229307504266089
"2023-12-04 00:00:00",-8.5851704250238,-0.263434216029762
"2023-12-04 01:00:00",-9.37799830519726,-1.0970135369286
"2023-12-04 02:00:00",-9.56350109809438,0.443060181725205
"2023-12-04 03:00:00",-9.58957582208462,-0.325263498951827
"2023-12-04 04:00:00",-10.0438615506878,-0.506354642341375
"2023-12-04 05:00:00",-10.2831098189269,-0.0368689632228629
"2023-12-04 06:00:00",-10.3737478720997,-0.108925674390534
"2023-12-04 07:00:00",-10.6466168810603,-0.355828590843402
"2023-12-04 08:00:00",-10.3998431339568,0.650494499892787
"2023-12-04 09:00:00",-10.1371747028568,0.00504144834807202
"2023-12-04 10:00:00",-10.100739763752,0.0686949333323902
"2023-12-04 11:00:00",-10.0462355406073,0.055469673306949
"2023-12-04 12:00:00",-9.84410338187949,0.303245840720969
"2023-12-04 13:00:00",-10.271562768671,-0.88159030338372
"2023-12-04 14:00:00",-10.6438445195778,-0.00182197707973267
"2023-12-04 15:00:00",-10.4994438532408,0.248734565025474
"2023-12-04 16:00:00",-9.87765754946713,0.854465909455279
"2023-12-04 17:00:00",-9.06171206822587,0.764220731743354
"2023-12-04 18:00:00",-8.50100830625745,0.41006067684557
"2023-12-04 19:00:00",-8.30786655282208,0.0503079736060383
"2023-12-04 20:00:00",-8.37453341977081,-0.130775327915838
"2023-12-04 21:00:00",-8.61083825244921,-0.284636205085758
"2023-12-04 22:00:00",-8.59510642067654,0.226322125603618
"2023-12-04 23:00:00",-8.4402682461194,0.110900819263059
"2023-12-05 00:00:00",-8.86889446244675,-0.757060689093727
"2023-12-05 01:00:00",-9.2762209628107,-0.143390005028742
"2023-12-05 02:00:00",-8.81896016995691,0.847912445599499
"2023-12-05 03:00:00",-8.07532114378071,0.650151413912288
"2023-12-05 04:00:00",-7.37258369796129,0.714806399534559
"2023-12-05 05:00:00",-6.8640157819782,0.356411377448775
"2023-12-05 06:00:00",-6.61989233276884,0.16651044773767
"2023-12-05 07:00:00",-6.61674011930709,-0.0973708611341117
"2023-12-05 08:00:00",-6.87087441891723,-0.338038890222338
"2023-12-05 09:00:00",-7.36753053812718,-0.569944591929581
"2023-12-05 10:00:00",-7.98515832502444,-0.610573002757784
"2023-12-05 11:00:00",-8.63785735101554,-0.639477088127934
"2023-12-05 12:00:00",-9.28452002053053,-0.609593276315067
"2023-12-05 13:00:00",-9.63479493485018,-0.14879009890843
"2023-12-05 14:00:00",-9.37268729943267,0.535994994455536
"2023-12-05 15:00:00",-8.75774037415313,0.650436377188567
"2023-12-05 16:00:00",-8.00069127695807,0.803433741587073
"2023-12-05 17:00:00",-7.2767118964233,0.646917323375448
"2023-12-05 18:00:00",-6.7751498615479,0.390202981650128
"2023-12-05 19:00:00",-6.45930219824376,0.259999840000854
"2023-12-05 20:00:00",-6.22155815804418,0.219933075953724
"2023-12-05 21:00:00",-5.94894954645252,0.302787928267865
"2023-12-05 22:00:00",-5.70594246131062,0.199272113670377
"2023-12-05 23:00:00",-5.39761309133836,0.373734017178926
"2023-12-06 00:00:00",-5.09394064170938,0.249490548892754
"2023-12-06 01:00:00",-5.29799423977217,-0.490150724065954
"2023-12-06 02:00:00",-5.38129010544938,0.198721258174652
"2023-12-06 03:00:00",-5.02860592214734,0.445499378978248
"2023-12-06 04:00:00",-4.52661422104798,0.522278129036872
"2023-12-06 05:00:00",-4.04453040041352,0.438212730258894
"2023-12-06 06:00:00",-3.72205440407087,0.235207390700132
"2023-12-06 07:00:00",-3.71373329089326,-0.138533038192123
"2023-12-06 08:00:00",-4.15195685025202,-0.612404259127064
"2023-12-06 09:00:00",-4.95075277670942,-0.879746474195887
"2023-12-06 10:00:00",-6.02310838460147,-1.14342235793407
"2023-12-06 11:00:00",-7.00935525505336,-0.826837815461107
"2023-12-06 12:00:00",-7.51633672554336,-0.260623854832146
"2023-12-06 13:00:00",-7.65820212864034,-0.0462675692211679
"2023-12-06 14:00:00",-7.47723338066631,0.333725871675915
"2023-12-06 15:00:00",-6.89545673706182,0.729130506692693
"2023-12-06 16:00:00",-6.06462562650816,0.868035261787529
"2023-12-06 17:00:00",-5.34129432778664,0.600306233146204
"2023-12-06 18:00:00",-4.9300986892487,0.272467056935884
"2023-12-06 19:00:00",-4.77401890251002,0.0774256779446338
"2023-12-06 20:00:00",-4.72854453823919,0.0281647161101912
"2023-12-06 21:00:00",-4.75275978023597,-0.0518907489139474
"2023-12-06 22:00:00",-4.95475445506147,-0.286339223878514
"2023-12-06 23:00:00",-5.09039032192512,-0.0223386569229168
"2023-12-07 00:00:00",-5.41996627908262,-0.512176667855746
"2023-12-07 01:00:00",-5.40594200630823,0.371136688207478
"2023-12-07 02:00:00",-4.89265994550425,0.590619279772798
"2023-12-07 03:00:00",-4.47778767463102,0.284299776237134
"2023-12-07 04:00:00",-4.15580435051832,0.337574881637526
"2023-12-07 05:00:00",-3.96439622369111,0.0902248316856392
"2023-12-07 06:00:00",-3.91339540477412,0.027536896850473
"2023-12-07 07:00:00",-4.00618914083243,-0.163560518461687
"2023-12-07 08:00:00",-4.32136112840131,-0.396105462944643
"2023-12-07 09:00:00",-4.87749180154606,-0.630816883286306
"2023-12-07 10:00:00",-5.62516141151613,-0.783756216415733
"2023-12-07 11:00:00",-6.46549276517598,-0.830866909719532
"2023-12-07 12:00:00",-7.20877819134205,-0.641246906297287
"2023-12-07 13:00:00",-7.14078327186666,0.546872932942853
"2023-12-07 14:00:00",-6.62913910094401,0.473047306836306
"2023-12-07 15:00:00",-6.34397769988794,0.154897841989259
"2023-12-07 16:00:00",-5.86679135172788,0.677540952425039
"2023-12-07 17:00:00",-5.40592162394668,0.302084375915188
"2023-12-07 18:00:00",-4.94464944877863,0.552442269848853
"2023-12-07 19:00:00",-4.58299290949149,0.223654170557444
"2023-12-07 20:00:00",-4.39879597127397,0.155045266087413
"2023-12-07 21:00:00",-4.26030598441101,0.126540634865703
"2023-12-07 22:00:00",-4.57395602892625,-0.586711274643711
"2023-12-07 23:00:00",-4.7271517718188,0.148983467388355
"2023-12-08 00:00:00",-4.47130622000895,0.321019507726242
"2023-12-08 01:00:00",-4.50864215165018,-0.268699632725189
"2023-12-08 02:00:00",-4.61691517352011,0.00963112450324155
"2023-12-08 03:00:00",-4.39315179930353,0.361832038396961
"2023-12-08 04:00:00",-3.93164443880287,0.511686914692047
"2023-12-08 05:00:00",-3.51770600582288,0.33417009212244
"2023-12-08 06:00:00",-3.64223352777442,-0.419870391712719
"2023-12-08 07:00:00",-4.28989998433808,-0.764057871728789
"2023-12-08 08:00:00",-4.83689598890859,-0.370769695208346
"2023-12-08 09:00:00",-4.97908173934071,0.0231903477055045
"2023-12-08 10:00:00",-5.06589012159103,-0.149598527223494
"2023-12-08 11:00:00",-5.4893323742665,-0.579352061473747
"2023-12-08 12:00:00",-6.00706060001528,-0.444970721009873
"2023-12-08 13:00:00",-6.57509279620895,-0.615338595312184
"2023-12-08 14:00:00",-6.74481885854397,0.143881845335208
"2023-12-08 15:00:00",-6.42369914830067,0.432708230734501
"2023-12-08 16:00:00",-5.77386076743422,0.771987015044343
"2023-12-08 17:00:00",-5.03228647877742,0.693500518905849
"2023-12-08 18:00:00",-4.47595136105307,0.444940958534788
"2023-12-08 19:00:00",-4.13570328504504,0.260053322824001
"2023-12-08 20:00:00",-3.93429245601755,0.158074830390192
"2023-12-08 21:00:00",-3.79507998050449,0.125092209685727
"2023-12-08 22:00:00",-3.6427617670981,0.168120835565087
"2023-12-08 23:00:00",-3.45207060009534,0.201370325448847
"2023-12-09 00:00:00",-3.30414384966453,0.109717241970502
"2023-12-09 01:00:00",-3.28120815047883,-0.0317498686317165
"2023-12-09 02:00:00",-3.17149617018086,0.203032992554814
"2023-12-09 03:00:00",-2.88433753050694,0.33368263819884
"2023-12-09 04:00:00",-2.46920832227614,0.453416075031426
"2023-12-09 05:00:00",-1.98205050169886,0.489684321807208
"2023-12-09 06:00:00",-1.59173775111121,0.308072807337288
"2023-12-09 07:00:00",-1.40440869922327,0.0999839263389656
"2023-12-09 08:00:00",-1.41579443617442,-0.0832801657694475
"2023-12-09 09:00:00",-1.57883050420051,-0.206634014688329
"2023-12-09 10:00:00",-1.9798298940531,-0.509484408059124
"2023-12-09 11:00:00",-1.88202828126933,0.500555844119135
"2023-12-09 12:00:00",-1.75859732812173,-0.131421575383336
"2023-12-09 13:00:00",-2.1016976238325,-0.465647029833592
"2023-12-09 14:00:00",-2.62858036934216,-0.539960497799911
"2023-12-09 15:00:00",-3.18178040368569,-0.53235135550676
"2023-12-09 16:00:00",-3.24706879635542,0.253284141238876
"2023-12-09 17:00:00",-2.76432087463934,0.616965476254902
"2023-12-09 18:00:00",-2.37966265562303,0.215072713653565
"2023-12-09 19:00:00",-2.45510765102555,-0.262468672298434
"2023-12-09 20:00:00",-2.28194683162943,0.458510719608765
"2023-12-09 21:00:00",-1.65882368086671,0.706193010909286
"2023-12-09 22:00:00",-0.915188937252307,0.735395984589059
"2023-12-09 23:00:00",-0.373596827779781,0.387834910484888
"2023-12-10 00:00:00",-0.198980675880293,0.024656484530969
"2023-12-10 01:00:00",-0.452344185863178,-0.426410961931912
"2023-12-10 02:00:00",-1.40809010949195,-1.26263060986365
"2023-12-10 03:00:00",-2.15473412012683,-0.365364259256274
"2023-12-10 04:00:00",-2.05532718416633,0.4073019870993
"2023-12-10 05:00:00",-1.42262339483057,0.755551924677398
"2023-12-10 06:00:00",-0.49615722981962,0.998215174734784
"2023-12-10 07:00:00",0.373200663035134,0.742782508725809
"2023-12-10 08:00:00",1.1533332572605,0.767479925970665
"2023-12-10 09:00:00",1.95193580580005,0.779915352714901
"2023-12-10 10:00:00",2.14596182852634,-0.208295506719075
"2023-12-10 11:00:00",1.49403220620712,-0.919466698488406
"2023-12-10 12:00:00",0.840516464009131,-0.447088658282149
"2023-12-10 13:00:00",0.773960881677092,0.189208437625828
"2023-12-10 14:00:00",1.14346110303891,0.471136975674932
"2023-12-10 15:00:00",1.79906744178249,0.745956383673378
"2023-12-10 16:00:00",2.74287140807896,1.02853289595003
"2023-12-10 17:00:00",3.64913210565739,0.7781478991204
"2023-12-10 18:00:00",4.11630526689067,0.232958151028626
"2023-12-10 19:00:00",4.28506675676239,0.112640748921714
"2023-12-10 20:00:00",4.38058427611183,0.0740415765146575
"2023-12-10 21:00:00",3.84505675716659,-0.922096922227641
"2023-12-10 22:00:00",3.0742525172133,-0.638270758747851
"2023-12-10 23:00:00",3.2629499200552,0.727071939952939
"2023-12-11 00:00:00",3.34069796745693,-0.363026387715604
"2023-12-11 01:00:00",3.02699294736846,-0.27022241230959
"2023-12-11 02:00:00",2.91739427866481,-0.00121049541931342
"2023-12-11 03:00:00",4.13837975789261,1.9739892303765
"2023-12-11 04:00:00",6.01223809344803,1.71272829271653
"2023-12-11 05:00:00",6.80213225878882,0.129399210565761
"2023-12-11 06:00:00",6.65283832630173,-0.336757065621651
"2023-12-11 07:00:00",6.19151402766385,-0.531018700687037
"2023-12-11 08:00:00",5.47022353703713,-0.821839303069018
"2023-12-11 09:00:00",4.80823636744508,-0.531012584158453
"2023-12-11 10:00:00",4.08004324535485,-0.83123719445893
"2023-12-11 11:00:00",3.14970088269449,-0.95745961240702
"2023-12-11 12:00:00",2.54375105228633,-0.346878282913264
"2023-12-11 13:00:00",2.92811452463388,0.850307160443721
"2023-12-11 14:00:00",3.36228671892949,0.132348835638055
"2023-12-11 15:00:00",3.48231841337711,0.101783948848206
"2023-12-11 16:00:00",3.6039155084417,0.124540119695571
"2023-12-11 17:00:00",3.45713253597966,-0.325330932444014
"2023-12-11 18:00:00",3.80538902791268,0.776303410509004
"2023-12-11 19:00:00",4.54558186387755,0.676042431167976
"2023-12-11 20:00:00",4.92234090641489,0.153479392915851
"2023-12-11 21:00:00",5.06028996016015,0.114697511951231
"2023-12-11 22:00:00",4.9083395784443,-0.329012721222989
"2023-12-11 23:00:00",4.68433320340435,-0.1496835541074
"2023-12-12 00:00:00",4.58992784356288,-0.059103982870931
"2023-12-12 01:00:00",4.36089815520977,-0.337342793794336
"2023-12-12 02:00:00",4.11703436819635,-0.175576686972752
"2023-12-12 03:00:00",4.01564305121754,-0.0524223823391469
"2023-12-12 04:00:00",4.14132540926693,0.233269958734239
"2023-12-12 05:00:00",4.39170242270497,0.24454727507611
"2023-12-12 06:00:00",4.60152753438444,0.171047511129082
"2023-12-12 07:00:00",4.49578064482626,-0.291177853675528
"2023-12-12 08:00:00",3.99557933752108,-0.621571918702573
"2023-12-12 09:00:00",3.26702448406146,-0.770403831676916
"2023-12-12 10:00:00",2.38483163269474,-0.919006240504035
"2023-12-12 11:00:00",1.54266510495335,-0.753994790405266
"2023-12-12 12:00:00",0.9703443749101,-0.425998296238661
"2023-12-12 13:00:00",1.01360165353272,0.352783098716457
"2023-12-12 14:00:00",1.1312465822234,-0.0460077345441727
"2023-12-12 15:00:00",1.12801854994672,0.0239869615510929
"2023-12-12 16:00:00",1.24336097518041,0.169310480081648
"2023-12-12 17:00:00",1.01785295622886,-0.479602094042586
"2023-12-12 18:00:00",0.486406104885715,-0.542067026508699
"2023-12-12 19:00:00",0.197674594758389,-0.106750466891771
"2023-12-12 20:00:00",0.0467706426630138,-0.173422974943719
"2023-12-12 21:00:00",-0.0481485613826884,-0.0381340106817398
"2023-12-12 22:00:00",0.0880432189871032,0.245997307287594
"2023-12-12 23:00:00",0.0491220323743305,-0.22712757949361
"2023-12-13 00:00:00",0.0133956750032094,0.0935066946976083
"2023-12-13 01:00:00",0.425341880651046,0.604642942472159
"2023-12-13 02:00:00",0.750529062777952,0.122885712798421
"2023-12-13 03:00:00",0.963605573177899,0.262110304726858
"2023-12-13 04:00:00",1.5128886869332,0.713385137183884
"2023-12-13 05:00:00",2.13727443739613,0.533433918021759
"2023-12-13 06:00:00",2.55940997423401,0.325124178869807
"2023-12-13 07:00:00",2.6320552423713,-0.102421260337322
"2023-12-13 08:00:00",2.29381220051489,-0.482773467298478
"2023-12-13 09:00:00",1.601301072287,-0.802381983741383
"2023-12-13 10:00:00",0.668859592617153,-0.976900753869245
"2023-12-13 11:00:00",-0.337208022994628,-0.978566064423262
"2023-12-13 12:00:00",-0.956696112206874,-0.350234619903053
"2023-12-13 13:00:00",-0.976918291803029,0.201976132934997
"2023-12-13 14:00:00",-0.701947458860234,0.31182555878699
"2023-12-13 15:00:00",-0.292952926696152,0.455242121463912
"2023-12-13 16:00:00",0.238142894130456,0.556804264421657
"2023-12-13 17:00:00",0.706839461684605,0.38738006674235
"2023-12-13 18:00:00",1.0427705193753,0.28475824014884
"2023-12-13 19:00:00",1.23427022232154,0.118884743824274
"2023-12-13 20:00:00",1.32962625120907,0.0735487517463002
"2023-12-13 21:00:00",1.42503290545038,0.10373132933595
"2023-12-13 22:00:00",1.43199698233434,-0.0597135534912503
"2023-12-13 23:00:00",1.30672332410741,-0.164871996979543
"2023-12-14 00:00:00",0.967981026452088,-0.440240893029514
"2023-12-14 01:00:00",0.91186888808257,0.201388444167313
"2023-12-14 02:00:00",0.800831931523892,-0.315215660358175
"2023-12-14 03:00:00",0.660675355520278,-0.0178242914507262
"2023-12-14 04:00:00",0.736230447351482,0.133365288510487
"2023-12-14 05:00:00",0.87087095733124,0.128143909408136
"2023-12-14 06:00:00",0.991230908464266,0.108329105330333
"2023-12-14 07:00:00",0.889782561827443,-0.237754151943403
"2023-12-14 08:00:00",0.484468697083663,-0.498904766548028
"2023-12-14 09:00:00",-0.182874431172899,-0.748546038233753
"2023-12-14 10:00:00",-1.08928631050331,-0.968346232587628
"2023-12-14 11:00:00",-2.02571646982369,-0.869250928088197
"2023-12-14 12:00:00",-2.62533471254728,-0.388762355973819
"2023-12-14 13:00:00",-2.96644425744267,-0.289749240193154
"2023-12-14 14:00:00",-2.9051010981882,0.296308360469105
"2023-12-14 15:00:00",-2.50458885188232,0.454691744897773
"2023-12-14 16:00:00",-2.20810266231901,0.180156172021961
"2023-12-14 17:00:00",-1.9955979537293,0.226817299267781
"2023-12-14 18:00:00",-1.80806116323362,0.155010118574649
"2023-12-14 19:00:00",-1.71639093759615,0.0474180939593515
"2023-12-14 20:00:00",-1.72516726137012,-0.0436098562607733
"2023-12-14 21:00:00",-1.79015734974845,-0.0739320051749087
"2023-12-14 22:00:00",-1.84042857251528,-0.0298019894088407
"2023-12-14 23:00:00",-1.88582925515371,-0.0512706561006793
"2023-12-15 00:00:00",-1.93610187851088,-0.0447882853287762
"2023-12-15 01:00:00",-1.66287413667367,0.474746087210833
"2023-12-15 02:00:00",-1.33856520769023,0.210751006657281
"2023-12-15 03:00:00",-1.38368285950894,-0.211825041793991
"2023-12-15 04:00:00",-2.40716708616216,-1.51416287927174
"2023-12-15 05:00:00",-2.99712901871272,0.0572980897129973
"2023-12-15 06:00:00",-2.9121945673637,0.103184437750184
"2023-12-15 07:00:00",-2.74907974443899,0.199069267111729
"2023-12-15 08:00:00",-2.53541712857332,0.216780692536412
"2023-12-15 09:00:00",-2.24441231817034,0.329925484807101
"2023-12-15 10:00:00",-1.9445134020258,0.268522678423319
"2023-12-15 11:00:00",-1.7288915610641,0.172614692587526
"2023-12-15 12:00:00",-1.67425991295341,-0.0243906034432414
"2023-12-15 13:00:00",-1.63293664040182,0.0853255710680467
"2023-12-15 14:00:00",-1.21667128426823,0.619211681511887
"2023-12-15 15:00:00",-0.48692275690749,0.770329128136614
"2023-12-15 16:00:00",0.435795340893181,0.981089501900504
"2023-12-15 17:00:00",1.41739799417895,0.934738057302008
"2023-12-15 18:00:00",2.19406966009773,0.632562462409429
"2023-12-15 19:00:00",2.45923995652984,0.00481833695637326
"2023-12-15 20:00:00",2.76421488766521,0.487414764806151
"2023-12-15 21:00:00",3.20002747189242,0.377140223102029
"2023-12-15 22:00:00",3.47717322967175,0.193190578455123
"2023-12-15 23:00:00",3.87868424855205,0.516828748148582
"2023-12-16 00:00:00",4.21433752303451,0.193923584376407
"2023-12-16 01:00:00",4.27470788519753,-0.0369629514797331
"2023-12-16 02:00:00",4.47791664621375,0.348155808732738
"2023-12-16 03:00:00",4.70365504427417,0.127631003554092
"2023-12-16 04:00:00",4.98752781682846,0.368481629377565
"2023-12-16 05:00:00",5.31012561826993,0.270252553290037
"2023-12-16 06:00:00",5.43945675848276,0.0223967827768144
"2023-12-16 07:00:00",4.96597780346583,-0.788567034602102
"2023-12-16 08:00:00",3.92170035149511,-1.17152392486172
"2023-12-16 09:00:00",3.18705439211457,-0.41354248979869
"2023-12-16 10:00:00",2.81632925823284,-0.32867091698678
"2023-12-16 11:00:00",2.46719746024345,-0.349810745648937
"2023-12-16 12:00:00",2.09430540557755,-0.373738962953279
"2023-12-16 13:00:00",2.56249248902546,1.00451496074382
"2023-12-16 14:00:00",3.27323908142035,0.47782808742976
"2023-12-16 15:00:00",3.83385639812122,0.584951146706727
"2023-12-16 16:00:00",4.53210321291826,0.735655452445108
"2023-12-16 17:00:00",5.15890390565044,0.518606865604764
"2023-12-16 18:00:00",5.69535190964967,0.516202489673101
"2023-12-16 19:00:00",6.10376471162132,0.309807705834287
"2023-12-16 20:00:00",6.36228010717297,0.204171330209871
"2023-12-16 21:00:00",6.52394982433004,0.117454940107161
"2023-12-16 22:00:00",6.63869916123755,0.099086083865512
"2023-12-16 23:00:00",6.76017827665843,0.122080342351578
"2023-12-17 00:00:00",6.86530456382522,0.0801171049490229
"2023-12-17 01:00:00",7.06918370138918,0.267850956917033
"2023-12-17 02:00:00",7.19159133816122,0.010521011446989
"2023-12-17 03:00:00",7.28236579844001,0.130695257455845
"2023-12-17 04:00:00",7.50216268200729,0.259368331648847
"2023-12-17 05:00:00",7.80527760382276,0.308207741650839
"2023-12-17 06:00:00",8.08929548592139,0.244337387826868
"2023-12-17 07:00:00",8.12975675264144,-0.107800373270564
"2023-12-17 08:00:00",7.79554843234903,-0.479739003807236
"2023-12-17 09:00:00",7.17534053095393,-0.694425678480067
"2023-12-17 10:00:00",6.36493628179023,-0.858458212343942
"2023-12-17 11:00:00",5.58447663979027,-0.699576363080016
"2023-12-17 12:00:00",4.97019921835141,-0.535418486029708
"2023-12-17 13:00:00",5.32457698390857,0.924320854692346
"2023-12-17 14:00:00",5.6621400507747,-0.0765041834979214
"2023-12-17 15:00:00",5.11173405919758,-0.84747645780114
"2023-12-17 16:00:00",4.79331628178863,0.0428260949796325
"2023-12-17 17:00:00",5.00687136994045,0.311047845184511
"2023-12-17 18:00:00",5.47283191892454,0.540639959990246
"2023-12-17 19:00:00",5.59293699876203,-0.173006349570047
"2023-12-17 20:00:00",5.37585904276998,-0.243350159426333
"2023-12-17 21:00:00",5.24624639234915,-0.054557125372337
"2023-12-17 22:00:00",5.24075490386683,0.0207190447034645
"2023-12-17 23:00:00",5.22187935967818,-0.0511277506384217
"2023-12-18 00:00:00",5.10555235468799,-0.160993546033417
"2023-12-18 01:00:00",5.15392503799776,0.179070177869018
"2023-12-18 02:00:00",5.09692693848816,-0.218307102072163
"2023-12-18 03:00:00",4.87169056913052,-0.225720593131805
"2023-12-18 04:00:00",4.6452502099398,-0.222437534055861
"2023-12-18 05:00:00",4.50651091895805,-0.0823344531153739
"2023-12-18 06:00:00",4.46132589847679,-0.0240790580897062
"2023-12-18 07:00:00",4.63420919734485,0.290225167993715
"2023-12-18 08:00:00",4.66558944941237,-0.14864289830909
"2023-12-18 09:00:00",4.21019986180252,-0.644256160098031
"2023-12-18 10:00:00",3.49028314682438,-0.741571497588515
"2023-12-18 11:00:00",2.90008668952499,-0.465733277692393
"2023-12-18 12:00:00",2.46777939317151,-0.393217759859206
"2023-12-18 13:00:00",2.39099923253629,0.134643245554063
"2023-12-18 14:00:00",2.5988883167625,0.243759030735333
"2023-12-18 15:00:00",3.17551670311042,0.767787610999373
"2023-12-18 16:00:00",3.93188988823515,0.708729371970294
"2023-12-18 17:00:00",4.37842509742572,0.245456374226015
"2023-12-18 18:00:00",4.61120310106506,0.207622418880295
"2023-12-18 19:00:00",4.56440777276751,-0.220122583866225
"2023-12-18 20:00:00",4.42350519443148,-0.0872762104425247
"2023-12-18 21:00:00",4.33816944907113,-0.0856871336175433
"2023-12-18 22:00:00",4.51680556654963,0.340769818585084
"2023-12-18 23:00:00",4.42375522364482,-0.383657536688507
"2023-12-19 00:00:00",4.34037854275794,0.115068745627135
"2023-12-19 01:00:00",5.09335810719255,1.13687215427895
"2023-12-19 02:00:00",5.84882377306552,0.458736451487332
"2023-12-19 03:00:00",6.36289211563708,0.518990680104401
"2023-12-19 04:00:00",6.77683233285402,0.316038391451415
"2023-12-19 05:00:00",7.10922710757821,0.318771063157011
"2023-12-19 06:00:00",7.33343063487568,0.141344642897049
"2023-12-19 07:00:00",7.29074830490089,-0.172786493817033
"2023-12-19 08:00:00",6.8251183155622,-0.648124073678987
"2023-12-19 09:00:00",5.95396302514811,-0.98723833217273
"2023-12-19 10:00:00",4.82917547185334,-1.17070855264712
"2023-12-19 11:00:00",3.59016977519819,-1.23188245621664
"2023-12-19 12:00:00",2.70716638077708,-0.613087809753738
"2023-12-19 13:00:00",2.28609718013252,-0.276538464361391
"2023-12-19 14:00:00",2.48801327113085,0.508339622931329
"2023-12-19 15:00:00",3.26363821462547,0.913748902095327
"2023-12-19 16:00:00",4.12658045161373,0.783859729262907
"2023-12-19 17:00:00",4.81130936668638,0.580787451643457
"2023-12-19 18:00:00",5.24572224207502,0.309988621802136
"2023-12-19 19:00:00",5.41752482223327,0.0647565472235054
"2023-12-19 20:00:00",5.48641654734154,0.0613937743473453
"2023-12-19 21:00:00",5.50928186959416,-0.0109761960194946
"2023-12-19 22:00:00",5.55869868168345,0.0802306448664001
"2023-12-19 23:00:00",5.56895903116644,-0.044036205425139
"2023-12-20 00:00:00",5.52192339223094,-0.0539762604976965
"2023-12-20 01:00:00",5.45574698202482,-0.0782805717745063
"2023-12-20 02:00:00",5.46909527487285,0.0667686155008279
"2023-12-20 03:00:00",5.55283100230764,0.0840204238010961
"2023-12-20 04:00:00",5.58189078844429,-0.0161162755850991
"2023-12-20 05:00:00",5.31407992856934,-0.430071012147447
"2023-12-20 06:00:00",4.46256417251451,-1.09885838632123
"2023-12-20 07:00:00",3.63198634613682,-0.618009060561769
"2023-12-20 08:00:00",3.34328204456761,-0.0601326269790493
"2023-12-20 09:00:00",3.23257798628747,-0.143465328688614
"2023-12-20 10:00:00",2.7958158454879,-0.615700872088995
"2023-12-20 11:00:00",2.16698393387779,-0.611306777803903
"2023-12-20 12:00:00",1.62661746268807,-0.470188231882361
"2023-12-20 13:00:00",1.50959265123547,0.121878379049203
"2023-12-20 14:00:00",1.34265324553693,-0.3534937407771
"2023-12-20 15:00:00",1.21901265160037,0.0337374304419822
"2023-12-20 16:00:00",1.17352314351745,-0.0977157561380689
"2023-12-20 17:00:00",1.28267801610169,0.24036712669032
"2023-12-20 18:00:00",1.64586426794891,0.426153053452738
"2023-12-20 19:00:00",1.90813918503686,0.138440684665197
"2023-12-20 20:00:00",2.1797015183034,0.344945310867032
"2023-12-20 21:00:00",2.77722959659209,0.734710838288206
"2023-12-20 22:00:00",3.33219401713148,0.405185223242628
"2023-12-20 23:00:00",3.57066402477137,0.111702617864434
"2023-12-21 00:00:00",3.93409901829029,0.50938239995082
"2023-12-21 01:00:00",3.78147833859167,-0.591765629242587
"2023-12-21 02:00:00",4.5046766817029,1.56058745002418
"2023-12-21 03:00:00",5.83599821364488,1.10941192097423
"2023-12-21 04:00:00",6.67873175064172,0.617384556213295
"2023-12-21 05:00:00",7.19602119090595,0.417373045031088
"2023-12-21 06:00:00",7.67116733286393,0.481809487758449
"2023-12-21 07:00:00",7.86718149763104,-0.0137123285685473
"2023-12-21 08:00:00",7.64935913859087,-0.353680248971801
"2023-12-21 09:00:00",6.92624467133993,-0.944894777447494
"2023-12-21 10:00:00",5.95606628642192,-0.949856713674391
"2023-12-21 11:00:00",4.96036628809081,-0.986621608454794
"2023-12-21 12:00:00",4.33262963569692,-0.36504632511831
"2023-12-21 13:00:00",4.56894984045579,0.620411653190523
"2023-12-21 14:00:00",5.11946680642649,0.471873554544268
"2023-12-21 15:00:00",5.54363162424252,0.365606569034556
"2023-12-21 16:00:00",5.43232020710328,-0.431105417255963
"2023-12-21 17:00:00",5.00942299612194,-0.404329426531001
"2023-12-21 18:00:00",4.51779169234992,-0.532924688174889
"2023-12-21 19:00:00",4.00125154383121,-0.486893257659687
"2023-12-21 20:00:00",3.4603397277897,-0.55637579281576
"2023-12-21 21:00:00",3.00663129199468,-0.368163734015172
"2023-12-21 22:00:00",2.64251356074686,-0.347992133131224
"2023-12-21 23:00:00",2.33660975521903,-0.266714174203335
"2023-12-22 00:00:00",2.04241847944983,-0.301540198544814
"2023-12-22 01:00:00",2.05016305217991,0.210931064813377
"2023-12-22 02:00:00",2.00562683462891,-0.215370357843892
"2023-12-22 03:00:00",1.67912159294238,-0.387663034148087
"2023-12-22 04:00:00",1.33700746254466,-0.297655373262671
"2023-12-22 05:00:00",1.22758462816836,0.0195402435827254
"2023-12-22 06:00:00",1.26805937867091,0.0509256581056093
"2023-12-22 07:00:00",1.21303557411655,-0.124674905199468
"2023-12-22 08:00:00",0.670418582521372,-0.797018639175599
"2023-12-22 09:00:00",0.323663151444143,-0.0309713383645945
"2023-12-22 10:00:00",0.27539125425978,-0.0579286294259874
"2023-12-22 11:00:00",0.0237323037317146,-0.3692065102913
"2023-12-22 12:00:00",-0.431194192790843,-0.490484954277087
"2023-12-22 13:00:00",-0.627443570328622,0.00978563576507349
"2023-12-22 14:00:00",-0.852452623281417,-0.370035391828141
"2023-12-22 15:00:00",-1.11927681155618,-0.184240102140344
"2023-12-22 16:00:00",-0.907442910864038,0.467254855159305
"2023-12-22 17:00:00",-0.549024589369867,0.269999378090423
"2023-12-22 18:00:00",-0.537864605872296,-0.161219539392112
"2023-12-22 19:00:00",-0.46917398306209,0.219390428108756
"2023-12-22 20:00:00",-0.22391609695023,0.251452644942245
"2023-12-22 21:00:00",-0.241108060549733,-0.195179852334122
"2023-12-22 22:00:00",-0.82031540643941,-0.80738709397488
"2023-12-22 23:00:00",-0.990513016835574,0.263732931146663
"2023-12-23 00:00:00",-0.954155864657721,-0.115675434864707
"2023-12-23 01:00:00",-0.688115327866841,0.509100993701556
"2023-12-23 02:00:00",-0.818575130801716,-0.549740388809288
"2023-12-23 03:00:00",-1.21367264944949,-0.272174422774502
"2023-12-23 04:00:00",-1.43246282200133,-0.171240572574547
"2023-12-23 05:00:00",-1.04566923735945,0.742275747897437
"2023-12-23 06:00:00",-0.310335988610207,0.697109875745093
"2023-12-23 07:00:00",-0.0422836932466799,-0.0303190297100384
"2023-12-23 08:00:00",-0.437795860629469,-0.620121171567592
"2023-12-23 09:00:00",-1.13035432509152,-0.707375101510975
"2023-12-23 10:00:00",-1.88512796387744,-0.749049201448842
"2023-12-23 11:00:00",-2.68431792752448,-0.792210412110574
"2023-12-23 12:00:00",-3.35273523305539,-0.550668202286138
"2023-12-23 13:00:00",-3.51427153961042,0.109876991831948
"2023-12-23 14:00:00",-2.95660229673046,0.834220753051508
"2023-12-23 15:00:00",-2.12120442959164,0.800294891761962
"2023-12-23 16:00:00",-1.31684918238033,0.771573035528681
"2023-12-23 17:00:00",-0.638971385152624,0.58489993022673
"2023-12-23 18:00:00",-0.0356450040032856,0.587764167943077
"2023-12-23 19:00:00",0.408807164440486,0.327838301718043
"2023-12-23 20:00:00",0.742668815664479,0.321485471452784
"2023-12-23 21:00:00",1.06168352997759,0.301251196765757
"2023-12-23 22:00:00",1.13205955497619,-0.088250457632606
"2023-12-23 23:00:00",0.9551605789954,-0.229049630205606
"2023-12-24 00:00:00",0.711931086868397,-0.242355280187926
"2023-12-24 01:00:00",-0.320240781878971,-1.5105766045849
"2023-12-24 02:00:00",-1.09452006464802,-0.246216787566978
"2023-12-24 03:00:00",-1.10444171770085,0.149487637092685
"2023-12-24 04:00:00",-0.711762662002902,0.537567248922223
"2023-12-24 05:00:00",0.196908753796773,1.11380770269007
"2023-12-24 06:00:00",2.75435415884917,3.39807236739341
"2023-12-24 07:00:00",5.91093247065071,2.84203717603431
"2023-12-24 08:00:00",7.18899522136742,0.167081243193085
"2023-12-24 09:00:00",6.8599496436267,-0.653418872154034
"2023-12-24 10:00:00",6.16840382475168,-0.692941241966268
"2023-12-24 11:00:00",5.53341624537282,-0.574126834360932
"2023-12-24 12:00:00",5.07672364306988,-0.363833035342817
"2023-12-24 13:00:00",5.645348671819,1.15669068612282
"2023-12-24 14:00:00",6.79650080129101,1.08548323981622
"2023-12-24 15:00:00",7.79439765082036,0.883329551863276
"2023-12-24 16:00:00",8.7109367922203,0.885081315603727
"2023-12-24 17:00:00",9.41658383356884,0.541269445645453
"2023-12-24 18:00:00",9.90259038113405,0.413936350834792
"2023-12-24 19:00:00",10.298129389734,0.351718126872685
"2023-12-24 20:00:00",10.7820179489565,0.535736492741882
"2023-12-24 21:00:00",11.1458344543023,0.218023130693048
"2023-12-24 22:00:00",11.3121134967447,0.109519619972936
"2023-12-24 23:00:00",11.271378782821,-0.153543628734315
"2023-12-25 00:00:00",11.1697811214552,-0.0766639961418887
"2023-12-25 01:00:00",10.7249428045558,-0.683538613859194
"2023-12-25 02:00:00",10.4019073332,-0.0811737838382718
"2023-12-25 03:00:00",10.4787731554118,0.165167310928622
"2023-12-25 04:00:00",10.6832979541944,0.207540891867837
"2023-12-25 05:00:00",10.9303651436899,0.247910683699653
"2023-12-25 06:00:00",10.7886875522108,-0.408751109064315
"2023-12-25 07:00:00",10.4409302411458,-0.304472518606347
"2023-12-25 08:00:00",9.81221852008301,-0.828445694412392
"2023-12-25 09:00:00",9.01926187934567,-0.744260863900119
"2023-12-25 10:00:00",8.14931957041408,-0.924011604315797
"2023-12-25 11:00:00",7.4991047564258,-0.447290094812094
"2023-12-25 12:00:00",7.13930032258898,-0.294047284451278
"2023-12-25 13:00:00",7.17533682151119,0.245176530687769
"2023-12-25 14:00:00",7.20253517599032,-0.128656528377231
"2023-12-25 15:00:00",7.15856304749506,0.00529155520198579
"2023-12-25 16:00:00",7.40178714769124,0.381060768415764
"2023-12-25 17:00:00",7.58815191346841,0.0381757810309273
"2023-12-25 18:00:00",7.55549567715358,-0.0881030388448986
"2023-12-25 19:00:00",7.66647593826086,0.228690527175981
"2023-12-25 20:00:00",7.75482282895238,-0.0192911264340647
"2023-12-25 21:00:00",8.07390070571462,0.519498191037626
"2023-12-25 22:00:00",8.4234402545419,0.209221815408324
"2023-12-25 23:00:00",8.56491978283617,0.0787413425604062
"2023-12-26 00:00:00",8.61166995457983,0.0121648287276579
"2023-12-26 01:00:00",8.71072559970372,0.141177855479099
"2023-12-26 02:00:00",8.89953657159266,0.200369066719592
"2023-12-26 03:00:00",9.58380410874865,0.962877204540834
"2023-12-26 04:00:00",10.3538586267421,0.592566090115484
"2023-12-26 05:00:00",10.7932268290227,0.303017572432459
"2023-12-26 06:00:00",10.9124844575366,-0.0228220800896035
"2023-12-26 07:00:00",10.7910991481937,-0.195386645774476
"2023-12-26 08:00:00",10.3171145936253,-0.651095274979094
"2023-12-26 09:00:00",9.37931012878686,-1.0976714160741
"2023-12-26 10:00:00",8.3323876636986,-0.97542745881016
"2023-12-26 11:00:00",7.32224242974937,-0.996025652223249
"2023-12-26 12:00:00",6.31984675393145,-0.968444497913596
"2023-12-26 13:00:00",5.95041685702354,0.0393177616047481
"2023-12-26 14:00:00",5.73977398570568,-0.374938542718408
"2023-12-26 15:00:00",5.47133268566569,-0.192084428601509
"2023-12-26 16:00:00",5.34808565307426,-0.078549927008861
"2023-12-26 17:00:00",5.5378492903669,0.352727356004212
"2023-12-26 18:00:00",6.09672304889637,0.662608999264791
"2023-12-26 19:00:00",6.08324916555589,-0.471404123694161
"2023-12-26 20:00:00",5.48777917014919,-0.657721674839678
"2023-12-26 21:00:00",4.71936062940122,-0.812771976608536
"2023-12-26 22:00:00",3.93378369851399,-0.736198443742628
"2023-12-26 23:00:00",3.29992039042985,-0.540589317573179
"2023-12-27 00:00:00",2.80083975124581,-0.451944926745562
"2023-12-27 01:00:00",2.33136963679351,-0.462453607183595
"2023-12-27 02:00:00",2.08190236066149,-0.0986284580401085
"2023-12-27 03:00:00",2.01283752936692,-0.0487568940148701
"2023-12-27 04:00:00",1.97296611765881,-0.0346469268303307
"2023-12-27 05:00:00",1.92791682164061,-0.0523857334981653
"2023-12-27 06:00:00",1.76532654399858,-0.230816851073921
"2023-12-27 07:00:00",1.3022839446873,-0.598128452191322
"2023-12-27 08:00:00",0.556046211017263,-0.811192964905594
"2023-12-27 09:00:00",0.335261934361196,0.182589867665039
"2023-12-27 10:00:00",0.52614980815466,0.186916898195098
"2023-12-27 11:00:00",0.594945730038659,-0.013897196348591
"2023-12-27 12:00:00",0.64821235612185,0.0947439102148352
"2023-12-27 13:00:00",0.674248360195377,-0.0218409899007103
"2023-12-27 14:00:00",0.463458130987741,-0.327606475906022
"2023-12-27 15:00:00",0.282861317180001,-0.0746073953567696
"2023-12-27 16:00:00",0.883985003777255,1.02267395157671
"2023-12-27 17:00:00",1.65711810943202,0.568897467466221
"2023-12-27 18:00:00",2.12345642113989,0.373671245405255
"2023-12-27 19:00:00",2.63267466701583,0.572647384317085
"2023-12-27 20:00:00",3.42734215870469,0.901523852101892
"2023-12-27 21:00:00",3.973269665781,0.278508703491931
"2023-12-27 22:00:00",3.93413987788075,-0.254145716857782
"2023-12-27 23:00:00",3.908713323391,0.123189046605117
"2023-12-28 00:00:00",4.27601502837419,0.507550033301074
"2023-12-28 01:00:00",5.0882829730483,0.971301278670226
"2023-12-28 02:00:00",6.15812510324445,1.07813997064519
"2023-12-28 03:00:00",7.5138686566523,1.46845008355776
"2023-12-28 04:00:00",8.73579437187656,0.989831452535231
"2023-12-28 05:00:00",9.20558194803631,0.0895166110876594
"2023-12-28 06:00:00",9.45005047395692,0.324288795568212
"2023-12-28 07:00:00",9.16712212252969,-0.686465657734764
"2023-12-28 08:00:00",8.34594995449454,-0.88376612966697
"2023-12-28 09:00:00",7.75780188912822,-0.373878825269474
"2023-12-28 10:00:00",7.50591599375604,-0.168585864640338
"2023-12-28 11:00:00",7.43245139965936,-0.0162325864786173
"2023-12-28 12:00:00",7.41973102099902,-0.0193519066788669
"2023-12-28 13:00:00",7.19007460513976,-0.368504958919374
"2023-12-28 14:00:00",6.90752061846522,-0.221092622495256
"2023-12-28 15:00:00",6.81548853749245,-0.0105208706024339
"2023-12-28 16:00:00",6.9504839787702,0.216807369911332
"2023-12-28 17:00:00",7.12301783805372,0.125863623160058
"2023-12-28 18:00:00",7.40428858049434,0.362329241961003
"2023-12-28 19:00:00",7.54405153464292,-0.0247946417159715
"2023-12-28 20:00:00",7.57550480612881,0.0577353749586845
"2023-12-28 21:00:00",7.6348018448788,0.0477586106546505
"2023-12-28 22:00:00",7.54873692528531,-0.181027520515723
"2023-12-28 23:00:00",7.52797621686786,0.0773412921749921
"2023-12-29 00:00:00",7.57323694429499,0.0120227678666399
"2023-12-29 01:00:00",8.0385688192374,0.735661724142665
"2023-12-29 02:00:00",8.3907048022682,0.0693647389785047
"2023-12-29 03:00:00",8.64144245464495,0.348923765491302
"2023-12-29 04:00:00",8.83582381152247,0.0709826244503073
"2023-12-29 05:00:00",9.31251328684515,0.713118353892069
"2023-12-29 06:00:00",9.8016161828975,0.3045198636283
"2023-12-29 07:00:00",10.1090770482792,0.28218083741771
"2023-12-29 08:00:00",10.2064685961648,-0.0434537249964609
"2023-12-29 09:00:00",10.0058884226964,-0.308949937822171
"2023-12-29 10:00:00",9.62021075924193,-0.431395005143603
"2023-12-29 11:00:00",9.0150760291176,-0.704600203064371
"2023-12-29 12:00:00",8.45748979165919,-0.444699232553071
"2023-12-29 13:00:00",7.84750726839268,-0.702081827504579
"2023-12-29 14:00:00",7.1969976781264,-0.595329146280693
"2023-12-29 15:00:00",7.11739891489496,0.258724140182087
"2023-12-29 16:00:00",7.58749305712939,0.579495073297161
"2023-12-29 17:00:00",8.17612846375253,0.556980072436863
"2023-12-29 18:00:00",8.50792138532195,0.155368383079599
"2023-12-29 19:00:00",8.61277752511892,0.0552359135698178
"2023-12-29 20:00:00",8.28545628277985,-0.577899326063684
"2023-12-29 21:00:00",7.89429403145411,-0.258761797508477
"2023-12-29 22:00:00",8.28957629054852,0.802348144928239
"2023-12-29 23:00:00",8.79472465269232,0.272332286732869
"2023-12-30 00:00:00",8.83789815867595,-0.122980852228658
"2023-12-30 01:00:00",7.86756017148308,-1.50051183071386
"2023-12-30 02:00:00",6.83344840932756,-0.684181418668895
"2023-12-30 03:00:00",6.67292716119793,0.187401943353333
"2023-12-30 04:00:00",6.75190688760117,-0.0056522999802107
"2023-12-30 05:00:00",6.58787578255442,-0.270521014737495
"2023-12-30 06:00:00",6.18219270597428,-0.485000903061838
"2023-12-30 07:00:00",5.65832965819755,-0.532843417437786
"2023-12-30 08:00:00",5.07843600353494,-0.590995074286733
"2023-12-30 09:00:00",4.63485290980051,-0.330775368930356
"2023-12-30 10:00:00",4.33605608706984,-0.269251970768525
"2023-12-30 11:00:00",4.11006313069094,-0.192002484109686
"2023-12-30 12:00:00",3.90656834079585,-0.206782465368422
"2023-12-30 13:00:00",3.88022868874908,0.0901711789705022
"2023-12-30 14:00:00",3.99081522402647,0.113941495788118
"2023-12-30 15:00:00",3.96379927940684,-0.124844749262252
"2023-12-30 16:00:00",3.63981225272178,-0.446458379153039
"2023-12-30 17:00:00",3.68081626576285,0.359334715145447
"2023-12-30 18:00:00",3.47937039788958,-0.5704637735276
"2023-12-30 19:00:00",3.18725492429931,-0.0971554402923684
"2023-12-30 20:00:00",3.18356519016139,0.0546879339099783
"2023-12-30 21:00:00",3.50855979179248,0.485650136629107
"2023-12-30 22:00:00",4.54222224786335,1.3453577339091
"2023-12-30 23:00:00",5.45134372012234,0.569248259954143
"2023-12-31 00:00:00",5.24128834236409,-0.726625231927912
"2023-12-31 01:00:00",4.86876571145053,-0.125510087615327
"2023-12-31 02:00:00",4.25462760343398,-0.916975035176063
"2023-12-31 03:00:00",3.47576993572801,-0.655252658669411
"2023-12-31 04:00:00",3.06456752028496,-0.233443792151539
"2023-12-31 05:00:00",2.91779241597332,-0.0859712859049436
"2023-12-31 06:00:00",2.86903043905866,-0.0253989072095965
"2023-12-31 07:00:00",3.10695676821051,0.398470391737379
"2023-12-31 08:00:00",3.69238551483176,0.678242733470843
"2023-12-31 09:00:00",4.0833185403144,0.176061581178644
"2023-12-31 10:00:00",4.10446165126431,-0.0884005762519555
"2023-12-31 11:00:00",3.96853094113292,-0.166446581658408
"2023-12-31 12:00:00",3.77709423311006,-0.204113392916509
"2023-12-31 13:00:00",3.91793031950592,0.359238929626722
"2023-12-31 14:00:00",4.26223427063569,0.312937736763979
"2023-12-31 15:00:00",4.53442077928417,0.226593058185124
"2023-12-31 16:00:00",4.72026105159412,0.143998162657866
"2023-12-31 17:00:00",5.02457487431424,0.390645816996883
"2023-12-31 18:00:00",5.37485022828497,0.300242662087453
"2023-12-31 19:00:00",5.6878540808415,0.299711418512299
"2023-12-31 20:00:00",6.15234203146027,0.544935601532848
"2023-12-31 21:00:00",6.09068912202703,-0.471036586172714
"2023-12-31 22:00:00",5.34529171842802,-0.900729152169042
"2023-12-31 23:00:00",4.89717505615448,-0.131973808799186
"2024-01-01 00:00:00",4.73661241321457,-0.178302188272799
"2024-01-01 01:00:00",4.90546224310058,0.386153381482888
"2024-01-01 02:00:00",4.88130172214395,-0.302871561734096
"2024-01-01 03:00:00",4.54342893541498,-0.351441068634261
"2024-01-01 04:00:00",4.35093412664426,-0.0832398405899932
"2024-01-01 05:00:00",4.14535798054615,-0.282970052383433
"2024-01-01 06:00:00",3.99726077709757,-0.0564876976609319
"2024-01-01 07:00:00",3.68479920309672,-0.473410818827082
"2024-01-01 08:00:00",3.43266804413488,-0.0973809859376263
"2024-01-01 09:00:00",3.53497838209761,0.226150593391773
"2024-01-01 10:00:00",4.01465635980411,0.621344228814633
"2024-01-01 11:00:00",4.36707658857031,0.151220542352829
"2024-01-01 12:00:00",3.53298683253415,-1.45694416709991
"2024-01-01 13:00:00",3.51301904282669,0.934396527067715
"2024-01-01 14:00:00",4.21062185368515,0.502066504680938
"2024-01-01 15:00:00",4.44309583184183,0.036275863411985
"2024-01-01 16:00:00",4.60032426839273,0.224665373547397
"2024-01-01 17:00:00",4.57859601702285,-0.190883335525829
"2024-01-01 18:00:00",4.3387939136301,-0.266918780893571
"2024-01-01 19:00:00",4.13574717519885,-0.156408397309181
"2024-01-01 20:00:00",4.03923369076921,-0.0573272648037427
"2024-01-01 21:00:00",3.84341358602144,-0.284046796837326
"2024-01-01 22:00:00",3.29147210817095,-0.70925961347979
"2024-01-01 23:00:00",3.30580336449813,0.491794623337081
"2024-01-02 00:00:00",3.99101298766346,0.77733021121223
"2024-01-02 01:00:00",4.0705493948509,-0.394573916422291
"2024-01-02 02:00:00",3.52197443518481,-0.630417948435405
"2024-01-02 03:00:00",2.71913906088038,-0.884166561092954
"2024-01-02 04:00:00",2.19201385990705,-0.26755687272766
"2024-01-02 05:00:00",2.19271451765855,0.176678072851861
"2024-01-02 06:00:00",2.33927785458489,0.116697067863613
"2024-01-02 07:00:00",2.44529757748746,0.0908492409538069
"2024-01-02 08:00:00",2.50745537277929,0.0369257900132441
"2024-01-02 09:00:00",2.57593367398455,0.0830278120201233
"2024-01-02 10:00:00",2.44927084434472,-0.263754627447038
"2024-01-02 11:00:00",1.89049529621365,-0.732056300835348
"2024-01-02 12:00:00",1.18020203811158,-0.664468213231323
"2024-01-02 13:00:00",0.920648730200606,0.021198400604295
"2024-01-02 14:00:00",1.09226496213535,0.262551653425862
"2024-01-02 15:00:00",1.60334749971743,0.651073190293326
"2024-01-02 16:00:00",2.40085500099159,0.85516561396108
"2024-01-02 17:00:00",3.26213331472661,0.821332254834288
"2024-01-02 18:00:00",4.16426166753325,0.90891937700177
"2024-01-02 19:00:00",5.31932553804543,1.2589034824361
"2024-01-02 20:00:00",6.46744537991007,1.01285295376859
"2024-01-02 21:00:00",7.04305705443042,0.248435798885859
"2024-01-02 22:00:00",7.42710383772564,0.447127268459138
"2024-01-02 23:00:00",8.12218891546993,0.817786958764985
"2024-01-03 00:00:00",8.63879759668978,0.280811428467119
"2024-01-03 01:00:00",8.87244372469559,0.179968495286711
"2024-01-03 02:00:00",9.18093506379529,0.368079483551996
"2024-01-03 03:00:00",9.34724847805759,0.0120713565294371
"2024-01-03 04:00:00",9.87146177996296,0.828680388945425
"2024-01-03 05:00:00",10.3224419834926,0.16503372588479
"2024-01-03 06:00:00",10.398023135492,-0.00094591037279175
"2024-01-03 07:00:00",10.2798724925873,-0.204070214681701
"2024-01-03 08:00:00",9.99606111936717,-0.336731311523238
"2024-01-03 09:00:00",9.61278844461177,-0.408967735250312
"2024-01-03 10:00:00",9.10884015452421,-0.555707287727076
"2024-01-03 11:00:00",8.53976087367584,-0.562689122309797
"2024-01-03 12:00:00",7.94953413810208,-0.591541937559659
"2024-01-03 13:00:00",8.02843253919443,0.511858132190834
"2024-01-03 14:00:00",8.18006053605047,-0.106072033780686
"2024-01-03 15:00:00",7.94101523108296,-0.326874164494589
"2024-01-03 16:00:00",7.91762976978492,0.169815423852586
"2024-01-03 17:00:00",8.03838995552092,0.072116177026306
"2024-01-03 18:00:00",8.33549202867993,0.422613800324946
"2024-01-03 19:00:00",8.65005053593541,0.216834166560885
"2024-01-03 20:00:00",8.87928335516497,0.21545903420463
"2024-01-03 21:00:00",8.39049750599397,-0.946489515214083
"2024-01-03 22:00:00",7.87735121807049,-0.210683265194996
"2024-01-03 23:00:00",7.60951278964153,-0.303364436768185
"2024-01-04 00:00:00",7.49831040988396,0.0123821724437839
"2024-01-04 01:00:00",7.66424144129027,0.250747980221412
"2024-01-04 02:00:00",7.64077716298574,-0.215030460030983
"2024-01-04 03:00:00",7.64813972233952,0.145426328826997
"2024-01-04 04:00:00",7.93737322101936,0.361503774522445
"2024-01-04 05:00:00",8.21927005500922,0.205202816820079
"2024-01-04 06:00:00",8.34581966796789,0.0575101585425642
"2024-01-04 07:00:00",7.88727499884073,-0.791540042065195
"2024-01-04 08:00:00",6.57292535583174,-1.61058994103831
"2024-01-04 09:00:00",4.74902531220028,-1.88790365919005
"2024-01-04 10:00:00",2.80179837649497,-1.90036371890039
"2024-01-04 11:00:00",0.989603691098569,-1.67091238226898
"2024-01-04 12:00:00",-0.392466624715044,-1.12511230041644
"2024-01-04 13:00:00",-1.51957667845097,-1.0743765906911
"2024-01-04 14:00:00",-1.83300178552381,0.21071918286436
"2024-01-04 15:00:00",-1.58455889198324,0.264147760220691
"2024-01-04 16:00:00",-1.41612105895059,0.0986700920338835
"2024-01-04 17:00:00",-1.36701683427626,0.0155522781252719
"2024-01-04 18:00:00",-1.53396611935936,-0.278920081779072
"2024-01-04 19:00:00",-2.07279887964927,-0.684523300655807
"2024-01-04 20:00:00",-3.59861423541694,-2.01149047687434
"2024-01-04 21:00:00",-3.73659277903918,1.12220210099624
"2024-01-04 22:00:00",-2.58413101981419,1.12268523873032
"2024-01-04 23:00:00",-2.28847897077917,-0.26641338247098
"2024-01-05 00:00:00",-2.2512048423866,0.240906726733577
"2024-01-05 01:00:00",-1.70726994021763,0.723003725406009
"2024-01-05 02:00:00",-1.33078696272285,0.129782803603936
"2024-01-05 03:00:00",-1.12097907301808,0.254901955160283
"2024-01-05 04:00:00",-0.847795267578999,0.273834469435383
"2024-01-05 05:00:00",-0.514436420102146,0.358292562248127
"2024-01-05 06:00:00",-0.216369927022239,0.244415431633331
"2024-01-05 07:00:00",-0.152586390417015,-0.059387829690339
"2024-01-05 08:00:00",-0.504160285461094,-0.529458123619577
"2024-01-05 09:00:00",-1.25637572775074,-0.864323357057771
"2024-01-05 10:00:00",-2.22660923693744,-0.993115250267008
"2024-01-05 11:00:00",-3.42004859463327,-1.26740583412901
"2024-01-05 12:00:00",-4.50237356188175,-0.903101362696376
"2024-01-05 13:00:00",-4.82011902742718,0.0933859994122697
"2024-01-05 14:00:00",-4.51838005596442,0.432511346361718
"2024-01-05 15:00:00",-4.02748808627951,0.512307221074674
"2024-01-05 16:00:00",-3.36877108995256,0.730209857948203
"2024-01-05 17:00:00",-2.53605737707998,0.865819423934685
"2024-01-05 18:00:00",-1.70854259976494,0.765923760243788
"2024-01-05 19:00:00",-1.15473823055882,0.388279026095995
"2024-01-05 20:00:00",-0.839352345149153,0.253292336155709
"2024-01-05 21:00:00",-0.876097866597707,-0.227273114074859
"2024-01-05 22:00:00",-0.764234455365313,0.333763863311377
"2024-01-05 23:00:00",-0.461720355132033,0.268290790740499
"2024-01-06 00:00:00",-0.289313375094382,0.100887822490701
"2024-01-06 01:00:00",-0.882420862967046,-1.02720630973849
"2024-01-06 02:00:00",-1.64818762500375,-0.553950849595088
"2024-01-06 03:00:00",-1.94759348562844,-0.113360649502016
"2024-01-06 04:00:00",-1.72623905798558,0.436485079326978
"2024-01-06 05:00:00",-1.14643537146056,0.650020334570577
"2024-01-06 06:00:00",-0.537733020109115,0.55370964215419
"2024-01-06 07:00:00",-0.354662930174975,-0.0720252190100893
"2024-01-06 08:00:00",-0.747508274598633,-0.587597035867293
"2024-01-06 09:00:00",-1.59645398730283,-0.981870627085326
"2024-01-06 10:00:00",-2.75943410171497,-1.22639647970288
"2024-01-06 11:00:00",-3.96990745454927,-1.13878140398622
"2024-01-06 12:00:00",-4.88855126554013,-0.723118928514373
"2024-01-06 13:00:00",-5.65160814119101,-0.747122385353037
"2024-01-06 14:00:00",-5.97252527796884,-0.0142526955484371
"2024-01-06 15:00:00",-5.80700585183467,0.285196273911649
"2024-01-06 16:00:00",-5.32956256010509,0.590400887082666
"2024-01-06 17:00:00",-4.700071432494,0.632505484622383
"2024-01-06 18:00:00",-4.15503469574896,0.466881920437416
"2024-01-06 19:00:00",-3.84951609911308,0.188780978867509
"2024-01-06 20:00:00",-3.76629133773029,0.0138608222464186
"2024-01-06 21:00:00",-3.82226383322819,-0.0950142497559909
"2024-01-06 22:00:00",-3.87811629319464,-0.0221656160665989
"2024-01-06 23:00:00",-3.85460710879598,0.0578387188981157
"2024-01-07 00:00:00",-3.95533695938538,-0.196686794913522
"2024-01-07 01:00:00",-4.26435217808794,-0.364118533659762
"2024-01-07 02:00:00",-4.66575435555387,-0.401688120563285
"2024-01-07 03:00:00",-4.99025300580603,-0.251607635545878
"2024-01-07 04:00:00",-5.30735369967685,-0.339263154959876
"2024-01-07 05:00:00",-5.78639562633058,-0.542623401322657
"2024-01-07 06:00:00",-6.11233832916288,-0.158546434661286
"2024-01-07 07:00:00",-6.29004288020017,-0.17415567403382
"2024-01-07 08:00:00",-6.37072673901703,-0.00643100211815416
"2024-01-07 09:00:00",-5.76353386027878,0.995624423654213
"2024-01-07 10:00:00",-5.33789291043048,0.0328590733718767
"2024-01-07 11:00:00",-5.65231022414365,-0.524111695828555
"2024-01-07 12:00:00",-6.13107316555181,-0.418496900111898
"2024-01-07 13:00:00",-6.00897928001061,0.484580299467479
"2024-01-07 14:00:00",-5.68169698906841,0.214609625683773
"2024-01-07 15:00:00",-5.43603971890425,0.262003284228485
"2024-01-07 16:00:00",-5.00361979756663,0.532485631935967
"2024-01-07 17:00:00",-5.36993985628544,-0.941658783289285
"2024-01-07 18:00:00",-6.54549435872774,-1.26870106955812
"2024-01-07 19:00:00",-7.44071516478403,-0.595263361365527
"2024-01-07 20:00:00",-8.28298876999401,-0.957331942905201
"2024-01-07 21:00:00",-9.59281682565985,-1.47190587970762
"2024-01-07 22:00:00",-10.7729737674474,-0.917219377589883
"2024-01-07 23:00:00",-11.29969835802,-0.227487513758973
"2024-01-08 00:00:00",-11.4455125574998,-0.0698765048950224
"2024-01-08 01:00:00",-11.3929830718269,0.146384569692243
"2024-01-08 02:00:00",-10.9736957282878,0.59597613283773
"2024-01-08 03:00:00",-10.8346877164918,-0.158097165379701
"2024-01-08 04:00:00",-11.7089038559062,-1.29611699507511
"2024-01-08 05:00:00",-12.4039914108443,-0.246289880908649
"2024-01-08 06:00:00",-12.3862450634136,0.208907957331623
"2024-01-08 07:00:00",-12.251280429299,0.0952173477191854
"2024-01-08 08:00:00",-12.1678097854944,0.0874601155786993
"2024-01-08 09:00:00",-11.9507044255293,0.308896740885682
"2024-01-08 10:00:00",-11.7045078497807,0.208097695181917
"2024-01-08 11:00:00",-11.5333011043776,0.153559938147269
"2024-01-08 12:00:00",-11.275227077583,0.330347157368857
"2024-01-08 13:00:00",-10.6814185910756,0.755758213373656
"2024-01-08 14:00:00",-10.2551238318028,0.200162947325675
"2024-01-08 15:00:00",-10.5203478320821,-0.549658736817366
"2024-01-08 16:00:00",-10.8968557187865,-0.22962805147226
"2024-01-08 17:00:00",-10.9781576003472,0.0354856135419782
"2024-01-08 18:00:00",-10.863528256145,0.176090232413045
"2024-01-08 19:00:00",-10.7342384152922,0.105945032508842
"2024-01-08 20:00:00",-10.7570707770101,-0.093765434035614
"2024-01-08 21:00:00",-10.899552379323,-0.154326349887688
"2024-01-08 22:00:00",-11.1527687550747,-0.29306414964762
"2024-01-08 23:00:00",-11.5002336977964,-0.35284880480285
"2024-01-09 00:00:00",-11.8752600280898,-0.357170936023371
"2024-01-09 01:00:00",-12.5001339322018,-0.758343516873634
"2024-01-09 02:00:00",-13.1343395836249,-0.505203810855847
"2024-01-09 03:00:00",-13.5472112430724,-0.314773684067788
"2024-01-09 04:00:00",-13.7340033248444,-0.0751393392899163
"2024-01-09 05:00:00",-13.7872909323868,-0.0184902629664422
"2024-01-09 06:00:00",-13.8254652492334,-0.0317165354449283
"2024-01-09 07:00:00",-14.0810017474846,-0.374788919047709
"2024-01-09 08:00:00",-14.201927721921,0.0722041688228922
"2024-01-09 09:00:00",-13.8606748079831,0.522700133982702
"2024-01-09 10:00:00",-13.0745470235312,0.942247766520568
"2024-01-09 11:00:00",-12.0359054783609,1.07039520332302
"2024-01-09 12:00:00",-11.0193501253215,0.947866084923716
"2024-01-09 13:00:00",-10.5181831126205,0.193757019420067
"2024-01-09 14:00:00",-10.2077500546265,0.387017873943847
"2024-01-09 15:00:00",-11.2151731660147,-1.87600895357007
"2024-01-09 16:00:00",-12.0222875219742,-0.0417246291131712
"2024-01-09 17:00:00",-12.0088375996623,0.0650850702835492
"2024-01-09 18:00:00",-12.0110108996855,-0.0314336456406743
"2024-01-09 19:00:00",-12.0833469008679,-0.0806890804515084
"2024-01-09 20:00:00",-12.0973860255602,0.0466311061608004
"2024-01-09 21:00:00",-12.0013774919493,0.139952637082245
"2024-01-09 22:00:00",-11.9064010905348,0.0759444565928603
"2024-01-09 23:00:00",-11.8685968256994,0.0259240025584372
"2024-01-10 00:00:00",-11.9201281890807,-0.0854248413364987
"2024-01-10 01:00:00",-12.4083351567721,-0.718164337858981
"2024-01-10 02:00:00",-12.7547417232693,-0.0661218992544428
"2024-01-10 03:00:00",-12.6472273030073,0.234596697618194
"2024-01-10 04:00:00",-12.3259688362908,0.380063168663075
"2024-01-10 05:00:00",-11.9525800840033,0.367079212895161
"2024-01-10 06:00:00",-11.6328281829345,0.288408531253694
"2024-01-10 07:00:00",-11.5296651761743,-0.0102441491977132
"2024-01-10 08:00:00",-11.5358912391512,0.011605550739685
"2024-01-10 09:00:00",-11.0914206458987,0.726786550646968
"2024-01-10 10:00:00",-10.1355941806354,1.07738925667628
"2024-01-10 11:00:00",-8.99492830732295,1.14170654447022
"2024-01-10 12:00:00",-7.97546185575452,0.901120869348408
"2024-01-10 13:00:00",-7.59789906564958,0.0208655773230918
"2024-01-10 14:00:00",-7.57475603164257,0.0333521903494015
"2024-01-10 15:00:00",-9.1599976300212,-2.579195417352
"2024-01-10 16:00:00",-10.3852188467214,-0.252561756005543
"2024-01-10 17:00:00",-10.6423622436355,-0.234596135798033
"2024-01-10 18:00:00",-11.0252517108362,-0.449841653302547
"2024-01-10 19:00:00",-11.23691142421,-0.0286094136965596
"2024-01-10 20:00:00",-11.1884892421851,0.111954554929951
"2024-01-10 21:00:00",-11.4580677698371,-0.496701977896566
"2024-01-10 22:00:00",-11.6136228362208,0.0940290550236348
"2024-01-10 23:00:00",-11.0986845896221,0.78603535849179
"2024-01-11 00:00:00",-10.5352426280092,0.402576189917805
"2024-01-11 01:00:00",-9.80991960446673,0.919592724697721
"2024-01-11 02:00:00",-9.0679732230099,0.600901693227663
"2024-01-11 03:00:00",-8.35807466240948,0.760512937582801
"2024-01-11 04:00:00",-7.37233418224781,1.09981806069921
"2024-01-11 05:00:00",-6.43860872163988,0.788128857023272
"2024-01-11 06:00:00",-5.775285349208,0.556897185920078
"2024-01-11 07:00:00",-5.53828526339594,0.0199188746179472
"2024-01-11 08:00:00",-5.69608393992589,-0.26163993848199
"2024-01-11 09:00:00",-5.68758488379631,0.195524753049957
"2024-01-11 10:00:00",-5.63003524493788,-0.0298379398507526
"2024-01-11 11:00:00",-5.74283349795281,-0.155489253807011
"2024-01-11 12:00:00",-5.90594910438496,-0.153048416520008
"2024-01-11 13:00:00",-6.45698724821288,-0.782564783209308
"2024-01-11 14:00:00",-6.8037732142654,-0.0314721755463603
"2024-01-11 15:00:00",-6.31954950221299,0.813772469694515
"2024-01-11 16:00:00",-5.3117777453882,1.09735710569779
"2024-01-11 17:00:00",-4.12240559675394,1.20104100691662
"2024-01-11 18:00:00",-3.04744537002405,0.945138489537585
"2024-01-11 19:00:00",-2.35455428254033,0.495730182245838
"2024-01-11 20:00:00",-2.00410397001352,0.239979598680214
"2024-01-11 21:00:00",-1.83686520660264,0.113381094392481
"2024-01-11 22:00:00",-1.78233775674663,0.0150682174647573
"2024-01-11 23:00:00",-1.80311661403373,-0.0413923923789466
"2024-01-12 00:00:00",-2.58415386525966,-1.23468760895569
"2024-01-12 01:00:00",-2.50743212525507,0.950664016656161
"2024-01-12 02:00:00",-2.14694061427958,-0.0468494315434484
"2024-01-12 03:00:00",-2.2925007355042,-0.201682673124488
"2024-01-12 04:00:00",-2.02059598993236,0.577657720063694
"2024-01-12 05:00:00",-1.58196026381101,0.327716007536887
"2024-01-12 06:00:00",-1.55069301073983,-0.165809200519654
"2024-01-12 07:00:00",-1.64332082385423,-0.0374412161241299
"2024-01-12 08:00:00",-1.8639032053607,-0.330074918054425
"2024-01-12 09:00:00",-2.55688819646358,-0.899588929591797
"2024-01-12 10:00:00",-3.44702201198426,-0.838237130967929
"2024-01-12 11:00:00",-4.3308076452798,-0.867712045232149
"2024-01-12 12:00:00",-4.95050914388746,-0.4193354533933
"2024-01-12 13:00:00",-5.8360155664648,-1.14782391271416
"2024-01-12 14:00:00",-6.03327271698314,0.453337105225017
"2024-01-12 15:00:00",-5.44102065357888,0.664491481038655
"2024-01-12 16:00:00",-4.80829140989485,0.588499165422181
"2024-01-12 17:00:00",-4.10577939200739,0.751332324703402
"2024-01-12 18:00:00",-3.25330004580333,0.884690972445312
"2024-01-12 19:00:00",-2.52081634957003,0.600398928530939
"2024-01-12 20:00:00",-1.84809958229226,0.692209089086697
"2024-01-12 21:00:00",-1.18534243345728,0.614010513392187
"2024-01-12 22:00:00",-0.711885403360758,0.358785345795338
"2024-01-12 23:00:00",-0.492732333244868,0.116569779892431
"2024-01-13 00:00:00",-0.459137120860174,-0.0226817206905107
"2024-01-13 01:00:00",-0.274856038104653,0.314088675329165
"2024-01-13 02:00:00",0.135882958686322,0.456007580010932
"2024-01-13 03:00:00",0.476666165867401,0.247599360471173
"2024-01-13 04:00:00",0.839950058694055,0.422528363188825
"2024-01-13 05:00:00",1.16638859286559,0.245785226129023
"2024-01-13 06:00:00",1.3882661174956,0.193892845871456
"2024-01-13 07:00:00",1.34016117730407,-0.208937067218436
"2024-01-13 08:00:00",0.999204661428212,-0.414492884693099
"2024-01-13 09:00:00",0.530946084690203,-0.483137989493048
"2024-01-13 10:00:00",-0.283367384916683,-0.997081911626853
"2024-01-13 11:00:00",-1.41237999352133,-1.1629498198075
"2024-01-13 12:00:00",-2.37952755411283,-0.788836711369895
"2024-01-13 13:00:00",-2.84943336783534,-0.231892939714232
"2024-01-13 14:00:00",-2.78918735737749,0.255810932855741
"2024-01-13 15:00:00",-2.29596130772282,0.631656467500705
"2024-01-13 16:00:00",-1.47843533615986,0.905547135908677
"2024-01-13 17:00:00",-0.581275783000501,0.850840585921088
"2024-01-13 18:00:00",0.224891732513032,0.738826439485371
"2024-01-13 19:00:00",0.788859794879676,0.420308587906288
"2024-01-13 20:00:00",1.14208520050424,0.290702474840858
"2024-01-13 21:00:00",1.37357650721092,0.179545858022627
"2024-01-13 22:00:00",1.43159704386871,-0.0275220575403481
"2024-01-13 23:00:00",1.39227201079734,-0.0471695997875347
"2024-01-14 00:00:00",1.14513432451045,-0.370497741244567
"2024-01-14 01:00:00",0.956623186728704,-0.0597064741246044
"2024-01-14 02:00:00",0.747670719511595,-0.299751526945271
"2024-01-14 03:00:00",0.777381592688004,0.24697347219904
"2024-01-14 04:00:00",1.03926680328556,0.258379854007951
"2024-01-14 05:00:00",1.4815168469023,0.542473464655407
"2024-01-14 06:00:00",1.88211509256191,0.285071118471265
"2024-01-14 07:00:00",1.67628536987308,-0.525735805102088
"2024-01-14 08:00:00",1.20785511886042,-0.410127743920119
"2024-01-14 09:00:00",0.707253648463342,-0.538684444828498
"2024-01-14 10:00:00",0.0652164571291954,-0.681340026500666
"2024-01-14 11:00:00",-0.6720162640421,-0.739545100107525
"2024-01-14 12:00:00",-1.127087651227,-0.242934795232752
"2024-01-14 13:00:00",-1.62505876763792,-0.642876827737999
"2024-01-14 14:00:00",-1.83859018555616,0.0849349344086145
"2024-01-14 15:00:00",-1.66564790206564,0.225763950545019
"2024-01-14 16:00:00",-1.31833379863895,0.413988372056119
"2024-01-14 17:00:00",-0.93281120754018,0.349924738171855
"2024-01-14 18:00:00",-0.341336411271904,0.725600959516397
"2024-01-14 19:00:00",-0.0144747210009282,0.0459475931893469
"2024-01-14 20:00:00",-0.0126903593616896,-0.0277234345045279
"2024-01-14 21:00:00",-0.0722690122416154,-0.0779676139756252
"2024-01-14 22:00:00",-0.00882239876339215,0.15479935410994
"2024-01-14 23:00:00",0.110129242925216,0.0894124338235887
"2024-01-15 00:00:00",0.0985638095166594,-0.0784752032804294
"2024-01-15 01:00:00",0.0567916375054163,-0.0154459204054606
"2024-01-15 02:00:00",0.104199947635698,0.0869844280121058
"2024-01-15 03:00:00",0.160489543342814,0.0330176032058797
"2024-01-15 04:00:00",0.380716840632814,0.334359783745824
"2024-01-15 05:00:00",0.924994587770108,0.657866370769398
"2024-01-15 06:00:00",1.3129531984694,0.188395659005435
"2024-01-15 07:00:00",1.32213878901955,-0.112414127212119
"2024-01-15 08:00:00",0.690689869195205,-0.949163919000091
"2024-01-15 09:00:00",0.052358084031788,-0.401670770629292
"2024-01-15 10:00:00",-0.488255593258348,-0.607618569286381
"2024-01-15 11:00:00",-1.22219597433982,-0.782647958987566
"2024-01-15 12:00:00",-1.83308774093561,-0.465785474145247
"2024-01-15 13:00:00",-2.27731418084424,-0.406382529691403
"2024-01-15 14:00:00",-2.37459852666302,0.116335052168991
"2024-01-15 15:00:00",-2.48809093234427,-0.258255136437985
"2024-01-15 16:00:00",-2.21672464425213,0.614752258597711
"2024-01-15 17:00:00",-1.7630686805614,0.327559271815455
"2024-01-15 18:00:00",-1.68096754260044,-0.0831643614218532
"2024-01-15 19:00:00",-1.95615686716519,-0.387960894568175
"2024-01-15 20:00:00",-2.63636885950455,-0.8401988309154
"2024-01-15 21:00:00",-3.56855849687297,-0.945821538778994
"2024-01-15 22:00:00",-5.34135668047273,-2.23526596467395
"2024-01-15 23:00:00",-5.45171328616285,1.31835260218753
"2024-01-16 00:00:00",-4.11516771119419,1.29218728576214
"2024-01-16 01:00:00",-3.27126629338722,0.510250360556119
"2024-01-16 02:00:00",-2.96110027306292,0.166255165425041
"2024-01-16 03:00:00",-2.86612306647641,0.046761776033368
"2024-01-16 04:00:00",-2.74147087262029,0.174348142543071
"2024-01-16 05:00:00",-2.58150986553764,0.146301148830912
"2024-01-16 06:00:00",-2.35435189263817,0.273593732243541
"2024-01-16 07:00:00",-2.3075224442912,-0.10353568215204
"2024-01-16 08:00:00",-2.80508125466282,-0.733619315559891
"2024-01-16 09:00:00",-3.60527073246626,-0.802929730335868
"2024-01-16 10:00:00",-4.01458838650872,-0.122817792609387
"2024-01-16 11:00:00",-4.20683353144247,-0.224220716949306
"2024-01-16 12:00:00",-4.27287278451187,0.0479723231432571
"2024-01-16 13:00:00",-3.96160078786229,0.477516704049415
"2024-01-16 14:00:00",-3.58570230059455,0.295396602046734
"2024-01-16 15:00:00",-3.41133881737571,0.0900109815409915
"2024-01-16 16:00:00",-3.4336659473256,-0.0917611306075901
"2024-01-16 17:00:00",-3.39939968213559,0.121079404368674
"2024-01-16 18:00:00",-3.45171981004467,-0.161051190775741
"2024-01-16 19:00:00",-3.76295864352532,-0.39212449502674
"2024-01-16 20:00:00",-3.97529880380268,-0.0775467638690238
"2024-01-16 21:00:00",-3.65603114812188,0.573757287470257
"2024-01-16 22:00:00",-3.76566197576718,-0.555294467858477
"2024-01-16 23:00:00",-4.90300906100005,-1.46647718358155
"2024-01-17 00:00:00",-5.89367733389724,-0.620073780828104
"2024-01-17 01:00:00",-6.03973794206677,0.184478102941709
"2024-01-17 02:00:00",-6.05956989210008,-0.147311167167356
"2024-01-17 03:00:00",-6.05573743956645,0.112219381439086
"2024-01-17 04:00:00",-5.86736256772318,0.237996284307557
"2024-01-17 05:00:00",-5.81299219116047,-0.0630678126247999
"2024-01-17 06:00:00",-5.96262017723471,-0.192732970373227
"2024-01-17 07:00:00",-6.22105371232306,-0.28226916900324
"2024-01-17 08:00:00",-6.41179941396456,-0.112650552662463
"2024-01-17 09:00:00",-6.23640408323663,0.367350215776427
"2024-01-17 10:00:00",-5.96119267281024,0.208744912756717
"2024-01-17 11:00:00",-5.58765770422234,0.47332457334858
"2024-01-17 12:00:00",-5.33900813738507,0.0942533258613713
"2024-01-17 13:00:00",-5.30679988397232,-0.00380512160312466
"2024-01-17 14:00:00",-5.30777542450178,0.00779549124210815
"2024-01-17 15:00:00",-5.47990706240669,-0.277061867809643
"2024-01-17 16:00:00",-5.5201653937085,0.126582457821194
"2024-01-17 17:00:00",-5.17569159736976,0.480476319974662
"2024-01-17 18:00:00",-4.64526116923293,0.545196264409065
"2024-01-17 19:00:00",-4.29936665944306,0.202578098771416
"2024-01-17 20:00:00",-4.1440888385556,0.121906278463476
"2024-01-17 21:00:00",-4.12313161199903,-0.041996822419373
"2024-01-17 22:00:00",-4.03890203801622,0.169689596122851
"2024-01-17 23:00:00",-3.84454753588642,0.206766405306808
"2024-01-18 00:00:00",-3.72940464783735,0.0535441273267421
"2024-01-18 01:00:00",-4.2373059827637,-0.853251140680629
"2024-01-18 02:00:00",-4.70795953503555,-0.18776747825746
"2024-01-18 03:00:00",-4.59008790865779,0.322093056055836
"2024-01-18 04:00:00",-4.5643736934045,-0.167175493040503
"2024-01-18 05:00:00",-5.11565130198554,-0.775263365704429
"2024-01-18 06:00:00",-5.75881945859467,-0.517951229673344
"2024-01-18 07:00:00",-5.71649350979568,0.4212472392437
"2024-01-18 08:00:00",-5.65799656135806,-0.178745978001536
"2024-01-18 09:00:00",-5.58359219374084,0.246923632795244
"2024-01-18 10:00:00",-5.36867107113598,0.190568555587964
"2024-01-18 11:00:00",-5.27098096041212,0.038048069458241
"2024-01-18 12:00:00",-5.07362805782648,0.300968408773115
"2024-01-18 13:00:00",-4.70561653407514,0.401756361885849
"2024-01-18 14:00:00",-4.57214706974789,-0.045664188992008
"2024-01-18 15:00:00",-5.47338969294173,-1.42290048156777
"2024-01-18 16:00:00",-6.52137303132016,-0.741190322154882
"2024-01-18 17:00:00",-6.74359448857032,0.142715169083947
"2024-01-18 18:00:00",-6.54660905684439,0.232494140402107
"2024-01-18 19:00:00",-6.52101140333582,-0.10511145739368
"2024-01-18 20:00:00",-6.81745763345698,-0.401510707023028
"2024-01-18 21:00:00",-7.2905710786711,-0.489580803742476
"2024-01-18 22:00:00",-7.63028969726739,-0.214274376100211
"2024-01-18 23:00:00",-7.72862069838892,-0.00653174084342393
"2024-01-19 00:00:00",-7.58719213573904,0.243305569530622
"2024-01-19 01:00:00",-6.93221583373426,0.908071585860054
"2024-01-19 02:00:00",-6.32103649705221,0.393144491521777
"2024-01-19 03:00:00",-5.81266095421341,0.569182525733257
"2024-01-19 04:00:00",-5.13094166913728,0.731837829972421
"2024-01-19 05:00:00",-4.43431996682533,0.646653374455022
"2024-01-19 06:00:00",-3.86891897385356,0.490080208297762
"2024-01-19 07:00:00",-3.6925897451742,-0.0362281334229458
"2024-01-19 08:00:00",-3.73174789076206,-0.0344924290189107
"2024-01-19 09:00:00",-3.5859020000168,0.263947615296583
"2024-01-19 10:00:00",-3.09492207878982,0.623621959811852
"2024-01-19 11:00:00",-2.87967930965234,-0.06324551566141
"2024-01-19 12:00:00",-2.89946179970955,0.0138431637958151
"2024-01-19 13:00:00",-2.80925552348113,0.14056384655168
"2024-01-19 14:00:00",-2.74105035384192,0.0203457960579357
"2024-01-19 15:00:00",-3.00941602117412,-0.444552051871731
"2024-01-19 16:00:00",-3.03309209627769,0.261906156876051
"2024-01-19 17:00:00",-2.31647546815532,0.989607083782773
"2024-01-19 18:00:00",-1.82427685233903,0.140194616439784
"2024-01-19 19:00:00",-2.30642209600057,-0.871769480434752
"2024-01-19 20:00:00",-2.81437635110173,-0.238305167873818
"2024-01-19 21:00:00",-2.86781090531988,0.07597620618015
"2024-01-19 22:00:00",-2.48722957394007,0.569258449256091
"2024-01-19 23:00:00",-2.09025568671202,0.266460544052525
"2024-01-20 00:00:00",-2.17613654947994,-0.313996664048631
"2024-01-20 01:00:00",-2.19723289436934,0.177973877342603
"2024-01-20 02:00:00",-1.58125284518132,0.881539594581534
"2024-01-20 03:00:00",-0.926475652136725,0.474527819303887
"2024-01-20 04:00:00",-0.425056298845202,0.496713466571621
"2024-01-20 05:00:00",0.0525490811443299,0.442719096046402
"2024-01-20 06:00:00",0.246428597511511,0.0187085240501809
"2024-01-20 07:00:00",-0.0827725826597105,-0.545811179125914
"2024-01-20 08:00:00",-0.512201508899007,-0.331329222753222
"2024-01-20 09:00:00",-0.915775116393352,-0.431898137141374
"2024-01-20 10:00:00",-1.17284034220169,-0.127116284456758
"2024-01-20 11:00:00",-1.36584063873818,-0.226239661509358
"2024-01-20 12:00:00",-1.5338243413462,-0.119404559553082
"2024-01-20 13:00:00",-1.37770453551895,0.334357376474044
"2024-01-20 14:00:00",-1.08052473744575,0.260048676011183
"2024-01-20 15:00:00",-1.19665750043917,-0.360005234352575
"2024-01-20 16:00:00",-1.44472594036016,-0.160115111769778
"2024-01-20 17:00:00",-0.937127438836384,0.930474295881669
"2024-01-20 18:00:00",-0.637622882846824,-0.134159509621346
"2024-01-20 19:00:00",-1.11904397984752,-0.689226447872128
"2024-01-20 20:00:00",-1.96537674790724,-0.909409359352272
"2024-01-20 21:00:00",-2.85231657993504,-0.82728101381245
"2024-01-20 22:00:00",-3.75661414715701,-0.908993946036738
"2024-01-20 23:00:00",-4.69969178335522,-0.916144512329042
"2024-01-21 00:00:00",-5.71111574969116,-1.02082430905288
"2024-01-21 01:00:00",-6.58665800108795,-0.729724660233131
"2024-01-21 02:00:00",-7.0262557788953,-0.21680618429403
"2024-01-21 03:00:00",-6.62254154370524,0.807257280995075
"2024-01-21 04:00:00",-5.85800555014924,0.708259136095323
"2024-01-21 05:00:00",-5.5468002664324,0.0392675170932517
"2024-01-21 06:00:00",-5.66144089947995,-0.204649099502454
"2024-01-21 07:00:00",-5.5415773072232,0.337801195574989
"2024-01-21 08:00:00",-5.00005528879851,0.658741677809121
"2024-01-21 09:00:00",-4.31063436194441,0.68355562385731
"2024-01-21 10:00:00",-3.47696464490114,0.899683302416196
"2024-01-21 11:00:00",-3.45726906446344,-0.563408500067182
"2024-01-21 12:00:00",-3.46144402020445,0.373294515647168
"2024-01-21 13:00:00",-2.76054030874634,0.89046005650874
"2024-01-21 14:00:00",-1.58687706795081,1.31024766834734
"2024-01-21 15:00:00",-0.845617118474715,0.328761864642548
"2024-01-21 16:00:00",-1.48358745792239,-1.25104197795177
"2024-01-21 17:00:00",-1.52036279507323,0.776381352281983
"2024-01-21 18:00:00",-0.52711380808608,1.0925855446896
"2024-01-21 19:00:00",0.343961773686613,0.682691055187245
"2024-01-21 20:00:00",0.62257389185951,-0.00445198082917186
"2024-01-21 21:00:00",0.459376610090128,-0.262072908839949
"2024-01-21 22:00:00",0.308258290496168,-0.0705607495745239
"2024-01-21 23:00:00",0.321568758873609,0.0681939429550241
"2024-01-22 00:00:00",0.874036669248671,0.848644470380632
"2024-01-22 01:00:00",1.80594219330186,0.942002123163534
"2024-01-22 02:00:00",2.74159130345081,0.884625266201124
"2024-01-22 03:00:00",3.80077488345503,1.12168929577184
"2024-01-22 04:00:00",4.92560961530873,1.06858256835957
"2024-01-22 05:00:00",5.91878570868478,0.889363751470297
"2024-01-22 06:00:00",6.66351764166863,0.605296246914756
"2024-01-22 07:00:00",6.95536380778271,0.060428057240216
"2024-01-22 08:00:00",6.85886607827091,-0.205490293005874
"2024-01-22 09:00:00",6.05054705230944,-1.18062555629916
"2024-01-22 10:00:00",5.2540200652587,-0.510411862542074
"2024-01-22 11:00:00",4.93873055495849,-0.176998094383757
"2024-01-22 12:00:00",5.36441960544884,0.800881189196464
"2024-01-22 13:00:00",5.74716425029518,0.0788913152578897
"2024-01-22 14:00:00",6.24874749594631,0.752132416385148
"2024-01-22 15:00:00",6.77864345764717,0.348508406326922
"2024-01-22 16:00:00",7.15451135280565,0.367511314705036
"2024-01-22 17:00:00",7.03148825594295,-0.453413801515984
"2024-01-22 18:00:00",6.61489002245148,-0.381319201397244
"2024-01-22 19:00:00",6.0877543062434,-0.60781985028367
"2024-01-22 20:00:00",5.52640196005535,-0.511544085006761
"2024-01-22 21:00:00",5.11420086880914,-0.333507315294545
"2024-01-22 22:00:00",4.73061740886653,-0.405329489351477
"2024-01-22 23:00:00",4.34561329246542,-0.359254801764506
"2024-01-23 00:00:00",4.18623029988624,-0.0241633340747784
"2024-01-23 01:00:00",4.51719071821052,0.546584198576549
"2024-01-23 02:00:00",4.68987402011124,-0.0906063791474475
"2024-01-23 03:00:00",4.36083061687249,-0.478406151478892
"2024-01-23 04:00:00",4.28312159160821,0.187491210494219
"2024-01-23 05:00:00",4.49796598435119,0.217351059919882
"2024-01-23 06:00:00",4.40054388769277,-0.30843394305759
"2024-01-23 07:00:00",3.96256843349885,-0.509193210849309
"2024-01-23 08:00:00",3.57638859081406,-0.290927447912023
"2024-01-23 09:00:00",3.45669640482494,-0.00445809817113019
"2024-01-23 10:00:00",3.58131976310468,0.200299901545558
"2024-01-23 11:00:00",3.78814738508522,0.196736173301145
"2024-01-23 12:00:00",3.83255537455585,-0.0641340451419628
"2024-01-23 13:00:00",4.21423813184687,0.655812999486073
"2024-01-23 14:00:00",4.53441986606329,0.0757860620232027
"2024-01-23 15:00:00",4.38948354575237,-0.291037839784096
"2024-01-23 16:00:00",4.01001110437773,-0.426051828346014
"2024-01-23 17:00:00",3.55706264638091,-0.454522704478203
"2024-01-23 18:00:00",3.07531451855377,-0.481589357190426
"2024-01-23 19:00:00",2.70126974862653,-0.28853806069136
"2024-01-23 20:00:00",2.16891822585712,-0.673074924420654
"2024-01-23 21:00:00",1.94457131578144,0.0826660030865562
"2024-01-23 22:00:00",3.00491414776305,1.65922378668368
"2024-01-23 23:00:00",4.52156797804619,1.34566626550835
"2024-01-24 00:00:00",5.21676411254897,0.222694967363214
"2024-01-24 01:00:00",5.73996567369294,0.691951401123748
"2024-01-24 02:00:00",6.48796283585674,0.742419531880158
"2024-01-24 03:00:00",7.61165807101372,1.31611710302216
"2024-01-24 04:00:00",9.03268782495677,1.41363556850652
"2024-01-24 05:00:00",10.660699369031,1.68192489997519
"2024-01-24 06:00:00",12.0282574248453,1.07926089316096
"2024-01-24 07:00:00",12.7502793270598,0.434057025426954
"2024-01-24 08:00:00",12.3686834136086,-0.92365210593207
"2024-01-24 09:00:00",10.965963420711,-1.67137506255182
"2024-01-24 10:00:00",9.69153059890447,-0.963379600477172
"2024-01-24 11:00:00",8.51742788049067,-1.27127827906663
"2024-01-24 12:00:00",7.76181743581119,-0.386907099694914
"2024-01-24 13:00:00",7.6481665428422,0.0639156041560247
"2024-01-24 14:00:00",7.73795727401832,0.0929183322049645
"2024-01-24 15:00:00",7.83456807590853,0.0845104254522912
"2024-01-24 16:00:00",7.64395617293933,-0.375061522172332
"2024-01-24 17:00:00",7.45330620479903,-0.0685014158086671
"2024-01-24 18:00:00",7.53702369496243,0.171612545503435
"2024-01-24 19:00:00",7.52945209305872,-0.136378058393162
"2024-01-24 20:00:00",7.47981796852825,0.000850349298213565
"2024-01-24 21:00:00",7.59782701682894,0.180867351837908
"2024-01-24 22:00:00",7.94362825117916,0.429532517419078
"2024-01-24 23:00:00",7.77987512921861,-0.561724874766139
"2024-01-25 00:00:00",7.18926521942921,-0.591825984102938
"2024-01-25 01:00:00",7.7077504171157,1.22477799581127
"2024-01-25 02:00:00",8.25729182932813,0.0633452738443502
"2024-01-25 03:00:00",7.70700659597548,-0.943856430047787
"2024-01-25 04:00:00",7.59499458160884,0.437933075312909
"2024-01-25 05:00:00",7.89611995469932,0.185825619458472
"2024-01-25 06:00:00",7.9081593158355,-0.114563193719214
"2024-01-25 07:00:00",7.42537794481236,-0.715504963981923
"2024-01-25 08:00:00",6.62964516717612,-0.820972681856448
"2024-01-25 09:00:00",6.07540625808769,-0.358625256149545
"2024-01-25 10:00:00",5.88973023681418,-0.0693840179899637
"2024-01-25 11:00:00",5.69587340181268,-0.275214838302591
"2024-01-25 12:00:00",5.43727411165585,-0.242573650998606
"2024-01-25 13:00:00",5.46018290381605,0.191799035826101
"2024-01-25 14:00:00",5.64420835986047,0.163062417852225
"2024-01-25 15:00:00",5.50610523896985,-0.339587282285329
"2024-01-25 16:00:00",5.06853351617244,-0.489195594732978
"2024-01-25 17:00:00",4.95503519479517,0.135824369118766
"2024-01-25 18:00:00",5.17709056705831,0.262604770216002
"2024-01-25 19:00:00",5.45236802067588,0.263973582326384
"2024-01-25 20:00:00",5.7066656719481,0.228737181020472
"2024-01-25 21:00:00",5.80761675213656,0.00361107192389232
"2024-01-25 22:00:00",5.63198930757794,-0.294255734604713
"2024-01-25 23:00:00",5.10640988126582,-0.662074773324528
"2024-01-26 00:00:00",4.4659023167672,-0.602273258197811
"2024-01-26 01:00:00",4.01174044714061,-0.339595875821665
"2024-01-26 02:00:00",3.71167693448906,-0.264619735570033
"2024-01-26 03:00:00",3.39646403681955,-0.338745238487048
"2024-01-26 04:00:00",3.11677636866181,-0.23140271095224
"2024-01-26 05:00:00",3.11094625525728,0.140809854058766
"2024-01-26 06:00:00",3.12697947594656,-0.071920435019021
"2024-01-26 07:00:00",2.65864285211188,-0.714383970814262
"2024-01-26 08:00:00",2.09151661249473,-0.445432520173163
"2024-01-26 09:00:00",2.15555043689158,0.397934345210747
"2024-01-26 10:00:00",3.58177466793341,2.04118833742568
"2024-01-26 11:00:00",5.57845622571971,1.86751438964
"2024-01-26 12:00:00",6.19151078005152,-0.259558193040392
"2024-01-26 13:00:00",5.57044082304589,-0.840539232794861
"2024-01-26 14:00:00",5.76960345749545,0.875643365257859
"2024-01-26 15:00:00",6.85403765055572,1.1646594227209
"2024-01-26 16:00:00",7.16935933207432,-0.274709870895994
"2024-01-26 17:00:00",6.63171799569408,-0.696616050351657
"2024-01-26 18:00:00",6.30804112854934,-0.0682196356375029
"2024-01-26 19:00:00",5.82201451089016,-0.749592737353751
"2024-01-26 20:00:00",5.17297230170774,-0.558669811258872
"2024-01-26 21:00:00",4.81606012951039,-0.212114986603026
"2024-01-26 22:00:00",4.36714928835313,-0.591646074142727
"2024-01-26 23:00:00",3.86048509816701,-0.431561691845257
"2024-01-27 00:00:00",3.63668393847914,-0.0796361974951722
"2024-01-27 01:00:00",4.11307309902056,0.81974254236307
"2024-01-27 02:00:00",4.32804125648948,-0.20372318456816
"2024-01-27 03:00:00",3.77692853122825,-0.762090408714016
"2024-01-27 04:00:00",3.4174809092019,-0.0788098505085586
"2024-01-27 05:00:00",3.88497254335227,0.805067812147711
"2024-01-27 06:00:00",4.72929848305847,0.825369597506263
"2024-01-27 07:00:00",5.20615561328737,0.215765316608759
"2024-01-27 08:00:00",5.20178538984277,-0.157625727678127
"2024-01-27 09:00:00",4.97521536517327,-0.268468648148972
"2024-01-27 10:00:00",4.43313039415669,-0.705144279760497
"2024-01-27 11:00:00",3.78753810998277,-0.580926007297707
"2024-01-27 12:00:00",3.17418519234135,-0.610704961020028
"2024-01-27 13:00:00",3.04224663838963,0.189413047395482
"2024-01-27 14:00:00",3.45308327994517,0.535006955844272
"2024-01-27 15:00:00",3.52959474635969,-0.237232428098075
"2024-01-27 16:00:00",2.67425610903198,-1.23130555336057
"2024-01-27 17:00:00",1.85823007925379,-0.503846698112393
"2024-01-27 18:00:00",1.53286024902621,-0.193320405710322
"2024-01-27 19:00:00",1.28755865505456,-0.270273796434378
"2024-01-27 20:00:00",1.11472437968034,-0.101321861966149
"2024-01-27 21:00:00",0.92160833824367,-0.24657080505534
"2024-01-27 22:00:00",0.722998060923929,-0.158386880625182
"2024-01-27 23:00:00",0.600031168629157,-0.0944423105231975
"2024-01-28 00:00:00",0.845556177137625,0.459725667065829
"2024-01-28 01:00:00",0.95834489394021,-0.124947899478811
"2024-01-28 02:00:00",0.0666892344389797,-1.36164953787056
"2024-01-28 03:00:00",-1.86624572163198,-2.22201956986409
"2024-01-28 04:00:00",-3.09363072904284,-0.503577129478873
"2024-01-28 05:00:00",-3.11209477701244,0.309803042847264
"2024-01-28 06:00:00",-2.92417536200683,0.101745459148403
"2024-01-28 07:00:00",-3.15155005457109,-0.432211637785676
"2024-01-28 08:00:00",-3.05348018224023,0.450985757277196
"2024-01-28 09:00:00",-2.27962993964206,0.956251428114196
"2024-01-28 10:00:00",-1.11032712284014,1.25870767702164
"2024-01-28 11:00:00",0.226464886904962,1.32675461690815
"2024-01-28 12:00:00",1.46736713108691,1.12440959819582
"2024-01-28 13:00:00",2.43520726052918,0.81558026495473
"2024-01-28 14:00:00",2.9564834557643,0.297168092741357
"2024-01-28 15:00:00",2.67802142118161,-0.652786338188201
"2024-01-28 16:00:00",1.61391174970811,-1.29120566903301
"2024-01-28 17:00:00",0.769344643839692,-0.508759492627537
"2024-01-28 18:00:00",0.511749726453647,-0.0789053280125834
"2024-01-28 19:00:00",0.461690795652952,-0.0291089947832763
"2024-01-28 20:00:00",0.346983773706104,-0.166915537187614
"2024-01-28 21:00:00",0.157434381495361,-0.196078230226253
"2024-01-28 22:00:00",-0.181042742671746,-0.417526768659274
"2024-01-28 23:00:00",-0.666291990663704,-0.507104780818042
"2024-01-29 00:00:00",-1.02683995016106,-0.244853475927423
"2024-01-29 01:00:00",-0.931766259225992,0.318493310780179
"2024-01-29 02:00:00",-0.79945830952583,0.00309995584533451
"2024-01-29 03:00:00",-0.647298789763946,0.245330537856329
"2024-01-29 04:00:00",-0.507505708675625,0.0636271954072813
"2024-01-29 05:00:00",-0.478675087531341,0.00491725431324391
"2024-01-29 06:00:00",-0.414351906155297,0.101486685432392
"2024-01-29 07:00:00",-0.31254540114338,0.0977158668416278
"2024-01-29 08:00:00",0.147891733394857,0.680770291791293
"2024-01-29 09:00:00",1.3030188880979,1.41627824304221
"2024-01-29 10:00:00",2.60352420454655,1.15984642938043
"2024-01-29 11:00:00",3.79245531582954,1.14846843916894
"2024-01-29 12:00:00",4.61137696875844,0.555425938631494
"2024-01-29 13:00:00",4.9936648862799,0.242756245596564
"2024-01-29 14:00:00",5.36031623879166,0.425388842276143
"2024-01-29 15:00:00",5.04468264413997,-0.801548773244455
"2024-01-29 16:00:00",3.87317312969328,-1.36897701476753
"2024-01-29 17:00:00",2.9256775519114,-0.626479277935443
"2024-01-29 18:00:00",2.81425159446689,0.233461990896061
"2024-01-29 19:00:00",2.69270374087629,-0.356067637487225
"2024-01-29 20:00:00",2.15279269100344,-0.640284832485007
"2024-01-29 21:00:00",1.76379804851395,-0.205759986016587
"2024-01-29 22:00:00",1.55672344231072,-0.200383775141741
"2024-01-29 23:00:00",1.14889482866449,-0.528749067468139
"2024-01-30 00:00:00",0.713002043352186,-0.354756759927335
"2024-01-30 01:00:00",0.48858713021559,-0.127776536934906
"2024-01-30 02:00:00",0.333043624555701,-0.167292768947807
"2024-01-30 03:00:00",0.434230060784067,0.274932073309756
"2024-01-30 04:00:00",0.687732501645447,0.226610440805269
"2024-01-30 05:00:00",0.928109271831863,0.237245409190021
"2024-01-30 06:00:00",1.20384487593011,0.287096563873181
"2024-01-30 07:00:00",1.26005308616841,-0.101937003196867
"2024-01-30 08:00:00",1.51685911640062,0.48213705178017
"2024-01-30 09:00:00",2.17050027038335,0.734960063095721
"2024-01-30 10:00:00",2.96319778844254,0.790723130053445
"2024-01-30 11:00:00",3.73421768975652,0.717427903717967
"2024-01-30 12:00:00",4.23693603570801,0.330880311994807
"2024-01-30 13:00:00",4.60523390636952,0.370281512525592
"2024-01-30 14:00:00",5.19996148256693,0.710160398481506
"2024-01-30 15:00:00",5.32503217133991,-0.277626448101266
"2024-01-30 16:00:00",4.78251611731387,-0.700187937482402
"2024-01-30 17:00:00",4.60592671727892,0.174699074089127
"2024-01-30 18:00:00",4.96691128844533,0.462083870531629
"2024-01-30 19:00:00",5.43297869384034,0.440175486598106
"2024-01-30 20:00:00",6.09842920697372,0.777008631146233
"2024-01-30 21:00:00",6.79089015213498,0.595333065975327
"2024-01-30 22:00:00",7.38939042352118,0.563420646264855
"2024-01-30 23:00:00",7.60122898159984,-0.0421339055664531
"2024-01-31 00:00:00",7.41295603460872,-0.286545628246005
"2024-01-31 01:00:00",7.39410598005732,0.150954082950589
"2024-01-31 02:00:00",7.94993865007114,0.789806339628594
"2024-01-31 03:00:00",8.73384766331269,0.732482420023999
"2024-01-31 04:00:00",8.98419067131315,-0.0942283681426473
"2024-01-31 05:00:00",8.7293152835813,-0.361437064111676
"2024-01-31 06:00:00",8.10193793461044,-0.786103863414886
"2024-01-31 07:00:00",7.25081061289082,-0.864470659576605
"2024-01-31 08:00:00",6.45643502255913,-0.719241479930346
"2024-01-31 09:00:00",5.50724890227575,-1.06569497461518
"2024-01-31 10:00:00",4.49855007830014,-0.929865929972338
"2024-01-31 11:00:00",3.77521835880396,-0.557069127901157
"2024-01-31 12:00:00",3.30600768494885,-0.393207501953658
"2024-01-31 13:00:00",2.0415055385948,-1.78952719788881
"2024-01-31 14:00:00",1.38490590751263,0.127243158560376
"2024-01-31 15:00:00",1.54836274242306,0.178046930097664
"2024-01-31 16:00:00",1.43220226730719,-0.308770770857563
"2024-01-31 17:00:00",0.817927260216717,-0.79059662988502
"2024-01-31 18:00:00",0.631704785009305,0.22448200925495
"2024-01-31 19:00:00",0.982321554696488,0.417230092415332
"2024-01-31 20:00:00",0.871606120706955,-0.458677855432294
"2024-01-31 21:00:00",0.680103826496788,-0.00541134734956814
"2024-01-31 22:00:00",1.21144831489253,0.863050133666115
"2024-01-31 23:00:00",1.80604323541775,0.385811969425522
"2024-02-01 00:00:00",2.19851393423057,0.375932561877818
"2024-02-01 01:00:00",3.24554159969687,1.44182975837904
"2024-02-01 02:00:00",4.31408346747466,0.764728868831078
"2024-02-01 03:00:00",4.81751729679379,0.299758120891567
"2024-02-01 04:00:00",5.04833230802192,0.167677702565062
"2024-02-01 05:00:00",5.6865622272814,0.915092557670622
"2024-02-01 06:00:00",6.3586598570376,0.470838423878036
"2024-02-01 07:00:00",6.69751036681359,0.226564355185293
"2024-02-01 08:00:00",6.64484317584644,-0.244946078765728
"2024-02-01 09:00:00",6.19799669095721,-0.568773137740611
"2024-02-01 10:00:00",5.83854835402425,-0.210806787198324
"2024-02-01 11:00:00",5.44260387254258,-0.508076024568674
"2024-02-01 12:00:00",4.93150438200569,-0.495841296815898
"2024-02-01 13:00:00",4.41575199289348,-0.510872719230658
"2024-02-01 14:00:00",4.19714091740924,-0.0190751354995011
"2024-02-01 15:00:00",4.25283166693656,0.0974790238604844
"2024-02-01 16:00:00",4.39729377925171,0.163438714521216
"2024-02-01 17:00:00",4.55654010900356,0.143217836981581
"2024-02-01 18:00:00",4.97680581872074,0.57911887407087
"2024-02-01 19:00:00",5.57857417863865,0.581859025827385
"2024-02-01 20:00:00",5.9908329268178,0.272415011289329
"2024-02-01 21:00:00",5.97049540083539,-0.222255918856918
"2024-02-01 22:00:00",5.7300084282797,-0.248906570850046
"2024-02-01 23:00:00",5.73805120637668,0.171573595753856
"2024-02-02 00:00:00",6.05988512152252,0.399318398841927
"2024-02-02 01:00:00",5.75357528854183,-0.76997379443545
"2024-02-02 02:00:00",5.18393166114226,-0.416437374196441
"2024-02-02 03:00:00",5.09711445483449,0.130371362346176
"2024-02-02 04:00:00",5.07460206889562,-0.129931506634081
"2024-02-02 05:00:00",4.82526596482275,-0.323628641647594
"2024-02-02 06:00:00",4.67088786330752,-0.0404281847195182
"2024-02-02 07:00:00",4.51356598540154,-0.233792740135278
"2024-02-02 08:00:00",4.35870603268093,-0.100696300367486
"2024-02-02 09:00:00",4.24802087552412,-0.117701204502666
"2024-02-02 10:00:00",3.51245654621905,-1.11798655070659
"2024-02-02 11:00:00",2.6953922462389,-0.582152624502019
"2024-02-02 12:00:00",2.21263792796061,-0.397022997181699
"2024-02-02 13:00:00",2.07744141485769,0.042924780356123
"2024-02-02 14:00:00",2.19923588106528,0.165908790917034
"2024-02-02 15:00:00",2.87852637128245,0.986425795503615
"2024-02-02 16:00:00",4.0342659123333,1.20998420596806
"2024-02-02 17:00:00",5.05292921941095,0.837513434943132
"2024-02-02 18:00:00",5.92524732122154,0.847557642583781
"2024-02-02 19:00:00",6.93408298669002,1.06077805892475
"2024-02-02 20:00:00",7.82515679375902,0.726661068631294
"2024-02-02 21:00:00",8.33692557722295,0.334107296005314
"2024-02-02 22:00:00",8.74526175137271,0.427674457547258
"2024-02-02 23:00:00",9.16144342489294,0.377474155224823
"2024-02-03 00:00:00",9.52261187128214,0.321330269113512
"2024-02-03 01:00:00",9.94844875770518,0.463000495129217
"2024-02-03 02:00:00",10.3665624275615,0.355501605105188
"2024-02-03 03:00:00",10.6352568906055,0.184697518238095
"2024-02-03 04:00:00",10.8739398045309,0.249625964721201
"2024-02-03 05:00:00",11.112858750772,0.206415668373895
"2024-02-03 06:00:00",11.2201264256038,0.021752857854024
"2024-02-03 07:00:00",11.0569603778945,-0.293147893743713
"2024-02-03 08:00:00",10.5699355345322,-0.607378800914899
"2024-02-03 09:00:00",9.83866788120968,-0.792729828987479
"2024-02-03 10:00:00",8.93407504271494,-0.948859311427462
"2024-02-03 11:00:00",8.53798239040974,-0.0202781198618249
"2024-02-03 12:00:00",8.03800103770088,-0.807021314389774
"2024-02-03 13:00:00",7.56469138576154,-0.238705335152798
"2024-02-03 14:00:00",7.74530437760224,0.441823374271413
"2024-02-03 15:00:00",7.96166470341502,0.045792299502048
"2024-02-03 16:00:00",8.11399243718103,0.205852273093847
"2024-02-03 17:00:00",8.46683459246131,0.423611265208014
"2024-02-03 18:00:00",8.57019064714888,-0.125965548047471
"2024-02-03 19:00:00",8.69768214500315,0.279358180022728
"2024-02-03 20:00:00",8.93636039487471,0.189009122676522
"2024-02-03 21:00:00",8.61573175632505,-0.656660688870751
"2024-02-03 22:00:00",8.43052668441239,0.126791989260496
"2024-02-03 23:00:00",8.06343224584229,-0.689765937467342
"2024-02-04 00:00:00",7.52465067024099,-0.422914986024437
"2024-02-04 01:00:00",7.27897755980764,-0.125535861994737
"2024-02-04 02:00:00",7.0362829010675,-0.318646167046024
"2024-02-04 03:00:00",6.79998197484168,-0.179243082728913
"2024-02-04 04:00:00",6.61955468995999,-0.181405378200531
"2024-02-04 05:00:00",6.53652406952705,-0.0220329252702917
"2024-02-04 06:00:00",6.45475295360211,-0.126133128490048
"2024-02-04 07:00:00",6.20948782626296,-0.321347842213789
"2024-02-04 08:00:00",6.30264713899579,0.357064353397976
"2024-02-04 09:00:00",6.55082106257248,0.155666902284981
"2024-02-04 10:00:00",6.31960914698066,-0.486581083883677
"2024-02-04 11:00:00",5.68699178117747,-0.708055090967528
"2024-02-04 12:00:00",5.34214955102053,-0.0936459693963576
"2024-02-04 13:00:00",4.92272442096804,-0.623560622521297
"2024-02-04 14:00:00",4.7067566210578,0.0596754032329561
"2024-02-04 15:00:00",5.02875357468091,0.475508835547391
"2024-02-04 16:00:00",5.56134501411517,0.538857432329632
"2024-02-04 17:00:00",6.14867437003081,0.584567586732505
"2024-02-04 18:00:00",6.63649091288972,0.392213054083498
"2024-02-04 19:00:00",7.02805321510745,0.363969932757125
"2024-02-04 20:00:00",7.31354456311347,0.210550492108955
"2024-02-04 21:00:00",7.54091838074531,0.218360318967468
"2024-02-04 22:00:00",7.86234789272405,0.365149826953913
"2024-02-04 23:00:00",7.88304512445151,-0.220048854953246
"2024-02-05 00:00:00",8.3488202471797,0.890691984063379
"2024-02-05 01:00:00",9.4306784332436,1.14713270655188
"2024-02-05 02:00:00",10.6288506666409,1.16310930366517
"2024-02-05 03:00:00",11.4698996578057,0.572683348780759
"2024-02-05 04:00:00",11.6657314503174,-0.0794841935364117
"2024-02-05 05:00:00",11.6978866484253,0.0900197955148917
"2024-02-05 06:00:00",11.4676113168485,-0.447933115495492
"2024-02-05 07:00:00",11.0568689589143,-0.381207840020147
"2024-02-05 08:00:00",10.5497264143133,-0.581246340048078
"2024-02-05 09:00:00",9.55989718545156,-1.22877149801108
"2024-02-05 10:00:00",8.2695479474624,-1.28240264594075
"2024-02-05 11:00:00",7.03960292643628,-1.14718376912495
"2024-02-05 12:00:00",6.04134039968575,-0.860617785445371
"2024-02-05 13:00:00",5.80412440785709,0.18186568244889
"2024-02-05 14:00:00",6.12239620008061,0.38660442051339
"2024-02-05 15:00:00",6.47264417813981,0.301477907742289
"2024-02-05 16:00:00",7.01826817066081,0.674116974106387
"2024-02-05 17:00:00",7.77607989860641,0.768552850933778
"2024-02-05 18:00:00",8.56133470563548,0.74905422973233
"2024-02-05 19:00:00",9.20456118966704,0.531078038913504
"2024-02-05 20:00:00",9.61310036518549,0.295573504869469
"2024-02-05 21:00:00",9.88774518094953,0.235254247905097
"2024-02-05 22:00:00",9.92053680920582,-0.11648071152252
"2024-02-05 23:00:00",9.6359504044696,-0.395915169239484
"2024-02-06 00:00:00",9.38202329946119,-0.159620387169198
"2024-02-06 01:00:00",9.80737262642299,0.783020580666739
"2024-02-06 02:00:00",9.9242457403361,-0.345409160300553
"2024-02-06 03:00:00",9.74364130516136,-0.0749426095542922
"2024-02-06 04:00:00",9.77970229719467,0.0957929327473393
"2024-02-06 05:00:00",9.99436868444362,0.271111126234276
"2024-02-06 06:00:00",10.0813045794612,-0.0528553539746735
"2024-02-06 07:00:00",9.92801698404595,-0.225947888000059
"2024-02-06 08:00:00",9.6935679451293,-0.241768708857686
"2024-02-06 09:00:00",9.27150197350048,-0.534696899985716
"2024-02-06 10:00:00",8.59517855626422,-0.750548261777116
"2024-02-06 11:00:00",8.19949028176952,-0.151391807393374
"2024-02-06 12:00:00",7.86671144457287,-0.448453869886945
"2024-02-06 13:00:00",7.56774263017277,-0.195244000207314
"2024-02-06 14:00:00",7.62846915126112,0.218733204116135
"2024-02-06 15:00:00",7.85947982126483,0.218388018156854
"2024-02-06 16:00:00",8.19657543012932,0.390086406262946
"2024-02-06 17:00:00",8.71466966890953,0.568249774049898
"2024-02-06 18:00:00",9.30441802575692,0.564826354765572
"2024-02-06 19:00:00",9.99490908496367,0.729464788265846
"2024-02-06 20:00:00",10.5083122579949,0.332088546877795
"2024-02-06 21:00:00",10.6719488415325,0.0300203030024084
"2024-02-06 22:00:00",10.7049319643169,0.0196391389546001
"2024-02-06 23:00:00",10.6240463227811,-0.157851723621479
"2024-02-07 00:00:00",10.4247787031729,-0.231098780669714
"2024-02-07 01:00:00",10.5834030501274,0.397464320321061
"2024-02-07 02:00:00",10.1425255769632,-0.992450063979932
"2024-02-07 03:00:00",7.86967992375799,-3.03149372779538
"2024-02-07 04:00:00",5.52219391411849,-1.79007838443232
"2024-02-07 05:00:00",4.28600481462397,-0.815308784141869
"2024-02-07 06:00:00",3.52006282316388,-0.702157208914983
"2024-02-07 07:00:00",2.8323940181608,-0.649868390425898
"2024-02-07 08:00:00",2.44486146886288,-0.197879458968166
"2024-02-07 09:00:00",2.50687288167461,0.229171883768073
"2024-02-07 10:00:00",2.37685986447132,-0.366517779016774
"2024-02-07 11:00:00",1.93781856249115,-0.46958935049348
"2024-02-07 12:00:00",1.64344281516135,-0.166077172108272
"2024-02-07 13:00:00",1.88224371845383,0.495249657103362
"2024-02-07 14:00:00",1.9497659310574,-0.223258658238277
"2024-02-07 15:00:00",1.75463847330245,-0.169613769759543
"2024-02-07 16:00:00",0.959959070615561,-1.17588114297387
"2024-02-07 17:00:00",-0.107433853096669,-0.945583840686532
"2024-02-07 18:00:00",-0.37427967106423,0.198457325902241
"2024-02-07 19:00:00",-0.198950199105384,0.152061914740737
"2024-02-07 20:00:00",-0.106629386105834,0.0483634260036304
"2024-02-07 21:00:00",-0.318804067038835,-0.375644008399361
"2024-02-07 22:00:00",-1.15819211461292,-1.10824752226846
"2024-02-07 23:00:00",-2.14014373737444,-0.8496016289678
"2024-02-08 00:00:00",-2.88888799189358,-0.643169516301562
"2024-02-08 01:00:00",-3.80716636261862,-1.05432256577715
"2024-02-08 02:00:00",-3.74298741945093,0.811690162132274
"2024-02-08 03:00:00",-2.98133092687569,0.696931047265531
"2024-02-08 04:00:00",-2.66790925746386,0.0467012081555317
"2024-02-08 05:00:00",-2.72577066549612,-0.121381246852874
"2024-02-08 06:00:00",-2.92013412609685,-0.230269004061969
"2024-02-08 07:00:00",-2.81340258091332,0.330085836503763
"2024-02-08 08:00:00",-2.38392026018237,0.478962137487295
"2024-02-08 09:00:00",-1.78720770583862,0.64992801701111
"2024-02-08 10:00:00",-0.907448147495898,0.993475374205318
"2024-02-08 11:00:00",-0.16589346015181,0.539541534459867
"2024-02-08 12:00:00",0.143896060091281,0.142116871608812
"2024-02-08 13:00:00",0.134085488548898,-0.110813052656605
"2024-02-08 14:00:00",-0.0384217213131008,-0.205611302729647
"2024-02-08 15:00:00",-0.394879805502978,-0.440032735472611
"2024-02-08 16:00:00",-0.625349857152606,-0.0793033291793664
"2024-02-08 17:00:00",-0.441414593001757,0.351490029636062
"2024-02-08 18:00:00",-0.555315236340631,-0.418174555076886
"2024-02-08 19:00:00",-0.916500710743511,-0.305314518043731
"2024-02-08 20:00:00",-0.747511820765056,0.478336570280585
"2024-02-08 21:00:00",-0.507081768114175,0.0713665485443294
"2024-02-08 22:00:00",-0.252409377075701,0.365425774549314
"2024-02-08 23:00:00",-0.0941094470206582,0.0130213114779441
"2024-02-09 00:00:00",-0.0745739148421827,0.0230712256315328
"2024-02-09 01:00:00",-0.0217119542196781,0.0703062439987658
"2024-02-09 02:00:00",0.275141408586234,0.433803918278611
"2024-02-09 03:00:00",0.582864234540879,0.208692848876428
"2024-02-09 04:00:00",0.784861601231027,0.187183926038091
"2024-02-09 05:00:00",0.927300541660756,0.104829478324214
"2024-02-09 06:00:00",1.04107368287718,0.113134140334803
"2024-02-09 07:00:00",0.980552195168058,-0.174755529501896
"2024-02-09 08:00:00",0.552890789699872,-0.577203811807843
"2024-02-09 09:00:00",-0.0145359224837314,-0.53465745601526
"2024-02-09 10:00:00",-0.628446974215182,-0.637554499232125
"2024-02-09 11:00:00",-1.06966955486041,-0.28856042082387
"2024-02-09 12:00:00",-0.8410422965372,0.563927365023994
"2024-02-09 13:00:00",0.0257464827389794,1.02858749223247
"2024-02-09 14:00:00",1.18833279323282,1.19663881434328
"2024-02-09 15:00:00",3.03369629342243,2.18861754276773
"2024-02-09 16:00:00",4.58679791140434,1.05171990090165
"2024-02-09 17:00:00",5.54125585792638,0.838351984147429
"2024-02-09 18:00:00",6.51252300240715,1.00658132435203
"2024-02-09 19:00:00",7.34032241534217,0.660884982693674
"2024-02-09 20:00:00",7.70113181329635,0.134158252874053
"2024-02-09 21:00:00",7.91016692963438,0.239095321883181
"2024-02-09 22:00:00",8.05433944371401,0.0638477204604024
"2024-02-09 23:00:00",7.86650229594108,-0.357077108753152
"2024-02-10 00:00:00",7.57239605725729,-0.248287369740734
"2024-02-10 01:00:00",7.29458433635247,-0.294050611022185
"2024-02-10 02:00:00",7.28062105441979,0.164022203094192
"2024-02-10 03:00:00",7.62362573133517,0.436643169979382
"2024-02-10 04:00:00",8.07394086726009,0.428207169013138
"2024-02-10 05:00:00",8.13460324561627,-0.197650020811449
"2024-02-10 06:00:00",7.9593870388482,-0.162416636458543
"2024-02-10 07:00:00",7.79005890908469,-0.176145781652195
"2024-02-10 08:00:00",7.55941268331361,-0.266057316370201
"2024-02-10 09:00:00",7.28140956028094,-0.282497356030566
"2024-02-10 10:00:00",7.49724320961049,0.528409632635858
"2024-02-10 11:00:00",7.74341053649435,0.0366503434935661
"2024-02-10 12:00:00",8.17142010230706,0.658594437430375
"2024-02-10 13:00:00",9.05396542959062,0.979375752730586
"2024-02-10 14:00:00",9.7919958900431,0.530398686224511
"2024-02-10 15:00:00",9.9695038555492,-0.078801524327185
"2024-02-10 16:00:00",9.02132635134335,-1.49554156352074
"2024-02-10 17:00:00",8.23758753363443,-0.283593755424366
"2024-02-10 18:00:00",8.28598232887089,0.256802143970028
"2024-02-10 19:00:00",8.5449207196348,0.237380664557986
"2024-02-10 20:00:00",8.69981971066685,0.0815404904140016
"2024-02-10 21:00:00",8.85364767613757,0.18349844471613
"2024-02-10 22:00:00",8.97298087988646,0.0594776908167686
"2024-02-10 23:00:00",8.98548313359033,-0.0309708179511086
"2024-02-11 00:00:00",8.75693165312271,-0.36098772970484
"2024-02-11 01:00:00",8.559195586395,-0.0907913183932632
"2024-02-11 02:00:00",8.44942836927092,-0.12823087692229
"2024-02-11 03:00:00",8.01310784614531,-0.631864373123808
"2024-02-11 04:00:00",7.59299161825504,-0.269315187675161
"2024-02-11 05:00:00",7.53302657693359,0.0726645670576462
"2024-02-11 06:00:00",7.31897141414554,-0.40473367849516
"2024-02-11 07:00:00",6.78739182034733,-0.600312981411982
"2024-02-11 08:00:00",6.57245009851076,0.0434357956021876
"2024-02-11 09:00:00",6.34625097873351,-0.403673084081829
"2024-02-11 10:00:00",6.16702609345008,-0.0292563831274605
"2024-02-11 11:00:00",6.43461365754561,0.444817790382271
"2024-02-11 12:00:00",6.79919980997686,0.285482783527932
"2024-02-11 13:00:00",4.82235143055174,-3.39986650504673
"2024-02-11 14:00:00",3.364210356608,-0.100603477918693
"2024-02-11 15:00:00",3.68816955180938,0.587266751384207
"2024-02-11 16:00:00",4.43884652867668,0.819191038307078
"2024-02-11 17:00:00",5.2479512238225,0.758212566718637
"2024-02-11 18:00:00",5.9549065588926,0.632427874940102
"2024-02-11 19:00:00",6.54049214448627,0.518857803474804
"2024-02-11 20:00:00",6.90788642406358,0.240533914795196
"2024-02-11 21:00:00",7.01124435065556,-0.00190416035516066
"2024-02-11 22:00:00",6.93959639399385,-0.123773028704687
"2024-02-11 23:00:00",6.76138483654338,-0.214977131272695
"2024-02-12 00:00:00",6.54212154912258,-0.22041411711707
"2024-02-12 01:00:00",6.51656722191353,0.0971341784781091
"2024-02-12 02:00:00",6.63588479302885,0.120039135012048
"2024-02-12 03:00:00",6.82453339319093,0.21687203763891
"2024-02-12 04:00:00",7.02693557492352,0.174343688654152
"2024-02-12 05:00:00",7.25045366321315,0.236624152528422
"2024-02-12 06:00:00",7.44504831885131,0.147985548882518
"2024-02-12 07:00:00",7.51674885301561,0.00784389754046744
"2024-02-12 08:00:00",7.30065816684436,-0.364795443436761
"2024-02-12 09:00:00",6.66755433063688,-0.79129598222778
"2024-02-12 10:00:00",5.65999241173985,-1.11244985864116
"2024-02-12 11:00:00",4.85183372675417,-0.574191593336391
"2024-02-12 12:00:00",4.53879763463146,-0.130312146741426
"2024-02-12 13:00:00",4.68784057410601,0.322345414722184
"2024-02-12 14:00:00",4.55547836162523,-0.435246468121874
"2024-02-12 15:00:00",4.54290383267592,0.263929362744
"2024-02-12 16:00:00",4.63074712670412,-0.0395736562977001
"2024-02-12 17:00:00",4.27805011251041,-0.550649614606729
"2024-02-12 18:00:00",4.00066194766135,-0.0875483151058908
"2024-02-12 19:00:00",4.03100554839414,0.102339738251753
"2024-02-12 20:00:00",4.26144761282071,0.299697376051535
"2024-02-12 21:00:00",4.26409727789098,-0.200995986677735
"2024-02-12 22:00:00",4.0276838924099,-0.254285070472687
"2024-02-12 23:00:00",3.78498487577798,-0.22863226601415
"2024-02-13 00:00:00",3.49311155646495,-0.325040991065182
"2024-02-13 01:00:00",3.65026879464287,0.466648068940513
"2024-02-13 02:00:00",3.68871298407703,-0.253550799820509
"2024-02-13 03:00:00",3.42295190664107,-0.266025588775817
"2024-02-13 04:00:00",3.28013734427259,-0.0582996118482196
"2024-02-13 05:00:00",2.9466700340133,-0.505289958863716
"2024-02-13 06:00:00",2.42729746915375,-0.507877625827026
"2024-02-13 07:00:00",1.8944897503688,-0.527236624331822
"2024-02-13 08:00:00",1.93706390750443,0.417977259800255
"2024-02-13 09:00:00",2.45873314680318,0.563510577589902
"2024-02-13 10:00:00",2.79492286795587,0.165501213964875
"2024-02-13 11:00:00",3.12656961927287,0.423047403934084
"2024-02-13 12:00:00",3.44534635155582,0.230087177267729
"2024-02-13 13:00:00",3.63906268047751,0.155824572974547
"2024-02-13 14:00:00",4.02085393005614,0.509601398083296
"2024-02-13 15:00:00",4.4115262129165,0.287641796162651
"2024-02-13 16:00:00",4.21010883805182,-0.523564758043245
"2024-02-13 17:00:00",3.1833762212037,-1.31880763745601
"2024-02-13 18:00:00",2.25901223180025,-0.621582906283774
"2024-02-13 19:00:00",1.96084274769442,-0.0713063131181506
"2024-02-13 20:00:00",1.87569875640323,-0.0928496997633376
"2024-02-13 21:00:00",1.75200833031669,-0.140789890324875
"2024-02-13 22:00:00",1.71438546777482,0.030684176853587
"2024-02-13 23:00:00",1.41511509865365,-0.507224360732926
"2024-02-14 00:00:00",1.58591304630476,0.612865456308622
"2024-02-14 01:00:00",1.34647827668258,-0.798291126045806
"2024-02-14 02:00:00",1.42096576239959,0.651055390711438
"2024-02-14 03:00:00",1.87484349798849,0.299029159855733
"2024-02-14 04:00:00",2.17900367545926,0.29071138673604
"2024-02-14 05:00:00",2.7822780136403,0.78017105199743
"2024-02-14 06:00:00",3.36618074368424,0.421727480970116
"2024-02-14 07:00:00",3.72551048076987,0.296319180615483
"2024-02-14 08:00:00",3.94176076196624,0.147795166629554
"2024-02-14 09:00:00",3.35829324285418,-1.04832106659342
"2024-02-14 10:00:00",2.38722308888549,-0.877753268956797
"2024-02-14 11:00:00",1.96361124961913,-0.103802408911024
"2024-02-14 12:00:00",2.11830502925487,0.317140407932337
"2024-02-14 13:00:00",3.88879797967237,2.65251593526021
"2024-02-14 14:00:00",4.8496174886693,-0.21762765063433
"2024-02-14 15:00:00",5.10764331120239,0.55661235842861
"2024-02-14 16:00:00",5.87493798125314,0.864704132850467
"2024-02-14 17:00:00",6.84775320338815,0.991090089284941
"2024-02-14 18:00:00",7.75339796702416,0.796822534460603
"2024-02-14 19:00:00",8.4738863108987,0.625371606180364
"2024-02-14 20:00:00",8.97942660195863,0.390711735876849
"2024-02-14 21:00:00",9.40523777937695,0.417405285930227
"2024-02-14 22:00:00",9.55255926576073,-0.0518515059642143
"2024-02-14 23:00:00",9.38393390236682,-0.250769702623881
"2024-02-15 00:00:00",9.3879518872184,0.161590542358253
"2024-02-15 01:00:00",9.46245331747105,0.00080546997583808
"2024-02-15 02:00:00",9.77552943611328,0.494182578594139
"2024-02-15 03:00:00",10.1882824060074,0.326257021595241
"2024-02-15 04:00:00",10.4737654710745,0.231606338939558
"2024-02-15 05:00:00",10.7449403666105,0.271170981859774
"2024-02-15 06:00:00",10.8027415603958,-0.101035485110989
"2024-02-15 07:00:00",10.6287837052059,-0.228225946763749
"2024-02-15 08:00:00",10.2791611251024,-0.427634664553549
"2024-02-15 09:00:00",10.1418122622139,0.0494527797228066
"2024-02-15 10:00:00",9.78927647992381,-0.616840046463646
"2024-02-15 11:00:00",9.43303479903238,-0.17819841842185
"2024-02-15 12:00:00",9.58667587240571,0.35540736757958
"2024-02-15 13:00:00",10.008868111869,0.434299081833374
"2024-02-15 14:00:00",10.4263884444109,0.373597007123538
"2024-02-15 15:00:00",10.5791947067466,-0.0150817325464053
"2024-02-15 16:00:00",10.5277385402514,-0.0868925193468371
"2024-02-15 17:00:00",10.5945049903818,0.152465333975036
"2024-02-15 18:00:00",10.953405064735,0.465814173485646
"2024-02-15 19:00:00",11.4490341789765,0.477838918269483
"2024-02-15 20:00:00",11.7542790655826,0.160925928171404
"2024-02-15 21:00:00",11.970402131091,0.227503992802605
"2024-02-15 22:00:00",12.0598602599514,-0.0222468916883794
"2024-02-15 23:00:00",12.0092102007739,-0.0827186091421913
"2024-02-16 00:00:00",11.6666540221448,-0.51497526221189
"2024-02-16 01:00:00",11.2392693711445,-0.363716453334608
"2024-02-16 02:00:00",10.5719541583314,-0.852483446748876
"2024-02-16 03:00:00",10.0448070214763,-0.298833212301876
"2024-02-16 04:00:00",9.74819609807625,-0.293978356692722
"2024-02-16 05:00:00",9.48363566011319,-0.244938564885417
"2024-02-16 06:00:00",9.2417697712425,-0.240544732887445
"2024-02-16 07:00:00",8.95640501337144,-0.313592823669979
"2024-02-16 08:00:00",9.02504672115153,0.30865742524128
"2024-02-16 09:00:00",9.51999151709272,0.583985181790489
"2024-02-16 10:00:00",10.2689845349055,0.811137295188173
"2024-02-16 11:00:00",11.0288466720277,0.676338547354523
"2024-02-16 12:00:00",11.5773141561378,0.422947004060222
"2024-02-16 13:00:00",11.8320302774835,0.115541673115391
"2024-02-16 14:00:00",12.721932288706,1.34859923251307
"2024-02-16 15:00:00",13.4609878529396,0.281187118525818
"2024-02-16 16:00:00",13.3245716671396,-0.425677041676258
"2024-02-16 17:00:00",12.6911421248779,-0.758998687546663
"2024-02-16 18:00:00",12.3661149453929,-0.0366264010435505
"2024-02-16 19:00:00",12.3835632608816,0.0367334622681799
"2024-02-16 20:00:00",12.7748013196511,0.593021673103613
"2024-02-16 21:00:00",13.4456525525073,0.674396755849197
"2024-02-16 22:00:00",13.7621709202777,0.0455700515573606
"2024-02-16 23:00:00",13.5479179755454,-0.395018057772677
"2024-02-17 00:00:00",12.9184261184184,-0.773349819693292
"2024-02-17 01:00:00",12.498510616036,-0.180989121548983
"2024-02-17 02:00:00",12.4263394800484,-0.0123030394308418
"2024-02-17 03:00:00",12.4547125561282,0.0381292305542069
"2024-02-17 04:00:00",12.2921021738043,-0.304756475387414
"2024-02-17 05:00:00",11.8841655702105,-0.473176856678006
"2024-02-17 06:00:00",11.3211206537486,-0.611514294678808
"2024-02-17 07:00:00",10.4426416128316,-1.02929611618056
"2024-02-17 08:00:00",9.48031622689959,-0.885406246170205
"2024-02-17 09:00:00",8.50719068940918,-0.997578070297516
"2024-02-17 10:00:00",7.46263931139546,-1.03719230574235
"2024-02-17 11:00:00",6.46262590874787,-0.937324216803889
"2024-02-17 12:00:00",6.00140885916788,-0.130228612745857
"2024-02-17 13:00:00",5.37451163189391,-0.935947673755337
"2024-02-17 14:00:00",4.53096414541525,-0.748789141250306
"2024-02-17 15:00:00",4.18105043525289,-0.0732121589465105
"2024-02-17 16:00:00",4.33030397600434,0.285081383515186
"2024-02-17 17:00:00",4.71907164395232,0.433836688104403
"2024-02-17 18:00:00",5.12657214591631,0.364498204336904
"2024-02-17 19:00:00",5.11475422287011,-0.26873559730764
"2024-02-17 20:00:00",5.15605352264664,0.239432369749671
"2024-02-17 21:00:00",5.48457071742709,0.365651079766565
"2024-02-17 22:00:00",5.24580288501863,-0.637428259908397
"2024-02-17 23:00:00",3.52024806095559,-2.37572272904591
"2024-02-18 00:00:00",2.13158613896791,-0.669180366058829
"2024-02-18 01:00:00",3.29792220863983,2.33182270764276
"2024-02-18 02:00:00",3.98160721941127,-0.451792833826217
"2024-02-18 03:00:00",3.18674384706601,-0.990932482239223
"2024-02-18 04:00:00",2.43656885490249,-0.558131303792647
"2024-02-18 05:00:00",1.39180147869077,-1.32267901619369
"2024-02-18 06:00:00",0.0914351795738311,-1.22549230456834
"2024-02-18 07:00:00",-0.17182282093891,0.390612715674936
"2024-02-18 08:00:00",0.601302245930801,0.991611992608037
"2024-02-18 09:00:00",1.62946214435253,1.00289242397466
"2024-02-18 10:00:00",2.61795053800231,0.929813818226573
"2024-02-18 11:00:00",3.70276341905583,1.13322075171351
"2024-02-18 12:00:00",4.37680253989022,0.331121939616416
"2024-02-18 13:00:00",4.74612961920215,0.371606627614365
"2024-02-18 14:00:00",4.88745795165604,-0.0250196084050427
"2024-02-18 15:00:00",5.06401902210984,0.296257891531144
"2024-02-18 16:00:00",5.33105555347569,0.228341076822534
"2024-02-18 17:00:00",5.42716323283386,-0.00348297833302063
"2024-02-18 18:00:00",5.95504524908073,0.850041322545227
"2024-02-18 19:00:00",6.79389174308105,0.783848309578419
"2024-02-18 20:00:00",7.76926684329486,1.04795369095747
"2024-02-18 21:00:00",8.47456735184453,0.433342046289339
"2024-02-18 22:00:00",8.74105455075284,0.131668924040087
"2024-02-18 23:00:00",8.67233272097199,-0.210311474200835
"2024-02-19 00:00:00",8.70552299882155,0.182769723211746
"2024-02-19 01:00:00",8.70138746889373,-0.139758306242349
"2024-02-19 02:00:00",8.78703602553455,0.220634723041318
"2024-02-19 03:00:00",9.06575093881937,0.292867095437985
"2024-02-19 04:00:00",9.22514925487865,0.0511640417611706
"2024-02-19 05:00:00",8.84954047457644,-0.654157983105575
"2024-02-19 06:00:00",8.11249922747935,-0.768675575048313
"2024-02-19 07:00:00",7.37208943000593,-0.696836197939009
"2024-02-19 08:00:00",6.49646279423909,-0.962708672813482
"2024-02-19 09:00:00",5.24417183926269,-1.3942057975438
"2024-02-19 10:00:00",4.19966582881722,-0.768500124183535
"2024-02-19 11:00:00",3.83507786474765,-0.0834044296029546
"2024-02-19 12:00:00",3.90026302659531,0.15620379270715
"2024-02-19 13:00:00",3.41234531475369,-0.899165112546835
"2024-02-19 14:00:00",3.01424042679771,-0.0495498319132653
"2024-02-19 15:00:00",3.47541435650921,0.775851853959556
"2024-02-19 16:00:00",3.88100066817484,0.134995186384862
"2024-02-19 17:00:00",4.43293861820101,0.798666314822228
"2024-02-19 18:00:00",5.16681606099888,0.650099942075536
"2024-02-19 19:00:00",5.54468233576728,0.171766333102055
"2024-02-19 20:00:00",5.98573461260067,0.592469829275349
"2024-02-19 21:00:00",6.36681288476461,0.214331164452573
"2024-02-19 22:00:00",6.42567184025908,-0.0557886181800845
"2024-02-19 23:00:00",6.89862246347154,0.794683087631585
"2024-02-20 00:00:00",7.23619527284557,0.00790699935060427
"2024-02-20 01:00:00",7.68095441285351,0.705529777363149
"2024-02-20 02:00:00",8.12510570313252,0.238898483983674
"2024-02-20 03:00:00",8.28003549448328,0.0811194696168981
"2024-02-20 04:00:00",8.29752042992082,-0.0364378605464534
"2024-02-20 05:00:00",8.17249145985384,-0.188839563419873
"2024-02-20 06:00:00",7.49328209486229,-0.984372482274184
"2024-02-20 07:00:00",6.60331672927347,-0.79439358066269
"2024-02-20 08:00:00",5.87287570821922,-0.661605619666226
"2024-02-20 09:00:00",4.96843375575322,-1.0309193651956
"2024-02-20 10:00:00",4.23891836727381,-0.50031900166754
"2024-02-20 11:00:00",4.1094882911778,0.11851320863133
"2024-02-20 12:00:00",4.07553592446931,-0.139276438846276
"2024-02-20 13:00:00",3.5047866251461,-0.836523086727371
"2024-02-20 14:00:00",3.13496302472321,-0.045638343943991
"2024-02-20 15:00:00",3.29489159969206,0.285331467305059
"2024-02-20 16:00:00",3.92151813653736,0.8201300623519
"2024-02-20 17:00:00",4.15118197561635,-0.179940382301851
"2024-02-20 18:00:00",4.56735243286818,0.788445615653213
"2024-02-20 19:00:00",5.32126755095607,0.689184143377348
"2024-02-20 20:00:00",5.59344106168866,-0.0256193489741037
"2024-02-20 21:00:00",5.66964075471395,0.133249262253336
"2024-02-20 22:00:00",5.79075554787451,0.099964112379056
"2024-02-20 23:00:00",5.94304091980697,0.172467176403771
"2024-02-21 00:00:00",6.33844750463867,0.517582700370847
"2024-02-21 01:00:00",6.8072085977702,0.405770983662619
"2024-02-21 02:00:00",7.23718323338972,0.416906273050006
"2024-02-21 03:00:00",7.44834074171543,0.0546341128242425
"2024-02-21 04:00:00",7.58349007244391,0.172805126184537
"2024-02-21 05:00:00",7.72410231829747,0.102696832724358
"2024-02-21 06:00:00",7.64997344350045,-0.198441374489961
"2024-02-21 07:00:00",7.34560012306519,-0.370387521430105
"2024-02-21 08:00:00",6.75484438828927,-0.719058568207333
"2024-02-21 09:00:00",6.01935916636812,-0.720190617283599
"2024-02-21 10:00:00",5.91284728115992,0.299905207442893
"2024-02-21 11:00:00",5.38423436449307,-1.06344891559918
"2024-02-21 12:00:00",4.89276699917132,-0.0937366677583669
"2024-02-21 13:00:00",5.37811869555099,0.842035678492711
"2024-02-21 14:00:00",6.11299143555073,0.621581088523449
"2024-02-21 15:00:00",6.50499816620441,0.212454664844621
"2024-02-21 16:00:00",6.4948240077532,-0.166489707003627
"2024-02-21 17:00:00",5.53317992460264,-1.4544105295537
"2024-02-21 18:00:00",5.01694122226988,0.126599905655273
"2024-02-21 19:00:00",5.47986087437655,0.658666571933837
"2024-02-21 20:00:00",6.11025463912708,0.574528313990983
"2024-02-21 21:00:00",6.49165028098556,0.226645381121606
"2024-02-21 22:00:00",7.26365762912882,1.09052543937386
"2024-02-21 23:00:00",8.24826992739216,0.857856670405818
"2024-02-22 00:00:00",8.62285229183639,0.023976344132206
"2024-02-22 01:00:00",8.98196046866438,0.554349660814642
"2024-02-22 02:00:00",9.72348924029003,0.819501649557982
"2024-02-22 03:00:00",10.2714927359716,0.328437367407743
"2024-02-22 04:00:00",10.3088033334492,-0.171779410199548
"2024-02-22 05:00:00",10.0385979802644,-0.336265433289878
"2024-02-22 06:00:00",9.43720733967534,-0.762495786844452
"2024-02-22 07:00:00",8.60941149470008,-0.844152898719111
"2024-02-22 08:00:00",7.67579681367206,-0.959984141306107
"2024-02-22 09:00:00",6.55011237747734,-1.19254862891991
"2024-02-22 10:00:00",5.60633972005201,-0.741517790604606
"2024-02-22 11:00:00",4.9244214216041,-0.617005961308241
"2024-02-22 12:00:00",5.223678392386,0.889522509018684
"2024-02-22 13:00:00",5.99917422594308,0.655897062621746
"2024-02-22 14:00:00",6.47108992897532,0.319107896768957
"2024-02-22 15:00:00",7.24306352596876,1.02885665093834
"2024-02-22 16:00:00",7.80791376691988,0.219343164802806
"2024-02-22 17:00:00",8.07711153355494,0.279580257284521
"2024-02-22 18:00:00",8.6018946194173,0.652903388239223
"2024-02-22 19:00:00",9.73688893045573,1.39136426058376
"2024-02-22 20:00:00",10.8754405324006,0.903362526635682
"2024-02-22 21:00:00",11.3611736841383,0.17022250417299
"2024-02-22 22:00:00",11.1752109128569,-0.429218733686548
"2024-02-22 23:00:00",11.2027265857479,0.316292273008456
"2024-02-23 00:00:00",11.5435626239265,0.326566177426729
"2024-02-23 01:00:00",12.0582492292341,0.60076554189153
"2024-02-23 02:00:00",12.4597472178106,0.234038065681587
"2024-02-23 03:00:00",11.9489614429057,-0.999109969435003
"2024-02-23 04:00:00",10.7527547226151,-1.28615673743839
"2024-02-23 05:00:00",9.21821934783067,-1.6410541511598
"2024-02-23 06:00:00",7.38791675373661,-1.88136984371533
"2024-02-23 07:00:00",5.82422307407237,-1.28712747045233
"2024-02-23 08:00:00",5.29588771846969,-0.00488141202088277
"2024-02-23 09:00:00",5.17838350937345,-0.19382533752093
"2024-02-23 10:00:00",4.73367777449829,-0.597497216554809
"2024-02-23 11:00:00",4.29124346460238,-0.32413638945736
"2024-02-23 12:00:00",3.93573532901277,-0.365058438892532
"2024-02-23 13:00:00",3.74727222296676,-0.0668508007647139
"2024-02-23 14:00:00",3.88682964985931,0.265700187135695
"2024-02-23 15:00:00",4.12747932657227,0.207505549117442
"2024-02-23 16:00:00",4.0122811405559,-0.330174879544801
"2024-02-23 17:00:00",3.13959192261798,-1.19805990475391
"2024-02-23 18:00:00",2.72806082108751,0.128322595881278
"2024-02-23 19:00:00",2.7037725992573,-0.128388253106658
"2024-02-23 20:00:00",2.71819678696999,0.105461373851226
"2024-02-23 21:00:00",2.50575721571403,-0.417777615442411
"2024-02-23 22:00:00",1.69134638209583,-1.04335713608678
"2024-02-23 23:00:00",1.07630948748574,-0.302448199349261
"2024-02-24 00:00:00",0.438485963059618,-0.832481257400773
"2024-02-24 01:00:00",0.271725784993593,0.284405675120334
"2024-02-24 02:00:00",0.41296025840624,0.0387271036030717
"2024-02-24 03:00:00",0.167856239205226,-0.423206521281669
"2024-02-24 04:00:00",-0.146190591572751,-0.226567929677679
"2024-02-24 05:00:00",-0.392793176244531,-0.248052018596116
"2024-02-24 06:00:00",-0.803527482266716,-0.499163348497929
"2024-02-24 07:00:00",-0.785722686797808,0.36263374626685
"2024-02-24 08:00:00",0.27053477437586,1.46948525467999
"2024-02-24 09:00:00",1.7872110429727,1.47571632118088
"2024-02-24 10:00:00",3.14453201309665,1.2115900583978
"2024-02-24 11:00:00",4.34208602493679,1.12723777854616
"2024-02-24 12:00:00",5.11355927908627,0.492045808988531
"2024-02-24 13:00:00",5.18581032064518,-0.217630037410473
"2024-02-24 14:00:00",5.28066827919597,0.291989764502548
"2024-02-24 15:00:00",5.16491841198113,-0.388875978533372
"2024-02-24 16:00:00",4.71751982334115,-0.471808400306992
"2024-02-24 17:00:00",4.1438906944013,-0.620328954819882
"2024-02-24 18:00:00",3.82701716415056,-0.104855507935225
"2024-02-24 19:00:00",3.59315009262752,-0.313691590898312
"2024-02-24 20:00:00",3.35468068212519,-0.181620342724512
"2024-02-24 21:00:00",3.10371365833581,-0.289594397979062
"2024-02-24 22:00:00",2.59042264035437,-0.642027748777768
"2024-02-24 23:00:00",2.14549854991456,-0.295719374158615
"2024-02-25 00:00:00",1.81442064544685,-0.34168193026654
"2024-02-25 01:00:00",1.96366594089301,0.467094483014883
"2024-02-25 02:00:00",1.63232067291922,-0.850414491235091
"2024-02-25 03:00:00",0.843489329967969,-0.712395247956667
"2024-02-25 04:00:00",0.115578151106904,-0.704752003213111
"2024-02-25 05:00:00",-0.509684527133383,-0.542707543986278
"2024-02-25 06:00:00",-1.00946389027908,-0.446755088515542
"2024-02-25 07:00:00",-0.873784778636925,0.518815418882462
"2024-02-25 08:00:00",0.32106863723266,1.5898850814297
"2024-02-25 09:00:00",2.12865292482192,1.86640566630139
"2024-02-25 10:00:00",3.64803066788448,1.21308687985291
"2024-02-25 11:00:00",4.94754973585001,1.29068640504406
"2024-02-25 12:00:00",6.00139692507897,0.839503516609096
"2024-02-25 13:00:00",6.41298908797433,0.0990307822116999
"2024-02-25 14:00:00",6.36318699858075,-0.154919512460524
"2024-02-25 15:00:00",5.98788009301872,-0.512594581886261
"2024-02-25 16:00:00",4.91066017687249,-1.41015759849978
"2024-02-25 17:00:00",2.16762122150933,-3.50759190753424
"2024-02-25 18:00:00",1.01130859734194,0.463334436083057
"2024-02-25 19:00:00",0.767169272836744,-0.705482346533853
"2024-02-25 20:00:00",-0.529904182270132,-1.63081333224052
"2024-02-25 21:00:00",-1.66974534790823,-0.757684571165519
"2024-02-25 22:00:00",-2.11562135083023,-0.214667771646881
"2024-02-25 23:00:00",-1.91223039191644,0.475153239088663
"2024-02-26 00:00:00",-2.45735135511059,-1.19692437300679
"2024-02-26 01:00:00",-2.26733397896866,1.10876660176108
"2024-02-26 02:00:00",-1.8757951477976,-0.102288927042712
"2024-02-26 03:00:00",-1.48951909192681,0.696042088165227
"2024-02-26 04:00:00",-1.14865909781787,0.0897978755772993
"2024-02-26 05:00:00",-0.982189705977151,0.211152510266172
"2024-02-26 06:00:00",-1.11324498252122,-0.351696635286985
"2024-02-26 07:00:00",-0.604725326588744,1.05925748112444
"2024-02-26 08:00:00",1.05463167662234,1.98134425419577
"2024-02-26 09:00:00",2.72155655238172,1.37674530900005
"2024-02-26 10:00:00",3.79560973905072,0.817716547887027
"2024-02-26 11:00:00",4.66455712050949,0.856917865726516
"2024-02-26 12:00:00",5.30100393654187,0.453214330127287
"2024-02-26 13:00:00",5.2167909517533,-0.445320906347082
"2024-02-26 14:00:00",4.95765204969008,-0.129427884866936
"2024-02-26 15:00:00",5.0255448003041,0.18982298770008
"2024-02-26 16:00:00",4.83279527707783,-0.445110112576323
"2024-02-26 17:00:00",4.0439327625063,-0.986768186559326
"2024-02-26 18:00:00",3.22076972629179,-0.680189596178853
"2024-02-26 19:00:00",2.94619893959652,0.00473433762540887
"2024-02-26 20:00:00",2.74625379217909,-0.330691024212443
"2024-02-26 21:00:00",2.36331212092423,-0.403116515502891
"2024-02-26 22:00:00",1.99943358308474,-0.323474407899383
"2024-02-26 23:00:00",1.61822539694146,-0.404158414205446
"2024-02-27 00:00:00",1.30461051654673,-0.240436005939661
"2024-02-27 01:00:00",1.64412653775383,0.708329469292748
"2024-02-27 02:00:00",2.306955053864,0.598879260940105
"2024-02-27 03:00:00",2.67952786007037,0.201027235158838
"2024-02-27 04:00:00",3.17243147369502,0.660609284603278
"2024-02-27 05:00:00",3.48669076003704,0.0643418114340417
"2024-02-27 06:00:00",3.10854677314988,-0.659653306029821
"2024-02-27 07:00:00",2.55475192307785,-0.460913424031736
"2024-02-27 08:00:00",2.58025523993553,0.345271717017292
"2024-02-27 09:00:00",2.55801877768743,-0.269506015228027
"2024-02-27 10:00:00",2.24044743813722,-0.337819813159539
"2024-02-27 11:00:00",1.56338813119957,-0.873928752746872
"2024-02-27 12:00:00",0.998700150955443,-0.333711916781108
"2024-02-27 13:00:00",0.25016519317108,-0.990795995843244
"2024-02-27 14:00:00",-0.220345781660234,-0.101624142326217
"2024-02-27 15:00:00",-0.17689325970693,0.13838776330484
"2024-02-27 16:00:00",0.102524708611098,0.360386696705607
"2024-02-27 17:00:00",0.48522216867015,0.379253400561856
"2024-02-27 18:00:00",0.917302531191511,0.446140305336271
"2024-02-27 19:00:00",1.3793935180749,0.449584296031056
"2024-02-27 20:00:00",1.80856340429891,0.39338915220965
"2024-02-27 21:00:00",2.15967568099894,0.303913033003945
"2024-02-27 22:00:00",2.31961312788042,0.0535722725684208
"2024-02-27 23:00:00",2.29649106351594,-0.0761410554410636
"2024-02-28 00:00:00",2.31682951569458,0.0807313176912129
"2024-02-28 01:00:00",2.1530595475754,-0.321971281725548
"2024-02-28 02:00:00",2.03630899831055,0.0228344466959636
"2024-02-28 03:00:00",2.15483134541337,0.174057117296905
"2024-02-28 04:00:00",2.26444482160415,0.0586663070742593
"2024-02-28 05:00:00",2.23764270886272,-0.0854244303182608
"2024-02-28 06:00:00",2.0092069950293,-0.31580325562151
"2024-02-28 07:00:00",1.48491011685056,-0.640965080813221
"2024-02-28 08:00:00",0.578928185462501,-1.0415186137448
"2024-02-28 09:00:00",-0.508403191146383,-1.06694941826672
"2024-02-28 10:00:00",-1.52688332723941,-0.937115180172555
"2024-02-28 11:00:00",-2.13721080354801,-0.361502786555165
"2024-02-28 12:00:00",-1.97945711690432,0.499176461633299
"2024-02-28 13:00:00",-2.34748493877333,-0.926115068991626
"2024-02-28 14:00:00",-2.28916420024007,0.714853773611214
"2024-02-28 15:00:00",-1.50708389331629,0.792683091447185
"2024-02-28 16:00:00",-1.26869535170532,-0.140520957908721
"2024-02-28 17:00:00",-1.03453216504915,0.474455943516264
"2024-02-28 18:00:00",-1.65138511494613,-1.31373435985974
"2024-02-28 19:00:00",-3.69964991004053,-2.43848327693643
"2024-02-28 20:00:00",-4.44420422305624,0.424860661400909
"2024-02-28 21:00:00",-3.80782755246688,0.752871530705635
"2024-02-28 22:00:00",-3.2220558715712,0.451444921086127
"2024-02-28 23:00:00",-3.04581537451856,-0.0114489243928152
"2024-02-29 00:00:00",-3.12603016441472,-0.118321345303222
"2024-02-29 01:00:00",-3.52182204640314,-0.557933146993812
"2024-02-29 02:00:00",-3.68917800981129,0.105515274806227
"2024-02-29 03:00:00",-3.83093646302043,-0.2951146882507
"2024-02-29 04:00:00",-3.92748763298122,0.0453468479599019
"2024-02-29 05:00:00",-3.83595918965764,0.123027223605162
"2024-02-29 06:00:00",-3.87086683864635,-0.133593994200295
"2024-02-29 07:00:00",-3.58060137604932,0.564028409321196
"2024-02-29 08:00:00",-2.59018553150504,1.23221935079094
"2024-02-29 09:00:00",-1.24213183967111,1.36455433684076
"2024-02-29 10:00:00",0.224210842447809,1.46612137539281
"2024-02-29 11:00:00",1.65274099441863,1.33529800841853
"2024-02-29 12:00:00",2.89492465074441,1.11895098756568
"2024-02-29 13:00:00",2.90392825850358,-0.735107031964248
"2024-02-29 14:00:00",2.72282852824334,0.193095978682447
"2024-02-29 15:00:00",2.84216411693951,0.0609834514583622
"2024-02-29 16:00:00",2.84877595650971,-0.0336118794002418
"2024-02-29 17:00:00",2.87354921991638,0.0588479038833904
"2024-02-29 18:00:00",3.09057019551689,0.30845236661557
"2024-02-29 19:00:00",3.36513022615065,0.234936110589574
"2024-02-29 20:00:00",3.06660352283362,-0.644313060309814
"2024-02-29 21:00:00",2.44136901556907,-0.586756557030032
"2024-02-29 22:00:00",2.02852446379242,-0.280433005303925
"2024-02-29 23:00:00",1.84292713223638,-0.116169100091012
"2024-03-01 00:00:00",1.64811949050455,-0.240350103580445
"2024-03-01 01:00:00",1.73043822666113,0.291392165309799
"2024-03-01 02:00:00",1.99311908177498,0.228828044770951
"2024-03-01 03:00:00",2.25006105934073,0.260906240290771
"2024-03-01 04:00:00",2.36492960021888,0.00915382285852352
"2024-03-01 05:00:00",2.23432656346361,-0.220613966563513
"2024-03-01 06:00:00",2.05451843927529,-0.146939466297089
"2024-03-01 07:00:00",2.26485915070104,0.435880769815539
"2024-03-01 08:00:00",2.71951752264486,0.44265300043324
"2024-03-01 09:00:00",3.63794607164547,1.1884593915866
"2024-03-01 10:00:00",4.98446230905731,1.38321225851387
"2024-03-01 11:00:00",6.00713003113936,0.727289293178741
"2024-03-01 12:00:00",6.64642662993607,0.542516069471258
"2024-03-01 13:00:00",6.16633255491516,-1.14757343741638
"2024-03-01 14:00:00",5.84357473746352,0.23450129862178
"2024-03-01 15:00:00",6.18210091589425,0.384258374193168
"2024-03-01 16:00:00",6.01719366272525,-0.531141421991596
"2024-03-01 17:00:00",5.0957818830424,-1.14555645243393
"2024-03-01 18:00:00",4.24918933134809,-0.613623523391477
"2024-03-01 19:00:00",3.66925759728489,-0.535388424638891
"2024-03-01 20:00:00",3.22563389238586,-0.366095735648361
"2024-03-01 21:00:00",3.67928968931568,0.974433607428748
"2024-03-01 22:00:00",3.95132154732555,-0.213895952055965
"2024-03-01 23:00:00",4.8035954725861,1.51745065903635
"2024-03-02 00:00:00",5.33006829195259,-0.165375444050614
"2024-03-02 01:00:00",5.22095850270266,-0.0732834627786567
"2024-03-02 02:00:00",5.57250071335105,0.611321772661062
"2024-03-02 03:00:00",6.25691214000556,0.693433547426632
"2024-03-02 04:00:00",6.98789913964093,0.713223548962711
"2024-03-02 05:00:00",7.23860875610624,-0.0785459272413877
"2024-03-02 06:00:00",6.68918379496964,-0.846558327296055
"2024-03-02 07:00:00",6.0082610801954,-0.546763483790965
"2024-03-02 08:00:00",5.5654168560735,-0.360264435409001
"2024-03-02 09:00:00",5.04516351437332,-0.609360276447825
"2024-03-02 10:00:00",4.52426150693063,-0.44367907251664
"2024-03-02 11:00:00",4.16612529825753,-0.289920138398866
"2024-03-02 12:00:00",4.42930237704159,0.614027864961984
"2024-03-02 13:00:00",4.51643600903333,-0.27397136394068
"2024-03-02 14:00:00",4.9273983412147,0.842228548939765
"2024-03-02 15:00:00",5.56668173483472,0.46726115132134
"2024-03-02 16:00:00",5.74269205152922,-0.0336907219115704
"2024-03-02 17:00:00",4.83904217941423,-1.44807197823687
"2024-03-02 18:00:00",4.31390372242711,0.108858825641594
"2024-03-02 19:00:00",4.97057024906076,0.985102236042092
"2024-03-02 20:00:00",5.96267579463606,0.943225066625402
"2024-03-02 21:00:00",6.47679555528862,0.195940275592314
"2024-03-02 22:00:00",6.59720411773937,0.0559872304855785
"2024-03-02 23:00:00",6.48647672096827,-0.225108035920141
"2024-03-03 00:00:00",6.34452985724017,-0.0881202417337181
"2024-03-03 01:00:00",6.64497092062179,0.537025253198709
"2024-03-03 02:00:00",6.60452506282651,-0.432060807716121
"2024-03-03 03:00:00",6.20071487071433,-0.374298528335032
"2024-03-03 04:00:00",5.89415157488037,-0.254829761207581
"2024-03-03 05:00:00",5.78722579810871,-0.0108389217696374
"2024-03-03 06:00:00",5.6629105378126,-0.201514886067905
"2024-03-03 07:00:00",5.62930398544136,0.0726302037276173
"2024-03-03 08:00:00",5.95695388564973,0.474836546938505
"2024-03-03 09:00:00",6.61933347224013,0.74825420836054
"2024-03-03 10:00:00",7.34573545076592,0.668786272245069
"2024-03-03 11:00:00",7.78009969032873,0.247979135026969
"2024-03-03 12:00:00",7.57967617743888,-0.499854962475202
"2024-03-03 13:00:00",7.64287161762073,0.425785883255605
"2024-03-03 14:00:00",8.0014112487278,0.28682341053908
"2024-03-03 15:00:00",8.29411850610897,0.27240991117739
"2024-03-03 16:00:00",8.30609774077813,-0.172895290878664
"2024-03-03 17:00:00",7.53663503129154,-1.14130642445055
"2024-03-03 18:00:00",7.205101189505,0.214348017571659
"2024-03-03 19:00:00",7.65579061545189,0.57754676658319
"2024-03-03 20:00:00",8.18463898108686,0.461387561139033
"2024-03-03 21:00:00",8.63038043985397,0.403582862464448
"2024-03-03 22:00:00",8.69190018027759,-0.18056293384216
"2024-03-03 23:00:00",7.89860638837419,-1.17527765657488
"2024-03-04 00:00:00",6.88388067432912,-0.869651891799722
"2024-03-04 01:00:00",6.49632668393993,-0.0566150465829178
"2024-03-04 02:00:00",6.32865912843794,-0.242104993306085
"2024-03-04 03:00:00",5.98745254715393,-0.399214354548342
"2024-03-04 04:00:00",5.63247539938799,-0.316333294684478
"2024-03-04 05:00:00",5.65526984974911,0.240534629622914
"2024-03-04 06:00:00",5.94829464828913,0.3068059465406
"2024-03-04 07:00:00",6.06008745596995,-0.0311910220136083
"2024-03-04 08:00:00",6.12895829302546,0.124495914819094
"2024-03-04 09:00:00",6.41257796250014,0.368325205311576
"2024-03-04 10:00:00",6.61476379086588,0.073557156070328
"2024-03-04 11:00:00",6.61845186246465,-0.0515895409911058
"2024-03-04 12:00:00",6.76853315993561,0.268865974507481
"2024-03-04 13:00:00",6.31309490985194,-0.925379337089943
"2024-03-04 14:00:00",6.32542947720781,0.62874544157479
"2024-03-04 15:00:00",6.95244896625741,0.587922389508424
"2024-03-04 16:00:00",7.18775507596048,-0.0199079254716601
"2024-03-04 17:00:00",5.92955402764086,-2.03318904167734
"2024-03-04 18:00:00",5.52390195376216,0.690989751420141
"2024-03-04 19:00:00",6.21966422905602,0.658763651951582
"2024-03-04 20:00:00",6.76196226397134,0.430871316912059
"2024-03-04 21:00:00",7.1301495195219,0.300189131121038
"2024-03-04 22:00:00",6.90896304553025,-0.56744157351287
"2024-03-04 23:00:00",6.19088674537592,-0.793278088530218
"2024-03-05 00:00:00",5.50297784938589,-0.592952516658361
"2024-03-05 01:00:00",5.05645831709024,-0.334771985682682
"2024-03-05 02:00:00",4.81884256792513,-0.168070402628274
"2024-03-05 03:00:00",4.71541884339418,-0.0616215785776088
"2024-03-05 04:00:00",4.65992739008717,-0.0548441222372864
"2024-03-05 05:00:00",4.1392756925792,-0.812448557834675
"2024-03-05 06:00:00",2.36036893718864,-2.34400267200764
"2024-03-05 07:00:00",0.434140218360289,-1.55922587039317
"2024-03-05 08:00:00",-0.337399664191759,-0.210321122612379
"2024-03-05 09:00:00",-0.193699453545643,0.373316671817373
"2024-03-05 10:00:00",0.241895223032893,0.456663065549164
"2024-03-05 11:00:00",0.268980328429919,-0.26089413041087
"2024-03-05 12:00:00",-0.0551323637849069,-0.351202667458285
"2024-03-05 13:00:00",-0.858684239233958,-1.0668576025557
"2024-03-05 14:00:00",-1.42391956163802,-0.202860008080099
"2024-03-05 15:00:00",-1.486194747591,0.0362405772580319
"2024-03-05 16:00:00",-1.39755220464603,0.121279463395365
"2024-03-05 17:00:00",-1.21723928353504,0.212900419643606
"2024-03-05 18:00:00",-0.89643475936098,0.379063481848843
"2024-03-05 19:00:00",-0.552334347668901,0.305595803955212
"2024-03-05 20:00:00",-0.950376239230862,-0.84749932556735
"2024-03-05 21:00:00",-2.02101864402227,-1.16730105239371
"2024-03-05 22:00:00",-3.34405248276378,-1.36137994719489
"2024-03-05 23:00:00",-4.32740921832118,-0.680307911337865
"2024-03-06 00:00:00",-4.19230740434215,0.677855434239387
"2024-03-06 01:00:00",-4.23684875044548,-0.518612290442693
"2024-03-06 02:00:00",-4.4668456941174,-0.0212010744401371
"2024-03-06 03:00:00",-4.16551285108665,0.50778863346208
"2024-03-06 04:00:00",-3.67493846239008,0.461154301687213
"2024-03-06 05:00:00",-3.47962966398425,0.0135360210643167
"2024-03-06 06:00:00",-3.75551049330173,-0.451228618148186
"2024-03-06 07:00:00",-3.34396247606347,0.972005551453199
"2024-03-06 08:00:00",-1.88894981308498,1.71217970774443
"2024-03-06 09:00:00",-0.319643219152285,1.40192111394636
"2024-03-06 10:00:00",0.496971217436391,0.388023481257441
"2024-03-06 11:00:00",0.323951058782303,-0.53946151516583
"2024-03-06 12:00:00",-0.10596628407337,-0.336877175734317
"2024-03-06 13:00:00",-0.60371582653962,-0.581206687329554
"2024-03-06 14:00:00",-0.828958760608123,0.0235435668131665
"2024-03-06 15:00:00",-0.71401778336545,0.171477825109756
"2024-03-06 16:00:00",-0.357942464169487,0.463137844087413
"2024-03-06 17:00:00",-0.404095820983362,-0.383020661584249
"2024-03-06 18:00:00",-0.175214947328278,0.626452776264019
"2024-03-06 19:00:00",0.467109444215455,0.622608228463378
"2024-03-06 20:00:00",1.06940773790085,0.559535823157539
"2024-03-06 21:00:00",1.61004591089756,0.500971139968074
"2024-03-06 22:00:00",2.06127747129048,0.394555469554755
"2024-03-06 23:00:00",2.29511166318752,0.112920681691304
"2024-03-07 00:00:00",2.43202247936443,0.143440583830562
"2024-03-07 01:00:00",2.66009317953031,0.270518156980646
"2024-03-07 02:00:00",2.96431878400609,0.308812466464518
"2024-03-07 03:00:00",2.76714436514568,-0.528943511416684
"2024-03-07 04:00:00",1.40383953471591,-1.85831866444281
"2024-03-07 05:00:00",-0.600880984790425,-2.00886605673265
"2024-03-07 06:00:00",-2.26395370507068,-1.35274528832639
"2024-03-07 07:00:00",-2.81283369235557,0.0160208960359227
"2024-03-07 08:00:00",-2.47709952808762,0.536543472333571
"2024-03-07 09:00:00",-1.76669172839079,0.79574924884884
"2024-03-07 10:00:00",-1.25418938474479,0.301597036043424
"2024-03-07 11:00:00",-1.30317755111525,-0.278763653128936
"2024-03-07 12:00:00",-1.36937428397849,0.0803370460353709
"2024-03-07 13:00:00",-0.75931527957143,0.935975962758027
"2024-03-07 14:00:00",-0.195246957637515,0.290308373726111
"2024-03-07 15:00:00",-0.0831644991167304,-0.0118073010412207
"2024-03-07 16:00:00",-0.353484578124297,-0.429706414801789
"2024-03-07 17:00:00",-1.54484079987189,-1.64204619259277
"2024-03-07 18:00:00",-2.70850099910302,-0.787454536953917
"2024-03-07 19:00:00",-3.16806411238681,-0.215644221005476
"2024-03-07 20:00:00",-3.28028883592278,-0.0338643574471675
"2024-03-07 21:00:00",-3.23349691994988,0.102565299776925
"2024-03-07 22:00:00",-3.28061740869423,-0.140503521534111
"2024-03-07 23:00:00",-3.5477507015055,-0.334630321073528
"2024-03-08 00:00:00",-3.96803740993422,-0.452846630660723
"2024-03-08 01:00:00",-4.70501344218889,-0.886258607072919
"2024-03-08 02:00:00",-5.1129546660681,-0.0636203961879115
"2024-03-08 03:00:00",-5.06463533534689,0.127236980951401
"2024-03-08 04:00:00",-4.97018402103469,0.0746325741325061
"2024-03-08 05:00:00",-5.11518050526277,-0.278118683232247
"2024-03-08 06:00:00",-5.55568372484415,-0.521233917302588
"2024-03-08 07:00:00",-5.29831690436501,0.771354325347223
"2024-03-08 08:00:00",-4.29197572699957,1.12200313175587
"2024-03-08 09:00:00",-3.02551579444853,1.3081120971478
"2024-03-08 10:00:00",-1.95684484800116,0.862162322024274
"2024-03-08 11:00:00",-1.39068570905336,0.344445083963542
"2024-03-08 12:00:00",-1.01126836668048,0.386494150367254
"2024-03-08 13:00:00",-0.650167183914093,0.328316643883191
"2024-03-08 14:00:00",-0.326712810155323,0.30568037382535
"2024-03-08 15:00:00",-0.0765662349475085,0.201658865098935
"2024-03-08 16:00:00",-0.140749082053807,-0.238259067692651
"2024-03-08 17:00:00",-0.966556255169877,-1.17807609156203
"2024-03-08 18:00:00",-1.75852226510978,-0.495684425783452
"2024-03-08 19:00:00",-1.96427598446372,-0.000426541669454328
"2024-03-08 20:00:00",-1.928107676029,0.0613769253290448
"2024-03-08 21:00:00",-1.96153876164818,-0.0925621825651576
"2024-03-08 22:00:00",-2.13585733793156,-0.218010780064722
"2024-03-08 23:00:00",-2.37202553688685,-0.234298122701272
"2024-03-09 00:00:00",-2.60525931570378,-0.218384527190481
"2024-03-09 01:00:00",-2.72019653841167,-0.037154650517789
"2024-03-09 02:00:00",-2.79941733239605,-0.0999946607638913
"2024-03-09 03:00:00",-2.90084840921327,-0.0939614147634331
"2024-03-09 04:00:00",-3.01893736247465,-0.124824175134449
"2024-03-09 05:00:00",-3.26946821601463,-0.318538633972211
"2024-03-09 06:00:00",-3.57166818644692,-0.272734341405913
"2024-03-09 07:00:00",-3.19839502562359,0.790802281547629
"2024-03-09 08:00:00",-2.08827025409588,1.27437185391512
"2024-03-09 09:00:00",-0.748004277820531,1.32319700656249
"2024-03-09 10:00:00",0.529198269640854,1.1868121241943
"2024-03-09 11:00:00",1.62706623054738,0.985720952352744
"2024-03-09 12:00:00",1.92827520820319,-0.171534509366878
"2024-03-09 13:00:00",1.80921202593926,-0.0809098502175162
"2024-03-09 14:00:00",1.49156703768019,-0.462702801833022
"2024-03-09 15:00:00",1.65518414912435,0.57145965265442
"2024-03-09 16:00:00",1.90942085797271,0.0285442944768574
"2024-03-09 17:00:00",1.55435107498493,-0.596395960130472
"2024-03-09 18:00:00",0.726434483433337,-0.94492193484985
"2024-03-09 19:00:00",0.404257271754069,0.107352490226512
"2024-03-09 20:00:00",0.435380360657453,-0.021695525939264
"2024-03-09 21:00:00",0.566694537065133,0.22651792517251
"2024-03-09 22:00:00",0.756679266571838,0.155871485246205
"2024-03-09 23:00:00",0.878210361266119,0.0918877550200522
"2024-03-10 00:00:00",0.945882302316773,0.0471809528803665
"2024-03-10 01:00:00",1.03547964798799,0.112397994586169
"2024-03-10 02:00:00",1.20262595111588,0.194367558822904
"2024-03-10 03:00:00",1.35128871906818,0.109579364886304
"2024-03-10 04:00:00",1.30078489495613,-0.156565500898434
"2024-03-10 05:00:00",0.962782884641102,-0.444572185295962
"2024-03-10 06:00:00",0.523261268590957,-0.416509479973498
"2024-03-10 07:00:00",0.950415003708448,0.968614024263031
"2024-03-10 08:00:00",2.11081862202761,1.23189485081978
"2024-03-10 09:00:00",3.4615154190392,1.36299251984763
"2024-03-10 10:00:00",4.65994754132501,1.02731782792624
"2024-03-10 11:00:00",5.24675934604346,0.25925638077509
"2024-03-10 12:00:00",5.28620440633704,-0.115728697127362
"2024-03-10 13:00:00",4.99434595683141,-0.402219152871095
"2024-03-10 14:00:00",4.81423914770861,-0.0299115499530974
"2024-03-10 15:00:00",4.82544489707271,0.0318807210859071
"2024-03-10 16:00:00",4.57636382194313,-0.430767646521729
"2024-03-10 17:00:00",4.59592054025265,0.312941479569438
"2024-03-10 18:00:00",4.89764636218597,0.273988742962413
"2024-03-10 19:00:00",5.62836068646399,0.994158735419172
"2024-03-10 20:00:00",6.51275474639273,0.761940328695837
"2024-03-10 21:00:00",7.47768133615045,1.04600347667392
"2024-03-10 22:00:00",8.21735175964998,0.490667470818131
"2024-03-10 23:00:00",8.34500228317589,-0.131011396696066
"2024-03-11 00:00:00",8.30691367035519,0.0149154749716321
"2024-03-11 01:00:00",7.98616847008837,-0.5399778466973
"2024-03-11 02:00:00",7.49890325559104,-0.439260466089782
"2024-03-11 03:00:00",7.33399260675874,0.0161595303702305
"2024-03-11 04:00:00",7.57029818253486,0.362387484188423
"2024-03-11 05:00:00",7.82171469684491,0.155734914324818
"2024-03-11 06:00:00",7.575974396159,-0.511787524329983
"2024-03-11 07:00:00",6.9808437789755,-0.6321738827388
"2024-03-11 08:00:00",6.4676010968241,-0.418563078421089
"2024-03-11 09:00:00",6.48996302116405,0.306910208477145
"2024-03-11 10:00:00",6.72692626721465,0.170709447082071
"2024-03-11 11:00:00",6.68667729613941,-0.187641220922876
"2024-03-11 12:00:00",6.93724242015619,0.522174630251343
"2024-03-11 13:00:00",6.49621317273191,-1.0711361811238
"2024-03-11 14:00:00",6.21226787210255,0.245961651383368
"2024-03-11 15:00:00",6.42572031758057,0.173631783690144
"2024-03-11 16:00:00",6.44762880459222,-0.0885598994232883
"2024-03-11 17:00:00",4.40533774205197,-3.25601650686677
"2024-03-11 18:00:00",2.62622865480926,-0.715655369655721
"2024-03-11 19:00:00",2.03361964054987,-0.485803245201443
"2024-03-11 20:00:00",2.01595009780169,0.292633446565516
"2024-03-11 21:00:00",2.41561995135716,0.449436452462515
"2024-03-11 22:00:00",2.22393454862627,-0.613096735332781
"2024-03-11 23:00:00",1.4322871310754,-0.875926368727842
"2024-03-12 00:00:00",0.821361587535775,-0.40707616407684
"2024-03-12 01:00:00",1.19132586749974,0.869343614864039
"2024-03-12 02:00:00",1.54347092605787,-0.0109169924514335
"2024-03-12 03:00:00",1.42483261962181,-0.1868025952034
"2024-03-12 04:00:00",2.38921698074136,1.68416639590079
"2024-03-12 05:00:00",2.05852103275931,-1.66127907152885
"2024-03-12 06:00:00",1.05890323773182,-0.513669142808388
"2024-03-12 07:00:00",1.45235982300066,0.97813554194579
"2024-03-12 08:00:00",2.63714267465327,1.26437377101338
"2024-03-12 09:00:00",4.13114655603429,1.57269571814903
"2024-03-12 10:00:00",5.36768696680931,0.948357679224108
"2024-03-12 11:00:00",5.984268403728,0.359184684070607
"2024-03-12 12:00:00",6.04119999496817,-0.154983718003204
"2024-03-12 13:00:00",6.22722390881967,0.396734089871618
"2024-03-12 14:00:00",6.27391592496284,-0.196908568324269
"2024-03-12 15:00:00",6.12910834891509,-0.111277546376521
"2024-03-12 16:00:00",5.74042272265144,-0.563049070012447
"2024-03-12 17:00:00",4.89836068777996,-0.995450369714082
"2024-03-12 18:00:00",4.25656688670263,-0.381841119658468
"2024-03-12 19:00:00",4.30631724471219,0.32962404560201
"2024-03-12 20:00:00",4.50424450642984,0.0951764125799845
"2024-03-12 21:00:00",4.77784300384874,0.373739167917445
"2024-03-12 22:00:00",4.48582028670072,-0.728136444204341
"2024-03-12 23:00:00",3.53994086076629,-1.05187178516048
"2024-03-13 00:00:00",2.61105277447721,-0.807321727758586
"2024-03-13 01:00:00",2.21749885662559,-0.102376537926425
"2024-03-13 02:00:00",1.78653701422887,-0.632393437334708
"2024-03-13 03:00:00",0.824003053646285,-1.13918704957241
"2024-03-13 04:00:00",0.14065689638374,-0.348047004611304
"2024-03-13 05:00:00",-0.613686446724378,-0.989538327416122
"2024-03-13 06:00:00",-1.22063178271492,-0.322255208981626
"2024-03-13 07:00:00",-0.20756654396978,1.85669650851336
"2024-03-13 08:00:00",1.74303948818769,1.92078724703584
"2024-03-13 09:00:00",3.39495456553424,1.39192597960101
"2024-03-13 10:00:00",4.57395749911841,0.976656451393894
"2024-03-13 11:00:00",5.17216030828139,0.311584452835017
"2024-03-13 12:00:00",5.37216168626087,0.109445159166175
"2024-03-13 13:00:00",5.5550232909079,0.216193063887309
"2024-03-13 14:00:00",6.00849019600847,0.582940156290174
"2024-03-13 15:00:00",6.25073722045968,-0.00413182647460922
"2024-03-13 16:00:00",6.01500321874956,-0.386985585409715
"2024-03-13 17:00:00",4.92998931270594,-1.50654999406591
"2024-03-13 18:00:00",3.8713252212309,-0.716124264649624
"2024-03-13 19:00:00",3.89450960867364,0.509958207482767
"2024-03-13 20:00:00",4.99056479752494,1.42967761614431
"2024-03-13 21:00:00",5.67035580964913,0.141141011343474
"2024-03-13 22:00:00",5.96665389823251,0.378347700365538
"2024-03-13 23:00:00",6.0450375317004,-0.133002373575442
"2024-03-14 00:00:00",5.71345003270827,-0.456008128063959
"2024-03-14 01:00:00",5.83429100296452,0.492295920560917
"2024-03-14 02:00:00",6.47332142095732,0.698967405349218
"2024-03-14 03:00:00",7.14804079694156,0.618150571572592
"2024-03-14 04:00:00",7.57771123665273,0.274390545947499
"2024-03-14 05:00:00",7.39820004976514,-0.483341574500111
"2024-03-14 06:00:00",6.80476173747787,-0.648168377513742
"2024-03-14 07:00:00",6.48010841658286,-0.102321532883139
"2024-03-14 08:00:00",6.77824208002899,0.542581920205942
"2024-03-14 09:00:00",7.40520253695377,0.644684692325007
"2024-03-14 10:00:00",8.01134991243921,0.542110219954177
"2024-03-14 11:00:00",7.79372812526012,-0.724083370195456
"2024-03-14 12:00:00",7.44337120118203,-0.0946044015440938
"2024-03-14 13:00:00",7.18940510877589,-0.357728613325597
"2024-03-14 14:00:00",7.11930772452553,0.115720272342577
"2024-03-14 15:00:00",7.49220856751079,0.517457740082063
"2024-03-14 16:00:00",7.75078951688886,0.0640573128622943
"2024-03-14 17:00:00",6.66114672099556,-1.81697170373207
"2024-03-14 18:00:00",5.78740690027382,-0.211993169000103
"2024-03-14 19:00:00",6.37141867453032,1.0794632711167
"2024-03-14 20:00:00",6.79235613885037,-0.0462851763626087
"2024-03-14 21:00:00",6.37218492109155,-0.658210698004583
"2024-03-14 22:00:00",5.7380407927829,-0.596177068208528
"2024-03-14 23:00:00",5.46477107115193,-0.0524102104389801
"2024-03-15 00:00:00",5.5100584940804,0.101224167660333
"2024-03-15 01:00:00",5.74638710841401,0.308066301096439
"2024-03-15 02:00:00",6.0627816845453,0.299507029294584
"2024-03-15 03:00:00",6.23813956038901,0.0764478055180687
"2024-03-15 04:00:00",6.05998044106579,-0.347466631527532
"2024-03-15 05:00:00",5.59543537813396,-0.528330012259575
"2024-03-15 06:00:00",5.03625026586289,-0.560392967658674
"2024-03-15 07:00:00",5.17933330932449,0.598770215741051
"2024-03-15 08:00:00",6.08780573080915,1.06509297529786
"2024-03-15 09:00:00",7.27304284155727,1.20116542095474
"2024-03-15 10:00:00",8.19086017061734,0.675935694603109
"2024-03-15 11:00:00",9.076233418199,0.972368847387554
"2024-03-15 12:00:00",10.0430367862038,0.905455641666868
"2024-03-15 13:00:00",10.6226667989582,0.321931540916739
"2024-03-15 14:00:00",10.757215340989,-0.0104533271755302
"2024-03-15 15:00:00",10.2641262897237,-0.805271185702479
"2024-03-15 16:00:00",9.59390025210641,-0.561575059287028
"2024-03-15 17:00:00",7.9942138156051,-2.22809557158797
"2024-03-15 18:00:00",6.75415047992012,-0.532760613580831
"2024-03-15 19:00:00",6.98509855770601,0.720400722498267
"2024-03-15 20:00:00",7.70083104047123,0.669608260443784
"2024-03-15 21:00:00",7.84476196769128,-0.223277464489994
"2024-03-15 22:00:00",7.99973266751738,0.389659044315663
"2024-03-15 23:00:00",7.95631046130671,-0.340383182872907
"2024-03-16 00:00:00",7.72790217609113,-0.153158267930417
"2024-03-16 01:00:00",7.80800959151867,0.221850447260164
"2024-03-16 02:00:00",7.8516669439658,-0.0872719717148439
"2024-03-16 03:00:00",7.66838921838863,-0.248688863285498
"2024-03-16 04:00:00",7.55914459046899,-0.0209735948471642
"2024-03-16 05:00:00",7.25194959747966,-0.493149003873283
"2024-03-16 06:00:00",6.63493242976901,-0.67961911863349
"2024-03-16 07:00:00",6.57597171522344,0.349056588001304
"2024-03-16 08:00:00",7.15264297406146,0.692534990610221
"2024-03-16 09:00:00",7.41410005017348,-0.0475644772212089
"2024-03-16 10:00:00",6.73885745648567,-1.07115427816128
"2024-03-16 11:00:00",5.64895951341565,-1.05928592104621
"2024-03-16 12:00:00",4.19605872417125,-1.65354457692911
"2024-03-16 13:00:00",2.25599252046556,-2.0442937154417
"2024-03-16 14:00:00",1.03289389144214,-0.620430697360885
"2024-03-16 15:00:00",0.694957043799224,-0.134883240007397
"2024-03-16 16:00:00",1.12340491118821,0.782740502328306
"2024-03-16 17:00:00",1.2640068923239,-0.295612057560003
"2024-03-16 18:00:00",1.09442913319951,-0.0791268820255465
"2024-03-16 19:00:00",1.22379307531268,0.260797906434487
"2024-03-16 20:00:00",1.38042353558342,0.0781667172789463
"2024-03-16 21:00:00",1.36463217831527,-0.0794574269986866
"2024-03-16 22:00:00",1.12517784831692,-0.336496871493162
"2024-03-16 23:00:00",0.684948633695023,-0.489913430567071
"2024-03-17 00:00:00",0.24836553381455,-0.381166620856682
"2024-03-17 01:00:00",-0.085326085576099,-0.286505385105571
"2024-03-17 02:00:00",-0.0955686520353896,0.174526202491681
"2024-03-17 03:00:00",0.250805916617073,0.444601861227561
"2024-03-17 04:00:00",0.950393489485645,0.836008033484902
"2024-03-17 05:00:00",1.39668552911755,0.164053586790765
"2024-03-17 06:00:00",0.930065046672001,-0.866689009463496
"2024-03-17 07:00:00",0.365217013132779,-0.337981381373284
"2024-03-17 08:00:00",0.0878420234607715,-0.224261347621545
"2024-03-17 09:00:00",-0.282545775135336,-0.450316387940372
"2024-03-17 10:00:00",-0.695157466759468,-0.367504522852055
"2024-03-17 11:00:00",-1.06740679603385,-0.356827654321494
"2024-03-17 12:00:00",-1.23635182213926,-0.0342884439426134
"2024-03-17 13:00:00",-1.3016646538284,-0.0812986257398194
"2024-03-17 14:00:00",-1.31337328190987,0.0369176250481187
"2024-03-17 15:00:00",-1.02595521833897,0.442450017333007
"2024-03-17 16:00:00",-0.910948536015224,-0.107428185076733
"2024-03-17 17:00:00",-2.04850336910513,-1.76906459972358
"2024-03-17 18:00:00",-3.51841537363692,-1.19799134742815
"2024-03-17 19:00:00",-4.27720472274531,-0.425401971403466
"2024-03-17 20:00:00",-4.49255576101997,-0.0595745205806369
"2024-03-17 21:00:00",-4.54097177252701,-0.0328873457105586
"2024-03-17 22:00:00",-4.82273362623014,-0.428434768012862
"2024-03-17 23:00:00",-5.47552007822875,-0.76511716590397
"2024-03-18 00:00:00",-6.31625107913495,-0.844132643693684
"2024-03-18 01:00:00",-6.88054098841059,-0.342777453737833
"2024-03-18 02:00:00",-7.28545473469102,-0.418229764684328
"2024-03-18 03:00:00",-7.43763930087636,0.0417956182163905
"2024-03-18 04:00:00",-7.37914177862939,0.076436281613251
"2024-03-18 05:00:00",-7.52314476075777,-0.274608347020353
"2024-03-18 06:00:00",-7.7547936847655,-0.182307693410527
"2024-03-18 07:00:00",-7.12213581254696,1.1558883596563
"2024-03-18 08:00:00",-5.8607858799201,1.28089547416881
"2024-03-18 09:00:00",-4.91613689397949,0.683151521713351
"2024-03-18 10:00:00",-4.46300847161906,0.284584823873804
"2024-03-18 11:00:00",-4.27550345769018,0.11962713062024
"2024-03-18 12:00:00",-4.14010741093361,0.144983941771948
"2024-03-18 13:00:00",-4.35215513940304,-0.434653520783552
"2024-03-18 14:00:00",-4.37827794858201,0.253075900213885
"2024-03-18 15:00:00",-4.08714024271531,0.308318967131419
"2024-03-18 16:00:00",-3.94117718308488,0.0360582186506692
"2024-03-18 17:00:00",-4.5715323693846,-1.03959061967702
"2024-03-18 18:00:00",-5.67153304712542,-1.08211118687051
"2024-03-18 19:00:00",-6.39916065297889,-0.449424505883651
"2024-03-18 20:00:00",-6.62040946579337,-0.0503747245282258
"2024-03-18 21:00:00",-6.69321968003456,-0.0757760290548912
"2024-03-18 22:00:00",-6.7268030678038,0.0047652788358731
"2024-03-18 23:00:00",-6.99396279965901,-0.427076618854144
"2024-03-19 00:00:00",-7.19576914297492,-0.0330266014923608
"2024-03-19 01:00:00",-7.45095926741222,-0.381897727671122
"2024-03-19 02:00:00",-7.63869983253361,-0.0397820609464358
"2024-03-19 03:00:00",-7.60046062396979,0.0982786013971905
"2024-03-19 04:00:00",-7.51634607416176,0.080468859562539
"2024-03-19 05:00:00",-7.69843011990031,-0.33877830837427
"2024-03-19 06:00:00",-7.73798222732192,0.171728307452756
"2024-03-19 07:00:00",-6.90429507325251,1.24534044167274
"2024-03-19 08:00:00",-5.47171088074104,1.4982326133914
"2024-03-19 09:00:00",-4.25464325481259,0.978844022223515
"2024-03-19 10:00:00",-3.51989677152019,0.542585376691812
"2024-03-19 11:00:00",-3.00140997106652,0.482318918805168
"2024-03-19 12:00:00",-2.41657915101766,0.629247751030658
"2024-03-19 13:00:00",-1.886563556761,0.441789934789427
"2024-03-19 14:00:00",-1.4096315172028,0.480127226848991
"2024-03-19 15:00:00",-1.07360697362581,0.225806487329927
"2024-03-19 16:00:00",-1.00202571070582,-0.0332518650107767
"2024-03-19 17:00:00",-1.52979131941534,-0.831065574426334
"2024-03-19 18:00:00",-2.71872583138093,-1.36904108295022
"2024-03-19 19:00:00",-2.81368975198714,0.762422453590918
"2024-03-19 20:00:00",-1.95280268575247,0.889245939607792
"2024-03-19 21:00:00",-1.11441604330701,0.76715779638265
"2024-03-19 22:00:00",-0.486885099180064,0.506064114607133
"2024-03-19 23:00:00",-0.464699215624122,-0.300821009668085
"2024-03-20 00:00:00",-1.43226657025003,-1.36548041314013
"2024-03-20 01:00:00",-2.41516522821803,-0.67929614267396
"2024-03-20 02:00:00",-2.61295066217678,0.135727084916591
"2024-03-20 03:00:00",-2.65066296525097,-0.148177505197293
"2024-03-20 04:00:00",-2.35676379428946,0.578061704334136
"2024-03-20 05:00:00",-2.19436012118166,-0.119377397672365
"2024-03-20 06:00:00",-2.26489574345766,-0.0317955389684755
"2024-03-20 07:00:00",-1.97444155463798,0.494400046200784
"2024-03-20 08:00:00",-0.989676442884352,1.26741847893108
"2024-03-20 09:00:00",0.877945787803108,2.18027838353255
"2024-03-20 10:00:00",2.85003374187372,1.73845301237918
"2024-03-20 11:00:00",4.43801986957212,1.4085439463906
"2024-03-20 12:00:00",5.72333171309409,1.13636249181182
"2024-03-20 13:00:00",7.07610150817635,1.42538107942724
"2024-03-20 14:00:00",7.94533277851744,0.448047455906712
"2024-03-20 15:00:00",7.93199339021489,-0.330529858358054
"2024-03-20 16:00:00",7.19367852359891,-0.98530382583902
"2024-03-20 17:00:00",6.02833325410117,-1.23926415355744
"2024-03-20 18:00:00",5.27806015199757,-0.396400168919258
"2024-03-20 19:00:00",5.17963609016765,0.0980990797839987
"2024-03-20 20:00:00",4.95034951596672,-0.443318891932482
"2024-03-20 21:00:00",5.32999453590722,0.903858863926989
"2024-03-20 22:00:00",5.93173423087441,0.364867830347653
"2024-03-20 23:00:00",6.42249689284973,0.543726797278781
"2024-03-21 00:00:00",6.88469329681647,0.377604449995599
"2024-03-21 01:00:00",6.94793626515462,-0.158204659798695
"2024-03-21 02:00:00",6.75085405064706,-0.22258800629447
"2024-03-21 03:00:00",6.80565608390723,0.228422320573301
"2024-03-21 04:00:00",6.72163970007057,-0.297082665381302
"2024-03-21 05:00:00",6.30937705670275,-0.478119016699348
"2024-03-21 06:00:00",5.85290825313424,-0.428474703891345
"2024-03-21 07:00:00",5.67137273766813,-0.0158277548302906
"2024-03-21 08:00:00",5.42856808792426,-0.389890206172104
"2024-03-21 09:00:00",4.52980547935475,-1.20229174775231
"2024-03-21 10:00:00",3.80892536092411,-0.371525787210958
"2024-03-21 11:00:00",3.5080554718158,-0.244377774484605
"2024-03-21 12:00:00",4.73393662704389,2.14326365037189
"2024-03-21 13:00:00",5.05312615188215,-0.918107139486184
"2024-03-21 14:00:00",4.54519694281628,-0.216856846462673
"2024-03-21 15:00:00",4.72873590468485,0.435886412362909
"2024-03-21 16:00:00",4.77242650720354,-0.225938427102806
"2024-03-21 17:00:00",4.35596823715017,-0.529829249557372
"2024-03-21 18:00:00",4.16617213562923,0.0402947374795538
"2024-03-21 19:00:00",4.12633579471914,-0.0967316704345607
"2024-03-21 20:00:00",3.67255398623825,-0.675564967083815
"2024-03-21 21:00:00",3.50673772462016,0.177157507079749
"2024-03-21 22:00:00",3.61400914872784,0.0510652539040423
"2024-03-21 23:00:00",3.14838991115729,-0.792600809897441
"2024-03-22 00:00:00",2.87682231978975,0.0846297295843969
"2024-03-22 01:00:00",3.39641632335569,0.781167448816196
"2024-03-22 02:00:00",4.00522265731887,0.460594174232437
"2024-03-22 03:00:00",4.40204897726303,0.33029709184021
"2024-03-22 04:00:00",4.63253885506856,0.147327668310506
"2024-03-22 05:00:00",4.60209161027315,-0.153484485269986
"2024-03-22 06:00:00",4.29801328348362,-0.395953151979146
"2024-03-22 07:00:00",3.88891398572464,-0.403961512274578
"2024-03-22 08:00:00",3.54414597822848,-0.293934421823653
"2024-03-22 09:00:00",3.45700469173311,0.0502923992631292
"2024-03-22 10:00:00",3.16217204825613,-0.51535653798932
"2024-03-22 11:00:00",3.55805812087106,0.980483860520402
"2024-03-22 12:00:00",4.1289442199804,0.26611250378771
"2024-03-22 13:00:00",2.97275456742242,-2.05475420607288
"2024-03-22 14:00:00",2.62627073817553,0.804977840540401
"2024-03-22 15:00:00",2.9167747710247,-0.0696614715947304
"2024-03-22 16:00:00",3.00629810057232,0.18763210137256
"2024-03-22 17:00:00",3.43295686826733,0.561858730840462
"2024-03-22 18:00:00",3.895082290261,0.369254077491596
"2024-03-22 19:00:00",4.46107296970824,0.665231496782968
"2024-03-22 20:00:00",5.16342478993394,0.687974457782587
"2024-03-22 21:00:00",5.71916589814761,0.434525005622117
"2024-03-22 22:00:00",5.89278014209253,-0.015943051995413
"2024-03-22 23:00:00",5.76437347876416,-0.204872745080797
"2024-03-23 00:00:00",5.42382479748037,-0.422243067993518
"2024-03-23 01:00:00",5.02682815974962,-0.368290060815463
"2024-03-23 02:00:00",4.89745598937227,0.0295738632785776
"2024-03-23 03:00:00",4.87982390946684,-0.0545751518790777
"2024-03-23 04:00:00",4.71501776999398,-0.236748859866932
"2024-03-23 05:00:00",4.21865650579201,-0.651922256801764
"2024-03-23 06:00:00",3.45527786278795,-0.806842523925345
"2024-03-23 07:00:00",2.26317262467098,-1.39674708562265
"2024-03-23 08:00:00",0.312211451306459,-2.2306388773168
"2024-03-23 09:00:00",-1.65010020905791,-1.69058439960135
"2024-03-23 10:00:00",-2.91841624853327,-0.924412684965116
"2024-03-23 11:00:00",-3.89664220752305,-0.963855541062492
"2024-03-23 12:00:00",-4.83534842281053,-0.872312369459564
"2024-03-23 13:00:00",-4.86397474348941,0.541412647082494
"2024-03-23 14:00:00",-3.65041739230336,1.61024647448383
"2024-03-23 15:00:00",-3.32963226384139,-0.549380823166027
"2024-03-23 16:00:00",-3.58362633077445,-0.0407127084073109
"2024-03-23 17:00:00",-3.63837764959834,-0.0568906414008771
"2024-03-23 18:00:00",-3.6831483262418,-0.0298749653958856
"2024-03-23 19:00:00",-3.81319026429237,-0.185893192367944
"2024-03-23 20:00:00",-3.46631337114026,0.690481237301715
"2024-03-23 21:00:00",-2.97422167882085,0.340917027631205
"2024-03-23 22:00:00",-2.81399507981702,0.0359870543961442
"2024-03-23 23:00:00",-2.85033224077808,-0.0791996688351544
"2024-03-24 00:00:00",-2.89460164815581,-0.0152063806944026
"2024-03-24 01:00:00",-2.7202290895075,0.296200280150072
"2024-03-24 02:00:00",-2.48330869844835,0.189648103961182
"2024-03-24 03:00:00",-2.45587499047731,-0.0788110453390521
"2024-03-24 04:00:00",-2.53809331826123,-0.0774182190901667
"2024-03-24 05:00:00",-2.89745331895696,-0.526970877683483
"2024-03-24 06:00:00",-3.31005829553031,-0.313021962803261
"2024-03-24 07:00:00",-2.99879321050987,0.716923622214269
"2024-03-24 08:00:00",-2.43243487439526,0.442934423908982
"2024-03-24 09:00:00",-2.26007907220594,-0.0130827071731306
"2024-03-24 10:00:00",-2.85612514372467,-0.95344568806476
"2024-03-24 11:00:00",-4.38166987203827,-1.83076434351497
"2024-03-24 12:00:00",-5.42016557687491,-0.455330694997991
"2024-03-24 13:00:00",-6.44360888591331,-1.34656087707811
"2024-03-24 14:00:00",-6.01186102862438,1.60505379128553
"2024-03-24 15:00:00",-5.33051904845946,0.0409144446411558
"2024-03-24 16:00:00",-4.9569469437199,0.584457105232894
"2024-03-24 17:00:00",-4.49648524958426,0.362306141130164
"2024-03-24 18:00:00",-3.82532782813964,0.850955975170969
"2024-03-24 19:00:00",-2.9398058356164,0.871415479294506
"2024-03-24 20:00:00",-2.1566767825773,0.690846862612769
"2024-03-24 21:00:00",-1.69208657725998,0.294457040894585
"2024-03-24 22:00:00",-1.31751365379092,0.412363559494891
"2024-03-24 23:00:00",-0.76165698809449,0.626800909704533
"2024-03-25 00:00:00",-0.281828072458467,0.360029549386893
"2024-03-25 01:00:00",0.051675504895025,0.300335181837532
"2024-03-25 02:00:00",0.495381426934757,0.518133590156542
"2024-03-25 03:00:00",0.823077712152405,0.184529965647593
"2024-03-25 04:00:00",0.704438891884437,-0.316170900282529
"2024-03-25 05:00:00",0.42043622253572,-0.249969657300867
"2024-03-25 06:00:00",-0.0619629538426611,-0.614968042273623
"2024-03-25 07:00:00",-0.711265024531936,-0.64125677365601
"2024-03-25 08:00:00",-1.49851737486142,-0.846254830199764
"2024-03-25 09:00:00",-2.24144294497528,-0.636806233085762
"2024-03-25 10:00:00",-2.81594791387465,-0.502783074663299
"2024-03-25 11:00:00",-3.3135424645276,-0.466861601705525
"2024-03-25 12:00:00",-3.10111676855872,0.659451720267717
"2024-03-25 13:00:00",-2.36565720451248,0.755178122830341
"2024-03-25 14:00:00",-1.75159595352627,0.493853506945808
"2024-03-25 15:00:00",-1.49430311786514,0.0896190971115705
"2024-03-25 16:00:00",-1.46293227194794,-0.00702583481908174
"2024-03-25 17:00:00",-2.22919090143004,-1.23410802093108
"2024-03-25 18:00:00",-2.98456593209793,-0.397457639251158
"2024-03-25 19:00:00",-2.71618146518689,0.703364139223075
"2024-03-25 20:00:00",-3.64579062337005,-1.97056512434286
"2024-03-25 21:00:00",-4.70881214957936,-0.402790642493725
"2024-03-25 22:00:00",-4.7810529702558,0.15762259291769
"2024-03-25 23:00:00",-4.98554982258507,-0.430027330412615
"2024-03-26 00:00:00",-5.50050950333888,-0.540685379324722
"2024-03-26 01:00:00",-5.18214553323083,0.883013333192812
"2024-03-26 02:00:00",-4.61238677713918,0.340529023173107
"2024-03-26 03:00:00",-4.30759163621747,0.272432787942245
"2024-03-26 04:00:00",-4.1531420949235,0.074006774528542
"2024-03-26 05:00:00",-4.18368225562078,-0.0934339692631486
"2024-03-26 06:00:00",-3.86458800154025,0.584336339856236
"2024-03-26 07:00:00",-2.75644593228193,1.40966167610409
"2024-03-26 08:00:00",-1.39033947677432,1.27570557635179
"2024-03-26 09:00:00",-0.240173503277977,1.01361075783452
"2024-03-26 10:00:00",0.67955587079351,0.813747381123503
"2024-03-26 11:00:00",1.47769148544253,0.74892538220316
"2024-03-26 12:00:00",2.20076498870189,0.669575073817357
"2024-03-26 13:00:00",2.54121731179143,0.102026894590035
"2024-03-26 14:00:00",2.62680615246768,0.067288595121859
"2024-03-26 15:00:00",2.96963832896373,0.506848735404105
"2024-03-26 16:00:00",3.24404354316919,0.102579264790948
"2024-03-26 17:00:00",2.73731263278665,-0.893031557947979
"2024-03-26 18:00:00",1.72635515750102,-1.04506066378782
"2024-03-26 19:00:00",1.57962503614795,0.456894726828751
"2024-03-26 20:00:00",1.77027274687455,0.00205774693736091
"2024-03-26 21:00:00",1.60160107000553,-0.276755364091691
"2024-03-26 22:00:00",1.83197383021823,0.555441477598877
"2024-03-26 23:00:00",2.33252514546101,0.437811942216111
"2024-03-27 00:00:00",2.55821000088952,0.0705391079901318
"2024-03-27 01:00:00",2.72198570655587,0.214853371803356
"2024-03-27 02:00:00",2.36294759139336,-0.728072248460218
"2024-03-27 03:00:00",1.83643079009393,-0.370173919457816
"2024-03-27 04:00:00",1.40204366059199,-0.458919831821451
"2024-03-27 05:00:00",0.899980827010409,-0.508773312593192
"2024-03-27 06:00:00",0.870240705837232,0.289863459410412
"2024-03-27 07:00:00",1.52283550678604,0.862279332158733
"2024-03-27 08:00:00",2.84313926732996,1.56094591062328
"2024-03-27 09:00:00",4.23442714023535,1.20840766475289
"2024-03-27 10:00:00",5.32002939166391,0.946689774758739
"2024-03-27 11:00:00",6.28792476405964,0.929183065742133
"2024-03-27 12:00:00",7.17032236249556,0.801174255157597
"2024-03-27 13:00:00",7.81066775721979,0.493459519807357
"2024-03-27 14:00:00",8.02423539013674,0.00676280793231612
"2024-03-27 15:00:00",8.06873760543617,0.0572066832913782
"2024-03-27 16:00:00",7.78540639836828,-0.5072862515297
"2024-03-27 17:00:00",6.81088190539354,-1.24973484976058
"2024-03-27 18:00:00",5.49518720814799,-1.30592269174362
"2024-03-27 19:00:00",5.12650844688759,0.266578263059078
"2024-03-27 20:00:00",5.63070803849918,0.632045894818843
"2024-03-27 21:00:00",6.11777583344861,0.360016508382211
"2024-03-27 22:00:00",6.47172751054417,0.325205629114876
"2024-03-27 23:00:00",6.3274663678643,-0.458717941086245
"2024-03-28 00:00:00",5.94219280552395,-0.326157064735472
"2024-03-28 01:00:00",5.51190842661114,-0.486911661143521
"2024-03-28 02:00:00",5.1399193182264,-0.284801306679894
"2024-03-28 03:00:00",5.20470517224477,0.28813816024426
"2024-03-28 04:00:00",5.46569281506511,0.223778878493767
"2024-03-28 05:00:00",5.60061149807224,0.0622252373926955
"2024-03-28 06:00:00",4.41370157565792,-1.9704683403565
"2024-03-28 07:00:00",2.89209729278147,-1.15574845735536
"2024-03-28 08:00:00",1.15963551868978,-2.03833209099192
"2024-03-28 09:00:00",-0.122315415864202,-0.71828217426806
"2024-03-28 10:00:00",-0.0694977291928273,0.564523320149782
"2024-03-28 11:00:00",0.906631812445468,1.20423355508873
"2024-03-28 12:00:00",2.45918343745056,1.70981520771773
"2024-03-28 13:00:00",2.88331130276915,-0.456305711904948
"2024-03-28 14:00:00",2.88350709361399,0.300800253346715
"2024-03-28 15:00:00",2.03531891883419,-1.57757782477005
"2024-03-28 16:00:00",1.26442459679336,-0.199104714870154
"2024-03-28 17:00:00",1.11176330414164,-0.116074500287458
"2024-03-28 18:00:00",1.30156141151308,0.383258033437569
"2024-03-28 19:00:00",1.2498147380443,-0.340963125043601
"2024-03-28 20:00:00",0.954609771303297,-0.252282599291079
"2024-03-28 21:00:00",0.735402065517829,-0.187971646371155
"2024-03-28 22:00:00",0.682930119127306,0.0394054566251737
"2024-03-28 23:00:00",1.29735268285786,0.967683833210149
"2024-03-29 00:00:00",1.79397021458075,0.157307932426963
"2024-03-29 01:00:00",1.67452069114121,-0.30058691159754
"2024-03-29 02:00:00",1.23077405498007,-0.520256063759594
"2024-03-29 03:00:00",1.0772814900384,0.0967201974613214
"2024-03-29 04:00:00",1.2049321351344,0.140816537977543
"2024-03-29 05:00:00",0.856076313707272,-0.660273806562035
"2024-03-29 06:00:00",0.731684514571753,0.23766471329076
"2024-03-29 07:00:00",1.10529214914714,0.445538276065807
"2024-03-29 08:00:00",1.93550023524804,1.0457750602365
"2024-03-29 09:00:00",2.12716865099416,-0.389328422152357
"2024-03-29 10:00:00",1.61102721175387,-0.578896371822519
"2024-03-29 11:00:00",1.04885574393463,-0.526383656213289
"2024-03-29 12:00:00",0.801229087987789,-0.0513762897859349
"2024-03-29 13:00:00",1.51008699254739,1.18095519790303
"2024-03-29 14:00:00",2.72653128270968,1.18035274260777
"2024-03-29 15:00:00",3.95101840591157,1.19220930866693
"2024-03-29 16:00:00",4.49939996082155,0.0880203065357804
"2024-03-29 17:00:00",4.36070812807296,-0.289038063533568
"2024-03-29 18:00:00",4.33736591520679,0.14927537633663
"2024-03-29 19:00:00",4.34383272507869,-0.0946337006238039
"2024-03-29 20:00:00",4.88090983056356,0.92709151845663
"2024-03-29 21:00:00",4.65774652535368,-0.985671829145684
"2024-03-29 22:00:00",4.31113282868778,0.0898867620106988
"2024-03-29 23:00:00",5.35547821847251,1.62545845279898
"2024-03-30 00:00:00",5.31805656991139,-1.15111242938722
"2024-03-30 01:00:00",4.11494057371093,-1.18746598020448
"2024-03-30 02:00:00",4.46672804693791,1.35591988013005
"2024-03-30 03:00:00",5.1211368298496,0.149889735606478
"2024-03-30 04:00:00",4.94060601325723,-0.398827825956448
"2024-03-30 05:00:00",4.38322766507512,-0.642957091457635
"2024-03-30 06:00:00",4.15933849332823,0.0604755784330565
"2024-03-30 07:00:00",4.76983765892847,0.942805122880617
"2024-03-30 08:00:00",6.31049379602904,1.85985935858278
"2024-03-30 09:00:00",8.30983954485889,1.98919580343933
"2024-03-30 10:00:00",10.2214171675979,1.75828808097604
"2024-03-30 11:00:00",11.6680626904327,1.15697239168338
"2024-03-30 12:00:00",12.6680886868951,0.832840828305964
"2024-03-30 13:00:00",13.1215743621611,0.162713124864171
"2024-03-30 14:00:00",13.3624502993258,0.264628924210639
"2024-03-30 15:00:00",13.528873054023,0.0758259845379717
"2024-03-30 16:00:00",12.9205337012561,-1.05296721653177
"2024-03-30 17:00:00",11.5156296264501,-1.58941388426715
"2024-03-30 18:00:00",10.0154293341799,-1.38427600662894
"2024-03-30 19:00:00",8.99678202335917,-0.739399342085242
"2024-03-30 20:00:00",8.51880181014946,-0.292583642744246
"2024-03-30 21:00:00",8.49288220833364,0.142107811093861
"2024-03-30 22:00:00",8.18149557859448,-0.609858142993081
"2024-03-30 23:00:00",6.84365655981461,-1.77012078500522
"2024-03-31 00:00:00",6.0451692694155,-0.121617684390366
"2024-03-31 01:00:00",6.42944335807496,0.695479330970128
"2024-03-31 02:00:00",5.92533013849165,-1.28815787944671
"2024-03-31 03:00:00",5.42515830959324,0.0412758105521873
"2024-03-31 04:00:00",4.45347944149281,-1.60778784768708
"2024-03-31 05:00:00",3.01719089639582,-1.25944483587548
"2024-03-31 06:00:00",3.04233081088228,0.876432694532213
"2024-03-31 07:00:00",4.2514910481774,1.36959599659111
"2024-03-31 08:00:00",5.6645978942726,1.36948520668729
"2024-03-31 09:00:00",6.88081228698192,1.04894247558321
"2024-03-31 10:00:00",7.98738607494287,1.08354375327095
"2024-03-31 11:00:00",8.92990440454034,0.793422594216071
"2024-03-31 12:00:00",9.61394657508604,0.567110841001597
"2024-03-31 13:00:00",9.79825709807235,-0.0920321807761626
"2024-03-31 14:00:00",9.74032502733744,-0.0450721451516297
"2024-03-31 15:00:00",9.61379021304439,-0.187380829396999
"2024-03-31 16:00:00",9.47217370494819,-0.116766239271962
"2024-03-31 17:00:00",8.40346591978443,-1.66474624539731
"2024-03-31 18:00:00",6.40267925897076,-2.14056238955901
"2024-03-31 19:00:00",4.87780647685092,-1.05020947501887
"2024-03-31 20:00:00",4.44974170182471,0.000747187261686655
"2024-03-31 21:00:00",4.74104802193295,0.465432526148059
"2024-03-31 22:00:00",5.16088478042968,0.363380427341108
"2024-03-31 23:00:00",5.24627681801732,-0.110638490052608
"2024-04-01 00:00:00",5.11385707749081,-0.147408157138218
"2024-04-01 01:00:00",5.12140788096517,0.10390652697359
"2024-04-01 02:00:00",4.99170827120033,-0.285870582486911
"2024-04-01 03:00:00",4.89386041157827,0.0257158764413743
"2024-04-01 04:00:00",5.07994799991857,0.277851285162551
"2024-04-01 05:00:00",5.31532474224036,0.189329908886648
"2024-04-01 06:00:00",5.85677686492252,0.743617534359354
"2024-04-01 07:00:00",6.59047324271674,0.684670587813837
"2024-04-01 08:00:00",6.58641776962424,-0.471498157597657
"2024-04-01 09:00:00",6.57784558466812,0.291960026747549
"2024-04-01 10:00:00",7.73931597163041,1.67746564850445
"2024-04-01 11:00:00",9.44761896836422,1.63771057200216
"2024-04-01 12:00:00",10.1210069143944,-0.0136560562698925
"2024-04-01 13:00:00",9.51269425423915,-0.988878951002418
"2024-04-01 14:00:00",9.57016100879068,0.740029962524285
"2024-04-01 15:00:00",8.99894755543918,-1.43054931983659
"2024-04-01 16:00:00",6.89885679596247,-2.45824521271804
"2024-04-01 17:00:00",4.86011637727354,-1.67108548790664
"2024-04-01 18:00:00",3.79503875125512,-0.616730137265846
"2024-04-01 19:00:00",4.07371159718257,0.857465448708147
"2024-04-01 20:00:00",4.37314574847852,-0.0920587080575808
"2024-04-01 21:00:00",4.52291884646586,0.298239237779627
"2024-04-01 22:00:00",4.79563070480671,0.236906587411719
"2024-04-01 23:00:00",5.05393268751809,0.254111365333395
"2024-04-02 00:00:00",5.14043910924505,-0.0358515230508893
"2024-04-02 01:00:00",5.30769186872876,0.288081633704193
"2024-04-02 02:00:00",5.50727399063184,0.12425996229162
"2024-04-02 03:00:00",5.31568118071673,-0.400150046034548
"2024-04-02 04:00:00",4.5519110899339,-0.976735254482741
"2024-04-02 05:00:00",3.81879837131839,-0.541728968854808
"2024-04-02 06:00:00",3.58391192886287,-0.024087451599187
"2024-04-02 07:00:00",3.8562577059727,0.452404678128281
"2024-04-02 08:00:00",3.92807133730774,-0.190291137057168
"2024-04-02 09:00:00",3.52175267665571,-0.536088268347075
"2024-04-02 10:00:00",3.16601355379292,-0.223142013098491
"2024-04-02 11:00:00",2.82115691453557,-0.413690696649454
"2024-04-02 12:00:00",2.59941381570064,-0.0868784385577848
"2024-04-02 13:00:00",1.64967556924456,-1.48318703316651
"2024-04-02 14:00:00",0.919544561694068,-0.195532555375555
"2024-04-02 15:00:00",1.27571509744692,0.705856460780467
"2024-04-02 16:00:00",1.9433315599308,0.608754975291501
"2024-04-02 17:00:00",2.24120143403916,0.0739578912353412
"2024-04-02 18:00:00",2.42120518434954,0.239258129248737
"2024-04-02 19:00:00",2.46725922146896,-0.0880549255637486
"2024-04-02 20:00:00",2.56663648355382,0.216428297704211
"2024-04-02 21:00:00",2.67487710037039,0.027665834751868
"2024-04-02 22:00:00",2.84822528916823,0.258783886300047
"2024-04-02 23:00:00",3.08602590285779,0.208841658818154
"2024-04-03 00:00:00",3.58612844168287,0.66653198452993
"2024-04-03 01:00:00",3.97449525260845,0.17985048705385
"2024-04-03 02:00:00",4.52332996262156,0.76361824227618
"2024-04-03 03:00:00",4.81945367187173,-0.0354343940449504
"2024-04-03 04:00:00",4.56929584925364,-0.387627342378367
"2024-04-03 05:00:00",4.15780294532332,-0.413737105687522
"2024-04-03 06:00:00",3.34357478891839,-1.04788380338244
"2024-04-03 07:00:00",2.32623623908301,-0.952940633766808
"2024-04-03 08:00:00",1.35324125684271,-0.94312580354843
"2024-04-03 09:00:00",-0.00166092560678333,-1.56677482614919
"2024-04-03 10:00:00",-0.807899132495978,-0.260908306405809
"2024-04-03 11:00:00",-1.23861721618082,-0.522414185712194
"2024-04-03 12:00:00",-1.64928955966036,-0.3150680791753
"2024-04-03 13:00:00",-1.5813841187127,0.322115247979487
"2024-04-03 14:00:00",-1.34559129661117,0.169078552692488
"2024-04-03 15:00:00",-0.844202036363722,0.700834213328893
"2024-04-03 16:00:00",-0.614732685065864,-0.0945849770858807
"2024-04-03 17:00:00",-0.400332118699308,0.410991410046083
"2024-04-03 18:00:00",0.253299568336351,0.784844844855638
"2024-04-03 19:00:00",1.27962847938378,1.13821867522912
"2024-04-03 20:00:00",2.49964037098747,1.21491667582128
"2024-04-03 21:00:00",3.07922010108787,0.12526664688091
"2024-04-03 22:00:00",3.47184170591007,0.548230233481027
"2024-04-03 23:00:00",3.657138369142,-0.069933937142551
"2024-04-04 00:00:00",3.52031577979459,-0.179625121156628
"2024-04-04 01:00:00",4.02298178701943,0.929096438444634
"2024-04-04 02:00:00",4.71651586346139,0.498354867058983
"2024-04-04 03:00:00",4.88118247852149,-0.0716909912534476
"2024-04-04 04:00:00",4.8440523751958,-0.0186153728493093
"2024-04-04 05:00:00",4.54401038286071,-0.479640788152888
"2024-04-04 06:00:00",4.05484735766498,-0.478121755333724
"2024-04-04 07:00:00",3.88093527137641,0.031930062104406
"2024-04-04 08:00:00",4.06195636374905,0.266810469506503
"2024-04-04 09:00:00",4.34505896901778,0.275276772317174
"2024-04-04 10:00:00",4.12850790059042,-0.539739407412696
"2024-04-04 11:00:00",3.72839732838086,-0.29333323628933
"2024-04-04 12:00:00",2.40009879492782,-1.95994823448606
"2024-04-04 13:00:00",1.01073825133092,-0.946046419110901
"2024-04-04 14:00:00",0.643196276321393,0.0342840580608297
"2024-04-04 15:00:00",0.440693208420226,-0.351564486729465
"2024-04-04 16:00:00",1.47830227527097,1.9138347169821
"2024-04-04 17:00:00",2.56759100911742,0.485933473007723
"2024-04-04 18:00:00",2.53104428617315,-0.386432873159675
"2024-04-04 19:00:00",2.94574652111816,0.925815399039563
"2024-04-04 20:00:00",3.73296034155474,0.653610559676795
"2024-04-04 21:00:00",4.17064131939377,0.268121762397845
"2024-04-04 22:00:00",4.43825770098386,0.249188238061493
"2024-04-04 23:00:00",4.44356090609935,-0.163255191837805
"2024-04-05 00:00:00",4.43030482866295,0.0816456081729314
"2024-04-05 01:00:00",4.90088819223579,0.701800125298139
"2024-04-05 02:00:00",5.15057481218466,-0.0698974975504286
"2024-04-05 03:00:00",5.16576422090961,0.0645542544509735
"2024-04-05 04:00:00",5.02752982177069,-0.273512320200704
"2024-04-05 05:00:00",4.69358302761038,-0.364845278187113
"2024-04-05 06:00:00",4.68661669751962,0.225898505592367
"2024-04-05 07:00:00",5.22304078042708,0.71190795220948
"2024-04-05 08:00:00",5.97149122147427,0.730515416813528
"2024-04-05 09:00:00",6.48405999392892,0.335221690393389
"2024-04-05 10:00:00",6.46516959572956,-0.262418803711811
"2024-04-05 11:00:00",6.33961857568185,-0.0366722595563765
"2024-04-05 12:00:00",7.01065387165361,1.10277598373197
"2024-04-05 13:00:00",7.6551616050503,0.299340241555608
"2024-04-05 14:00:00",8.04395202524228,0.420083385403393
"2024-04-05 15:00:00",8.33484471054557,0.180578573354019
"2024-04-05 16:00:00",7.73829829921732,-1.09701371603822
"2024-04-05 17:00:00",7.55929607993016,0.431529628818527
"2024-04-05 18:00:00",8.07040876545646,0.530138537164301
"2024-04-05 19:00:00",8.6191772017664,0.524711542079724
"2024-04-05 20:00:00",8.7805319011552,-0.0996532052224354
"2024-04-05 21:00:00",8.64789785467872,-0.159632772716275
"2024-04-05 22:00:00",8.53961703853026,-0.0800449661048661
"2024-04-05 23:00:00",8.25088326814247,-0.425140957397442
"2024-04-06 00:00:00",7.84405761764673,-0.385915611219277
"2024-04-06 01:00:00",7.88538756395057,0.314083710406344
"2024-04-06 02:00:00",7.9455516891335,-0.12213277235788
"2024-04-06 03:00:00",7.93690513690564,0.0571819237452522
"2024-04-06 04:00:00",7.96046519880895,-0.0102011540263024
"2024-04-06 05:00:00",7.51924509854079,-0.717852530533276
"2024-04-06 06:00:00",7.29410674401033,0.104341371535046
"2024-04-06 07:00:00",7.62779343878743,0.46132525993869
"2024-04-06 08:00:00",8.04445761848918,0.357261874278833
"2024-04-06 09:00:00",8.26756125480501,0.1126985289901
"2024-04-06 10:00:00",9.27285405694596,1.54192117692288
"2024-04-06 11:00:00",10.2864042883169,0.601196676088261
"2024-04-06 12:00:00",10.8114820869797,0.436126363234214
"2024-04-06 13:00:00",11.4228739059283,0.685248905209786
"2024-04-06 14:00:00",11.8697305534995,0.251977357092397
"2024-04-06 15:00:00",12.1084058297942,0.203170393553005
"2024-04-06 16:00:00",12.1913595832241,-0.0167340661314067
"2024-04-06 17:00:00",11.5557464396995,-1.03369802298404
"2024-04-06 18:00:00",10.3391767815563,-1.29556209633544
"2024-04-06 19:00:00",9.78182128968329,-0.0520639212810785
"2024-04-06 20:00:00",10.0621164959093,0.475939950644348
"2024-04-06 21:00:00",10.4566664014201,0.308576035558331
"2024-04-06 22:00:00",10.5199768647644,-0.116680040436212
"2024-04-06 23:00:00",10.2163334188307,-0.427410663529533
"2024-04-07 00:00:00",9.67866660632778,-0.598784810270123
"2024-04-07 01:00:00",9.75138808906713,0.504457208677247
"2024-04-07 02:00:00",9.94428244246485,-0.0365425162840573
"2024-04-07 03:00:00",10.2141285487057,0.448464661232895
"2024-04-07 04:00:00",10.4986767437726,0.148588969968152
"2024-04-07 05:00:00",10.4318281167887,-0.220823208225622
"2024-04-07 06:00:00",10.5475170486607,0.321086692917284
"2024-04-07 07:00:00",11.382138745234,1.12372040517879
"2024-04-07 08:00:00",12.6588351990021,1.30334399226431
"2024-04-07 09:00:00",13.6543098072877,0.726615389635368
"2024-04-07 10:00:00",13.667051271404,-0.481366788664667
"2024-04-07 11:00:00",12.9700961726168,-0.825170652872354
"2024-04-07 12:00:00",12.3490479104262,-0.472170364835408
"2024-04-07 13:00:00",12.2046919891332,0.0651301166304639
"2024-04-07 14:00:00",12.1716256604754,-0.11268514077489
"2024-04-07 15:00:00",12.1916094317609,0.0917942971935249
"2024-04-07 16:00:00",12.2847516118118,0.0739046420564041
"2024-04-07 17:00:00",11.7637047026056,-0.908744832704888
"2024-04-07 18:00:00",10.1812372707789,-1.97156905942951
"2024-04-07 19:00:00",9.49271396741482,0.18642475625482
"2024-04-07 20:00:00",10.2993598778455,1.16955612268015
"2024-04-07 21:00:00",11.2463460235546,0.740336786968594
"2024-04-07 22:00:00",11.1287984115909,-0.69836707870381
"2024-04-07 23:00:00",10.2698874926188,-0.939463962308838
"2024-04-08 00:00:00",9.91296589360386,0.0351603618140708
"2024-04-08 01:00:00",10.9743295497297,1.68227849323095
"2024-04-08 02:00:00",12.12767713257,0.731785129779871
"2024-04-08 03:00:00",11.315391920531,-1.8186764334791
"2024-04-08 04:00:00",10.0961054827776,-0.776341121520163
"2024-04-08 05:00:00",9.55973791046149,-0.363909866845151
"2024-04-08 06:00:00",9.26053414256805,-0.254167763988407
"2024-04-08 07:00:00",9.53040525417408,0.594467268452847
"2024-04-08 08:00:00",10.4343994443928,1.05510392032635
"2024-04-08 09:00:00",10.9009196728361,0.0385232728843672
"2024-04-08 10:00:00",11.2691587606471,0.556500551611445
"2024-04-08 11:00:00",12.093446452329,0.949118422595248
"2024-04-08 12:00:00",13.0282495596934,0.865254920005135
"2024-04-08 13:00:00",14.5201738798953,1.82201342510474
"2024-04-08 14:00:00",15.8316235542869,0.890049718048864
"2024-04-08 15:00:00",16.084904227439,-0.20366114074957
"2024-04-08 16:00:00",15.596888939508,-0.675118278456532
"2024-04-08 17:00:00",15.9063350408695,0.931008491958418
"2024-04-08 18:00:00",13.4156899768864,-4.67385184180767
"2024-04-08 19:00:00",10.9155923462637,-0.94943702981461
"2024-04-08 20:00:00",10.5266182741478,-0.0109204056466938
"2024-04-08 21:00:00",10.9879577598597,0.740686978901755
"2024-04-08 22:00:00",10.8404033511875,-0.746852663923332
"2024-04-08 23:00:00",10.3269362806029,-0.347448577536424
"2024-04-09 00:00:00",10.1692175103716,-0.037046921518668
"2024-04-09 01:00:00",10.3303404281373,0.272473442962809
"2024-04-09 02:00:00",10.4808015128514,0.0486594423253634
"2024-04-09 03:00:00",10.5956637604911,0.140033009454111
"2024-04-09 04:00:00",10.6209507284465,-0.0660642461046452
"2024-04-09 05:00:00",10.4338127855873,-0.272645811875581
"2024-04-09 06:00:00",10.9058755327561,0.932649640261609
"2024-04-09 07:00:00",11.8945824092885,0.9650417564095
"2024-04-09 08:00:00",12.7109643697499,0.663155852627293
"2024-04-09 09:00:00",13.3461076711347,0.569907688236886
"2024-04-09 10:00:00",14.1147012732655,0.847327827958292
"2024-04-09 11:00:00",15.0869985348702,0.991217724983048
"2024-04-09 12:00:00",16.0112871338238,0.816307295374511
"2024-04-09 13:00:00",16.0765966789844,-0.459082697709425
"2024-04-09 14:00:00",14.3414585124232,-2.5240910088337
"2024-04-09 15:00:00",12.315164922836,-1.6166264274589
"2024-04-09 16:00:00",10.9174190429827,-1.20127726447955
"2024-04-09 17:00:00",9.66228394537269,-1.24546463810026
"2024-04-09 18:00:00",7.18687002653602,-3.19018693875776
"2024-04-09 19:00:00",5.36695997216475,-0.82918759282706
"2024-04-09 20:00:00",5.37628137813346,0.560959163671988
"2024-04-09 21:00:00",5.72615055844364,0.185591493135073
"2024-04-09 22:00:00",5.83611623540108,0.046945127777421
"2024-04-09 23:00:00",6.02102995642787,0.260583852647145
"2024-04-10 00:00:00",6.20235336525574,0.112108961668023
"2024-04-10 01:00:00",6.03969352034765,-0.346098785927796
"2024-04-10 02:00:00",6.08252930028963,0.292302854319828
"2024-04-10 03:00:00",6.21870613683472,0.0177856282761697
"2024-04-10 04:00:00",6.04516631952263,-0.300854854528658
"2024-04-10 05:00:00",5.43192550865054,-0.80014355922871
"2024-04-10 06:00:00",4.62759921506647,-0.775893223087669
"2024-04-10 07:00:00",3.78155981891182,-0.858562576637461
"2024-04-10 08:00:00",3.00764445171419,-0.68558178923555
"2024-04-10 09:00:00",2.42669421302529,-0.487466306853046
"2024-04-10 10:00:00",1.99424306983627,-0.378352214872151
"2024-04-10 11:00:00",1.51530704319606,-0.525801808007244
"2024-04-10 12:00:00",0.841281028811136,-0.742763816046783
"2024-04-10 13:00:00",0.352832832441719,-0.296780643708958
"2024-04-10 14:00:00",0.0585153223891429,-0.279144328668395
"2024-04-10 15:00:00",0.248878715312627,0.494241898946251
"2024-04-10 16:00:00",0.736520617553499,0.459748845059173
"2024-04-10 17:00:00",1.04543683721945,0.192734259038113
"2024-04-10 18:00:00",-0.274294066545507,-2.26665834246031
"2024-04-10 19:00:00",-0.526571035664844,1.1029627306662
"2024-04-10 20:00:00",0.45385653469526,0.852828094088655
"2024-04-10 21:00:00",1.18639579864976,0.616953434093581
"2024-04-10 22:00:00",1.38022875949754,-0.098982186729749
"2024-04-10 23:00:00",1.25934735649978,-0.131514983826079
"2024-04-11 00:00:00",0.744918613486344,-0.746877731965681
"2024-04-11 01:00:00",0.153909990120866,-0.459973190485692
"2024-04-11 02:00:00",-0.0594850649249163,-0.0390703431334694
"2024-04-11 03:00:00",0.00983617324591296,0.138363621925417
"2024-04-11 04:00:00",0.125480911771135,0.0949910338898628
"2024-04-11 05:00:00",0.202381930794799,0.0610252319011806
"2024-04-11 06:00:00",0.752638470786457,0.849996604417503
"2024-04-11 07:00:00",1.81114597866808,1.1462429831302
"2024-04-11 08:00:00",3.10107875681653,1.32209374360948
"2024-04-11 09:00:00",4.12252092355897,0.768476859788602
"2024-04-11 10:00:00",4.51951884920092,0.125172142016744
"2024-04-11 11:00:00",3.86098034606223,-1.1555339372669
"2024-04-11 12:00:00",3.24054153166263,-0.239207153741058
"2024-04-11 13:00:00",3.07052224138599,-0.119991368283658
"2024-04-11 14:00:00",2.69596044477266,-0.530430271349051
"2024-04-11 15:00:00",2.391559895447,-0.142725700593709
"2024-04-11 16:00:00",2.49364326996119,0.257353974694311
"2024-04-11 17:00:00",2.77103907527052,0.274361831545382
"2024-04-11 18:00:00",2.63301737303176,-0.409951455362534
"2024-04-11 19:00:00",2.14951632323992,-0.512950519193279
"2024-04-11 20:00:00",2.16174734447822,0.3589950598606
"2024-04-11 21:00:00",3.18669494120065,1.41741797773453
"2024-04-11 22:00:00",4.81992655174902,1.69538845518439
"2024-04-11 23:00:00",5.96817993237095,0.72272763346794
"2024-04-12 00:00:00",6.32003985455114,0.0802082343170199
"2024-04-12 01:00:00",6.48255397898081,0.201517247374829
"2024-04-12 02:00:00",6.97314285173121,0.651634172051605
"2024-04-12 03:00:00",7.5589767662682,0.50514380541094
"2024-04-12 04:00:00",7.7585608938003,-0.0233434536399595
"2024-04-12 05:00:00",7.53919529067793,-0.349618361569956
"2024-04-12 06:00:00",7.17683173887748,-0.363355892769953
"2024-04-12 07:00:00",6.92046763149918,-0.182103233170566
"2024-04-12 08:00:00",6.53934797632512,-0.50460214963316
"2024-04-12 09:00:00",6.11061745275908,-0.366203871297718
"2024-04-12 10:00:00",5.74020496042446,-0.363490543749049
"2024-04-12 11:00:00",5.74020813775382,0.23493127272233
"2024-04-12 12:00:00",5.95055941398953,0.176572324357427
"2024-04-12 13:00:00",6.05518201622292,0.0440174681817583
"2024-04-12 14:00:00",6.26171099204097,0.297251343450302
"2024-04-12 15:00:00",6.83741036577924,0.725902577091438
"2024-04-12 16:00:00",7.27494505358865,0.215690654866747
"2024-04-12 17:00:00",7.23523007412997,-0.217469755232494
"2024-04-12 18:00:00",7.39209999719556,0.389647844549679
"2024-04-12 19:00:00",7.5509551441704,-0.0120781718993066
"2024-04-12 20:00:00",7.88902721979165,0.545706530852645
"2024-04-12 21:00:00",7.97963075530231,-0.227264518638975
"2024-04-12 22:00:00",7.86019879018732,-0.0521519990004534
"2024-04-12 23:00:00",7.97074674111346,0.203630964479373
"2024-04-13 00:00:00",8.23349278031849,0.279398830130014
"2024-04-13 01:00:00",8.70034023327089,0.559017154433138
"2024-04-13 02:00:00",8.77315467784745,-0.265986530227554
"2024-04-13 03:00:00",8.33420771424338,-0.54469854065929
"2024-04-13 04:00:00",7.63912099672936,-0.77305315641102
"2024-04-13 05:00:00",7.00482741136235,-0.521491283580044
"2024-04-13 06:00:00",7.1147853830822,0.51666550096375
"2024-04-13 07:00:00",7.790424972331,0.740346482085267
"2024-04-13 08:00:00",8.46532845173157,0.589165861479244
"2024-04-13 09:00:00",8.5815215046763,-0.215546625221971
"2024-04-13 10:00:00",8.35419357705384,-0.235437630658434
"2024-04-13 11:00:00",8.62094125731024,0.578091370309336
"2024-04-13 12:00:00",9.07158263721299,0.333153060359352
"2024-04-13 13:00:00",9.28793040844881,0.116508586377656
"2024-04-13 14:00:00",9.29551463653373,-0.0773595671444312
"2024-04-13 15:00:00",9.14803154690153,-0.199201172154136
"2024-04-13 16:00:00",8.9891197276799,-0.136289430929425
"2024-04-13 17:00:00",8.87634219509101,-0.103327423451045
"2024-04-13 18:00:00",8.3617940151989,-0.775677732053247
"2024-04-13 19:00:00",8.37839415296662,0.533212653244639
"2024-04-13 20:00:00",9.02933670862619,0.687699095954542
"2024-04-13 21:00:00",9.86378435596836,0.880990780724755
"2024-04-13 22:00:00",10.6033420323235,0.597416799567868
"2024-04-13 23:00:00",11.1093809650675,0.407411319813809
"2024-04-14 00:00:00",11.4449323180971,0.257384834060574
"2024-04-14 01:00:00",12.5732152436422,1.64050866567909
"2024-04-14 02:00:00",13.4924717549388,0.37854560383658
"2024-04-14 03:00:00",13.5794097400839,-0.128981384057846
"2024-04-14 04:00:00",13.1254168664544,-0.666588454696454
"2024-04-14 05:00:00",11.8726681023291,-1.60089923459913
"2024-04-14 06:00:00",10.2671452562204,-1.54761085642038
"2024-04-14 07:00:00",8.06597657961279,-2.54549860012412
"2024-04-14 08:00:00",5.75458159407197,-2.05588632662582
"2024-04-14 09:00:00",4.60954610707206,-0.49081584092552
"2024-04-14 10:00:00",4.04261465234009,-0.596673961896161
"2024-04-14 11:00:00",3.22701780026243,-0.927995634953446
"2024-04-14 12:00:00",2.58871754552843,-0.41899997042766
"2024-04-14 13:00:00",2.02436916929834,-0.637764012897798
"2024-04-14 14:00:00",1.61549365004842,-0.239464861985051
"2024-04-14 15:00:00",1.38113817389651,-0.221894573025218
"2024-04-14 16:00:00",1.207027935998,-0.13576067522826
"2024-04-14 17:00:00",1.02700819236735,-0.202526238710541
"2024-04-14 18:00:00",0.531674566975432,-0.668320711643658
"2024-04-14 19:00:00",-0.228952276050162,-0.786703838181735
"2024-04-14 20:00:00",-0.703008553105995,-0.242806217818002
"2024-04-14 21:00:00",-0.0662657630236373,1.19374716531779
"2024-04-14 22:00:00",0.695632348579523,0.43788409218704
"2024-04-14 23:00:00",1.05380697888128,0.287119270632007
"2024-04-15 00:00:00",1.16133916037346,-0.0186583112399466
"2024-04-15 01:00:00",1.34996946679313,0.316360293800946
"2024-04-15 02:00:00",1.57208046727077,0.146985064035409
"2024-04-15 03:00:00",1.70663024182618,0.117840226909645
"2024-04-15 04:00:00",1.60287987621915,-0.248743934774981
"2024-04-15 05:00:00",0.915748743023284,-0.948797757520342
"2024-04-15 06:00:00",0.691692429291859,0.268563460517056
"2024-04-15 07:00:00",0.822106348526211,0.0312272850189869
"2024-04-15 08:00:00",0.725380938999376,-0.178488796776216
"2024-04-15 09:00:00",0.414656158444253,-0.385049893170464
"2024-04-15 10:00:00",-0.334647396116015,-0.957063123204731
"2024-04-15 11:00:00",-0.696709579060013,0.0522345901497383
"2024-04-15 12:00:00",-1.47948461004222,-1.30134395490963
"2024-04-15 13:00:00",-1.95408808643427,0.101006831844303
"2024-04-15 14:00:00",-1.66372835345296,0.405313187241
"2024-04-15 15:00:00",-1.51265420149622,-0.0234507455248396
"2024-04-15 16:00:00",-0.955181897083947,0.920206262646964
"2024-04-15 17:00:00",-0.271525483162775,0.494703111415801
"2024-04-15 18:00:00",-0.880655077640797,-1.31571028754675
"2024-04-15 19:00:00",-1.22494752677488,0.320803855946307
"2024-04-15 20:00:00",-0.905296786191296,0.305270874327164
"2024-04-15 21:00:00",-0.523755829654305,0.415422798656654
"2024-04-15 22:00:00",-1.24994047205831,-1.4520606628284
"2024-04-15 23:00:00",-2.1362282639304,-0.465385762154022
"2024-04-16 00:00:00",-2.63723187837197,-0.49818834358665
"2024-04-16 01:00:00",-2.71986063297282,0.201731077362665
"2024-04-16 02:00:00",-2.55344462148388,0.138469851040411
"2024-04-16 03:00:00",-2.32340391330297,0.283445884974903
"2024-04-16 04:00:00",-1.81408346521371,0.638692291595383
"2024-04-16 05:00:00",-1.76416417570894,-0.34262392012451
"2024-04-16 06:00:00",-2.42899563466239,-0.845767194524532
"2024-04-16 07:00:00",-3.30032915517752,-0.84384224758532
"2024-04-16 08:00:00",-4.9781864654473,-2.14987445900939
"2024-04-16 09:00:00",-6.44776910011528,-0.939813929502298
"2024-04-16 10:00:00",-6.17556305172484,1.07557921389589
"2024-04-16 11:00:00",-5.72153573227568,0.0260491142255621
"2024-04-16 12:00:00",-5.81767639406145,-0.165657846450545
"2024-04-16 13:00:00",-7.0619462243866,-1.89670879136093
"2024-04-16 14:00:00",-7.80944573902581,0.0632477370798942
"2024-04-16 15:00:00",-7.10030237808328,1.11609834303382
"2024-04-16 16:00:00",-6.14241596377201,0.816044850806717
"2024-04-16 17:00:00",-6.07813827529244,-0.432031288583465
"2024-04-16 18:00:00",-6.44729106516622,-0.30186033378216
"2024-04-16 19:00:00",-6.31326826127876,0.426545922067014
"2024-04-16 20:00:00",-5.836415955074,0.495864863409156
"2024-04-16 21:00:00",-5.55705433171181,0.129274266184412
"2024-04-16 22:00:00",-5.82442138963249,-0.511924228988286
"2024-04-16 23:00:00",-6.13929572996081,-0.161042019039732
"2024-04-17 00:00:00",-6.18617172645195,0.0393719851216626
"2024-04-17 01:00:00",-5.99758618644659,0.287069571400478
"2024-04-17 02:00:00",-5.65297850478812,0.374318701090686
"2024-04-17 03:00:00",-5.30489842530317,0.321331822735565
"2024-04-17 04:00:00",-5.4476803877572,-0.438565144247834
"2024-04-17 05:00:00",-5.57724432865367,0.0896100302071416
"2024-04-17 06:00:00",-5.46845874186446,0.123586466603101
"2024-04-17 07:00:00",-5.3306209997216,0.147835103060691
"2024-04-17 08:00:00",-5.3179182225688,-0.0711185294806926
"2024-04-17 09:00:00",-5.34985810072443,0.00254918979581533
"2024-04-17 10:00:00",-5.33998120959368,0.0211864030868935
"2024-04-17 11:00:00",-5.24504480013951,0.146472008323728
"2024-04-17 12:00:00",-5.11312174254647,0.122713764121437
"2024-04-17 13:00:00",-5.54633337899493,-0.776647617950364
"2024-04-17 14:00:00",-5.76876596386963,0.164754690352865
"2024-04-17 15:00:00",-5.47804701379601,0.368312532216187
"2024-04-17 16:00:00",-5.39529243173089,-0.104487622447811
"2024-04-17 17:00:00",-5.9895041839701,-0.88550007361016
"2024-04-17 18:00:00",-7.01451721830121,-1.06159409243181
"2024-04-17 19:00:00",-7.65509933612847,-0.320433287564538
"2024-04-17 20:00:00",-7.71344848310964,0.129007700416877
"2024-04-17 21:00:00",-7.41354915387708,0.409513647990703
"2024-04-17 22:00:00",-7.0375790503999,0.345295328136631
"2024-04-17 23:00:00",-7.02153172751185,-0.195141600206359
"2024-04-18 00:00:00",-7.24978643047708,-0.230435299511027
"2024-04-18 01:00:00",-7.32662143708954,0.038556650387747
"2024-04-18 02:00:00",-7.20382582632982,0.18255985199426
"2024-04-18 03:00:00",-7.18477240168683,-0.0815716048424447
"2024-04-18 04:00:00",-7.53220853242324,-0.498907942694809
"2024-04-18 05:00:00",-7.66548170043701,0.12651825282693
"2024-04-18 06:00:00",-6.98019314801469,1.03510902095266
"2024-04-18 07:00:00",-5.99499065300504,0.914110497538224
"2024-04-18 08:00:00",-5.43873592967499,0.298980493462847
"2024-04-18 09:00:00",-5.62240195385056,-0.489688905244974
"2024-04-18 10:00:00",-5.92574324515384,-0.157452063615861
"2024-04-18 11:00:00",-6.05258745406282,-0.0927758752715961
"2024-04-18 12:00:00",-5.83971064765426,0.414325383891167
"2024-04-18 13:00:00",-5.92809265118465,-0.411789712769865
"2024-04-18 14:00:00",-6.30452866664833,-0.327340370610192
"2024-04-18 15:00:00",-5.82901927998092,0.99626159496066
"2024-04-18 16:00:00",-5.06577054566035,0.579151613727229
"2024-04-18 17:00:00",-4.81485190890777,0.0267045900077771
"2024-04-18 18:00:00",-5.54484903382514,-1.19356301274492
"2024-04-18 19:00:00",-5.57698019421432,0.750815568078471
"2024-04-18 20:00:00",-5.02565220651452,0.399326237191862
"2024-04-18 21:00:00",-4.38460995109749,0.778197660176547
"2024-04-18 22:00:00",-4.35395439651586,-0.463504164609347
"2024-04-18 23:00:00",-4.63899441600809,-0.146910529486573
"2024-04-19 00:00:00",-4.03815829836047,1.07675189450349
"2024-04-19 01:00:00",-3.28913374728054,0.500153738117137
"2024-04-19 02:00:00",-2.53000909659119,0.899934254170701
"2024-04-19 03:00:00",-2.34921129182082,-0.303949624335486
"2024-04-19 04:00:00",-2.70819579997397,-0.375587913728209
"2024-04-19 05:00:00",-3.38475964151729,-0.841571418807462
"2024-04-19 06:00:00",-3.7249396816924,0.0146019498194694
"2024-04-19 07:00:00",-4.25932838946007,-0.870182541425523
"2024-04-19 08:00:00",-6.070625464432,-2.34713592946929
"2024-04-19 09:00:00",-8.04921232846326,-1.63104788439037
"2024-04-19 10:00:00",-8.99146183000111,-0.427911074239858
"2024-04-19 11:00:00",-9.78755926287566,-0.992134457631938
"2024-04-19 12:00:00",-10.5929538391861,-0.630019388480869
"2024-04-19 13:00:00",-11.0066347816255,-0.236149863968271
"2024-04-19 14:00:00",-10.9659548334659,0.23748005205427
"2024-04-19 15:00:00",-10.4792558406064,0.643845202157507
"2024-04-19 16:00:00",-9.52780659239254,1.12480641119014
"2024-04-19 17:00:00",-8.23565389105506,1.35459023245845
"2024-04-19 18:00:00",-7.56317427214922,0.196403528224704
"2024-04-19 19:00:00",-7.22799870398189,0.421507242886313
"2024-04-19 20:00:00",-6.40224436827198,1.06532249267209
"2024-04-19 21:00:00",-5.55745383994866,0.665877706267694
"2024-04-19 22:00:00",-5.04633075762885,0.3908281481504
"2024-04-19 23:00:00",-4.63454679495049,0.4126892400713
"2024-04-20 00:00:00",-3.98441648670986,0.783499959330811
"2024-04-20 01:00:00",-3.24511557774908,0.679838571407617
"2024-04-20 02:00:00",-2.79343258237421,0.282299806348521
"2024-04-20 03:00:00",-2.7537470310632,-0.120340777068297
"2024-04-20 04:00:00",-3.15676482031223,-0.568766331178998
"2024-04-20 05:00:00",-3.93616427373513,-0.87871480586414
"2024-04-20 06:00:00",-5.10474986154759,-1.30122694773617
"2024-04-20 07:00:00",-6.3068511231604,-1.07231755063539
"2024-04-20 08:00:00",-7.35870250599303,-0.980097219170688
"2024-04-20 09:00:00",-8.35626555121396,-0.952320785626242
"2024-04-20 10:00:00",-9.0257138591391,-0.438290244408073
"2024-04-20 11:00:00",-9.22481317004604,-0.0185498182465318
"2024-04-20 12:00:00",-9.2082107923322,0.0511348985063468
"2024-04-20 13:00:00",-9.04786457325674,0.237398645994636
"2024-04-20 14:00:00",-9.03905721763557,-0.132343741888721
"2024-04-20 15:00:00",-9.20662408323922,-0.171438191458399
"2024-04-20 16:00:00",-9.49800357252092,-0.345629220568245
"2024-04-20 17:00:00",-9.57384162893281,0.119862539927206
"2024-04-20 18:00:00",-9.58174601626922,-0.0803684763987815
"2024-04-20 19:00:00",-9.84699192958506,-0.363544142176225
"2024-04-20 20:00:00",-9.9767300161808,0.0449838427081771
"2024-04-20 21:00:00",-10.0400751799337,-0.119697187800355
"2024-04-20 22:00:00",-10.2212313321098,-0.200582081147061
"2024-04-20 23:00:00",-10.5055152753752,-0.313404216599328
"2024-04-21 00:00:00",-10.6187238305318,0.0391699212398134
"2024-04-21 01:00:00",-10.3177843438552,0.474832369546536
"2024-04-21 02:00:00",-9.96828070007928,0.262639836323718
"2024-04-21 03:00:00",-9.90664284986362,-0.0624451157458037
"2024-04-21 04:00:00",-10.1855371912871,-0.397172848353441
"2024-04-21 05:00:00",-10.2534922327433,0.167874003782434
"2024-04-21 06:00:00",-9.74085579206373,0.731326629864963
"2024-04-21 07:00:00",-9.10161833741641,0.560021580752366
"2024-04-21 08:00:00",-8.74321361177847,0.218692905421137
"2024-04-21 09:00:00",-8.47678605019634,0.296856128072847
"2024-04-21 10:00:00",-8.85490696966513,-0.799206795753458
"2024-04-21 11:00:00",-9.46686182996037,-0.446632251467526
"2024-04-21 12:00:00",-9.53032739360278,0.207189374974391
"2024-04-21 13:00:00",-9.25966154534354,0.312401652766482
"2024-04-21 14:00:00",-9.21594895337035,-0.125555654176224
"2024-04-21 15:00:00",-10.5510646046105,-2.06615587723535
"2024-04-21 16:00:00",-11.8921353359613,-0.780365933336507
"2024-04-21 17:00:00",-11.5501617180727,1.08926111987734
"2024-04-21 18:00:00",-10.9020111962497,0.338165554615848
"2024-04-21 19:00:00",-10.6851439505499,0.139745965941049
"2024-04-21 20:00:00",-10.4907644831965,0.235333228345729
"2024-04-21 21:00:00",-10.5214043971314,-0.192978001184485
"2024-04-21 22:00:00",-10.7698039705384,-0.259985039449807
"2024-04-21 23:00:00",-11.1817153148038,-0.479742149887461
"2024-04-22 00:00:00",-11.4423354772552,-0.087748095505919
"2024-04-22 01:00:00",-11.2017812997507,0.462732222154664
"2024-04-22 02:00:00",-11.0224414089301,-0.0036726849337404
"2024-04-22 03:00:00",-11.1934485991046,-0.260232018761293
"2024-04-22 04:00:00",-11.2402261794037,0.112169641963477
"2024-04-22 05:00:00",-10.8926599479133,0.502462620016834
"2024-04-22 06:00:00",-10.2211588816184,0.766318393282124
"2024-04-22 07:00:00",-9.70662380970036,0.335402927796907
"2024-04-22 08:00:00",-10.1014565636071,-0.850378197454849
"2024-04-22 09:00:00",-11.3082185312282,-1.3739858840123
"2024-04-22 10:00:00",-12.7238962106818,-1.36162792517913
"2024-04-22 11:00:00",-12.7161976707281,0.936597540400689
"2024-04-22 12:00:00",-12.2548141556531,0.13904091112114
"2024-04-22 13:00:00",-13.9229770643832,-2.7778835522429
"2024-04-22 14:00:00",-14.2618521794393,1.32114722861404
"2024-04-22 15:00:00",-12.8078881432442,1.49179340145386
"2024-04-22 16:00:00",-12.4367628124626,-0.377105530631818
"2024-04-22 17:00:00",-12.9259028944101,-0.524558939077895
"2024-04-22 18:00:00",-12.8475662618976,0.493193972546308
"2024-04-22 19:00:00",-13.2154140185407,-0.907830662146789
"2024-04-22 20:00:00",-13.073228745046,0.852456831966969
"2024-04-22 21:00:00",-12.8584278975703,-0.203657046058401
"2024-04-22 22:00:00",-12.3757490569313,0.933861086918287
"2024-04-22 23:00:00",-11.5875328394335,0.669613088172216
"2024-04-23 00:00:00",-10.8029455671007,0.838883993767723
"2024-04-23 01:00:00",-11.1965126942107,-1.18256462799182
"2024-04-23 02:00:00",-11.4035283552629,0.467604347626766
"2024-04-23 03:00:00",-10.8369501844266,0.620330710349053
"2024-04-23 04:00:00",-10.778877756824,-0.305555206484504
"2024-04-23 05:00:00",-10.5792500427093,0.540814066912448
"2024-04-23 06:00:00",-9.89669428782506,0.758246380397661
"2024-04-23 07:00:00",-9.39450459439717,0.320377227866622
"2024-04-23 08:00:00",-9.26896953067428,0.00178285638725539
"2024-04-23 09:00:00",-9.38430102274517,-0.1759819719148
"2024-04-23 10:00:00",-9.43192166583781,0.0523076008261732
"2024-04-23 11:00:00",-9.04776908425663,0.599278077107843
"2024-04-23 12:00:00",-9.02006247722612,-0.342992280319329
"2024-04-23 13:00:00",-9.36033818166747,-0.310671788480889
"2024-04-23 14:00:00",-9.66685443278866,-0.277118793459337
"2024-04-23 15:00:00",-9.98151990185126,-0.312286795469821
"2024-04-23 16:00:00",-10.0122580896913,0.17128051187067
"2024-04-23 17:00:00",-9.48962243094376,0.744934903913782
"2024-04-23 18:00:00",-8.80334702106455,0.626786661619691
"2024-04-23 19:00:00",-8.19553398721846,0.577625232528234
"2024-04-23 20:00:00",-7.5026021643985,0.747434637687229
"2024-04-23 21:00:00",-6.86658260870713,0.54118867042547
"2024-04-23 22:00:00",-7.07404058648276,-0.687840785083181
"2024-04-23 23:00:00",-7.3266196163852,0.0587085376416833
"2024-04-24 00:00:00",-6.80992378274644,0.806903530715399
"2024-04-24 01:00:00",-5.9794905779329,0.815432974972518
"2024-04-24 02:00:00",-5.84907626693732,-0.324749134397826
"2024-04-24 03:00:00",-6.07628127587794,-0.143842961441309
"2024-04-24 04:00:00",-6.16729896106857,-0.0436464583889834
"2024-04-24 05:00:00",-6.30789513452983,-0.190600029483215
"2024-04-24 06:00:00",-6.4986121858854,-0.173603986712128
"2024-04-24 07:00:00",-6.87037483429366,-0.477826183440742
"2024-04-24 08:00:00",-7.31648680762417,-0.394917434792352
"2024-04-24 09:00:00",-7.16521288583891,0.517634888815256
"2024-04-24 10:00:00",-6.79806445905586,0.258612220170144
"2024-04-24 11:00:00",-6.9091295199399,-0.343474717418506
"2024-04-24 12:00:00",-6.75080077968257,0.494238115830772
"2024-04-24 13:00:00",-7.90721438331442,-2.19317839084507
"2024-04-24 14:00:00",-9.32462770545165,-0.82270158329522
"2024-04-24 15:00:00",-9.38060737022969,0.469835429541968
"2024-04-24 16:00:00",-8.98708664524965,0.336033073527611
"2024-04-24 17:00:00",-8.47973868350132,0.609027827586904
"2024-04-24 18:00:00",-8.55747455660026,-0.520949684844043
"2024-04-24 19:00:00",-9.0187621802165,-0.388566372900642
"2024-04-24 20:00:00",-9.37155137594995,-0.300552294119665
"2024-04-24 21:00:00",-9.35662073920088,0.236615680079656
"2024-04-24 22:00:00",-9.24724425989697,0.0314111806592474
"2024-04-24 23:00:00",-9.40535271149148,-0.265023565835561
"2024-04-25 00:00:00",-9.68290387845088,-0.260594010195263
"2024-04-25 01:00:00",-9.11741065037707,1.10181421367796
"2024-04-25 02:00:00",-8.4412633312907,0.371992757834936
"2024-04-25 03:00:00",-8.41975394237508,-0.202286976306334
"2024-04-25 04:00:00",-8.6431945584341,-0.216075391349471
"2024-04-25 05:00:00",-8.67646738092131,0.101312181932773
"2024-04-25 06:00:00",-8.26278911353544,0.61344153559421
"2024-04-25 07:00:00",-8.0159566455696,0.00134862974609284
"2024-04-25 08:00:00",-8.06199454431298,-0.0651113653231565
"2024-04-25 09:00:00",-8.68349979076925,-0.952506047077624
"2024-04-25 10:00:00",-9.78702187562044,-1.14056956067627
"2024-04-25 11:00:00",-10.4979894006343,-0.378174777479468
"2024-04-25 12:00:00",-10.8249615116701,-0.263772409318509
"2024-04-25 13:00:00",-10.493960447146,0.725730048966108
"2024-04-25 14:00:00",-10.0534084123614,0.243024295877457
"2024-04-25 15:00:00",-9.47862373823156,0.781595899552043
"2024-04-25 16:00:00",-8.66284511146405,0.812015563514721
"2024-04-25 17:00:00",-8.28236804677981,0.0858724760686035
"2024-04-25 18:00:00",-8.45041432372386,-0.318664508562865
"2024-04-25 19:00:00",-8.3372790470848,0.406509983654588
"2024-04-25 20:00:00",-7.85243038811912,0.524777244205344
"2024-04-25 21:00:00",-7.9203658162501,-0.449723672187764
"2024-04-25 22:00:00",-8.01752726355703,0.152699259738048
"2024-04-25 23:00:00",-8.1454686934891,-0.298621013969071
"2024-04-26 00:00:00",-8.10277676161356,0.27869757028493
"2024-04-26 01:00:00",-7.66399044773569,0.535100697428073
"2024-04-26 02:00:00",-7.33462000307747,0.186443575039897
"2024-04-26 03:00:00",-7.33762534018661,-0.11970830500787
"2024-04-26 04:00:00",-7.62156091474973,-0.370470901429115
"2024-04-26 05:00:00",-7.47031117500676,0.501691438657275
"2024-04-26 06:00:00",-6.79704615701288,0.765278559524727
"2024-04-26 07:00:00",-5.8476220818502,1.03582829856776
"2024-04-26 08:00:00",-4.81377131846025,0.990939725506631
"2024-04-26 09:00:00",-4.07388091571127,0.543570906211683
"2024-04-26 10:00:00",-3.79263849768538,0.0982448429049645
"2024-04-26 11:00:00",-3.74643932101314,0.0141944748709423
"2024-04-26 12:00:00",-3.90703285484212,-0.26465795556783
"2024-04-26 13:00:00",-4.07540346744164,-0.0911446873087299
"2024-04-26 14:00:00",-4.34395977569369,-0.36881555182943
"2024-04-26 15:00:00",-4.14234454618009,0.577912967808892
"2024-04-26 16:00:00",-3.56071786558984,0.561801728383087
"2024-04-26 17:00:00",-3.10126634567112,0.373974686099683
"2024-04-26 18:00:00",-3.81963423947264,-1.40845130688366
"2024-04-26 19:00:00",-4.21097739197062,0.310235823072347
"2024-04-26 20:00:00",-4.13443862682101,-0.07746746464469
"2024-04-26 21:00:00",-4.63170979114301,-0.748177939024082
"2024-04-26 22:00:00",-4.97426362385679,-0.0498959956614121
"2024-04-26 23:00:00",-4.86627039529608,0.214528977041029
"2024-04-27 00:00:00",-5.86457020498505,-1.75312944109615
"2024-04-27 01:00:00",-5.47043324463194,1.81445161184658
"2024-04-27 02:00:00",-3.79595406793709,1.50864480020885
"2024-04-27 03:00:00",-4.57006697890492,-2.25424885234165
"2024-04-27 04:00:00",-6.05678382477732,-0.898500697089865
"2024-04-27 05:00:00",-5.60730864778944,1.33455653693195
"2024-04-27 06:00:00",-3.72331396837559,2.16797991757256
"2024-04-27 07:00:00",-1.77837841379224,1.70861758586105
"2024-04-27 08:00:00",-0.17865021837014,1.45341005112607
"2024-04-27 09:00:00",1.22557932897297,1.30494522165803
"2024-04-27 10:00:00",2.02346770860327,0.420361782169335
"2024-04-27 11:00:00",2.26784768744996,0.112840549383654
"2024-04-27 12:00:00",2.52691659832068,0.341319709893364
"2024-04-27 13:00:00",2.96384579736273,0.476649012187322
"2024-04-27 14:00:00",3.24689608544519,0.136717088020184
"2024-04-27 15:00:00",3.3348876290409,0.0471431588695863
"2024-04-27 16:00:00",3.58626345092614,0.371286088962759
"2024-04-27 17:00:00",3.28744680932726,-0.735965909567787
"2024-04-27 18:00:00",2.12061175190163,-1.40286523627208
"2024-04-27 19:00:00",1.40622916375992,-0.224187527398733
"2024-04-27 20:00:00",1.38976292750149,0.12098268691874
"2024-04-27 21:00:00",1.46535725617574,0.039952898500383
"2024-04-27 22:00:00",1.4556384793743,-0.0442590899788278
"2024-04-27 23:00:00",1.43774678600209,-0.00133925386252918
"2024-04-28 00:00:00",1.53825405514925,0.161775087899458
"2024-04-28 01:00:00",1.82872176298401,0.360476310709511
"2024-04-28 02:00:00",1.88009226154859,-0.159494134105493
"2024-04-28 03:00:00",1.8433374199865,0.0443938574951127
"2024-04-28 04:00:00",1.80785820277876,-0.0894164001975004
"2024-04-28 05:00:00",1.85865664636362,0.139529917782126
"2024-04-28 06:00:00",1.93795546504557,0.0329821458797092
"2024-04-28 07:00:00",1.84056905721153,-0.182166808726111
"2024-04-28 08:00:00",1.58817536619349,-0.28958898414417
"2024-04-28 09:00:00",2.0845931389216,0.994777446839882
"2024-04-28 10:00:00",3.49536716811867,1.61837512160835
"2024-04-28 11:00:00",4.97543616137328,1.31303042475535
"2024-04-28 12:00:00",6.00389531750401,0.783465141771046
"2024-04-28 13:00:00",6.99639348544589,1.07695169380032
"2024-04-28 14:00:00",7.57915726484431,0.216602658668884
"2024-04-28 15:00:00",7.77321956491955,0.160047463635196
"2024-04-28 16:00:00",7.91517153768177,0.113126512783657
"2024-04-28 17:00:00",7.39057178524966,-0.935014218985491
"2024-04-28 18:00:00",6.36370693478773,-1.0488250702634
"2024-04-28 19:00:00",5.96725319953646,0.0490921151330544
"2024-04-28 20:00:00",6.32828269638412,0.544138968536559
"2024-04-28 21:00:00",6.38793700515137,-0.274319334469502
"2024-04-28 22:00:00",6.59279310635184,0.506334891541933
"2024-04-28 23:00:00",6.35404262454549,-0.732615839306536
"2024-04-29 00:00:00",5.7593730484694,-0.48263643138537
"2024-04-29 01:00:00",6.33306743460676,1.24321993098267
"2024-04-29 02:00:00",6.59726028606571,-0.409195868677666
"2024-04-29 03:00:00",6.00455957978919,-0.695371640207676
"2024-04-29 04:00:00",5.49830487926169,-0.363859424140575
"2024-04-29 05:00:00",4.87365244850444,-0.775913504821045
"2024-04-29 06:00:00",3.88738537680016,-1.08591380153936
"2024-04-29 07:00:00",2.38837326000113,-1.70818351213195
"2024-04-29 08:00:00",1.80049069427517,0.183830256317733
"2024-04-29 09:00:00",1.6966431700557,-0.293014804949464
"2024-04-29 10:00:00",1.66169988585297,0.136575682301205
"2024-04-29 11:00:00",2.0670095398112,0.563061291987083
"2024-04-29 12:00:00",2.45276991872554,0.246567144271561
"2024-04-29 13:00:00",3.27451288943263,1.1629777109416
"2024-04-29 14:00:00",3.89665532225803,0.227808346338393
"2024-04-29 15:00:00",4.12597082564608,0.214402119352739
"2024-04-29 16:00:00",4.45987647706748,0.392389635587671
"2024-04-29 17:00:00",4.77652845412112,0.24536698270311
"2024-04-29 18:00:00",3.90972016839036,-1.57321076765686
"2024-04-29 19:00:00",2.98834283812261,-0.448083843737885
"2024-04-29 20:00:00",3.13800670442829,0.537192904597873
"2024-04-29 21:00:00",3.26368948880806,-0.158668643473091
"2024-04-29 22:00:00",3.09401128293215,-0.173160366815565
"2024-04-29 23:00:00",2.98344212973421,-0.0675751374622554
"2024-04-30 00:00:00",2.92324734342705,-0.056258668394106
"2024-04-30 01:00:00",3.0448565326601,0.23064008146537
"2024-04-30 02:00:00",3.40478904002856,0.425098650108014
"2024-04-30 03:00:00",3.76359390548723,0.293172183480772
"2024-04-30 04:00:00",3.81596884364279,-0.115492418195595
"2024-04-30 05:00:00",3.94380042983564,0.279053130329752
"2024-04-30 06:00:00",4.54564924533316,0.783360866942176
"2024-04-30 07:00:00",5.4766720348061,0.979363298122699
"2024-04-30 08:00:00",6.62970371774172,1.20696010808909
"2024-04-30 09:00:00",7.87152007040588,1.19750013385999
"2024-04-30 10:00:00",8.81862318468355,0.725025653043509
"2024-04-30 11:00:00",9.52252586971416,0.645008301891622
"2024-04-30 12:00:00",10.2200279023273,0.68708172765812
"2024-04-30 13:00:00",11.4981000078283,1.59815637972114
"2024-04-30 14:00:00",12.0386030036937,-0.205088093040595
"2024-04-30 15:00:00",11.8852480569688,-0.127092328662291
"2024-04-30 16:00:00",11.5498221099106,-0.473688730824232
"2024-04-30 17:00:00",10.7699945510457,-0.961742805748524
"2024-04-30 18:00:00",9.77291556292221,-0.987133660143629
"2024-04-30 19:00:00",9.35281121518504,-0.0347214464722826
"2024-04-30 20:00:00",9.75033669349453,0.654743074819155
"2024-04-30 21:00:00",10.2417465342579,0.346607138222239
"2024-04-30 22:00:00",10.2635792660417,-0.208914825180313
"2024-04-30 23:00:00",9.87310356902656,-0.506184680820346
"2024-05-01 00:00:00",9.36505074546478,-0.497878325660021
"2024-05-01 01:00:00",9.17119224465002,0.00596222274591324
"2024-05-01 02:00:00",9.19029405950572,0.0151357304305318
"2024-05-01 03:00:00",8.91334532052811,-0.470350572595647
"2024-05-01 04:00:00",8.28321447705568,-0.718191508082855
"2024-05-01 05:00:00",7.90555321350112,-0.143372433159759
"2024-05-01 06:00:00",8.08968872553653,0.383533387337964
"2024-05-01 07:00:00",8.41370011217422,0.258509573358411
"2024-05-01 08:00:00",8.60048288070824,0.119248052828067
"2024-05-01 09:00:00",8.76191858650962,0.170806466400736
"2024-05-01 10:00:00",9.06207867583146,0.360840394993354
"2024-05-01 11:00:00",9.48499690014128,0.432528586697741
"2024-05-01 12:00:00",9.84329616076788,0.279565403798453
"2024-05-01 13:00:00",10.1153860191181,0.241492681897997
"2024-05-01 14:00:00",10.1077655886783,-0.186365554698387
"2024-05-01 15:00:00",9.82727913564357,-0.342928944287875
"2024-05-01 16:00:00",9.51583879708165,-0.288312234145168
"2024-05-01 17:00:00",9.19696095223144,-0.336363772296837
"2024-05-01 18:00:00",8.91694509221421,-0.240996210573128
"2024-05-01 19:00:00",8.64159068031989,-0.296665164066466
"2024-05-01 20:00:00",8.51225344950604,-0.0227766557593559
"2024-05-01 21:00:00",8.23403199170991,-0.446263060602223
"2024-05-01 22:00:00",7.827569155338,-0.371225287301249
"2024-05-01 23:00:00",7.59080568546611,-0.145959497756397
"2024-05-02 00:00:00",7.46504648842267,-0.116098040585099
"2024-05-02 01:00:00",7.66495880912311,0.391463200923841
"2024-05-02 02:00:00",7.91265747713012,0.130209752759598
"2024-05-02 03:00:00",8.09447428829414,0.197384900987856
"2024-05-02 04:00:00",8.19682940179026,0.0237086396276742
"2024-05-02 05:00:00",8.18518405768613,-0.0452232874447238
"2024-05-02 06:00:00",8.27756650262164,0.169180701594175
"2024-05-02 07:00:00",8.41999111189227,0.107153153976296
"2024-05-02 08:00:00",8.59207785540489,0.196347655833716
"2024-05-02 09:00:00",8.85618455828257,0.285656742133838
"2024-05-02 10:00:00",9.0136389372152,0.0530934103498438
"2024-05-02 11:00:00",9.18369737197462,0.228337795672385
"2024-05-02 12:00:00",9.4071260190359,0.197704678511865
"2024-05-02 13:00:00",9.33691799885919,-0.25759920727521
"2024-05-02 14:00:00",9.07711481004416,-0.260958316344395
"2024-05-02 15:00:00",8.68994146322343,-0.464613779625959
"2024-05-02 16:00:00",8.082790577635,-0.684520416905087
"2024-05-02 17:00:00",7.93400154511319,0.205014094546857
"2024-05-02 18:00:00",7.96187778122705,-0.101762053202765
"2024-05-02 19:00:00",8.12825358057865,0.326965632746961
"2024-05-02 20:00:00",8.2490442502123,-0.0328709086030122
"2024-05-02 21:00:00",8.1363688600479,-0.171152898583828
"2024-05-02 22:00:00",8.03707615724054,-0.0571528798259715
"2024-05-02 23:00:00",7.89301461345275,-0.205510502709681
"2024-05-03 00:00:00",7.6733977345644,-0.228755821994328
"2024-05-03 01:00:00",7.88689547434975,0.488295279564521
"2024-05-03 02:00:00",8.05246010010339,-0.0676160488896029
"2024-05-03 03:00:00",7.8360087283539,-0.31576397738708
"2024-05-03 04:00:00",7.31236705837285,-0.647438786005453
"2024-05-03 05:00:00",7.09284516060408,0.0667600586782038
"2024-05-03 06:00:00",7.36700830630675,0.390261666346464
"2024-05-03 07:00:00",7.51205843899476,-0.0348072425738263
"2024-05-03 08:00:00",7.20655308204784,-0.481130302396999
"2024-05-03 09:00:00",7.19519853179882,0.293077216450128
"2024-05-03 10:00:00",7.12212730155269,-0.322965470512206
"2024-05-03 11:00:00",6.50372127491198,-0.795154352056484
"2024-05-03 12:00:00",5.88091279395613,-0.486698384743304
"2024-05-03 13:00:00",5.86666888534054,0.293819158628244
"2024-05-03 14:00:00",6.21322634287687,0.357687777310032
"2024-05-03 15:00:00",5.83197655697326,-0.863756089205916
"2024-05-03 16:00:00",4.15538110810251,-2.14632351322036
"2024-05-03 17:00:00",3.70915058271599,0.702995615402398
"2024-05-03 18:00:00",3.45452239976262,-0.885713080362197
"2024-05-03 19:00:00",3.39886614494413,0.495898871409221
"2024-05-03 20:00:00",3.47375081386524,-0.213724955177438
"2024-05-03 21:00:00",3.47273508497591,0.136360030576952
"2024-05-03 22:00:00",3.69502083382736,0.264530765120998
"2024-05-03 23:00:00",3.87934282369955,0.117330127036752
"2024-05-04 00:00:00",3.68878224229139,-0.391761170600744
"2024-05-04 01:00:00",3.92239006517883,0.634659192723764
"2024-05-04 02:00:00",4.06233836245105,-0.201558017084689
"2024-05-04 03:00:00",3.71164174975498,-0.438690495685572
"2024-05-04 04:00:00",3.02287036992384,-0.82754198210064
"2024-05-04 05:00:00",2.77321645673766,0.143566420429186
"2024-05-04 06:00:00",2.77646897455317,-0.0940166142941517
"2024-05-04 07:00:00",2.73671964821978,-0.00526062954401384
"2024-05-04 08:00:00",2.57211640533354,-0.266534540141082
"2024-05-04 09:00:00",2.22983067973223,-0.379834882252015
"2024-05-04 10:00:00",2.08517881933518,0.016134582801298
"2024-05-04 11:00:00",2.00301180119909,-0.146482739010048
"2024-05-04 12:00:00",1.77068274065339,-0.281099918436274
"2024-05-04 13:00:00",1.5232563064759,-0.215501973250089
"2024-05-04 14:00:00",1.51108302528537,0.121992492987748
"2024-05-04 15:00:00",1.60877662998108,0.0749051074607802
"2024-05-04 16:00:00",2.13537783135247,0.800630025233459
"2024-05-04 17:00:00",3.064747846082,0.968280518719992
"2024-05-04 18:00:00",3.21359161593861,-0.40846033905434
"2024-05-04 19:00:00",3.20146545711421,0.248527366987621
"2024-05-04 20:00:00",3.32418787064935,0.0288967781804359
"2024-05-04 21:00:00",3.21455224221121,-0.201062723851234
"2024-05-04 22:00:00",3.47069695802697,0.54463043093874
"2024-05-04 23:00:00",3.53021592924081,-0.271183827896855
"2024-05-05 00:00:00",3.58155367519921,0.259359934979876
"2024-05-05 01:00:00",3.40967557098688,-0.455812906175218
"2024-05-05 02:00:00",3.44040050188383,0.349224281845838
"2024-05-05 03:00:00",3.80013072566177,0.345206632504238
"2024-05-05 04:00:00",3.80228126679878,-0.231548676540359
"2024-05-05 05:00:00",3.87955958622393,0.274587682653612
"2024-05-05 06:00:00",4.07517763709556,0.128677692320146
"2024-05-05 07:00:00",4.1734462928015,0.0680753879300471
"2024-05-05 08:00:00",3.74020254337202,-0.752241276224393
"2024-05-05 09:00:00",2.45175345598249,-1.58950825276162
"2024-05-05 10:00:00",0.900744059473843,-1.45480027560615
"2024-05-05 11:00:00",0.684106428784186,0.617923960124815
"2024-05-05 12:00:00",0.901413512879699,-0.0609741463871075
"2024-05-05 13:00:00",1.3639982018758,0.788474725575276
"2024-05-05 14:00:00",1.3515458526018,-0.547560617686115
"2024-05-05 15:00:00",1.27891281239035,0.245689869909901
"2024-05-05 16:00:00",1.389473993335,0.0135751139517576
"2024-05-05 17:00:00",1.82616950851561,0.696229052248187
"2024-05-05 18:00:00",1.80884508939021,-0.494548637875043
"2024-05-05 19:00:00",1.29073613494803,-0.511526231960121
"2024-05-05 20:00:00",0.870167291209359,-0.341609686179627
"2024-05-05 21:00:00",0.544389240069217,-0.300864336452604
"2024-05-05 22:00:00",0.184599708034145,-0.38267686176086
"2024-05-05 23:00:00",-0.185738767846364,-0.344752652439131
"2024-05-06 00:00:00",-0.537338035510951,-0.339216487257924
"2024-05-06 01:00:00",-0.807077972156458,-0.209912739625026
"2024-05-06 02:00:00",-0.952599277517326,-0.0946393323852316
"2024-05-06 03:00:00",-0.982533701374883,0.0158514322333888
"2024-05-06 04:00:00",-1.01535529600808,-0.0624439807596819
"2024-05-06 05:00:00",-0.593215141848163,0.726439334724309
"2024-05-06 06:00:00",0.0200394418287802,0.509422309791055
"2024-05-06 07:00:00",-0.0337194824217746,-0.426677964409101
"2024-05-06 08:00:00",-0.454554917644013,-0.396899201469512
"2024-05-06 09:00:00",-0.668049567139291,-0.080496149803918
"2024-05-06 10:00:00",-0.597105420478465,0.169392262541811
"2024-05-06 11:00:00",0.0331904655503796,0.908377944384314
"2024-05-06 12:00:00",0.863761063678236,0.739188961076272
"2024-05-06 13:00:00",0.79151535207826,-0.610872981228305
"2024-05-06 14:00:00",0.610675951977542,0.113418234775273
"2024-05-06 15:00:00",0.165533927514813,-0.797143285128956
"2024-05-06 16:00:00",-0.313668881055457,-0.244687972049288
"2024-05-06 17:00:00",-0.0720313587984076,0.554770768435038
"2024-05-06 18:00:00",-0.157119045260254,-0.507516644752714
"2024-05-06 19:00:00",-0.610850066252077,-0.396111075449976
"2024-05-06 20:00:00",-0.40229515149933,0.602535501363899
"2024-05-06 21:00:00",0.0479087164822734,0.327776160403289
"2024-05-06 22:00:00",0.305423255645836,0.198375590095711
"2024-05-06 23:00:00",0.161253395918371,-0.366072339233049
"2024-05-07 00:00:00",-0.53221322729014,-0.878980490505689
"2024-05-07 01:00:00",-1.00234372040825,-0.17454233090812
"2024-05-07 02:00:00",-0.994012243498941,0.131140996468528
"2024-05-07 03:00:00",-0.976666591434288,-0.0580600023748232
"2024-05-07 04:00:00",-1.21515451751112,-0.346179853198932
"2024-05-07 05:00:00",-1.47403790490304,-0.186818912677168
"2024-05-07 06:00:00",-2.02609284929554,-0.767408779734383
"2024-05-07 07:00:00",-3.02716609337963,-1.10666574788193
"2024-05-07 08:00:00",-3.89492360160155,-0.66335196972892
"2024-05-07 09:00:00",-4.34571702769224,-0.282649731180915
"2024-05-07 10:00:00",-4.37728376488536,0.142918997962003
"2024-05-07 11:00:00",-4.09422174585135,0.368678743435327
"2024-05-07 12:00:00",-3.43436980271287,0.827884183148751
"2024-05-07 13:00:00",-3.83166833232972,-1.1907683078373
"2024-05-07 14:00:00",-4.10611033658329,0.354410646611773
"2024-05-07 15:00:00",-3.53320677554671,0.696630147712774
"2024-05-07 16:00:00",-2.76622745101468,0.781984493013822
"2024-05-07 17:00:00",-2.07691397893474,0.598342651719658
"2024-05-07 18:00:00",-2.03714137387626,-0.331814795268428
"2024-05-07 19:00:00",-2.63255496378151,-0.740224425368313
"2024-05-07 20:00:00",-2.79272916229085,0.237523087300215
"2024-05-07 21:00:00",-2.38912474732592,0.498743104005943
"2024-05-07 22:00:00",-2.17808732483767,0.0122871313695191
"2024-05-07 23:00:00",-2.28077102155282,-0.171643482191211
"2024-05-08 00:00:00",-2.24122269002999,0.181400173422998
"2024-05-08 01:00:00",-1.91135379077016,0.416059247778534
"2024-05-08 02:00:00",-1.23794912912238,0.815428575179282
"2024-05-08 03:00:00",-0.777046244502725,0.204249828062573
"2024-05-08 04:00:00",-1.08620824355206,-0.635738284572944
"2024-05-08 05:00:00",-1.52812114640403,-0.290299066503637
"2024-05-08 06:00:00",-1.87177264266478,-0.360919952819497
"2024-05-08 07:00:00",-2.17563899432035,-0.248979768950805
"2024-05-08 08:00:00",-2.15173990235079,0.207483105704214
"2024-05-08 09:00:00",-1.76791550340772,0.485916907044058
"2024-05-08 10:00:00",-1.54727973372437,0.035578327047124
"2024-05-08 11:00:00",-1.3823326617112,0.245347082628752
"2024-05-08 12:00:00",-1.34977269211798,-0.109061667862798
"2024-05-08 13:00:00",-1.44800108755892,-0.0845992745274688
"2024-05-08 14:00:00",-1.20313448929119,0.45473678373816
"2024-05-08 15:00:00",-1.58225279151804,-0.915446480417392
"2024-05-08 16:00:00",-2.42307672815181,-0.74908211830113
"2024-05-08 17:00:00",-2.49833311137716,0.380651678131824
"2024-05-08 18:00:00",-2.66419763032458,-0.519101372627598
"2024-05-08 19:00:00",-3.21538857213512,-0.542958313430564
"2024-05-08 20:00:00",-3.23922591032641,0.327513530311624
"2024-05-08 21:00:00",-3.12114443482995,-0.022974636736022
"2024-05-08 22:00:00",-3.43614987925232,-0.490698607931386
"2024-05-08 23:00:00",-3.92253831017151,-0.455974354789077
"2024-05-09 00:00:00",-3.95675903076961,0.253624326618613
"2024-05-09 01:00:00",-4.389628304194,-0.864855602095424
"2024-05-09 02:00:00",-4.72277612026926,0.0428054730181358
"2024-05-09 03:00:00",-5.21631024256259,-0.821549633007783
"2024-05-09 04:00:00",-5.67509731185435,-0.188426468476667
"2024-05-09 05:00:00",-5.16526920092164,0.958409493589467
"2024-05-09 06:00:00",-3.99085142263673,1.26926923168374
"2024-05-09 07:00:00",-2.65206066467297,1.32666177587458
"2024-05-09 08:00:00",-1.57790386135714,0.858197194550018
"2024-05-09 09:00:00",-1.13763463424614,0.142767263069972
"2024-05-09 10:00:00",-1.12177849245418,-0.0680373642766301
"2024-05-09 11:00:00",-1.17416191195432,-0.0380128874855636
"2024-05-09 12:00:00",-1.14896682219237,0.067648794136388
"2024-05-09 13:00:00",-0.55838162832587,0.912619889818058
"2024-05-09 14:00:00",-0.0161620104203363,0.270243879455471
"2024-05-09 15:00:00",0.245294656965248,0.243195198586849
"2024-05-09 16:00:00",0.5184701363285,0.279864786409932
"2024-05-09 17:00:00",0.96080204877608,0.52895407169221
"2024-05-09 18:00:00",0.67374855749174,-0.818646821864852
"2024-05-09 19:00:00",-0.288525267243099,-1.0131650966121
"2024-05-09 20:00:00",-0.442045417651022,0.427233760373604
"2024-05-09 21:00:00",-1.00398998000746,-1.19411276370262
"2024-05-09 22:00:00",0.100850083707964,2.58624181196043
"2024-05-09 23:00:00",1.42475899102704,0.419326613305615
"2024-05-10 00:00:00",1.59937237251027,0.00134053184812405
"2024-05-10 01:00:00",0.511174245735705,-1.7648954182484
"2024-05-10 02:00:00",0.967145132721731,1.91419724627279
"2024-05-10 03:00:00",0.97946304191012,-1.25741180597344
"2024-05-10 04:00:00",0.303260394186093,-0.257865844510764
"2024-05-10 05:00:00",0.7092668638984,0.828896581798573
"2024-05-10 06:00:00",1.34722231407707,0.479434323896737
"2024-05-10 07:00:00",1.98562088066093,0.712300621923428
"2024-05-10 08:00:00",2.61552779844873,0.542487276297521
"2024-05-10 09:00:00",2.89706608274586,0.0908263554230826
"2024-05-10 10:00:00",3.12224360609392,0.300310016093719
"2024-05-10 11:00:00",3.22371802239266,-0.039925717195684
"2024-05-10 12:00:00",3.1837456652734,-0.0422580581691097
"2024-05-10 13:00:00",3.01951280628411,-0.24184633868362
"2024-05-10 14:00:00",2.91685440736883,-0.00888067814609717
"2024-05-10 15:00:00",2.63732501129464,-0.450434412169963
"2024-05-10 16:00:00",2.73055680945363,0.447841048650716
"2024-05-10 17:00:00",3.02561581108489,0.175666428300236
"2024-05-10 18:00:00",2.76628705177285,-0.540896306500035
"2024-05-10 19:00:00",1.91492190595116,-1.02144917288679
"2024-05-10 20:00:00",0.827741905452658,-1.08180527642782
"2024-05-10 21:00:00",0.649265933505534,0.431147819451238
"2024-05-10 22:00:00",1.4355016441002,0.984758911380378
"2024-05-10 23:00:00",1.49309038543521,-0.565100613956901
"2024-05-11 00:00:00",0.977117649611707,-0.4606266679308
"2024-05-11 01:00:00",0.69507856406345,-0.150839504108288
"2024-05-11 02:00:00",0.960056519182543,0.528697649523436
"2024-05-11 03:00:00",1.31477843554413,0.220646773473119
"2024-05-11 04:00:00",1.54367214442473,0.221820473156667
"2024-05-11 05:00:00",1.58484467773003,-0.0832030515667335
"2024-05-11 06:00:00",1.39300387222807,-0.257190822237577
"2024-05-11 07:00:00",1.2555710072418,-0.0528598742412366
"2024-05-11 08:00:00",1.23025016708923,-0.00737648784326268
"2024-05-11 09:00:00",1.03347526506852,-0.315273054416361
"2024-05-11 10:00:00",0.620854212755995,-0.459242864654967
"2024-05-11 11:00:00",0.0754349134627402,-0.577751339710727
"2024-05-11 12:00:00",-0.400965629114055,-0.386293444608109
"2024-05-11 13:00:00",-0.43882465918699,0.196742370845293
"2024-05-11 14:00:00",0.0755519568736905,0.70225182003013
"2024-05-11 15:00:00",0.249131877463674,-0.187207814511702
"2024-05-11 16:00:00",-0.328568713973174,-0.810893776601282
"2024-05-11 17:00:00",-0.396176623675955,0.431543698681843
"2024-05-11 18:00:00",-0.0580802693778439,0.260243568230484
"2024-05-11 19:00:00",-0.138043522513276,-0.302889320983015
"2024-05-11 20:00:00",-0.294769046273057,-0.0516592616366405
"2024-05-11 21:00:00",0.145215124155082,0.747212989017414
"2024-05-11 22:00:00",1.02492409208316,0.926047798542869
"2024-05-11 23:00:00",1.58898405095439,0.294614333919766
"2024-05-12 00:00:00",1.53898355170958,-0.27941140264993
"2024-05-12 01:00:00",0.382609348846792,-1.6880391518062
"2024-05-12 02:00:00",-0.119321024803729,0.31215382005953
"2024-05-12 03:00:00",-0.0726633595111152,-0.132400163832419
"2024-05-12 04:00:00",-0.556683788664668,-0.695336001970846
"2024-05-12 05:00:00",-0.94640080458197,-0.166738028235359
"2024-05-12 06:00:00",-0.987110726392933,0.0464614322892172
"2024-05-12 07:00:00",-0.94663502302199,0.0358338920834798
"2024-05-12 08:00:00",-0.766402016109321,0.269152728696552
"2024-05-12 09:00:00",-0.527403497816432,0.208526577636374
"2024-05-12 10:00:00",-0.478103210413774,-0.0585118858167555
"2024-05-12 11:00:00",-0.454986373010555,0.0770526504279098
"2024-05-12 12:00:00",-0.302612884418391,0.195932134786902
"2024-05-12 13:00:00",0.384435940583938,0.982196242252155
"2024-05-12 14:00:00",1.02354551124754,0.379523532280909
"2024-05-12 15:00:00",1.26785717207802,0.141243468143988
"2024-05-12 16:00:00",1.6888156306502,0.585794534856017
"2024-05-12 17:00:00",1.9551858310512,0.0385903039808569
"2024-05-12 18:00:00",1.60012374045983,-0.603139704053968
"2024-05-12 19:00:00",0.959463042078118,-0.637292399498073
"2024-05-12 20:00:00",0.80678724563185,0.17641517136001
"2024-05-12 21:00:00",0.963915334601453,0.135764003153614
"2024-05-12 22:00:00",0.972677873352197,-0.077562159733992
"2024-05-12 23:00:00",0.836069484905897,-0.170733720919333
"2024-05-13 00:00:00",0.688673516000525,-0.125910924460839
"2024-05-13 01:00:00",0.312503762166383,-0.52601822888002
"2024-05-13 02:00:00",0.0941581681721571,-0.00326102135519227
"2024-05-13 03:00:00",0.0841782120907437,-0.0141062608597262
"2024-05-13 04:00:00",-0.0751164719126186,-0.248624219985805
"2024-05-13 05:00:00",0.0215880144067981,0.322421190485262
"2024-05-13 06:00:00",0.453474232291123,0.484310895058629
"2024-05-13 07:00:00",0.974280360423271,0.519803154707868
"2024-05-13 08:00:00",1.62633455885095,0.707979420139862
"2024-05-13 09:00:00",2.41745112122582,0.806851348435909
"2024-05-13 10:00:00",3.13461876766059,0.620185060246755
"2024-05-13 11:00:00",3.60015622726342,0.336279505661564
"2024-05-13 12:00:00",3.91806823723407,0.285921099897703
"2024-05-13 13:00:00",4.28418636661312,0.397135407735951
"2024-05-13 14:00:00",4.53027680083618,0.128180844876873
"2024-05-13 15:00:00",4.61503978407752,0.0459526541807374
"2024-05-13 16:00:00",4.6218232723955,-0.0255981145272908
"2024-05-13 17:00:00",4.61807980882374,0.00504828298423697
"2024-05-13 18:00:00",4.11694804514429,-0.820716799889391
"2024-05-13 19:00:00",3.47267912552066,-0.501328825033142
"2024-05-13 20:00:00",3.19272436556707,-0.123546154540478
"2024-05-13 21:00:00",3.10357978236124,-0.0660886275702728
"2024-05-13 22:00:00",3.08106834000962,0.00360999306240434
"2024-05-13 23:00:00",2.98776577943737,-0.157446410652807
"2024-05-14 00:00:00",2.74994148070199,-0.283957415475903
"2024-05-14 01:00:00",2.43168126590316,-0.329548402745846
"2024-05-14 02:00:00",2.34830571228723,0.081565402705576
"2024-05-14 03:00:00",2.38263124628641,-0.00182432307256508
"2024-05-14 04:00:00",2.26221201755024,-0.196829166091055
"2024-05-14 05:00:00",2.38146270190523,0.321385228865583
"2024-05-14 06:00:00",2.80762231238757,0.472688443802093
"2024-05-14 07:00:00",3.31725225637701,0.506422017061808
"2024-05-14 08:00:00",3.99219843032842,0.750946106832735
"2024-05-14 09:00:00",4.80355591486871,0.807931539620354
"2024-05-14 10:00:00",5.42216030402559,0.456802899050252
"2024-05-14 11:00:00",5.80802621008884,0.313252305121247
"2024-05-14 12:00:00",6.04936700253149,0.1744480380691
"2024-05-14 13:00:00",6.2599889263344,0.216933633390719
"2024-05-14 14:00:00",6.2482237701809,-0.171735959412973
"2024-05-14 15:00:00",6.08172386373613,-0.163148728912922
"2024-05-14 16:00:00",6.11735653538183,0.158621239819233
"2024-05-14 17:00:00",6.27445747982062,0.140739296421432
"2024-05-14 18:00:00",5.97851833880418,-0.581075577203869
"2024-05-14 19:00:00",5.45896306406563,-0.461557393320778
"2024-05-14 20:00:00",5.67088682915048,0.64379873432317
"2024-05-14 21:00:00",6.10323716913751,0.263534637209478
"2024-05-14 22:00:00",5.94854169154156,-0.434024414359512
"2024-05-14 23:00:00",5.5056432586226,-0.435433361327166
"2024-05-15 00:00:00",5.16524285859264,-0.267965103587499
"2024-05-15 01:00:00",5.29250466670533,0.378038651497171
"2024-05-15 02:00:00",5.4666200502647,0.0230750876308755
"2024-05-15 03:00:00",5.37370836933076,-0.172864045164767
"2024-05-15 04:00:00",5.30086273838102,-0.00963077536021209
"2024-05-15 05:00:00",5.61092407316483,0.501621220149999
"2024-05-15 06:00:00",5.85549728127545,0.0543585906257747
"2024-05-15 07:00:00",5.71686395229843,-0.268250034621545
"2024-05-15 08:00:00",5.5331202112111,-0.126042506285813
"2024-05-15 09:00:00",5.50348316798472,0.0289105572692988
"2024-05-15 10:00:00",5.69922512911192,0.290567719611907
"2024-05-15 11:00:00",6.13672169429403,0.507313920216553
"2024-05-15 12:00:00",6.54293138080069,0.311597427775482
"2024-05-15 13:00:00",6.82202066566358,0.235724219748521
"2024-05-15 14:00:00",7.08543133643604,0.260560060765578
"2024-05-15 15:00:00",7.66803601831998,0.760482209378754
"2024-05-15 16:00:00",7.86552702071821,-0.197095765310996
"2024-05-15 17:00:00",7.61289254338737,-0.287790115124906
"2024-05-15 18:00:00",7.27294658577694,-0.368371858075639
"2024-05-15 19:00:00",7.031197616812,-0.155219268747693
"2024-05-15 20:00:00",6.96688549128791,-0.00971268800062516
"2024-05-15 21:00:00",7.30925552609138,0.551841178459066
"2024-05-15 22:00:00",8.06911852527421,0.853014991683345
"2024-05-15 23:00:00",7.93915447695884,-0.78949434956769
"2024-05-16 00:00:00",7.22437610954238,-0.641233106282594
"2024-05-16 01:00:00",6.8678058631609,-0.159163526313098
"2024-05-16 02:00:00",6.64252396400175,-0.267504642692691
"2024-05-16 03:00:00",6.27207831713118,-0.430028010908879
"2024-05-16 04:00:00",5.8023715929844,-0.481920763513798
"2024-05-16 05:00:00",5.471603330348,-0.221760648294183
"2024-05-16 06:00:00",5.28146663453981,-0.167069927995407
"2024-05-16 07:00:00",5.1259171572171,-0.14728337048565
"2024-05-16 08:00:00",5.33177535771568,0.424894449406327
"2024-05-16 09:00:00",5.90949741455901,0.64528192223306
"2024-05-16 10:00:00",6.61426762849775,0.703323224220665
"2024-05-16 11:00:00",7.25987397263305,0.567927159782306
"2024-05-16 12:00:00",7.76447583312726,0.429052310138129
"2024-05-16 13:00:00",7.86882914488951,-0.127073098687559
"2024-05-16 14:00:00",6.84810504574512,-1.57811694399568
"2024-05-16 15:00:00",6.34192777153459,0.223665868057233
"2024-05-16 16:00:00",6.33644221655723,-0.166162097445112
"2024-05-16 17:00:00",6.16668892756221,-0.17224592088543
"2024-05-16 18:00:00",6.58794054646233,0.78894597989716
"2024-05-16 19:00:00",7.12924868381664,0.342007227833046
"2024-05-16 20:00:00",7.41764251327824,0.2297611600705
"2024-05-16 21:00:00",7.08175566988208,-0.706576350435732
"2024-05-16 22:00:00",6.51277770650777,-0.459335308992126
"2024-05-16 23:00:00",5.79395274240484,-0.866049378871756
"2024-05-17 00:00:00",5.40932852599365,-0.0528685022417493
"2024-05-17 01:00:00",6.31708224281029,1.49805138950911
"2024-05-17 02:00:00",7.09018127981436,0.244928307495279
"2024-05-17 03:00:00",7.14420325562131,-0.0849502260835576
"2024-05-17 04:00:00",6.81272099863694,-0.489288330377678
"2024-05-17 05:00:00",6.47464847597389,-0.229977542580864
"2024-05-17 06:00:00",6.10814377302605,-0.448448406640926
"2024-05-17 07:00:00",5.57254822440876,-0.576112432075503
"2024-05-17 08:00:00",5.19237405527668,-0.238665998663466
"2024-05-17 09:00:00",5.10211604536863,0.00627710818070834
"2024-05-17 10:00:00",5.28662192878963,0.287980892122013
"2024-05-17 11:00:00",5.75840607591095,0.565086380900782
"2024-05-17 12:00:00",6.59566934077907,0.971504983247929
"2024-05-17 13:00:00",6.47004654863009,-0.859558576963545
"2024-05-17 14:00:00",5.84855673386509,-0.441584467818286
"2024-05-17 15:00:00",5.57543197406211,-0.155377898658204
"2024-05-17 16:00:00",5.4127765452698,-0.166962229449333
"2024-05-17 17:00:00",5.10993631037863,-0.386008147005623
"2024-05-17 18:00:00",3.52400540269749,-2.31708811168309
"2024-05-17 19:00:00",2.37989313759642,-0.312315129622917
"2024-05-17 20:00:00",1.94201012780605,-0.503852315068343
"2024-05-17 21:00:00",2.24102408011391,0.817537662749784
"2024-05-17 22:00:00",3.56982196325223,1.60360087114556
"2024-05-17 23:00:00",4.51822916944705,0.461951058076804
"2024-05-18 00:00:00",4.46600334374967,-0.39834505102651
"2024-05-18 01:00:00",3.70089941401755,-0.979003339686073
"2024-05-18 02:00:00",2.96855122836972,-0.537882444802419
"2024-05-18 03:00:00",2.7302795873054,-0.0310372298919701
"2024-05-18 04:00:00",2.65633701424207,-0.102550174326851
"2024-05-18 05:00:00",2.90684765754807,0.470553492397468
"2024-05-18 06:00:00",3.18435833629535,0.131884765617451
"2024-05-18 07:00:00",3.26610896487959,0.0403403481401057
"2024-05-18 08:00:00",2.95558109183143,-0.533888673822805
"2024-05-18 09:00:00",2.41429748200791,-0.524300583499032
"2024-05-18 10:00:00",1.93179859445903,-0.434814577727954
"2024-05-18 11:00:00",2.00833622347567,0.411307009204065
"2024-05-18 12:00:00",1.33271393048447,-1.3707123703999
"2024-05-18 13:00:00",0.0325911883771556,-1.19300011805128
"2024-05-18 14:00:00",-0.258895212365635,0.323321830365413
"2024-05-18 15:00:00",-0.386743308463108,-0.422214090169052
"2024-05-18 16:00:00",-1.4535304474693,-1.44530384334354
"2024-05-18 17:00:00",-1.39623884251831,1.05815551691705
"2024-05-18 18:00:00",-0.523399816361271,0.70961922597111
"2024-05-18 19:00:00",-0.317595987978828,-0.139172638445339
"2024-05-18 20:00:00",-0.165691807566447,0.339142975293468
"2024-05-18 21:00:00",-0.0103759086789341,0.0255995850687293
"2024-05-18 22:00:00",-0.211784164869672,-0.34316009660798
"2024-05-18 23:00:00",-0.337567396295726,0.0253822705361811
"2024-05-19 00:00:00",-0.307700877164958,0.031871717725717
"2024-05-19 01:00:00",-0.122527728201474,0.278969567857976
"2024-05-19 02:00:00",0.142627245012715,0.243503293994651
"2024-05-19 03:00:00",-0.00518924598607062,-0.401851580284072
"2024-05-19 04:00:00",0.500614309787464,1.08686797425268
"2024-05-19 05:00:00",1.47524759971111,0.852852395430645
"2024-05-19 06:00:00",2.1049476949415,0.449110469416493
"2024-05-19 07:00:00",2.33941574707639,0.0775213295074791
"2024-05-19 08:00:00",2.34334295129428,-0.0483358954726101
"2024-05-19 09:00:00",2.3766792613537,0.0831797847879446
"2024-05-19 10:00:00",2.46536010363735,0.0850715167560617
"2024-05-19 11:00:00",2.20259841735967,-0.48533715282748
"2024-05-19 12:00:00",-1.59121783166377,-5.82199023046271
"2024-05-19 13:00:00",-2.38324978303345,2.60090414788986
"2024-05-19 14:00:00",-1.97992210943412,-1.07779336116776
"2024-05-19 15:00:00",-2.00998178152336,0.672397377538989
"2024-05-19 16:00:00",-1.16153681481184,0.928080535777434
"2024-05-19 17:00:00",-0.282413400251426,0.80620725736654
"2024-05-19 18:00:00",0.333936902835423,0.460856487050111
"2024-05-19 19:00:00",0.385713428283461,-0.223829533997355
"2024-05-19 20:00:00",0.665798682099798,0.602216264881048
"2024-05-19 21:00:00",0.822186577995232,-0.1491153882459
"2024-05-19 22:00:00",0.502152234147351,-0.419830027110081
"2024-05-19 23:00:00",-0.160768316058959,-0.794123671171734
"2024-05-20 00:00:00",-0.839385983706824,-0.569160326741004
"2024-05-20 01:00:00",-0.251824797504005,1.33185692030238
"2024-05-20 02:00:00",0.408881385137869,0.182208091039191
"2024-05-20 03:00:00",0.46505161895737,-0.0310496396061737
"2024-05-20 04:00:00",0.721351821594101,0.435085040284471
"2024-05-20 05:00:00",1.53305071870252,1.02326961518814
"2024-05-20 06:00:00",2.60989051457011,1.05940642829912
"2024-05-20 07:00:00",3.2780146023946,0.372161684574016
"2024-05-20 08:00:00",3.19198736000168,-0.391617437682437
"2024-05-20 09:00:00",2.58463814649519,-0.726420302090211
"2024-05-20 10:00:00",1.83442199237778,-0.733760551238523
"2024-05-20 11:00:00",-1.47425922885738,-4.87040339587366
"2024-05-20 12:00:00",-4.22533301855889,-1.20558229585022
"2024-05-20 13:00:00",-4.41063518987092,0.50912326195808
"2024-05-20 14:00:00",-3.62083572846457,0.945066526030106
"2024-05-20 15:00:00",-2.64057523410387,0.961807187696174
"2024-05-20 16:00:00",-1.54791679182923,1.13137134372808
"2024-05-20 17:00:00",-0.299093710736791,1.26977428395905
"2024-05-20 18:00:00",0.752128382862487,0.855955109885767
"2024-05-20 19:00:00",0.804923302739026,-0.48611412230629
"2024-05-20 20:00:00",0.556620067544533,-0.0790033353003492
"2024-05-20 21:00:00",0.474715934217992,-0.0806631924004886
"2024-05-20 22:00:00",0.557804981282474,0.187695305634285
"2024-05-20 23:00:00",0.834788287921722,0.322626780278548
"2024-05-21 00:00:00",1.28486515613962,0.512579088651925
"2024-05-21 01:00:00",1.74937754275576,0.408739458790923
"2024-05-21 02:00:00",2.11791853466799,0.321975395838197
"2024-05-21 03:00:00",2.37910384989028,0.205518781232199
"2024-05-21 04:00:00",2.75325864682935,0.465731607954031
"2024-05-21 05:00:00",3.34379088503761,0.642121701932541
"2024-05-21 06:00:00",3.82480596059803,0.346446152641759
"2024-05-21 07:00:00",4.264757049717,0.476451838019259
"2024-05-21 08:00:00",4.79475159879108,0.535008538479174
"2024-05-21 09:00:00",5.45103786356258,0.699771917561317
"2024-05-21 10:00:00",6.11680853550604,0.604442380123213
"2024-05-21 11:00:00",6.28454671908246,-0.139245927744974
"2024-05-21 12:00:00",6.33904895300851,0.172977340131222
"2024-05-21 13:00:00",6.3468722037348,-0.110817840394989
"2024-05-21 14:00:00",6.26194591970986,-0.0718084478004439
"2024-05-21 15:00:00",6.43533951284671,0.320550187770372
"2024-05-21 16:00:00",6.40895854777101,-0.264703433122258
"2024-05-21 17:00:00",6.26222455362385,-0.0693748824375307
"2024-05-21 18:00:00",6.54816325197606,0.501153314761012
"2024-05-21 19:00:00",7.29680725301728,0.869621985394969
"2024-05-21 20:00:00",8.36689622688394,1.14347879857899
"2024-05-21 21:00:00",9.46973645963978,1.01256050863491
"2024-05-21 22:00:00",9.9382922617136,0.0714239988695758
"2024-05-21 23:00:00",9.69497926213359,-0.454378479793638
"2024-05-22 00:00:00",9.76153925534318,0.398190639523019
"2024-05-22 01:00:00",8.83919424690371,-1.77143665493198
"2024-05-22 02:00:00",8.38852238949902,0.439848607595603
"2024-05-22 03:00:00",8.4783366426161,-0.158615366068222
"2024-05-22 04:00:00",8.17067554361533,-0.40332853069446
"2024-05-22 05:00:00",7.92427846109127,-0.140597952212168
"2024-05-22 06:00:00",7.44280429667385,-0.696052977564263
"2024-05-22 07:00:00",7.09016869512493,-0.116528303850537
"2024-05-22 08:00:00",7.08692430854636,0.0632947584664287
"2024-05-22 09:00:00",7.43946442335588,0.519482432065575
"2024-05-22 10:00:00",7.54860312626831,-0.179191819621403
"2024-05-22 11:00:00",7.5928660809163,0.181399840737581
"2024-05-22 12:00:00",4.1707957211527,-5.67151275295331
"2024-05-22 13:00:00",0.985645009141459,-1.38162220298804
"2024-05-22 14:00:00",0.0946345034223383,-0.52287142318193
"2024-05-22 15:00:00",-0.495491766593902,-0.607041600939421
"2024-05-22 16:00:00",-1.28969454623833,-0.880596294665166
"2024-05-22 17:00:00",-1.57975178451467,0.119074036782988
"2024-05-22 18:00:00",-1.09997686432942,0.69947517483756
"2024-05-22 19:00:00",-0.11833986964631,1.1245123599753
"2024-05-22 20:00:00",1.0127416826268,1.08186516364457
"2024-05-22 21:00:00",2.01751745752261,0.90433240462765
"2024-05-22 22:00:00",2.69778372917199,0.495965795506197
"2024-05-22 23:00:00",3.13300064359856,0.370560764831543
"2024-05-23 00:00:00",3.44484686941133,0.253847958526938
"2024-05-23 01:00:00",4.15245769732136,0.972050065562835
"2024-05-23 02:00:00",4.87476019729781,0.516132749033279
"2024-05-23 03:00:00",5.16914820703682,0.126289959634331
"2024-05-23 04:00:00",5.13510941360051,-0.145966261627257
"2024-05-23 05:00:00",4.74586226307128,-0.539551972384308
"2024-05-23 06:00:00",3.92503507475817,-0.975451145012397
"2024-05-23 07:00:00",2.75853408851102,-1.24349179928319
"2024-05-23 08:00:00",1.71848557897612,-0.85855414159482
"2024-05-23 09:00:00",1.07177209870149,-0.476971785074454
"2024-05-23 10:00:00",0.846807528396559,-0.047653510567165
"2024-05-23 11:00:00",1.08892426414181,0.422697209046248
"2024-05-23 12:00:00",1.49114340174702,0.368050942886757
"2024-05-23 13:00:00",1.46093263339409,-0.296199970605084
"2024-05-23 14:00:00",1.17901410416104,-0.260883693452139
"2024-05-23 15:00:00",1.18647641274501,0.184482741499136
"2024-05-23 16:00:00",1.45617127968992,0.312157374860774
"2024-05-23 17:00:00",1.96532645931671,0.614413685755789
"2024-05-23 18:00:00",2.02910272921337,-0.308872251481933
"2024-05-23 19:00:00",1.3086932471315,-0.963144293719023
"2024-05-23 20:00:00",0.964545207523622,0.0831764686964479
"2024-05-23 21:00:00",1.17137254472783,0.278188644674114
"2024-05-23 22:00:00",1.33933815749877,0.0849937905943409
"2024-05-23 23:00:00",1.36957983100819,-0.00942205083338371
"2024-05-24 00:00:00",1.39226955007656,0.0412541681799086
"2024-05-24 01:00:00",2.12841811599054,1.16262828461193
"2024-05-24 02:00:00",2.81380264933225,0.331915709949277
"2024-05-24 03:00:00",3.11618076366495,0.264692049436787
"2024-05-24 04:00:00",3.65014997940202,0.684094919998906
"2024-05-24 05:00:00",4.30662679057615,0.602166126499838
"2024-05-24 06:00:00",4.85333235532956,0.478203884594177
"2024-05-24 07:00:00",4.94383390833397,-0.178516855827643
"2024-05-24 08:00:00",4.46729182903988,-0.658947831338229
"2024-05-24 09:00:00",3.78632121688609,-0.669049464774831
"2024-05-24 10:00:00",3.2661536302417,-0.401075687326006
"2024-05-24 11:00:00",2.93285419770479,-0.276486603309752
"2024-05-24 12:00:00",2.88659951225948,0.105649394023861
"2024-05-24 13:00:00",2.89241969036866,-0.0647277377545632
"2024-05-24 14:00:00",2.69250647090828,-0.284262761634622
"2024-05-24 15:00:00",2.82115899329012,0.394341686062597
"2024-05-24 16:00:00",2.36154366146367,-1.01070509130316
"2024-05-24 17:00:00",1.34202840573217,-0.979984964601473
"2024-05-24 18:00:00",1.44436402073084,0.817278211806082
"2024-05-24 19:00:00",1.52393126019205,-0.417873944041717
"2024-05-24 20:00:00",1.18855552774771,-0.266404746715357
"2024-05-24 21:00:00",1.62329336392398,0.879968290349224
"2024-05-24 22:00:00",2.22773647921379,0.389948254325846
"2024-05-24 23:00:00",2.7128276255037,0.522596797328459
"2024-05-25 00:00:00",3.37126225233251,0.71420752033106
"2024-05-25 01:00:00",3.67937963731751,0.0184094722358163
"2024-05-25 02:00:00",3.99496799133654,0.49396646994736
"2024-05-25 03:00:00",4.47986862385219,0.450666778356441
"2024-05-25 04:00:00",4.60561718846402,-0.102608145057211
"2024-05-25 05:00:00",4.39819300674644,-0.273378472307632
"2024-05-25 06:00:00",4.20167241646624,-0.141611828956735
"2024-05-25 07:00:00",3.64313553839135,-0.815355153921929
"2024-05-25 08:00:00",2.87716271937745,-0.701347811703393
"2024-05-25 09:00:00",2.47313309966533,-0.190329115088448
"2024-05-25 10:00:00",2.45923607098122,0.101195882551053
"2024-05-25 11:00:00",2.67848046817882,0.284354762402246
"2024-05-25 12:00:00",2.84691407634304,0.0796988104528169
"2024-05-25 13:00:00",2.27221550363578,-0.987315331706641
"2024-05-25 14:00:00",1.90980582463444,0.0684805525260688
"2024-05-25 15:00:00",1.91310417635587,-0.0427734170027412
"2024-05-25 16:00:00",2.13517983407518,0.385620611505224
"2024-05-25 17:00:00",2.91678453953024,1.00569690060112
"2024-05-25 18:00:00",3.48155247019352,0.24022428998345
"2024-05-25 19:00:00",3.74326467642232,0.259114532301557
"2024-05-25 20:00:00",2.84902824854169,-1.62545407988277
"2024-05-25 21:00:00",1.67175145511494,-0.826224797250913
"2024-05-25 22:00:00",1.65754974462623,0.525658504101005
"2024-05-25 23:00:00",1.97810721900579,0.166457170268023
"2024-05-26 00:00:00",2.12596902441298,0.125889826832706
"2024-05-26 01:00:00",2.77549677280526,0.965009137274026
"2024-05-26 02:00:00",3.5330064643623,0.579606200311129
"2024-05-26 03:00:00",3.29365751670633,-0.778488722330321
"2024-05-26 04:00:00",2.90285988488425,-0.1180150159574
"2024-05-26 05:00:00",2.98435148401504,0.206880719009493
"2024-05-26 06:00:00",3.15663403215127,0.137185112652073
"2024-05-26 07:00:00",2.99961013394095,-0.349765872149736
"2024-05-26 08:00:00",2.89685182151584,0.0629283337888804
"2024-05-26 09:00:00",2.94048861391589,0.0249695193189556
"2024-05-26 10:00:00",2.93454294942222,-0.0300620051827206
"2024-05-26 11:00:00",3.15609335929811,0.374979810994292
"2024-05-26 12:00:00",3.6045925374509,0.47213193993393
"2024-05-26 13:00:00",2.52558064418831,-2.06646120572054
"2024-05-26 14:00:00",0.353856049677846,-2.14195449574413
"2024-05-26 15:00:00",-0.116583516881427,0.665783884025838
"2024-05-26 16:00:00",0.592389827935745,0.704226103148166
"2024-05-26 17:00:00",1.33338262791917,0.729528664190307
"2024-05-26 18:00:00",2.12855803052437,0.799434739736763
"2024-05-26 19:00:00",2.37190248839142,-0.141682550409229
"2024-05-26 20:00:00",2.54761513121552,0.375899685059711
"2024-05-26 21:00:00",3.07485499296447,0.59979466161981
"2024-05-26 22:00:00",3.70961478797605,0.623943867540779
"2024-05-26 23:00:00",4.21506265668398,0.397653120725559
"2024-05-27 00:00:00",4.48119808918081,0.16038036027525
"2024-05-27 01:00:00",4.68362825981106,0.21506909953685
"2024-05-27 02:00:00",4.96828475635536,0.311485313312959
"2024-05-27 03:00:00",5.26370103438964,0.264263667245951
"2024-05-27 04:00:00",5.56138231729561,0.299030911145112
"2024-05-27 05:00:00",5.61592643829385,-0.118202590802247
"2024-05-27 06:00:00",5.22159628581627,-0.566910423620871
"2024-05-27 07:00:00",4.37469359932611,-1.00004529349117
"2024-05-27 08:00:00",3.54308941572483,-0.685431924130614
"2024-05-27 09:00:00",3.14414925692711,-0.19355710804691
"2024-05-27 10:00:00",2.89556403883049,-0.277508931695584
"2024-05-27 11:00:00",2.52697999932912,-0.415516085866343
"2024-05-27 12:00:00",1.87950697151397,-0.774597127443461
"2024-05-27 13:00:00",1.41095072249581,-0.244688879638278
"2024-05-27 14:00:00",1.48487578574659,0.280999750135356
"2024-05-27 15:00:00",0.490647936198314,-1.79903354238254
"2024-05-27 16:00:00",-1.13566176032517,-1.43451346852372
"2024-05-27 17:00:00",-1.39816332371321,0.532763808273164
"2024-05-27 18:00:00",-0.500281419277603,1.10042474855021
"2024-05-27 19:00:00",-0.00458637229118708,0.0696382805346024
"2024-05-27 20:00:00",0.61227668779972,0.952366384463752
"2024-05-27 21:00:00",1.32909781765257,0.524941759138825
"2024-05-27 22:00:00",1.69351661461284,0.238375681855512
"2024-05-27 23:00:00",1.90643206855287,0.183642392037516
"2024-05-28 00:00:00",2.16636780053611,0.295988499542362
"2024-05-28 01:00:00",3.03860430489081,1.21215565434582
"2024-05-28 02:00:00",4.02372534008571,0.783039331255504
"2024-05-28 03:00:00",4.45540852709627,0.171751456029941
"2024-05-28 04:00:00",4.53857886794631,0.0144238415200767
"2024-05-28 05:00:00",4.58088194785166,0.0530303163907216
"2024-05-28 06:00:00",3.90043289710347,-1.14299542956891
"2024-05-28 07:00:00",1.92585217144448,-2.44015682205446
"2024-05-28 08:00:00",-0.965888644355292,-3.05785970052379
"2024-05-28 09:00:00",-3.55677184842605,-2.15520905984819
"2024-05-28 10:00:00",-4.9230343268861,-0.770799829627269
"2024-05-28 11:00:00",-5.87429503602288,-1.02001882963583
"2024-05-28 12:00:00",-6.62640583681947,-0.530199055690723
"2024-05-28 13:00:00",-6.54196475746072,0.498720412084934
"2024-05-28 14:00:00",-6.09986035891771,0.391782458241532
"2024-05-28 15:00:00",-5.47373483163734,0.760458768984223
"2024-05-28 16:00:00",-4.55340089388943,0.990235334936035
"2024-05-28 17:00:00",-3.6030002823394,0.884549644768912
"2024-05-28 18:00:00",-2.9619925959537,0.452831663632793
"2024-05-28 19:00:00",-2.72211174629662,0.0903338680396455
"2024-05-28 20:00:00",-3.19508256382352,-0.822517953512807
"2024-05-28 21:00:00",-3.73328991271282,-0.318977714250326
"2024-05-28 22:00:00",-3.95867795094302,-0.147474980140938
"2024-05-28 23:00:00",-4.07326497638977,-0.0821158561111474
"2024-05-29 00:00:00",-3.98041179024341,0.210333709581516
"2024-05-29 01:00:00",-3.15147935599214,1.20706341503596
"2024-05-29 02:00:00",-2.30305432192628,0.573081193531828
"2024-05-29 03:00:00",-2.01151411412453,0.0929632937873346
"2024-05-29 04:00:00",-1.57067526970531,0.654395606164357
"2024-05-29 05:00:00",-0.912859395733471,0.63086099175753
"2024-05-29 06:00:00",-0.208801561093669,0.720574835588862
"2024-05-29 07:00:00",0.445843129429443,0.579852769622089
"2024-05-29 08:00:00",0.66401207640935,-0.0338912836136032
"2024-05-29 09:00:00",0.620485835287384,-0.0487367415771479
"2024-05-29 10:00:00",0.510502966221591,-0.146386170362098
"2024-05-29 11:00:00",0.442306427049244,-0.013488176050919
"2024-05-29 12:00:00",0.7313112793084,0.47636018199344
"2024-05-29 13:00:00",0.0205933670868896,-1.46925943188745
"2024-05-29 14:00:00",-1.5217985275977,-1.51787911050185
"2024-05-29 15:00:00",-1.85057931882536,0.481522451029462
"2024-05-29 16:00:00",-1.76982356062732,-0.187870332206854
"2024-05-29 17:00:00",-1.44063840713564,0.660520901577918
"2024-05-29 18:00:00",-0.809003065002872,0.584220123063039
"2024-05-29 19:00:00",-0.33328019067492,0.381829030944503
"2024-05-29 20:00:00",0.177343738671035,0.572650685456867
"2024-05-29 21:00:00",0.741033136061324,0.530700624158825
"2024-05-29 22:00:00",1.34451596705974,0.62237147340326
"2024-05-29 23:00:00",1.35148843640789,-0.405350460276367
"2024-05-30 00:00:00",1.0525817600732,-0.215483022695498
"2024-05-30 01:00:00",1.17154299526382,0.334910989684027
"2024-05-30 02:00:00",1.4867393082414,0.285565846029671
"2024-05-30 03:00:00",1.50308025647113,-0.165831598993289
"2024-05-30 04:00:00",1.58118449879369,0.235077060429787
"2024-05-30 05:00:00",1.96088591045032,0.456035340885754
"2024-05-30 06:00:00",2.14067939634894,-0.0154350964520046
"2024-05-30 07:00:00",1.98988591914626,-0.23662373276667
"2024-05-30 08:00:00",1.63009163536446,-0.427373561114577
"2024-05-30 09:00:00",0.821174602574319,-1.02693635740346
"2024-05-30 10:00:00",0.121752594601607,-0.448904878382792
"2024-05-30 11:00:00",0.0698964200201447,0.215145767338567
"2024-05-30 12:00:00",-0.0266583041910508,-0.299853387714132
"2024-05-30 13:00:00",-0.725478369492855,-0.931551520469117
"2024-05-30 14:00:00",-2.06649723555649,-1.54933327746593
"2024-05-30 15:00:00",-3.98100018041452,-2.06430644430507
"2024-05-30 16:00:00",-4.70823137154906,0.203824695591708
"2024-05-30 17:00:00",-3.91647175222215,1.15215270526272
"2024-05-30 18:00:00",-2.8044199662301,1.03752105426388
"2024-05-30 19:00:00",-1.7331945530497,1.04640442609598
"2024-05-30 20:00:00",-0.955102985756209,0.564478328753757
"2024-05-30 21:00:00",-0.427603077482704,0.479012329801197
"2024-05-30 22:00:00",0.11747218881917,0.563765860367433
"2024-05-30 23:00:00",0.229386658332791,-0.194784174870701
"2024-05-31 00:00:00",0.337368863301076,0.304396213304634
"2024-05-31 01:00:00",0.818203853800688,0.575175151129835
"2024-05-31 02:00:00",1.45545397521912,0.647296685044501
"2024-05-31 03:00:00",1.65354337622747,-0.112665630166085
"2024-05-31 04:00:00",1.55715784703954,-0.083082882474234
"2024-05-31 05:00:00",1.37444767741694,-0.242451514899323
"2024-05-31 06:00:00",1.13389374314509,-0.229629040870249
"2024-05-31 07:00:00",0.57118382580253,-0.759481596930161
"2024-05-31 08:00:00",-0.187285850976567,-0.722489108222838
"2024-05-31 09:00:00",-0.545087151845851,-0.0974363837449154
"2024-05-31 10:00:00",0.0214418831047606,0.982946463468869
"2024-05-31 11:00:00",0.620347930665941,0.314396172800613
"2024-05-31 12:00:00",1.04185463850456,0.472083418206594
"2024-05-31 13:00:00",-0.238116871258604,-2.38850748237143
"2024-05-31 14:00:00",-1.24056359578931,-0.0304793848256133
"2024-05-31 15:00:00",-1.06027802029068,0.313824703151092
"2024-05-31 16:00:00",-0.563211220063422,0.596972107272217
"2024-05-31 17:00:00",0.160466074776281,0.77448306309205
"2024-05-31 18:00:00",0.719481660061792,0.388602191993816
"2024-05-31 19:00:00",0.668304895727403,-0.342853011315962
"2024-05-31 20:00:00",0.553834851967703,0.0423610613684244
"2024-05-31 21:00:00",0.889012826545615,0.51374483785955
"2024-05-31 22:00:00",1.18617789513792,0.137514326271282
"2024-05-31 23:00:00",1.2532683812465,0.015425452815184
"2024-06-01 00:00:00",1.46832468957144,0.336307001051577
"2024-06-01 01:00:00",2.66832204338364,1.71686600567999
"2024-06-01 02:00:00",3.91265726108535,0.866751621608455
"2024-06-01 03:00:00",4.32237758073861,0.0805264580550195
"2024-06-01 04:00:00",4.556536779642,0.319882402584061
"2024-06-01 05:00:00",5.00808690346445,0.51199821517636
"2024-06-01 06:00:00",5.3431477353482,0.194729296728189
"2024-06-01 07:00:00",5.42461966445326,-0.00478835644177278
"2024-06-01 08:00:00",5.30994346031577,-0.189474332211595
"2024-06-01 09:00:00",4.91932931125787,-0.512985729457632
"2024-06-01 10:00:00",4.41231013604218,-0.485287340677348
"2024-06-01 11:00:00",4.11217650315506,-0.168123441358098
"2024-06-01 12:00:00",4.06074725168912,0.0235105117962275
"2024-06-01 13:00:00",3.82604869846366,-0.4009149557995
"2024-06-01 14:00:00",3.08496103349707,-0.93757985631137
"2024-06-01 15:00:00",2.54510339499554,-0.253035556436277
"2024-06-01 16:00:00",2.29219113674579,-0.24409144205607
"2024-06-01 17:00:00",2.12928622809898,-0.103994039276953
"2024-06-01 18:00:00",2.38441920936668,0.479679402065648
"2024-06-01 19:00:00",2.61511694511847,0.0506776047973749
"2024-06-01 20:00:00",2.70029513241204,0.100760745656267
"2024-06-01 21:00:00",2.86679852195966,0.198939355050494
"2024-06-01 22:00:00",2.97498269742047,0.0388467589618903
"2024-06-01 23:00:00",2.86101030426515,-0.214267759966492
"2024-06-02 00:00:00",2.79626458009677,0.0343239371506618
"2024-06-02 01:00:00",3.07962332227266,0.432310858346529
"2024-06-02 02:00:00",3.61605122514736,0.576378993765273
"2024-06-02 03:00:00",4.08130924526903,0.364410233827603
"2024-06-02 04:00:00",4.52341733658162,0.467637937380264
"2024-06-02 05:00:00",4.84621958641051,0.205078546299705
"2024-06-02 06:00:00",4.79046041067291,-0.233243227120969
"2024-06-02 07:00:00",4.48702624067465,-0.341981310322843
"2024-06-02 08:00:00",4.03362795283361,-0.511911784055077
"2024-06-02 09:00:00",3.47993346690609,-0.56043565881401
"2024-06-02 10:00:00",2.5148576635498,-1.19345578322606
"2024-06-02 11:00:00",-0.0421413550863321,-3.3477461550253
"2024-06-02 12:00:00",-2.05278536909917,-1.0236588462895
"2024-06-02 13:00:00",-2.01260927655834,0.750123460040405
"2024-06-02 14:00:00",-0.878597278073477,1.33863928126439
"2024-06-02 15:00:00",-0.214821940971229,0.183463628402571
"2024-06-02 16:00:00",-0.117180563441315,0.036064474259035
"2024-06-02 17:00:00",-0.0735404753217477,0.0467676613823689
"2024-06-02 18:00:00",0.190813316264003,0.396941600419984
"2024-06-02 19:00:00",0.614783381214088,0.421596070413901
"2024-06-02 20:00:00",0.886649716717586,0.158337079517798
"2024-06-02 21:00:00",1.04934962700493,0.156734486824732
"2024-06-02 22:00:00",1.2369747229185,0.197950475737503
"2024-06-02 23:00:00",1.36995590767514,0.0817559158734673
"2024-06-03 00:00:00",1.28726475093244,-0.190156573177909
"2024-06-03 01:00:00",0.724996629749528,-0.78527843552528
"2024-06-03 02:00:00",0.485769386165537,0.13523442576012
"2024-06-03 03:00:00",0.596196281696867,0.0880154463022829
"2024-06-03 04:00:00",0.764362184372232,0.212839245136047
"2024-06-03 05:00:00",0.388438797590113,-0.751546486660178
"2024-06-03 06:00:00",-0.585084619266375,-1.07574486803071
"2024-06-03 07:00:00",-1.78301294724167,-1.2217038688399
"2024-06-03 08:00:00",-3.44943766353019,-1.88141525353014
"2024-06-03 09:00:00",-5.19327534057242,-1.5648098678212
"2024-06-03 10:00:00",-6.13008970226853,-0.466948922404681
"2024-06-03 11:00:00",-6.22298288716945,0.168786521156659
"2024-06-03 12:00:00",-5.8410556736337,0.513888578554213
"2024-06-03 13:00:00",-6.86853884708941,-1.99869486576591
"2024-06-03 14:00:00",-7.81352171956378,-0.18876434145288
"2024-06-03 15:00:00",-7.65050110745565,0.399861783970842
"2024-06-03 16:00:00",-7.21411265168829,0.449860662013127
"2024-06-03 17:00:00",-6.39820535585399,1.03045894228395
"2024-06-03 18:00:00",-5.20877207659741,1.24713797302571
"2024-06-03 19:00:00",-4.35965509200261,0.550136653803973
"2024-06-03 20:00:00",-3.48958863380758,1.04762222142448
"2024-06-03 21:00:00",-2.31469151090422,1.20841193500331
"2024-06-03 22:00:00",-1.40069287116455,0.677276502194208
"2024-06-03 23:00:00",-0.76074918528097,0.586450776669383
"2024-06-04 00:00:00",-0.189789980826728,0.534480347976247
"2024-06-04 01:00:00",0.179087292249449,0.241192841714308
"2024-06-04 02:00:00",0.588340671384552,0.501613614140713
"2024-06-04 03:00:00",0.982964427258306,0.303787989400477
"2024-06-04 04:00:00",1.15841973510319,0.0802974664452162
"2024-06-04 05:00:00",1.01455157951378,-0.287965588806633
"2024-06-04 06:00:00",0.436982866076916,-0.744495851048365
"2024-06-04 07:00:00",-0.297653569932645,-0.693717246780915
"2024-06-04 08:00:00",-1.20104242357086,-0.999855548370859
"2024-06-04 09:00:00",-2.13675102740197,-0.846932767854171
"2024-06-04 10:00:00",-2.81305902516899,-0.527668945179496
"2024-06-04 11:00:00",-3.13443109074869,-0.164946848618284
"2024-06-04 12:00:00",-3.41818215125195,-0.345429846806542
"2024-06-04 13:00:00",-3.77299438973589,-0.339801956343511
"2024-06-04 14:00:00",-4.35428540761199,-0.709796563431297
"2024-06-04 15:00:00",-4.71837330192189,-0.11070720967468
"2024-06-04 16:00:00",-4.33641240764819,0.69833028187546
"2024-06-04 17:00:00",-3.56152004973947,0.794698374179405
"2024-06-04 18:00:00",-2.68807136350261,0.889031645561661
"2024-06-04 19:00:00",-2.04895585841953,0.44560104127711
"2024-06-04 20:00:00",-2.63067124714544,-1.23629841020685
"2024-06-04 21:00:00",-3.03110728513667,0.179214454962828
"2024-06-04 22:00:00",-2.53130690612428,0.693676393118159
"2024-06-04 23:00:00",-2.14961676187357,0.158826989624159
"2024-06-05 00:00:00",-2.0589575141283,0.0436767726104755
"2024-06-05 01:00:00",-2.10178741034281,-0.0958116206943156
"2024-06-05 02:00:00",-1.69376611440218,0.72722367140619
"2024-06-05 03:00:00",-1.01957549201427,0.608981328862354
"2024-06-05 04:00:00",-0.125360231991135,1.04318928467263
"2024-06-05 05:00:00",1.04458924032107,1.19902112675723
"2024-06-05 06:00:00",2.00929329779944,0.761307149676384
"2024-06-05 07:00:00",2.0924781757832,-0.375431050128159
"2024-06-05 08:00:00",0.846244120459663,-1.77023569203153
"2024-06-05 09:00:00",-0.508651895697563,-1.01471425996533
"2024-06-05 10:00:00",-0.934300190412997,-0.0120623121193066
"2024-06-05 11:00:00",-1.59685707654744,-1.06352438954319
"2024-06-05 12:00:00",-2.99647304414593,-1.555106676441
"2024-06-05 13:00:00",-4.25665718057211,-0.999828052308883
"2024-06-05 14:00:00",-4.23415713585166,0.708456506337868
"2024-06-05 15:00:00",-4.18943429008223,-0.394427863038295
"2024-06-05 16:00:00",-4.35012588414425,0.00816439825807549
"2024-06-05 17:00:00",-4.18730590874957,0.263790402662907
"2024-06-05 18:00:00",-3.87912825583886,0.328519992858158
"2024-06-05 19:00:00",-3.51949195950473,0.368289090003433
"2024-06-05 20:00:00",-2.60350514246712,1.24212055777297
"2024-06-05 21:00:00",-1.46195233991702,1.02361777613028
"2024-06-05 22:00:00",-1.33911530373876,-0.481626573662472
"2024-06-05 23:00:00",-1.14362628903608,0.639327839241138
"2024-06-06 00:00:00",-1.01114689301112,-0.210235515999841
"2024-06-06 01:00:00",-1.24591702808159,-0.238667185789735
"2024-06-06 02:00:00",-1.34164309429035,0.00572072644628888
"2024-06-06 03:00:00",-1.76213798897072,-0.682923354546805
"2024-06-06 04:00:00",-2.28311957697123,-0.385994842435641
"2024-06-06 05:00:00",-2.53220430338566,-0.143034495159387
"2024-06-06 06:00:00",-2.74411756667766,-0.244498696031826
"2024-06-06 07:00:00",-3.03560802813587,-0.305430277989964
"2024-06-06 08:00:00",-3.51667778244379,-0.571388961630255
"2024-06-06 09:00:00",-3.97386123609981,-0.354791096309435
"2024-06-06 10:00:00",-4.27066422833947,-0.238920322221198
"2024-06-06 11:00:00",-4.11253606684831,0.420811685206059
"2024-06-06 12:00:00",-3.7012708765371,0.390657306582246
"2024-06-06 13:00:00",-4.12115456647097,-0.935513171963573
"2024-06-06 14:00:00",-4.50064076415056,0.0145356254441785
"2024-06-06 15:00:00",-4.63694687390973,-0.224588881211823
"2024-06-06 16:00:00",-4.34592686181503,0.626899527169963
"2024-06-06 17:00:00",-3.50593999715774,0.947727193930064
"2024-06-06 18:00:00",-2.88760362594791,0.373880994921961
"2024-06-06 19:00:00",-2.80392926162427,-0.110048649615082
"2024-06-06 20:00:00",-2.72652862647137,0.202299814378682
"2024-06-06 21:00:00",-2.53823873177932,0.173516084326568
"2024-06-06 22:00:00",-1.90572201541343,0.91172593871476
"2024-06-06 23:00:00",-1.61304181334518,-0.131462246805131
"2024-06-07 00:00:00",-1.93206595279944,-0.426824906014399
"2024-06-07 01:00:00",-1.57318020380713,0.868119626205375
"2024-06-07 02:00:00",-1.01368543434874,0.329188705616282
"2024-06-07 03:00:00",-1.17142582711923,-0.473552349538128
"2024-06-07 04:00:00",-1.22079307920757,0.237273425093682
"2024-06-07 05:00:00",-0.591941411060528,0.861589897267644
"2024-06-07 06:00:00",-0.369817324708812,-0.21397166586024
"2024-06-07 07:00:00",-0.914983110896472,-0.739575659915247
"2024-06-07 08:00:00",-1.68139121562127,-0.746697834997295
"2024-06-07 09:00:00",-2.39343961719391,-0.652946454150183
"2024-06-07 10:00:00",-2.9387829742369,-0.444610630375658
"2024-06-07 11:00:00",-3.68334898896693,-0.905364688002902
"2024-06-07 12:00:00",-4.23520277745079,-0.285213756023011
"2024-06-07 13:00:00",-4.12531824521316,0.373514758418619
"2024-06-07 14:00:00",-4.1169572972884,-0.230152248877449
"2024-06-07 15:00:00",-4.27592365273373,-0.098650823394099
"2024-06-07 16:00:00",-4.28919430184874,0.0497890538506696
"2024-06-07 17:00:00",-4.20504173003176,0.108589357377941
"2024-06-07 18:00:00",-3.70561980146739,0.741658959366214
"2024-06-07 19:00:00",-2.43555560738108,1.56675080493342
"2024-06-07 20:00:00",-1.38406857624486,0.66115611597766
"2024-06-07 21:00:00",-3.30118904853284,-3.54305862734419
"2024-06-07 22:00:00",-4.86193094884588,-0.160800413726
"2024-06-07 23:00:00",-4.83922749933003,0.150223499322861
"2024-06-08 00:00:00",-4.7837260194857,-0.00404705244048786
"2024-06-08 01:00:00",-5.14763089853049,-0.580349225415951
"2024-06-08 02:00:00",-5.54683525330225,-0.252840000719064
"2024-06-08 03:00:00",-5.56308695366257,0.14939106412687
"2024-06-08 04:00:00",-4.26814710346149,2.00425998675121
"2024-06-08 05:00:00",-2.55762983358402,1.43890933807644
"2024-06-08 06:00:00",-1.21541553948286,1.21726661169697
"2024-06-08 07:00:00",-0.112661014958817,0.975578417020607
"2024-06-08 08:00:00",0.344782972750443,0.0904346063031754
"2024-06-08 09:00:00",0.418768697124938,0.0590599486222735
"2024-06-08 10:00:00",0.431331732803935,-0.0195709929960934
"2024-06-08 11:00:00",0.635978362085446,0.343842027916374
"2024-06-08 12:00:00",0.511529884833577,-0.431542675344772
"2024-06-08 13:00:00",0.850810700805503,0.836372892080033
"2024-06-08 14:00:00",1.15932779259199,-0.0591377091027188
"2024-06-08 15:00:00",1.15431156244209,0.0298086089601901
"2024-06-08 16:00:00",1.0402674079237,-0.206012511034356
"2024-06-08 17:00:00",1.33250410879929,0.609169840846662
"2024-06-08 18:00:00",1.4845444365436,-0.161649445136839
"2024-06-08 19:00:00",1.07060772576853,-0.564368348081705
"2024-06-08 20:00:00",0.457198513329999,-0.618333338101345
"2024-06-08 21:00:00",0.638553229587958,0.705264066904527
"2024-06-08 22:00:00",0.104706909844269,-1.33536074454216
"2024-06-08 23:00:00",-1.22538920090508,-1.26351602686532
"2024-06-09 00:00:00",-1.74140157123265,0.00841458099202208
"2024-06-09 01:00:00",-2.12996353191373,-0.632500336006546
"2024-06-09 02:00:00",-2.95346602303529,-0.908958137122279
"2024-06-09 03:00:00",-3.39664960894009,-0.107806846783681
"2024-06-09 04:00:00",-3.26485842762627,0.289634774588063
"2024-06-09 05:00:00",-3.11467155704338,0.0542934721289357
"2024-06-09 06:00:00",-3.4360588258617,-0.552551192194128
"2024-06-09 07:00:00",-4.2571848495317,-0.956725812216671
"2024-06-09 08:00:00",-5.17083826348272,-0.836036954524285
"2024-06-09 09:00:00",-5.79713853461304,-0.450053674025284
"2024-06-09 10:00:00",-6.07494343732992,-0.142303052481284
"2024-06-09 11:00:00",-5.79990314951618,0.548022884359917
"2024-06-09 12:00:00",-5.45664955289934,0.197905586280675
"2024-06-09 13:00:00",-4.40370016778645,1.57996488179214
"2024-06-09 14:00:00",-3.29125130403275,0.753588522889852
"2024-06-09 15:00:00",-3.39233517856314,-0.661811304726826
"2024-06-09 16:00:00",-3.3204383686507,0.561982139622392
"2024-06-09 17:00:00",-2.81224049983689,0.452471760971496
"2024-06-09 18:00:00",-2.57263113142172,0.089941264128767
"2024-06-09 19:00:00",-2.96136902106975,-0.686064273135629
"2024-06-09 20:00:00",-3.53609015976807,-0.469367251315777
"2024-06-09 21:00:00",-4.51593563276353,-1.26904031506842
"2024-06-09 22:00:00",-5.10447467160947,-0.101092981233233
"2024-06-09 23:00:00",-4.34936490277157,1.29659722271598
"2024-06-10 00:00:00",-4.41880326203104,-0.97120910822233
"2024-06-10 01:00:00",-4.59643829146562,0.365540563055222
"2024-06-10 02:00:00",-4.58647339701204,-0.221632117667933
"2024-06-10 03:00:00",-4.78589980601971,-0.169236129146721
"2024-06-10 04:00:00",-4.38541438883163,0.767429638648274
"2024-06-10 05:00:00",-3.73102602951678,0.55358369248398
"2024-06-10 06:00:00",-3.47123673470896,0.0563924387395306
"2024-06-10 07:00:00",-3.75631838409531,-0.494707274543669
"2024-06-10 08:00:00",-4.40694445354787,-0.718812466820636
"2024-06-10 09:00:00",-4.70801223912445,-0.00259072380729294
"2024-06-10 10:00:00",-4.89476466388985,-0.294583736641361
"2024-06-10 11:00:00",-5.52918370712216,-0.824517525535183
"2024-06-10 12:00:00",-5.93866671579428,-0.106214758270686
"2024-06-10 13:00:00",-5.83879218336898,0.240171636014643
"2024-06-10 14:00:00",-5.99831284874436,-0.410873531988591
"2024-06-10 15:00:00",-6.14946528587625,0.0369040979299566
"2024-06-10 16:00:00",-5.89608931194441,0.393572028294276
"2024-06-10 17:00:00",-5.40625981683207,0.53832134674905
"2024-06-10 18:00:00",-5.72493490547842,-0.867886665895255
"2024-06-10 19:00:00",-6.32633825697638,-0.387795385893427
"2024-06-10 20:00:00",-5.95107389154222,0.874282034388765
"2024-06-10 21:00:00",-5.05696524645244,0.872507221839508
"2024-06-10 22:00:00",-4.27286014022704,0.694427571844845
"2024-06-10 23:00:00",-3.58586693519919,0.65489755774525
"2024-06-11 00:00:00",-2.84024589380883,0.775291640936573
"2024-06-11 01:00:00",-2.37568398273583,0.238996505959365
"2024-06-11 02:00:00",-2.79428581347251,-0.834040322393704
"2024-06-11 03:00:00",-3.59939601501609,-0.743964756641622
"2024-06-11 04:00:00",-3.82028300828892,0.142960192647729
"2024-06-11 05:00:00",-4.18058855814672,-0.673766083052522
"2024-06-11 06:00:00",-5.00463947180349,-0.879693648512462
"2024-06-11 07:00:00",-6.56210439985278,-1.92884611788447
"2024-06-11 08:00:00",-7.93319808668791,-0.925655630810766
"2024-06-11 09:00:00",-9.70844025565528,-2.24704256518077
"2024-06-11 10:00:00",-10.6196155073158,0.0351966134557445
"2024-06-11 11:00:00",-9.62171265361165,1.60596084882879
"2024-06-11 12:00:00",-8.3482773011453,1.00364110459858
"2024-06-11 13:00:00",-9.6294706486786,-2.73275151915169
"2024-06-11 14:00:00",-9.97647705083013,1.2723614617224
"2024-06-11 15:00:00",-8.85310962779678,0.983513690626663
"2024-06-11 16:00:00",-7.89359736021286,0.909324261786308
"2024-06-11 17:00:00",-7.112940990661,0.667954591575216
"2024-06-11 18:00:00",-6.66592470449993,0.28765035152833
"2024-06-11 19:00:00",-6.4883654611616,0.104318592777792
"2024-06-11 20:00:00",-6.30004247618692,0.243736858364729
"2024-06-11 21:00:00",-6.1215180255643,0.134685087472979
"2024-06-11 22:00:00",-6.10702603260783,-0.0584358704219516
"2024-06-11 23:00:00",-6.23075324431843,-0.153505111766847
"2024-06-12 00:00:00",-6.32372886176817,-0.0401762405361931
"2024-06-12 01:00:00",-6.36763852955394,-0.0361632885229612
"2024-06-12 02:00:00",-6.15672339532592,0.373814056946264
"2024-06-12 03:00:00",-5.92419820157599,0.135218290339164
"2024-06-12 04:00:00",-5.47268546508109,0.648550435814469
"2024-06-12 05:00:00",-4.81415866981117,0.640936897739187
"2024-06-12 06:00:00",-4.51512100807595,0.0631021185996649
"2024-06-12 07:00:00",-4.76809610639585,-0.445850300259605
"2024-06-12 08:00:00",-5.5981219131348,-1.04055203930644
"2024-06-12 09:00:00",-6.36245700874807,-0.536659152461136
"2024-06-12 10:00:00",-7.18387623646934,-0.964024119496994
"2024-06-12 11:00:00",-8.75352013407412,-1.88953800808085
"2024-06-12 12:00:00",-9.26168066712292,0.448169420382537
"2024-06-12 13:00:00",-8.68440824257617,0.647842585361789
"2024-06-12 14:00:00",-8.60757305176129,-0.296290436462602
"2024-06-12 15:00:00",-8.6361313175912,0.162375581220785
"2024-06-12 16:00:00",-8.22120966468847,0.57469452456111
"2024-06-12 17:00:00",-7.50794809529427,0.782338120802905
"2024-06-12 18:00:00",-6.70302527637229,0.791404323979166
"2024-06-12 19:00:00",-6.60655161604006,-0.362752491530806
"2024-06-12 20:00:00",-6.55122857454927,0.339919608570279
"2024-06-12 21:00:00",-6.09041918334342,0.527945735312437
"2024-06-12 22:00:00",-5.77841064217791,0.161074488444298
"2024-06-12 23:00:00",-5.9250100753044,-0.337299566614351
"2024-06-13 00:00:00",-5.84191911184964,0.367033090534849
"2024-06-13 01:00:00",-6.68218332815244,-1.59765878993674
"2024-06-13 02:00:00",-7.31864604131298,0.0431787665969071
"2024-06-13 03:00:00",-7.11802904961251,0.305471618475113
"2024-06-13 04:00:00",-6.51532607379825,0.7813860664073
"2024-06-13 05:00:00",-5.85866783148168,0.550699408941365
"2024-06-13 06:00:00",-5.8072611339624,-0.276342840627415
"2024-06-13 07:00:00",-6.09896789385419,-0.280604270379268
"2024-06-13 08:00:00",-6.54779711572235,-0.531790113416549
"2024-06-13 09:00:00",-7.25876082191467,-0.788188746915967
"2024-06-13 10:00:00",-7.87238690560973,-0.458740218154579
"2024-06-13 11:00:00",-8.22066633682974,-0.24794581368081
"2024-06-13 12:00:00",-8.24005714829194,0.14449116713256
"2024-06-13 13:00:00",-8.04750738484148,0.226056546646278
"2024-06-13 14:00:00",-7.94774139584763,0.0212028749558726
"2024-06-13 15:00:00",-7.8173207036829,0.207275256530053
"2024-06-13 16:00:00",-7.44656253538452,0.472200108685754
"2024-06-13 17:00:00",-6.78428048134188,0.767125598591591
"2024-06-13 18:00:00",-5.95301443098614,0.843266594330916
"2024-06-13 19:00:00",-6.33050437969841,-1.16570477354469
"2024-06-13 20:00:00",-5.80850356871239,1.63047115819305
"2024-06-13 21:00:00",-5.73581705243935,-0.961788220616046
"2024-06-13 22:00:00",-6.80295249598591,-1.07926499861354
"2024-06-13 23:00:00",-7.33641326637768,-0.135481470198713
"2024-06-14 00:00:00",-6.9183652698317,0.776649698882567
"2024-06-14 01:00:00",-6.35136515825403,0.409207578064158
"2024-06-14 02:00:00",-5.6152410037483,0.927269048101863
"2024-06-14 03:00:00",-4.47033979982715,1.24281766011022
"2024-06-14 04:00:00",-3.53129432759094,0.697671728079444
"2024-06-14 05:00:00",-2.94982808726016,0.480916733724438
"2024-06-14 06:00:00",-2.83370654582824,-0.128788026251455
"2024-06-14 07:00:00",-3.28578662573234,-0.642470414271908
"2024-06-14 08:00:00",-3.94929540934268,-0.641770564732301
"2024-06-14 09:00:00",-4.48117329257076,-0.428253794434056
"2024-06-14 10:00:00",-5.18040774157478,-0.840883571819092
"2024-06-14 11:00:00",-5.35099740504134,0.291047147499381
"2024-06-14 12:00:00",-6.30040898746972,-1.72435938449943
"2024-06-14 13:00:00",-7.24212625216803,-0.367096195983243
"2024-06-14 14:00:00",-8.00619139408401,-0.98306657380973
"2024-06-14 15:00:00",-8.27836727057913,0.224993606834306
"2024-06-14 16:00:00",-7.26487573054761,1.50165494110305
"2024-06-14 17:00:00",-5.72017057722725,1.50936290070846
"2024-06-14 18:00:00",-5.11767468341965,-0.0233311178397778
"2024-06-14 19:00:00",-4.79325671307908,0.54742525530352
"2024-06-14 20:00:00",-3.84682497186163,1.17363430864707
"2024-06-14 21:00:00",-3.4007610401573,-0.0552144533254162
"2024-06-14 22:00:00",-3.31187168500139,0.185115177092006
"2024-06-14 23:00:00",-2.94359387033954,0.477151513206289
"2024-06-15 00:00:00",-2.61701756801558,0.214468932200892
"2024-06-15 01:00:00",-2.06172081190377,0.759496395550526
"2024-06-15 02:00:00",-1.48156853668846,0.435679811426906
"2024-06-15 03:00:00",-1.1147170923117,0.30544324021693
"2024-06-15 04:00:00",-0.410059080761213,0.938748215665668
"2024-06-15 05:00:00",0.359067930211564,0.620028099240045
"2024-06-15 06:00:00",0.67814278677163,0.102817828801994
"2024-06-15 07:00:00",-0.325815558391542,-1.69496304704476
"2024-06-15 08:00:00",-1.68297588362221,-1.06705108811298
"2024-06-15 09:00:00",-3.72911630542522,-2.59945565334875
"2024-06-15 10:00:00",-4.78007659960915,0.036098768835727
"2024-06-15 11:00:00",-5.07837911829152,-0.500898210606921
"2024-06-15 12:00:00",-4.28690855132466,1.62196898697944
"2024-06-15 13:00:00",-4.12001518529293,-0.805547217773093
"2024-06-15 14:00:00",-3.56659429198286,1.43839514207081
"2024-06-15 15:00:00",-2.62526403429167,0.569823760905214
"2024-06-15 16:00:00",-2.23829178459229,0.250067534857616
"2024-06-15 17:00:00",-1.85216835926919,0.461361734526274
"2024-06-15 18:00:00",-1.70580608922017,-0.0682021666682118
"2024-06-15 19:00:00",-2.53720512063503,-1.29848269539009
"2024-06-15 20:00:00",-3.41466704398762,-0.551820297012699
"2024-06-15 21:00:00",-4.26558259638614,-1.00547393224293
"2024-06-15 22:00:00",-4.88588049612316,-0.328545451733145
"2024-06-15 23:00:00",-3.70659158584986,2.13475169288397
"2024-06-16 00:00:00",-4.18562571477244,-2.19398885166551
"2024-06-16 01:00:00",-4.50159822598998,0.956425600119237
"2024-06-16 02:00:00",-4.25696914086213,-0.235717777363777
"2024-06-16 03:00:00",-4.49380750565238,-0.220845491674259
"2024-06-16 04:00:00",-3.65346501773684,1.51364734347334
"2024-06-16 05:00:00",-1.96450085856327,1.73028940773876
"2024-06-16 06:00:00",-0.524526915460908,1.18053838395765
"2024-06-16 07:00:00",0.444361475853144,0.782425731789573
"2024-06-16 08:00:00",0.99389528751916,0.36758906134234
"2024-06-16 09:00:00",0.734511959928124,-0.666312852113276
"2024-06-16 10:00:00",0.185651533145258,-0.445425128230255
"2024-06-16 11:00:00",-0.184138898790278,-0.302035179868545
"2024-06-16 12:00:00",-0.191718711817665,0.189317913720715
"2024-06-16 13:00:00",-1.17355877747995,-1.7156953920254
"2024-06-16 14:00:00",-2.27589011741843,-0.639534567237891
"2024-06-16 15:00:00",-2.34061456719114,0.324484181372706
"2024-06-16 16:00:00",-1.70928083707545,0.80891216933233
"2024-06-16 17:00:00",-0.976632113347623,0.649194861838344
"2024-06-16 18:00:00",-0.335371770999036,0.606756956741477
"2024-06-16 19:00:00",-0.661438057387394,-0.932011313248549
"2024-06-16 20:00:00",-0.987409122795341,0.0943911959360392
"2024-06-16 21:00:00",-0.912912401145931,0.058966297842641
"2024-06-16 22:00:00",-0.898742817648711,-0.0151913422666435
"2024-06-16 23:00:00",-0.461865959658859,0.718648570324791
"2024-06-17 00:00:00",0.789073461575985,1.54694530890314
"2024-06-17 01:00:00",0.712420904983354,-1.15640714620278
"2024-06-17 02:00:00",0.236223731130304,-0.00102096622831638
"2024-06-17 03:00:00",0.386033667956491,0.242938903011543
"2024-06-17 04:00:00",0.792635220735245,0.495889255147065
"2024-06-17 05:00:00",1.3056412962344,0.499017990839267
"2024-06-17 06:00:00",1.59545071522329,0.134885395287939
"2024-06-17 07:00:00",1.40640965057881,-0.39806116707888
"2024-06-17 08:00:00",1.19770430749624,-0.074365011406189
"2024-06-17 09:00:00",1.01727407844288,-0.244108606461347
"2024-06-17 10:00:00",-0.454866660160001,-2.22217065564587
"2024-06-17 11:00:00",-2.18076473893189,-1.31245558241621
"2024-06-17 12:00:00",-1.49233065279021,1.99243415329284
"2024-06-17 13:00:00",-0.436725167911953,0.38282491735082
"2024-06-17 14:00:00",-0.0208799377992969,0.4186604638027
"2024-06-17 15:00:00",0.311380232972287,0.258899065507524
"2024-06-17 16:00:00",0.343326100160653,-0.121272996732333
"2024-06-17 17:00:00",0.644460464326513,0.567982389434835
"2024-06-17 18:00:00",0.244200446080468,-1.02755439127661
"2024-06-17 19:00:00",-0.398869038989507,-0.356506975839844
"2024-06-17 20:00:00",0.497980231516037,1.69030225160122
"2024-06-17 21:00:00",0.904565546449701,-0.469173872049884
"2024-06-17 22:00:00",0.722142342593763,0.0162436897268154
"2024-06-17 23:00:00",-0.192764353477089,-1.4931178938708
"2024-06-18 00:00:00",-1.0827712560118,-0.445398756294843
"2024-06-18 01:00:00",-0.68776678905599,0.9378887040383
"2024-06-18 02:00:00",-0.883437001905085,-0.941179002114451
"2024-06-18 03:00:00",-1.43784085318566,-0.269074803337815
"2024-06-18 04:00:00",-0.520540652522705,1.66646677481656
"2024-06-18 05:00:00",0.977733972422566,1.31562214044438
"2024-06-18 06:00:00",1.94214994801772,0.683194160713768
"2024-06-18 07:00:00",1.95983491895395,-0.429323343983812
"2024-06-18 08:00:00",1.53462034198685,-0.404794956638037
"2024-06-18 09:00:00",1.25540532814058,-0.184205854827788
"2024-06-18 10:00:00",1.2822899818565,0.164714028356434
"2024-06-18 11:00:00",1.55336398596963,0.327445839830663
"2024-06-18 12:00:00",1.92981000771412,0.389222126221598
"2024-06-18 13:00:00",2.21844021204915,0.205367790546931
"2024-06-18 14:00:00",2.61365735402998,0.500142099029259
"2024-06-18 15:00:00",2.28683590423982,-0.865958761743878
"2024-06-18 16:00:00",1.78986057906682,-0.230321386009587
"2024-06-18 17:00:00",1.06875062762124,-1.01633652061163
"2024-06-18 18:00:00",-0.525001435882195,-1.90433236297095
"2024-06-18 19:00:00",-0.906326669628819,0.65279252719717
"2024-06-18 20:00:00",-0.572774318335241,0.106046861608311
"2024-06-18 21:00:00",0.342405331127962,1.41184171199011
"2024-06-18 22:00:00",1.1013415046751,0.287167794014437
"2024-06-18 23:00:00",1.590999064895,0.599961058506319
"2024-06-19 00:00:00",2.08357182828743,0.395524881726121
"2024-06-19 01:00:00",2.60092455269465,0.571300762241133
"2024-06-19 02:00:00",3.3252384218878,0.788550412596237
"2024-06-19 03:00:00",3.57174048226447,-0.130855904154056
"2024-06-19 04:00:00",2.52392609922385,-1.61392076146255
"2024-06-19 05:00:00",1.14610937319598,-1.15819605245898
"2024-06-19 06:00:00",-0.56362391852652,-1.9976500112395
"2024-06-19 07:00:00",-2.12312303159105,-1.1925707750326
"2024-06-19 08:00:00",-3.16622979813127,-0.891162169041101
"2024-06-19 09:00:00",-3.89119947788891,-0.575646477358782
"2024-06-19 10:00:00",-3.96183116434823,0.274409702521078
"2024-06-19 11:00:00",-4.67205520195152,-1.32778084250007
"2024-06-19 12:00:00",-6.46082324928672,-2.0050661557276
"2024-06-19 13:00:00",-8.17411544337406,-1.4290395764726
"2024-06-19 14:00:00",-8.96760680288119,-0.32156038416177
"2024-06-19 15:00:00",-9.04238728902871,0.104845803488971
"2024-06-19 16:00:00",-8.65743493964505,0.565046181527734
"2024-06-19 17:00:00",-7.38255363107306,1.69867111684777
"2024-06-19 18:00:00",-5.91874090580434,1.24719679857319
"2024-06-19 19:00:00",-5.2259013781246,0.297977838098978
"2024-06-19 20:00:00",-5.20529008927174,-0.158541978488721
"2024-06-19 21:00:00",-5.09195831726498,0.295899935197759
"2024-06-19 22:00:00",-5.32741094907614,-0.571931653181966
"2024-06-19 23:00:00",-5.87068293955558,-0.491485057426208
"2024-06-20 00:00:00",-6.12697405880558,-0.079754086216514
"2024-06-20 01:00:00",-5.98354879690042,0.293288693795688
"2024-06-20 02:00:00",-5.43449405538923,0.701182203114093
"2024-06-20 03:00:00",-5.13461183537375,0.025106077088058
"2024-06-20 04:00:00",-4.63902511360977,0.792301656858164
"2024-06-20 05:00:00",-3.91451501109267,0.650866070397996
"2024-06-20 06:00:00",-3.6867207764928,-0.0600292949954235
"2024-06-20 07:00:00",-3.87789121735172,-0.264761404185745
"2024-06-20 08:00:00",-4.32437547960696,-0.541417106731144
"2024-06-20 09:00:00",-4.50776898582846,0.0695719708582209
"2024-06-20 10:00:00",-4.02183258064663,0.746225306666211
"2024-06-20 11:00:00",-3.39382282279436,0.524540620617921
"2024-06-20 12:00:00",-2.98587534168599,0.315207899088581
"2024-06-20 13:00:00",-3.0351896474821,-0.286134029493019
"2024-06-20 14:00:00",-2.92040121196748,0.380522018506921
"2024-06-20 15:00:00",-2.54112890458383,0.364179620749278
"2024-06-20 16:00:00",-2.02396144832578,0.597856644414628
"2024-06-20 17:00:00",-1.23109210959624,0.887807029676025
"2024-06-20 18:00:00",-0.504911203917006,0.585510708516748
"2024-06-20 19:00:00",-0.308421247867913,-0.0715392766326295
"2024-06-20 20:00:00",0.396745344063986,1.18985011512209
"2024-06-20 21:00:00",1.02003452709411,0.21545873647934
"2024-06-20 22:00:00",0.913670129158908,-0.317169570334761
"2024-06-20 23:00:00",0.967931806259359,0.298122489986674
"2024-06-21 00:00:00",1.31021317934275,0.354207867097487
"2024-06-21 01:00:00",1.00666396231715,-0.729310395800807
"2024-06-21 02:00:00",0.880271731047875,0.280255309482135
"2024-06-21 03:00:00",1.2059317983443,0.339319922568789
"2024-06-21 04:00:00",1.72774635147178,0.617125332169229
"2024-06-21 05:00:00",2.13312185998429,0.242721796560816
"2024-06-21 06:00:00",2.39215590705106,0.25485083387813
"2024-06-21 07:00:00",1.65937954984293,-1.35944481068183
"2024-06-21 08:00:00",1.06731951746423,-0.054482788448932
"2024-06-21 09:00:00",1.63027372867774,0.946445351363552
"2024-06-21 10:00:00",3.0249888409935,1.62517983671123
"2024-06-21 11:00:00",4.26307927130078,0.917303941031731
"2024-06-21 12:00:00",4.93807040110118,0.475883457366072
"2024-06-21 13:00:00",4.43890681939474,-1.13182719226259
"2024-06-21 14:00:00",1.46351476529705,-4.06874574978165
"2024-06-21 15:00:00",-1.11630494324976,-1.46651363770929
"2024-06-21 16:00:00",-1.2478104126444,0.766172446867401
"2024-06-21 17:00:00",-1.10511047388887,-0.278114457506156
"2024-06-21 18:00:00",-0.26190381286297,1.55209683405228
"2024-06-21 19:00:00",1.18563475287308,1.30938561817197
"2024-06-21 20:00:00",2.28164463981178,0.900152315832317
"2024-06-21 21:00:00",3.19440260062371,0.874847793062226
"2024-06-21 22:00:00",3.8528403775145,0.478762039274758
"2024-06-21 23:00:00",4.03978501119516,-0.0214452557186424
"2024-06-22 00:00:00",4.39064908383103,0.577187609683799
"2024-06-22 01:00:00",5.06826769465995,0.706713707240369
"2024-06-22 02:00:00",5.62920518683791,0.43056865546045
"2024-06-22 03:00:00",5.66506287077112,-0.236236217329474
"2024-06-22 04:00:00",5.16628529480275,-0.657400574150145
"2024-06-22 05:00:00",4.03372416762553,-1.40216814837517
"2024-06-22 06:00:00",2.16813062473957,-2.09108461480627
"2024-06-22 07:00:00",-0.139742562805261,-2.34552165195213
"2024-06-22 08:00:00",-2.96205743210692,-3.00587697886639
"2024-06-22 09:00:00",-5.4466554595977,-2.01520120770145
"2024-06-22 10:00:00",-5.90380831605854,0.610270625962454
"2024-06-22 11:00:00",-4.84274777747526,1.31876877188849
"2024-06-22 12:00:00",-3.43553271609591,1.40554864576419
"2024-06-22 13:00:00",-2.80429452319709,0.0894709329043926
"2024-06-22 14:00:00",-2.83405387205666,-0.104217112369322
"2024-06-22 15:00:00",-2.93042593192031,-0.0829106254790835
"2024-06-22 16:00:00",-3.23812716238943,-0.439161200804629
"2024-06-22 17:00:00",-3.1991118523738,0.360112913902632
"2024-06-22 18:00:00",-2.67213026720526,0.617306020207543
"2024-06-22 19:00:00",-2.16132102216678,0.418982563965166
"2024-06-22 20:00:00",-1.98007544542978,0.0169293276231167
"2024-06-22 21:00:00",-1.67819428461237,0.480052155056875
"2024-06-22 22:00:00",-1.41953901246807,0.100931227715305
"2024-06-22 23:00:00",-1.35675771019514,0.036194333393587
"2024-06-23 00:00:00",-1.2458023604103,0.157270969729049
"2024-06-23 01:00:00",-0.24599894394862,1.51557753569681
"2024-06-23 02:00:00",0.985134309251202,0.983321270553942
"2024-06-23 03:00:00",1.02907816315755,-0.585654790500062
"2024-06-23 04:00:00",0.720946980930639,-0.109802441987051
"2024-06-23 05:00:00",0.628419391945141,-0.0775433726539509
"2024-06-23 06:00:00",0.0918572315540171,-0.817882200269646
"2024-06-23 07:00:00",-0.878885732142488,-1.02663770117789
"2024-06-23 08:00:00",-1.50613742171349,-0.3300597255777
"2024-06-23 09:00:00",-1.71640026404464,-0.118467246799386
"2024-06-23 10:00:00",-2.09049946187028,-0.524528917286116
"2024-06-23 11:00:00",-2.59676013693888,-0.467331062494003
"2024-06-23 12:00:00",-2.74940899004998,0.0677356880666665
"2024-06-23 13:00:00",-3.32070220368753,-0.966614914522973
"2024-06-23 14:00:00",-3.87851659131037,-0.254499288116904
"2024-06-23 15:00:00",-4.1168938465731,-0.211304041567878
"2024-06-23 16:00:00",-3.8885113988486,0.515954241439584
"2024-06-23 17:00:00",-3.23866419949695,0.713238059485623
"2024-06-23 18:00:00",-2.50229404396836,0.72097278422124
"2024-06-23 19:00:00",-1.80679379061791,0.648693573487842
"2024-06-23 20:00:00",-1.7781437647449,-0.383738553280409
"2024-06-23 21:00:00",-1.8106214761198,0.205526851537935
"2024-06-23 22:00:00",-2.22358416037478,-0.803325188576075
"2024-06-23 23:00:00",-3.1141997031776,-0.90362134920468
"2024-06-24 00:00:00",-3.44056532367065,0.0779866529206521
"2024-06-24 01:00:00",-3.48231433732905,-0.115154057732245
"2024-06-24 02:00:00",-3.06820616854872,0.751752827521468
"2024-06-24 03:00:00",-2.77427028989499,-0.0212842262543925
"2024-06-24 04:00:00",-1.76647168567088,1.64952719379885
"2024-06-24 05:00:00",-0.345188190756712,1.20386139171907
"2024-06-24 06:00:00",0.493514347767082,0.555857622174753
"2024-06-24 07:00:00",0.444022796183576,-0.451334976677559
"2024-06-24 08:00:00",-0.295419014029706,-0.896944150878136
"2024-06-24 09:00:00",-1.15605152696227,-0.795147784180685
"2024-06-24 10:00:00",-1.60129973017091,-0.189338169131136
"2024-06-24 11:00:00",-1.83897561495363,-0.256542850473717
"2024-06-24 12:00:00",-1.78496415152929,0.260847277571289
"2024-06-24 13:00:00",-1.42390597726538,0.413007153658625
"2024-06-24 14:00:00",-1.25642394539078,-0.00232241415460419
"2024-06-24 15:00:00",-1.13350074512505,0.202196655537852
"2024-06-24 16:00:00",-0.797187639997812,0.411201801085875
"2024-06-24 17:00:00",-0.065527926215293,0.911553962742201
"2024-06-24 18:00:00",0.737138305261813,0.692017893798129
"2024-06-24 19:00:00",0.316957971137206,-1.1426164547385
"2024-06-24 20:00:00",-0.116887448830819,0.058868237643924
"2024-06-24 21:00:00",-0.16136111688327,-0.111103126037159
"2024-06-24 22:00:00",-0.298361951864083,-0.147547561464572
"2024-06-24 23:00:00",-0.592886925027741,-0.378128152005248
"2024-06-25 00:00:00",-0.821919441760686,-0.11798963790469
"2024-06-25 01:00:00",-0.660002769579534,0.341882668980229
"2024-06-25 02:00:00",-0.483102962432179,0.0593574041085917
"2024-06-25 03:00:00",-0.36753354784848,0.14817419459951
"2024-06-25 04:00:00",0.158764401509944,0.753840451577523
"2024-06-25 05:00:00",0.965825671483582,0.80398559966677
"2024-06-25 06:00:00",1.57168208655684,0.44373805946422
"2024-06-25 07:00:00",2.00067122104045,0.396746133477343
"2024-06-25 08:00:00",2.22040788816382,0.0887125503460912
"2024-06-25 09:00:00",2.05441774617371,-0.330762528548945
"2024-06-25 10:00:00",1.67616879173662,-0.394579202928439
"2024-06-25 11:00:00",1.13724976380699,-0.611694768701181
"2024-06-25 12:00:00",1.11553763593413,0.37116927271578
"2024-06-25 13:00:00",1.70069320689886,0.698566997178855
"2024-06-25 14:00:00",1.34548480305616,-1.04302568884188
"2024-06-25 15:00:00",0.64863694903191,-0.434686557230819
"2024-06-25 16:00:00",0.433234309410447,-0.0598158691024464
"2024-06-25 17:00:00",0.662078774476189,0.409848627871371
"2024-06-25 18:00:00",1.17966161729214,0.563956082393903
"2024-06-25 19:00:00",1.62917327319965,0.350336050001408
"2024-06-25 20:00:00",1.84197008986916,0.108894231473247
"2024-06-25 21:00:00",2.08975444390396,0.32622809540804
"2024-06-25 22:00:00",2.33917742685645,0.183675172210189
"2024-06-25 23:00:00",2.44516531845682,0.0461465166761389
"2024-06-26 00:00:00",2.5299960037495,0.103437765902881
"2024-06-26 01:00:00",2.67075342637345,0.155687928958192
"2024-06-26 02:00:00",2.85613120468637,0.192920122394381
"2024-06-26 03:00:00",3.04006565013917,0.165523250600803
"2024-06-26 04:00:00",3.47648860529023,0.592363750495256
"2024-06-26 05:00:00",4.13756754845487,0.670994462399849
"2024-06-26 06:00:00",4.47812444505797,0.0987542149333299
"2024-06-26 07:00:00",4.36866824021887,-0.248830007240043
"2024-06-26 08:00:00",4.29980309618666,0.0487523830903968
"2024-06-26 09:00:00",4.48195992619912,0.256894940981493
"2024-06-26 10:00:00",4.76618283448368,0.283159721105157
"2024-06-26 11:00:00",5.06880342365088,0.295072263478461
"2024-06-26 12:00:00",5.56989374649619,0.60809024510645
"2024-06-26 13:00:00",5.77553057283246,-0.0796099863912652
"2024-06-26 14:00:00",5.66751445933311,-0.129262678602719
"2024-06-26 15:00:00",5.66383288877995,0.0729095638001099
"2024-06-26 16:00:00",5.93806719804501,0.388118708073477
"2024-06-26 17:00:00",6.15898909534961,0.0913094076006954
"2024-06-26 18:00:00",6.21786084026854,0.0265130081379875
"2024-06-26 19:00:00",6.33243892032265,0.159830150058257
"2024-06-26 20:00:00",6.75112309962736,0.563195057606718
"2024-06-26 21:00:00",7.02722339989571,0.0628874553289166
"2024-06-26 22:00:00",6.8460703779735,-0.344290896528557
"2024-06-26 23:00:00",6.48931689360073,-0.356930855990242
"2024-06-27 00:00:00",6.20724970564006,-0.227117373956371
"2024-06-27 01:00:00",6.384463838166,0.430344175287948
"2024-06-27 02:00:00",6.90918670662863,0.554479447512823
"2024-06-27 03:00:00",7.34260624136988,0.323215325390462
"2024-06-27 04:00:00",7.59288184058622,0.180295351347647
"2024-06-27 05:00:00",7.64918831027626,-0.0388111886825659
"2024-06-27 06:00:00",7.87000615386073,0.373551105389353
"2024-06-27 07:00:00",7.99995456304763,-0.0487669625512158
"2024-06-27 08:00:00",7.13166842793696,-1.38367131880832
"2024-06-27 09:00:00",4.96265109471908,-2.59869201653502
"2024-06-27 10:00:00",3.7514382164243,-0.235081221169727
"2024-06-27 11:00:00",4.86290507868387,1.95150012626284
"2024-06-27 12:00:00",6.09346547712792,0.685200283331436
"2024-06-27 13:00:00",3.60165301774694,-4.4992278248195
"2024-06-27 14:00:00",1.61564074565678,-0.220830617700321
"2024-06-27 15:00:00",2.33288610299248,1.30645381920713
"2024-06-27 16:00:00",3.7572744076075,1.43231780177699
"2024-06-27 17:00:00",5.30044153055237,1.53889350348657
"2024-06-27 18:00:00",6.2826251145219,0.557547055271644
"2024-06-27 19:00:00",6.26115134328263,-0.414556471497264
"2024-06-27 20:00:00",5.92390136508007,-0.277755377703355
"2024-06-27 21:00:00",5.81144372142812,-0.00455061635482873
"2024-06-27 22:00:00",5.8627766374361,0.078660065985567
"2024-06-27 23:00:00",5.91756798064586,0.0287207325802892
"2024-06-28 00:00:00",5.79501351374826,-0.225204537313931
"2024-06-28 01:00:00",5.90638471734176,0.322991519247395
"2024-06-28 02:00:00",6.41069162635525,0.593606509645945
"2024-06-28 03:00:00",6.63002998414158,-0.0488531312058677
"2024-06-28 04:00:00",6.76093527203528,0.23597824451934
"2024-06-28 05:00:00",7.1457443019487,0.457029886130398
"2024-06-28 06:00:00",7.61515069531227,0.446143393562101
"2024-06-28 07:00:00",7.84868089047342,0.070880405004669
"2024-06-28 08:00:00",7.70824935541796,-0.284744339264303
"2024-06-28 09:00:00",7.25800622929938,-0.549111337533813
"2024-06-28 10:00:00",4.90397533221909,-3.45478085559627
"2024-06-28 11:00:00",2.40216738644314,-1.75393835175977
"2024-06-28 12:00:00",1.84480462308996,0.263730903691397
"2024-06-28 13:00:00",2.51273856482005,0.903281078139598
"2024-06-28 14:00:00",3.23101152587796,0.557566528640213
"2024-06-28 15:00:00",2.36965512117166,-1.77052139525257
"2024-06-28 16:00:00",1.61996233190946,-0.0365805014889335
"2024-06-28 17:00:00",1.79229790894454,0.301333855222838
"2024-06-28 18:00:00",1.95229670787073,0.0558644340502017
"2024-06-28 19:00:00",1.50976999106747,-0.756269001273878
"2024-06-28 20:00:00",1.098560598204,-0.163578620988764
"2024-06-28 21:00:00",0.206035486191987,-1.33748460227576
"2024-06-28 22:00:00",-0.345515507130211,-0.00166026206843595
"2024-06-28 23:00:00",0.768145398578657,1.8047205565704
"2024-06-29 00:00:00",0.597835139049328,-1.47987199930604
"2024-06-29 01:00:00",-0.721782539429001,-1.15084625511887
"2024-06-29 02:00:00",-0.623783323906681,0.926822009737751
"2024-06-29 03:00:00",-0.173477344078291,0.112039552363186
"2024-06-29 04:00:00",0.235993570106261,0.588520883112024
"2024-06-29 05:00:00",1.06240078523982,0.945420981348694
"2024-06-29 06:00:00",1.90819291570974,0.737813516306303
"2024-06-29 07:00:00",2.48651924327408,0.442062748622814
"2024-06-29 08:00:00",2.86413309440857,0.313500560685388
"2024-06-29 09:00:00",2.94541200426704,-0.0810859370427157
"2024-06-29 10:00:00",2.89375770718717,-0.0333744016634897
"2024-06-29 11:00:00",3.0384918045667,0.252864533955204
"2024-06-29 12:00:00",3.61991578641853,0.768915628524155
"2024-06-29 13:00:00",4.27529065593376,0.543874709918021
"2024-06-29 14:00:00",4.64848400836623,0.236164675808848
"2024-06-29 15:00:00",5.19637214973988,0.723674962265275
"2024-06-29 16:00:00",5.86297450675115,0.590182058854653
"2024-06-29 17:00:00",6.18302450577993,0.117201430841925
"2024-06-29 18:00:00",6.01761705416355,-0.353917549916106
"2024-06-29 19:00:00",5.87075409319575,-0.00960434422094575
"2024-06-29 20:00:00",6.067206074311,0.316920241637088
"2024-06-29 21:00:00",6.68458425165989,0.780524491086163
"2024-06-29 22:00:00",7.09493329665134,0.135456338444207
"2024-06-29 23:00:00",7.04491725310642,-0.180427977183545
"2024-06-30 00:00:00",7.08522745806112,0.176472939797622
"2024-06-30 01:00:00",8.36618798962582,1.94727272682811
"2024-06-30 02:00:00",9.81791528618431,1.04160348152432
"2024-06-30 03:00:00",10.6302723759603,0.608274736725935
"2024-06-30 04:00:00",10.0242708598913,-1.4004066488494
"2024-06-30 05:00:00",8.19084892702394,-2.0478881072437
"2024-06-30 06:00:00",6.60767832097426,-1.20868762030849
"2024-06-30 07:00:00",6.04769211030163,-0.109430358179899
"2024-06-30 08:00:00",6.31826419849631,0.503252327004428
"2024-06-30 09:00:00",6.46285937116593,-0.109518310936006
"2024-06-30 10:00:00",6.29845546411536,-0.201509330164801
"2024-06-30 11:00:00",5.82665285882793,-0.637691480606432
"2024-06-30 12:00:00",5.19640955848759,-0.602837373774683
"2024-06-30 13:00:00",2.09591828373932,-4.6249284360952
"2024-06-30 14:00:00",-1.35252076918508,-2.50295924467204
"2024-06-30 15:00:00",-2.87802115326876,-0.799638513086095
"2024-06-30 16:00:00",-2.84331957839071,0.592978503166679
"2024-06-30 17:00:00",-2.39246163582902,0.338351913966329
"2024-06-30 18:00:00",-2.28500215153043,-0.0484896891304243
"2024-06-30 19:00:00",-1.88331512432449,0.685656297467836
"2024-06-30 20:00:00",-1.31001296001085,0.473584556835438
"2024-06-30 21:00:00",-0.95190139695825,0.265801714697422
"2024-06-30 22:00:00",-0.735855758117596,0.173835748638593
"2024-06-30 23:00:00",-0.369299747558054,0.478563727036882
"2024-07-01 00:00:00",0.298313005333776,0.762394654680499
"2024-07-01 01:00:00",1.00192599762243,0.630606238066888
"2024-07-01 02:00:00",1.72504269461232,0.749136175220876
"2024-07-01 03:00:00",2.08760668150097,0.0854018626078102
"2024-07-01 04:00:00",1.9180865230787,-0.334099890469046
"2024-07-01 05:00:00",1.51731192173721,-0.428650743418494
"2024-07-01 06:00:00",0.809805750539906,-0.861741609054877
"2024-07-01 07:00:00",-0.0784067580685753,-0.864695701224261
"2024-07-01 08:00:00",-1.1554036686319,-1.16724942118377
"2024-07-01 09:00:00",-2.18306697770489,-0.884284726599705
"2024-07-01 10:00:00",-2.7716785469629,-0.360715930295621
"2024-07-01 11:00:00",-3.15941879377742,-0.383759412953118
"2024-07-01 12:00:00",-5.56804024619586,-3.63997929469849
"2024-07-01 13:00:00",-6.7201347874662,0.568388991424301
"2024-07-01 14:00:00",-7.10448956566879,-0.992582721989717
"2024-07-01 15:00:00",-7.24131810428051,0.44932142140964
"2024-07-01 16:00:00",-7.65132692817393,-0.954071479589838
"2024-07-01 17:00:00",-7.6769369667656,0.604430227448641
"2024-07-01 18:00:00",-6.97252641796148,0.747482300285743
"2024-07-01 19:00:00",-7.37775563902985,-1.1454495741196
"2024-07-01 20:00:00",-6.85669572444334,1.61679396440633
"2024-07-01 21:00:00",-5.39562363217417,1.29666556795714
"2024-07-01 22:00:00",-4.69933764122975,0.269905422427223
"2024-07-01 23:00:00",-4.55348610532133,0.0622751182201362
"2024-07-02 00:00:00",-4.36297185866503,0.272820041059127
"2024-07-02 01:00:00",-3.93969176227926,0.50909321214502
"2024-07-02 02:00:00",-3.51307705373771,0.356434182221266
"2024-07-02 03:00:00",-3.41572795199172,-0.0754703953589577
"2024-07-02 04:00:00",-3.33355936803158,0.187756353556075
"2024-07-02 05:00:00",-3.14040385555676,0.191871875177613
"2024-07-02 06:00:00",-3.10394384561699,-0.0648319936664761
"2024-07-02 07:00:00",-3.69374054905171,-0.90774076959706
"2024-07-02 08:00:00",-4.75937336067678,-1.11549446871713
"2024-07-02 09:00:00",-6.4963765103476,-2.06266108268551
"2024-07-02 10:00:00",-8.37710786236778,-1.66170456844383
"2024-07-02 11:00:00",-9.4845457144585,-0.674513516804224
"2024-07-02 12:00:00",-10.1378036172147,-0.595823593050322
"2024-07-02 13:00:00",-10.5682558576315,-0.28668819292986
"2024-07-02 14:00:00",-10.6131262594524,0.132089153908483
"2024-07-02 15:00:00",-10.4212713879313,0.23625721760963
"2024-07-02 16:00:00",-10.0711653571266,0.422795947514177
"2024-07-02 17:00:00",-9.24257107379497,1.07272532448882
"2024-07-02 18:00:00",-7.93880734799958,1.4077426446497
"2024-07-02 19:00:00",-6.61391509382729,1.21693147881156
"2024-07-02 20:00:00",-5.41268999441367,1.14219557446468
"2024-07-02 21:00:00",-4.45681113390819,0.793221838047096
"2024-07-02 22:00:00",-3.91260244166594,0.35808531581746
"2024-07-02 23:00:00",-3.62243210208745,0.23614750884847
"2024-07-03 00:00:00",-3.44483671926359,0.134789924032829
"2024-07-03 01:00:00",-3.39090078972773,0.00191017895116587
"2024-07-03 02:00:00",-3.25145432381751,0.228878866922023
"2024-07-03 03:00:00",-3.25113637462206,-0.147878718104363
"2024-07-03 04:00:00",-3.43823083554123,-0.200157838654857
"2024-07-03 05:00:00",-4.00560440940781,-0.780788207334494
"2024-07-03 06:00:00",-4.88875859528573,-0.904268493883767
"2024-07-03 07:00:00",-5.89794152425873,-1.02486934577476
"2024-07-03 08:00:00",-6.78833723277581,-0.750837039487651
"2024-07-03 09:00:00",-7.57531687648271,-0.764930117095925
"2024-07-03 10:00:00",-8.30603773094544,-0.663430159362849
"2024-07-03 11:00:00",-8.61312709695746,-0.0442370410057733
"2024-07-03 12:00:00",-8.9499636912564,-0.504794567972604
"2024-07-03 13:00:00",-9.80065089842007,-1.02932140695768
"2024-07-03 14:00:00",-10.3825606517418,-0.243359307974149
"2024-07-03 15:00:00",-10.0438199223788,0.724083039289249
"2024-07-03 16:00:00",-9.24903819543544,0.817088294176074
"2024-07-03 17:00:00",-8.19029018624833,1.18145900697408
"2024-07-03 18:00:00",-7.10042224224672,0.987572416027295
"2024-07-03 19:00:00",-6.58834599724774,0.179900197377035
"2024-07-03 20:00:00",-6.34187505216078,0.287628266153602
"2024-07-03 21:00:00",-6.34939382279393,-0.195750734720816
"2024-07-03 22:00:00",-6.00112563732839,0.702573653459963
"2024-07-03 23:00:00",-5.43952310074549,0.448669414064288
"2024-07-04 00:00:00",-4.72253962946485,0.868795236645927
"2024-07-04 01:00:00",-3.83470117178057,0.864429654863497
"2024-07-04 02:00:00",-3.06372169377809,0.676985343617538
"2024-07-04 03:00:00",-3.00590730585811,-0.353758673039898
"2024-07-04 04:00:00",-3.39546669011901,-0.391041110858038
"2024-07-04 05:00:00",-3.38953390043454,0.274671042631167
"2024-07-04 06:00:00",-3.54235217626593,-0.426176770591869
"2024-07-04 07:00:00",-4.27679342227708,-0.900482585509205
"2024-07-04 08:00:00",-4.96962024752815,-0.515958249976865
"2024-07-04 09:00:00",-4.70308042614657,0.781934410744661
"2024-07-04 10:00:00",-4.79179765661981,-0.658865687840207
"2024-07-04 11:00:00",-6.06298287710817,-1.61281074500352
"2024-07-04 12:00:00",-6.41546068287808,0.512292197340331
"2024-07-04 13:00:00",-5.98731917569488,0.359963921242603
"2024-07-04 14:00:00",-7.64033379789298,-2.90871219853611
"2024-07-04 15:00:00",-10.0688324522102,-1.98311570927145
"2024-07-04 16:00:00",-11.029345892374,-0.22017248754368
"2024-07-04 17:00:00",-9.89047074371747,2.00498533683422
"2024-07-04 18:00:00",-8.05709410988413,1.64459670482069
"2024-07-04 19:00:00",-7.18533475520751,0.325500059441306
"2024-07-04 20:00:00",-7.33549101516153,-0.45086079047937
"2024-07-04 21:00:00",-7.24702719834043,0.453256212967456
"2024-07-04 22:00:00",-6.07434543622769,1.60590408848538
"2024-07-04 23:00:00",-4.96089754561904,0.740066357458111
"2024-07-05 00:00:00",-5.2664556291909,-0.981716741594184
"2024-07-05 01:00:00",-6.23990778701025,-0.914898375838462
"2024-07-05 02:00:00",-6.06021632575631,0.90890757461866
"2024-07-05 03:00:00",-4.71915122704213,1.57324785968384
"2024-07-05 04:00:00",-4.34460123353176,-0.436285700844981
"2024-07-05 05:00:00",-4.22682614446618,0.487144540452238
"2024-07-05 06:00:00",-3.90469332642654,0.20226598868742
"2024-07-05 07:00:00",-3.8223261905974,0.00355345642019203
"2024-07-05 08:00:00",-3.99449034923669,-0.276200691327578
"2024-07-05 09:00:00",-4.1409762575701,-0.0479026496064222
"2024-07-05 10:00:00",-4.81141283321917,-1.04825741569107
"2024-07-05 11:00:00",-4.90864552700808,0.547593466749132
"2024-07-05 12:00:00",-5.44728054384929,-1.23085424448543
"2024-07-05 13:00:00",-5.75650636429444,0.326896293067727
"2024-07-05 14:00:00",-5.78903223196202,-0.26317317214119
"2024-07-05 15:00:00",-6.02394419240618,-0.197448884150758
"2024-07-05 16:00:00",-5.92219312233295,0.3041416159777
"2024-07-05 17:00:00",-5.55467985161829,0.399927643991223
"2024-07-05 18:00:00",-4.82518643682133,0.921692891374059
"2024-07-05 19:00:00",-4.41636752744297,0.0536996057577172
"2024-07-05 20:00:00",-4.63677619249467,-0.386979832007382
"2024-07-05 21:00:00",-4.65027149438593,0.242106392026229
"2024-07-05 22:00:00",-4.45093677885755,0.16734080876924
"2024-07-05 23:00:00",-4.4577623198168,-0.11687467421894
"2024-07-06 00:00:00",-4.59146664955215,-0.132826113419928
"2024-07-06 01:00:00",-3.10403295578884,2.50282328327142
"2024-07-06 02:00:00",-1.31317660281704,1.23511925976729
"2024-07-06 03:00:00",0.226383309406476,1.67105017125432
"2024-07-06 04:00:00",0.852774527114244,-0.100093732177284
"2024-07-06 05:00:00",0.941977582541337,0.210061026372833
"2024-07-06 06:00:00",1.2962602882697,0.432379751400052
"2024-07-06 07:00:00",1.79811986405991,0.522660275601255
"2024-07-06 08:00:00",2.49017781354798,0.769784623999783
"2024-07-06 09:00:00",2.70352138781664,-0.170957634267356
"2024-07-06 10:00:00",3.24285448384297,0.983739734071077
"2024-07-06 11:00:00",4.2994305971165,1.05074633233743
"2024-07-06 12:00:00",5.45213100594264,1.16035283370011
"2024-07-06 13:00:00",6.01117358552827,0.1245849194457
"2024-07-06 14:00:00",6.1503709162795,0.134578233752372
"2024-07-06 15:00:00",4.51794883338102,-2.7407560666184
"2024-07-06 16:00:00",3.05068465128088,-0.554382307635733
"2024-07-06 17:00:00",2.85749273573098,0.0528468639452455
"2024-07-06 18:00:00",2.17951518082273,-1.13665069019314
"2024-07-06 19:00:00",1.92571539646125,0.344009422128169
"2024-07-06 20:00:00",2.35157767631952,0.457711758615755
"2024-07-06 21:00:00",2.72860457156884,0.302291587468122
"2024-07-06 22:00:00",2.75977654236785,-0.15456872380852
"2024-07-06 23:00:00",2.19363743358029,-0.817168395044453
"2024-07-07 00:00:00",1.34449043884591,-0.832941492941631
"2024-07-07 01:00:00",0.413824080998797,-0.953323003475937
"2024-07-07 02:00:00",-0.124875621092661,-0.237223430457012
"2024-07-07 03:00:00",-0.189587545869665,0.0535297841028893
"2024-07-07 04:00:00",-0.505641139231305,-0.547175379841397
"2024-07-07 05:00:00",-0.839433559839146,-0.175026351798883
"2024-07-07 06:00:00",-1.24394426474045,-0.537193907398973
"2024-07-07 07:00:00",-2.12750160083071,-1.07087336593321
"2024-07-07 08:00:00",-3.16757280230243,-0.967371768142492
"2024-07-07 09:00:00",-3.8917587386728,-0.523570219363985
"2024-07-07 10:00:00",-4.13201897285031,-0.0349581893771237
"2024-07-07 11:00:00",-3.95508512530657,0.315109535658043
"2024-07-07 12:00:00",-3.97424235303224,-0.235991123634157
"2024-07-07 13:00:00",-3.74931994014158,0.526625930659805
"2024-07-07 14:00:00",-3.87858228095404,-0.555539973533859
"2024-07-07 15:00:00",-3.95650333956315,0.24918684971914
"2024-07-07 16:00:00",-3.22954333198806,1.01602372060761
"2024-07-07 17:00:00",-2.13957726039128,1.09162722701016
"2024-07-07 18:00:00",-1.56731718095054,0.201584788331244
"2024-07-07 19:00:00",-2.49053469633306,-1.62718269627096
"2024-07-07 20:00:00",-3.05517372853296,0.173752007867877
"2024-07-07 21:00:00",-3.25791365983489,-0.440159358206743
"2024-07-07 22:00:00",-2.83380227005709,0.984326777712792
"2024-07-07 23:00:00",-2.59895763736258,-0.272309722013927
"2024-07-08 00:00:00",-2.51009765747413,0.328762145843501
"2024-07-08 01:00:00",-3.06166566337988,-1.10900019122121
"2024-07-08 02:00:00",-2.64530546502269,1.41741000848045
"2024-07-08 03:00:00",-1.58251211061137,0.779291721538691
"2024-07-08 04:00:00",-1.20130182824808,0.0997514946860515
"2024-07-08 05:00:00",-1.04303156077377,0.191309213876169
"2024-07-08 06:00:00",-0.627828775252149,0.546076518970955
"2024-07-08 07:00:00",0.134748153420599,0.87147994633639
"2024-07-08 08:00:00",0.770261801697672,0.447832607130918
"2024-07-08 09:00:00",1.02375381757764,0.110895478967865
"2024-07-08 10:00:00",1.13656966996543,0.107415938180755
"2024-07-08 11:00:00",0.919662005819155,-0.424277008685848
"2024-07-08 12:00:00",0.466198805388808,-0.452557125203672
"2024-07-08 13:00:00",0.318606565351243,0.0621269919819687
"2024-07-08 14:00:00",0.0934554087228852,-0.406378200499056
"2024-07-08 15:00:00",-0.00726800595197852,0.107708882401907
"2024-07-08 16:00:00",0.383561260584352,0.56101040749319
"2024-07-08 17:00:00",1.11260576158469,0.805927354202725
"2024-07-08 18:00:00",1.64112949547793,0.3170423072996
"2024-07-08 19:00:00",1.10811279760054,-1.07649925954837
"2024-07-08 20:00:00",0.617784209277646,-0.0776825590706885
"2024-07-08 21:00:00",0.989902322365713,0.653501269395314
"2024-07-08 22:00:00",1.62822280098779,0.596591959905407
"2024-07-08 23:00:00",1.67021543244888,-0.331827585505922
"2024-07-09 00:00:00",1.76384839593428,0.370666922430544
"2024-07-09 01:00:00",2.20234239777669,0.460601449644938
"2024-07-09 02:00:00",3.13870427599474,1.20619689031547
"2024-07-09 03:00:00",3.96446971627887,0.528864398813899
"2024-07-09 04:00:00",4.22332634051539,0.061445186326673
"2024-07-09 05:00:00",4.1994047994604,-0.0851371539354254
"2024-07-09 06:00:00",4.0133581127248,-0.249889086763826
"2024-07-09 07:00:00",3.58064063123614,-0.539210156047082
"2024-07-09 08:00:00",3.54664544599486,0.299810531124689
"2024-07-09 09:00:00",4.06184701573193,0.62974092792325
"2024-07-09 10:00:00",4.93647016205372,0.991079589765001
"2024-07-09 11:00:00",5.7976573872218,0.727309602431576
"2024-07-09 12:00:00",6.39031871529044,0.467263608358857
"2024-07-09 13:00:00",6.47290572009324,-0.186018745807185
"2024-07-09 14:00:00",6.76170148144741,0.583269066173469
"2024-07-09 15:00:00",7.22679893081048,0.355503472769405
"2024-07-09 16:00:00",7.51098026181602,0.213817504722807
"2024-07-09 17:00:00",8.06790247080007,0.74951160859603
"2024-07-09 18:00:00",8.30159884929675,-0.131675992172224
"2024-07-09 19:00:00",7.67736970839949,-0.933626790464154
"2024-07-09 20:00:00",7.32533612862029,0.0425240549434811
"2024-07-09 21:00:00",7.49137569057249,0.231052351319562
"2024-07-09 22:00:00",7.85300328582069,0.421838620825288
"2024-07-09 23:00:00",7.87612875703693,-0.253897053634267
"2024-07-10 00:00:00",7.74360237285561,-0.0554655494690085
"2024-07-10 01:00:00",8.20416088545832,0.772704919737456
"2024-07-10 02:00:00",8.36382111389234,-0.267188118648371
"2024-07-10 03:00:00",7.75319248679271,-0.821345997866836
"2024-07-10 04:00:00",7.57231545948908,0.244699496000564
"2024-07-10 05:00:00",7.74343393960465,0.104176206124225
"2024-07-10 06:00:00",7.75619168041132,-0.0587712670330255
"2024-07-10 07:00:00",7.42310990532906,-0.510119117625975
"2024-07-10 08:00:00",7.50719385561703,0.466651627706461
"2024-07-10 09:00:00",7.87473671946838,0.274332333958052
"2024-07-10 10:00:00",8.50647782567813,0.829842308997364
"2024-07-10 11:00:00",8.75441322474841,-0.162739121790986
"2024-07-10 12:00:00",6.39986634199282,-3.71512169149307
"2024-07-10 13:00:00",4.79112372630963,-0.136314069812481
"2024-07-10 14:00:00",4.7719273738872,0.0536191826497004
"2024-07-10 15:00:00",4.87229557477923,0.120615168789109
"2024-07-10 16:00:00",5.07160728011662,0.236025592847717
"2024-07-10 17:00:00",5.03669647164871,-0.220408333468023
"2024-07-10 18:00:00",5.21541419414524,0.429814443770453
"2024-07-10 19:00:00",5.16855637372038,-0.369127862595022
"2024-07-10 20:00:00",5.22896248910158,0.337226619283689
"2024-07-10 21:00:00",5.37290146361235,0.00150481785881742
"2024-07-10 22:00:00",5.38408306186278,0.0101778362867445
"2024-07-10 23:00:00",4.99933187785741,-0.636687522298665
"2024-07-11 00:00:00",4.70692393800999,-0.0554391794280029
"2024-07-11 01:00:00",4.59815137694355,-0.145224067076664
"2024-07-11 02:00:00",4.12949095896329,-0.667935721648628
"2024-07-11 03:00:00",4.21783945293731,0.583009937288906
"2024-07-11 04:00:00",4.37215498977575,-0.144243961879093
"2024-07-11 05:00:00",3.98220575490689,-0.540853783105019
"2024-07-11 06:00:00",3.80691905747834,0.0716186299571608
"2024-07-11 07:00:00",3.74054399201567,-0.160120785601987
"2024-07-11 08:00:00",2.13109642161257,-2.5039892224633
"2024-07-11 09:00:00",0.743854355446808,-0.579581821990193
"2024-07-11 10:00:00",0.845614327255512,0.550186057228644
"2024-07-11 11:00:00",1.08426557168665,0.0185346726726121
"2024-07-11 12:00:00",0.920979295896369,-0.278136112680504
"2024-07-11 13:00:00",-0.0700847043121443,-1.42043326694003
"2024-07-11 14:00:00",-0.164722266968623,0.793798720699413
"2024-07-11 15:00:00",0.505747835485688,0.556604366065101
"2024-07-11 16:00:00",1.22221585478545,0.788344181668917
"2024-07-11 17:00:00",1.89496547313913,0.562144307837094
"2024-07-11 18:00:00",2.36153771236306,0.378245547085751
"2024-07-11 19:00:00",1.85085013751536,-1.08207515657131
"2024-07-11 20:00:00",1.31677839378468,-0.145748564593949
"2024-07-11 21:00:00",1.31567216331309,0.093676134091354
"2024-07-11 22:00:00",1.23675193164567,-0.19192766046489
"2024-07-11 23:00:00",1.34942178500368,0.308783756495665
"2024-07-12 00:00:00",1.29448649957474,-0.296538915873566
"2024-07-12 01:00:00",1.83069961883213,1.06422318212777
"2024-07-12 02:00:00",2.49963812391026,0.371273283977069
"2024-07-12 03:00:00",2.53987712323174,-0.185579946022606
"2024-07-12 04:00:00",2.47674726619286,0.018229170787367
"2024-07-12 05:00:00",3.0039856787315,0.83832661245364
"2024-07-12 06:00:00",3.55478889903879,0.329079462440149
"2024-07-12 07:00:00",3.75354175043224,0.097844620031504
"2024-07-12 08:00:00",3.37687245389167,-0.679944272806908
"2024-07-12 09:00:00",2.60363976403537,-0.803031818923218
"2024-07-12 10:00:00",2.4610434436603,0.301107613125728
"2024-07-12 11:00:00",2.84279862762211,0.414207271166346
"2024-07-12 12:00:00",2.7786323704177,-0.38369062843075
"2024-07-12 13:00:00",-0.232680653634209,-4.62351653927666
"2024-07-12 14:00:00",-2.99688108262506,-1.39302445772769
"2024-07-12 15:00:00",-3.65424127477946,-0.131826540304867
"2024-07-12 16:00:00",-2.84973311568608,1.39519986495167
"2024-07-12 17:00:00",-1.2752555126918,1.62284806393176
"2024-07-12 18:00:00",-0.24820697643494,0.582694170358388
"2024-07-12 19:00:00",0.774662836282518,1.26802900098746
"2024-07-12 20:00:00",1.98093310289987,1.10677905840224
"2024-07-12 21:00:00",3.00544388611363,0.918429478210612
"2024-07-12 22:00:00",3.47225916809341,0.139688678422308
"2024-07-12 23:00:00",2.88316270470176,-1.05142586132791
"2024-07-13 00:00:00",2.38106802843408,-0.115736093792418
"2024-07-13 01:00:00",3.07411220416574,1.19622065655283
"2024-07-13 02:00:00",1.90618107844336,-2.69246761261812
"2024-07-13 03:00:00",-0.154682405088818,-1.54432657315101
"2024-07-13 04:00:00",-1.03138072391787,-0.389760878850138
"2024-07-13 05:00:00",-1.7088631133876,-0.835770925829265
"2024-07-13 06:00:00",-3.43003140886504,-2.22743238229804
"2024-07-13 07:00:00",-5.64532393024113,-2.09751021737874
"2024-07-13 08:00:00",-6.92179530075994,-0.661189756447159
"2024-07-13 09:00:00",-6.18638818455372,1.64042927512525
"2024-07-13 10:00:00",-4.10785377142778,2.27980069968901
"2024-07-13 11:00:00",-2.93858964748383,0.378649609409309
"2024-07-13 12:00:00",-2.1209810314167,1.07517742311392
"2024-07-13 13:00:00",-3.23448250844919,-2.51695010811162
"2024-07-13 14:00:00",-4.10935652210785,0.265566261402002
"2024-07-13 15:00:00",-3.53512815435292,0.758007961575157
"2024-07-13 16:00:00",-2.91920707915746,0.496485263257791
"2024-07-13 17:00:00",-2.16299246862638,0.897191425939806
"2024-07-13 18:00:00",-1.36853929822947,0.690997476935119
"2024-07-13 19:00:00",-2.09762800383956,-1.63938749738205
"2024-07-13 20:00:00",-2.98469052663058,-0.340665385918436
"2024-07-13 21:00:00",-3.65663701992102,-0.857020305463929
"2024-07-13 22:00:00",-3.7483974910275,0.427476449716964
"2024-07-13 23:00:00",-3.72969828574929,-0.24987275481482
"2024-07-14 00:00:00",-3.80055543180605,0.0566577339761815
"2024-07-14 01:00:00",-3.49184318458994,0.466973319441537
"2024-07-14 02:00:00",-3.62612296934146,-0.524227946270654
"2024-07-14 03:00:00",-3.70289254040891,0.22985161487985
"2024-07-14 04:00:00",-2.62385823488477,1.59864304051703
"2024-07-14 05:00:00",-0.969307353758521,1.61658004250127
"2024-07-14 06:00:00",0.376186192982748,1.10208432908917
"2024-07-14 07:00:00",0.89999274536822,0.112918851281308
"2024-07-14 08:00:00",0.66789604750789,-0.452233815222586
"2024-07-14 09:00:00",0.377089003192994,-0.170232701018756
"2024-07-14 10:00:00",0.28382713893852,-0.0380030122210676
"2024-07-14 11:00:00",0.0278253639630995,-0.389532524465391
"2024-07-14 12:00:00",-0.0714093448232487,0.0989736095650713
"2024-07-14 13:00:00",-3.17344999311655,-5.08851507108304
"2024-07-14 14:00:00",-3.7980120740862,2.38512433676648
"2024-07-14 15:00:00",-2.26160044794999,0.902497529336986
"2024-07-14 16:00:00",-1.63936106022248,0.408749658915237
"2024-07-14 17:00:00",-1.12816353047232,0.557315650843172
"2024-07-14 18:00:00",-0.606242205669687,0.474977887197069
"2024-07-14 19:00:00",-0.912387146703599,-0.811555675235007
"2024-07-14 20:00:00",-0.720147916680486,0.853465130604686
"2024-07-14 21:00:00",-0.428628590551739,-0.0960297065637608
"2024-07-14 22:00:00",-0.840579245261729,-0.602433099314228
"2024-07-14 23:00:00",-1.06994693120721,0.0313209556055894
"2024-07-15 00:00:00",-1.20011101198497,-0.23025490877056
"2024-07-15 01:00:00",-0.567620191068687,1.17913581501585
"2024-07-15 02:00:00",0.489277756696228,0.925915736093288
"2024-07-15 03:00:00",1.17305515481663,0.489231425605906
"2024-07-15 04:00:00",1.41684354412715,0.0670662041466839
"2024-07-15 05:00:00",1.87495693694511,0.695212117698481
"2024-07-15 06:00:00",2.49672091776442,0.540837498191462
"2024-07-15 07:00:00",2.87731093863127,0.252457519015864
"2024-07-15 08:00:00",3.11885470658669,0.219082362004886
"2024-07-15 09:00:00",3.3331131886205,0.196842248489084
"2024-07-15 10:00:00",3.55849583142302,0.22940417712851
"2024-07-15 11:00:00",3.80479071748536,0.241265931352061
"2024-07-15 12:00:00",4.0899910547194,0.296034072392049
"2024-07-15 13:00:00",4.56104213537222,0.56007272384196
"2024-07-15 14:00:00",4.89892533173459,0.167826018233053
"2024-07-15 15:00:00",5.13024225071236,0.256338705205457
"2024-07-15 16:00:00",5.39887021552075,0.257444829944675
"2024-07-15 17:00:00",5.70218615329823,0.312525820139969
"2024-07-15 18:00:00",5.46723757868711,-0.596108539443904
"2024-07-15 19:00:00",5.09129092235776,-0.218354864685525
"2024-07-15 20:00:00",4.61154311273572,-0.637770133845664
"2024-07-15 21:00:00",4.22329271068523,-0.209399732002736
"2024-07-15 22:00:00",4.02208127796925,-0.191633337488532
"2024-07-15 23:00:00",3.99933935971878,0.0857483021380424
"2024-07-16 00:00:00",3.99768259624815,-0.0650006247943286
"2024-07-16 01:00:00",4.41344764350209,0.711361791128398
"2024-07-16 02:00:00",4.80331074149836,0.151321067108906
"2024-07-16 03:00:00",4.96739414563437,0.158604821733503
"2024-07-16 04:00:00",5.14844166944715,0.181004847755753
"2024-07-16 05:00:00",5.03334323318264,-0.31366214327495
"2024-07-16 06:00:00",4.05335717661657,-1.38411212356396
"2024-07-16 07:00:00",2.74030447051162,-1.20850828003319
"2024-07-16 08:00:00",1.45211362421979,-1.28362880222345
"2024-07-16 09:00:00",0.948360869727376,0.0382226384530036
"2024-07-16 10:00:00",2.16186960440718,1.93813234036617
"2024-07-16 11:00:00",3.39629801718224,0.703855373837677
"2024-07-16 12:00:00",3.04548152321093,-1.04162506310064
"2024-07-16 13:00:00",1.91340233936349,-1.14250963034798
"2024-07-16 14:00:00",1.83399687064064,0.630626348923846
"2024-07-16 15:00:00",2.26390088999509,0.273299352782447
"2024-07-16 16:00:00",1.63894956764407,-1.19699494694483
"2024-07-16 17:00:00",1.17813954425217,0.0497570790279521
"2024-07-16 18:00:00",1.47465991686903,0.445417850096783
"2024-07-16 19:00:00",1.6148674600468,-0.0718253666296384
"2024-07-16 20:00:00",1.80467853271329,0.353131804597271
"2024-07-16 21:00:00",2.00902220836605,0.0931174860446161
"2024-07-16 22:00:00",1.89017755499845,-0.257091752466068
"2024-07-16 23:00:00",1.59930158729982,-0.302011832533506
"2024-07-17 00:00:00",1.20149319172531,-0.444828944766644
"2024-07-17 01:00:00",0.390223901608721,-1.01855596626781
"2024-07-17 02:00:00",-0.0548228095868277,-0.0420681804947767
"2024-07-17 03:00:00",0.0771462960669962,0.241791558417654
"2024-07-17 04:00:00",0.432611283887805,0.414255114459051
"2024-07-17 05:00:00",1.03590921666556,0.700098556126963
"2024-07-17 06:00:00",1.53336524763243,0.337389639753732
"2024-07-17 07:00:00",1.0511376078726,-1.00769065969865
"2024-07-17 08:00:00",-0.101112813416512,-1.19522225792765
"2024-07-17 09:00:00",-0.927045748220863,-0.540366120231569
"2024-07-17 10:00:00",-1.63916947437073,-0.791592611582129
"2024-07-17 11:00:00",-1.73898091035613,0.368223417479098
"2024-07-17 12:00:00",-1.6250356489083,-0.0587444049617027
"2024-07-17 13:00:00",-1.83170665822657,-0.293372190505435
"2024-07-17 14:00:00",-1.98637856006018,-0.052496367787287
"2024-07-17 15:00:00",-1.79810384886053,0.342398995006587
"2024-07-17 16:00:00",-1.35494904755745,0.491582800432774
"2024-07-17 17:00:00",-0.83976750744827,0.508178652983922
"2024-07-17 18:00:00",-0.350944380977188,0.453773220319395
"2024-07-17 19:00:00",-0.311059123434239,-0.237478481366654
"2024-07-17 20:00:00",-0.542070437767053,-0.215321603948654
"2024-07-17 21:00:00",-0.525430082621016,0.171186816788272
"2024-07-17 22:00:00",-0.474133934394201,-0.0303901056229333
"2024-07-17 23:00:00",-0.720162502439171,-0.37748302563238
"2024-07-18 00:00:00",-1.12419421299052,-0.401603209078216
"2024-07-18 01:00:00",-1.28165434586922,0.0142302016227733
"2024-07-18 02:00:00",-1.14474791276082,0.213835032937757
"2024-07-18 03:00:00",-1.15240041677722,-0.153469605774299
"2024-07-18 04:00:00",-1.16092800630228,0.0899889910228444
"2024-07-18 05:00:00",-0.817915419911869,0.496888359962001
"2024-07-18 06:00:00",-0.552624777738969,0.0993422960407122
"2024-07-18 07:00:00",-0.550168728600337,-0.0615382898658983
"2024-07-18 08:00:00",-1.02642020245674,-0.729382145590952
"2024-07-18 09:00:00",-1.5180250823358,-0.308405994834299
"2024-07-18 10:00:00",-1.27951665516046,0.593734229512141
"2024-07-18 11:00:00",-0.552412268296811,0.783113568022532
"2024-07-18 12:00:00",0.471095615314178,1.13584344985177
"2024-07-18 13:00:00",1.0647630580026,0.203405136476098
"2024-07-18 14:00:00",0.994897651803267,-0.250094777085918
"2024-07-18 15:00:00",1.1872077581386,0.47682123436066
"2024-07-18 16:00:00",1.66574004303302,0.455403588617649
"2024-07-18 17:00:00",2.06236805029221,0.336450975631795
"2024-07-18 18:00:00",2.19628591216159,-0.0101231799048023
"2024-07-18 19:00:00",2.03460866536189,-0.257858908454841
"2024-07-18 20:00:00",1.62392731715125,-0.495667726029867
"2024-07-18 21:00:00",1.46519692895414,0.0713408855428623
"2024-07-18 22:00:00",1.49915058730135,0.005527759300491
"2024-07-18 23:00:00",1.27088455968917,-0.375210660533195
"2024-07-19 00:00:00",0.867775362862431,-0.404190072888693
"2024-07-19 01:00:00",0.241267438585616,-0.746064276571103
"2024-07-19 02:00:00",-0.102961223410166,-0.0602961538251265
"2024-07-19 03:00:00",-0.114133923107682,0.0222393108151314
"2024-07-19 04:00:00",0.167191709177891,0.440825585020218
"2024-07-19 05:00:00",1.08971848497566,1.19960215055021
"2024-07-19 06:00:00",2.34556624128178,1.23226290806041
"2024-07-19 07:00:00",3.35400344496862,0.808279816581715
"2024-07-19 08:00:00",3.98511218876339,0.47868485653746
"2024-07-19 09:00:00",4.13488343193313,-0.0817530224610445
"2024-07-19 10:00:00",4.25562424102276,0.244668695524449
"2024-07-19 11:00:00",4.54306413333254,0.296810803516639
"2024-07-19 12:00:00",4.7915631358781,0.198628994339249
"2024-07-19 13:00:00",4.68562116641334,-0.310125938161795
"2024-07-19 14:00:00",4.36216675941606,-0.323007428151203
"2024-07-19 15:00:00",4.38744903111876,0.250649012061174
"2024-07-19 16:00:00",4.82113300725883,0.529443190551315
"2024-07-19 17:00:00",5.38804165468765,0.558733570767274
"2024-07-19 18:00:00",5.5312205986905,-0.14759956745316
"2024-07-19 19:00:00",5.2981571575295,-0.286090875347793
"2024-07-19 20:00:00",5.07130798511683,-0.183402827044675
"2024-07-19 21:00:00",4.76716584174636,-0.376715885987482
"2024-07-19 22:00:00",3.94236537089921,-1.09046743682461
"2024-07-19 23:00:00",3.33242074139209,-0.265697446631438
"2024-07-20 00:00:00",3.25092222460583,0.0408773074638605
"2024-07-20 01:00:00",3.48103016352273,0.341135854329297
"2024-07-20 02:00:00",3.78115664271862,0.254039900401123
"2024-07-20 03:00:00",3.82838975842724,-0.0977526119180304
"2024-07-20 04:00:00",3.71866427864084,-0.117426418827284
"2024-07-20 05:00:00",4.06572284927747,0.63542613905958
"2024-07-20 06:00:00",4.64387834107257,0.507263055815376
"2024-07-20 07:00:00",5.22769677078571,0.60112772465376
"2024-07-20 08:00:00",5.75890954267607,0.452624314797752
"2024-07-20 09:00:00",6.03136103740605,0.131970686873177
"2024-07-20 10:00:00",6.36021127077309,0.436702307527637
"2024-07-20 11:00:00",6.71109690410934,0.268805884355707
"2024-07-20 12:00:00",6.77998186358806,-0.0763146625315762
"2024-07-20 13:00:00",6.77230733100385,0.0297128139654745
"2024-07-20 14:00:00",6.85545483837542,0.10609215205504
"2024-07-20 15:00:00",6.79775337499083,-0.172987333278265
"2024-07-20 16:00:00",6.58677412613733,-0.235040721377584
"2024-07-20 17:00:00",6.4364204454945,-0.0952395864188553
"2024-07-20 18:00:00",6.8169609568224,0.671344895536165
"2024-07-20 19:00:00",6.58970466874822,-0.824298846820743
"2024-07-20 20:00:00",5.95679914812763,-0.483728328733943
"2024-07-20 21:00:00",5.73367766694297,-0.046459836877388
"2024-07-20 22:00:00",5.03952396154828,-1.10034497007805
"2024-07-20 23:00:00",4.5908980485957,0.00067061762578069
"2024-07-21 00:00:00",4.60872803120115,0.0225062852567702
"2024-07-21 01:00:00",4.52842343868543,-0.150966782908309
"2024-07-21 02:00:00",4.3812015594526,-0.14356473665987
"2024-07-21 03:00:00",4.19600809637857,-0.209790800973286
"2024-07-21 04:00:00",4.16518830695029,0.084549779436649
"2024-07-21 05:00:00",4.78346590312749,0.939342726152839
"2024-07-21 06:00:00",5.88538809767973,1.15178008621564
"2024-07-21 07:00:00",6.92999849557443,0.915942047051546
"2024-07-21 08:00:00",7.8896244426253,0.934217280492123
"2024-07-21 09:00:00",8.57238885747113,0.472520944012625
"2024-07-21 10:00:00",8.90602756945274,0.214151482889764
"2024-07-21 11:00:00",9.21316201028836,0.34305093164287
"2024-07-21 12:00:00",9.65442280783681,0.473892464373521
"2024-07-21 13:00:00",9.19031470944547,-1.07981776093843
"2024-07-21 14:00:00",8.88812173016338,0.218732191797518
"2024-07-21 15:00:00",9.15638703945307,0.27708583916452
"2024-07-21 16:00:00",9.10517639138058,-0.279436655214429
"2024-07-21 17:00:00",6.99595312591836,-3.2405643341683
"2024-07-21 18:00:00",5.79929684494937,0.213775428182706
"2024-07-21 19:00:00",6.13968076088993,0.401140373544182
"2024-07-21 20:00:00",6.55004450534704,0.389100767147646
"2024-07-21 21:00:00",7.0282533631023,0.506448710543635
"2024-07-21 22:00:00",7.17709009978826,-0.105696417060475
"2024-07-21 23:00:00",6.59175024428191,-0.886530133858211
"2024-07-22 00:00:00",6.23196985174232,-1.74043656768208e-05
"2024-07-22 01:00:00",6.30653653912332,0.112714724102454
"2024-07-22 02:00:00",6.22395549561626,-0.216978397651328
"2024-07-22 03:00:00",6.0691822374494,-0.11396930266666
"2024-07-22 04:00:00",5.78797395854445,-0.387156929494362
"2024-07-22 05:00:00",5.53975448359026,-0.151259199731243
"2024-07-22 06:00:00",5.16588134674717,-0.51165221095327
"2024-07-22 07:00:00",4.54760928793105,-0.666627596787366
"2024-07-22 08:00:00",3.21547004385533,-1.71836380179659
"2024-07-22 09:00:00",0.934911707248028,-2.55112112960275
"2024-07-22 10:00:00",-0.0136897837832289,0.163599078483864
"2024-07-22 11:00:00",0.364691758243246,0.503604622612623
"2024-07-22 12:00:00",-0.118084209337234,-1.11788064419251
"2024-07-22 13:00:00",-1.5814015508607,-1.62391651646565
"2024-07-22 14:00:00",-2.32481747087161,-0.119061014956465
"2024-07-22 15:00:00",-2.52854999623602,-0.247502256090999
"2024-07-22 16:00:00",-2.34573355440059,0.464261681255419
"2024-07-22 17:00:00",-1.45179754129515,1.14092416099134
"2024-07-22 18:00:00",-0.462331480852936,0.843347689682992
"2024-07-22 19:00:00",-0.247426609622524,-0.21366630593771
"2024-07-22 20:00:00",-0.651804883170321,-0.511982806786813
"2024-07-22 21:00:00",-0.830454221947916,0.052898430043948
"2024-07-22 22:00:00",-0.81323529844877,-0.00631512444238674
"2024-07-22 23:00:00",-0.952517273184036,-0.22025852120273
"2024-07-23 00:00:00",-1.38351581124967,-0.549781323732565
"2024-07-23 01:00:00",-2.52311576915712,-1.47686988135541
"2024-07-23 02:00:00",-3.23904403917628,-0.17137071380047
"2024-07-23 03:00:00",-3.24146739375399,0.114495287893357
"2024-07-23 04:00:00",-2.5760496322755,1.00524991611095
"2024-07-23 05:00:00",-1.09261161699146,1.73505215585767
"2024-07-23 06:00:00",0.547634962559551,1.50050840222207
"2024-07-23 07:00:00",1.33967474538481,0.28139245547466
"2024-07-23 08:00:00",1.65242399701005,0.317065486430503
"2024-07-23 09:00:00",1.79354765855778,0.0149956830671941
"2024-07-23 10:00:00",1.86275702646525,0.0997512709012454
"2024-07-23 11:00:00",1.77580658338569,-0.209684659028733
"2024-07-23 12:00:00",1.97180649630334,0.454849634176195
"2024-07-23 13:00:00",2.36604113821238,0.332550692362999
"2024-07-23 14:00:00",2.80575913100783,0.487217664896051
"2024-07-23 15:00:00",2.74238800447753,-0.431028247498715
"2024-07-23 16:00:00",2.60213474546525,0.0567243707040372
"2024-07-23 17:00:00",1.79027106407163,-1.35568644988123
"2024-07-23 18:00:00",0.793712495167042,-0.712095143111435
"2024-07-23 19:00:00",0.3598844014941,-0.228727406757389
"2024-07-23 20:00:00",0.0109821268019799,-0.412901632154169
"2024-07-23 21:00:00",0.246449067598985,0.656501957451707
"2024-07-23 22:00:00",0.230582817695339,-0.4636677606613
"2024-07-23 23:00:00",0.128667771592289,0.143795161481317
"2024-07-24 00:00:00",0.0793307270931445,-0.175911007278585
"2024-07-24 01:00:00",0.294202344265566,0.465076174913501
"2024-07-24 02:00:00",0.750157512946816,0.427828796283105
"2024-07-24 03:00:00",0.881901741056159,-0.0728691968118148
"2024-07-24 04:00:00",0.688833873153318,-0.265160913984314
"2024-07-24 05:00:00",0.339431023813358,-0.389847419381247
"2024-07-24 06:00:00",-0.0132007761367657,-0.311502359416061
"2024-07-24 07:00:00",-0.557487701160252,-0.673592835817581
"2024-07-24 08:00:00",-1.25399690759274,-0.677970482470473
"2024-07-24 09:00:00",-2.31123140932411,-1.25821790664334
"2024-07-24 10:00:00",-3.34785158614704,-0.836653087915913
"2024-07-24 11:00:00",-3.17128302037983,0.847961847793234
"2024-07-24 12:00:00",-2.08029495927412,1.20524624694874
"2024-07-24 13:00:00",-1.67775425009156,-0.149035083344444
"2024-07-24 14:00:00",-1.91232463497802,-0.278284374217726
"2024-07-24 15:00:00",-2.22520744536598,-0.318615841213169
"2024-07-24 16:00:00",-2.14381252906593,0.347063803603374
"2024-07-24 17:00:00",-1.77912088822296,0.361875928738352
"2024-07-24 18:00:00",-1.2868046256013,0.558173029754737
"2024-07-24 19:00:00",-1.09011666516527,-0.0519863251543322
"2024-07-24 20:00:00",-1.28844781171344,-0.285063422784769
"2024-07-24 21:00:00",-1.49318632480548,-0.139800148063285
"2024-07-24 22:00:00",-1.91007812776601,-0.579881905160256
"2024-07-24 23:00:00",-2.67305146228116,-0.846314902515268
"2024-07-25 00:00:00",-2.91984664871466,0.168049896647454
"2024-07-25 01:00:00",-1.80119778620317,1.70297581651166
"2024-07-25 02:00:00",-1.62920052546203,-0.854490033780304
"2024-07-25 03:00:00",-2.64120131395594,-1.06681717489522
"2024-07-25 04:00:00",-3.46512223160798,-0.619437184871418
"2024-07-25 05:00:00",-3.68954802628297,0.054040389855105
"2024-07-25 06:00:00",-3.58314874344448,0.141002931216099
"2024-07-25 07:00:00",-3.53035883418117,-0.00390909024349952
"2024-07-25 08:00:00",-3.68898850637237,-0.249687797478191
"2024-07-25 09:00:00",-3.96359175030967,-0.273410676512721
"2024-07-25 10:00:00",-4.07378126107812,0.00896636143876457
"2024-07-25 11:00:00",-3.77492376714681,0.483162921592878
"2024-07-25 12:00:00",-3.20013966037817,0.613414843017299
"2024-07-25 13:00:00",-2.85903816567947,0.147477094694962
"2024-07-25 14:00:00",-2.7097390980628,0.147103244097003
"2024-07-25 15:00:00",-2.47429658486793,0.286638044472079
"2024-07-25 16:00:00",-2.08966574525889,0.434869222506741
"2024-07-25 17:00:00",-1.54921761180884,0.587843870087639
"2024-07-25 18:00:00",-0.980723065947022,0.530577034175103
"2024-07-25 19:00:00",-1.60334789785027,-1.36056258793393
"2024-07-25 20:00:00",-2.26066515441874,-0.155193603113265
"2024-07-25 21:00:00",-2.60411962427295,-0.449725773046495
"2024-07-25 22:00:00",-2.44407052556047,0.562309032441666
"2024-07-25 23:00:00",-1.96929927061505,0.397002317252683
"2024-07-26 00:00:00",-1.86195675942368,-0.0883239773416213
"2024-07-26 01:00:00",-2.20802187483168,-0.499045533894553
"2024-07-26 02:00:00",-2.27179414937509,0.232280656132065
"2024-07-26 03:00:00",-2.03956954793606,0.224079492533065
"2024-07-26 04:00:00",-1.91529151871999,0.0544674138345209
"2024-07-26 05:00:00",-1.26420937461328,1.0203476029443
"2024-07-26 06:00:00",-0.100891442262061,1.20497880779195
"2024-07-26 07:00:00",1.09152291520799,1.12750544335223
"2024-07-26 08:00:00",1.5046159556443,-0.0842102882766239
"2024-07-26 09:00:00",0.749201508768126,-1.16891835166464
"2024-07-26 10:00:00",-0.0740982859412054,-0.554734060519364
"2024-07-26 11:00:00",0.0774802488816176,0.615338203881139
"2024-07-26 12:00:00",0.953948181426641,1.00880244094661
"2024-07-26 13:00:00",-1.20770433256825,-4.17376232362368
"2024-07-26 14:00:00",-2.35019027925763,0.934177238246151
"2024-07-26 15:00:00",-1.61858377790449,0.564824601397341
"2024-07-26 16:00:00",-0.960442008111637,0.691163389510582
"2024-07-26 17:00:00",0.107507946497589,1.26962607625687
"2024-07-26 18:00:00",1.24781387483028,0.999768815251095
"2024-07-26 19:00:00",1.52386238310739,-0.221149112643908
"2024-07-26 20:00:00",1.53385838930633,0.16165150003332
"2024-07-26 21:00:00",1.81463542111193,0.344873842692475
"2024-07-26 22:00:00",1.90480870067789,-0.0862475320481774
"2024-07-26 23:00:00",1.88847381033324,0.0285944445801183
"2024-07-27 00:00:00",1.97845877695141,0.124201782312154
"2024-07-27 01:00:00",2.13912313912189,0.174788237089738
"2024-07-27 02:00:00",2.54626637321463,0.539940296398965
"2024-07-27 03:00:00",3.10081505432079,0.534654534909725
"2024-07-27 04:00:00",3.41742937727478,0.152215633849839
"2024-07-27 05:00:00",2.72119590665905,-1.23317575946025
"2024-07-27 06:00:00",1.26121044870135,-1.54531831732778
"2024-07-27 07:00:00",-0.586168699530524,-1.96258855079116
"2024-07-27 08:00:00",-1.48273101229649,-0.142530772780247
"2024-07-27 09:00:00",-1.96619486806028,-0.685864201809485
"2024-07-27 10:00:00",-2.28148351194024,-0.0507265057997695
"2024-07-27 11:00:00",-1.64512028796586,1.06711563619979
"2024-07-27 12:00:00",-2.111710139233,-1.46475094119502
"2024-07-27 13:00:00",-2.84051417572289,-0.200827623602193
"2024-07-27 14:00:00",-2.72733310228775,0.320798647125802
"2024-07-27 15:00:00",-2.36757988888104,0.372141673201987
"2024-07-27 16:00:00",-1.83908613147766,0.61066388703808
"2024-07-27 17:00:00",-1.24749681210733,0.553131050144883
"2024-07-27 18:00:00",-0.636966676113707,0.621391065459207
"2024-07-27 19:00:00",-0.355431960078092,0.0424100915660332
"2024-07-27 20:00:00",0.0150349080578626,0.572021348094272
"2024-07-27 21:00:00",0.430642678403369,0.291565027165459
"2024-07-27 22:00:00",0.69189961349679,0.228082196150823
"2024-07-27 23:00:00",1.03133254665608,0.396644288870029
"2024-07-28 00:00:00",1.33713728573681,0.229385448039772
"2024-07-28 01:00:00",1.61522072004387,0.295610834142181
"2024-07-28 02:00:00",1.91416190861921,0.284874527798543
"2024-07-28 03:00:00",1.97320324593768,-0.0967837641508278
"2024-07-28 04:00:00",1.67452210126481,-0.421626647344265
"2024-07-28 05:00:00",0.560665774620104,-1.52456302078785
"2024-07-28 06:00:00",-1.37459100811606,-2.1178083071162
"2024-07-28 07:00:00",-3.07032166276821,-1.3319989886048
"2024-07-28 08:00:00",-3.81524552586145,-0.31419235824489
"2024-07-28 09:00:00",-3.81613991815696,0.212926196064741
"2024-07-28 10:00:00",-3.61530353049152,0.188150496930653
"2024-07-28 11:00:00",-3.22736805647188,0.507347426467737
"2024-07-28 12:00:00",-3.34013676392712,-0.516655003538724
"2024-07-28 13:00:00",-3.99391767408423,-0.709825301016703
"2024-07-28 14:00:00",-4.2002828271452,0.144222154125193
"2024-07-28 15:00:00",-3.86064262527885,0.459189679378949
"2024-07-28 16:00:00",-3.38883729105406,0.462770549624462
"2024-07-28 17:00:00",-3.14073048720198,0.0975770251745035
"2024-07-28 18:00:00",-3.09656748848525,0.010502784234878
"2024-07-28 19:00:00",-3.46030823510896,-0.591957264924953
"2024-07-28 20:00:00",-3.68001651484034,0.043352848171627
"2024-07-28 21:00:00",-3.16650526883259,0.807285206439373
"2024-07-28 22:00:00",-2.71733000334371,0.193175167048164
"2024-07-28 23:00:00",-2.69849865532841,-0.0947892131304199
"2024-07-29 00:00:00",-2.84183035480829,-0.165404505946475
"2024-07-29 01:00:00",-2.93163128097501,-0.0314701394564665
"2024-07-29 02:00:00",-2.86651857376876,0.13018375612453
"2024-07-29 03:00:00",-2.92057696511784,-0.170621809226213
"2024-07-29 04:00:00",-3.25649677238356,-0.42639047303447
"2024-07-29 05:00:00",-3.3360142840859,0.159702147288395
"2024-07-29 06:00:00",-3.25623998930499,0.0269979111235771
"2024-07-29 07:00:00",-3.37322897585278,-0.203223410291302
"2024-07-29 08:00:00",-3.61610442751482,-0.253421685362602
"2024-07-29 09:00:00",-3.81819814505748,-0.153612590997581
"2024-07-29 10:00:00",-3.83391041217721,0.0818864778420642
"2024-07-29 11:00:00",-3.49954490461431,0.491733540629671
"2024-07-29 12:00:00",-3.01904868616135,0.454681423896595
"2024-07-29 13:00:00",-2.61754375533248,0.350865611696792
"2024-07-29 14:00:00",-2.29010705269795,0.299631067899498
"2024-07-29 15:00:00",-2.17026500721307,-0.00275907091358543
"2024-07-29 16:00:00",-2.1621748661187,0.0177349825263001
"2024-07-29 17:00:00",-2.03803638978291,0.191960127841883
"2024-07-29 18:00:00",-2.2171752205411,-0.415395185956408
"2024-07-29 19:00:00",-3.06565432809128,-1.09402061537583
"2024-07-29 20:00:00",-3.57440003668832,-0.0904433776770238
"2024-07-29 21:00:00",-3.69860398308216,-0.136202563575571
"2024-07-29 22:00:00",-4.12445231937175,-0.593940208536024
"2024-07-29 23:00:00",-4.93545848768417,-0.911861117912681
"2024-07-30 00:00:00",-5.45670550762561,-0.229712891251031
"2024-07-30 01:00:00",-5.51478779048323,0.0661277075548381
"2024-07-30 02:00:00",-4.936179521112,0.899867438237397
"2024-07-30 03:00:00",-3.77181315067684,1.2917268079808
"2024-07-30 04:00:00",-4.40934957999017,-1.88853450775694
"2024-07-30 05:00:00",-4.21571614954257,1.57820244824017
"2024-07-30 06:00:00",-2.38613488851663,1.91565613022039
"2024-07-30 07:00:00",-0.817714481643856,1.26547827266186
"2024-07-30 08:00:00",-0.120172634445225,0.286830929344418
"2024-07-30 09:00:00",-0.115281073790308,-0.18314242988392
"2024-07-30 10:00:00",-0.210828390777879,-0.0324626647905473
"2024-07-30 11:00:00",0.000624197842170021,0.364283589207105
"2024-07-30 12:00:00",0.452400205895561,0.488634391074697
"2024-07-30 13:00:00",1.04074016247262,0.626268712030425
"2024-07-30 14:00:00",1.54327377576732,0.394823774876026
"2024-07-30 15:00:00",1.94804605157686,0.390181323367793
"2024-07-30 16:00:00",2.28839098728401,0.288438022857625
"2024-07-30 17:00:00",2.48107714748915,0.116747531426293
"2024-07-30 18:00:00",1.92824996547805,-0.976129888645858
"2024-07-30 19:00:00",2.5315204306099,1.6250344695341
"2024-07-30 20:00:00",1.11124967654159,-3.38621165778873
"2024-07-30 21:00:00",-0.463673895423955,-0.294011196820623
"2024-07-30 22:00:00",-0.201631560299501,0.620883825858771
"2024-07-30 23:00:00",0.262982554626791,0.338617726808325
"2024-07-31 00:00:00",0.501521042417172,0.160146049574799
"2024-07-31 01:00:00",0.0714939153076225,-0.803680903347483
"2024-07-31 02:00:00",-0.285462099083631,-0.0422742643355944
"2024-07-31 03:00:00",-0.425793389873829,-0.198665238347735
"2024-07-31 04:00:00",-0.304144435079511,0.329956134496547
"2024-07-31 05:00:00",0.638206181568361,1.30621872446074
"2024-07-31 06:00:00",1.73830029521619,0.90958187532145
"2024-07-31 07:00:00",2.47666112858961,0.586889003950588
"2024-07-31 08:00:00",3.20726716777689,0.788506431680685
"2024-07-31 09:00:00",3.93390130042878,0.64672457338432
"2024-07-31 10:00:00",4.38902591083973,0.300697024744405
"2024-07-31 11:00:00",4.70188200785783,0.30043960780399
"2024-07-31 12:00:00",5.09046213070756,0.422815570193099
"2024-07-31 13:00:00",5.1151896379696,-0.248394629399589
"2024-07-31 14:00:00",4.61661433935335,-0.648259024368269
"2024-07-31 15:00:00",4.56949653740634,0.349926294495372
"2024-07-31 16:00:00",4.5907933043714,-0.20468612190777
"2024-07-31 17:00:00",4.30199815077422,-0.337059209375397
"2024-07-31 18:00:00",3.65221473772195,-0.832928935936502
"2024-07-31 19:00:00",3.05429937805627,-0.417535966042547
"2024-07-31 20:00:00",3.11077563385196,0.365859587605552
"2024-07-31 21:00:00",3.34416229597944,0.129973955810736
"2024-07-31 22:00:00",3.11671721811111,-0.459221633325728
"2024-07-31 23:00:00",2.57323329045171,-0.577848021939878
"2024-08-01 00:00:00",2.25226326295368,-0.137784494962295
"2024-08-01 01:00:00",1.90551336607065,-0.472482733453283
"2024-08-01 02:00:00",1.78001129360184,0.109322798052307
"2024-08-01 03:00:00",1.68245673890586,-0.233128442678809
"2024-08-01 04:00:00",1.25530462630063,-0.538369051141964
"2024-08-01 05:00:00",1.16698343060264,0.214285020643819
"2024-08-01 06:00:00",1.55963270136534,0.491394549300841
"2024-08-01 07:00:00",1.99427561706556,0.374145445205037
"2024-08-01 08:00:00",2.15522228387521,0.00859865436275081
"2024-08-01 09:00:00",2.02592732954964,-0.217855669156995
"2024-08-01 10:00:00",1.84761101653062,-0.146094312570299
"2024-08-01 11:00:00",1.7352293928361,-0.08694739883108
"2024-08-01 12:00:00",1.96247053487969,0.423662265207948
"2024-08-01 13:00:00",2.32183903544936,0.296900924487483
"2024-08-01 14:00:00",2.53156719412859,0.138655905256484
"2024-08-01 15:00:00",2.57926846901826,-0.018463020356955
"2024-08-01 16:00:00",2.78312462179373,0.339055681056495
"2024-08-01 17:00:00",3.23112005176876,0.495745923962136
"2024-08-01 18:00:00",3.06033110413115,-0.611185840674832
"2024-08-01 19:00:00",2.26756870733055,-0.880083357000134
"2024-08-01 20:00:00",1.88716193198551,-0.0321399811099915
"2024-08-01 21:00:00",1.95073370224388,0.121925847176259
"2024-08-01 22:00:00",1.95016471000749,-0.0847175063652339
"2024-08-01 23:00:00",1.85914765730356,-0.0934045811588729
"2024-08-02 00:00:00",1.87883306408552,0.0917463296889761
"2024-08-02 01:00:00",2.2456406522945,0.53032714269681
"2024-08-02 02:00:00",2.45341946012042,-0.0200170173038264
"2024-08-02 03:00:00",2.39100734099953,-0.0908707242390542
"2024-08-02 04:00:00",2.13720689318504,-0.353439034232393
"2024-08-02 05:00:00",1.51177736336442,-0.779787446814218
"2024-08-02 06:00:00",0.611794218663901,-0.939293704091994
"2024-08-02 07:00:00",-0.0312070242421125,-0.415709625335482
"2024-08-02 08:00:00",-1.43022059893976,-1.98801801649596
"2024-08-02 09:00:00",-3.15881649137737,-1.47166599259034
"2024-08-02 10:00:00",-3.79945702875557,-0.0521196721521495
"2024-08-02 11:00:00",-4.3013278585309,-0.772955321508868
"2024-08-02 12:00:00",-4.75325546317289,-0.210894764225868
"2024-08-02 13:00:00",-4.61227858331132,0.374979902642117
"2024-08-02 14:00:00",-4.76413453875486,-0.48991446199671
"2024-08-02 15:00:00",-5.03157063778512,-0.100272263963193
"2024-08-02 16:00:00",-4.60403490196103,0.765569222045743
"2024-08-02 17:00:00",-3.74714704504891,0.882979896484495
"2024-08-02 18:00:00",-3.06344902875919,0.52318534321247
"2024-08-02 19:00:00",-3.39627215695964,-0.88372270396972
"2024-08-02 20:00:00",-3.6520697820146,0.179343775486357
"2024-08-02 21:00:00",-2.42024543052307,1.87963674339772
"2024-08-02 22:00:00",-1.07777822913784,0.92368576842149
"2024-08-02 23:00:00",-0.733644918624916,-0.0571926344998619
"2024-08-03 00:00:00",-0.665156108846579,0.149965849844824
"2024-08-03 01:00:00",-0.939861213014918,-0.543903358694104
"2024-08-03 02:00:00",-1.43969234450861,-0.445487388384359
"2024-08-03 03:00:00",-1.88399163727205,-0.420539244310714
"2024-08-03 04:00:00",-2.03561744298984,0.0372796526383613
"2024-08-03 05:00:00",-1.6950745536443,0.529155670178533
"2024-08-03 06:00:00",-1.20088479884227,0.449580224934284
"2024-08-03 07:00:00",-0.976570597133762,0.0650275806914034
"2024-08-03 08:00:00",-1.02930738325667,-0.127480613571049
"2024-08-03 09:00:00",-1.15681708815589,-0.120143558558723
"2024-08-03 10:00:00",-0.85299158408261,0.57351984296912
"2024-08-03 11:00:00",-0.97427090880094,-0.577608660155947
"2024-08-03 12:00:00",-1.26011339416158,-0.0764964989928853
"2024-08-03 13:00:00",-1.24915299692242,0.0703669543755695
"2024-08-03 14:00:00",-0.881937678726086,0.549270698087241
"2024-08-03 15:00:00",-0.425220800456237,0.374448943700356
"2024-08-03 16:00:00",0.2422167498615,0.831591719313669
"2024-08-03 17:00:00",1.06525065981872,0.777906638364778
"2024-08-03 18:00:00",1.15986799504413,-0.366769996052502
"2024-08-03 19:00:00",0.110900498126618,-1.45540647964179
"2024-08-03 20:00:00",-0.234346679963104,0.411109525541965
"2024-08-03 21:00:00",0.376762508131133,0.715702504039819
"2024-08-03 22:00:00",1.13550153308108,0.750889268411839
"2024-08-03 23:00:00",1.09196982873614,-0.57253133392029
"2024-08-04 00:00:00",1.06841663516204,0.342138169414142
"2024-08-04 01:00:00",1.6895604903151,0.776251386475086
"2024-08-04 02:00:00",2.14993858572228,0.225745430920194
"2024-08-04 03:00:00",2.27604871127068,0.0509246382730833
"2024-08-04 04:00:00",2.33040970594835,0.0511357542199919
"2024-08-04 05:00:00",2.11651273796555,-0.383421170948013
"2024-08-04 06:00:00",1.16016776477813,-1.29557014644718
"2024-08-04 07:00:00",-0.316320939646776,-1.5284322297408
"2024-08-04 08:00:00",-1.99616072929174,-1.70054393916065
"2024-08-04 09:00:00",-3.44313699929623,-1.20660238954521
"2024-08-04 10:00:00",-3.48338263811894,0.743661637522034
"2024-08-04 11:00:00",-2.519570787256,1.06926512992815
"2024-08-04 12:00:00",-1.94817380133127,0.215584793141732
"2024-08-04 13:00:00",-3.05808021586244,-1.93829982889899
"2024-08-04 14:00:00",-3.86107475160276,-0.00403872622580781
"2024-08-04 15:00:00",-3.41304550140517,0.73308810683859
"2024-08-04 16:00:00",-2.19954805921995,1.48049833359164
"2024-08-04 17:00:00",-1.05474643967748,0.869441685621023
"2024-08-04 18:00:00",-0.886102978576536,-0.305202141928301
"2024-08-04 19:00:00",-1.04260708039213,-0.0487949486725597
"2024-08-04 20:00:00",-1.39038868510769,-0.529232814162136
"2024-08-04 21:00:00",-1.75476319522261,-0.235364341310053
"2024-08-04 22:00:00",-1.87573105107245,-0.0366953268993463
"2024-08-04 23:00:00",-1.91568391522824,-0.0378089256443019
"2024-08-05 00:00:00",-2.04175599213869,-0.176453776696956
"2024-08-05 01:00:00",-1.91718091257543,0.321968860232845
"2024-08-05 02:00:00",-1.62075209064665,0.267786781549089
"2024-08-05 03:00:00",-1.60916699492582,-0.157675162062331
"2024-08-05 04:00:00",-1.79238528965365,-0.189466780691261
"2024-08-05 05:00:00",-1.95691016415093,-0.13776944205276
"2024-08-05 06:00:00",-2.2515876194313,-0.382756479328529
"2024-08-05 07:00:00",-2.4651580554101,-0.0877315319013465
"2024-08-05 08:00:00",-2.65237044629951,-0.241459037620073
"2024-08-05 09:00:00",-2.89977244456187,-0.236189688078342
"2024-08-05 10:00:00",-2.85444969360203,0.23457746281518
"2024-08-05 11:00:00",-2.57957520594311,0.292355089071654
"2024-08-05 12:00:00",-2.73056883301454,-0.436055290210599
"2024-08-05 13:00:00",-3.0636857607897,-0.24514441190079
"2024-08-05 14:00:00",-3.01663622437213,0.243554296291344
"2024-08-05 15:00:00",-2.97607947083684,-0.0928126596743152
"2024-08-05 16:00:00",-2.709261434636,0.497723720590346
"2024-08-05 17:00:00",-2.19208813453559,0.509054866865628
"2024-08-05 18:00:00",-2.00837536633783,-0.0390834939027936
"2024-08-05 19:00:00",-2.57173221810669,-0.883508173986975
"2024-08-05 20:00:00",-2.57525323468506,0.586608407122275
"2024-08-05 21:00:00",-1.05024285292676,2.08145206600477
"2024-08-05 22:00:00",0.0862902765077518,0.453943838943517
"2024-08-05 23:00:00",0.157426538590977,-0.187556016261821
"2024-08-06 00:00:00",-1.88051249296415,-3.17486815422831
"2024-08-06 01:00:00",-3.8929098763658,-1.13937892437893
"2024-08-06 02:00:00",-4.36398418139888,0.00185610856942331
"2024-08-06 03:00:00",-4.3202529579757,0.0751928259671104
"2024-08-06 04:00:00",-4.38610799544927,-0.151188908109873
"2024-08-06 05:00:00",-3.42637388289264,1.66038290709048
"2024-08-06 06:00:00",-1.48016904474826,2.04868237745453
"2024-08-06 07:00:00",0.19741652287805,1.35238142951482
"2024-08-06 08:00:00",1.07055085673274,0.51189650052658
"2024-08-06 09:00:00",1.30408920111804,0.0354922792015827
"2024-08-06 10:00:00",1.3203671564675,0.0010146610862509
"2024-08-06 11:00:00",1.3125844667982,-0.014979081954769
"2024-08-06 12:00:00",1.34331733288281,0.0580551861001113
"2024-08-06 13:00:00",1.22736585448187,-0.228175012863601
"2024-08-06 14:00:00",1.05362687101584,-0.130774524367652
"2024-08-06 15:00:00",1.04434682679851,0.0707981889393245
"2024-08-06 16:00:00",1.2950351720036,0.357354798233993
"2024-08-06 17:00:00",1.77479270493846,0.536891429870756
"2024-08-06 18:00:00",1.53555743615377,-0.747563002098871
"2024-08-06 19:00:00",0.880439204990707,-0.564337341428997
"2024-08-06 20:00:00",0.69896288424778,0.0812491514797817
"2024-08-06 21:00:00",0.499754883051327,-0.377610718909174
"2024-08-06 22:00:00",0.236884177418288,-0.174531191981735
"2024-08-06 23:00:00",0.19209951681617,0.0435344546395016
"2024-08-07 00:00:00",0.304135261609422,0.152131094125258
"2024-08-07 01:00:00",0.25576897472205,-0.180122519744436
"2024-08-07 02:00:00",0.364455197831447,0.295727846847544
"2024-08-07 03:00:00",0.556465467130834,0.113272546910441
"2024-08-07 04:00:00",0.446695793814584,-0.253962846970522
"2024-08-07 05:00:00",0.560395333084806,0.352825112605558
"2024-08-07 06:00:00",1.02572394534249,0.517495437495799
"2024-08-07 07:00:00",1.51057421701776,0.438725679147984
"2024-08-07 08:00:00",2.06537110737327,0.603866278301254
"2024-08-07 09:00:00",2.6814981986552,0.592361436808606
"2024-08-07 10:00:00",3.37782174682562,0.729086236042397
"2024-08-07 11:00:00",4.16864062594136,0.790041427325792
"2024-08-07 12:00:00",4.87061728451783,0.604538633777786
"2024-08-07 13:00:00",5.26488030980755,0.229070275087471
"2024-08-07 14:00:00",5.65808836762349,0.477162099862171
"2024-08-07 15:00:00",5.99065829273943,0.213082274908935
"2024-08-07 16:00:00",6.11477493118261,0.0511897380165363
"2024-08-07 17:00:00",6.30753059536926,0.270092254718466
"2024-08-07 18:00:00",5.86522828899908,-0.904333917676895
"2024-08-07 19:00:00",5.4948199801647,-0.00442026509567783
"2024-08-07 20:00:00",5.08934458325338,-0.66065363432472
"2024-08-07 21:00:00",4.48324723330484,-0.547483859528862
"2024-08-07 22:00:00",4.13442836716501,-0.20557922144291
"2024-08-07 23:00:00",4.00708610571461,-0.0744615541181593
"2024-08-08 00:00:00",3.92611379486902,-0.086628503478585
"2024-08-08 01:00:00",3.49029639117281,-0.652955477475487
"2024-08-08 02:00:00",3.19459719128193,-0.0479785205556313
"2024-08-08 03:00:00",2.98138996187163,-0.317342912792803
"2024-08-08 04:00:00",3.02616348118359,0.280210976706601
"2024-08-08 05:00:00",3.01236643715544,-0.213042951080325
"2024-08-08 06:00:00",2.63456879270102,-0.47356127037419
"2024-08-08 07:00:00",1.4957907862131,-1.53152922615322
"2024-08-08 08:00:00",0.235020495066904,-1.0222838625445
"2024-08-08 09:00:00",-0.428289501775945,-0.392780914993628
"2024-08-08 10:00:00",-1.26071595300568,-1.08541025710426
"2024-08-08 11:00:00",-1.54720851778249,0.261348719048044
"2024-08-08 12:00:00",-1.01169121135189,0.694839561790166
"2024-08-08 13:00:00",-1.44068766324935,-1.15651849480261
"2024-08-08 14:00:00",-1.57382706618686,0.557284950506147
"2024-08-08 15:00:00",-1.46852364833319,-0.198988432479351
"2024-08-08 16:00:00",-1.28588100861342,0.430272324500357
"2024-08-08 17:00:00",-0.741523641526564,0.596202244476074
"2024-08-08 18:00:00",-0.560628335685503,-0.103611809100959
"2024-08-08 19:00:00",-1.00587779785737,-0.651123654581805
"2024-08-08 20:00:00",-0.207417603055008,1.72818694021269
"2024-08-08 21:00:00",-0.758931401610514,-2.04481373199698
"2024-08-08 22:00:00",-1.19405260196272,0.65964364250561
"2024-08-08 23:00:00",-0.825488163849966,0.158539622481938
"2024-08-09 00:00:00",-0.827052725995727,-0.107160812838062
"2024-08-09 01:00:00",-1.17721842846143,-0.49446083702824
"2024-08-09 02:00:00",-1.33079005097096,0.0824985941205627
"2024-08-09 03:00:00",-1.24744748901329,0.0816596629601153
"2024-08-09 04:00:00",-1.13618452843121,0.127318469627676
"2024-08-09 05:00:00",-0.522316986098333,0.910521597041935
"2024-08-09 06:00:00",0.43525460328815,0.944107589488443
"2024-08-09 07:00:00",1.14680910579228,0.522148253109255
"2024-08-09 08:00:00",1.51959497087861,0.254020305673422
"2024-08-09 09:00:00",2.16558328743127,0.874640811866736
"2024-08-09 10:00:00",2.66969394983471,0.230349164121103
"2024-08-09 11:00:00",2.77562060328401,0.0145059932029295
"2024-08-09 12:00:00",2.18806306320515,-0.964582737493781
"2024-08-09 13:00:00",-1.00449854761385,-4.52896679522038
"2024-08-09 14:00:00",-2.45525909774482,0.671575845423069
"2024-08-09 15:00:00",-1.95679411985706,0.362536785279946
"2024-08-09 16:00:00",-1.75974961142598,0.0798762775569152
"2024-08-09 17:00:00",-1.25959077299468,0.758842853421542
"2024-08-09 18:00:00",-1.00216059715253,-0.0874491031189819
"2024-08-09 19:00:00",-0.510698017635537,0.85533456875478
"2024-08-09 20:00:00",0.0350263894512342,0.314046733253949
"2024-08-09 21:00:00",0.374092823945002,0.339588599378556
"2024-08-09 22:00:00",0.629457132931793,0.186598929362067
"2024-08-09 23:00:00",0.826910207501739,0.19449509010108
"2024-08-10 00:00:00",0.875365758159163,-0.0522706254289164
"2024-08-10 01:00:00",1.0516081070351,0.31907883994026
"2024-08-10 02:00:00",1.30385305670298,0.194348160775577
"2024-08-10 03:00:00",1.17647604900322,-0.337484092189582
"2024-08-10 04:00:00",0.446680248230517,-0.958169091613266
"2024-08-10 05:00:00",-0.311693520080661,-0.589717294733078
"2024-08-10 06:00:00",-0.665503901382426,-0.179327276386189
"2024-08-10 07:00:00",-0.676622632429456,0.102404323245951
"2024-08-10 08:00:00",-0.34255940471947,0.473497308845141
"2024-08-10 09:00:00",-0.0188902264963047,0.20884631616338
"2024-08-10 10:00:00",0.351705317664174,0.460840419140369
"2024-08-10 11:00:00",0.371236370346021,-0.276051525488841
"2024-08-10 12:00:00",0.371867062572541,0.18457404117169
"2024-08-10 13:00:00",1.49399388419697,1.6933495074203
"2024-08-10 14:00:00",2.52685697508463,0.541540115054727
"2024-08-10 15:00:00",2.43063149382458,-0.520078879434409
"2024-08-10 16:00:00",2.22165510452551,0.00522008607988012
"2024-08-10 17:00:00",2.45013104728031,0.363590818600746
"2024-08-10 18:00:00",2.33956995062701,-0.42456046404363
"2024-08-10 19:00:00",1.68967191944537,-0.772252558519384
"2024-08-10 20:00:00",1.34941497757817,-0.0382732469538427
"2024-08-10 21:00:00",1.20816305413464,-0.204929863152109
"2024-08-10 22:00:00",0.754802383558239,-0.598991834140937
"2024-08-10 23:00:00",0.156716738854256,-0.570033518287471
"2024-08-11 00:00:00",0.120681171523172,0.321467489049427
"2024-08-11 01:00:00",1.94992335077121,2.74732838618145
"2024-08-11 02:00:00",3.44890700919599,0.59302451056742
"2024-08-11 03:00:00",3.25414952129146,-0.715126101662763
"2024-08-11 04:00:00",2.97239977036924,0.0163582146827848
"2024-08-11 05:00:00",2.8412066187849,-0.227155072828851
"2024-08-11 06:00:00",2.14290510613969,-0.982872155117198
"2024-08-11 07:00:00",1.43731195157912,-0.489975618474201
"2024-08-11 08:00:00",0.946885535089757,-0.469274309259516
"2024-08-11 09:00:00",0.601490647939678,-0.247617211860545
"2024-08-11 10:00:00",0.610618315658549,0.179079207198717
"2024-08-11 11:00:00",1.15624565158137,0.763273922359067
"2024-08-11 12:00:00",1.34368174932702,-0.206846069564567
"2024-08-11 13:00:00",1.40414535849848,0.234062393822443
"2024-08-11 14:00:00",1.50924601478972,0.012323927238552
"2024-08-11 15:00:00",1.48414292578617,-0.0508059364185249
"2024-08-11 16:00:00",1.57704373860642,0.182376645194829
"2024-08-11 17:00:00",1.75818615454814,0.169679667483912
"2024-08-11 18:00:00",1.34525436781053,-0.783976192694178
"2024-08-11 19:00:00",-0.125118329748438,-1.85982495274876
"2024-08-11 20:00:00",-0.715545426067647,0.284041773660531
"2024-08-11 21:00:00",-1.00084883489624,-0.65038096192537
"2024-08-11 22:00:00",-1.54711100152452,-0.449603093732877
"2024-08-11 23:00:00",-1.7728064939505,-0.0637077772338863
"2024-08-12 00:00:00",-1.95882444779374,-0.256432808375083
"2024-08-12 01:00:00",-2.75872085791248,-1.1216646552369
"2024-08-12 02:00:00",-3.23350345382854,-0.0174189429203202
"2024-08-12 03:00:00",-3.13622163668471,0.173291606483125
"2024-08-12 04:00:00",-3.3409594298453,-0.442982801288937
"2024-08-12 05:00:00",-2.79817276638107,1.17846746587616
"2024-08-12 06:00:00",-1.35282691112513,1.55818558005269
"2024-08-12 07:00:00",0.120305734097108,1.34817257796941
"2024-08-12 08:00:00",1.22221253622281,0.885215466118442
"2024-08-12 09:00:00",1.82441309660566,0.383336025847404
"2024-08-12 10:00:00",2.11665504103048,0.215275503637803
"2024-08-12 11:00:00",2.44670591603341,0.388155177408029
"2024-08-12 12:00:00",2.84761226401927,0.387203358059506
"2024-08-12 13:00:00",3.24107522064298,0.375269424203318
"2024-08-12 14:00:00",3.62073533260283,0.360369547723624
"2024-08-12 15:00:00",3.87337221840309,0.164145519504657
"2024-08-12 16:00:00",3.97527319644593,0.0505718392306635
"2024-08-12 17:00:00",3.98899040846787,-0.0166264768008917
"2024-08-12 18:00:00",3.14504936452071,-1.36051142162136
"2024-08-12 19:00:00",1.91484815272317,-1.08892353371496
"2024-08-12 20:00:00",1.30479070605816,-0.264296714430174
"2024-08-12 21:00:00",1.07545260989695,-0.19681609346335
"2024-08-12 22:00:00",0.654174047512067,-0.552284614882961
"2024-08-12 23:00:00",0.20910659500623,-0.353284199539262
"2024-08-13 00:00:00",-0.0230383354880981,-0.140624859439477
"2024-08-13 01:00:00",-0.0658133845848446,0.0245193846161869
"2024-08-13 02:00:00",0.0317469454083806,0.141702272811523
"2024-08-13 03:00:00",0.109058408849463,0.0306702830852712
"2024-08-13 04:00:00",-0.0969679763848583,-0.354171786481565
"2024-08-13 05:00:00",-0.0708190499302597,0.278574153162715
"2024-08-13 06:00:00",0.498416054991359,0.736047366783945
"2024-08-13 07:00:00",1.3677609362185,0.916255421383793
"2024-08-13 08:00:00",2.49305364136795,1.20941286088666
"2024-08-13 09:00:00",3.89482979031309,1.46019213270387
"2024-08-13 10:00:00",5.22774892495677,1.17971358285914
"2024-08-13 11:00:00",6.17455407669127,0.739807463290876
"2024-08-13 12:00:00",6.85316016311771,0.597602429929774
"2024-08-13 13:00:00",7.42197580952435,0.513764075666141
"2024-08-13 14:00:00",7.80873111684698,0.274141937609188
"2024-08-13 15:00:00",7.92232312976706,-0.00889957659643104
"2024-08-13 16:00:00",7.93984012272048,0.0240866741654632
"2024-08-13 17:00:00",7.87280437691192,-0.134828746380591
"2024-08-13 18:00:00",7.19998224927234,-1.00965110310078
"2024-08-13 19:00:00",6.0072805469299,-1.26733481904854
"2024-08-13 20:00:00",5.50406299889542,0.0223569704897946
"2024-08-13 21:00:00",5.5824617813186,0.104941387216103
"2024-08-13 22:00:00",5.57827712883365,-0.083928799329915
"2024-08-13 23:00:00",5.33416111717669,-0.34649358831626
"2024-08-14 00:00:00",5.07186853212153,-0.200569133876454
"2024-08-14 01:00:00",5.16535447992102,0.27854137399475
"2024-08-14 02:00:00",5.18942317165527,-0.153376676340987
"2024-08-14 03:00:00",5.05355039168451,-0.12443419399538
"2024-08-14 04:00:00",4.77391235263754,-0.376329282537905
"2024-08-14 05:00:00",4.49563046755599,-0.205845925159013
"2024-08-14 06:00:00",4.4976397399757,0.13468853167749
"2024-08-14 07:00:00",4.74110675633221,0.29861974470187
"2024-08-14 08:00:00",5.19690256347663,0.532809583519242
"2024-08-14 09:00:00",6.06348596149313,1.04121931943101
"2024-08-14 10:00:00",7.32133173688698,1.33467556618094
"2024-08-14 11:00:00",8.74640276847517,1.40818096047113
"2024-08-14 12:00:00",10.0276547460052,1.1244792395555
"2024-08-14 13:00:00",11.2970714122332,1.29279652708042
"2024-08-14 14:00:00",11.9446371883675,0.172089949750909
"2024-08-14 15:00:00",11.8778941526238,-0.238182554892592
"2024-08-14 16:00:00",11.6827139505028,-0.172543416681979
"2024-08-14 17:00:00",11.4830466748272,-0.2233157762951
"2024-08-14 18:00:00",10.9960555151108,-0.654427273163469
"2024-08-14 19:00:00",10.1432877933531,-0.958638946739105
"2024-08-14 20:00:00",8.78895895803257,-1.56683139428371
"2024-08-14 21:00:00",6.9674634024122,-1.91603790844352
"2024-08-14 22:00:00",6.14992475575819,-0.0553475215118728
"2024-08-14 23:00:00",6.05185525391318,-0.129814907014032
"2024-08-15 00:00:00",6.2298924618917,0.367009872681829
"2024-08-15 01:00:00",5.93762281423601,-0.725921241938121
"2024-08-15 02:00:00",5.72392955144401,0.130289653566007
"2024-08-15 03:00:00",5.8629872792141,0.13091924717953
"2024-08-15 04:00:00",5.84710060330885,-0.120555731522238
"2024-08-15 05:00:00",5.73588538618303,-0.10723798558178
"2024-08-15 06:00:00",5.56140780344473,-0.218403397166931
"2024-08-15 07:00:00",5.20207365533708,-0.443377471407354
"2024-08-15 08:00:00",4.82494784813834,-0.321741371467647
"2024-08-15 09:00:00",4.73232635587032,0.058306417843541
"2024-08-15 10:00:00",5.06405301566587,0.492142245873154
"2024-08-15 11:00:00",5.33155950460265,0.098514597017781
"2024-08-15 12:00:00",5.42207021264287,0.0740036372498601
"2024-08-15 13:00:00",4.79716219451806,-1.0681328711786
"2024-08-15 14:00:00",4.99799212107044,1.03106590791426
"2024-08-15 15:00:00",5.69493380666909,0.434637359018484
"2024-08-15 16:00:00",5.73461310564654,-0.232845623479393
"2024-08-15 17:00:00",5.76718883248816,0.200582726381918
"2024-08-15 18:00:00",5.7187963948993,-0.219505070284841
"2024-08-15 19:00:00",4.74157163486157,-1.44329480131378
"2024-08-15 20:00:00",4.17151098822502,0.0330645589317471
"2024-08-15 21:00:00",4.44638926438124,0.417647264959978
"2024-08-15 22:00:00",4.02527640932703,-0.965995398205533
"2024-08-15 23:00:00",3.50198951257592,-0.208473583377151
"2024-08-16 00:00:00",3.37041049839242,-0.0785769331952831
"2024-08-16 01:00:00",2.91809485263621,-0.684319921625886
"2024-08-16 02:00:00",2.4879489744503,-0.244019370025867
"2024-08-16 03:00:00",2.37088805392961,-0.0300666859808776
"2024-08-16 04:00:00",2.57565249339174,0.348530485125021
"2024-08-16 05:00:00",3.40424649131331,1.10593769896131
"2024-08-16 06:00:00",4.81147997589451,1.5368364170977
"2024-08-16 07:00:00",6.13894758088678,1.11861029777244
"2024-08-16 08:00:00",7.18375850839013,0.938052814473365
"2024-08-16 09:00:00",7.85877428428699,0.458327439818
"2024-08-16 10:00:00",7.82469039493112,-0.370859695375042
"2024-08-16 11:00:00",7.5605288007381,-0.190560802430062
"2024-08-16 12:00:00",7.14013571880232,-0.563377666031042
"2024-08-16 13:00:00",6.96640947236384,0.0850915856078435
"2024-08-16 14:00:00",7.18076784195015,0.281371711408337
"2024-08-16 15:00:00",7.30579355126485,0.00560255630750265
"2024-08-16 16:00:00",7.23220046518224,-0.132306405809513
"2024-08-16 17:00:00",7.04629495103801,-0.222122920278122
"2024-08-16 18:00:00",6.51476662433686,-0.721617050101415
"2024-08-16 19:00:00",5.3469762229692,-1.4181365228878
"2024-08-16 20:00:00",4.58353061369264,-0.297604026576446
"2024-08-16 21:00:00",3.82080624494234,-1.04246149913195
"2024-08-16 22:00:00",3.66730628031834,0.441501781942531
"2024-08-16 23:00:00",4.07987898290749,0.368956111273727
"2024-08-17 00:00:00",4.03496543961972,-0.323945032116642
"2024-08-17 01:00:00",5.32664408854063,2.30216371099831
"2024-08-17 02:00:00",5.58844743079597,-1.11771851829481
"2024-08-17 03:00:00",4.96778014838942,-0.267012934088561
"2024-08-17 04:00:00",4.6565805050785,-0.332270404168619
"2024-08-17 05:00:00",5.08390882000467,0.907412081354609
"2024-08-17 06:00:00",5.76576019624519,0.492527873809782
"2024-08-17 07:00:00",5.54382212619075,-0.695124023748644
"2024-08-17 08:00:00",5.15233136904952,-0.177612358360436
"2024-08-17 09:00:00",5.30435301391369,0.357910688228148
"2024-08-17 10:00:00",5.95362802045477,0.80582630350881
"2024-08-17 11:00:00",6.97789183615109,1.11354218393354
"2024-08-17 12:00:00",7.81083676286068,0.597310563328644
"2024-08-17 13:00:00",6.51764239712613,-2.50212291752491
"2024-08-17 14:00:00",4.7724488555028,-1.16605062128415
"2024-08-17 15:00:00",4.60884359858819,0.506305011323711
"2024-08-17 16:00:00",4.81885901213278,-0.00342637798346121
"2024-08-17 17:00:00",4.49388233937768,-0.530106789047442
"2024-08-17 18:00:00",4.16931818515017,-0.177905765450475
"2024-08-17 19:00:00",3.60011868451396,-0.808382150326681
"2024-08-17 20:00:00",3.30206427713225,0.051682591277421
"2024-08-17 21:00:00",3.51032468329828,0.298492424604171
"2024-08-17 22:00:00",3.49087322386595,-0.235009532674217
"2024-08-17 23:00:00",3.09540050282568,-0.488152085486044
"2024-08-18 00:00:00",2.68561850236924,-0.342052302962418
"2024-08-18 01:00:00",2.46282654954794,-0.136160143137527
"2024-08-18 02:00:00",2.43534917646424,0.0431087012424044
"2024-08-18 03:00:00",2.36022181286356,-0.153518250201805
"2024-08-18 04:00:00",2.00687101134047,-0.472820618158968
"2024-08-18 05:00:00",1.53380588797294,-0.453334418740597
"2024-08-18 06:00:00",1.10698065125139,-0.390846742253231
"2024-08-18 07:00:00",1.11648379083152,0.274520513884364
"2024-08-18 08:00:00",1.64827619295943,0.676594964625938
"2024-08-18 09:00:00",2.02895731431899,0.163194878138145
"2024-08-18 10:00:00",2.01229687423883,-0.138384770101135
"2024-08-18 11:00:00",1.72725713340834,-0.371856199709269
"2024-08-18 12:00:00",1.78145839790065,0.333433425484786
"2024-08-18 13:00:00",1.25690414590155,-1.0739054630249
"2024-08-18 14:00:00",0.728192630873772,-0.141750639183857
"2024-08-18 15:00:00",0.844752000561468,0.282285958003247
"2024-08-18 16:00:00",1.10879697215803,0.238248728551984
"2024-08-18 17:00:00",1.33489639848893,0.205827138121411
"2024-08-18 18:00:00",1.5391762935915,0.19182102620041
"2024-08-18 19:00:00",1.58146249852554,-0.0613947792643722
"2024-08-18 20:00:00",1.65041586612379,0.150536177281492
"2024-08-18 21:00:00",1.70273988693126,-0.0177627655079243
"2024-08-18 22:00:00",1.3879129149653,-0.500100195146436
"2024-08-18 23:00:00",0.823460420681878,-0.582319340382565
"2024-08-19 00:00:00",0.463482065630506,-0.195708705544359
"2024-08-19 01:00:00",0.777559618382044,0.638407306754584
"2024-08-19 02:00:00",1.20126981997416,0.259444822187557
"2024-08-19 03:00:00",1.4333872072657,0.201321385331785
"2024-08-19 04:00:00",1.22610243582815,-0.471681286900154
"2024-08-19 05:00:00",0.92574300629607,-0.173453852598808
"2024-08-19 06:00:00",0.679864494546995,-0.283669720934754
"2024-08-19 07:00:00",0.383497214919723,-0.291625063403629
"2024-08-19 08:00:00",0.0700710386680427,-0.313560368112751
"2024-08-19 09:00:00",0.124334194317023,0.296805847947699
"2024-08-19 10:00:00",-0.0929980290599848,-0.549917870346336
"2024-08-19 11:00:00",-0.351906826260102,-0.0524830126757576
"2024-08-19 12:00:00",-0.27215525845967,0.164570186388812
"2024-08-19 13:00:00",-0.880236015540927,-1.09392637069856
"2024-08-19 14:00:00",-1.31658385379266,0.0238996738698191
"2024-08-19 15:00:00",-0.848083220555789,0.74432995582881
"2024-08-19 16:00:00",-0.152468684823181,0.631175818925917
"2024-08-19 17:00:00",0.367531458151843,0.421370676952674
"2024-08-19 18:00:00",0.607361498926237,0.106934827785631
"2024-08-19 19:00:00",-0.200844757068418,-1.38066719649896
"2024-08-19 20:00:00",0.202462017905942,1.57369657311005
"2024-08-19 21:00:00",1.12883131505477,0.45054371231459
"2024-08-19 22:00:00",0.477778141968991,-1.35595565653062
"2024-08-19 23:00:00",-1.41875689571745,-2.16740873438589
"2024-08-20 00:00:00",-2.24144642756712,0.114696658395803
"2024-08-20 01:00:00",-2.87747845900301,-1.10339720981773
"2024-08-20 02:00:00",-3.09583105814979,0.385751045038617
"2024-08-20 03:00:00",-2.43582428451735,0.815467010950952
"2024-08-20 04:00:00",-2.20148682232338,-0.161072458563881
"2024-08-20 05:00:00",-1.97494368138407,0.477020812677308
"2024-08-20 06:00:00",-1.02070164463631,1.2295840750588
"2024-08-20 07:00:00",0.315408827234529,1.34495102968909
"2024-08-20 08:00:00",1.62805118711108,1.22832125524249
"2024-08-20 09:00:00",2.424050701981,0.467866610133548
"2024-08-20 10:00:00",2.79415279218556,0.284216211123525
"2024-08-20 11:00:00",3.18669792902055,0.442509173672962
"2024-08-20 12:00:00",3.74922865085081,0.611706270788306
"2024-08-20 13:00:00",4.10261868690645,0.15955801796971
"2024-08-20 14:00:00",4.39875310685588,0.367825081022831
"2024-08-20 15:00:00",5.11116236583874,0.902606715405173
"2024-08-20 16:00:00",5.58859112042148,0.164708244869805
"2024-08-20 17:00:00",5.70804892059297,0.0764133551036525
"2024-08-20 18:00:00",5.63855563506398,-0.170815825122105
"2024-08-20 19:00:00",5.32092382155554,-0.407679642586005
"2024-08-20 20:00:00",5.57292540229408,0.672950153558922
"2024-08-20 21:00:00",5.97924573722767,0.202080799833751
"2024-08-20 22:00:00",6.00389826790364,-0.102507284281305
"2024-08-20 23:00:00",5.66926972654985,-0.481208693201903
"2024-08-21 00:00:00",5.35700428976575,-0.19210524721998
"2024-08-21 01:00:00",5.36857829819872,0.139904880819635
"2024-08-21 02:00:00",5.53934540190787,0.176308901410091
"2024-08-21 03:00:00",5.72983972721416,0.183760970382487
"2024-08-21 04:00:00",5.82035766023137,0.0166721587664963
"2024-08-21 05:00:00",5.47702249146441,-0.574521016219381
"2024-08-21 06:00:00",4.64736415226931,-0.967379847867824
"2024-08-21 07:00:00",3.52561300140337,-1.17734729209536
"2024-08-21 08:00:00",1.84742142325575,-1.93687862698829
"2024-08-21 09:00:00",-0.206104427390124,-2.03608770210207
"2024-08-21 10:00:00",-1.15668227978612,-0.181480423049632
"2024-08-21 11:00:00",-0.699104432288683,0.863356180593833
"2024-08-21 12:00:00",-0.0275890118068227,0.512614624917919
"2024-08-21 13:00:00",0.0762515998310762,-0.173569676899425
"2024-08-21 14:00:00",-0.159957613833631,-0.266841946142
"2024-08-21 15:00:00",-0.965781019979508,-1.12663997223091
"2024-08-21 16:00:00",-1.77257890365469,-0.553990412342281
"2024-08-21 17:00:00",-1.91794325339826,0.136240176558539
"2024-08-21 18:00:00",-2.03247930880134,-0.273803249832616
"2024-08-21 19:00:00",-2.41126705831108,-0.42815743803321
"2024-08-21 20:00:00",-2.84632342136342,-0.415874821655049
"2024-08-21 21:00:00",-2.85927599432181,0.259940975033347
"2024-08-21 22:00:00",-2.64516255716568,0.177072179570371
"2024-08-21 23:00:00",-2.57838041347041,-0.00650820310863792
"2024-08-22 00:00:00",-2.52517936266792,0.093800956976952
"2024-08-22 01:00:00",-2.17624037845973,0.505700704929139
"2024-08-22 02:00:00",-1.66109837440628,0.499761173993964
"2024-08-22 03:00:00",-1.21224558861559,0.395725722503854
"2024-08-22 04:00:00",-0.749007241810792,0.487795307797416
"2024-08-22 05:00:00",-0.753241810579916,-0.331082548074039
"2024-08-22 06:00:00",-1.38871754916418,-0.807233077896932
"2024-08-22 07:00:00",-1.35638726145403,0.592282914109691
"2024-08-22 08:00:00",-1.17674889236838,-0.102241807386347
"2024-08-22 09:00:00",-0.908395647843763,0.504176814333273
"2024-08-22 10:00:00",-0.487568678208933,0.346434473729365
"2024-08-22 11:00:00",-0.333804851117821,0.0186404220715281
"2024-08-22 12:00:00",-0.018141269570576,0.499105681657912
"2024-08-22 13:00:00",0.648189061019066,0.746171332399533
"2024-08-22 14:00:00",1.60998615490084,1.05900593736485
"2024-08-22 15:00:00",2.37250662308205,0.526557727508111
"2024-08-22 16:00:00",2.86241699627561,0.439141789055057
"2024-08-22 17:00:00",3.18004309254915,0.217835118321949
"2024-08-22 18:00:00",2.66905982399815,-0.97667016993251
"2024-08-22 19:00:00",1.56645411769285,-1.13760553523171
"2024-08-22 20:00:00",1.57273228187482,0.766537541151811
"2024-08-22 21:00:00",1.88154238681927,-0.0130374326235959
"2024-08-22 22:00:00",1.69083116396181,-0.302520485925019
"2024-08-22 23:00:00",1.65056447240855,0.134300864439408
"2024-08-23 00:00:00",1.74002629243782,0.0531915508744553
"2024-08-23 01:00:00",1.76688329847868,0.00578252173329937
"2024-08-23 02:00:00",1.8637543074819,0.150715594078354
"2024-08-23 03:00:00",2.37206026693215,0.720139506874888
"2024-08-23 04:00:00",2.6675496257691,-0.00470404345411324
"2024-08-23 05:00:00",2.35718297324627,-0.502827248318073
"2024-08-23 06:00:00",1.97884352931367,-0.280407986294779
"2024-08-23 07:00:00",1.71687083621747,-0.239783860631824
"2024-08-23 08:00:00",2.25515178365984,1.02919093097982
"2024-08-23 09:00:00",3.72824425020521,1.6961154332925
"2024-08-23 10:00:00",5.18155287579005,1.21757566669206
"2024-08-23 11:00:00",6.40687068349536,1.16557590665635
"2024-08-23 12:00:00",7.43263970644983,0.875566259632594
"2024-08-23 13:00:00",8.65922665304437,1.39273249017071
"2024-08-23 14:00:00",9.65043264364243,0.665266470868831
"2024-08-23 15:00:00",10.0883733297861,0.253146560365939
"2024-08-23 16:00:00",10.1447607805315,-0.0904624001909696
"2024-08-23 17:00:00",9.79713280304463,-0.515622233036584
"2024-08-23 18:00:00",8.91628697590012,-1.09509142098611
"2024-08-23 19:00:00",8.11726080656944,-0.575172951220122
"2024-08-23 20:00:00",7.46658873499635,-0.680544315657639
"2024-08-23 21:00:00",6.84849105325151,-0.556717105665545
"2024-08-23 22:00:00",6.18429670177676,-0.713107484124428
"2024-08-23 23:00:00",5.60423136092405,-0.471776804194258
"2024-08-24 00:00:00",5.22251011473731,-0.310767662640561
"2024-08-24 01:00:00",3.93061976997369,-1.89130097706017
"2024-08-24 02:00:00",3.07616695808949,-0.127694321898055
"2024-08-24 03:00:00",3.17766885722419,0.245509555599979
"2024-08-24 04:00:00",3.03798308719947,-0.393935263486605
"2024-08-24 05:00:00",3.13964175447674,0.42330354768349
"2024-08-24 06:00:00",4.36818614656423,1.70293717518303
"2024-08-24 07:00:00",5.94251078316852,1.40814467368287
"2024-08-24 08:00:00",6.97954581702944,0.732696059290064
"2024-08-24 09:00:00",7.77498440961773,0.790473697789914
"2024-08-24 10:00:00",8.60994436742146,0.81492139138317
"2024-08-24 11:00:00",9.43394426642079,0.779801452669177
"2024-08-24 12:00:00",10.2010239095786,0.709990909132247
"2024-08-24 13:00:00",10.913667043866,0.667401915808032
"2024-08-24 14:00:00",11.3790107813951,0.29446442412129
"2024-08-24 15:00:00",11.8352318596971,0.527714748018817
"2024-08-24 16:00:00",12.4310170132598,0.597602500724794
"2024-08-24 17:00:00",12.8600835733904,0.280303644849738
"2024-08-24 18:00:00",12.0061798009154,-1.58602375339394
"2024-08-24 19:00:00",11.3230346738684,-0.0642447152030312
"2024-08-24 20:00:00",11.4570121769406,0.245166075889903
"2024-08-24 21:00:00",11.8998443435401,0.538800776059517
"2024-08-24 22:00:00",12.0832295805778,-0.0776028850410415
"2024-08-24 23:00:00",11.8545943315625,-0.334027585950828
"2024-08-25 00:00:00",11.7086026932809,-0.0289748095172265
"2024-08-25 01:00:00",11.7922459884533,0.139658431934448
"2024-08-25 02:00:00",11.2201166692811,-1.03465468151231
"2024-08-25 03:00:00",9.73503748029172,-1.72924530106432
"2024-08-25 04:00:00",8.47842431566647,-0.894361478977969
"2024-08-25 05:00:00",7.30285919028687,-1.31809421432482
"2024-08-25 06:00:00",6.13427760210808,-1.02278837624485
"2024-08-25 07:00:00",4.58438800695439,-1.83553931150107
"2024-08-25 08:00:00",2.36819161128168,-2.37055868794811
"2024-08-25 09:00:00",-0.0905849748170098,-2.40379968211461
"2024-08-25 10:00:00",-1.12409931733413,-0.0707775661837952
"2024-08-25 11:00:00",-0.447575824790483,1.14401632155563
"2024-08-25 12:00:00",0.364387121924144,0.552590560525447
"2024-08-25 13:00:00",1.06300229758268,0.762295981097215
"2024-08-25 14:00:00",1.2414077056353,-0.220695881878567
"2024-08-25 15:00:00",0.804590764068053,-0.561737623837238
"2024-08-25 16:00:00",0.484457002642815,-0.144891485147328
"2024-08-25 17:00:00",0.6015760938497,0.285600161854879
"2024-08-25 18:00:00",0.107329095314227,-0.991425202427134
"2024-08-25 19:00:00",-0.189556647172528,0.180102250028929
"2024-08-25 20:00:00",-0.211204141390349,-0.154872112388107
"2024-08-25 21:00:00",-0.144764155155292,0.211093861629497
"2024-08-25 22:00:00",-0.767351505259821,-1.14859393284528
"2024-08-25 23:00:00",-0.504475068406569,1.19233785746285
"2024-08-26 00:00:00",0.306365664361944,0.518633051089278
"2024-08-26 01:00:00",0.62317222793667,0.166808621479785
"2024-08-26 02:00:00",0.691721081851173,-0.00101696455157759
"2024-08-26 03:00:00",0.686956352326571,-0.00792812914639325
"2024-08-26 04:00:00",0.657841085844508,-0.0427414560668483
"2024-08-26 05:00:00",0.679141271332841,0.0621340289288737
"2024-08-26 06:00:00",0.974813547029011,0.436436512411799
"2024-08-26 07:00:00",1.7972770797463,1.03947144875673
"2024-08-26 08:00:00",2.56063206422392,0.540690352827034
"2024-08-26 09:00:00",2.96389600711544,0.289185422865282
"2024-08-26 10:00:00",3.51318072701121,0.692760398673106
"2024-08-26 11:00:00",3.67147373506869,-0.210061611703227
"2024-08-26 12:00:00",3.33998052985217,-0.401424932954401
"2024-08-26 13:00:00",3.16352945024915,-0.0223900894534283
"2024-08-26 14:00:00",3.25365980594179,0.156783270430984
"2024-08-26 15:00:00",3.34327765478496,0.0363904238778401
"2024-08-26 16:00:00",3.42437250858143,0.102735594735741
"2024-08-26 17:00:00",3.66404843436566,0.315166058560066
"2024-08-26 18:00:00",3.28045777323424,-0.835914091959329
"2024-08-26 19:00:00",2.72193077977185,-0.351291728162342
"2024-08-26 20:00:00",2.62928598580866,0.0806785325265033
"2024-08-26 21:00:00",2.57624075311489,-0.143060313072868
"2024-08-26 22:00:00",1.00661209977372,-2.44939011887493
"2024-08-26 23:00:00",-0.818490555306756,-1.32348746143398
"2024-08-27 00:00:00",-1.13591341938444,0.369413959360811
"2024-08-27 01:00:00",-1.83211712311864,-1.37205658018943
"2024-08-27 02:00:00",-2.53750354009234,-0.225066789984736
"2024-08-27 03:00:00",-2.55644744404666,0.12263904780735
"2024-08-27 04:00:00",-2.51909137801788,-0.0179792029089721
"2024-08-27 05:00:00",-2.24696766982111,0.455837324911818
"2024-08-27 06:00:00",-0.979255104860476,1.75160811874961
"2024-08-27 07:00:00",1.00986683349195,2.05420187501373
"2024-08-27 08:00:00",2.98810484733921,1.83229038724377
"2024-08-27 09:00:00",4.40817423094308,1.07392878515759
"2024-08-27 10:00:00",5.08392924214892,0.3725185195188
"2024-08-27 11:00:00",5.31531397056832,0.119750742780172
"2024-08-27 12:00:00",5.5166165465317,0.239254485905371
"2024-08-27 13:00:00",5.66343466109374,0.0711095185885696
"2024-08-27 14:00:00",5.73777709801322,0.0656670972913848
"2024-08-27 15:00:00",5.7523368295638,-0.0275968131223834
"2024-08-27 16:00:00",5.63621284594847,-0.177035398394881
"2024-08-27 17:00:00",5.43378875991232,-0.216993328456649
"2024-08-27 18:00:00",4.34511924591557,-1.62504622509118
"2024-08-27 19:00:00",2.95119287407807,-1.17920969174656
"2024-08-27 20:00:00",2.27089037215161,-0.319178689868752
"2024-08-27 21:00:00",2.14627018931072,0.00807890667462569
"2024-08-27 22:00:00",2.18445667995733,0.0536776019600218
"2024-08-27 23:00:00",1.9773295946514,-0.373966272017835
"2024-08-28 00:00:00",1.66625513314526,-0.256913216694594
"2024-08-28 01:00:00",1.55577274952354,-0.00976055629859296
"2024-08-28 02:00:00",1.7308840785652,0.288031228636809
"2024-08-28 03:00:00",2.03618211259199,0.300071066930351
"2024-08-28 04:00:00",2.09975314070219,-0.0997376680305852
"2024-08-28 05:00:00",2.00499727818544,-0.0896377100796405
"2024-08-28 06:00:00",2.50913801561568,0.873446267185811
"2024-08-28 07:00:00",3.43449796882732,0.912762717463756
"2024-08-28 08:00:00",4.41491479467841,0.974504345552923
"2024-08-28 09:00:00",5.44271642026868,1.00880303216501
"2024-08-28 10:00:00",6.55381277566948,1.11947870569044
"2024-08-28 11:00:00",7.62598850905048,0.981246635477397
"2024-08-28 12:00:00",8.52627535198641,0.793706692917973
"2024-08-28 13:00:00",9.48761135234907,1.01641799208031
"2024-08-28 14:00:00",10.2066501156867,0.474395342162233
"2024-08-28 15:00:00",10.4638492326993,0.0870299005325445
"2024-08-28 16:00:00",10.4410759628252,-0.108375645026557
"2024-08-28 17:00:00",10.3057178533169,-0.160368309648336
"2024-08-28 18:00:00",9.80920211541859,-0.710296028249485
"2024-08-28 19:00:00",9.26876504372699,-0.414158555115926
"2024-08-28 20:00:00",9.16752004629994,0.100227920282281
"2024-08-28 21:00:00",9.28397220942501,0.109921183749363
"2024-08-28 22:00:00",9.30596647109101,-0.0496311344892738
"2024-08-28 23:00:00",9.1810390725872,-0.181179217194406
"2024-08-29 00:00:00",9.06673475121429,-0.0761207905156763
"2024-08-29 01:00:00",9.34681379479711,0.49254905293532
"2024-08-29 02:00:00",9.33948405458706,-0.35227259256484
"2024-08-29 03:00:00",8.92575151521774,-0.447079658524161
"2024-08-29 04:00:00",8.25330279865335,-0.802239568301588
"2024-08-29 05:00:00",7.68193019156515,-0.400947813344369
"2024-08-29 06:00:00",8.07438971629595,0.892840479395655
"2024-08-29 07:00:00",9.25393793408554,1.30422748124773
"2024-08-29 08:00:00",10.5725217809583,1.25357175444039
"2024-08-29 09:00:00",12.0125231535099,1.48223403770896
"2024-08-29 10:00:00",13.2965452075405,1.07538777841533
"2024-08-29 11:00:00",14.1146644754791,0.590599455936353
"2024-08-29 12:00:00",14.6549474036848,0.462877150959794
"2024-08-29 13:00:00",15.1544583540914,0.481312329650897
"2024-08-29 14:00:00",15.5443647480525,0.29091406368589
"2024-08-29 15:00:00",15.7815593174444,0.170080444582151
"2024-08-29 16:00:00",15.9033344980432,0.0634494889031851
"2024-08-29 17:00:00",15.3528361828343,-0.954123571390341
"2024-08-29 18:00:00",13.7878688524494,-1.91760697288106
"2024-08-29 19:00:00",11.86999504017,-1.84468255917276
"2024-08-29 20:00:00",11.4478086494339,0.530894753549281
"2024-08-29 21:00:00",12.1095706087621,0.702807188494311
"2024-08-29 22:00:00",11.4915495660599,-1.48479468360923
"2024-08-29 23:00:00",10.3130293612803,-0.933146109839277
"2024-08-30 00:00:00",10.7881831129467,1.37813612378406
"2024-08-30 01:00:00",10.5584346803161,-1.30463745154475
"2024-08-30 02:00:00",9.18189932146309,-1.37265996401591
"2024-08-30 03:00:00",8.42335841187227,-0.324921509011469
"2024-08-30 04:00:00",7.68076312001695,-0.9966064237588
"2024-08-30 05:00:00",7.01804053975942,-0.418542362213778
"2024-08-30 06:00:00",6.97610719399434,0.202084315275142
"2024-08-30 07:00:00",7.25080972012177,0.301070779191907
"2024-08-30 08:00:00",6.93819232131188,-0.716223916325978
"2024-08-30 09:00:00",6.92679570821556,0.450081345087344
"2024-08-30 10:00:00",7.09166454107357,-0.0420299263516388
"2024-08-30 11:00:00",7.01339858485957,-0.107842041069777
"2024-08-30 12:00:00",6.50028813850615,-0.767939570660999
"2024-08-30 13:00:00",7.0500521356516,1.39371751231116
"2024-08-30 14:00:00",7.29585820797968,-0.540220492951971
"2024-08-30 15:00:00",6.21565797236578,-1.39825163345313
"2024-08-30 16:00:00",4.14767632845175,-2.42420107860189
"2024-08-30 17:00:00",2.91255712660037,-0.389063963002423
"2024-08-30 18:00:00",2.62137816846449,-0.215839863245668
"2024-08-30 19:00:00",2.44505131785389,-0.144984245534055
"2024-08-30 20:00:00",2.06211107919928,-0.526528493265644
"2024-08-30 21:00:00",1.41836720831989,-0.693953066908705
"2024-08-30 22:00:00",0.995236232283771,-0.224306758398256
"2024-08-30 23:00:00",0.8082450298771,-0.15451134108956
"2024-08-31 00:00:00",0.732065230799431,-0.0213811400891419
"2024-08-31 01:00:00",0.929674251383127,0.333266402513069
"2024-08-31 02:00:00",1.23404164147882,0.269440390679747
"2024-08-31 03:00:00",1.25986277920412,-0.139406135666454
"2024-08-31 04:00:00",1.07710454008769,-0.204598052323161
"2024-08-31 05:00:00",0.614107164245479,-0.614647292951405
"2024-08-31 06:00:00",0.213186279848433,-0.240178854584335
"2024-08-31 07:00:00",0.13921900478155,0.040078737263621
"2024-08-31 08:00:00",0.267278074250011,0.180446950743878
"2024-08-31 09:00:00",0.805349653760114,0.750570738003062
"2024-08-31 10:00:00",1.35209820831169,0.383850486788471
"2024-08-31 11:00:00",1.75081370075175,0.387936316840313
"2024-08-31 12:00:00",2.21800651666292,0.495572795222522
"2024-08-31 13:00:00",2.1651790629337,-0.418769224148042
"2024-08-31 14:00:00",1.93921453930198,-0.0894825816189815
"2024-08-31 15:00:00",2.15370296311407,0.404441118470718
"2024-08-31 16:00:00",2.42246910424976,0.162770839255234
"2024-08-31 17:00:00",2.57893570856394,0.141707076483411
"2024-08-31 18:00:00",2.04694457174692,-0.959159012464513
"2024-08-31 19:00:00",1.35777461478642,-0.479069067525383
"2024-08-31 20:00:00",1.0008407001551,-0.260300208531632
"2024-08-31 21:00:00",0.484961353634606,-0.663037981228508
"2024-08-31 22:00:00",-0.0264269171750659,-0.386614250665711
"2024-08-31 23:00:00",-0.397618431072532,-0.343237027493669
"2024-09-01 00:00:00",-0.538053792433446,0.00194923057328519
"2024-09-01 01:00:00",-0.69973710626162,-0.26239341111112
"2024-09-01 02:00:00",-0.69709292845838,0.180108944377541
"2024-09-01 03:00:00",-0.617590979990751,0.0095521414873265
"2024-09-01 04:00:00",-0.790827322712595,-0.286065366806049
"2024-09-01 05:00:00",-1.188946144991,-0.452882455497819
"2024-09-01 06:00:00",-1.36735101482379,0.0145868484950418
"2024-09-01 07:00:00",-1.00514237265858,0.578502626367865
"2024-09-01 08:00:00",-0.0339721827235837,1.18808997776463
"2024-09-01 09:00:00",1.34525153489944,1.4411480079603
"2024-09-01 10:00:00",2.40491822927511,0.753261953850306
"2024-09-01 11:00:00",2.95454730245754,0.384659127643674
"2024-09-01 12:00:00",3.25351233854153,0.223822764649164
"2024-09-01 13:00:00",3.60094635158852,0.409137815617074
"2024-09-01 14:00:00",3.89328294719424,0.195938621455889
"2024-09-01 15:00:00",3.8538478333875,-0.199491220003102
"2024-09-01 16:00:00",3.48803333628475,-0.464277588546599
"2024-09-01 17:00:00",3.06148211217926,-0.385625964366951
"2024-09-01 18:00:00",2.46040619787388,-0.720089056794082
"2024-09-01 19:00:00",2.08419140042548,-0.132262151279078
"2024-09-01 20:00:00",2.09469186126167,0.102489271015306
"2024-09-01 21:00:00",2.12298916025061,-0.0252070595581267
"2024-09-01 22:00:00",1.99495685864894,-0.193232965666425
"2024-09-01 23:00:00",1.61873306898752,-0.48290838942237
"2024-09-02 00:00:00",1.00587350045976,-0.672455422528921
"2024-09-02 01:00:00",-0.263790924545161,-1.60875955412812
"2024-09-02 02:00:00",-1.27159764160727,-0.558948020006569
"2024-09-02 03:00:00",-1.69672575681784,-0.314075964016418
"2024-09-02 04:00:00",-2.0298686344495,-0.327836809586034
"2024-09-02 05:00:00",-2.30957946433737,-0.231720027241719
"2024-09-02 06:00:00",-1.70133908205994,1.14227744127938
"2024-09-02 07:00:00",-0.398783104035396,1.34970224423691
"2024-09-02 08:00:00",1.19891615919806,1.68762004154204
"2024-09-02 09:00:00",2.76505493536231,1.40918580931794
"2024-09-02 10:00:00",3.8094745827016,0.748053130171453
"2024-09-02 11:00:00",4.45617307314244,0.543490304298048
"2024-09-02 12:00:00",5.06869887700681,0.623699654250412
"2024-09-02 13:00:00",5.51859764386837,0.306123064434125
"2024-09-02 14:00:00",5.96367889315622,0.509457256847023
"2024-09-02 15:00:00",6.31866132288751,0.227447645590102
"2024-09-02 16:00:00",6.33517873840095,-0.133027456371305
"2024-09-02 17:00:00",6.07292364790839,-0.344106680126131
"2024-09-02 18:00:00",5.08756764284812,-1.37385038479734
"2024-09-02 19:00:00",4.41140322064303,-0.185473231367795
"2024-09-02 20:00:00",4.65649263365933,0.514795315588989
"2024-09-02 21:00:00",5.05401273018025,0.294447703644327
"2024-09-02 22:00:00",5.25072204470023,0.115691411309056
"2024-09-02 23:00:00",5.36168742920152,0.0957756919252371
"2024-09-03 00:00:00",5.47105952803599,0.106329877909283
"2024-09-03 01:00:00",5.35726036827169,-0.262191690466029
"2024-09-03 02:00:00",5.38967566175608,0.220372931868523
"2024-09-03 03:00:00",5.6231567231526,0.224179684079299
"2024-09-03 04:00:00",5.49794878533907,-0.359425254768809
"2024-09-03 05:00:00",4.8110948565504,-0.879581795830793
"2024-09-03 06:00:00",4.87305329175864,0.680497527112776
"2024-09-03 07:00:00",5.92265721163761,1.2395147883497
"2024-09-03 08:00:00",7.17396213794365,1.19207176925691
"2024-09-03 09:00:00",8.23059212548475,0.906882279089732
"2024-09-03 10:00:00",9.19283617508882,0.942820148563218
"2024-09-03 11:00:00",10.3052491070616,1.16076587947349
"2024-09-03 12:00:00",11.562579648324,1.24867905553243
"2024-09-03 13:00:00",13.030522616185,1.5294612414285
"2024-09-03 14:00:00",14.0940323291966,0.685552240990576
"2024-09-03 15:00:00",14.1094114139123,-0.450287777130587
"2024-09-03 16:00:00",13.4567821713455,-0.774690075751106
"2024-09-03 17:00:00",12.6065209630293,-0.877577596228938
"2024-09-03 18:00:00",11.284264876511,-1.57211534895649
"2024-09-03 19:00:00",10.337183022405,-0.499936037561761
"2024-09-03 20:00:00",9.61931818720272,-0.842356216948649
"2024-09-03 21:00:00",9.50141863314657,0.358270486787324
"2024-09-03 22:00:00",9.76188336175488,0.170641389269308
"2024-09-03 23:00:00",9.59918327466422,-0.389771696884065
"2024-09-04 00:00:00",9.19736609342545,-0.403122739950124
"2024-09-04 01:00:00",9.5610255423442,0.845706381258534
"2024-09-04 02:00:00",10.0129431630173,0.155601088949083
"2024-09-04 03:00:00",9.74743822468669,-0.54652355343025
"2024-09-04 04:00:00",8.9401978943869,-0.955249540498911
"2024-09-04 05:00:00",7.69579829716403,-1.38955027303088
"2024-09-04 06:00:00",7.71283948052936,0.944026405345764
"2024-09-04 07:00:00",9.03799347088719,1.50632555311436
"2024-09-04 08:00:00",10.5643174279324,1.4554797484655
"2024-09-04 09:00:00",11.6571863266829,0.785586859144032
"2024-09-04 10:00:00",12.6603837334349,1.08557595639909
"2024-09-04 11:00:00",14.0448234321914,1.50157702440934
"2024-09-04 12:00:00",15.2736860394106,0.970563210672204
"2024-09-04 13:00:00",15.9046722782708,0.354939753403506
"2024-09-04 14:00:00",15.8840806095343,-0.290457905173019
"2024-09-04 15:00:00",15.4815312202645,-0.478615050556116
"2024-09-04 16:00:00",14.9495992601849,-0.562148334258754
"2024-09-04 17:00:00",14.1369246183195,-0.960335567845045
"2024-09-04 18:00:00",12.9684181593904,-1.2699748098223
"2024-09-04 19:00:00",12.1659767844895,-0.469337237907457
"2024-09-04 20:00:00",11.9914363542215,0.0146044757352973
"2024-09-04 21:00:00",11.6974317772745,-0.501221670432957
"2024-09-04 22:00:00",11.0245999048725,-0.770337460615599
"2024-09-04 23:00:00",10.5224747971169,-0.313665485310253
"2024-09-05 00:00:00",10.2898117917799,-0.181165483964306
"2024-09-05 01:00:00",9.96044848792525,-0.425768453912527
"2024-09-05 02:00:00",9.80648581300651,0.0217193303005703
"2024-09-05 03:00:00",9.87340607786988,0.0812371087584139
"2024-09-05 04:00:00",9.75007572710269,-0.266568600002361
"2024-09-05 05:00:00",9.35773188122149,-0.470112569629065
"2024-09-05 06:00:00",9.31043967764722,0.224772236302433
"2024-09-05 07:00:00",9.68451084591521,0.443829092926075
"2024-09-05 08:00:00",10.252211861217,0.610824694535873
"2024-09-05 09:00:00",10.8587406701146,0.56163211885032
"2024-09-05 10:00:00",11.5160774874121,0.675910121655962
"2024-09-05 11:00:00",12.1599180633849,0.577026782738542
"2024-09-05 12:00:00",12.5913370376546,0.298178773641873
"2024-09-05 13:00:00",12.3858467522153,-0.547724355810047
"2024-09-05 14:00:00",12.0823436610458,-0.1422297443938
"2024-09-05 15:00:00",11.8557280539391,-0.287672525040511
"2024-09-05 16:00:00",11.6190624899797,-0.20669254235406
"2024-09-05 17:00:00",11.0471465771363,-0.803189239229968
"2024-09-05 18:00:00",10.117264625833,-0.984390243430527
"2024-09-05 19:00:00",9.64967980880928,-0.113871425543058
"2024-09-05 20:00:00",9.94567961515795,0.542742417616434
"2024-09-05 21:00:00",10.1771584588772,0.000157618191005585
"2024-09-05 22:00:00",10.0517607910665,-0.216255201867169
"2024-09-05 23:00:00",9.85740979203906,-0.183465664721651
"2024-09-06 00:00:00",9.6868165742913,-0.166607466843212
"2024-09-06 01:00:00",9.32769177220073,-0.482884531800316
"2024-09-06 02:00:00",9.1084080935747,-0.045152151794504
"2024-09-06 03:00:00",8.94025056172833,-0.253906049026769
"2024-09-06 04:00:00",8.45107252401199,-0.634298319844925
"2024-09-06 05:00:00",7.64695075929492,-0.89001414597968
"2024-09-06 06:00:00",7.23095852058402,-0.0900691214623026
"2024-09-06 07:00:00",7.28890791116018,0.144555230434852
"2024-09-06 08:00:00",7.51247139054097,0.256218706790739
"2024-09-06 09:00:00",8.04388874702566,0.679946871332726
"2024-09-06 10:00:00",8.7929126437734,0.749116014127428
"2024-09-06 11:00:00",9.53802816486619,0.695710651252321
"2024-09-06 12:00:00",10.0609838619697,0.370646495079615
"2024-09-06 13:00:00",10.2931020059068,0.115772826544589
"2024-09-06 14:00:00",10.4576667059934,0.176008410511194
"2024-09-06 15:00:00",10.7265814968245,0.304596968515914
"2024-09-06 16:00:00",11.1205215731723,0.420959135577042
"2024-09-06 17:00:00",10.69301699177,-0.987152606915276
"2024-09-06 18:00:00",9.53166967842417,-1.23606765112449
"2024-09-06 19:00:00",8.53007468892901,-0.809969843040256
"2024-09-06 20:00:00",7.86960642051979,-0.540409026934078
"2024-09-06 21:00:00",7.45296654275096,-0.324470788370012
"2024-09-06 22:00:00",6.92705566738623,-0.644814909223721
"2024-09-06 23:00:00",6.44771531691546,-0.35517407189175
"2024-09-07 00:00:00",6.15363640979881,-0.247683543277179
"2024-09-07 01:00:00",5.08151168757681,-1.57872575184703
"2024-09-07 02:00:00",4.27564255407677,-0.25889373141507
"2024-09-07 03:00:00",4.19785416904378,0.041133350519432
"2024-09-07 04:00:00",3.95716728713285,-0.422535910421357
"2024-09-07 05:00:00",3.63091515443097,-0.251659929918904
"2024-09-07 06:00:00",4.17611723650741,1.04584800593679
"2024-09-07 07:00:00",5.67844466776854,1.72987094159679
"2024-09-07 08:00:00",7.53615573445097,1.84734192062597
"2024-09-07 09:00:00",9.20097119417801,1.45431119215856
"2024-09-07 10:00:00",10.4383038660393,1.02202918644621
"2024-09-07 11:00:00",11.2861763771112,0.678028914529658
"2024-09-07 12:00:00",11.8340982365704,0.420605077194443
"2024-09-07 13:00:00",12.5275985028959,0.827223261530826
"2024-09-07 14:00:00",12.9856297911863,0.173999106943142
"2024-09-07 15:00:00",12.9238185553545,-0.232811468408797
"2024-09-07 16:00:00",12.7834541116637,-0.0887176842795186
"2024-09-07 17:00:00",12.2324215199806,-0.849525306748043
"2024-09-07 18:00:00",10.9345128166915,-1.5509127705484
"2024-09-07 19:00:00",10.1691631385364,-0.21937104687035
"2024-09-07 20:00:00",10.4656532933339,0.613198846026791
"2024-09-07 21:00:00",10.8558999804908,0.20958416103816
"2024-09-07 22:00:00",10.9290310962981,-0.0353000517716153
"2024-09-07 23:00:00",10.5868213695297,-0.544634232429968
"2024-09-08 00:00:00",10.0631331695006,-0.498481219841531
"2024-09-08 01:00:00",9.73140594488486,-0.217763619489634
"2024-09-08 02:00:00",9.63867126720348,-0.0175166143983512
"2024-09-08 03:00:00",9.58253524277983,-0.0916346644331675
"2024-09-08 04:00:00",9.24664643459261,-0.495108943333063
"2024-09-08 05:00:00",8.55880078203176,-0.79556382426817
"2024-09-08 06:00:00",8.47562394619598,0.384663468296914
"2024-09-08 07:00:00",9.19063945119421,0.890347742543321
"2024-09-08 08:00:00",9.90211556930291,0.546578479203812
"2024-09-08 09:00:00",10.4194705293041,0.460528745141218
"2024-09-08 10:00:00",10.9598209784634,0.554460428234049
"2024-09-08 11:00:00",11.5727975351322,0.608735619694538
"2024-09-08 12:00:00",12.2194170682011,0.626235447117267
"2024-09-08 13:00:00",13.0844844722532,0.967432681532286
"2024-09-08 14:00:00",13.7831102969665,0.469365424051126
"2024-09-08 15:00:00",14.1395756076956,0.246499982933129
"2024-09-08 16:00:00",14.173643302417,-0.127390506409709
"2024-09-08 17:00:00",13.5344134965143,-0.968338540852553
"2024-09-08 18:00:00",12.3052967107722,-1.36199955578403
"2024-09-08 19:00:00",11.9281321136131,0.281447006739749
"2024-09-08 20:00:00",12.0685188245283,0.0243064785714732
"2024-09-08 21:00:00",11.7589759320766,-0.532947537652721
"2024-09-08 22:00:00",11.757905453326,0.338406534277621
"2024-09-08 23:00:00",11.9676503463936,0.0988537877881222
"2024-09-09 00:00:00",11.7636465800812,-0.411632722376356
"2024-09-09 01:00:00",10.9050785148298,-1.13087990310398
"2024-09-09 02:00:00",9.2844817260602,-1.88411171064045
"2024-09-09 03:00:00",8.09267708205665,-0.685604556478241
"2024-09-09 04:00:00",7.4614999220021,-0.575327898212044
"2024-09-09 05:00:00",6.80608465646314,-0.687275885063621
"2024-09-09 06:00:00",5.85092241046959,-1.09713172831382
"2024-09-09 07:00:00",4.79784729511016,-0.981202557281429
"2024-09-09 08:00:00",3.10920864778512,-2.08619419402013
"2024-09-09 09:00:00",0.106573986536267,-3.47490788476919
"2024-09-09 10:00:00",-1.92726920549137,-0.976640052431492
"2024-09-09 11:00:00",-2.88776730892359,-0.901611262869336
"2024-09-09 12:00:00",-3.40344415007398,-0.230165781126467
"2024-09-09 13:00:00",-3.17155851419735,0.53328131184308
"2024-09-09 14:00:00",-2.59304807448367,0.585259093979583
"2024-09-09 15:00:00",-2.21518333477324,0.224989675854465
"2024-09-09 16:00:00",-1.59652191671349,0.854560890769271
"2024-09-09 17:00:00",-0.951927792600304,0.47604521949514
"2024-09-09 18:00:00",-0.768592196143213,-0.0192861920352468
"2024-09-09 19:00:00",-0.753202934712013,0.0387649562383168
"2024-09-09 20:00:00",-0.545779768690473,0.3109740296565
"2024-09-09 21:00:00",-0.287942738478818,0.210864002447889
"2024-09-09 22:00:00",0.108579858326112,0.501821442832566
"2024-09-09 23:00:00",0.426395837647023,0.179905418128697
"2024-09-10 00:00:00",0.35572082304039,-0.23491683203996
"2024-09-10 01:00:00",0.445532904581186,0.301568170372898
"2024-09-10 02:00:00",0.769639400466313,0.323156348017387
"2024-09-10 03:00:00",1.04527279552484,0.229862286427641
"2024-09-10 04:00:00",0.905460042956767,-0.380961732835281
"2024-09-10 05:00:00",0.885394775815757,0.220315024779683
"2024-09-10 06:00:00",1.02555468918925,0.0789228512254259
"2024-09-10 07:00:00",0.234707722313163,-1.33442469261096
"2024-09-10 08:00:00",-1.09141376850043,-1.25787211904778
"2024-09-10 09:00:00",-1.74175684940754,-0.213020294969713
"2024-09-10 10:00:00",-1.97679188608357,-0.236298148797038
"2024-09-10 11:00:00",-1.86694273793309,0.337937434962095
"2024-09-10 12:00:00",-1.72877982395582,0.00082247358520085
"2024-09-10 13:00:00",-2.3803118896218,-1.05323965431515
"2024-09-10 14:00:00",-2.82583716755241,-0.0161508770925758
"2024-09-10 15:00:00",-2.71254546109409,0.197843115277156
"2024-09-10 16:00:00",-2.50736955758355,0.203809893551223
"2024-09-10 17:00:00",-1.95777162095566,0.757233845214174
"2024-09-10 18:00:00",-1.23933186711764,0.660960444278074
"2024-09-10 19:00:00",-0.42370632877307,0.88157285374659
"2024-09-10 20:00:00",-0.0682995793771765,-0.0117074358745868
"2024-09-10 21:00:00",0.623913959563106,1.1286807211942
"2024-09-10 22:00:00",1.4099758850064,0.519496127235157
"2024-09-10 23:00:00",1.8346827388279,0.339516388001487
"2024-09-11 00:00:00",1.90826549522025,-0.109564102795357
"2024-09-11 01:00:00",1.92434809269202,0.0966224305208054
"2024-09-11 02:00:00",2.34352520062708,0.611811189880097
"2024-09-11 03:00:00",2.59621842603273,-0.00174237837850158
"2024-09-11 04:00:00",2.41041858237542,-0.303019132136991
"2024-09-11 05:00:00",1.86904012019388,-0.677662093392765
"2024-09-11 06:00:00",1.23559055266881,-0.576282369388499
"2024-09-11 07:00:00",0.493461987649592,-0.819017529968958
"2024-09-11 08:00:00",-0.0669124747383988,-0.361955905212598
"2024-09-11 09:00:00",-1.26654166226753,-1.70097676777837
"2024-09-11 10:00:00",-3.11377209962663,-1.85531997182228
"2024-09-11 11:00:00",-4.71701893813608,-1.35500327231356
"2024-09-11 12:00:00",-5.9615898559523,-1.10573105300506
"2024-09-11 13:00:00",-7.03330331628135,-0.99042623520167
"2024-09-11 14:00:00",-7.34574021952811,0.163458226197174
"2024-09-11 15:00:00",-6.70724509306257,0.934305848798581
"2024-09-11 16:00:00",-5.96728842737559,0.583873396323645
"2024-09-11 17:00:00",-5.69876883042051,0.0532168291221248
"2024-09-11 18:00:00",-5.97412946861058,-0.473980209571317
"2024-09-11 19:00:00",-5.90258306289756,0.439523063868738
"2024-09-11 20:00:00",-5.20997698828458,0.836019075977781
"2024-09-11 21:00:00",-4.83502821670679,0.0564699956142413
"2024-09-11 22:00:00",-4.6912155957899,0.201436566124298
"2024-09-11 23:00:00",-4.7978356505703,-0.300876066008902
"2024-09-12 00:00:00",-4.91673378276529,0.0142508717532766
"2024-09-12 01:00:00",-5.24545068481246,-0.535402120451991
"2024-09-12 02:00:00",-5.71604390633197,-0.398266467203642
"2024-09-12 03:00:00",-5.97309385551338,-0.143326678194403
"2024-09-12 04:00:00",-6.03021908100043,0.0107528945884291
"2024-09-12 05:00:00",-6.3778738734233,-0.562298363551869
"2024-09-12 06:00:00",-6.78063229268492,-0.26904293327729
"2024-09-12 07:00:00",-6.9287641872777,-0.051749272899779
"2024-09-12 08:00:00",-6.83395159208087,0.196941796770286
"2024-09-12 09:00:00",-6.58483464672669,0.280868112695472
"2024-09-12 10:00:00",-6.14030203918644,0.541001711163855
"2024-09-12 11:00:00",-5.94576272601127,-0.0377637295783541
"2024-09-12 12:00:00",-5.93105228276961,0.056655286707904
"2024-09-12 13:00:00",-6.45268646715612,-0.87472352973786
"2024-09-12 14:00:00",-6.6703034519314,0.239102560174923
"2024-09-12 15:00:00",-6.39112044208119,0.301231584596166
"2024-09-12 16:00:00",-6.00039255914836,0.440059505008979
"2024-09-12 17:00:00",-6.27380775546089,-0.728332359645688
"2024-09-12 18:00:00",-5.91155281428995,1.08017112627324
"2024-09-12 19:00:00",-5.47011046337215,0.00227091257308176
"2024-09-12 20:00:00",-6.13800645437404,-1.07587962280118
"2024-09-12 21:00:00",-6.59190979001387,-0.00978088629107898
"2024-09-12 22:00:00",-6.485338632408,0.187567988515433
"2024-09-12 23:00:00",-6.4686950075208,-0.0897379391577058
"2024-09-13 00:00:00",-6.4521500796306,0.0949483022875191
"2024-09-13 01:00:00",-6.41085724327582,0.011875134087505
"2024-09-13 02:00:00",-6.04379849976671,0.594662419436853
"2024-09-13 03:00:00",-5.47137849625432,0.538178958784863
"2024-09-13 04:00:00",-5.25142871355907,0.00439910844018487
"2024-09-13 05:00:00",-5.26156298798525,-0.0125744901061477
"2024-09-13 06:00:00",-5.24597692221214,0.0403988395569172
"2024-09-13 07:00:00",-5.39612218530127,-0.263277767315199
"2024-09-13 08:00:00",-5.69994398953149,-0.309459868687238
"2024-09-13 09:00:00",-6.03425583421522,-0.327648341522322
"2024-09-13 10:00:00",-6.42797059528762,-0.411273507785813
"2024-09-13 11:00:00",-6.21058418504647,0.634438927439701
"2024-09-13 12:00:00",-6.49410907653029,-0.874014569658996
"2024-09-13 13:00:00",-7.7136791552069,-1.38361505543963
"2024-09-13 14:00:00",-8.91751560537028,-1.01684072569058
"2024-09-13 15:00:00",-9.064342749049,0.45164030609237
"2024-09-13 16:00:00",-9.03245350860652,-0.237775154817428
"2024-09-13 17:00:00",-8.78102181146527,0.577255390960239
"2024-09-13 18:00:00",-8.00581021530109,0.881657797666464
"2024-09-13 19:00:00",-7.17119722189638,0.773906300136316
"2024-09-13 20:00:00",-6.49248813995337,0.592234297230711
"2024-09-13 21:00:00",-5.68294815593293,0.924305364322078
"2024-09-13 22:00:00",-4.9450642915191,0.585864221422307
"2024-09-13 23:00:00",-4.56422421153564,0.232434542895047
"2024-09-14 00:00:00",-4.0214986954369,0.729674138575886
"2024-09-14 01:00:00",-3.49830817188003,0.365857516347875
"2024-09-14 02:00:00",-2.8560916426382,0.800442943617411
"2024-09-14 03:00:00",-2.21396818200042,0.509745976625979
"2024-09-14 04:00:00",-2.03779002220426,-0.051715587396739
"2024-09-14 05:00:00",-2.50208649764767,-0.714656792104435
"2024-09-14 06:00:00",-3.26143387569244,-0.749832721090226
"2024-09-14 07:00:00",-3.79683465290791,-0.362803995095146
"2024-09-14 08:00:00",-3.80897141927001,0.227106748786421
"2024-09-14 09:00:00",-3.67036319522906,0.0779318555176012
"2024-09-14 10:00:00",-3.52623060520666,0.186146192706763
"2024-09-14 11:00:00",-3.37709177687814,0.121924573429942
"2024-09-14 12:00:00",-3.34889284645348,-0.0312720642387137
"2024-09-14 13:00:00",-3.2091472969189,0.251430114119639
"2024-09-14 14:00:00",-3.18909710325079,-0.131017957226175
"2024-09-14 15:00:00",-3.32119422211127,-0.12242992095832
"2024-09-14 16:00:00",-3.40661764608857,-0.0524139005690244
"2024-09-14 17:00:00",-3.8973707696547,-0.755264304907336
"2024-09-14 18:00:00",-4.49393877886249,-0.457401604468127
"2024-09-14 19:00:00",-4.66929177387477,0.0267997631481477
"2024-09-14 20:00:00",-4.57073014235608,0.147735311760897
"2024-09-14 21:00:00",-4.55555617486348,-0.0680300017929091
"2024-09-14 22:00:00",-4.61770348031951,-0.0494021043518027
"2024-09-14 23:00:00",-4.69082484476505,-0.0795089042643557
"2024-09-15 00:00:00",-4.67442913680819,0.0855964978860974
"2024-09-15 01:00:00",-5.07828311348454,-0.704934444756135
"2024-09-15 02:00:00",-5.20950686042958,0.264023105432645
"2024-09-15 03:00:00",-5.0381749792637,0.108110143615158
"2024-09-15 04:00:00",-5.06151177572721,-0.103365488054142
"2024-09-15 05:00:00",-5.37929386166182,-0.439101024769116
"2024-09-15 06:00:00",-5.22478099195548,0.549838156257971
"2024-09-15 07:00:00",-4.46680112582133,0.867452573552756
"2024-09-15 08:00:00",-3.65612428369386,0.740060052602061
"2024-09-15 09:00:00",-3.19059911445698,0.265094817675444
"2024-09-15 10:00:00",-2.9190814713442,0.267008502581075
"2024-09-15 11:00:00",-2.46338723186042,0.563589821906223
"2024-09-15 12:00:00",-2.08063157513846,0.247187592530202
"2024-09-15 13:00:00",-2.36680909093931,-0.625468177346366
"2024-09-15 14:00:00",-2.5817051614961,0.0720756217133144
"2024-09-15 15:00:00",-2.87583190157263,-0.520954031850467
"2024-09-15 16:00:00",-3.35994159500082,-0.43283685058303
"2024-09-15 17:00:00",-3.54299107963627,-0.00349939004173347
"2024-09-15 18:00:00",-3.33506661955772,0.343556356170221
"2024-09-15 19:00:00",-2.88284233101178,0.507476496528608
"2024-09-15 20:00:00",-2.24955134778875,0.690787126917614
"2024-09-15 21:00:00",-1.59972206590416,0.594543805892614
"2024-09-15 22:00:00",-1.09889975353774,0.416605013779615
"2024-09-15 23:00:00",-1.07361139681633,-0.235370652120769
"2024-09-16 00:00:00",-1.20357599335687,-0.0521357960630342
"2024-09-16 01:00:00",-0.910907401974601,0.510177795266113
"2024-09-16 02:00:00",-0.302172354274308,0.646685864681901
"2024-09-16 03:00:00",-0.105484297497734,-0.112262520784269
"2024-09-16 04:00:00",-0.401515560537263,-0.404338544193543
"2024-09-16 05:00:00",-0.761333068738547,-0.312521631537565
"2024-09-16 06:00:00",-1.23331418758233,-0.554876356159763
"2024-09-16 07:00:00",-2.25221053778512,-1.2782312387789
"2024-09-16 08:00:00",-3.24175667641757,-0.74716787456636
"2024-09-16 09:00:00",-3.68388111666045,-0.213578806872632
"2024-09-16 10:00:00",-3.21802553161655,0.90141406185496
"2024-09-16 11:00:00",-2.84670897063684,0.00442621255467568
"2024-09-16 12:00:00",-2.54402893378357,0.490797653313277
"2024-09-16 13:00:00",-2.17271045507403,0.277300451773546
"2024-09-16 14:00:00",-1.93243441659949,0.206975496001238
"2024-09-16 15:00:00",-1.02074327527629,1.34066077640056
"2024-09-16 16:00:00",-0.271177155705152,0.321206103918795
"2024-09-16 17:00:00",-0.345325709909436,-0.333840939877525
"2024-09-16 18:00:00",-0.540962082130617,-0.0937600519807817
"2024-09-16 19:00:00",-0.313897810311198,0.430850670643967
"2024-09-16 20:00:00",0.0414331003892854,0.288504646321394
"2024-09-16 21:00:00",0.385478488810954,0.36466971744787
"2024-09-16 22:00:00",0.735212759147761,0.322661600340718
"2024-09-16 23:00:00",1.0119568913124,0.23203490912948
"2024-09-17 00:00:00",1.2138487944853,0.170899128974244
"2024-09-17 01:00:00",1.18148984571033,-0.167888526316662
"2024-09-17 02:00:00",1.31486331293008,0.326351115829982
"2024-09-17 03:00:00",1.55098422582882,0.163053820345484
"2024-09-17 04:00:00",1.52948577702953,-0.145508213380529
"2024-09-17 05:00:00",1.17309002194659,-0.482020263601166
"2024-09-17 06:00:00",1.02695916536563,0.0832240337635151
"2024-09-17 07:00:00",1.57287055890857,0.827099723605261
"2024-09-17 08:00:00",2.48007107700903,0.9154637650819
"2024-09-17 09:00:00",3.57662191142287,1.16197030617903
"2024-09-17 10:00:00",4.76722144359638,1.14850001616458
"2024-09-17 11:00:00",5.83153333012301,0.951468978327232
"2024-09-17 12:00:00",6.64453139136266,0.674538043813916
"2024-09-17 13:00:00",6.61232663200249,-0.510390425368581
"2024-09-17 14:00:00",6.56522264063843,0.255466144477502
"2024-09-17 15:00:00",6.67310324028512,-0.00409443382248184
"2024-09-17 16:00:00",6.3195799564391,-0.578271643778475
"2024-09-17 17:00:00",5.12760549888673,-1.55260427125476
"2024-09-17 18:00:00",3.55058990181269,-1.52495818168817
"2024-09-17 19:00:00",2.25447570186786,-1.08653888635397
"2024-09-17 20:00:00",1.54403875888738,-0.428852154778353
"2024-09-17 21:00:00",1.32417056009751,-0.0720895636068686
"2024-09-17 22:00:00",1.35210912628504,0.0915889152463639
"2024-09-17 23:00:00",1.41064318525222,0.0319740379689346
"2024-09-18 00:00:00",1.50954662639645,0.137004712106378
"2024-09-18 01:00:00",1.38992226941658,-0.28696823256203
"2024-09-18 02:00:00",1.39370477812963,0.195642268253042
"2024-09-18 03:00:00",1.56327786214105,0.142339995877351
"2024-09-18 04:00:00",1.53400506651752,-0.144302797212264
"2024-09-18 05:00:00",1.08474438192326,-0.63319063816414
"2024-09-18 06:00:00",1.07259070478029,0.401043700251914
"2024-09-18 07:00:00",1.88726079365382,1.05032161686835
"2024-09-18 08:00:00",3.21385959401544,1.44530943637483
"2024-09-18 09:00:00",4.67940580268433,1.40525398274203
"2024-09-18 10:00:00",5.92556416051242,1.07484989534312
"2024-09-18 11:00:00",6.91886566046744,0.884100117373636
"2024-09-18 12:00:00",7.69817435627305,0.663501060987059
"2024-09-18 13:00:00",7.19518782251076,-1.26665001692917
"2024-09-18 14:00:00",6.77311480466554,0.15175374425948
"2024-09-18 15:00:00",6.86568260788111,0.039984607662014
"2024-09-18 16:00:00",6.53516810727973,-0.570650981348
"2024-09-18 17:00:00",5.74503184291515,-0.907331733751644
"2024-09-18 18:00:00",4.85256183139923,-0.847555785964139
"2024-09-18 19:00:00",4.22238778230124,-0.461562866156369
"2024-09-18 20:00:00",3.71840529877395,-0.513753777061203
"2024-09-18 21:00:00",3.48506173906471,-0.0401097609505942
"2024-09-18 22:00:00",3.45964126977957,-0.0189106448013996
"2024-09-18 23:00:00",3.32749765249273,-0.205809687991354
"2024-09-19 00:00:00",3.13821077886801,-0.17356485874145
"2024-09-19 01:00:00",3.09378062900302,0.0397256076538907
"2024-09-19 02:00:00",3.09149322772852,-0.0341735366683844
"2024-09-19 03:00:00",3.04539828362244,-0.0558356972675665
"2024-09-19 04:00:00",2.81996849315687,-0.33170261555535
"2024-09-19 05:00:00",2.28409683402554,-0.650151575451438
"2024-09-19 06:00:00",2.07303889983857,0.0887522699567212
"2024-09-19 07:00:00",2.34080594778823,0.371712788227807
"2024-09-19 08:00:00",2.90117584793282,0.656494411421381
"2024-09-19 09:00:00",3.80833569755866,1.02742122032883
"2024-09-19 10:00:00",4.49802183068204,0.426852369269481
"2024-09-19 11:00:00",4.99833965841599,0.519723058885911
"2024-09-19 12:00:00",5.69428272737046,0.773909482998908
"2024-09-19 13:00:00",5.84825797280178,-0.27396169001676
"2024-09-19 14:00:00",4.79082241335432,-1.53703002149428
"2024-09-19 15:00:00",4.60804049744923,0.722547133484909
"2024-09-19 16:00:00",4.68588425666771,-0.361588208492353
"2024-09-19 17:00:00",3.83014717052008,-1.15053823417426
"2024-09-19 18:00:00",2.87617778911113,-0.78252919475034
"2024-09-19 19:00:00",2.60420941368492,0.0776172804732475
"2024-09-19 20:00:00",2.69629921271622,0.0940061606072636
"2024-09-19 21:00:00",2.69475571662298,-0.0686432835243253
"2024-09-19 22:00:00",2.58454678130221,-0.136154293975362
"2024-09-19 23:00:00",2.42409038012263,-0.172363182693795
"2024-09-20 00:00:00",2.24815468321719,-0.173080653851709
"2024-09-20 01:00:00",2.06642296194004,-0.181760189786527
"2024-09-20 02:00:00",1.94955577189145,-0.0707152516818299
"2024-09-20 03:00:00",1.85017461513578,-0.116281097361254
"2024-09-20 04:00:00",1.56324017255871,-0.389450602185541
"2024-09-20 05:00:00",0.971285655622031,-0.700839930147499
"2024-09-20 06:00:00",0.643623309606466,-0.0645627873784068
"2024-09-20 07:00:00",0.910441755767896,0.474227121406678
"2024-09-20 08:00:00",1.42858420239481,0.521623847720729
"2024-09-20 09:00:00",2.00404679259695,0.582167998450304
"2024-09-20 10:00:00",2.6372333689162,0.634527361313204
"2024-09-20 11:00:00",3.27290357445005,0.60282712177822
"2024-09-20 12:00:00",3.74230891303077,0.353935697989382
"2024-09-20 13:00:00",4.48809786927808,0.966758309347417
"2024-09-20 14:00:00",5.08911537180107,0.322851112405903
"2024-09-20 15:00:00",5.1727744103485,-0.0863328831223269
"2024-09-20 16:00:00",4.64662080511277,-0.801025595075411
"2024-09-20 17:00:00",3.20115928188375,-1.81237842307041
"2024-09-20 18:00:00",1.64288384063463,-1.31895307057873
"2024-09-20 19:00:00",0.827573103964285,-0.442928829407584
"2024-09-20 20:00:00",0.618146339471468,-0.0448759354886011
"2024-09-20 21:00:00",0.607851054685396,0.0124507771338198
"2024-09-20 22:00:00",0.467215854414702,-0.236791172611864
"2024-09-20 23:00:00",0.219511839641519,-0.243810436603675
"2024-09-21 00:00:00",-0.0294603340495578,-0.240865137896136
"2024-09-21 01:00:00",-0.216306028062701,-0.141916590678569
"2024-09-21 02:00:00",-0.450981835269831,-0.285083864639464
"2024-09-21 03:00:00",-0.759897119110983,-0.309542039018792
"2024-09-21 04:00:00",-1.20873319041653,-0.51938958741978
"2024-09-21 05:00:00",-1.99362182445334,-0.923030033600824
"2024-09-21 06:00:00",-2.25731028944145,0.190964426370513
"2024-09-21 07:00:00",-1.5203515135791,1.06883780641039
"2024-09-21 08:00:00",-0.264460404517389,1.32287118214909
"2024-09-21 09:00:00",1.08193239372727,1.29843467263786
"2024-09-21 10:00:00",2.34039450834191,1.17061870907161
"2024-09-21 11:00:00",3.40989041813357,0.948244269916888
"2024-09-21 12:00:00",4.252066350263,0.727051273788106
"2024-09-21 13:00:00",4.91935874882371,0.590265322050826
"2024-09-21 14:00:00",5.36876010018058,0.327799297979171
"2024-09-21 15:00:00",5.49150341021578,-0.0267092143002369
"2024-09-21 16:00:00",4.89605021286436,-0.953390215114751
"2024-09-21 17:00:00",3.17155108027397,-2.16292498972719
"2024-09-21 18:00:00",1.63232154105308,-1.05438325208796
"2024-09-21 19:00:00",0.942057772252965,-0.416824063363321
"2024-09-21 20:00:00",0.638672944705863,-0.214557228750052
"2024-09-21 21:00:00",0.371367979072879,-0.29059035992212
"2024-09-21 22:00:00",0.00877650494504137,-0.393839834592092
"2024-09-21 23:00:00",-0.453909111805777,-0.486606814973552
"2024-09-22 00:00:00",-0.861086230699101,-0.334291183356261
"2024-09-22 01:00:00",-1.09870630354927,-0.160772610581491
"2024-09-22 02:00:00",-1.21299460596222,-0.0764525928494454
"2024-09-22 03:00:00",-1.31883977291254,-0.118847131121956
"2024-09-22 04:00:00",-1.60311083068279,-0.379343981476589
"2024-09-22 05:00:00",-2.17785328656099,-0.675628748918531
"2024-09-22 06:00:00",-2.20823407473279,0.404027292515333
"2024-09-22 07:00:00",-1.18813890377135,1.38517139859678
"2024-09-22 08:00:00",0.433648763082449,1.70399390129538
"2024-09-22 09:00:00",2.27488128505449,1.84467040471279
"2024-09-22 10:00:00",3.97419808581903,1.51873419256104
"2024-09-22 11:00:00",5.15052491514064,0.887039684813199
"2024-09-22 12:00:00",5.72863682913786,0.338055098967651
"2024-09-22 13:00:00",6.43708614049239,0.914327658213179
"2024-09-22 14:00:00",6.98574142031941,0.270511269260914
"2024-09-22 15:00:00",7.08355452271859,-0.0309668736517249
"2024-09-22 16:00:00",6.45408664748725,-1.00767772438213
"2024-09-22 17:00:00",3.96606645370658,-3.36498607215507
"2024-09-22 18:00:00",1.88654229887846,-1.12885703984064
"2024-09-22 19:00:00",1.11838152108584,-0.493629153221172
"2024-09-22 20:00:00",0.63618826720144,-0.453097077989721
"2024-09-22 21:00:00",0.477969291504382,0.0450617760887239
"2024-09-22 22:00:00",0.113056694709872,-0.621499720597955
"2024-09-22 23:00:00",-0.666494675679031,-0.848019259418086
"2024-09-23 00:00:00",-1.35782713777765,-0.553165847272002
"2024-09-23 01:00:00",-2.0426821668634,-0.738352771430786
"2024-09-23 02:00:00",-2.38299290321186,-0.0561503281948346
"2024-09-23 03:00:00",-2.58046303476176,-0.279227372597571
"2024-09-23 04:00:00",-3.04304254886593,-0.55950555345619
"2024-09-23 05:00:00",-3.73519528108365,-0.743770784989508
"2024-09-23 06:00:00",-3.15663418727121,1.43742107731928
"2024-09-23 07:00:00",-1.40986090708879,1.87406667614337
"2024-09-23 08:00:00",0.463691655859213,1.78599655370665
"2024-09-23 09:00:00",2.24924829466075,1.69981735232818
"2024-09-23 10:00:00",4.04308014736296,1.76836701821583
"2024-09-23 11:00:00",5.4432351712229,1.0829401497918
"2024-09-23 12:00:00",6.28594282186986,0.635496304460869
"2024-09-23 13:00:00",7.04491553357788,0.79712299054011
"2024-09-23 14:00:00",7.57176431546952,0.312555460125098
"2024-09-23 15:00:00",7.760712768409,0.0878095234078296
"2024-09-23 16:00:00",7.19183151733847,-0.989635246750288
"2024-09-23 17:00:00",5.41151810582108,-2.23209128803552
"2024-09-23 18:00:00",4.09404019660746,-0.652113522911614
"2024-09-23 19:00:00",3.79165509764523,-0.0601431758642694
"2024-09-23 20:00:00",3.8209522525769,0.0826449415895828
"2024-09-23 21:00:00",3.72661897273677,-0.212757771227517
"2024-09-23 22:00:00",3.46415341523646,-0.28793343169416
"2024-09-23 23:00:00",3.25070269614909,-0.158117269077126
"2024-09-24 00:00:00",2.76957001316379,-0.677798376214657
"2024-09-24 01:00:00",2.05360765798578,-0.710951362516139
"2024-09-24 02:00:00",1.49156904895331,-0.438703675273318
"2024-09-24 03:00:00",1.26984751106456,-0.0684551902208016
"2024-09-24 04:00:00",0.783302066460072,-0.743783560659901
"2024-09-24 05:00:00",-0.193184309649158,-1.08622631770298
"2024-09-24 06:00:00",-0.409432582201271,0.374252198471136
"2024-09-24 07:00:00",0.615639389295146,1.41076131493666
"2024-09-24 08:00:00",1.69782708144544,0.810924140726494
"2024-09-24 09:00:00",1.89774693918924,-0.219097318417266
"2024-09-24 10:00:00",0.628272380174286,-1.91183502458846
"2024-09-24 11:00:00",-1.41821404957035,-2.0398143845012
"2024-09-24 12:00:00",-2.94257208709337,-1.10646226533255
"2024-09-24 13:00:00",-3.69160020578908,-0.471357596841938
"2024-09-24 14:00:00",-3.60023181405231,0.466927919549454
"2024-09-24 15:00:00",-2.60088799584204,1.31143281555307
"2024-09-24 16:00:00",-1.72602092839521,0.545606529283959
"2024-09-24 17:00:00",-2.67727322263702,-1.90171426095832
"2024-09-24 18:00:00",-2.90364922083315,0.904704454430707
"2024-09-24 19:00:00",-2.16988915536345,0.588672889726036
"2024-09-24 20:00:00",-1.49128242918454,0.709110757546807
"2024-09-24 21:00:00",-0.678487043843813,0.845215447410296
"2024-09-24 22:00:00",-0.216339658907836,0.185686343948259
"2024-09-24 23:00:00",-0.163501463577282,-0.0379578021409359
"2024-09-25 00:00:00",-0.154949594721544,0.0393620998184286
"2024-09-25 01:00:00",0.317652143148384,0.739165215628788
"2024-09-25 02:00:00",0.911239836140441,0.467921421615512
"2024-09-25 03:00:00",1.30872408469184,0.330464511568095
"2024-09-25 04:00:00",1.45835413100488,0.020279035016438
"2024-09-25 05:00:00",1.13823887901219,-0.533708496965503
"2024-09-25 06:00:00",0.841264137794349,-0.126509587075461
"2024-09-25 07:00:00",0.858057080122932,0.110444307264263
"2024-09-25 08:00:00",0.862814860316593,-0.0670304883272481
"2024-09-25 09:00:00",1.06037800737448,0.363456027823757
"2024-09-25 10:00:00",1.08363627481807,-0.206008020626305
"2024-09-25 11:00:00",-0.310539382976191,-2.12142005883536
"2024-09-25 12:00:00",-0.874393109969117,0.50170039456434
"2024-09-25 13:00:00",0.385444112273534,1.70651331123106
"2024-09-25 14:00:00",-1.0320994556809,-3.43334885711147
"2024-09-25 15:00:00",-1.47991066476768,1.56512322485193
"2024-09-25 16:00:00",-0.209728249293717,1.01510728875483
"2024-09-25 17:00:00",0.20692373713734,-0.00184024804783389
"2024-09-25 18:00:00",-0.00789398300829652,-0.346858941564259
"2024-09-25 19:00:00",-0.474129917881352,-0.52365384717375
"2024-09-25 20:00:00",-0.658842106240252,0.0506334626368179
"2024-09-25 21:00:00",-0.08029501342618,0.90384035653463
"2024-09-25 22:00:00",0.241089664868319,-0.0820810663582974
"2024-09-25 23:00:00",0.391061229078846,0.297233482426935
"2024-09-26 00:00:00",0.831544536705484,0.514546172703629
"2024-09-26 01:00:00",1.60537948590337,0.908847546348017
"2024-09-26 02:00:00",2.51467053811381,0.864309106428894
"2024-09-26 03:00:00",3.07656701506622,0.330350113655284
"2024-09-26 04:00:00",3.36291558580985,0.239443153968676
"2024-09-26 05:00:00",3.36018083013131,-0.168387449779067
"2024-09-26 06:00:00",3.15617240093546,-0.222390912195385
"2024-09-26 07:00:00",2.93518116039367,-0.21362381019749
"2024-09-26 08:00:00",2.8524908970361,0.00474441827432479
"2024-09-26 09:00:00",1.4879124560604,-2.21627672688517
"2024-09-26 10:00:00",-0.113417091082152,-1.11719486003135
"2024-09-26 11:00:00",0.00405442395549471,0.935132490495755
"2024-09-26 12:00:00",0.702475178651051,0.50742186956769
"2024-09-26 13:00:00",0.899170711504581,-0.020703907033616
"2024-09-26 14:00:00",1.55805091773184,1.07946038901551
"2024-09-26 15:00:00",2.20451701237213,0.325080762207574
"2024-09-26 16:00:00",1.82163208858236,-0.839500352017905
"2024-09-26 17:00:00",1.74228842943277,0.428841912229374
"2024-09-26 18:00:00",2.2385879939261,0.515441630592651
"2024-09-26 19:00:00",2.93185369011129,0.77598489351008
"2024-09-26 20:00:00",3.6924394213726,0.710399277726266
"2024-09-26 21:00:00",3.96348444325881,-0.0394908088221938
"2024-09-26 22:00:00",3.91104103552374,-0.063693579428222
"2024-09-26 23:00:00",3.9354191930661,0.0768934711400086
"2024-09-27 00:00:00",4.03026590758011,0.0972371220817348
"2024-09-27 01:00:00",4.15882877828265,0.1381437418779
"2024-09-27 02:00:00",4.24608195645604,0.0438214458201167
"2024-09-27 03:00:00",4.02963716625145,-0.385138845501897
"2024-09-27 04:00:00",3.56028625852462,-0.508380652629294
"2024-09-27 05:00:00",2.92300247679602,-0.697522201617154
"2024-09-27 06:00:00",2.4300416018006,-0.336930347736989
"2024-09-27 07:00:00",2.39468352405657,0.164235554543109
"2024-09-27 08:00:00",2.44129503377856,-0.0371039218587848
"2024-09-27 09:00:00",2.22731653459148,-0.324870611469426
"2024-09-27 10:00:00",1.90675169185034,-0.305331453909257
"2024-09-27 11:00:00",1.76240997720556,-0.0326150431639671
"2024-09-27 12:00:00",2.01006284800163,0.420455648078596
"2024-09-27 13:00:00",1.93160964264259,-0.409915595495717
"2024-09-27 14:00:00",1.53140036117164,-0.377209890842265
"2024-09-27 15:00:00",0.250240167855013,-1.82487698446358
"2024-09-27 16:00:00",-0.641033496633657,-0.226851682978975
"2024-09-27 17:00:00",-0.417271837822913,0.514358496075128
"2024-09-27 18:00:00",0.182053841105044,0.62802763324791
"2024-09-27 19:00:00",0.556434738501684,0.187260999615988
"2024-09-27 20:00:00",0.714208579619701,0.129901736979112
"2024-09-27 21:00:00",0.721820839080595,-0.0751947359851584
"2024-09-27 22:00:00",0.646831668337391,-0.072218827563952
"2024-09-27 23:00:00",0.56284393716312,-0.0886759957077789
"2024-09-28 00:00:00",0.470306969305749,-0.0914388867777858
"2024-09-28 01:00:00",0.499342513312475,0.107364687114178
"2024-09-28 02:00:00",0.833436930771325,0.468725612399375
"2024-09-28 03:00:00",1.16090750222327,0.216666982337352
"2024-09-28 04:00:00",1.12770777395912,-0.199693029040577
"2024-09-28 05:00:00",0.216692600700959,-1.34338422077282
"2024-09-28 06:00:00",-1.02508723776282,-1.11531537843089
"2024-09-28 07:00:00",-1.57528911496262,-0.145999751404492
"2024-09-28 08:00:00",-1.71169539322204,-0.121498888287255
"2024-09-28 09:00:00",-1.83259887384316,-0.112555609970367
"2024-09-28 10:00:00",-2.11514363153958,-0.380081115583639
"2024-09-28 11:00:00",-2.5000396731988,-0.367090360717009
"2024-09-28 12:00:00",-2.78912826295673,-0.220129444270433
"2024-09-28 13:00:00",-4.08977392105932,-1.95557771514806
"2024-09-28 14:00:00",-4.66185793378748,0.382684654702131
"2024-09-28 15:00:00",-5.09473446723852,-0.949997533436726
"2024-09-28 16:00:00",-5.41583209578885,0.119985290315275
"2024-09-28 17:00:00",-5.52357752291044,-0.24746452696252
"2024-09-28 18:00:00",-5.81386725492243,-0.297927346488925
"2024-09-28 19:00:00",-6.07934210195652,-0.223733295124632
"2024-09-28 20:00:00",-6.13664074444042,0.064212524722163
"2024-09-28 21:00:00",-6.06954128187207,0.0737431804712222
"2024-09-28 22:00:00",-6.07603651615271,-0.051856772373003
"2024-09-28 23:00:00",-6.18851044703361,-0.139710443405988
"2024-09-29 00:00:00",-6.3122787927914,-0.0992845805243532
"2024-09-29 01:00:00",-6.66069951021954,-0.489817963188637
"2024-09-29 02:00:00",-6.86528324550577,0.00387383702755946
"2024-09-29 03:00:00",-6.87478683654755,-0.00912354696651707
"2024-09-29 04:00:00",-7.05492204908963,-0.27672233176861
"2024-09-29 05:00:00",-7.5003028046764,-0.527562654339212
"2024-09-29 06:00:00",-7.69317759922134,0.049076815988723
"2024-09-29 07:00:00",-7.18635309610722,0.797813887946834
"2024-09-29 08:00:00",-6.3447380059817,0.84008269297696
"2024-09-29 09:00:00",-5.51548779836546,0.790799037754053
"2024-09-29 10:00:00",-4.87994988260503,0.508939131763304
"2024-09-29 11:00:00",-4.45513127211159,0.354840386186003
"2024-09-29 12:00:00",-4.15054882984407,0.262345013792573
"2024-09-29 13:00:00",-4.17398549940585,-0.207492495381321
"2024-09-29 14:00:00",-4.26866829158602,-0.00959975018053242
"2024-09-29 15:00:00",-4.12692634550421,0.241399805298749
"2024-09-29 16:00:00",-4.28446158942623,-0.410683533110836
"2024-09-29 17:00:00",-4.49297479557617,-0.0583059152790131
"2024-09-29 18:00:00",-6.39623196202197,-3.03697268301538
"2024-09-29 19:00:00",-7.83964326398736,-0.304222879151484
"2024-09-29 20:00:00",-7.67765925122913,0.475188105549341
"2024-09-29 21:00:00",-7.31044959782,0.287669067545009
"2024-09-29 22:00:00",-7.21377219174691,-0.0258220497441936
"2024-09-29 23:00:00",-7.24958878681764,-0.0314818955934012
"2024-09-30 00:00:00",-7.15578218623653,0.182215011433963
"2024-09-30 01:00:00",-7.43413426534001,-0.562943592219233
"2024-09-30 02:00:00",-7.34519390716745,0.528875513754695
"2024-09-30 03:00:00",-6.95983670275368,0.280833007723802
"2024-09-30 04:00:00",-6.6919275011025,0.255531018853227
"2024-09-30 05:00:00",-6.79739698687908,-0.332497388267774
"2024-09-30 06:00:00",-7.04991076133618,-0.178433878530561
"2024-09-30 07:00:00",-6.78068161766823,0.563957000155345
"2024-09-30 08:00:00",-6.1155695335261,0.709679524507095
"2024-09-30 09:00:00",-5.2479671919879,0.939535029875336
"2024-09-30 10:00:00",-4.2707613647257,0.962645582383749
"2024-09-30 11:00:00",-3.58658627285616,0.471522961461597
"2024-09-30 12:00:00",-3.35733582444061,0.0614659965063512
"2024-09-30 13:00:00",-3.04557977348431,0.468125066759588
"2024-09-30 14:00:00",-2.73181988410699,0.19986636394362
"2024-09-30 15:00:00",-2.61513691601523,0.0592038202007462
"2024-09-30 16:00:00",-2.96253163443295,-0.598577999228429
"2024-09-30 17:00:00",-3.86791976227534,-1.0630837874798
"2024-09-30 18:00:00",-4.41013837919813,-0.164230977186353
"2024-09-30 19:00:00",-4.38887679921846,0.149593742091395
"2024-09-30 20:00:00",-4.17210738145431,0.256907188372658
"2024-09-30 21:00:00",-3.98463548372706,0.13765010208045
"2024-09-30 22:00:00",-3.96515012308924,-0.0550811493889777
"2024-09-30 23:00:00",-4.01704249615729,-0.0421911907347586
"2024-10-01 00:00:00",-4.03056178767551,0.0114137562413225
"2024-10-01 01:00:00",-4.02972742880266,-0.001064337261165
"2024-10-01 02:00:00",-4.02882905480714,0.007356825108193
"2024-10-01 03:00:00",-3.83764845796917,0.309834458140319
"2024-10-01 04:00:00",-3.35119989455845,0.58601876321763
"2024-10-01 05:00:00",-3.31673814020794,-0.330555959013362
"2024-10-01 06:00:00",-4.15842694216016,-1.1381678230811
"2024-10-01 07:00:00",-5.36027169348089,-1.18182589801226
"2024-10-01 08:00:00",-6.12864597236088,-0.449324652595922
"2024-10-01 09:00:00",-6.87248934914228,-0.896941566949449
"2024-10-01 10:00:00",-7.31561570789559,-0.110675063153998
"2024-10-01 11:00:00",-7.57166303219876,-0.331366451372036
"2024-10-01 12:00:00",-7.24562631827773,0.758561836425279
"2024-10-01 13:00:00",-6.75194355886664,0.302976889338122
"2024-10-01 14:00:00",-5.88494263723022,1.21051178314786
"2024-10-01 15:00:00",-4.79334697981198,0.968030968343576
"2024-10-01 16:00:00",-4.18517494324173,0.34554688074812
"2024-10-01 17:00:00",-4.15371670251548,-0.174032522210244
"2024-10-01 18:00:00",-4.29009272674654,-0.0994391544941866
"2024-10-01 19:00:00",-4.14336220371077,0.309396520841793
"2024-10-01 20:00:00",-3.81988192594381,0.322836833897973
"2024-10-01 21:00:00",-3.60435299575168,0.138672024461795
"2024-10-01 22:00:00",-3.52083864437764,0.0474191964245187
"2024-10-01 23:00:00",-3.45718693940291,0.0759854435862711
"2024-10-02 00:00:00",-3.28090228079242,0.239227653600133
"2024-10-02 01:00:00",-3.10272697388483,0.133235411063696
"2024-10-02 02:00:00",-2.90411460780105,0.236756494227396
"2024-10-02 03:00:00",-2.79919402518873,0.015787931930029
"2024-10-02 04:00:00",-3.22471443645456,-0.695893512593045
"2024-10-02 05:00:00",-3.82514696660237,-0.504105430493094
"2024-10-02 06:00:00",-4.47752396678199,-0.715293438296699
"2024-10-02 07:00:00",-4.92428528445816,-0.240743402707668
"2024-10-02 08:00:00",-5.3479280982694,-0.519097045820989
"2024-10-02 09:00:00",-6.05625965496372,-0.793934986772005
"2024-10-02 10:00:00",-6.64772030045515,-0.420570134388395
"2024-10-02 11:00:00",-7.16007412716057,-0.540628972221393
"2024-10-02 12:00:00",-7.47325187203938,-0.137437712022863
"2024-10-02 13:00:00",-8.060847877848,-0.850144275753942
"2024-10-02 14:00:00",-8.26906248190515,0.2400126711858
"2024-10-02 15:00:00",-8.12839817097804,0.0784043910461205
"2024-10-02 16:00:00",-7.49854774597561,0.978019028674316
"2024-10-02 17:00:00",-6.78714722745376,0.509515151445836
"2024-10-02 18:00:00",-6.25422830002854,0.531943104383652
"2024-10-02 19:00:00",-5.49896501403773,0.876310434909616
"2024-10-02 20:00:00",-4.73210124090485,0.664545634601282
"2024-10-02 21:00:00",-4.58462555495545,-0.198141968655263
"2024-10-02 22:00:00",-4.30625208779964,0.588724652621024
"2024-10-02 23:00:00",-3.74102221627548,0.52825660650803
"2024-10-03 00:00:00",-3.34157532394678,0.299414407062501
"2024-10-03 01:00:00",-2.73646015378314,0.784463488027104
"2024-10-03 02:00:00",-2.28192383524417,0.216515508626888
"2024-10-03 03:00:00",-2.15473466963492,0.0645358070176904
"2024-10-03 04:00:00",-2.08577166667806,0.0714139211480996
"2024-10-03 05:00:00",-2.19502983427055,-0.221824595741018
"2024-10-03 06:00:00",-2.69620660656766,-0.660764303393368
"2024-10-03 07:00:00",-3.10551874914847,-0.218755633457309
"2024-10-03 08:00:00",-3.20994616162807,-0.0192458059249424
"2024-10-03 09:00:00",-3.12985588470269,0.146643696454222
"2024-10-03 10:00:00",-2.81544530372623,0.41534580927416
"2024-10-03 11:00:00",-3.04283060804849,-0.641432293423767
"2024-10-03 12:00:00",-3.87276148107225,-0.912235707788834
"2024-10-03 13:00:00",-3.81051731569344,0.71391904911547
"2024-10-03 14:00:00",-3.89886844191762,-0.614080260555065
"2024-10-03 15:00:00",-4.04744176787837,0.17384355634988
"2024-10-03 16:00:00",-4.03497588674785,-0.0904942711900633
"2024-10-03 17:00:00",-4.49367566850986,-0.677169399985363
"2024-10-03 18:00:00",-4.92648611460706,-0.24354982653603
"2024-10-03 19:00:00",-4.73278883450279,0.482334300161844
"2024-10-03 20:00:00",-4.26961699134114,0.434486110672457
"2024-10-03 21:00:00",-3.90832941942281,0.300823027968565
"2024-10-03 22:00:00",-3.51686781022759,0.438320560415916
"2024-10-03 23:00:00",-3.16280024130066,0.285606615027437
"2024-10-04 00:00:00",-2.85425552827778,0.313250243940662
"2024-10-04 01:00:00",-2.31249963591523,0.672024504695318
"2024-10-04 02:00:00",-1.95081994294431,0.140579740955038
"2024-10-04 03:00:00",-1.92948933095479,-0.0566672618383434
"2024-10-04 04:00:00",-1.85182998421869,0.166004914087057
"2024-10-04 05:00:00",-2.44117353115071,-1.06250918551736
"2024-10-04 06:00:00",-3.15362593755453,-0.442084200731138
"2024-10-04 07:00:00",-2.67649193565921,1.07132642165091
"2024-10-04 08:00:00",-1.89438841691973,0.555575370072327
"2024-10-04 09:00:00",-1.58952606248685,0.125677407985491
"2024-10-04 10:00:00",-1.68550245337936,-0.237134098538266
"2024-10-04 11:00:00",-1.97329617364566,-0.305718526574639
"2024-10-04 12:00:00",-2.33496943857833,-0.379246531088897
"2024-10-04 13:00:00",-2.70496353085873,-0.343235191149959
"2024-10-04 14:00:00",-3.0184905695529,-0.275337731056357
"2024-10-04 15:00:00",-3.12773943367818,0.0105562243524863
"2024-10-04 16:00:00",-3.09562629103203,0.0489885740062522
"2024-10-04 17:00:00",-3.41985019025193,-0.553632085401395
"2024-10-04 18:00:00",-3.52889607201962,0.196928502846129
"2024-10-04 19:00:00",-3.58857184782945,-0.223359327433564
"2024-10-04 20:00:00",-3.91871521164474,-0.381019099057072
"2024-10-04 21:00:00",-4.37098860807115,-0.473234077591299
"2024-10-04 22:00:00",-4.67086611665291,-0.164425993578353
"2024-10-04 23:00:00",-4.75508638562087,-0.0207297393088777
"2024-10-05 00:00:00",-4.83719194757717,-0.112993097981116
"2024-10-05 01:00:00",-4.47984864555629,0.660148060100504
"2024-10-05 02:00:00",-3.46071544574189,1.21579673810803
"2024-10-05 03:00:00",-2.53590762048154,0.691331686625988
"2024-10-05 04:00:00",-2.04826182661682,0.331952639802823
"2024-10-05 05:00:00",-2.24767017967654,-0.541527886578027
"2024-10-05 06:00:00",-2.72345660926259,-0.406454129410629
"2024-10-05 07:00:00",-2.91989171790878,-0.0435808913749174
"2024-10-05 08:00:00",-2.72218751011931,0.352926003294449
"2024-10-05 09:00:00",-2.24868861586272,0.534886898143818
"2024-10-05 10:00:00",-2.03992104645085,-0.0156644902180266
"2024-10-05 11:00:00",-2.08484228103485,-0.0596621394249337
"2024-10-05 12:00:00",-2.25725676548824,-0.236701899180436
"2024-10-05 13:00:00",-2.7881558344015,-0.698890524987418
"2024-10-05 14:00:00",-3.20992880060363,-0.213395865401124
"2024-10-05 15:00:00",-3.31867322886153,-0.0296742176812653
"2024-10-05 16:00:00",-3.73983962362102,-0.657866781707785
"2024-10-05 17:00:00",-3.88642509438608,0.206047760958266
"2024-10-05 18:00:00",-3.68770320239041,0.189402955825844
"2024-10-05 19:00:00",-3.65806521131812,-0.0735266042951098
"2024-10-05 20:00:00",-4.2202784931536,-0.856569110248295
"2024-10-05 21:00:00",-4.54846520466816,0.0450957182810956
"2024-10-05 22:00:00",-4.09164704230033,0.715448577178986
"2024-10-05 23:00:00",-3.9716219176955,-0.277348169416789
"2024-10-06 00:00:00",-5.0861700749367,-1.61459161744596
"2024-10-06 01:00:00",-6.41875601856324,-1.07470769618185
"2024-10-06 02:00:00",-6.33872057890312,0.854319127190147
"2024-10-06 03:00:00",-5.96433667816186,0.0448100591305221
"2024-10-06 04:00:00",-6.032753206975,-0.132962916550313
"2024-10-06 05:00:00",-6.66014075887195,-0.919411568790895
"2024-10-06 06:00:00",-7.08388504785709,-0.0645867391026168
"2024-10-06 07:00:00",-6.2002767516611,1.48286739531023
"2024-10-06 08:00:00",-4.93247162476418,1.07217707071882
"2024-10-06 09:00:00",-4.33020877376236,0.266728820048546
"2024-10-06 10:00:00",-4.18962797142759,0.0553831248113439
"2024-10-06 11:00:00",-4.26793655893467,-0.1583149784217
"2024-10-06 12:00:00",-4.45779798160533,-0.196370292621139
"2024-10-06 13:00:00",-5.16827821610197,-1.01370853673182
"2024-10-06 14:00:00",-5.51187166445725,0.12612954991244
"2024-10-06 15:00:00",-5.18160601596355,0.45776264203286
"2024-10-06 16:00:00",-4.95812499735821,0.0633532314496839
"2024-10-06 17:00:00",-4.81341783300138,0.1984548293278
"2024-10-06 18:00:00",-4.3572640785977,0.612476548650271
"2024-10-06 19:00:00",-3.75592961865848,0.570946250915578
"2024-10-06 20:00:00",-3.3346178294622,0.306376577442028
"2024-10-06 21:00:00",-3.71962600502339,-0.823331234782197
"2024-10-06 22:00:00",-4.63506715585123,-0.928552454163515
"2024-10-06 23:00:00",-5.30728730896358,-0.463418645243952
"2024-10-07 00:00:00",-5.45036618011844,0.084115330169428
"2024-10-07 01:00:00",-5.30242663860117,0.190481622432153
"2024-10-07 02:00:00",-5.09283000611261,0.219212543661809
"2024-10-07 03:00:00",-5.00365515701597,0.00480958577910567
"2024-10-07 04:00:00",-5.12262823844658,-0.189392251482067
"2024-10-07 05:00:00",-5.40423592031193,-0.323100783370853
"2024-10-07 06:00:00",-5.8203129971782,-0.451324634217814
"2024-10-07 07:00:00",-5.52098090715417,0.793037405055342
"2024-10-07 08:00:00",-4.49101327019027,1.14608936572989
"2024-10-07 09:00:00",-3.61462113229813,0.660738535532527
"2024-10-07 10:00:00",-3.30990035103198,0.057557274752472
"2024-10-07 11:00:00",-2.72053623707411,0.920154930695516
"2024-10-07 12:00:00",-1.80322680112785,0.875328187897703
"2024-10-07 13:00:00",-0.706548873349892,1.19445212560882
"2024-10-07 14:00:00",-0.0404843547771764,0.2830715687171
"2024-10-07 15:00:00",0.373363697642886,0.481417275086698
"2024-10-07 16:00:00",0.645074554654107,0.118516302326713
"2024-10-07 17:00:00",-0.0507247031761252,-1.20643442443319
"2024-10-07 18:00:00",-0.434755403834885,0.182543432757423
"2024-10-07 19:00:00",-0.421161825109324,-0.099123486825041
"2024-10-07 20:00:00",-0.473955652095372,-0.0188564733767214
"2024-10-07 21:00:00",-0.324571393064898,0.255054943843175
"2024-10-07 22:00:00",-0.301756259175619,-0.132674707114327
"2024-10-07 23:00:00",-0.643399165436392,-0.464329190089931
"2024-10-08 00:00:00",-0.654654368933127,0.292152934522742
"2024-10-08 01:00:00",-0.1040063624927,0.697652285657188
"2024-10-08 02:00:00",0.29131928889927,0.17512637148564
"2024-10-08 03:00:00",0.526190024864694,0.263163339577512
"2024-10-08 04:00:00",1.10856926788502,0.766833913132632
"2024-10-08 05:00:00",1.58142718936438,0.252978839187515
"2024-10-08 06:00:00",1.53225015880214,-0.250311829986474
"2024-10-08 07:00:00",1.57715121476296,0.23759819827689
"2024-10-08 08:00:00",1.07041349974623,-0.9809057255524
"2024-10-08 09:00:00",1.42184966447671,1.22156972046148
"2024-10-08 10:00:00",2.40980515528634,0.783436105528456
"2024-10-08 11:00:00",3.363298770774,1.01844870346575
"2024-10-08 12:00:00",4.33152471368433,0.88440126211195
"2024-10-08 13:00:00",5.33630270447751,1.03169979799232
"2024-10-08 14:00:00",6.36013739228058,0.963063066964604
"2024-10-08 15:00:00",6.91939458680529,0.255286644141369
"2024-10-08 16:00:00",5.94640723619111,-1.75450340162633
"2024-10-08 17:00:00",4.74684007130369,-0.780275783703663
"2024-10-08 18:00:00",4.13862706620747,-0.470721292181166
"2024-10-08 19:00:00",4.05384759245225,0.171206370185405
"2024-10-08 20:00:00",4.26510515003514,0.222695303951926
"2024-10-08 21:00:00",4.76597372481943,0.657017337328853
"2024-10-08 22:00:00",4.98863338969099,-0.0836292771432542
"2024-10-08 23:00:00",4.87122589397658,-0.140775129832492
"2024-10-09 00:00:00",4.7205748633044,-0.156353053566557
"2024-10-09 01:00:00",4.57784976456677,-0.132940656421353
"2024-10-09 02:00:00",4.7562534226263,0.371586399970243
"2024-10-09 03:00:00",4.85628936179321,-0.0918771710027171
"2024-10-09 04:00:00",4.56412298337878,-0.418064493532662
"2024-10-09 05:00:00",4.11794954553412,-0.449591851191099
"2024-10-09 06:00:00",3.4601935149908,-0.770580031422306
"2024-10-09 07:00:00",2.72064886373855,-0.688170851514041
"2024-10-09 08:00:00",2.49233454356544,0.0855950499407588
"2024-10-09 09:00:00",2.78050131493563,0.406307190748429
"2024-10-09 10:00:00",3.22750210854583,0.449305271135179
"2024-10-09 11:00:00",3.81245013641077,0.643419703702213
"2024-10-09 12:00:00",4.29210028307472,0.34276691492796
"2024-10-09 13:00:00",4.62654033287863,0.307465742320678
"2024-10-09 14:00:00",4.92338708096727,0.269699831915422
"2024-10-09 15:00:00",4.971067223531,-0.108940465597526
"2024-10-09 16:00:00",4.51687986088148,-0.66917107255652
"2024-10-09 17:00:00",3.99108437135218,-0.411048351898135
"2024-10-09 18:00:00",4.02934525502081,0.330834282166555
"2024-10-09 19:00:00",4.60589121242074,0.707761680766351
"2024-10-09 20:00:00",5.34648199540498,0.721348951680014
"2024-10-09 21:00:00",5.89218028541552,0.395779143702468
"2024-10-09 22:00:00",6.5153414263537,0.737541720944068
"2024-10-09 23:00:00",7.10728255177195,0.458351400776957
"2024-10-10 00:00:00",7.55472877334527,0.409755454841162
"2024-10-10 01:00:00",7.25881570994289,-0.762024178847211
"2024-10-10 02:00:00",6.98658130176589,0.057869309676027
"2024-10-10 03:00:00",6.86249509465775,-0.248494215119533
"2024-10-10 04:00:00",7.12937108547924,0.588925561186043
"2024-10-10 05:00:00",7.36144562590388,-0.0260370266243805
"2024-10-10 06:00:00",7.62694266457099,0.437747620142145
"2024-10-10 07:00:00",7.87013134802501,0.0921007040004317
"2024-10-10 08:00:00",7.90768612152592,-0.0107345609302604
"2024-10-10 09:00:00",6.55076070829324,-2.20008039147816
"2024-10-10 10:00:00",3.39164429392672,-3.65678505146499
"2024-10-10 11:00:00",1.31950977532293,-0.921622652395618
"2024-10-10 12:00:00",1.71527853640922,1.25350785996931
"2024-10-10 13:00:00",2.03847765941277,-0.314564728749367
"2024-10-10 14:00:00",2.19281061017514,0.456965541546123
"2024-10-10 15:00:00",2.20249247376834,-0.291787934685847
"2024-10-10 16:00:00",1.35615676120912,-1.17864877254035
"2024-10-10 17:00:00",0.605199949275382,-0.431896212510464
"2024-10-10 18:00:00",-0.074558734505712,-0.813475699285066
"2024-10-10 19:00:00",-0.780034672427428,-0.599857475384514
"2024-10-10 20:00:00",-1.3365632077968,-0.50019203626618
"2024-10-10 21:00:00",-1.84355910107163,-0.485717312743317
"2024-10-10 22:00:00",-2.40216243988625,-0.578273127332574
"2024-10-10 23:00:00",-2.84198371460094,-0.323526160151645
"2024-10-11 00:00:00",-3.2266436950015,-0.403474208502675
"2024-10-11 01:00:00",-3.63694812295204,-0.39120258887528
"2024-10-11 02:00:00",-4.03154826172131,-0.373427433251239
"2024-10-11 03:00:00",-4.31020612509003,-0.197042540412115
"2024-10-11 04:00:00",-4.58695213964982,-0.311175859867233
"2024-10-11 05:00:00",-4.60323650663326,0.186991186328592
"2024-10-11 06:00:00",-4.32689889602714,0.328701211090737
"2024-10-11 07:00:00",-4.06697731271461,0.207293590033258
"2024-10-11 08:00:00",-3.73586609346338,0.403161406475736
"2024-10-11 09:00:00",-3.48495670234306,0.142300731774324
"2024-10-11 10:00:00",-3.40608579012354,0.0373278859155365
"2024-10-11 11:00:00",-3.43317261585515,-0.0643530247733237
"2024-10-11 12:00:00",-3.44537181164605,0.0275731048000358
"2024-10-11 13:00:00",-3.63630196485168,-0.323083959281945
"2024-10-11 14:00:00",-3.71922628217806,0.0858056363212527
"2024-10-11 15:00:00",-3.72784681705855,-0.0663680300848209
"2024-10-11 16:00:00",-4.29591488527865,-0.870731187696273
"2024-10-11 17:00:00",-5.46474015618012,-1.30647377629851
"2024-10-11 18:00:00",-6.2226155589715,-0.349093746085171
"2024-10-11 19:00:00",-6.30422410561503,0.108608325132663
"2024-10-11 20:00:00",-6.34778308807303,-0.134808648123431
"2024-10-11 21:00:00",-6.94569683344466,-0.870053053491804
"2024-10-11 22:00:00",-7.70185563338451,-0.635348206725905
"2024-10-11 23:00:00",-7.94123617172955,0.0458932302196438
"2024-10-12 00:00:00",-7.74543528409781,0.296666345943631
"2024-10-12 01:00:00",-8.07776900820134,-0.725886993891543
"2024-10-12 02:00:00",-8.64488433728232,-0.423911408572666
"2024-10-12 03:00:00",-8.85167132910139,-0.0410736831631273
"2024-10-12 04:00:00",-9.11648282126024,-0.389977612119974
"2024-10-12 05:00:00",-9.6015731277893,-0.513699057560258
"2024-10-12 06:00:00",-9.76903025863181,0.0836969174674652
"2024-10-12 07:00:00",-8.69006827747335,1.70377755343963
"2024-10-12 08:00:00",-6.60358400350261,2.25366736575211
"2024-10-12 09:00:00",-4.45643206672372,1.9826209212918
"2024-10-12 10:00:00",-3.08971387135864,0.896920290321319
"2024-10-12 11:00:00",-2.62109168205266,0.164807717048249
"2024-10-12 12:00:00",-2.4855814913049,0.112917007004906
"2024-10-12 13:00:00",-2.43190885543869,0.0148294766702877
"2024-10-12 14:00:00",-2.37580054297369,0.0840945871881323
"2024-10-12 15:00:00",-2.3485640021159,-0.008900999044601
"2024-10-12 16:00:00",-2.51931559926372,-0.267509815751345
"2024-10-12 17:00:00",-2.62012482188375,0.0183593953947965
"2024-10-12 18:00:00",-2.65232152684624,-0.0609939537531863
"2024-10-12 19:00:00",-2.32799111081476,0.569214782300605
"2024-10-12 20:00:00",-1.74523998154222,0.567083088105136
"2024-10-12 21:00:00",-1.79458679793006,-0.455699299025408
"2024-10-12 22:00:00",-1.67699918715211,0.496497230025185
"2024-10-12 23:00:00",-1.01639507437098,0.74077634223678
"2024-10-13 00:00:00",-0.606665836746737,0.170874552232346
"2024-10-13 01:00:00",-0.835911966555372,-0.484313364675016
"2024-10-13 02:00:00",-0.781913684261708,0.411377833750217
"2024-10-13 03:00:00",-0.368563553412913,0.396030411385754
"2024-10-13 04:00:00",0.0917386008339703,0.481750925134448
"2024-10-13 05:00:00",0.453324061362894,0.264175982858401
"2024-10-13 06:00:00",0.0537311153823856,-0.823693833604175
"2024-10-13 07:00:00",-1.14445072145432,-1.39096869077581
"2024-10-13 08:00:00",-2.49972068490491,-1.26559492259462
"2024-10-13 09:00:00",-3.6111345444361,-0.952593420912762
"2024-10-13 10:00:00",-4.64766452258322,-1.03857820613325
"2024-10-13 11:00:00",-4.9827576259092,0.155801403557383
"2024-10-13 12:00:00",-4.41940836885748,0.814693996709351
"2024-10-13 13:00:00",-4.18095347783987,-0.151334409251024
"2024-10-13 14:00:00",-4.30601783550776,-0.0962207497629755
"2024-10-13 15:00:00",-3.86628012380769,0.781689972920572
"2024-10-13 16:00:00",-3.20717957735326,0.551037681585604
"2024-10-13 17:00:00",-2.93426108640419,0.0786726789716074
"2024-10-13 18:00:00",-2.70790109798797,0.317841124654808
"2024-10-13 19:00:00",-2.3675094803057,0.342739224162597
"2024-10-13 20:00:00",-2.13802960977733,0.146120938077923
"2024-10-13 21:00:00",-2.16927117867577,-0.145241605780559
"2024-10-13 22:00:00",-2.3335889646466,-0.166431435404457
"2024-10-13 23:00:00",-2.54166860309279,-0.222949774361418
"2024-10-14 00:00:00",-2.78471978407349,-0.24162707311861
"2024-10-14 01:00:00",-2.8910552577428,-0.00750122810834881
"2024-10-14 02:00:00",-3.10319811724535,-0.334762013171653
"2024-10-14 03:00:00",-3.39917499771823,-0.25205716388685
"2024-10-14 04:00:00",-3.5958283486199,-0.145993097240729
"2024-10-14 05:00:00",-3.91076681754129,-0.407967569717171
"2024-10-14 06:00:00",-4.47269038216542,-0.63281751522085
"2024-10-14 07:00:00",-4.49992308787457,0.383541243537914
"2024-10-14 08:00:00",-3.99364789935736,0.569837144610859
"2024-10-14 09:00:00",-3.44953220308388,0.506258523172877
"2024-10-14 10:00:00",-3.32193609026458,-0.126459458279747
"2024-10-14 11:00:00",-3.60196371039218,-0.364817298525066
"2024-10-14 12:00:00",-4.20057929457617,-0.721391169659752
"2024-10-14 13:00:00",-4.12875818972256,0.602620300958774
"2024-10-14 14:00:00",-3.70680406137488,0.286781360901501
"2024-10-14 15:00:00",-3.57309191580157,0.0300903840281548
"2024-10-14 16:00:00",-3.68975054117917,-0.204341830342341
"2024-10-14 17:00:00",-3.73055408200824,0.0749136963664123
"2024-10-14 18:00:00",-3.51150255753708,0.30953977302882
"2024-10-14 19:00:00",-3.24888916978071,0.223375347460235
"2024-10-14 20:00:00",-3.08568722264281,0.119518278108298
"2024-10-14 21:00:00",-3.33557818097058,-0.48030875720479
"2024-10-14 22:00:00",-3.87148633585611,-0.543209570620047
"2024-10-14 23:00:00",-3.67044918543383,0.692628865047791
"2024-10-15 00:00:00",-3.02475304140341,0.588454851563152
"2024-10-15 01:00:00",-3.32018505829426,-0.866743541454125
"2024-10-15 02:00:00",-4.09928976565809,-0.679378875050734
"2024-10-15 03:00:00",-5.10341022931772,-1.16761370909244
"2024-10-15 04:00:00",-5.85672344581944,-0.434744366716592
"2024-10-15 05:00:00",-6.07718312913865,-0.0595825926960669
"2024-10-15 06:00:00",-6.02286819860509,0.135495349790205
"2024-10-15 07:00:00",-5.62385203424008,0.563493786672753
"2024-10-15 08:00:00",-4.72082721034035,1.09371073303288
"2024-10-15 09:00:00",-3.81151277523205,0.749258848549301
"2024-10-15 10:00:00",-3.36214529632701,0.233001125009186
"2024-10-15 11:00:00",-3.33014158275295,-0.0991806448561577
"2024-10-15 12:00:00",-3.36246943382473,0.0180673290970245
"2024-10-15 13:00:00",-3.35302088617245,0.00758666508473196
"2024-10-15 14:00:00",-3.22581764470671,0.205222349055742
"2024-10-15 15:00:00",-3.23013786983512,-0.139650843388988
"2024-10-15 16:00:00",-4.73260312672064,-2.33543431051885
"2024-10-15 17:00:00",-6.47679395865691,-1.26105393931024
"2024-10-15 18:00:00",-7.26627728860797,-0.429246531123359
"2024-10-15 19:00:00",-7.1810642108619,0.433494373114451
"2024-10-15 20:00:00",-6.82023337446489,0.304496336432136
"2024-10-15 21:00:00",-6.58308414957435,0.189771254076301
"2024-10-15 22:00:00",-6.52100641180568,-0.0175167941558504
"2024-10-15 23:00:00",-6.46101517145758,0.117214584851125
"2024-10-16 00:00:00",-6.24084536355559,0.286668770864217
"2024-10-16 01:00:00",-6.3917047657819,-0.427329250439837
"2024-10-16 02:00:00",-6.48800957770206,0.137187080954193
"2024-10-16 03:00:00",-6.28448178004579,0.246443105000982
"2024-10-16 04:00:00",-5.99444821290604,0.313409330989275
"2024-10-16 05:00:00",-5.76761973899836,0.166054555188724
"2024-10-16 06:00:00",-5.7918187391532,-0.142450508252414
"2024-10-16 07:00:00",-5.48953820317247,0.591862020723516
"2024-10-16 08:00:00",-4.73250384891246,0.838247390311517
"2024-10-16 09:00:00",-3.91452476212396,0.771695556360779
"2024-10-16 10:00:00",-3.15353448647763,0.722736013332411
"2024-10-16 11:00:00",-2.44378530361164,0.671428248141651
"2024-10-16 12:00:00",-1.75701653512095,0.667509849771337
"2024-10-16 13:00:00",-1.15373749606409,0.534055874383379
"2024-10-16 14:00:00",-0.893016634952476,0.0675980137781645
"2024-10-16 15:00:00",-1.09611866114093,-0.372763652649405
"2024-10-16 16:00:00",-1.7121988586577,-0.747600295648934
"2024-10-16 17:00:00",-2.06193822958959,-0.0656775176773681
"2024-10-16 18:00:00",-1.95607325750228,0.217851067228597
"2024-10-16 19:00:00",-1.75166962987444,0.188246277978729
"2024-10-16 20:00:00",-1.58432435022554,0.147716570126843
"2024-10-16 21:00:00",-1.39483983871417,0.210366706160919
"2024-10-16 22:00:00",-1.32356973994197,-0.0230487294398348
"2024-10-16 23:00:00",-1.40039097775216,-0.107312928465955
"2024-10-17 00:00:00",-1.42708860187003,0.0301181949451049
"2024-10-17 01:00:00",-1.8081709490053,-0.635263677795381
"2024-10-17 02:00:00",-1.9098498541318,0.261199978660396
"2024-10-17 03:00:00",-1.51017081143305,0.475465390566149
"2024-10-17 04:00:00",-1.20151113843773,0.184736432051692
"2024-10-17 05:00:00",-1.23139116638841,-0.169987106706727
"2024-10-17 06:00:00",-1.44673054487443,-0.233754160905988
"2024-10-17 07:00:00",-1.21300926419754,0.536124270586539
"2024-10-17 08:00:00",-0.241941067634767,1.2164444524227
"2024-10-17 09:00:00",0.53650410816173,0.449771145686049
"2024-10-17 10:00:00",0.971215156204841,0.403322626285637
"2024-10-17 11:00:00",1.55471665755899,0.674639600223244
"2024-10-17 12:00:00",2.21054480841532,0.610119463382908
"2024-10-17 13:00:00",2.42058165629028,-0.0695096998490186
"2024-10-17 14:00:00",2.41667911507221,0.0369011201717948
"2024-10-17 15:00:00",2.16879934385934,-0.429065523084908
"2024-10-17 16:00:00",1.69352385090351,-0.486291538043144
"2024-10-17 17:00:00",1.50707430110797,0.0201194240376362
"2024-10-17 18:00:00",1.5521480354954,0.0576257756920778
"2024-10-17 19:00:00",1.60459431176542,0.0445010305072897
"2024-10-17 20:00:00",1.66188838489093,0.0610323732071703
"2024-10-17 21:00:00",1.57102054848783,-0.189956451306955
"2024-10-17 22:00:00",1.84055473875896,0.561023602827944
"2024-10-17 23:00:00",2.12150552727527,0.0785164046955586
"2024-10-18 00:00:00",2.08610893252836,-0.112389049522291
"2024-10-18 01:00:00",1.49801486227811,-0.879967686505121
"2024-10-18 02:00:00",0.704483350375294,-0.700130597988609
"2024-10-18 03:00:00",0.289064594327238,-0.20678143305729
"2024-10-18 04:00:00",0.192503075084346,-0.0188667653253489
"2024-10-18 05:00:00",0.0339518038296671,-0.244386504586108
"2024-10-18 06:00:00",-0.276297261485804,-0.339457610607284
"2024-10-18 07:00:00",0.247544196334305,1.07482786369594
"2024-10-18 08:00:00",1.62886247734435,1.51968342941283
"2024-10-18 09:00:00",2.86330183583873,0.98352115031935
"2024-10-18 10:00:00",3.33238019625183,0.100142359637922
"2024-10-18 11:00:00",3.4298972293004,0.086838807574512
"2024-10-18 12:00:00",3.59127431367835,0.19898014263768
"2024-10-18 13:00:00",3.56380637134563,-0.181753220911004
"2024-10-18 14:00:00",4.20779366137471,1.15927748745423
"2024-10-18 15:00:00",4.39145094611377,-0.480894605701881
"2024-10-18 16:00:00",3.19092917946242,-1.62887587637132
"2024-10-18 17:00:00",1.7301010198958,-1.28349244514547
"2024-10-18 18:00:00",1.28483502784469,0.132471546611446
"2024-10-18 19:00:00",1.50185181026992,0.261411189004776
"2024-10-18 20:00:00",1.56155126128412,-0.0795449262062797
"2024-10-18 21:00:00",1.56266849560624,0.0528258002400097
"2024-10-18 22:00:00",1.61683235695432,0.0504684073043908
"2024-10-18 23:00:00",1.57292094671995,-0.106827025740571
"2024-10-19 00:00:00",1.50841005763024,-0.0352619514785805
"2024-10-19 01:00:00",1.32236076434312,-0.27967527571307
"2024-10-19 02:00:00",1.29331682731535,0.137716957472403
"2024-10-19 03:00:00",1.56328189405912,0.343633853131187
"2024-10-19 04:00:00",1.57803457987044,-0.207213194450951
"2024-10-19 05:00:00",1.3317754648457,-0.262620662183929
"2024-10-19 06:00:00",1.08818980979452,-0.221036951196457
"2024-10-19 07:00:00",1.34672490110935,0.564556721804715
"2024-10-19 08:00:00",2.14580988102723,0.915727119549261
"2024-10-19 09:00:00",3.31491756714192,1.27970488026049
"2024-10-19 10:00:00",4.3663397222765,0.845001751945517
"2024-10-19 11:00:00",5.33636406085394,1.00164994078113
"2024-10-19 12:00:00",5.82205491199986,0.111767808879427
"2024-10-19 13:00:00",6.05329973538381,0.292403939463942
"2024-10-19 14:00:00",6.37069455500402,0.311172471147443
"2024-10-19 15:00:00",6.43379038181123,-0.113493328441446
"2024-10-19 16:00:00",5.78591608159518,-0.981626240966049
"2024-10-19 17:00:00",4.88154525738882,-0.817348669989302
"2024-10-19 18:00:00",4.19860250003468,-0.567177667948334
"2024-10-19 19:00:00",3.69318296107156,-0.445641238489513
"2024-10-19 20:00:00",3.52748846825535,0.0240481912666897
"2024-10-19 21:00:00",3.44321366218551,-0.157029738106713
"2024-10-19 22:00:00",3.18975703157585,-0.310132952496752
"2024-10-19 23:00:00",2.93012264998165,-0.217741885056557
"2024-10-20 00:00:00",2.67422150152918,-0.272955712392774
"2024-10-20 01:00:00",2.36617697241901,-0.320244590174328
"2024-10-20 02:00:00",2.11378603095905,-0.198211530642196
"2024-10-20 03:00:00",2.08123788285915,0.076715090904102
"2024-10-20 04:00:00",2.16512582317078,0.0820015839733997
"2024-10-20 05:00:00",2.23669931168457,0.0584304445562342
"2024-10-20 06:00:00",2.06245482495229,-0.323960699492428
"2024-10-20 07:00:00",1.91130650516275,-0.0314172141783179
"2024-10-20 08:00:00",1.48416859192265,-0.673112833572475
"2024-10-20 09:00:00",1.19330525417203,-0.024125504198656
"2024-10-20 10:00:00",1.19082310736604,0.010526776188625
"2024-10-20 11:00:00",1.80739075096021,0.989754668680928
"2024-10-20 12:00:00",2.61882361356131,0.651665904953752
"2024-10-20 13:00:00",3.35373740493418,0.752114208118693
"2024-10-20 14:00:00",3.735826338738,0.112931357149868
"2024-10-20 15:00:00",3.56776855068161,-0.352208688592299
"2024-10-20 16:00:00",2.80011840523497,-1.01272560269332
"2024-10-20 17:00:00",2.34424243134434,-0.0665944528533446
"2024-10-20 18:00:00",2.66545465698997,0.561461060242993
"2024-10-20 19:00:00",3.31895438563482,0.680369222979772
"2024-10-20 20:00:00",3.71079660929753,0.176597262743812
"2024-10-20 21:00:00",4.06568613196855,0.4521031809295
"2024-10-20 22:00:00",4.61500310047142,0.582782849556612
"2024-10-20 23:00:00",5.46792559937377,0.986535351195527
"2024-10-21 00:00:00",5.91297342977232,0.0558679224176861
"2024-10-21 01:00:00",6.13445997193999,0.313752758274117
"2024-10-21 02:00:00",6.39795098005669,0.209557979550521
"2024-10-21 03:00:00",6.60332896553936,0.184587568251906
"2024-10-21 04:00:00",6.91206756358807,0.368324470924433
"2024-10-21 05:00:00",7.26820281415225,0.322179062704771
"2024-10-21 06:00:00",7.06938536167562,-0.546060686049559
"2024-10-21 07:00:00",6.5839173088709,-0.431114096449023
"2024-10-21 08:00:00",5.93157984035961,-0.777302572549775
"2024-10-21 09:00:00",5.96048576240864,0.557352164110453
"2024-10-21 10:00:00",6.18408753856259,-0.0172007886012251
"2024-10-21 11:00:00",6.4201672328896,0.385743350616354
"2024-10-21 12:00:00",6.12923294001005,-0.736493082236999
"2024-10-21 13:00:00",6.37209026120928,0.876308022662069
"2024-10-21 14:00:00",5.98553640872603,-1.21828978941186
"2024-10-21 15:00:00",5.35496927052124,-0.216507454211834
"2024-10-21 16:00:00",5.29093773881179,0.0337597114772765
"2024-10-21 17:00:00",5.5913347597766,0.457059668637377
"2024-10-21 18:00:00",6.10436162349374,0.518754019712234
"2024-10-21 19:00:00",6.06412279117525,-0.418848362177617
"2024-10-21 20:00:00",5.53395013897638,-0.587008329096707
"2024-10-21 21:00:00",5.26934642920068,-0.0442281574056028
"2024-10-21 22:00:00",5.30070831558182,0.0734740431801554
"2024-10-21 23:00:00",5.39585930022643,0.0982500512853225
"2024-10-22 00:00:00",5.56037747815996,0.193925303077351
"2024-10-22 01:00:00",5.51357892985128,-0.212219643353336
"2024-10-22 02:00:00",5.51047467165099,0.129346379631094
"2024-10-22 03:00:00",5.3737658246768,-0.314680455782017
"2024-10-22 04:00:00",5.00041571448063,-0.401645805710478
"2024-10-22 05:00:00",4.64252621810759,-0.318155951866969
"2024-10-22 06:00:00",4.23067805523366,-0.460720159727873
"2024-10-22 07:00:00",4.36276058390133,0.515549527720417
"2024-10-22 08:00:00",4.95742232749277,0.613522550835158
"2024-10-22 09:00:00",5.7517517397924,0.870731145662514
"2024-10-22 10:00:00",6.8330722436604,1.16291569767619
"2024-10-22 11:00:00",6.32344708869483,-1.60922154185569
"2024-10-22 12:00:00",4.19881593306635,-2.37541901380606
"2024-10-22 13:00:00",2.453406469194,-1.24788003982744
"2024-10-22 14:00:00",1.93939724942056,-0.00350634093184754
"2024-10-22 15:00:00",1.85099301542401,-0.143300058745097
"2024-10-22 16:00:00",0.55459137482939,-2.00590403775124
"2024-10-22 17:00:00",-0.904028465924097,-1.02517184603615
"2024-10-22 18:00:00",-1.34028764810103,-0.0217616957005158
"2024-10-22 19:00:00",-1.29275985633418,0.0931886009832353
"2024-10-22 20:00:00",-1.20805636748573,0.0766876324609357
"2024-10-22 21:00:00",-1.08068815279054,0.156658938647466
"2024-10-22 22:00:00",-0.987583136353123,0.0477047309587055
"2024-10-22 23:00:00",-0.943568690319052,0.040735354833099
"2024-10-23 00:00:00",-0.879874892068278,0.0771883585258598
"2024-10-23 01:00:00",-1.09114511907317,-0.392399470379283
"2024-10-23 02:00:00",-1.29022130485263,-0.0593301582564918
"2024-10-23 03:00:00",-1.35826153597257,-0.0689510465624569
"2024-10-23 04:00:00",-1.54231087957551,-0.250284087647639
"2024-10-23 05:00:00",-1.82118052106523,-0.282687233921051
"2024-10-23 06:00:00",-2.30968871199324,-0.600159481394509
"2024-10-23 07:00:00",-2.10799906216845,0.729638789876592
"2024-10-23 08:00:00",-1.20212749550545,0.983028021573789
"2024-10-23 09:00:00",-0.222302815233572,0.932677572766759
"2024-10-23 10:00:00",0.787548808193384,1.0135990788977
"2024-10-23 11:00:00",1.33441974880786,0.208722322578893
"2024-10-23 12:00:00",1.61900765850433,0.319921150471694
"2024-10-23 13:00:00",1.45615030452546,-0.479051617066125
"2024-10-23 14:00:00",1.42912499822834,0.273728307824991
"2024-10-23 15:00:00",1.34825233068892,-0.315267867224746
"2024-10-23 16:00:00",1.3349522378393,0.186903012248502
"2024-10-23 17:00:00",-0.129508460997787,-2.49748120528451
"2024-10-23 18:00:00",-1.54059600339133,-0.619616490981328
"2024-10-23 19:00:00",-1.79829960597159,-0.00220130885274755
"2024-10-23 20:00:00",-2.16773381737506,-0.594379449089741
"2024-10-23 21:00:00",-2.08044508404923,0.540371931273642
"2024-10-23 22:00:00",-1.46481842152881,0.639222304139951
"2024-10-23 23:00:00",-2.02862206086649,-1.33712822736561
"2024-10-24 00:00:00",-3.05828352541097,-0.773144164401099
"2024-10-24 01:00:00",-4.90102625523347,-2.46428954096943
"2024-10-24 02:00:00",-5.87451910713255,0.0729299965254342
"2024-10-24 03:00:00",-5.37861038992627,0.76189437876126
"2024-10-24 04:00:00",-4.81246591341836,0.415674780788849
"2024-10-24 05:00:00",-4.41977227381925,0.364913911169857
"2024-10-24 06:00:00",-4.37675560979931,-0.167926696717382
"2024-10-24 07:00:00",-4.2182688727296,0.374200693423819
"2024-10-24 08:00:00",-3.75190665927279,0.511076598105495
"2024-10-24 09:00:00",-2.73929789875702,1.30367405454235
"2024-10-24 10:00:00",-1.44463359505817,1.23066613651183
"2024-10-24 11:00:00",-0.424166577936189,0.833706252393454
"2024-10-24 12:00:00",0.338652393911194,0.679859495949719
"2024-10-24 13:00:00",0.890463776431675,0.439789308918843
"2024-10-24 14:00:00",1.22534577038446,0.247884141810819
"2024-10-24 15:00:00",1.10055126763728,-0.368891551690925
"2024-10-24 16:00:00",0.393492344984581,-0.900319204305043
"2024-10-24 17:00:00",-0.248858954127032,-0.440358535547548
"2024-10-24 18:00:00",-0.568291503227455,-0.22331668009596
"2024-10-24 19:00:00",-0.633159842033761,0.0445769021588412
"2024-10-24 20:00:00",-0.450225654970644,0.2672937892454
"2024-10-24 21:00:00",0.0313499048153411,0.60212365551113
"2024-10-24 22:00:00",0.642424427049119,0.587963399937764
"2024-10-24 23:00:00",0.785757874754392,-0.160720446494106
"2024-10-25 00:00:00",0.71032878987939,-0.015997321216738
"2024-10-25 01:00:00",0.279383311705563,-0.688009979312756
"2024-10-25 02:00:00",-0.0732388454279028,-0.112637690575202
"2024-10-25 03:00:00",-0.16981658342179,-0.0811875967032269
"2024-10-25 04:00:00",-0.221749646718932,-0.0297437201331338
"2024-10-25 05:00:00",-0.344933107156368,-0.17933622274664
"2024-10-25 06:00:00",-0.764928807699336,-0.560030234277097
"2024-10-25 07:00:00",-0.659520068244817,0.545003948434674
"2024-10-25 08:00:00",0.233667594726125,1.08371236509968
"2024-10-25 09:00:00",1.33701599619095,1.06370736111832
"2024-10-25 10:00:00",2.37961465504109,0.977259937528628
"2024-10-25 11:00:00",3.24001070343931,0.738536278182677
"2024-10-25 12:00:00",3.95584239959284,0.662504638319272
"2024-10-25 13:00:00",4.43453011624722,0.328300760582601
"2024-10-25 14:00:00",4.81751065428795,0.395519801369999
"2024-10-25 15:00:00",4.63690870029032,-0.562302363764903
"2024-10-25 16:00:00",3.20096970975212,-1.95609376186542
"2024-10-25 17:00:00",2.02936764450496,-0.597067423441571
"2024-10-25 18:00:00",1.627880826029,-0.2546385921577
"2024-10-25 19:00:00",1.40887069935204,-0.18694867771644
"2024-10-25 20:00:00",1.17080384678414,-0.262647740353936
"2024-10-25 21:00:00",0.782771538306236,-0.454690253880558
"2024-10-25 22:00:00",0.261540758744395,-0.54183050424633
"2024-10-25 23:00:00",-0.129675106183521,-0.272554497193959
"2024-10-26 00:00:00",-0.5646088705428,-0.522349906838123
"2024-10-26 01:00:00",-1.18603362155015,-0.657216272920111
"2024-10-26 02:00:00",-1.69374145185304,-0.382382953202981
"2024-10-26 03:00:00",-2.0606183150621,-0.336923344103729
"2024-10-26 04:00:00",-2.03889816615541,0.262434943985622
"2024-10-26 05:00:00",-2.21121956932136,-0.451338149046357
"2024-10-26 06:00:00",-2.42628167777082,-0.0444784306630917
"2024-10-26 07:00:00",-2.05535025575405,0.633366713894529
"2024-10-26 08:00:00",-1.5129363287124,0.458653115396815
"2024-10-26 09:00:00",-0.887119237680148,0.709468994171485
"2024-10-26 10:00:00",-0.156216823572425,0.711602244169149
"2024-10-26 11:00:00",1.57029972649983,2.32127298920784
"2024-10-26 12:00:00",3.27708342635659,1.21400235538397
"2024-10-26 13:00:00",4.53310796368652,1.22013053743106
"2024-10-26 14:00:00",5.36479465934509,0.527365953251278
"2024-10-26 15:00:00",5.21941172946766,-0.593879148658178
"2024-10-26 16:00:00",4.002313741652,-1.58146018516283
"2024-10-26 17:00:00",3.08334063869493,-0.43881086966626
"2024-10-26 18:00:00",2.6568776579347,-0.401939126623511
"2024-10-26 19:00:00",2.45897019255031,-0.0559078635009755
"2024-10-26 20:00:00",2.44836401872164,0.0169298221832636
"2024-10-26 21:00:00",2.36351754921863,-0.151819284764224
"2024-10-26 22:00:00",2.22530583458785,-0.125618041198835
"2024-10-26 23:00:00",2.07418914202852,-0.163802057318618
"2024-10-27 00:00:00",1.89207716334765,-0.188337333431534
"2024-10-27 01:00:00",1.56897675009645,-0.400025545635857
"2024-10-27 02:00:00",1.28818533562597,-0.189982086969625
"2024-10-27 03:00:00",1.15112373006742,-0.0969287518406612
"2024-10-27 04:00:00",0.995840092512662,-0.188290591209945
"2024-10-27 05:00:00",0.838338864368733,-0.130774211290299
"2024-10-27 06:00:00",0.559121883039348,-0.365989222867305
"2024-10-27 07:00:00",0.511327917757932,0.165883275721225
"2024-10-27 08:00:00",0.993715454852275,0.669805169237643
"2024-10-27 09:00:00",1.72900677363412,0.74272694528914
"2024-10-27 10:00:00",2.41076804669367,0.606493330791207
"2024-10-27 11:00:00",3.14969370886195,0.78899261237653
"2024-10-27 12:00:00",3.8891702752385,0.667268294541349
"2024-10-27 13:00:00",3.83790179353538,-0.532860221292315
"2024-10-27 14:00:00",3.76093567809804,0.225670025687286
"2024-10-27 15:00:00",3.93363149597513,0.12432755694131
"2024-10-27 16:00:00",4.04424149298009,0.0911401353099522
"2024-10-27 17:00:00",4.02721790296316,-0.0935339627678334
"2024-10-27 18:00:00",3.50249864380755,-0.792426395938904
"2024-10-27 19:00:00",3.1038585516539,-0.121690512579172
"2024-10-27 20:00:00",2.75480793826852,-0.488034408584054
"2024-10-27 21:00:00",1.94597482470244,-0.987809904182241
"2024-10-27 22:00:00",1.18614632318173,-0.574244482605963
"2024-10-27 23:00:00",0.440609604795662,-0.825830648496013
"2024-10-28 00:00:00",-0.476727176000586,-0.935316350821285
"2024-10-28 01:00:00",-1.64517547461726,-1.2677287482355
"2024-10-28 02:00:00",-1.76359994487351,0.655512845593999
"2024-10-28 03:00:00",-1.47984432316654,0.0247103459487123
"2024-10-28 04:00:00",-1.20605240176594,0.428740001821081
"2024-10-28 05:00:00",-0.0487138255333439,1.58962087387437
"2024-10-28 06:00:00",0.874324074906267,0.434857370966197
"2024-10-28 07:00:00",1.80287853006775,1.21242931781821
"2024-10-28 08:00:00",2.74873283209713,0.720871060202365
"2024-10-28 09:00:00",3.61319693743099,0.91557039947831
"2024-10-28 10:00:00",4.51566716148855,0.846196166648338
"2024-10-28 11:00:00",5.04023284434433,0.27940309313772
"2024-10-28 12:00:00",4.82363562461634,-0.543460764704794
"2024-10-28 13:00:00",3.76708631463583,-1.35461172758109
"2024-10-28 14:00:00",3.38123699995637,0.273462432876183
"2024-10-28 15:00:00",3.61341699437567,0.189268742806343
"2024-10-28 16:00:00",3.72376617476939,0.0478370729598116
"2024-10-28 17:00:00",3.91673773692676,0.275757938619501
"2024-10-28 18:00:00",4.44035870151107,0.658930964716028
"2024-10-28 19:00:00",5.26357812462251,0.887902525176917
"2024-10-28 20:00:00",5.74915142385971,0.187501596048319
"2024-10-28 21:00:00",5.90976270184081,0.127644226227709
"2024-10-28 22:00:00",5.90723242147115,-0.0968068744277732
"2024-10-28 23:00:00",5.73396989764557,-0.223610805045972
"2024-10-29 00:00:00",5.51794166277501,-0.208096519354364
"2024-10-29 01:00:00",5.4134924675327,-0.0374991846315691
"2024-10-29 02:00:00",5.61011488908765,0.336381679033769
"2024-10-29 03:00:00",5.80263774018874,0.0802408558575759
"2024-10-29 04:00:00",5.84200887127753,0.00277696408278257
"2024-10-29 05:00:00",5.62602169815225,-0.359091880567718
"2024-10-29 06:00:00",5.41681206684786,-0.106597981371508
"2024-10-29 07:00:00",5.24952649835575,-0.206774053498717
"2024-10-29 08:00:00",5.05841741714817,-0.178349079241372
"2024-10-29 09:00:00",4.54187345527688,-0.723975821896805
"2024-10-29 10:00:00",3.78962540535385,-0.741202177761599
"2024-10-29 11:00:00",3.18434574675555,-0.490786972636845
"2024-10-29 12:00:00",2.98133844125254,-0.00561399579015709
"2024-10-29 13:00:00",3.06194208842524,0.130409130589414
"2024-10-29 14:00:00",3.32109534559582,0.328720822029253
"2024-10-29 15:00:00",3.68334219312755,0.363103866880918
"2024-10-29 16:00:00",3.64779115931805,-0.304373449767387
"2024-10-29 17:00:00",3.76276820406156,0.384375150422034
"2024-10-29 18:00:00",4.30306252153707,0.613715545662261
"2024-10-29 19:00:00",4.89785243622977,0.548364098670582
"2024-10-29 20:00:00",5.37506158434356,0.400785293268651
"2024-10-29 21:00:00",5.17099168607133,-0.604528884299593
"2024-10-29 22:00:00",4.86578829464662,-0.0978166857088577
"2024-10-29 23:00:00",4.95638921346861,0.205635199988214
"2024-10-30 00:00:00",5.38615990081321,0.552382610382446
"2024-10-30 01:00:00",5.42537745904099,-0.311690866685027
"2024-10-30 02:00:00",5.1814425230122,-0.194164565854572
"2024-10-30 03:00:00",5.47433685074489,0.596999831411674
"2024-10-30 04:00:00",5.90770084969733,0.296627903430477
"2024-10-30 05:00:00",5.87753775132606,-0.254199388679295
"2024-10-30 06:00:00",5.69515896678711,-0.133406438402448
"2024-10-30 07:00:00",5.58910881469954,-0.0901122582731398
"2024-10-30 08:00:00",5.22868625101679,-0.530701439315488
"2024-10-30 09:00:00",4.80563726687583,-0.337916540859813
"2024-10-30 10:00:00",4.61382788742066,-0.091484117179177
"2024-10-30 11:00:00",4.29932062863896,-0.45418701465832
"2024-10-30 12:00:00",3.74707506033768,-0.5969145633297
"2024-10-30 13:00:00",3.66635887564625,0.26241736492262
"2024-10-30 14:00:00",3.89384632892328,0.188666727653422
"2024-10-30 15:00:00",4.0215816929242,0.0760276459924357
"2024-10-30 16:00:00",3.70969674482585,-0.560850591385839
"2024-10-30 17:00:00",3.6945364936401,0.344567263367192
"2024-10-30 18:00:00",4.0104252114422,0.276998418265307
"2024-10-30 19:00:00",4.59810533816483,0.761703764841672
"2024-10-30 20:00:00",4.50925087829753,-0.657586479188354
"2024-10-30 21:00:00",3.70451343648104,-0.870406419723147
"2024-10-30 22:00:00",3.49665469839454,0.238935940780379
"2024-10-30 23:00:00",3.48597577835798,-0.181084331796611
"2024-10-31 00:00:00",3.45196510909151,0.0611609329663326
"2024-10-31 01:00:00",3.80887473429828,0.532663782687511
"2024-10-31 02:00:00",3.41653208317928,-0.995267407642109
"2024-10-31 03:00:00",2.40544672403688,-0.977986883812619
"2024-10-31 04:00:00",2.0179743989875,0.02151017788827
"2024-10-31 05:00:00",2.78854701523268,1.23072166206642
"2024-10-31 06:00:00",3.58930243590883,0.472471414580259
"2024-10-31 07:00:00",3.7599635599859,-0.0432772001849185
"2024-10-31 08:00:00",3.69506961620759,-0.0810662166547836
"2024-10-31 09:00:00",3.4991455493635,-0.267945937008306
"2024-10-31 10:00:00",3.24165183033931,-0.242798739238853
"2024-10-31 11:00:00",3.11660629446476,-0.0447798227488765
"2024-10-31 12:00:00",3.26868440265563,0.272071810264653
"2024-10-31 13:00:00",2.55527746093811,-1.34069303965379
"2024-10-31 14:00:00",2.1156913583351,0.178737826342006
"2024-10-31 15:00:00",2.40688985212802,0.34960716832969
"2024-10-31 16:00:00",2.73271332932227,0.291383521237751
"2024-10-31 17:00:00",2.90825562075451,0.0864530914863525
"2024-10-31 18:00:00",3.29083714116186,0.558069541115099
"2024-10-31 19:00:00",3.71318936944053,0.307565084914987
"2024-10-31 20:00:00",3.72547829573796,-0.189927278825111
"2024-10-31 21:00:00",3.51782555432751,-0.214402626952645
"2024-10-31 22:00:00",3.40189195030484,-0.0493126631876809
"2024-10-31 23:00:00",3.21132172187606,-0.280068234503822
"2024-11-01 00:00:00",2.92478124389666,-0.281377109854429
"2024-11-01 01:00:00",2.47269271769361,-0.548180116770983
"2024-11-01 02:00:00",2.13689164755651,-0.181446683385573
"2024-11-01 03:00:00",2.06557077189212,0.00273062086244537
"2024-11-01 04:00:00",2.20408177920546,0.219786094670849
"2024-11-01 05:00:00",2.37819296115745,0.132547933420407
"2024-11-01 06:00:00",2.50309801626387,0.110809952028595
"2024-11-01 07:00:00",2.36640911581609,-0.298415457746055
"2024-11-01 08:00:00",2.37925061923484,0.216683070734441
"2024-11-01 09:00:00",2.40124631658342,-0.111904803471698
"2024-11-01 10:00:00",2.22135976494861,-0.21975309291993
"2024-11-01 11:00:00",1.9392397589442,-0.31315351813638
"2024-11-01 12:00:00",1.78883429884797,-0.0372603146164539
"2024-11-01 13:00:00",1.554996551388,-0.356080417854388
"2024-11-01 14:00:00",1.60987322369418,0.324231966797856
"2024-11-01 15:00:00",1.80897292832223,0.104144041588551
"2024-11-01 16:00:00",1.94566804450606,0.149568766913907
"2024-11-01 17:00:00",2.21509553380019,0.334021752489909
"2024-11-01 18:00:00",2.51699241172189,0.263280348987116
"2024-11-01 19:00:00",2.81968976670041,0.311347545391105
"2024-11-01 20:00:00",3.22913366843919,0.451750415745006
"2024-11-01 21:00:00",3.67244750671116,0.412462512164486
"2024-11-01 22:00:00",4.10134562349874,0.414741738548555
"2024-11-01 23:00:00",4.47489870368498,0.32305846057567
"2024-11-02 00:00:00",4.88867095081773,0.448818555951367
"2024-11-02 01:00:00",5.06670561233447,-0.0172444948505422
"2024-11-02 02:00:00",5.02817316117122,-0.0574220795310268
"2024-11-02 03:00:00",4.41810343916501,-0.955984414317324
"2024-11-02 04:00:00",3.27849756361236,-1.2135579231213
"2024-11-02 05:00:00",1.27211381128985,-2.44380795853562
"2024-11-02 06:00:00",-0.719955419940505,-1.59789256330255
"2024-11-02 07:00:00",-1.73892775648365,-0.583683403327894
"2024-11-02 08:00:00",-1.63117471391342,0.565823297604584
"2024-11-02 09:00:00",-1.19971999357161,0.323476657300797
"2024-11-02 10:00:00",-0.996273258457406,0.115306436036685
"2024-11-02 11:00:00",-1.11325997542594,-0.26500327321235
"2024-11-02 12:00:00",-1.3750916957803,-0.24584077052431
"2024-11-02 13:00:00",-1.480177169782,-0.0044846651198862
"2024-11-02 14:00:00",-1.61565070264983,-0.214453002921751
"2024-11-02 15:00:00",-2.38622630633629,-1.1026185568422
"2024-11-02 16:00:00",-4.02269405721808,-1.91152241868535
"2024-11-02 17:00:00",-5.25609715680398,-0.717537049813018
"2024-11-02 18:00:00",-6.38857900677524,-1.3485192453155
"2024-11-02 19:00:00",-7.30164728062873,-0.5711518227305
"2024-11-02 20:00:00",-7.67644415938833,-0.216676818733075
"2024-11-02 21:00:00",-7.8426274027967,-0.114732675665317
"2024-11-02 22:00:00",-7.88487685808599,0.0181855169719242
"2024-11-02 23:00:00",-7.51630568428679,0.594803814298195
"2024-11-03 00:00:00",-7.1406234373282,0.221436972241156
"2024-11-03 01:00:00",-8.28579563426392,-1.99261034678179
"2024-11-03 02:00:00",-9.12060598521458,-0.0126100481638098
"2024-11-03 03:00:00",-9.04721269067852,0.138993057757144
"2024-11-03 04:00:00",-8.90781128198189,0.144707571604318
"2024-11-03 05:00:00",-8.93226157157276,-0.124579861148591
"2024-11-03 06:00:00",-9.12615410446081,-0.219376477397046
"2024-11-03 07:00:00",-8.18266320318872,1.68564855194983
"2024-11-03 08:00:00",-6.3687003854868,1.82385001201403
"2024-11-03 09:00:00",-4.6059232172769,1.64650326913213
"2024-11-03 10:00:00",-3.07413933820391,1.38845136625454
"2024-11-03 11:00:00",-2.1221285266245,0.619777742776461
"2024-11-03 12:00:00",-1.70871762661727,0.258924876665258
"2024-11-03 13:00:00",-1.92782143249778,-0.525170687021106
"2024-11-03 14:00:00",-2.15515332221391,-0.015489201644652
"2024-11-03 15:00:00",-2.6573600051974,-0.800037856853818
"2024-11-03 16:00:00",-3.90815274738201,-1.48842978776469
"2024-11-03 17:00:00",-4.664398009072,-0.22715818129894
"2024-11-03 18:00:00",-4.72062400421091,0.0664092147321147
"2024-11-03 19:00:00",-4.66291061175554,0.0552567478669593
"2024-11-03 20:00:00",-4.49431400585295,0.242152237483514
"2024-11-03 21:00:00",-3.79907076687479,0.970052640300653
"2024-11-03 22:00:00",-2.76531278813854,1.0319994375394
"2024-11-03 23:00:00",-1.92289918602115,0.679557599608304
"2024-11-04 00:00:00",-1.30487493302025,0.550112439894976
"2024-11-04 01:00:00",-1.05128009049937,0.0455505793368511
"2024-11-04 02:00:00",-0.732511131861836,0.487118443610744
"2024-11-04 03:00:00",-0.273335279300761,0.419671942826555
"2024-11-04 04:00:00",0.145281558124865,0.398373261329271
"2024-11-04 05:00:00",0.523317171781499,0.34632619259764
"2024-11-04 06:00:00",0.676008138115396,0.015672877652651
"2024-11-04 07:00:00",0.613280081394718,-0.112884766650219
"2024-11-04 08:00:00",0.501217251682721,-0.10697999742493
"2024-11-04 09:00:00",0.36824761504569,-0.144623004485717
"2024-11-04 10:00:00",0.33789053121854,0.0467869352606542
"2024-11-04 11:00:00",0.117778501253805,-0.388017486620146
"2024-11-04 12:00:00",-0.106658378395509,-0.104871658414881
"2024-11-04 13:00:00",-0.573323044729411,-0.685542881726477
"2024-11-04 14:00:00",-0.778298443311723,0.125876586556631
"2024-11-04 15:00:00",-0.572940276928727,0.249589414140481
"2024-11-04 16:00:00",-0.529208143746977,-0.0948435678835753
"2024-11-04 17:00:00",-0.388062015497747,0.29244469390395
"2024-11-04 18:00:00",-0.0862651441566078,0.294190412549214
"2024-11-04 19:00:00",0.182448976972757,0.239072252632596
"2024-11-04 20:00:00",0.406839158442954,0.203704319397894
"2024-11-04 21:00:00",0.680590465527644,0.306915771870955
"2024-11-04 22:00:00",0.613976397018144,-0.313341299262894
"2024-11-04 23:00:00",0.582020040361247,0.156357811074084
"2024-11-05 00:00:00",0.736404128089037,0.144982073308185
"2024-11-05 01:00:00",0.718273782193024,-0.126957504604873
"2024-11-05 02:00:00",0.715005242657628,0.0784191305195884
"2024-11-05 03:00:00",0.134634638807358,-0.992898847754959
"2024-11-05 04:00:00",-0.886089540811193,-0.990943419850441
"2024-11-05 05:00:00",-1.66615766844583,-0.601276829666005
"2024-11-05 06:00:00",-2.31534698847444,-0.648134377394628
"2024-11-05 07:00:00",-2.73765685397113,-0.248711297341222
"2024-11-05 08:00:00",-2.2794053445668,0.911303992744487
"2024-11-05 09:00:00",-1.66767556353328,0.385885242982407
"2024-11-05 10:00:00",-1.50015957930274,0.0161276477786538
"2024-11-05 11:00:00",-1.43719030179955,0.0931373420902432
"2024-11-05 12:00:00",-0.988324743807362,0.666535845955356
"2024-11-05 13:00:00",-1.30231325994408,-0.951466286729079
"2024-11-05 14:00:00",-1.53860842387852,0.253384271546486
"2024-11-05 15:00:00",-1.40122942793749,0.0554979358674888
"2024-11-05 16:00:00",-1.45428202702041,-0.121091755078503
"2024-11-05 17:00:00",-1.46174737249507,0.0705130431903513
"2024-11-05 18:00:00",-1.77587223930674,-0.553735190828736
"2024-11-05 19:00:00",-2.47107977336245,-0.754196638238123
"2024-11-05 20:00:00",-3.18335470164896,-0.647296524855696
"2024-11-05 21:00:00",-3.87448776916965,-0.683412678958865
"2024-11-05 22:00:00",-4.5744557605423,-0.672750002569479
"2024-11-05 23:00:00",-5.32444633841168,-0.75994972998464
"2024-11-06 00:00:00",-6.03394104284536,-0.635282798853382
"2024-11-06 01:00:00",-6.74856836523749,-0.725788835735943
"2024-11-06 02:00:00",-6.89021237587149,0.263206295511381
"2024-11-06 03:00:00",-6.5476049549711,0.38813882260594
"2024-11-06 04:00:00",-6.01011041466216,0.619959155171704
"2024-11-06 05:00:00",-5.18000864609417,0.938493174738686
"2024-11-06 06:00:00",-4.75264432460825,0.0729843736446839
"2024-11-06 07:00:00",-4.87470919966365,-0.240170827422976
"2024-11-06 08:00:00",-5.17546525390384,-0.320572259001455
"2024-11-06 09:00:00",-5.54608122425046,-0.379697365715305
"2024-11-06 10:00:00",-5.89681476611724,-0.307611363901323
"2024-11-06 11:00:00",-5.89870088430447,0.209615502626744
"2024-11-06 12:00:00",-5.66114793351926,0.252490278020501
"2024-11-06 13:00:00",-6.61750993511367,-1.70950925503657
"2024-11-06 14:00:00",-7.09985413174009,0.367199988429148
"2024-11-06 15:00:00",-6.50512553685065,0.727299488033429
"2024-11-06 16:00:00",-5.78934142425251,0.682476200962045
"2024-11-06 17:00:00",-5.19761029286224,0.510576878505426
"2024-11-06 18:00:00",-4.69576575925566,0.478873357115443
"2024-11-06 19:00:00",-4.27921841966493,0.361254245361387
"2024-11-06 20:00:00",-3.97114687558345,0.263491829926703
"2024-11-06 21:00:00",-3.67614487279559,0.307107326484366
"2024-11-06 22:00:00",-3.34864577000841,0.330267907855274
"2024-11-06 23:00:00",-3.09753585433855,0.190721281850058
"2024-11-07 00:00:00",-2.96563746344717,0.0904075378609898
"2024-11-07 01:00:00",-2.98502227167937,-0.0878358067193607
"2024-11-07 02:00:00",-2.90873677010604,0.185919305567939
"2024-11-07 03:00:00",-2.60431497359341,0.372704378634495
"2024-11-07 04:00:00",-2.27156457978662,0.293658678452302
"2024-11-07 05:00:00",-2.06588056973725,0.140188379183947
"2024-11-07 06:00:00",-2.13018732024183,-0.194916631407959
"2024-11-07 07:00:00",-2.41174952375055,-0.32320033639481
"2024-11-07 08:00:00",-2.84804545185941,-0.487851442251701
"2024-11-07 09:00:00",-3.53271586331969,-0.77967576189963
"2024-11-07 10:00:00",-4.31659255092901,-0.744875698760504
"2024-11-07 11:00:00",-4.93852754677562,-0.504859619607267
"2024-11-07 12:00:00",-5.25929390841975,-0.176433221969382
"2024-11-07 13:00:00",-5.8287617528563,-0.797648645996329
"2024-11-07 14:00:00",-5.91939648953802,0.392517720387085
"2024-11-07 15:00:00",-5.4765013648018,0.463061109933881
"2024-11-07 16:00:00",-4.92528982184063,0.59084128213784
"2024-11-07 17:00:00",-4.24708906554407,0.71055846388968
"2024-11-07 18:00:00",-3.61499599615869,0.555219815083172
"2024-11-07 19:00:00",-3.36474005892555,0.0397163901975248
"2024-11-07 20:00:00",-3.25503592082591,0.155484566951807
"2024-11-07 21:00:00",-3.08395774251482,0.177538643469352
"2024-11-07 22:00:00",-3.02371809173135,-0.0168469302544905
"2024-11-07 23:00:00",-2.9148363155785,0.191421854295824
"2024-11-08 00:00:00",-2.75152754737483,0.140562745436828
"2024-11-08 01:00:00",-3.31607301918985,-1.00423722317076
"2024-11-08 02:00:00",-3.80130218594334,-0.111898791525915
"2024-11-08 03:00:00",-3.54716861618339,0.490973095010705
"2024-11-08 04:00:00",-3.05375253675923,0.476168759253433
"2024-11-08 05:00:00",-2.65221712579534,0.336635034414356
"2024-11-08 06:00:00",-2.34472494683241,0.276869741951337
"2024-11-08 07:00:00",-2.35005121933731,-0.190179264037998
"2024-11-08 08:00:00",-2.64787692703716,-0.352408037942395
"2024-11-08 09:00:00",-3.12878603706792,-0.540310508274809
"2024-11-08 10:00:00",-3.72604528391355,-0.602811314962547
"2024-11-08 11:00:00",-4.41143143324951,-0.703064632995953
"2024-11-08 12:00:00",-4.76527410438761,-0.0985330392526591
"2024-11-08 13:00:00",-5.36179507877837,-0.894020512285108
"2024-11-08 14:00:00",-5.63223540260166,0.165033107979997
"2024-11-08 15:00:00",-5.30118015518736,0.433260943492912
"2024-11-08 16:00:00",-4.93107431799065,0.31724703116446
"2024-11-08 17:00:00",-4.55818666793331,0.398615548165689
"2024-11-08 18:00:00",-4.18597264786551,0.342799587487547
"2024-11-08 19:00:00",-4.48072478408651,-0.700378973000582
"2024-11-08 20:00:00",-4.94645314149815,-0.281392304401491
"2024-11-08 21:00:00",-5.03136857632466,0.0564760347564288
"2024-11-08 22:00:00",-4.90127110479234,0.179478850824949
"2024-11-08 23:00:00",-4.79698670216091,0.0555158470423254
"2024-11-09 00:00:00",-4.77153895918828,0.0103747950291454
"2024-11-09 01:00:00",-4.57036462807814,0.324960780258739
"2024-11-09 02:00:00",-4.25993059247369,0.291887429066382
"2024-11-09 03:00:00",-4.17209913970364,-0.0468879304778104
"2024-11-09 04:00:00",-4.31361670708995,-0.1925019525456
"2024-11-09 05:00:00",-4.57642108516091,-0.291625066357466
"2024-11-09 06:00:00",-4.91133783377677,-0.341965197158284
"2024-11-09 07:00:00",-5.28741006301679,-0.374610426958495
"2024-11-09 08:00:00",-5.10618645886145,0.549975063052464
"2024-11-09 09:00:00",-4.56664106951252,0.513533350669775
"2024-11-09 10:00:00",-4.20320444933146,0.251988104536534
"2024-11-09 11:00:00",-3.99490787248945,0.174687495784386
"2024-11-09 12:00:00",-3.70987732300124,0.350194693718027
"2024-11-09 13:00:00",-4.41471847213778,-1.36991235352474
"2024-11-09 14:00:00",-5.08814232922863,-0.171416588894765
"2024-11-09 15:00:00",-5.59100340921921,-0.69336814412586
"2024-11-09 16:00:00",-6.38505502541317,-0.816235430773555
"2024-11-09 17:00:00",-6.84848547665402,-0.197981437658279
"2024-11-09 18:00:00",-6.97943431655692,-0.0712136638219362
"2024-11-09 19:00:00",-7.11972367801868,-0.170678918861151
"2024-11-09 20:00:00",-7.35899495992988,-0.264454288201676
"2024-11-09 21:00:00",-7.63989648062213,-0.269035128352468
"2024-11-09 22:00:00",-7.90965143455421,-0.247571510167192
"2024-11-09 23:00:00",-8.18910650284012,-0.277238546627697
"2024-11-10 00:00:00",-8.36720497663432,-0.092990637579804
"2024-11-10 01:00:00",-8.62251444944971,-0.340606113767307
"2024-11-10 02:00:00",-8.68266650509505,0.140783476314678
"2024-11-10 03:00:00",-8.50628120754019,0.202926173984772
"2024-11-10 04:00:00",-8.28916044374405,0.227227381444434
"2024-11-10 05:00:00",-8.10527689746644,0.156931492947339
"2024-11-10 06:00:00",-8.01035483240481,0.0595169345491981
"2024-11-10 07:00:00",-8.07996792936762,-0.14206825088663
"2024-11-10 08:00:00",-8.37934777663345,-0.379614321971577
"2024-11-10 09:00:00",-8.60441912105601,-0.100551598291142
"2024-11-10 10:00:00",-8.75025248098128,-0.158003165975262
"2024-11-10 11:00:00",-8.78351810617089,0.062747627476629
"2024-11-10 12:00:00",-8.59059439831252,0.281857086497012
"2024-11-10 13:00:00",-9.19753431735648,-1.15955003874924
"2024-11-10 14:00:00",-9.56558349234955,0.188950507355971
"2024-11-10 15:00:00",-9.18703770650206,0.499278417575476
"2024-11-10 16:00:00",-8.55048753447958,0.709653049215709
"2024-11-10 17:00:00",-7.7851983971047,0.777031308705628
"2024-11-10 18:00:00",-7.03133418849345,0.712628566522244
"2024-11-10 19:00:00",-6.38313621293328,0.583503570085769
"2024-11-10 20:00:00",-5.91502415018128,0.377166589276673
"2024-11-10 21:00:00",-5.57701904273468,0.303458183308203
"2024-11-10 22:00:00",-5.26127678380647,0.316114157454821
"2024-11-10 23:00:00",-4.99248449898125,0.231251724983559
"2024-11-11 00:00:00",-4.75025347204354,0.244473068888333
"2024-11-11 01:00:00",-5.10507487765859,-0.731362258003364
"2024-11-11 02:00:00",-5.22841317011718,0.294443496929451
"2024-11-11 03:00:00",-4.80789125196254,0.491327156811729
"2024-11-11 04:00:00",-4.91072725621872,-0.487855951381742
"2024-11-11 05:00:00",-5.71320665317421,-0.967763566829676
"2024-11-11 06:00:00",-5.77334742577489,0.555150722122051
"2024-11-11 07:00:00",-5.22039813502025,0.532645410142871
"2024-11-11 08:00:00",-4.74221507275227,0.425879474891396
"2024-11-11 09:00:00",-4.3268494492922,0.394729397957422
"2024-11-11 10:00:00",-3.78932383986548,0.612754161820861
"2024-11-11 11:00:00",-3.20250258946047,0.546530472726432
"2024-11-11 12:00:00",-2.89967925141028,0.130091422906468
"2024-11-11 13:00:00",-3.81358974971639,-1.56273505594347
"2024-11-11 14:00:00",-4.51323699451791,-0.0861041383008007
"2024-11-11 15:00:00",-4.43552529353353,0.189043341177884
"2024-11-11 16:00:00",-4.15206938835949,0.338642506302484
"2024-11-11 17:00:00",-3.70564894837573,0.50240790690155
"2024-11-11 18:00:00",-3.25780353151744,0.394964795366795
"2024-11-11 19:00:00",-2.93825672175988,0.258282335360676
"2024-11-11 20:00:00",-2.70237766070062,0.213521200878798
"2024-11-11 21:00:00",-2.51489548361396,0.164696360987577
"2024-11-11 22:00:00",-2.43650007890234,0.0203777909143421
"2024-11-11 23:00:00",-2.41664772026926,0.0216983684427593
"2024-11-12 00:00:00",-2.41406508467127,-0.0071696142463723
"2024-11-12 01:00:00",-2.56283619216698,-0.232990245473765
"2024-11-12 02:00:00",-2.70528350031405,-0.0720149065903495
"2024-11-12 03:00:00",-2.76859248680002,-0.0510107190095604
"2024-11-12 04:00:00",-2.90683628119914,-0.18626134208315
"2024-11-12 05:00:00",-3.11932901582265,-0.216136779183655
"2024-11-12 06:00:00",-3.53046681450261,-0.517579722261452
"2024-11-12 07:00:00",-4.17476238825768,-0.693605523837911
"2024-11-12 08:00:00",-4.77243090680332,-0.499931192092357
"2024-11-12 09:00:00",-4.95172459693526,0.0491306843720037
"2024-11-12 10:00:00",-5.12158971116038,-0.301407192613585
"2024-11-12 11:00:00",-5.56146341014358,-0.504680968566432
"2024-11-12 12:00:00",-6.15368209306636,-0.615267843599755
"2024-11-12 13:00:00",-6.80724535135702,-0.640106589120631
"2024-11-12 14:00:00",-6.94460304491774,0.213101505058564
"2024-11-12 15:00:00",-6.5828505974822,0.452609941329104
"2024-11-12 16:00:00",-6.03420329489067,0.595082392870272
"2024-11-12 17:00:00",-5.4281277567653,0.592379505788361
"2024-11-12 18:00:00",-4.97247696209309,0.349842290932467
"2024-11-12 19:00:00",-4.74706376965416,0.138157885025247
"2024-11-12 20:00:00",-4.80960940788631,-0.187256550182914
"2024-11-12 21:00:00",-4.52613198367519,0.590021743697779
"2024-11-12 22:00:00",-4.10427660353064,0.295532424411321
"2024-11-12 23:00:00",-3.8156993648275,0.275516274710807
"2024-11-13 00:00:00",-3.55532706123963,0.242820662650032
"2024-11-13 01:00:00",-3.08140116315384,0.610054174575883
"2024-11-13 02:00:00",-2.60428620010398,0.369788804490894
"2024-11-13 03:00:00",-2.24714620941794,0.335092399808221
"2024-11-13 04:00:00",-1.82325113887511,0.465848291443508
"2024-11-13 05:00:00",-1.40430197903892,0.370124839511974
"2024-11-13 06:00:00",-1.2482596252966,0.00771765510930367
"2024-11-13 07:00:00",-1.2887571739942,-0.069107554940135
"2024-11-13 08:00:00",-1.50134851532063,-0.296482690560613
"2024-11-13 09:00:00",-1.84243710163868,-0.352682405744279
"2024-11-13 10:00:00",-2.2790655147164,-0.469469013624483
"2024-11-13 11:00:00",-2.53611405390065,-0.100285709039901
"2024-11-13 12:00:00",-2.39155733811547,0.304181022058132
"2024-11-13 13:00:00",-2.28271507051587,-0.0234717307556684
"2024-11-13 14:00:00",-2.20834224018486,0.139008782271693
"2024-11-13 15:00:00",-2.48100266847046,-0.531299619169665
"2024-11-13 16:00:00",-2.99005147838141,-0.46682850643235
"2024-11-13 17:00:00",-3.34948039919236,-0.266897609236129
"2024-11-13 18:00:00",-3.693332230895,-0.374498035240987
"2024-11-13 19:00:00",-3.90071127610938,-0.0813545384616946
"2024-11-13 20:00:00",-4.00987535651367,-0.117489615014738
"2024-11-13 21:00:00",-4.06131468173633,0.000204928281123323
"2024-11-13 22:00:00",-3.96993454515394,0.153053647975789
"2024-11-13 23:00:00",-3.62091110663731,0.468198027174363
"2024-11-14 00:00:00",-3.70015153084966,-0.435761875885056
"2024-11-14 01:00:00",-4.06921331697717,-0.30229023356068
"2024-11-14 02:00:00",-3.88456291541495,0.505741104241166
"2024-11-14 03:00:00",-3.16042263331163,0.840332221976761
"2024-11-14 04:00:00",-2.3490164458284,0.757637496951379
"2024-11-14 05:00:00",-1.6131844629242,0.689355888873253
"2024-11-14 06:00:00",-1.0244698641541,0.495724943106852
"2024-11-14 07:00:00",-0.614274442995727,0.335004608738888
"2024-11-14 08:00:00",-0.386133739773904,0.146849756082208
"2024-11-14 09:00:00",-0.0354849721787823,0.470347443926909
"2024-11-14 10:00:00",0.340922856312035,0.295941544950959
"2024-11-14 11:00:00",0.500132926602695,0.0600524233926761
"2024-11-14 12:00:00",0.257926020464497,-0.432844670889137
"2024-11-14 13:00:00",-0.668309449653589,-1.21147535547306
"2024-11-14 14:00:00",-1.1530173610201,0.0236897137932296
"2024-11-14 15:00:00",-0.947272784857581,0.318821355133488
"2024-11-14 16:00:00",-0.395480475809827,0.682103487636902
"2024-11-14 17:00:00",0.25377520498681,0.597014915004054
"2024-11-14 18:00:00",0.741226921516176,0.390920413508374
"2024-11-14 19:00:00",0.914711834219218,0.01933133012146
"2024-11-14 20:00:00",0.687152459240046,-0.382515613488497
"2024-11-14 21:00:00",0.435246995310153,-0.153748579275773
"2024-11-14 22:00:00",0.415892264623975,0.0705985202490012
"2024-11-14 23:00:00",0.323001426179531,-0.198003705152238
"2024-11-15 00:00:00",-0.123642485237779,-0.591593232505654
"2024-11-15 01:00:00",-0.805548497119652,-0.709550452769109
"2024-11-15 02:00:00",-1.15960062394157,-0.0991948948229588
"2024-11-15 03:00:00",-1.20542323671836,-0.00656997568837026
"2024-11-15 04:00:00",-1.11606871623886,0.150610336933356
"2024-11-15 05:00:00",-0.979907925613314,0.121495810690601
"2024-11-15 06:00:00",-1.00311737720659,-0.117312391790921
"2024-11-15 07:00:00",-1.26092695510038,-0.337929226603918
"2024-11-15 08:00:00",-1.632381724968,-0.374528637198858
"2024-11-15 09:00:00",-1.87487671058027,-0.140847353882314
"2024-11-15 10:00:00",-1.97208351083808,-0.0610784271928643
"2024-11-15 11:00:00",-2.1605261197653,-0.261854737684614
"2024-11-15 12:00:00",-1.99826852666204,0.440068033711027
"2024-11-15 13:00:00",-0.986097241371783,1.34804423458331
"2024-11-15 14:00:00",-0.0550497546995947,0.61008225827862
"2024-11-15 15:00:00",0.446169679129812,0.404898756351713
"2024-11-15 16:00:00",0.942002278538125,0.53231755756845
"2024-11-15 17:00:00",1.44883720169269,0.464548457685625
"2024-11-15 18:00:00",1.86753648899352,0.366370404278265
"2024-11-15 19:00:00",2.12550439823083,0.17103583267241
"2024-11-15 20:00:00",2.27110821439638,0.11899150973461
"2024-11-15 21:00:00",2.3681283283532,0.0748358908555742
"2024-11-15 22:00:00",2.42854052846082,0.0448742601090548
"2024-11-15 23:00:00",2.4553232576894,0.0103198077669482
"2024-11-16 00:00:00",2.412080532673,-0.0800595287265777
"2024-11-16 01:00:00",2.61884438019749,0.385042716551408
"2024-11-16 02:00:00",2.51119555193012,-0.434363532080629
"2024-11-16 03:00:00",1.66389743361237,-1.08555604090506
"2024-11-16 04:00:00",0.648327991722756,-0.922797382098905
"2024-11-16 05:00:00",-0.0150942412442504,-0.459818425513959
"2024-11-16 06:00:00",-0.490061521596888,-0.462476755886679
"2024-11-16 07:00:00",-1.04809539007006,-0.594588631036784
"2024-11-16 08:00:00",-1.30988114771239,-0.0261304651729719
"2024-11-16 09:00:00",-1.14220978009101,0.290590676168797
"2024-11-16 10:00:00",-1.19024142831434,-0.270021767390655
"2024-11-16 11:00:00",-1.38398041795523,-0.132144572273819
"2024-11-16 12:00:00",-1.5245516767487,-0.137725707802029
"2024-11-16 13:00:00",-2.20303103115233,-1.00477025575853
"2024-11-16 14:00:00",-2.68224644840577,-0.103240625011272
"2024-11-16 15:00:00",-2.4373585737394,0.468789033155226
"2024-11-16 16:00:00",-1.77659536287021,0.760485558355542
"2024-11-16 17:00:00",-1.15779941166859,0.497222337642286
"2024-11-16 18:00:00",-0.72658949578641,0.368203496152947
"2024-11-16 19:00:00",-0.338885916028087,0.383216270813175
"2024-11-16 20:00:00",0.0419278672282868,0.361552812680018
"2024-11-16 21:00:00",0.356880621147729,0.268866192937133
"2024-11-16 22:00:00",0.578429438788185,0.179016701988192
"2024-11-16 23:00:00",0.63653394140847,-0.026008717449506
"2024-11-17 00:00:00",0.639103597711502,0.0206792400083224
"2024-11-17 01:00:00",0.692830389607443,0.0723815118583383
"2024-11-17 02:00:00",0.759499313259404,0.0587997532922884
"2024-11-17 03:00:00",0.825009810617882,0.0658925468462189
"2024-11-17 04:00:00",0.920832189489077,0.110158740900964
"2024-11-17 05:00:00",0.978631551339646,0.0189605305544626
"2024-11-17 06:00:00",1.0496445744721,0.10107854446055
"2024-11-17 07:00:00",1.04699130019104,-0.073033136218734
"2024-11-17 08:00:00",0.750891966996617,-0.432086314859957
"2024-11-17 09:00:00",0.250849399903425,-0.522551863879266
"2024-11-17 10:00:00",-0.470761409350712,-0.82034729034234
"2024-11-17 11:00:00",-1.37473734910181,-0.916164453179724
"2024-11-17 12:00:00",-1.8417833759424,-0.143673598238854
"2024-11-17 13:00:00",-2.28944301858384,-0.626667766040376
"2024-11-17 14:00:00",-2.51139462592896,0.0613517665354677
"2024-11-17 15:00:00",-2.5831394833598,-0.153828997904061
"2024-11-17 16:00:00",-2.50053016634749,0.239635275426396
"2024-11-17 17:00:00",-2.17719565062998,0.36699058958215
"2024-11-17 18:00:00",-1.91444164065698,0.183583755195395
"2024-11-17 19:00:00",-1.72331963038261,0.189532374760135
"2024-11-17 20:00:00",-1.91073468437908,-0.427582585203292
"2024-11-17 21:00:00",-2.16103066525938,-0.117750841463761
"2024-11-17 22:00:00",-2.03570447090073,0.284204085727712
"2024-11-17 23:00:00",-1.86088867361102,0.0962075704625433
"2024-11-18 00:00:00",-1.63324420410877,0.306848001270602
"2024-11-18 01:00:00",-1.63989889164347,-0.213232127921138
"2024-11-18 02:00:00",-1.91956936105082,-0.308559020548751
"2024-11-18 03:00:00",-2.70745360270975,-1.0675156838834
"2024-11-18 04:00:00",-2.84508429386188,0.492311089088607
"2024-11-18 05:00:00",-2.42680284906897,0.352718881013476
"2024-11-18 06:00:00",-2.51844057346604,-0.380388718489155
"2024-11-18 07:00:00",-3.09165702542868,-0.671281971502183
"2024-11-18 08:00:00",-3.48430216861262,-0.184248258269107
"2024-11-18 09:00:00",-3.59298415381547,-0.0486509670425093
"2024-11-18 10:00:00",-3.6784881331726,-0.101379240887192
"2024-11-18 11:00:00",-3.92461431576137,-0.32618667011304
"2024-11-18 12:00:00",-4.13163221171378,-0.112678791698437
"2024-11-18 13:00:00",-3.86345751395616,0.514653244490313
"2024-11-18 14:00:00",-3.64709170762636,0.0122077474870421
"2024-11-18 15:00:00",-3.54214938461473,0.166477162671116
"2024-11-18 16:00:00",-3.43260253436613,0.0709527528103586
"2024-11-18 17:00:00",-3.32866268947906,0.125414949785075
"2024-11-18 18:00:00",-3.08977047734783,0.307479736947839
"2024-11-18 19:00:00",-3.00747358560999,-0.0677516970576692
"2024-11-18 20:00:00",-3.12720366020346,-0.144816826743512
"2024-11-18 21:00:00",-3.23904024549171,-0.080506025785708
"2024-11-18 22:00:00",-3.36438294869059,-0.145103298152882
"2024-11-18 23:00:00",-3.54009614066622,-0.183434335611183
"2024-11-19 00:00:00",-3.85559480159846,-0.383986009586787
"2024-11-19 01:00:00",-4.41151572114702,-0.63915694708331
"2024-11-19 02:00:00",-4.84083202022713,-0.263339404867492
"2024-11-19 03:00:00",-4.90713078150643,0.0744477960121314
"2024-11-19 04:00:00",-4.70645921741351,0.281606843440353
"2024-11-19 05:00:00",-4.32389644950165,0.437751165450141
"2024-11-19 06:00:00",-3.90109322423348,0.398318516972329
"2024-11-19 07:00:00",-3.84603262015525,-0.171363647532504
"2024-11-19 08:00:00",-4.21836340328184,-0.4836577075144
"2024-11-19 09:00:00",-5.51007527415374,-1.76358845420937
"2024-11-19 10:00:00",-6.98880145860354,-1.21145283921147
"2024-11-19 11:00:00",-7.72613122484549,-0.377209886972068
"2024-11-19 12:00:00",-6.65920313051777,1.98892658969885
"2024-11-19 13:00:00",-4.2051142328261,2.65615615211947
"2024-11-19 14:00:00",-0.746234738221814,3.83507430157438
"2024-11-19 15:00:00",1.34118440859848,0.824104191386364
"2024-11-19 16:00:00",1.54859292584132,-0.215299143619828
"2024-11-19 17:00:00",0.942688834362548,-0.83950632365777
"2024-11-19 18:00:00",-0.403779968980044,-1.62166948716464
"2024-11-19 19:00:00",-1.89011272500116,-1.32495990801268
"2024-11-19 20:00:00",-4.01040737294181,-2.54731821176005
"2024-11-19 21:00:00",-5.29407226815032,-0.375076872557606
"2024-11-19 22:00:00",-5.46929301675259,-0.0268372899033161
"2024-11-19 23:00:00",-5.42133892886437,0.102583122987906
"2024-11-20 00:00:00",-5.42946711203764,-0.0745623127146179
"2024-11-20 01:00:00",-5.26602278820242,0.32134235015025
"2024-11-20 02:00:00",-4.88330529919127,0.412232841294681
"2024-11-20 03:00:00",-4.64578231396876,0.116057383815671
"2024-11-20 04:00:00",-4.32278058802246,0.451599988156222
"2024-11-20 05:00:00",-4.2519595847991,-0.180822412951385
"2024-11-20 06:00:00",-4.30043616417513,0.0475351168315626
"2024-11-20 07:00:00",-4.34902224031056,-0.10481548538509
"2024-11-20 08:00:00",-4.75102928026236,-0.575424145307847
"2024-11-20 09:00:00",-5.55296535444212,-0.908711830719229
"2024-11-20 10:00:00",-6.37035803877457,-0.710516780953178
"2024-11-20 11:00:00",-6.95800779817623,-0.469606242370852
"2024-11-20 12:00:00",-7.33985053780887,-0.296223747105993
"2024-11-20 13:00:00",-7.36468887883374,0.166720604990927
"2024-11-20 14:00:00",-7.22130709620473,0.130499526714588
"2024-11-20 15:00:00",-7.15594914219619,0.0281305501762436
"2024-11-20 16:00:00",-7.11602028186414,0.0551179985629437
"2024-11-20 17:00:00",-6.85659549319041,0.39246898569159
"2024-11-20 18:00:00",-6.29018276747208,0.664293068547504
"2024-11-20 19:00:00",-5.66998506637666,0.569435392593211
"2024-11-20 20:00:00",-5.47821519274486,-0.061809344415514
"2024-11-20 21:00:00",-5.75463084911855,-0.399289813055772
"2024-11-20 22:00:00",-5.9772778798734,-0.0868917312344035
"2024-11-20 23:00:00",-5.89438374829892,0.199846011088088
"2024-11-21 00:00:00",-5.68901966270463,0.206879447616441
"2024-11-21 01:00:00",-5.45387510210657,0.250144578199097
"2024-11-21 02:00:00",-5.44274563155831,-0.141712265562425
"2024-11-21 03:00:00",-5.55029316803357,-0.0726473474429775
"2024-11-21 04:00:00",-5.55451486079745,0.0487473346942295
"2024-11-21 05:00:00",-5.54876624917913,-0.0160323656736434
"2024-11-21 06:00:00",-5.61038485358075,-0.0819307237896933
"2024-11-21 07:00:00",-5.45206721548468,0.318186869321336
"2024-11-21 08:00:00",-5.23837424938091,0.140902499667559
"2024-11-21 09:00:00",-5.3798067211949,-0.316181676795627
"2024-11-21 10:00:00",-5.833980598571,-0.517652675846376
"2024-11-21 11:00:00",-6.32600705570082,-0.444044177230043
"2024-11-21 12:00:00",-6.79582031177056,-0.456515462349655
"2024-11-21 13:00:00",-6.90053111419684,0.143554525915122
"2024-11-21 14:00:00",-7.23478459998261,-0.628011268482857
"2024-11-21 15:00:00",-7.54774211500575,-0.0787309792761776
"2024-11-21 16:00:00",-7.69447478295978,-0.175367730748544
"2024-11-21 17:00:00",-7.81863303335452,-0.0742041871758213
"2024-11-21 18:00:00",-7.88909110551056,-0.0545375255823304
"2024-11-21 19:00:00",-8.0997144966067,-0.294504338501873
"2024-11-21 20:00:00",-8.37765278461442,-0.24324973546532
"2024-11-21 21:00:00",-8.41454126212317,0.113231691678284
"2024-11-21 22:00:00",-8.35003904403625,0.0397942890139237
"2024-11-21 23:00:00",-8.30633175268087,0.0549987970418469
"2024-11-22 00:00:00",-8.24301060516692,0.0765638100487211
"2024-11-22 01:00:00",-7.1416721601504,1.74279699467409
"2024-11-22 02:00:00",-6.15255715752078,0.448869456479475
"2024-11-22 03:00:00",-5.79876595194632,0.281523004532471
"2024-11-22 04:00:00",-5.49112831621765,0.317900617306243
"2024-11-22 05:00:00",-4.84655610603417,0.838795776262916
"2024-11-22 06:00:00",-4.27492313295611,0.372609069155201
"2024-11-22 07:00:00",-4.25076496016548,-0.203777829991963
"2024-11-22 08:00:00",-4.76138508283169,-0.685436334654428
"2024-11-22 09:00:00",-5.4813568867655,-0.702646963340445
"2024-11-22 10:00:00",-6.36279251492221,-0.951677548658854
"2024-11-22 11:00:00",-7.10670778203466,-0.561859979577275
"2024-11-22 12:00:00",-7.336233326912,0.0120915773900976
"2024-11-22 13:00:00",-7.23990694024248,0.157358046910437
"2024-11-22 14:00:00",-6.86535908745194,0.510869647549069
"2024-11-22 15:00:00",-6.27316029601699,0.627123069731236
"2024-11-22 16:00:00",-5.83200910840804,0.304292375605741
"2024-11-22 17:00:00",-5.41590263655704,0.478389931600629
"2024-11-22 18:00:00",-4.84399355412149,0.61405628526296
"2024-11-22 19:00:00",-4.45481228802299,0.227015427202221
"2024-11-22 20:00:00",-4.17283005397705,0.310966989477092
"2024-11-22 21:00:00",-3.96637336159542,0.132350740516591
"2024-11-22 22:00:00",-4.05912886543791,-0.23330506228669
"2024-11-22 23:00:00",-4.28544914810645,-0.205678671518919
"2024-11-23 00:00:00",-4.51974796345338,-0.236722648356779
"2024-11-23 01:00:00",-5.37846413224029,-1.22674173569536
"2024-11-23 02:00:00",-6.57777966731651,-1.1171103417069
"2024-11-23 03:00:00",-7.24236193345965,-0.32284536369314
"2024-11-23 04:00:00",-6.8026597832842,0.936496675275048
"2024-11-23 05:00:00",-5.61205256074362,1.31220037716156
"2024-11-23 06:00:00",-4.89918331538863,0.286678492273621
"2024-11-23 07:00:00",-4.94676937484641,-0.26185100032748
"2024-11-23 08:00:00",-5.08250234207537,-0.0388313714599574
"2024-11-23 09:00:00",-4.90986068644087,0.31196675952101
"2024-11-23 10:00:00",-4.94965443823065,-0.266078995107809
"2024-11-23 11:00:00",-5.15070369839472,-0.141765001875869
"2024-11-23 12:00:00",-5.06995818417013,0.231883549225778
"2024-11-23 13:00:00",-4.72916183436083,0.403742358248037
"2024-11-23 14:00:00",-4.39624575602659,0.275973376157302
"2024-11-23 15:00:00",-4.55367121683512,-0.433207392966002
"2024-11-23 16:00:00",-4.80894533655426,-0.118655640508218
"2024-11-23 17:00:00",-4.80527783476538,0.0912373929974204
"2024-11-23 18:00:00",-4.56261015189322,0.33828015007945
"2024-11-23 19:00:00",-4.34761876294215,0.128463378407287
"2024-11-23 20:00:00",-3.91743848846409,0.616481902897351
"2024-11-23 21:00:00",-3.12622988815098,0.875141365516665
"2024-11-23 22:00:00",-2.4145769936067,0.572873581769621
"2024-11-23 23:00:00",-1.70417227542691,0.771444029801588
"2024-11-24 00:00:00",-1.14981305173953,0.385491661928441
"2024-11-24 01:00:00",-1.36416618606419,-0.602575335491512
"2024-11-24 02:00:00",-1.71742039058823,-0.168498656611296
"2024-11-24 03:00:00",-1.43887749836415,0.565542432918272
"2024-11-24 04:00:00",-0.651358358160972,0.899932837178798
"2024-11-24 05:00:00",0.292868382773312,0.929725800485724
"2024-11-24 06:00:00",1.38867873892837,1.15408192819924
"2024-11-24 07:00:00",2.41658751294408,0.893159750705154
"2024-11-24 08:00:00",2.99881616463063,0.34416362221326
"2024-11-24 09:00:00",3.2343650492833,0.148082891039959
"2024-11-24 10:00:00",3.64962536585668,0.569474896159139
"2024-11-24 11:00:00",3.40168475383178,-0.785795981774918
"2024-11-24 12:00:00",3.36283946652528,0.456575928432963
"2024-11-24 13:00:00",4.25333295641505,1.13311795382238
"2024-11-24 14:00:00",5.02244632976178,0.484419157198233
"2024-11-24 15:00:00",5.57497095351176,0.565199982869949
"2024-11-24 16:00:00",6.52471257297647,1.15378338076114
"2024-11-24 17:00:00",7.00183112486919,-0.00506378869940044
"2024-11-24 18:00:00",7.53256233315263,0.85367929760973
"2024-11-24 19:00:00",8.27442538872727,0.622360872200401
"2024-11-24 20:00:00",8.52003496067082,-0.0278873117432366
"2024-11-24 21:00:00",8.49077004966695,-0.0397715251823235
"2024-11-24 22:00:00",8.41369649431469,-0.109219838452624
"2024-11-24 23:00:00",8.38495526968687,0.0154341891479014
"2024-11-25 00:00:00",8.36285384480427,-0.0568793157641582
"2024-11-25 01:00:00",9.097008336469,1.21583855886948
"2024-11-25 02:00:00",9.4890534276182,-0.187493362959217
"2024-11-25 03:00:00",9.29430333354103,-0.202560986661845
"2024-11-25 04:00:00",9.33545528125231,0.189692376849593
"2024-11-25 05:00:00",9.73091403384006,0.501812443911883
"2024-11-25 06:00:00",9.9530901889582,0.0126582335482197
"2024-11-25 07:00:00",9.71668955310376,-0.40402897675833
"2024-11-25 08:00:00",9.38895396082633,-0.273821295231428
"2024-11-25 09:00:00",8.91871051276825,-0.590942234365845
"2024-11-25 10:00:00",8.36531378580242,-0.513562366754873
"2024-11-25 11:00:00",8.37725099649053,0.350917582535075
"2024-11-25 12:00:00",8.20736821180713,-0.519799326634333
"2024-11-25 13:00:00",7.84337085304308,-0.25341019506067
"2024-11-25 14:00:00",7.8207092220286,0.122138076249928
"2024-11-25 15:00:00",8.42776525247058,0.891404555567229
"2024-11-25 16:00:00",9.175123181552,0.604954518650464
"2024-11-25 17:00:00",9.94525895256765,0.831835363124808
"2024-11-25 18:00:00",10.2597297596971,-0.0581919323234452
"2024-11-25 19:00:00",9.84264295077273,-0.649746959990443
"2024-11-25 20:00:00",9.34949613483596,-0.377997652494421
"2024-11-25 21:00:00",9.04317312741045,-0.256032166346171
"2024-11-25 22:00:00",8.75645348053549,-0.305205881470003
"2024-11-25 23:00:00",8.09430784264879,-0.8799202442317
"2024-11-26 00:00:00",7.55555723314089,-0.296137239747324
"2024-11-26 01:00:00",7.13284995363044,-0.496735159059696
"2024-11-26 02:00:00",6.7653494710602,-0.273073461203387
"2024-11-26 03:00:00",6.65944782757935,0.00185892852201955
"2024-11-26 04:00:00",6.63601039769169,-0.0477689875246848
"2024-11-26 05:00:00",6.51401793145968,-0.17422807913328
"2024-11-26 06:00:00",6.16728199124927,-0.453656502285736
"2024-11-26 07:00:00",5.56697300936854,-0.677496484076086
"2024-11-26 08:00:00",4.90382871912,-0.629237709591949
"2024-11-26 09:00:00",4.32225851119554,-0.528475620737976
"2024-11-26 10:00:00",3.59789880187758,-0.826095429095323
"2024-11-26 11:00:00",3.08336855298515,-0.287009731248478
"2024-11-26 12:00:00",3.0252537145219,0.0932675407312662
"2024-11-26 13:00:00",3.36661104932318,0.48662832407829
"2024-11-26 14:00:00",3.479745277614,-0.145571891096615
"2024-11-26 15:00:00",2.78388916546979,-1.03412340526539
"2024-11-26 16:00:00",2.23203409721687,-0.207711789809675
"2024-11-26 17:00:00",2.09131860792538,-0.0922415240532111
"2024-11-26 18:00:00",1.97174250751423,-0.134811527779866
"2024-11-26 19:00:00",1.91111434027732,-0.0108331971299989
"2024-11-26 20:00:00",2.06598014838272,0.255508166292766
"2024-11-26 21:00:00",2.07194611670364,-0.163338395760165
"2024-11-26 22:00:00",1.76072330074058,-0.397691554817367
"2024-11-26 23:00:00",1.24853086654036,-0.566454868079235
"2024-11-27 00:00:00",0.895747334373006,-0.19518318848675
"2024-11-27 01:00:00",1.18661145015753,0.599914240521549
"2024-11-27 02:00:00",1.23032365221654,-0.330689124610366
"2024-11-27 03:00:00",0.959153756510826,-0.220190651322888
"2024-11-27 04:00:00",0.756607891979007,-0.18239398432059
"2024-11-27 05:00:00",0.501096612826561,-0.293088547963238
"2024-11-27 06:00:00",0.130108899674843,-0.405936224983352
"2024-11-27 07:00:00",-0.41097051137726,-0.605629256817063
"2024-11-27 08:00:00",-0.636674669588243,0.0388298490707517
"2024-11-27 09:00:00",-0.216978444371248,0.654479570264183
"2024-11-27 10:00:00",0.0159396171695631,-0.0589067108519815
"2024-11-27 11:00:00",0.0498565392057377,0.094166047449174
"2024-11-27 12:00:00",0.180468794551452,0.148638461056464
"2024-11-27 13:00:00",0.414868697878599,0.280202147289152
"2024-11-27 14:00:00",0.758122433665843,0.36844162241003
"2024-11-27 15:00:00",1.05381211705727,0.232161313925463
"2024-11-27 16:00:00",1.40246784264311,0.408391519698765
"2024-11-27 17:00:00",1.80271474554132,0.373990560666164
"2024-11-27 18:00:00",2.11481123469484,0.253680877647581
"2024-11-27 19:00:00",2.27961426950984,0.0949956707309273
"2024-11-27 20:00:00",2.75226784721057,0.699023562884931
"2024-11-27 21:00:00",3.11212647359187,0.113105681334709
"2024-11-27 22:00:00",3.17193465031016,0.0174247890872052
"2024-11-27 23:00:00",3.46758435626608,0.462993422095414
"2024-11-28 00:00:00",3.92968321818445,0.435075543548219
"2024-11-28 01:00:00",4.86902109053035,1.22580656875056
"2024-11-28 02:00:00",5.62620492270933,0.402518869135459
"2024-11-28 03:00:00",5.48926361954661,-0.497317876836502
"2024-11-28 04:00:00",4.81692228483337,-0.764145879957686
"2024-11-28 05:00:00",4.00758349420131,-0.807214694234362
"2024-11-28 06:00:00",3.51820624481968,-0.259398464962543
"2024-11-28 07:00:00",2.98916939385476,-0.688186789312247
"2024-11-28 08:00:00",1.92546023190964,-1.26735823188728
"2024-11-28 09:00:00",0.458805488004943,-1.53230348741944
"2024-11-28 10:00:00",-0.836531305839978,-1.07639931250668
"2024-11-28 11:00:00",-1.81386091342238,-0.863764229148275
"2024-11-28 12:00:00",-2.3311392925603,-0.259373649242993
"2024-11-28 13:00:00",-1.93480494857294,0.817635956619334
"2024-11-28 14:00:00",-1.52305934888006,0.12408389924794
"2024-11-28 15:00:00",-1.28284036277276,0.308188623918097
"2024-11-28 16:00:00",-0.829881335789004,0.529599737635483
"2024-11-28 17:00:00",-0.136847536030181,0.770124859454983
"2024-11-28 18:00:00",0.804956498000102,1.01167730043997
"2024-11-28 19:00:00",1.51319177028604,0.471251859385857
"2024-11-28 20:00:00",1.77104563987429,0.10138800634914
"2024-11-28 21:00:00",1.86303881655829,0.0790764444928009
"2024-11-28 22:00:00",1.8706261806029,-0.0428324673530981
"2024-11-28 23:00:00",1.86732361650266,0.0207967140604842
"2024-11-29 00:00:00",1.90566957558236,0.0458168575043061
"2024-11-29 01:00:00",1.74628978466726,-0.291057255522129
"2024-11-29 02:00:00",1.340873206266,-0.464639963943291
"2024-11-29 03:00:00",0.667415274924847,-0.782393110831371
"2024-11-29 04:00:00",0.185240288846131,-0.259980337121802
"2024-11-29 05:00:00",-0.0704738802416641,-0.240957432039465
"2024-11-29 06:00:00",-0.474431593240735,-0.493336106165359
"2024-11-29 07:00:00",-1.08470451369137,-0.658618350939049
"2024-11-29 08:00:00",-1.66486795856217,-0.498894319122674
"2024-11-29 09:00:00",-1.74556390433538,0.204078216270001
"2024-11-29 10:00:00",-1.67223782876391,-0.0150756261110381
"2024-11-29 11:00:00",-1.8860620787855,-0.334005462707049
"2024-11-29 12:00:00",-2.2392437595841,-0.346752272165066
"2024-11-29 13:00:00",-2.52093266880133,-0.222042911750162
"2024-11-29 14:00:00",-2.56231436338267,0.0842719745530349
"2024-11-29 15:00:00",-2.37490996165388,0.250554640927313
"2024-11-29 16:00:00",-1.98421208730315,0.468619703490886
"2024-11-29 17:00:00",-1.55642847539467,0.382788856008729
"2024-11-29 18:00:00",-1.3781170787057,0.0355277596732776
"2024-11-29 19:00:00",-1.42848093490653,-0.103454871399307
"2024-11-29 20:00:00",-1.72855634338712,-0.415053425066114
"2024-11-29 21:00:00",-1.8313037305915,0.112563017199997
"2024-11-29 22:00:00",-1.67613926813246,0.178551440187302
"2024-11-29 23:00:00",-1.63799133653595,-0.0551057240354746
"2024-11-30 00:00:00",-1.40683307374782,0.413123909883544
"2024-11-30 01:00:00",-0.717881229429798,0.841908314534736
"2024-11-30 02:00:00",-0.258473294692244,0.183506282556765
"2024-11-30 03:00:00",-0.0748189322209696,0.175359011049495
"2024-11-30 04:00:00",-0.177242535862756,-0.282645366664522
"2024-11-30 05:00:00",-0.842424396283979,-0.888364468617551
"2024-11-30 06:00:00",-1.56694480168217,-0.579778588654163
"2024-11-30 07:00:00",-2.31718650308227,-0.826211693159989
"2024-11-30 08:00:00",-2.94542913815223,-0.463425892187841
"2024-11-30 09:00:00",-3.20784254044426,-0.112142158457247
"2024-11-30 10:00:00",-3.29351978865519,-0.0598293333699385
"2024-11-30 11:00:00",-3.36443655187082,-0.0706943238495628
"2024-11-30 12:00:00",-3.32023046504011,0.123039818739331
"2024-11-30 13:00:00",-3.16708490180686,0.170216775958504
"2024-11-30 14:00:00",-3.11194139488343,-0.0201100006630458
"2024-11-30 15:00:00",-3.4434687126089,-0.51937135246031
"2024-11-30 16:00:00",-3.63841149398401,0.0350400696650979
"2024-11-30 17:00:00",-3.52897970486995,0.158513743017483
"2024-11-30 18:00:00",-3.39845291116559,0.110214021556627
"2024-11-30 19:00:00",-3.38090795399487,-0.040687867832168
"2024-11-30 20:00:00",-3.58558431430418,-0.299917460864729
"2024-11-30 21:00:00",-4.03359092961588,-0.520821694043003
"2024-11-30 22:00:00",-4.56466054158745,-0.507467687405606
"2024-11-30 23:00:00",-5.07240674931747,-0.477922109673482
"2024-12-01 00:00:00",-5.5897192491484,-0.512453677126659
"2024-12-01 01:00:00",-5.96819599385264,-0.263972440630082
"2024-12-01 02:00:00",-6.19938853737909,-0.190662935894722
"2024-12-01 03:00:00",-6.43965487910987,-0.253928912538795
"2024-12-01 04:00:00",-6.55828609680695,-0.0144988893035823
"2024-12-01 05:00:00",-6.52181130226021,0.0771743959137351
"2024-12-01 06:00:00",-6.49468418497428,0.000877743557830268
"2024-12-01 07:00:00",-6.68549259954901,-0.30116091068526
"2024-12-01 08:00:00",-6.68269924179992,0.213908268142864
"2024-12-01 09:00:00",-6.27252575665789,0.530134867310362
"2024-12-01 10:00:00",-5.93799802622164,0.196311384375384
"2024-12-01 11:00:00",-5.64904001405762,0.34464196563133
"2024-12-01 12:00:00",-5.19843289805061,0.507116122836003
"2024-12-01 13:00:00",-4.92072903629311,0.118267309665648
"2024-12-01 14:00:00",-4.82495545026279,0.0825677546266216
"2024-12-01 15:00:00",-5.20511098071046,-0.66435034089365
"2024-12-01 16:00:00",-5.63983421506156,-0.254276033357961
"2024-12-01 17:00:00",-5.74326595917292,0.00931189064481913
"2024-12-01 18:00:00",-5.68970935612196,0.0879083513528703
"2024-12-01 19:00:00",-5.5860188532834,0.116616187903317
"2024-12-01 20:00:00",-5.48106718610836,0.0993863353374313
"2024-12-01 21:00:00",-5.46444745192622,-0.0322839466127305
"2024-12-01 22:00:00",-5.55245739362174,-0.113936337792241
"2024-12-01 23:00:00",-5.69786604458263,-0.152325240209794
"2024-12-02 00:00:00",-5.88698328086537,-0.197315843994424
"2024-12-02 01:00:00",-5.84251734732169,0.211124007933025
"2024-12-02 02:00:00",-5.67053927917949,0.145237571428692
"2024-12-02 03:00:00",-5.40938264297975,0.333331742630001
"2024-12-02 04:00:00",-4.9992782567241,0.448767893261496
"2024-12-02 05:00:00",-4.42757140517902,0.632939677190725
"2024-12-02 06:00:00",-3.38369567427469,1.27392951279244
"2024-12-02 07:00:00",-2.19827538610243,1.07444494161404
"2024-12-02 08:00:00",-1.56940288885845,0.304778295445804
"2024-12-02 09:00:00",-1.47775557446672,-0.0527702992984362
"2024-12-02 10:00:00",-1.76708243353106,-0.431375709623541
"2024-12-02 11:00:00",-2.22551781383282,-0.45241324635721
"2024-12-02 12:00:00",-2.00643432773916,0.659197490335209
"2024-12-02 13:00:00",-1.61820597137516,0.191722442434214
"2024-12-02 14:00:00",-1.61742160915345,-0.124457597911494
"2024-12-02 15:00:00",-1.96568858855158,-0.47883708513325
"2024-12-02 16:00:00",-2.10569225175721,0.0950673267175531
"2024-12-02 17:00:00",-2.06679623399399,0.00231418381968226
"2024-12-02 18:00:00",-2.150185516736,-0.133898091183402
"2024-12-02 19:00:00",-1.99105320533187,0.349691464165193
"2024-12-02 20:00:00",-1.26915362142155,0.938295592559714
"2024-12-02 21:00:00",-0.632212408295902,0.407410079640628
"2024-12-02 22:00:00",-0.399267675553846,0.106381750515539
"2024-12-02 23:00:00",-0.700546927441307,-0.558217566695604
"2024-12-03 00:00:00",-0.925328609236349,0.00908935187339863
"2024-12-03 01:00:00",0.0238354765770767,1.53195868422972
"2024-12-03 02:00:00",0.991137489571169,0.544874313684937
"2024-12-03 03:00:00",1.18716545953558,-0.0471246250151066
"2024-12-03 04:00:00",1.31001094309224,0.228789658434867
"2024-12-03 05:00:00",1.80970154994711,0.654855134253402
"2024-12-03 06:00:00",2.13588634586301,0.0892428769417497
"2024-12-03 07:00:00",2.03296850212847,-0.228884528574241
"2024-12-03 08:00:00",1.5798202357719,-0.583741256631599
"2024-12-03 09:00:00",1.12901864525888,-0.34279059280049
"2024-12-03 10:00:00",0.628604339990792,-0.58317048563434
"2024-12-03 11:00:00",-0.0726873602029925,-0.747522930904941
"2024-12-03 12:00:00",-0.401871621530682,-0.0345602420005947
"2024-12-03 13:00:00",0.173625780840433,0.955366204444054
"2024-12-03 14:00:00",0.591093442608065,0.038813168992025
"2024-12-03 15:00:00",0.626494962005659,0.0306831869122583
"2024-12-03 16:00:00",1.00985959803009,0.599457086338271
"2024-12-03 17:00:00",1.46884071214282,0.342220261425398
"2024-12-03 18:00:00",1.78934080973061,0.288897532848756
"2024-12-03 19:00:00",1.85947230489515,-0.0813484040275658
"2024-12-03 20:00:00",1.69787038591797,-0.209820246130995
"2024-12-03 21:00:00",1.42622668061282,-0.302138181897294
"2024-12-03 22:00:00",1.17029665122947,-0.214801314305468
"2024-12-03 23:00:00",0.908121750931271,-0.282806413314566
"2024-12-04 00:00:00",0.386538857670569,-0.657149439257289
"2024-12-04 01:00:00",0.200081733488657,0.13569467654085
"2024-12-04 02:00:00",0.233572909454868,-0.0364926424877452
"2024-12-04 03:00:00",0.271223662254056,0.0849887265206426
"2024-12-04 04:00:00",0.260242444681409,-0.0747877756044514
"2024-12-04 05:00:00",0.30932266815206,0.128989885128694
"2024-12-04 06:00:00",0.441646063331507,0.127859183103032
"2024-12-04 07:00:00",0.327260888657137,-0.271012275443432
"2024-12-04 08:00:00",-0.0116775362432047,-0.368537329629449
"2024-12-04 09:00:00",-0.454446051950416,-0.471200013347517
"2024-12-04 10:00:00",-0.98655185871974,-0.546838059300607
"2024-12-04 11:00:00",-1.53766417388749,-0.526502001481959
"2024-12-04 12:00:00",-1.99130869020422,-0.381535357717271
"2024-12-04 13:00:00",-2.39145649697245,-0.390975138020183
"2024-12-04 14:00:00",-2.44811633506789,0.171987319102778
"2024-12-04 15:00:00",-2.37999151973114,-0.0011982983199753
"2024-12-04 16:00:00",-2.31384975239973,0.110958217709529
"2024-12-04 17:00:00",-2.16779369233607,0.165495352578355
"2024-12-04 18:00:00",-2.1051960014175,-0.00618078268204554
"2024-12-04 19:00:00",-2.18582205878245,-0.123711356394834
"2024-12-04 20:00:00",-1.90442657471122,0.540907052294031
"2024-12-04 21:00:00",-1.40245134222144,0.454621620254429
"2024-12-04 22:00:00",-0.847798937655263,0.596788933341747
"2024-12-04 23:00:00",-0.338404323166169,0.428019085864471
"2024-12-05 00:00:00",-0.00529698117879322,0.254440935623181
"2024-12-05 01:00:00",0.262787452890033,0.26444757156349
"2024-12-05 02:00:00",0.492870282074459,0.195901373424913
"2024-12-05 03:00:00",0.646291760090832,0.117176426124253
"2024-12-05 04:00:00",0.785731209330222,0.146822331915446
"2024-12-05 05:00:00",0.981337353403328,0.217820567488964
"2024-12-05 06:00:00",1.12797881564668,0.0909566727864116
"2024-12-05 07:00:00",0.965097522007609,-0.325817237133943
"2024-12-05 08:00:00",0.334254821396283,-0.805455951677931
"2024-12-05 09:00:00",-0.793329344235205,-1.28918132125231
"2024-12-05 10:00:00",-2.33597288250041,-1.63728778205657
"2024-12-05 11:00:00",-3.63449678290011,-1.00796998613011
"2024-12-05 12:00:00",-4.29737202230255,-0.396633163342116
"2024-12-05 13:00:00",-3.67148187503342,1.2833565042073
"2024-12-05 14:00:00",-2.9571351505121,0.305799044557632
"2024-12-05 15:00:00",-2.98856181571956,-0.250936076889539
"2024-12-05 16:00:00",-2.91381838717673,0.292158715314753
"2024-12-05 17:00:00",-2.61090960408697,0.299436076764687
"2024-12-05 18:00:00",-2.38236384831484,0.173790400303992
"2024-12-05 19:00:00",-1.97391900919,0.548539353735277
"2024-12-05 20:00:00",-1.52434508180987,0.364778211558055
"2024-12-05 21:00:00",-1.24505920901085,0.210984723376576
"2024-12-05 22:00:00",-1.08025244562948,0.127794843723124
"2024-12-05 23:00:00",-0.839998286644192,0.305201053396605
"2024-12-06 00:00:00",-0.402871061750537,0.505386931987974
"2024-12-06 01:00:00",-0.211096243760021,-0.0258902673245398
"2024-12-06 02:00:00",-0.0276955619003743,0.314482557035653
"2024-12-06 03:00:00",0.150874326347079,0.0795131366836098
"2024-12-06 04:00:00",0.171736612266564,-0.0194233984677726
"2024-12-06 05:00:00",-0.0479689141093675,-0.343005720737425
"2024-12-06 06:00:00",-0.146190881820958,0.0696936986836288
"2024-12-06 07:00:00",-0.150376993714841,-0.0530511837735772
"2024-12-06 08:00:00",-0.44266264129065,-0.437689591835723
"2024-12-06 09:00:00",-0.884819048980932,-0.423552833126739
"2024-12-06 10:00:00",-1.32688500624582,-0.43226096719511
"2024-12-06 11:00:00",-1.58887061566211,-0.13431141783993
"2024-12-06 12:00:00",-1.34724035458021,0.482819105877275
"2024-12-06 13:00:00",-0.313779392684615,1.35317597227867
"2024-12-06 14:00:00",0.603973321870331,0.584268767191821
"2024-12-06 15:00:00",0.213113150740445,-1.02313999008919
"2024-12-06 16:00:00",-0.297356184251346,-0.144712119896864
"2024-12-06 17:00:00",0.355073137988053,1.1532281135268
"2024-12-06 18:00:00",0.910963156772973,0.130798274356692
"2024-12-06 19:00:00",0.296440723941055,-1.08336665398697
"2024-12-06 20:00:00",-0.271416534188391,-0.197587919524893
"2024-12-06 21:00:00",-0.574591989059773,-0.35880950584162
"2024-12-06 22:00:00",-0.96260479677341,-0.38830281044508
"2024-12-06 23:00:00",-0.981505720129648,0.229501404959906
"2024-12-07 00:00:00",-0.0160295655666919,1.41150364825489
"2024-12-07 01:00:00",1.82964609596099,2.04743411022485
"2024-12-07 02:00:00",2.84989517413671,0.284631382476385
"2024-12-07 03:00:00",3.01404164279818,0.0723520538851001
"2024-12-07 04:00:00",3.03298816921612,-0.0214407641853934
"2024-12-07 05:00:00",3.01547487148054,-0.0179711057464198
"2024-12-07 06:00:00",3.08377804038335,0.118686928904314
"2024-12-07 07:00:00",3.20827322429208,0.118477614354673
"2024-12-07 08:00:00",3.00521234964841,-0.411901087081196
"2024-12-07 09:00:00",2.27779560183968,-0.907063091884394
"2024-12-07 10:00:00",1.09407040466507,-1.31484877870933
"2024-12-07 11:00:00",-0.143603948799343,-1.12882193128791
"2024-12-07 12:00:00",-0.93404452656998,-0.527110547925269
"2024-12-07 13:00:00",-1.10718866230701,0.0722607856622241
"2024-12-07 14:00:00",-0.697064751422203,0.617300079291559
"2024-12-07 15:00:00",0.0968735055337084,0.87486584966767
"2024-12-07 16:00:00",0.937072213662385,0.777037137923208
"2024-12-07 17:00:00",1.48355096989927,0.365599941255667
"2024-12-07 18:00:00",1.54470395964942,-0.146625860460981
"2024-12-07 19:00:00",1.39122532042991,-0.152744373649805
"2024-12-07 20:00:00",1.28832819290986,-0.066569313589117
"2024-12-07 21:00:00",1.31737068331479,0.0897424006005162
"2024-12-07 22:00:00",1.38741202027061,0.0518816391880818
"2024-12-07 23:00:00",1.42194663564684,0.0195412525835759
"2024-12-08 00:00:00",1.41427378165782,-0.0272829900582898
"2024-12-08 01:00:00",1.57107885781414,0.270254674828672
"2024-12-08 02:00:00",1.73396877837675,0.0815497184038384
"2024-12-08 03:00:00",1.79546972344305,0.0429784521978804
"2024-12-08 04:00:00",1.89990072735105,0.138122550272331
"2024-12-08 05:00:00",1.96350818970336,0.0084607875925287
"2024-12-08 06:00:00",2.04714877438624,0.127254886933919
"2024-12-08 07:00:00",2.11138471898473,0.0165336290273354
"2024-12-08 08:00:00",1.89222358124305,-0.368594649887374
"2024-12-08 09:00:00",1.25367177261729,-0.79061494395888
"2024-12-08 10:00:00",0.261140412831467,-1.08159105108293
"2024-12-08 11:00:00",-1.06122488003716,-1.42037729532029
"2024-12-08 12:00:00",-2.13228374851022,-0.785920336568189
"2024-12-08 13:00:00",-2.70283990561682,-0.397122351987654
"2024-12-08 14:00:00",-2.66161055307485,0.334982555830869
"2024-12-08 15:00:00",-2.17620366588208,0.566051595439828
"2024-12-08 16:00:00",-1.59131600178138,0.572455591576434
"2024-12-08 17:00:00",-1.08166509081558,0.445614111097179
"2024-12-08 18:00:00",-0.681797071998196,0.351763497382402
"2024-12-08 19:00:00",-0.38750740951623,0.242868525622888
"2024-12-08 20:00:00",-0.194050919918425,0.151822101622052
"2024-12-08 21:00:00",-0.023812758289843,0.174675772504419
"2024-12-08 22:00:00",0.0540721768271167,0.00968844433503899
"2024-12-08 23:00:00",0.066149559291957,0.0130263943292965
"2024-12-09 00:00:00",-0.0131411607831946,-0.13715181824669
"2024-12-09 01:00:00",-0.180199671401479,-0.179040521688981
"2024-12-09 02:00:00",-0.744716055777248,-0.794438286886864
"2024-12-09 03:00:00",-1.32341352336759,-0.406413717341666
"2024-12-09 04:00:00",-1.41124003033683,0.130440179051739
"2024-12-09 05:00:00",-1.15088632990253,0.336407927357962
"2024-12-09 06:00:00",-0.8018260492033,0.342390947229396
"2024-12-09 07:00:00",-0.595190332482885,0.107347793281342
"2024-12-09 08:00:00",-0.701345649650939,-0.242676925075046
"2024-12-09 09:00:00",-1.07679853000302,-0.445223656509904
"2024-12-09 10:00:00",-1.53040699706091,-0.436255505540792
"2024-12-09 11:00:00",-2.03060596540117,-0.517086013407854
"2024-12-09 12:00:00",-2.35038343563159,-0.170428415972481
"2024-12-09 13:00:00",-2.37974754515799,0.0691012286091796
"2024-12-09 14:00:00",-2.00483151307848,0.56403988355875
"2024-12-09 15:00:00",-1.30403140349625,0.761253898221637
"2024-12-09 16:00:00",-0.620870973165661,0.600316023451142
"2024-12-09 17:00:00",-0.130460558054395,0.394637312509947
"2024-12-09 18:00:00",0.210226345514945,0.288699460722684
"2024-12-09 19:00:00",0.372210430181104,0.0695403194946611
"2024-12-09 20:00:00",0.378107776695406,-0.0372904515095908
"2024-12-09 21:00:00",0.352964551618391,-0.0163376492056442
"2024-12-09 22:00:00",0.334694856321898,-0.0191443686500118
"2024-12-09 23:00:00",0.231529974506724,-0.154706567506818
"2024-12-10 00:00:00",0.0673361136883299,-0.16301457785964
"2024-12-10 01:00:00",0.420219562125327,0.679954086268286
"2024-12-10 02:00:00",0.651890899634232,-0.0787291407160658
"2024-12-10 03:00:00",0.464757760813257,-0.251348826089126
"2024-12-10 04:00:00",0.288756546192123,-0.118005743317751
"2024-12-10 05:00:00",0.260010392462169,0.0317531413712761
"2024-12-10 06:00:00",0.259070700683242,-0.0230249400236523
"2024-12-10 07:00:00",0.118634951051012,-0.212368719883957
"2024-12-10 08:00:00",-0.312425631125345,-0.556521842280799
"2024-12-10 09:00:00",-1.044327120133,-0.813637197707745
"2024-12-10 10:00:00",-1.91617376263053,-0.867876975355188
"2024-12-10 11:00:00",-2.70007940417141,-0.688205833603493
"2024-12-10 12:00:00",-3.13995672166923,-0.249945775028267
"2024-12-10 13:00:00",-3.10972559377886,0.219622142030803
"2024-12-10 14:00:00",-2.86000452322894,0.261927277675832
"2024-12-10 15:00:00",-2.57746050282578,0.286547362268931
"2024-12-10 16:00:00",-2.09875612389101,0.587380470402639
"2024-12-10 17:00:00",-1.61552547027328,0.393540254521082
"2024-12-10 18:00:00",-1.34327975250985,0.180528878255395
"2024-12-10 19:00:00",-1.30361546900301,-0.0543977350898698
"2024-12-10 20:00:00",-1.32786349065001,-0.00131646895941946
"2024-12-10 21:00:00",-1.26963361840876,0.0968707947530823
"2024-12-10 22:00:00",-1.1991421188333,0.0511919337836934
"2024-12-10 23:00:00",-1.23505645384928,-0.0907323634512278
"2024-12-11 00:00:00",-1.40215384172523,-0.208474694412783
"2024-12-11 01:00:00",-1.40755508992701,0.13204223308276
"2024-12-11 02:00:00",-1.2849641031445,0.112278586932456
"2024-12-11 03:00:00",-1.07735718979817,0.262948508332359
"2024-12-11 04:00:00",-0.762523708540124,0.335850471397995
"2024-12-11 05:00:00",-0.463030972226897,0.262005538545111
"2024-12-11 06:00:00",-0.41373347473001,-0.0942513909153207
"2024-12-11 07:00:00",-0.654701399636202,-0.326793517483047
"2024-12-11 08:00:00",-1.1417220929771,-0.569850448561482
"2024-12-11 09:00:00",-1.71302404649028,-0.543650487380974
"2024-12-11 10:00:00",-2.1831878654108,-0.396624257273907
"2024-12-11 11:00:00",-2.5986004505578,-0.405384539837459
"2024-12-11 12:00:00",-2.99785403665905,-0.372845533714841
"2024-12-11 13:00:00",-3.36334810715161,-0.33936211292414
"2024-12-11 14:00:00",-3.36011540269685,0.235805766788896
"2024-12-11 15:00:00",-3.09058052217794,0.283542281897228
"2024-12-11 16:00:00",-2.71350400446786,0.42549569530894
"2024-12-11 17:00:00",-2.21147723371853,0.532687244916841
"2024-12-11 18:00:00",-2.13732205258881,-0.232201798693416
"2024-12-11 19:00:00",-2.47211827418609,-0.384527901776896
"2024-12-11 20:00:00",-2.6627680727942,-0.0491547987999017
"2024-12-11 21:00:00",-2.96343759053278,-0.450624307984204
"2024-12-11 22:00:00",-2.93453149774659,0.351032694428404
"2024-12-11 23:00:00",-2.65485015487533,0.222605726423576
"2024-12-12 00:00:00",-2.49970562054688,0.106219826598922
"2024-12-12 01:00:00",-2.38252279262752,0.122144028993576
"2024-12-12 02:00:00",-2.26627113075514,0.109869387802976
"2024-12-12 03:00:00",-2.12751316803754,0.154343304896933
"2024-12-12 04:00:00",-1.86709781068435,0.321495596988648
"2024-12-12 05:00:00",-1.60734173790178,0.208659578500435
"2024-12-12 06:00:00",-1.48315893147554,0.0640360371600296
"2024-12-12 07:00:00",-1.71011058825391,-0.408244383261956
"2024-12-12 08:00:00",-2.13667896351246,-0.416310267277248
"2024-12-12 09:00:00",-2.43061146597613,-0.195627906760942
"2024-12-12 10:00:00",-2.7271002615533,-0.346507218708557
"2024-12-12 11:00:00",-3.08500987233664,-0.3449893127758
"2024-12-12 12:00:00",-3.45503787896111,-0.365161363588437
"2024-12-12 13:00:00",-4.08440627735597,-0.771144114508554
"2024-12-12 14:00:00",-4.33099991712188,0.120081882565231
"2024-12-12 15:00:00",-4.15293259614303,0.213842889219502
"2024-12-12 16:00:00",-3.84432910365559,0.362462970968573
"2024-12-12 17:00:00",-3.37432907452231,0.524309875377409
"2024-12-12 18:00:00",-3.10489469239108,0.0910650570998238
"2024-12-12 19:00:00",-3.04519317370853,0.039956822642289
"2024-12-12 20:00:00",-2.89071910767534,0.227401118279334
"2024-12-12 21:00:00",-2.51954396224207,0.453109839744794
"2024-12-12 22:00:00",-2.37251184321685,-0.0607564425963202
"2024-12-12 23:00:00",-2.49962477622443,-0.162252311898989
"2024-12-13 00:00:00",-2.60465887399877,-0.0586771083270544
"2024-12-13 01:00:00",-2.77136394899048,-0.227444431472537
"2024-12-13 02:00:00",-2.79779150533886,0.112408415562011
"2024-12-13 03:00:00",-2.55831272395861,0.316416270244364
"2024-12-13 04:00:00",-2.21665580983794,0.345545039171466
"2024-12-13 05:00:00",-1.87709756059961,0.322287906722435
"2024-12-13 06:00:00",-1.59428590863692,0.24547438565516
"2024-12-13 07:00:00",-1.52838624787854,-0.0548919176915499
"2024-12-13 08:00:00",-1.77668189787693,-0.363460969621983
"2024-12-13 09:00:00",-2.07683044596245,-0.241388690180938
"2024-12-13 10:00:00",-2.52982600490633,-0.569862166751505
"2024-12-13 11:00:00",-3.00016838362427,-0.378386685014739
"2024-12-13 12:00:00",-3.15402402485538,0.00700631511516743
"2024-12-13 13:00:00",-3.63093292860441,-0.77278692799722
"2024-12-13 14:00:00",-3.91168678176161,0.0652826967605019
"2024-12-13 15:00:00",-3.89425252168359,-0.0102520405596106
"2024-12-13 16:00:00",-3.56399497096492,0.546584596450701
"2024-12-13 17:00:00",-3.23539875804352,0.172250948993957
"2024-12-13 18:00:00",-3.50954099628374,-0.554536480229931
"2024-12-13 19:00:00",-4.07395919259651,-0.539662726481741
"2024-12-13 20:00:00",-4.64439458150713,-0.558593741171985
"2024-12-13 21:00:00",-5.16842218374999,-0.470097697836558
"2024-12-13 22:00:00",-5.61843769738237,-0.408583162947514
"2024-12-13 23:00:00",-5.98824254318877,-0.31914028861612
"2024-12-14 00:00:00",-6.30748386682799,-0.2964221134064
"2024-12-14 01:00:00",-6.2284052424625,0.333778247154403
"2024-12-14 02:00:00",-6.04295651902686,0.0857775382432197
"2024-12-14 03:00:00",-5.952045959088,0.0977994326261233
"2024-12-14 04:00:00",-5.75423909432988,0.262747484179207
"2024-12-14 05:00:00",-5.45645870419988,0.314399820529612
"2024-12-14 06:00:00",-5.24417281241667,0.141154570284088
"2024-12-14 07:00:00",-5.16348454040462,0.0433014516059892
"2024-12-14 08:00:00",-4.96224341412256,0.303623256915858
"2024-12-14 09:00:00",-5.02939639790678,-0.304747572379063
"2024-12-14 10:00:00",-5.48208817687427,-0.523327101495759
"2024-12-14 11:00:00",-5.86423218727869,-0.26280010861267
"2024-12-14 12:00:00",-6.26256991774493,-0.462209240055213
"2024-12-14 13:00:00",-6.20832870958987,0.4040280976931
"2024-12-14 14:00:00",-5.63427880465869,0.668117402512876
"2024-12-14 15:00:00",-4.91515945492861,0.726208290767268
"2024-12-14 16:00:00",-4.08303602669846,0.869524008456226
"2024-12-14 17:00:00",-3.25917500988024,0.759531573660574
"2024-12-14 18:00:00",-2.30493329601542,1.04290108475853
"2024-12-14 19:00:00",-1.53566551906765,0.553263673284112
"2024-12-14 20:00:00",-1.19134499927671,0.190644401790885
"2024-12-14 21:00:00",-0.905505569173044,0.337253965110928
"2024-12-14 22:00:00",-0.416155975062502,0.568658217804854
"2024-12-14 23:00:00",0.138507872152766,0.519513411866685
"2024-12-15 00:00:00",0.607761890906487,0.413271193291173
"2024-12-15 01:00:00",0.910252119233191,0.213480200037615
"2024-12-15 02:00:00",1.17093769743561,0.278594740102929
"2024-12-15 03:00:00",1.59435204254203,0.498329873060854
"2024-12-15 04:00:00",2.09587735843042,0.477768939333436
"2024-12-15 05:00:00",2.40507966980869,0.179432626228654
"2024-12-15 06:00:00",2.58764819611507,0.172884376791024
"2024-12-15 07:00:00",2.62197278305736,-0.0630125587325444
"2024-12-15 08:00:00",2.44033998445939,-0.255459210103731
"2024-12-15 09:00:00",1.96319117556882,-0.605410182286095
"2024-12-15 10:00:00",1.16222736766733,-0.895799161335569
"2024-12-15 11:00:00",0.261758086328969,-0.862290561693412
"2024-12-15 12:00:00",-0.301506498376436,-0.337488633792666
"2024-12-15 13:00:00",-0.016232217760113,0.687275005619288
"2024-12-15 14:00:00",0.568200747065778,0.488121801627606
"2024-12-15 15:00:00",1.13292096665213,0.588217645157972
"2024-12-15 16:00:00",1.79834112986953,0.68380742276756
"2024-12-15 17:00:00",2.63176581018412,0.891246692291061
"2024-12-15 18:00:00",3.48724692274461,0.787594601385782
"2024-12-15 19:00:00",4.49797427119236,1.10695723250487
"2024-12-15 20:00:00",5.38851692624283,0.69815462522942
"2024-12-15 21:00:00",6.13088701363124,0.729625994856681
"2024-12-15 22:00:00",6.91911219522913,0.781934457165486
"2024-12-15 23:00:00",7.58283972847845,0.544468406309076
"2024-12-16 00:00:00",8.03336498991052,0.356717672151808
"2024-12-16 01:00:00",8.4097088082215,0.36119231899165
"2024-12-16 02:00:00",8.77981625000452,0.347626774568329
"2024-12-16 03:00:00",9.20691721049224,0.448473659023243
"2024-12-16 04:00:00",9.75336082369246,0.573925168807597
"2024-12-16 05:00:00",10.2479686447912,0.405658899443037
"2024-12-16 06:00:00",10.5480357988038,0.202209361386689
"2024-12-16 07:00:00",10.5346796247933,-0.170021576952194
"2024-12-16 08:00:00",10.1700322414424,-0.49064285984918
"2024-12-16 09:00:00",9.47843535730324,-0.805804788066978
"2024-12-16 10:00:00",8.57985904564169,-0.929937049974638
"2024-12-16 11:00:00",7.56436760282354,-1.03532720858649
"2024-12-16 12:00:00",6.64950200970849,-0.800832793728677
"2024-12-16 13:00:00",6.60481964162654,0.452964149210814
"2024-12-16 14:00:00",6.90734675778866,0.179350620818535
"2024-12-16 15:00:00",7.11969902930935,0.215361379527437
"2024-12-16 16:00:00",7.50083564335489,0.464365788079208
"2024-12-16 17:00:00",7.85960182700653,0.261653755251561
"2024-12-16 18:00:00",8.06826042396592,0.153285917767659
"2024-12-16 19:00:00",8.09564969384778,-0.0682386551608065
"2024-12-16 20:00:00",8.16564754399389,0.148395690125974
"2024-12-16 21:00:00",8.19982286132172,-0.0541165171884625
"2024-12-16 22:00:00",8.12899979618411,-0.0891613649396997
"2024-12-16 23:00:00",8.1231199371011,0.0394446193116873
"2024-12-17 00:00:00",8.15354221420883,0.0124944199749414
"2024-12-17 01:00:00",8.15658743012412,-0.0139054726387182
"2024-12-17 02:00:00",8.37152714147559,0.346776247451619
"2024-12-17 03:00:00",8.59735869439897,0.12368423638259
"2024-12-17 04:00:00",8.78086085455461,0.203581677950369
"2024-12-17 05:00:00",8.92353507756134,0.0839751732458427
"2024-12-17 06:00:00",9.12994467454735,0.266723886037161
"2024-12-17 07:00:00",9.1161062238573,-0.211984058242968
"2024-12-17 08:00:00",8.5638844300817,-0.764548865199415
"2024-12-17 09:00:00",7.80168892930242,-0.735442961611025
"2024-12-17 10:00:00",6.93744456145693,-0.919095405486529
"2024-12-17 11:00:00",6.22651691908912,-0.547308216680363
"2024-12-17 12:00:00",5.65472611263342,-0.568964587968416
"2024-12-17 13:00:00",5.5247709895913,0.16160163282038
"2024-12-17 14:00:00",5.68070344209713,0.137624057112296
"2024-12-17 15:00:00",5.93839271537133,0.31816603878892
"2024-12-17 16:00:00",6.33726746720487,0.426073191825279
"2024-12-17 17:00:00",6.74336202909142,0.365312172663043
"2024-12-17 18:00:00",6.97022746020173,0.115099197780415
"2024-12-17 19:00:00",6.91138427049925,-0.180988434611904
"2024-12-17 20:00:00",6.7909607247045,-0.0832311662278748
"2024-12-17 21:00:00",6.70857793811754,-0.0866532350867795
"2024-12-17 22:00:00",6.58727756293711,-0.147278606445736
"2024-12-17 23:00:00",6.45115632019183,-0.130703069293811
"2024-12-18 00:00:00",5.96122431256964,-0.714445594565588
"2024-12-18 01:00:00",5.69902361970718,0.0440688105355102
"2024-12-18 02:00:00",5.37389560461616,-0.563148932730027
"2024-12-18 03:00:00",4.70885864113667,-0.70828381810961
"2024-12-18 04:00:00",4.30766242499411,-0.183477838579205
"2024-12-18 05:00:00",4.48912793949601,0.410583009338123
"2024-12-18 06:00:00",4.55778055598313,-0.168344122889279
"2024-12-18 07:00:00",4.22529362128912,-0.431987196175538
"2024-12-18 08:00:00",4.09590809670362,0.0730491337266896
"2024-12-18 09:00:00",4.21877443736079,0.144960751447377
"2024-12-18 10:00:00",4.12731729087789,-0.250156722715482
"2024-12-18 11:00:00",4.08325439380363,0.0901060607190877
"2024-12-18 12:00:00",4.46308025460706,0.54965838340407
"2024-12-18 13:00:00",5.19223471774781,0.808416435530674
"2024-12-18 14:00:00",6.40568751809903,1.41911928918507
"2024-12-18 15:00:00",7.57191710188362,0.933966476568756
"2024-12-18 16:00:00",8.61351917941088,1.05410453075812
"2024-12-18 17:00:00",9.635447746819,0.940817555932247
"2024-12-18 18:00:00",10.3519727483158,0.520534156922023
"2024-12-18 19:00:00",10.7311937786015,0.253654025673033
"2024-12-18 20:00:00",11.030153001891,0.301127657894797
"2024-12-18 21:00:00",11.3420315531057,0.290012016794454
"2024-12-18 22:00:00",11.5443736203839,0.119665965158045
"2024-12-18 23:00:00",11.4766321823413,-0.204334594086864
"2024-12-19 00:00:00",11.1515116976921,-0.404982271816778
"2024-12-19 01:00:00",11.3125653938395,0.516381669308055
"2024-12-19 02:00:00",11.4590307999473,-0.121678530214851
"2024-12-19 03:00:00",11.2172013799366,-0.325203137282917
"2024-12-19 04:00:00",10.9435116405729,-0.240796931198887
"2024-12-19 05:00:00",10.7988949363123,-0.0877273058967893
"2024-12-19 06:00:00",10.7548861691388,-0.0266877082348754
"2024-12-19 07:00:00",11.1307417159124,0.612494065170614
"2024-12-19 08:00:00",11.7944211280158,0.651921755287069
"2024-12-19 09:00:00",12.0766760003409,0.00720364132790977
"2024-12-19 10:00:00",11.418380434208,-1.08623437181867
"2024-12-19 11:00:00",10.2905083123485,-1.11674806952971
"2024-12-19 12:00:00",9.73418183308351,-0.169542431234379
"2024-12-19 13:00:00",10.0045971559966,0.53832214576868
"2024-12-19 14:00:00",10.4500459325958,0.349474924280827
"2024-12-19 15:00:00",10.5482706930547,-0.0874059774421568
"2024-12-19 16:00:00",10.011802247697,-0.823938181415467
"2024-12-19 17:00:00",9.29353456833582,-0.626591415628373
"2024-12-19 18:00:00",8.45810032862972,-0.946936744788332
"2024-12-19 19:00:00",6.93419264397206,-1.84703243097019
"2024-12-19 20:00:00",5.64651127499391,-0.86253254636501
"2024-12-19 21:00:00",5.20711147882005,-0.143712140243082
"2024-12-19 22:00:00",4.75595908955015,-0.641380478961283
"2024-12-19 23:00:00",4.20424810541428,-0.471843888652128
"2024-12-20 00:00:00",3.64178481858988,-0.601564879282233
"2024-12-20 01:00:00",3.96798468554054,0.924505642451053
"2024-12-20 02:00:00",4.41544252448989,0.103055311305985
"2024-12-20 03:00:00",4.51667306284039,0.0895139134873149
"2024-12-20 04:00:00",4.78172619942475,0.363661986425719
"2024-12-20 05:00:00",4.97095561457904,0.0577892290465889
"2024-12-20 06:00:00",4.66431823498767,-0.541418684200538
"2024-12-20 07:00:00",4.04652076490356,-0.645368881103863
"2024-12-20 08:00:00",3.31071266719949,-0.766349090387984
"2024-12-20 09:00:00",2.67978131159288,-0.514939109852243
"2024-12-20 10:00:00",2.22361648171725,-0.398759134180336
"2024-12-20 11:00:00",1.83621830095394,-0.364280769872999
"2024-12-20 12:00:00",1.51892028549012,-0.273265054019003
"2024-12-20 13:00:00",1.0325333445822,-0.607310275451851
"2024-12-20 14:00:00",0.86725468399812,0.135927517115093
"2024-12-20 15:00:00",0.854671481476706,-0.112108269609945
"2024-12-20 16:00:00",1.1032892370414,0.476182223774454
"2024-12-20 17:00:00",1.60001354444331,0.48539308471869
"2024-12-20 18:00:00",1.88600952431786,0.137414708945117
"2024-12-20 19:00:00",1.77055982697203,-0.280967325766403
"2024-12-20 20:00:00",1.46525887780602,-0.309296921256714
"2024-12-20 21:00:00",1.20113739329032,-0.223342279014057
"2024-12-20 22:00:00",0.842044286124681,-0.434076035642826
"2024-12-20 23:00:00",0.52580522301816,-0.223739987453368
"2024-12-21 00:00:00",0.686466413866824,0.408612242621311
"2024-12-21 01:00:00",1.11597654134174,0.422147192300591
"2024-12-21 02:00:00",1.04338031954871,-0.400407903698158
"2024-12-21 03:00:00",0.55721667560119,-0.521575482138208
"2024-12-21 04:00:00",0.64837175610079,0.494585556761501
"2024-12-21 05:00:00",1.53597024929112,1.10658908790457
"2024-12-21 06:00:00",2.22064692389993,0.368891848816636
"2024-12-21 07:00:00",2.32502203986939,-0.0797877449207534
"2024-12-21 08:00:00",2.30592293331615,0.0192708654997463
"2024-12-21 09:00:00",2.33492453201268,0.0311391048777291
"2024-12-21 10:00:00",2.25181575969656,-0.158332233940653
"2024-12-21 11:00:00",1.65039082510181,-0.871137426783145
"2024-12-21 12:00:00",1.07860357277361,-0.34717956784076
"2024-12-21 13:00:00",1.28865214175259,0.570156454703169
"2024-12-21 14:00:00",1.94582382104772,0.682291920715584
"2024-12-21 15:00:00",2.60737120589497,0.613774241520903
"2024-12-21 16:00:00",3.25338935194058,0.633455504643219
"2024-12-21 17:00:00",3.56297727777626,0.0747761351848467
"2024-12-21 18:00:00",3.87843543316679,0.456328516385869
"2024-12-21 19:00:00",4.25773205214145,0.304921222576675
"2024-12-21 20:00:00",4.41396966254216,0.0442060726728952
"2024-12-21 21:00:00",4.46167634564081,0.0420855709084362
"2024-12-21 22:00:00",4.73738132188048,0.412597992754274
"2024-12-21 23:00:00",5.1799424807895,0.435401474462091
"2024-12-22 00:00:00",5.67187407406634,0.499566577407636
"2024-12-22 01:00:00",5.94807357458371,0.106857059100462
"2024-12-22 02:00:00",5.78587498067543,-0.341523084810549
"2024-12-22 03:00:00",5.59775084997338,-0.0843760061979039
"2024-12-22 04:00:00",6.00969507873704,0.716030227743197
"2024-12-22 05:00:00",6.54298420410994,0.378378160567618
"2024-12-22 06:00:00",6.43149323843981,-0.441198142510244
"2024-12-22 07:00:00",5.99889527690358,-0.414595421626288
"2024-12-22 08:00:00",5.31321912918334,-0.841540836257114
"2024-12-22 09:00:00",4.54545048878345,-0.688950726918689
"2024-12-22 10:00:00",4.00243495077325,-0.425780555665549
"2024-12-22 11:00:00",2.93349889003392,-1.45206151250101
"2024-12-22 12:00:00",2.03735052064324,-0.486741573860963
"2024-12-22 13:00:00",1.50953469329037,-0.532742052118062
"2024-12-22 14:00:00",1.24701073193635,-0.071851823775118
"2024-12-22 15:00:00",1.0298324154115,-0.305347725266262
"2024-12-22 16:00:00",1.04840413378137,0.232304808701346
"2024-12-22 17:00:00",1.22354514399798,0.12735889843488
"2024-12-22 18:00:00",1.19787454787668,-0.12804533868417
"2024-12-22 19:00:00",1.08409432576354,-0.100407118125637
"2024-12-22 20:00:00",1.30387306600498,0.421391665806118
"2024-12-22 21:00:00",1.70638466666138,0.3691178457036
"2024-12-22 22:00:00",1.9444706829017,0.137220406153864
"2024-12-22 23:00:00",2.08104586069861,0.127149431712385
"2024-12-23 00:00:00",1.91645635315074,-0.353939283804014
"2024-12-23 01:00:00",1.32970058921829,-0.716551406563604
"2024-12-23 02:00:00",0.519586434611379,-0.835705607658231
"2024-12-23 03:00:00",0.682660147318279,0.820496638282991
"2024-12-23 04:00:00",1.34512938618108,0.524759635475242
"2024-12-23 05:00:00",1.24680613733161,-0.510765884296382
"2024-12-23 06:00:00",0.755157464942906,-0.457147880034567
"2024-12-23 07:00:00",0.245793320931586,-0.520942833897959
"2024-12-23 08:00:00",-0.194775483294459,-0.366368205692267
"2024-12-23 09:00:00",-0.526598295441251,-0.292773945645559
"2024-12-23 10:00:00",-0.973691085669219,-0.528046145933806
"2024-12-23 11:00:00",-1.89597189798583,-1.14001859330932
"2024-12-23 12:00:00",-2.17124305939592,0.316741227494541
"2024-12-23 13:00:00",-1.36475260194164,1.09745836905804
"2024-12-23 14:00:00",-0.279153067300988,1.02786540088362
"2024-12-23 15:00:00",0.854176124872047,1.15014183809042
"2024-12-23 16:00:00",1.60113285830862,0.441575617525015
"2024-12-23 17:00:00",1.94843127250765,0.26588139791623
"2024-12-23 18:00:00",2.12662635513031,0.108760071789596
"2024-12-23 19:00:00",2.33282154409955,0.258612211002582
"2024-12-23 20:00:00",2.36627850467001,-0.121239918355235
"2024-12-23 21:00:00",2.23102559275415,-0.141216794388435
"2024-12-23 22:00:00",2.24741011503143,0.117796818152377
"2024-12-23 23:00:00",2.20733868339073,-0.146306985975195
"2024-12-24 00:00:00",2.17268250812413,0.0385789119864584
"2024-12-24 01:00:00",2.31619489541392,0.203847528892565
"2024-12-24 02:00:00",2.43408147296926,0.0519937127017121
"2024-12-24 03:00:00",2.44105235113951,-0.0265116357216501
"2024-12-24 04:00:00",2.57997405462229,0.239461731767225
"2024-12-24 05:00:00",2.90668871408172,0.366032480313789
"2024-12-24 06:00:00",3.15485919639319,0.154058697477952
"2024-12-24 07:00:00",3.08583663561153,-0.218526314796508
"2024-12-24 08:00:00",2.63082781903496,-0.595015820910349
"2024-12-24 09:00:00",2.05208134492679,-0.543788839145497
"2024-12-24 10:00:00",1.51349442373259,-0.512170033316384
"2024-12-24 11:00:00",0.933424187343248,-0.599721990500694
"2024-12-24 12:00:00",0.261314602326025,-0.689631756166686
"2024-12-24 13:00:00",-0.203489978819388,-0.293171846333616
"2024-12-24 14:00:00",-0.214712915460295,0.177535347610969
"2024-12-24 15:00:00",-0.308478472529319,-0.269897411186648
"2024-12-24 16:00:00",-0.306007987246694,0.184326120505908
"2024-12-24 17:00:00",-0.154454993182315,0.122897232270053
"2024-12-24 18:00:00",-0.181312578679501,-0.125217157167683
"2024-12-24 19:00:00",-0.492717356647357,-0.420496366008144
"2024-12-24 20:00:00",-0.799403802058826,-0.215605991862187
"2024-12-24 21:00:00",-1.08272820806893,-0.313975750089942
"2024-12-24 22:00:00",-1.28742716567251,-0.120726632808199
"2024-12-24 23:00:00",-1.08115507344723,0.416124611597996
"2024-12-25 00:00:00",-0.969375979056667,-0.0950329850072684
"2024-12-25 01:00:00",-1.46169433613791,-0.732527007410608
"2024-12-25 02:00:00",-1.94767756336875,-0.296646343004223
"2024-12-25 03:00:00",-1.98360691097689,0.142096151770442
"2024-12-25 04:00:00",-1.7288720085717,0.32027736138747
"2024-12-25 05:00:00",-1.36361340549128,0.38011655334377
"2024-12-25 06:00:00",-1.14363637012007,0.10452314104337
"2024-12-25 07:00:00",-1.23927046743435,-0.223051844044226
"2024-12-25 08:00:00",-1.36452837933577,-0.0525139656376312
"2024-12-25 09:00:00",-1.33964532549957,0.0770560928810713
"2024-12-25 10:00:00",-1.50232557729446,-0.313045056752057
"2024-12-25 11:00:00",-1.78410353210571,-0.245607775182438
"2024-12-25 12:00:00",-1.84682750961701,0.0644760836500874
"2024-12-25 13:00:00",-1.16817764101364,1.05822294296865
"2024-12-25 14:00:00",-0.337360523041222,0.64124121152256
"2024-12-25 15:00:00",0.367858189373875,0.714792839798298
"2024-12-25 16:00:00",1.19719530909222,0.865815094351294
"2024-12-25 17:00:00",1.99134970084289,0.707100990986992
"2024-12-25 18:00:00",2.62581223658757,0.553322421369977
"2024-12-25 19:00:00",3.09009258548187,0.379474057095204
"2024-12-25 20:00:00",3.41974402817356,0.276790223580778
"2024-12-25 21:00:00",3.65212702677912,0.187329324590585
"2024-12-25 22:00:00",3.86728143834224,0.218774041523553
"2024-12-25 23:00:00",4.01174520128301,0.0830762277778555
"2024-12-26 00:00:00",4.12552141163841,0.123666429520069
"2024-12-26 01:00:00",4.01144160919945,-0.272469740202638
"2024-12-26 02:00:00",3.92450765231777,0.0357163932329721
"2024-12-26 03:00:00",4.05696259262375,0.185594937326503
"2024-12-26 04:00:00",4.30214345781888,0.268025523902758
"2024-12-26 05:00:00",4.60985665706588,0.314005145280598
"2024-12-26 06:00:00",4.96558706506995,0.360702457867515
"2024-12-26 07:00:00",5.10034238801291,-0.0286756733088586
"2024-12-26 08:00:00",4.84092150512612,-0.40749318666733
"2024-12-26 09:00:00",4.42332708417003,-0.410722635181914
"2024-12-26 10:00:00",3.91836996206125,-0.549483693183897
"2024-12-26 11:00:00",3.31962759687562,-0.608178266664956
"2024-12-26 12:00:00",2.80967071152602,-0.424521906043574
"2024-12-26 13:00:00",1.94267932003208,-1.12438771603362
"2024-12-26 14:00:00",1.71490105755169,0.378271813713806
"2024-12-26 15:00:00",2.18861943022628,0.512627729338333
"2024-12-26 16:00:00",2.65043465472236,0.403175386008427
"2024-12-26 17:00:00",3.04730263747962,0.370388868357766
"2024-12-26 18:00:00",3.54807797379867,0.559974915354205
"2024-12-26 19:00:00",3.98386581150884,0.327717456879424
"2024-12-26 20:00:00",4.18887575569343,0.108330786160012
"2024-12-26 21:00:00",4.30456656492078,0.109702088341513
"2024-12-26 22:00:00",4.44804031528769,0.153623184853968
"2024-12-26 23:00:00",4.52673926735727,0.0192788592074995
"2024-12-27 00:00:00",4.57526435562595,0.059883227080052
"2024-12-27 01:00:00",3.76167821398166,-1.36312378220891
"2024-12-27 02:00:00",3.06190448710359,-0.229142319463189
"2024-12-27 03:00:00",2.99451212290467,0.0396960008417616
"2024-12-27 04:00:00",3.19931982091487,0.301289255933414
"2024-12-27 05:00:00",3.48940970569954,0.26471624915001
"2024-12-27 06:00:00",3.75274556618792,0.245405627958375
"2024-12-27 07:00:00",3.79546225816146,-0.0992726216618824
"2024-12-27 08:00:00",3.43308810275099,-0.525443241008593
"2024-12-27 09:00:00",2.75539604848696,-0.751409918272433
"2024-12-27 10:00:00",1.94551823954243,-0.813921462017141
"2024-12-27 11:00:00",1.14648101713587,-0.753651814918535
"2024-12-27 12:00:00",0.795832567490203,-0.0667988442689238
"2024-12-27 13:00:00",-0.728336432533389,-2.42433064923545
"2024-12-27 14:00:00",-1.64201937066168,0.137754662594689
"2024-12-27 15:00:00",-1.29057147243112,0.479322967017024
"2024-12-27 16:00:00",-0.646515798608052,0.72493353436827
"2024-12-27 17:00:00",-0.156027145613624,0.311720100373099
"2024-12-27 18:00:00",-0.0518977453367579,-0.0390091657621181
"2024-12-27 19:00:00",0.0172943033020889,0.138103885287194
"2024-12-27 20:00:00",-0.039851941662193,-0.18461752982806
"2024-12-27 21:00:00",-0.338660302453828,-0.360683759812705
"2024-12-27 22:00:00",-0.598938512997121,-0.18053766017068
"2024-12-27 23:00:00",-1.12332451745315,-0.727924082135713
"2024-12-28 00:00:00",-1.78482205262923,-0.584332470636225
"2024-12-28 01:00:00",-2.52281045625135,-0.803055311510023
"2024-12-28 02:00:00",-2.87805654023297,-0.0365796992428064
"2024-12-28 03:00:00",-2.91831813585583,-0.0370942954266862
"2024-12-28 04:00:00",-3.02163810097793,-0.138799434605589
"2024-12-28 05:00:00",-3.15506174829745,-0.119605974069299
"2024-12-28 06:00:00",-3.18747106119176,0.0313264800871599
"2024-12-28 07:00:00",-3.35537058915079,-0.288628781679187
"2024-12-28 08:00:00",-3.81575790286038,-0.548690040231516
"2024-12-28 09:00:00",-4.57495076010998,-0.858532369853782
"2024-12-28 10:00:00",-5.54167140374569,-0.987011734574262
"2024-12-28 11:00:00",-6.23035946818197,-0.449941993055528
"2024-12-28 12:00:00",-6.53270470354794,-0.181553395516343
"2024-12-28 13:00:00",-6.88303152648139,-0.437775218235807
"2024-12-28 14:00:00",-6.93939358813848,0.209456809567392
"2024-12-28 15:00:00",-6.55476543934987,0.492071856756726
"2024-12-28 16:00:00",-5.93978711062595,0.676137658421894
"2024-12-28 17:00:00",-5.5084747092763,0.255256619099436
"2024-12-28 18:00:00",-5.19978155244811,0.336746209028678
"2024-12-28 19:00:00",-5.04321912794712,0.0357026028970911
"2024-12-28 20:00:00",-5.11890106891162,-0.139842020430171
"2024-12-28 21:00:00",-5.2962513425591,-0.187331588295696
"2024-12-28 22:00:00",-5.33775759315094,0.0645060740085292
"2024-12-28 23:00:00",-5.34069328669405,-0.0408783981299952
"2024-12-29 00:00:00",-5.45973891833777,-0.158617273408472
"2024-12-29 01:00:00",-5.45204644989615,0.125233609413117
"2024-12-29 02:00:00",-5.31050797839994,0.152707861870108
"2024-12-29 03:00:00",-5.12361991015551,0.207636783746476
"2024-12-29 04:00:00",-4.90544779299276,0.221430429541474
"2024-12-29 05:00:00",-4.5262121547818,0.472737436528843
"2024-12-29 06:00:00",-4.09666382576201,0.386176674361272
"2024-12-29 07:00:00",-3.95462259808496,-0.0221837491603403
"2024-12-29 08:00:00",-4.1823599477745,-0.348852924105715
"2024-12-29 09:00:00",-4.30796435390137,0.0345834338451499
"2024-12-29 10:00:00",-4.69434835294532,-0.643112265090686
"2024-12-29 11:00:00",-5.61154544243034,-1.05028348282304
"2024-12-29 12:00:00",-6.28154822232289,-0.377417483930203
"2024-12-29 13:00:00",-6.29683816196655,0.234945284531909
"2024-12-29 14:00:00",-5.75029024096723,0.736421971435542
"2024-12-29 15:00:00",-4.83514282292872,0.998218282788433
"2024-12-29 16:00:00",-3.69920780446179,1.17999626507969
"2024-12-29 17:00:00",-2.64697025957862,0.921831636337123
"2024-12-29 18:00:00",-1.86872406998307,0.648953292814612
"2024-12-29 19:00:00",-1.25262974173835,0.567320345532146
"2024-12-29 20:00:00",-0.758962755794181,0.422720971930388
"2024-12-29 21:00:00",-0.385081429070133,0.324533509627585
"2024-12-29 22:00:00",-0.101285394123912,0.243648586837155
"2024-12-29 23:00:00",0.121114319131153,0.197796261580146
"2024-12-30 00:00:00",0.257166130337699,0.0882683783697105
"2024-12-30 01:00:00",0.490800193720747,0.319109357587875
"2024-12-30 02:00:00",0.731688413117103,0.17666237942525
"2024-12-30 03:00:00",0.966143317917909,0.260898606640801
"2024-12-30 04:00:00",1.2462501409326,0.278356619791281
"2024-12-30 05:00:00",1.58878786102263,0.367441311943477
"2024-12-30 06:00:00",1.96698724652098,0.365352216426001
"2024-12-30 07:00:00",2.06659176319833,-0.0848254143683408
"2024-12-30 08:00:00",1.77572784326348,-0.417061935482228
"2024-12-30 09:00:00",1.15055431211987,-0.736492599560273
"2024-12-30 10:00:00",0.346748967710436,-0.811966034756049
"2024-12-30 11:00:00",-0.386325760608821,-0.646092992733633
"2024-12-30 12:00:00",-0.986224141976687,-0.540097891388794
"2024-12-30 13:00:00",-1.21540354539745,-0.00974261453515549
"2024-12-30 14:00:00",-1.02408853357462,0.317826160078216
"2024-12-30 15:00:00",-0.417503004866321,0.771583600698696
"2024-12-30 16:00:00",0.372988370969322,0.766070696577778
"2024-12-30 17:00:00",0.986746975590241,0.482572881509429
"2024-12-30 18:00:00",1.01391447266183,-0.278993458350754
"2024-12-30 19:00:00",0.400681080094459,-0.808222316417517
"2024-12-30 20:00:00",-0.125694893375622,-0.313984856901551
"2024-12-30 21:00:00",-0.286110979594158,-0.0502537978368102
"2024-12-30 22:00:00",-0.456352132589587,-0.241772938883653
"2024-12-30 23:00:00",-0.51022339596577,0.0745423831474106
"2024-12-31 00:00:00",-0.369270443290043,0.179185394944001
"2024-12-31 01:00:00",-0.0902814830425585,0.332742009523728
"2024-12-31 02:00:00",0.0237652478040377,-0.0370507471398049
"2024-12-31 03:00:00",-0.116167480778252,-0.201900666836854
"2024-12-31 04:00:00",-0.135353939491867,0.103682374617102
"2024-12-31 05:00:00",0.418729494880213,0.828190457742115
"2024-12-31 06:00:00",1.05926412407172,0.484455492178684
"2024-12-31 07:00:00",1.31711906721792,0.0931724007650687
"2024-12-31 08:00:00",1.01405708873872,-0.554509687797523
"2024-12-31 09:00:00",0.185804424389757,-0.972693571294139
"2024-12-31 10:00:00",-0.436424459325463,-0.359261219827903
"2024-12-31 11:00:00",-1.14386078487785,-0.905369843382194
"2024-12-31 12:00:00",-1.94124066620295,-0.686022837263113
"2024-12-31 13:00:00",-2.1113282726084,0.184447325720158
"2024-12-31 14:00:00",-1.79093077053502,0.398524985391027
"2024-12-31 15:00:00",-1.74590661862326,-0.190470818344181
"2024-12-31 16:00:00",-1.73790719973943,0.142180313319996
"2024-12-31 17:00:00",-1.53653620608438,0.233501219388034
"2024-12-31 18:00:00",-1.23291217539973,0.337923736100177
"2024-12-31 19:00:00",-0.50166918103449,0.960291927272548
"2024-12-31 20:00:00",-0.14167882240045,-0.056663981294065
"2024-12-31 21:00:00",-0.272323101461151,-0.173572944666376
"2024-12-31 22:00:00",-0.403545629571532,-0.0964028699612776
"2024-12-31 23:00:00",-0.718216374242675,-0.444707241810753
"2025-01-01 00:00:00",-0.870466428383639,0.0508784224647941
"2025-01-01 01:00:00",0.0118763336887719,1.3958362665503
"2025-01-01 02:00:00",1.02531984317083,0.710345827758331
"2025-01-01 03:00:00",1.82718077868123,0.823444836707406
"2025-01-01 04:00:00",2.721908385004,0.897377271170219
"2025-01-01 05:00:00",3.57313632210394,0.776504990928979
"2025-01-01 06:00:00",4.15430467051919,0.418725047948319
"2025-01-01 07:00:00",4.3791527260666,0.0795610589826379
"2025-01-01 08:00:00",4.33653185857088,-0.12769174862966
"2025-01-01 09:00:00",4.02305575671557,-0.428022096087931
"2025-01-01 10:00:00",3.60787755025733,-0.392070848795939
"2025-01-01 11:00:00",3.18568840080103,-0.426854615314341
"2025-01-01 12:00:00",2.86246203439943,-0.242887590423492
"2025-01-01 13:00:00",2.94833197858992,0.297268886981006
"2025-01-01 14:00:00",3.49286107730431,0.679691571837579
"2025-01-01 15:00:00",4.08033912937571,0.493585946802803
"2025-01-01 16:00:00",4.53297663519478,0.398572056223043
"2025-01-01 17:00:00",4.76579390253454,0.105411442547574
"2025-01-01 18:00:00",4.80909310279116,-0.0063069924840658
"2025-01-01 19:00:00",5.03854478417439,0.369521099925176
"2025-01-01 20:00:00",5.54071669474359,0.560248755592595
"2025-01-01 21:00:00",6.08941846635666,0.507790213555577
"2025-01-01 22:00:00",6.40244219272693,0.16046011289554
"2025-01-01 23:00:00",6.31936903597057,-0.249728500487647
"2025-01-02 00:00:00",6.20083680668789,-0.0335800636181376
"2025-01-02 01:00:00",6.57655238558071,0.622730592202597
"2025-01-02 02:00:00",6.87202295808191,0.0547858269698313
"2025-01-02 03:00:00",6.647006968352,-0.409710023492594
"2025-01-02 04:00:00",6.49192415182788,0.0134699157370339
"2025-01-02 05:00:00",6.40039942212918,-0.165536245197593
"2025-01-02 06:00:00",6.07576515104939,-0.423518942996642
"2025-01-02 07:00:00",5.31091403878629,-0.963886015022676
"2025-01-02 08:00:00",4.14451357728333,-1.25282482992681
"2025-01-02 09:00:00",2.90010406928069,-1.18500645045625
"2025-01-02 10:00:00",1.77158578544479,-1.0409707409192
"2025-01-02 11:00:00",1.12378181808342,-0.357196846983905
"2025-01-02 12:00:00",0.900727803635639,-0.124475688660493
"2025-01-02 13:00:00",0.676840991903352,-0.28068148959903
"2025-01-02 14:00:00",0.362547009922068,-0.32263905765198
"2025-01-02 15:00:00",0.0457102962879807,-0.298379849221036
"2025-01-02 16:00:00",-0.0665786328733508,0.0170465819463309
"2025-01-02 17:00:00",0.0745480968149433,0.217224970806039
"2025-01-02 18:00:00",-0.0265730684499568,-0.308639183315025
"2025-01-02 19:00:00",-0.248651060460169,-0.153784261620312
"2025-01-02 20:00:00",-0.242207469590668,0.113274568228828
"2025-01-02 21:00:00",-0.285304441753002,-0.14498285497918
"2025-01-02 22:00:00",-0.434249383446651,-0.144140878215459
"2025-01-02 23:00:00",-0.471809100392595,0.0358375744858911
"2025-01-03 00:00:00",-0.583345948886436,-0.203876671871907
"2025-01-03 01:00:00",-0.462093594868891,0.332991235693237
"2025-01-03 02:00:00",-0.147195566249731,0.288467794426094
"2025-01-03 03:00:00",0.175905904844868,0.331026299765602
"2025-01-03 04:00:00",0.455158506688469,0.231240811176281
"2025-01-03 05:00:00",0.569161694757845,0.0298422208649662
"2025-01-03 06:00:00",0.638810123155227,0.0921423834942844
"2025-01-03 07:00:00",0.59560928032652,-0.132198426232545
"2025-01-03 08:00:00",0.209576643533283,-0.537676058962288
"2025-01-03 09:00:00",-0.378681318424423,-0.594295079691871
"2025-01-03 10:00:00",-1.11296399860748,-0.792225560924175
"2025-01-03 11:00:00",-1.63766808832588,-0.319991696533214
"2025-01-03 12:00:00",-2.01071161603799,-0.388573736452674
"2025-01-03 13:00:00",-2.40237872737061,-0.372526562763316
"2025-01-03 14:00:00",-2.73174399390112,-0.281844635094159
"2025-01-03 15:00:00",-2.83004868557048,0.0322446906380103
"2025-01-03 16:00:00",-2.64459649609918,0.282423014402211
"2025-01-03 17:00:00",-2.73790539703826,-0.335950814118447
"2025-01-03 18:00:00",-3.11514692320019,-0.383313874207769
"2025-01-03 19:00:00",-3.4069829483562,-0.212969798641718
"2025-01-03 20:00:00",-3.52953478112315,-0.0520604004691367
"2025-01-03 21:00:00",-3.5884885998394,-0.0561997624407375
"2025-01-03 22:00:00",-3.55999504809845,0.0882249219216337
"2025-01-03 23:00:00",-3.5154878532812,0.0178349771027526
"2025-01-04 00:00:00",-3.47003125332005,0.066240677737423
"2025-01-04 01:00:00",-3.14759979387613,0.482372157185333
"2025-01-04 02:00:00",-2.92556841570387,0.0419789888246906
"2025-01-04 03:00:00",-2.89383476999746,0.0271654447415159
"2025-01-04 04:00:00",-3.00217507237578,-0.189798695067926
"2025-01-04 05:00:00",-3.16835927105136,-0.138675911267981
"2025-01-04 06:00:00",-3.4533537069231,-0.364912983031725
"2025-01-04 07:00:00",-3.99571395714311,-0.630433840842088
"2025-01-04 08:00:00",-4.53406859190694,-0.446238409623186
"2025-01-04 09:00:00",-4.5116493319011,0.339629655190852
"2025-01-04 10:00:00",-4.44660291616628,-0.115283253870247
"2025-01-04 11:00:00",-4.60068121321998,-0.166889647014971
"2025-01-04 12:00:00",-4.6318402789496,0.0667355348480312
"2025-01-04 13:00:00",-4.56412354753822,0.0711215650622385
"2025-01-04 14:00:00",-4.23970316230849,0.483748471307396
"2025-01-04 15:00:00",-4.08997858249487,-0.0746058016188126
"2025-01-04 16:00:00",-4.25905454109456,-0.218750288760837
"2025-01-04 17:00:00",-4.3357937282596,0.027068075579472
"2025-01-04 18:00:00",-4.26302998401066,0.105356406774906
"2025-01-04 19:00:00",-4.10815932727948,0.186013566316142
"2025-01-04 20:00:00",-4.06258544925458,-0.0449228827390897
"2025-01-04 21:00:00",-4.11668833759908,-0.0524168241857811
"2025-01-04 22:00:00",-3.85202428012956,0.468775818040832
"2025-01-04 23:00:00",-3.68352661872824,-0.0347275899879033
"2025-01-05 00:00:00",-3.83100713167088,-0.210893101568417
"2025-01-05 01:00:00",-3.74713394683825,0.281331738636676
"2025-01-05 02:00:00",-3.89261692460432,-0.418279512211223
"2025-01-05 03:00:00",-4.12499286841976,-0.0923839626433131
"2025-01-05 04:00:00",-4.1608367119821,0.00886765600839505
"2025-01-05 05:00:00",-3.96249199795995,0.320597039362915
"2025-01-05 06:00:00",-3.7862638067676,0.0767157195366072
"2025-01-05 07:00:00",-3.8760332037257,-0.19161285063205
"2025-01-05 08:00:00",-4.06266671004986,-0.169450655814802
"2025-01-05 09:00:00",-4.20272862261613,-0.108578961688537
"2025-01-05 10:00:00",-4.42890098648694,-0.288403456460904
"2025-01-05 11:00:00",-4.56969774606521,-0.0299963250011744
"2025-01-05 12:00:00",-4.83337509323696,-0.401043790180581
"2025-01-05 13:00:00",-5.06775295113909,-0.105903364045881
"2025-01-05 14:00:00",-4.83352056283286,0.45638543384318
"2025-01-05 15:00:00",-4.4317486561254,0.352500015103612
"2025-01-05 16:00:00",-4.08694765570664,0.328994420871108
"2025-01-05 17:00:00",-3.75495990757522,0.323473844450564
"2025-01-05 18:00:00",-3.49825094145404,0.204839779840778
"2025-01-05 19:00:00",-3.22410666253302,0.31182716800808
"2025-01-05 20:00:00",-2.7458313479252,0.570666103484065
"2025-01-05 21:00:00",-1.95569513607575,0.90243864461596
"2025-01-05 22:00:00",-1.11130665029016,0.768084336472157
"2025-01-05 23:00:00",-0.224038337072702,0.925992559055814
"2025-01-06 00:00:00",1.01226974892601,1.3847217348236
"2025-01-06 01:00:00",2.26422190625141,1.10264423425583
"2025-01-06 02:00:00",3.53392878939102,1.31782677754369
"2025-01-06 03:00:00",4.80750989259041,1.17901092511434
"2025-01-06 04:00:00",5.77782733689153,0.778887012233333
"2025-01-06 05:00:00",6.33040375712357,0.36800188409949
"2025-01-06 06:00:00",6.699102189268,0.343485146421636
"2025-01-06 07:00:00",7.07857765920458,0.376803748869032
"2025-01-06 08:00:00",6.71175494635164,-0.854255548810804
"2025-01-06 09:00:00",6.13218065380257,-0.377564292044505
"2025-01-06 10:00:00",5.87526219803013,-0.172182559787894
"2025-01-06 11:00:00",5.76303482372547,-0.0744957911621888
"2025-01-06 12:00:00",5.54723535201854,-0.307171901802325
"2025-01-06 13:00:00",6.36407892668797,1.52021052899216
"2025-01-06 14:00:00",7.71551321786359,1.16649868875196
"2025-01-06 15:00:00",8.84358644958384,1.03890920192864
"2025-01-06 16:00:00",9.30321042702374,0.0402035154318765
"2025-01-06 17:00:00",9.83070656343342,0.815298036381009
"2025-01-06 18:00:00",11.1086456548892,1.51296659598088
"2025-01-06 19:00:00",12.1791796169514,0.710398222383814
"2025-01-06 20:00:00",12.8318323781077,0.56744876045899
"2025-01-06 21:00:00",12.0258025507783,-1.6998997591773
"2025-01-06 22:00:00",10.4058655051022,-1.50514750112505
"2025-01-06 23:00:00",9.15902709921709,-1.02879524783648
"2025-01-07 00:00:00",8.252807359604,-0.793243418909863
"2025-01-07 01:00:00",8.05093528660377,0.191327123568303
"2025-01-07 02:00:00",7.89926796172027,-0.383493690107806
"2025-01-07 03:00:00",7.65552046668027,-0.149181178455744
"2025-01-07 04:00:00",7.6276275806621,0.0444251899174051
"2025-01-07 05:00:00",7.61135807368336,-0.0657877651779608
"2025-01-07 06:00:00",7.56088220632433,-0.0476774902084727
"2025-01-07 07:00:00",7.3087087195584,-0.386261643626988
"2025-01-07 08:00:00",6.59176997392039,-0.912735920929172
"2025-01-07 09:00:00",5.71496261526601,-0.819684192841983
"2025-01-07 10:00:00",4.93592983259801,-0.722277439692081
"2025-01-07 11:00:00",4.2808190441235,-0.585563752317035
"2025-01-07 12:00:00",3.57441686602461,-0.758908233669877
"2025-01-07 13:00:00",2.46084333042989,-1.30170275122617
"2025-01-07 14:00:00",2.02982484831119,0.166738570761558
"2025-01-07 15:00:00",2.05334662802825,-0.0756878297270368
"2025-01-07 16:00:00",1.95233866938711,-0.115733859391305
"2025-01-07 17:00:00",1.2651276839062,-1.03804924439881
"2025-01-07 18:00:00",0.746529728169225,-0.149289749222885
"2025-01-07 19:00:00",0.950445974938631,0.428730984926636
"2025-01-07 20:00:00",0.792629798311744,-0.542566422435271
"2025-01-07 21:00:00",0.396180905217431,-0.28122123686972
"2025-01-07 22:00:00",0.584271760175061,0.491511818486096
"2025-01-07 23:00:00",0.767374613525205,-0.0319534664730666
"2025-01-08 00:00:00",0.424040399366666,-0.535591683313205
"2025-01-08 01:00:00",-0.185389135883836,-0.63024065427532
"2025-01-08 02:00:00",-0.316923707331683,0.207419858146242
"2025-01-08 03:00:00",-0.368210633423253,-0.220909690754234
"2025-01-08 04:00:00",-0.302430210356284,0.254252564781067
"2025-01-08 05:00:00",0.0484603292280772,0.399030384014046
"2025-01-08 06:00:00",0.45889053658761,0.398464135660507
"2025-01-08 07:00:00",0.658465241600351,0.0569090073975508
"2025-01-08 08:00:00",0.359204398890333,-0.523331206684706
"2025-01-08 09:00:00",0.174631551230417,0.0495701531887037
"2025-01-08 10:00:00",-0.00488569105123232,-0.323934075446396
"2025-01-08 11:00:00",-0.262427877654792,-0.201037141002525
"2025-01-08 12:00:00",-0.34479523755292,0.000996697089170231
"2025-01-08 13:00:00",-0.0794017421367449,0.429488020256105
"2025-01-08 14:00:00",0.0530208508981657,-0.0718079958802905
"2025-01-08 15:00:00",-0.211724977255358,-0.380856645418322
"2025-01-08 16:00:00",-0.533300429982135,-0.266501439211882
"2025-01-08 17:00:00",-0.661568393818764,-0.0293314521677795
"2025-01-08 18:00:00",-0.80732706134697,-0.215596646203193
"2025-01-08 19:00:00",-0.968209696751738,-0.115721887468354
"2025-01-08 20:00:00",-1.19641531294175,-0.291101685575361
"2025-01-08 21:00:00",-1.43258049589894,-0.186777353951341
"2025-01-08 22:00:00",-1.26364185847308,0.399896783005571
"2025-01-08 23:00:00",-0.792709830454317,0.49753799333048
"2025-01-09 00:00:00",-0.470554183890459,0.190948912426371
"2025-01-09 01:00:00",-0.315493963649739,0.124372822119772
"2025-01-09 02:00:00",-0.436002321198798,-0.27762669279526
"2025-01-09 03:00:00",-0.563112066105953,-0.0201648057805435
"2025-01-09 04:00:00",-0.397828380377551,0.281785371978775
"2025-01-09 05:00:00",-0.10188824993722,0.291826231647294
"2025-01-09 06:00:00",0.18546450272267,0.270846958416805
"2025-01-09 07:00:00",0.218326068974977,-0.127593228161785
"2025-01-09 08:00:00",-0.141999822701001,-0.498637256205183
"2025-01-09 09:00:00",-0.782720440304745,-0.704811644476669
"2025-01-09 10:00:00",-1.90787794188396,-1.35090796275547
"2025-01-09 11:00:00",-3.11418983228955,-1.05013449009127
"2025-01-09 12:00:00",-3.85683892052165,-0.49835914800922
"2025-01-09 13:00:00",-3.87733558216582,0.304016836065452
"2025-01-09 14:00:00",-3.71063805216252,0.0722278323197859
"2025-01-09 15:00:00",-3.5722244690398,0.180740858378632
"2025-01-09 16:00:00",-3.01342228964257,0.788888030478727
"2025-01-09 17:00:00",-2.27948828008573,0.666305625597485
"2025-01-09 18:00:00",-1.67480171549502,0.537810907052771
"2025-01-09 19:00:00",-1.28916444934861,0.268022794941309
"2025-01-09 20:00:00",-1.0891227412691,0.146877108206438
"2025-01-09 21:00:00",-0.937246301290619,0.149395639482737
"2025-01-09 22:00:00",-0.86580797446843,0.0172806920396949
"2025-01-09 23:00:00",-0.752467453996072,0.17310913085955
"2025-01-10 00:00:00",-0.592065466643969,0.14527812855014
"2025-01-10 01:00:00",-0.425796009086987,0.17312535547934
"2025-01-10 02:00:00",-0.220870415335604,0.216936140484218
"2025-01-10 03:00:00",-0.10029492851205,0.050891080405132
"2025-01-10 04:00:00",0.0330403649535614,0.182090404895652
"2025-01-10 05:00:00",0.277211056908287,0.273911440118263
"2025-01-10 06:00:00",0.352701753051824,-0.0607320452423201
"2025-01-10 07:00:00",0.283686946831836,-0.0717115042077016
"2025-01-10 08:00:00",-0.0173237999801521,-0.439936044075784
"2025-01-10 09:00:00",-0.763186813955719,-0.914345623961673
"2025-01-10 10:00:00",-1.92671179076929,-1.27336833800307
"2025-01-10 11:00:00",-3.06095363533859,-0.985111221575456
"2025-01-10 12:00:00",-3.77160628334106,-0.489969271177531
"2025-01-10 13:00:00",-3.85589551008418,0.195025008053365
"2025-01-10 14:00:00",-3.74538758026687,0.053881588180411
"2025-01-10 15:00:00",-3.45058692277222,0.446228206721169
"2025-01-10 16:00:00",-2.92600603146118,0.556333795570017
"2025-01-10 17:00:00",-2.10692353911737,0.959093493146557
"2025-01-10 18:00:00",-1.48669863924285,0.367558608547914
"2025-01-10 19:00:00",-1.51697344017612,-0.292138196429848
"2025-01-10 20:00:00",-1.9951473469921,-0.57751833437826
"2025-01-10 21:00:00",-2.07064280270226,0.265339237511861
"2025-01-10 22:00:00",-1.77355575147014,0.306802738051753
"2025-01-10 23:00:00",-1.51498722948411,0.216411307970906
"2025-01-11 00:00:00",-1.56622204825396,-0.225275700989573
"2025-01-11 01:00:00",-1.81864213171201,-0.256502965389745
"2025-01-11 02:00:00",-1.76179338935846,0.265388426884947
"2025-01-11 03:00:00",-1.31703285190613,0.545475426757331
"2025-01-11 04:00:00",-1.03775720531643,0.0902382510910781
"2025-01-11 05:00:00",-1.00902121056095,-0.0122930826991978
"2025-01-11 06:00:00",-0.980040581655875,0.056419050819702
"2025-01-11 07:00:00",-1.12737716760347,-0.274907164177368
"2025-01-11 08:00:00",-1.49942056538492,-0.417667795339418
"2025-01-11 09:00:00",-2.03553683449995,-0.587672535633521
"2025-01-11 10:00:00",-2.53563857225277,-0.415334696037022
"2025-01-11 11:00:00",-3.20740728749856,-0.807532406732102
"2025-01-11 12:00:00",-4.03007956193395,-0.789539440126294
"2025-01-11 13:00:00",-4.59947830042888,-0.390390147475864
"2025-01-11 14:00:00",-4.48351711359173,0.453939501296388
"2025-01-11 15:00:00",-3.89001471284024,0.664117348380388
"2025-01-11 16:00:00",-3.19004799725219,0.695616577190912
"2025-01-11 17:00:00",-2.50038258027542,0.657036268566864
"2025-01-11 18:00:00",-1.76188573576135,0.760932063529776
"2025-01-11 19:00:00",-1.22508332447669,0.364147022613452
"2025-01-11 20:00:00",-1.03801743830518,0.0617031779202351
"2025-01-11 21:00:00",-0.991442419230761,0.0356141201756144
"2025-01-11 22:00:00",-0.907828951516719,0.112916801757936
"2025-01-11 23:00:00",-0.8453688658898,0.0270246050151735
"2025-01-12 00:00:00",-0.856906820959663,-0.0356082788715829
"2025-01-12 01:00:00",-0.545953203129552,0.528318865647805
"2025-01-12 02:00:00",-0.462246523494071,-0.215970606683619
"2025-01-12 03:00:00",-0.725071172962369,-0.28097524251173
"2025-01-12 04:00:00",-1.09384463189596,-0.408846412122169
"2025-01-12 05:00:00",-1.7844837659538,-0.844269520700865
"2025-01-12 06:00:00",-2.74270734377022,-0.986358018037342
"2025-01-12 07:00:00",-3.58256921609687,-0.698755489643277
"2025-01-12 08:00:00",-4.30349485725945,-0.696831086059915
"2025-01-12 09:00:00",-4.51424652847521,0.128856040839989
"2025-01-12 10:00:00",-4.38994424546051,0.121176769636126
"2025-01-12 11:00:00",-4.46018811196946,-0.188860659507837
"2025-01-12 12:00:00",-4.57370630530421,-0.0521490413663204
"2025-01-12 13:00:00",-4.10798688229992,0.794722198078491
"2025-01-12 14:00:00",-3.70090065713677,0.134615671528915
"2025-01-12 15:00:00",-3.50197975426003,0.237106703188658
"2025-01-12 16:00:00",-3.78356920097302,-0.609487447028446
"2025-01-12 17:00:00",-4.17992991186982,-0.23056832583141
"2025-01-12 18:00:00",-5.05195307779423,-1.25282827465363
"2025-01-12 19:00:00",-5.35408517560445,0.352521683481254
"2025-01-12 20:00:00",-5.4384857369574,-0.364767220945457
"2025-01-12 21:00:00",-5.63827006605487,-0.0732959625327384
"2025-01-12 22:00:00",-5.57630728766844,0.156454766341581
"2025-01-12 23:00:00",-5.42633089452658,0.145716374204655
"2025-01-13 00:00:00",-5.47963042569251,-0.176449451955471
"2025-01-13 01:00:00",-4.37215125949581,1.91785143358488
"2025-01-13 02:00:00",-3.76058828525489,-0.282708416442641
"2025-01-13 03:00:00",-4.62539385651245,-1.20692289623027
"2025-01-13 04:00:00",-6.22786999797406,-1.78406494702608
"2025-01-13 05:00:00",-7.2105493752063,-0.393709866662446
"2025-01-13 06:00:00",-7.88184861856912,-0.815164507304638
"2025-01-13 07:00:00",-8.54111171515009,-0.513846305918275
"2025-01-13 08:00:00",-8.77326485922188,-0.0223230709748142
"2025-01-13 09:00:00",-8.34897502074802,0.713169953672583
"2025-01-13 10:00:00",-7.60020244419472,0.747684518420334
"2025-01-13 11:00:00",-6.45692295816393,1.36247068612881
"2025-01-13 12:00:00",-5.79536210518536,0.171178948968648
"2025-01-13 13:00:00",-6.05417598351195,-0.525704368099817
"2025-01-13 14:00:00",-6.41060398607291,-0.218840386155934
"2025-01-13 15:00:00",-6.95854548139611,-0.733040020563086
"2025-01-13 16:00:00",-7.69389266275743,-0.69297528573178
"2025-01-13 17:00:00",-7.73165116442809,0.410753877373482
"2025-01-13 18:00:00",-7.38010081800251,0.305339518767543
"2025-01-13 19:00:00",-7.23376595531528,0.0428897783612491
"2025-01-13 20:00:00",-7.30385632989568,-0.132757153978825
"2025-01-13 21:00:00",-7.25249335436147,0.181078634735698
"2025-01-13 22:00:00",-7.06252280059308,0.196216652303889
"2025-01-13 23:00:00",-6.92578410979333,0.0996903884361093
"2025-01-14 00:00:00",-7.03527661040522,-0.23481785322606
"2025-01-14 01:00:00",-6.39056817801139,1.20947887054988
"2025-01-14 02:00:00",-6.13341570263713,-0.38170591393302
"2025-01-14 03:00:00",-6.64794852313961,-0.570728832429891
"2025-01-14 04:00:00",-6.56532875784144,0.522818610911591
"2025-01-14 05:00:00",-6.12906633477072,0.366288417772154
"2025-01-14 06:00:00",-5.58847338343437,0.639003267299029
"2025-01-14 07:00:00",-5.52247611346304,-0.311935133779097
"2025-01-14 08:00:00",-5.78845725677662,-0.21559017609008
"2025-01-14 09:00:00",-5.52776437589608,0.573280572124478
"2025-01-14 10:00:00",-4.94832272169028,0.563137330952396
"2025-01-14 11:00:00",-4.5639900171744,0.253244780033411
"2025-01-14 12:00:00",-4.42396178627427,0.0637788939781624
"2025-01-14 13:00:00",-4.16988359773044,0.374569305255971
"2025-01-14 14:00:00",-3.37589477464272,1.04124056193565
"2025-01-14 15:00:00",-2.32552965837818,1.0108855377429
"2025-01-14 16:00:00",-1.45224796757619,0.743046226896153
"2025-01-14 17:00:00",-0.967820055591924,0.290870275008611
"2025-01-14 18:00:00",-0.704211078207948,0.23415568584493
"2025-01-14 19:00:00",-0.387162264113491,0.358151452562523
"2025-01-14 20:00:00",0.00679631307824219,0.399607827179333
"2025-01-14 21:00:00",0.563393786779015,0.63479755632213
"2025-01-14 22:00:00",1.08498011994724,0.420602026621983
"2025-01-14 23:00:00",1.37140985229715,0.181973991340032
"2025-01-15 00:00:00",1.50744005483436,0.0971702673991482
"2025-01-15 01:00:00",1.45476570041582,-0.152008508903168
"2025-01-15 02:00:00",1.6353609747711,0.391871004112734
"2025-01-15 03:00:00",2.07863644195795,0.454373045411371
"2025-01-15 04:00:00",2.47624537556867,0.33819418952
"2025-01-15 05:00:00",2.78764624433034,0.275550508842702
"2025-01-15 06:00:00",2.98233141312089,0.12793239083316
"2025-01-15 07:00:00",2.89247614159654,-0.23461774570791
"2025-01-15 08:00:00",2.49890555114878,-0.484562372317521
"2025-01-15 09:00:00",1.89251132278668,-0.66201870709479
"2025-01-15 10:00:00",1.25549021237446,-0.592524175911427
"2025-01-15 11:00:00",0.629927926814313,-0.619478821037202
"2025-01-15 12:00:00",0.167793411522445,-0.336091472560875
"2025-01-15 13:00:00",0.155399714519774,0.203773893452077
"2025-01-15 14:00:00",0.362993506547553,0.200075377055712
"2025-01-15 15:00:00",0.424816908884596,-0.0337485824045466
"2025-01-15 16:00:00",0.408875946496629,-0.00385932939943936
"2025-01-15 17:00:00",0.588400849748509,0.292721207177256
"2025-01-15 18:00:00",0.823064050322397,0.184049262129822
"2025-01-15 19:00:00",0.985694855280971,0.139563366903788
"2025-01-15 20:00:00",1.0404383162233,-0.00567372298264084
"2025-01-15 21:00:00",1.12996492787601,0.147397476832724
"2025-01-15 22:00:00",1.24238127185815,0.0822979628159032
"2025-01-15 23:00:00",1.2603294345826,-0.0274047908041622
"2025-01-16 00:00:00",1.39257371745173,0.230766980488411
"2025-01-16 01:00:00",2.04203997893704,0.895937711513341
"2025-01-16 02:00:00",2.44789628538286,0.0572235000772478
"2025-01-16 03:00:00",2.35704506971861,-0.188403180615222
"2025-01-16 04:00:00",2.3317641132696,0.0816294108043904
"2025-01-16 05:00:00",2.34511992944645,-0.0357985047717215
"2025-01-16 06:00:00",2.27999843347484,-0.0845972058978296
"2025-01-16 07:00:00",2.11319823023632,-0.216613032353954
"2025-01-16 08:00:00",1.79234233395409,-0.377826155793268
"2025-01-16 09:00:00",1.17095477650468,-0.756540746612446
"2025-01-16 10:00:00",0.252415996388682,-0.98439615761962
"2025-01-16 11:00:00",-0.703138447498722,-0.891244889061476
"2025-01-16 12:00:00",-1.30229253585077,-0.375052702489311
"2025-01-16 13:00:00",-1.70332208920592,-0.397612365979807
"2025-01-16 14:00:00",-1.69921722294163,0.273911658450186
"2025-01-16 15:00:00",-1.33580350533626,0.408001165677847
"2025-01-16 16:00:00",-0.898007656680303,0.438576168002472
"2025-01-16 17:00:00",-0.395973360235482,0.521639821685779
"2025-01-16 18:00:00",0.0226259826485249,0.33052552982282
"2025-01-16 19:00:00",0.261950582899099,0.167123301781817
"2025-01-16 20:00:00",0.200100061370406,-0.211895607062653
"2025-01-16 21:00:00",-0.145228334418302,-0.41813014867031
"2025-01-16 22:00:00",-0.581880715693064,-0.42806374643987
"2025-01-16 23:00:00",-0.986005691183039,-0.36821249669824
"2025-01-17 00:00:00",-1.29127823066141,-0.247536360059825
"2025-01-17 01:00:00",-0.847676942824701,0.884936215598422
"2025-01-17 02:00:00",-0.614293157201916,-0.210975090348254
"2025-01-17 03:00:00",-0.840314673462664,-0.224520324579658
"2025-01-17 04:00:00",-1.08639975669033,-0.247684715070439
"2025-01-17 05:00:00",-1.27534907753253,-0.139414373242647
"2025-01-17 06:00:00",-1.23065318809943,0.166953478297358
"2025-01-17 07:00:00",-1.37690197276623,-0.346511299807434
"2025-01-17 08:00:00",-1.73360552615365,-0.344773680735687
"2025-01-17 09:00:00",-2.34124691886422,-0.751774925616643
"2025-01-17 10:00:00",-2.99199353590424,-0.549455568723338
"2025-01-17 11:00:00",-3.39727574826432,-0.286054046728523
"2025-01-17 12:00:00",-3.6283198585423,-0.179014657117276
"2025-01-17 13:00:00",-4.03368740955136,-0.532328685815136
"2025-01-17 14:00:00",-4.06650923369889,0.306934583080174
"2025-01-17 15:00:00",-3.82265458350853,0.195454342596559
"2025-01-17 16:00:00",-3.82632763690058,-0.131322008642487
"2025-01-17 17:00:00",-3.60914865773667,0.444119425815846
"2025-01-17 18:00:00",-3.39441135361276,0.0562650302087804
"2025-01-17 19:00:00",-3.55689877048706,-0.296224594165787
"2025-01-17 20:00:00",-4.31591823576662,-1.02689264060027
"2025-01-17 21:00:00",-4.73451468838154,0.0123803895063525
"2025-01-17 22:00:00",-4.68890563829937,0.071694678133349
"2025-01-17 23:00:00",-4.94365675645426,-0.454230256010133
"2025-01-18 00:00:00",-5.2925054080873,-0.255647998471327
"2025-01-18 01:00:00",-4.5528649654743,1.37482751053081
"2025-01-18 02:00:00",-3.7074563530596,0.458162176908905
"2025-01-18 03:00:00",-3.16559837948589,0.576682897298902
"2025-01-18 04:00:00",-3.07962218851667,-0.241162438259183
"2025-01-18 05:00:00",-3.00193616268532,0.290524871720759
"2025-01-18 06:00:00",-2.74671342247471,0.223428645158136
"2025-01-18 07:00:00",-2.66899764434468,-0.0195780913772574
"2025-01-18 08:00:00",-2.99908412173202,-0.517963811529738
"2025-01-18 09:00:00",-3.69537442565819,-0.778220747373954
"2025-01-18 10:00:00",-4.42691408959541,-0.660895329889998
"2025-01-18 11:00:00",-5.05534281259573,-0.571217653213335
"2025-01-18 12:00:00",-5.19655250851947,0.158681914592014
"2025-01-18 13:00:00",-5.46832898828617,-0.539132991284742
"2025-01-18 14:00:00",-5.47376103585534,0.357667157182237
"2025-01-18 15:00:00",-5.74083648323821,-0.663818755758021
"2025-01-18 16:00:00",-6.14225457710898,-0.200014530774821
"2025-01-18 17:00:00",-6.12572239926741,0.168023493037109
"2025-01-18 18:00:00",-5.98021282070151,0.131479613638044
"2025-01-18 19:00:00",-6.13552336804515,-0.331414421250112
"2025-01-18 20:00:00",-5.97489277164643,0.488928207056192
"2025-01-18 21:00:00",-5.66626750331962,0.181458888276997
"2025-01-18 22:00:00",-5.56818596217194,0.045138338871908
"2025-01-18 23:00:00",-5.53511212820174,0.0306344595736342
"2025-01-19 00:00:00",-5.50695930285437,0.0322931477358314
"2025-01-19 01:00:00",-5.45651070206764,0.0672509901795756
"2025-01-19 02:00:00",-5.39820306506011,0.0566059968891762
"2025-01-19 03:00:00",-5.49162378096986,-0.182041439757626
"2025-01-19 04:00:00",-5.28685056480543,0.459991083539662
"2025-01-19 05:00:00",-4.86211824680789,0.387856477672405
"2025-01-19 06:00:00",-4.56302447638562,0.23197219361568
"2025-01-19 07:00:00",-4.38573769865189,0.138285790067336
"2025-01-19 08:00:00",-4.07311641655582,0.41963885818415
"2025-01-19 09:00:00",-3.26734465108324,1.03014819426806
"2025-01-19 10:00:00",-2.15933247105765,1.11147888554905
"2025-01-19 11:00:00",-0.764854258019338,1.51965903900553
"2025-01-19 12:00:00",0.709003424802325,1.37427277983789
"2025-01-19 13:00:00",0.946284278412666,-0.532889998255221
"2025-01-19 14:00:00",1.17804423492839,0.729285510702817
"2025-01-19 15:00:00",1.06440303713016,-0.671700699977626
"2025-01-19 16:00:00",0.360890624834878,-0.6926609893566
"2025-01-19 17:00:00",-0.0319477803842474,-0.174757676116603
"2025-01-19 18:00:00",-0.152524151204171,-0.0786852320309166
"2025-01-19 19:00:00",-0.173077110196182,0.0193744396983665
"2025-01-19 20:00:00",-0.0979019408875215,0.109025777325651
"2025-01-19 21:00:00",0.0589597465669522,0.181423944376476
"2025-01-19 22:00:00",0.16088717482763,0.0440111459139834
"2025-01-19 23:00:00",0.196692036467588,0.0284253554475479
"2025-01-20 00:00:00",0.193680592292113,-0.0240793107952972
"2025-01-20 01:00:00",0.519889845215967,0.543980183065582
"2025-01-20 02:00:00",0.887070737021736,0.23119856303877
"2025-01-20 03:00:00",1.05065851038608,0.109598014466652
"2025-01-20 04:00:00",1.23568956845761,0.225172472475312
"2025-01-20 05:00:00",1.40880464180367,0.128592106255826
"2025-01-20 06:00:00",1.27588783795985,-0.302752387541016
"2025-01-20 07:00:00",0.616074590243403,-0.868139997893202
"2025-01-20 08:00:00",-0.0101904446586434,-0.436051945495275
"2025-01-20 09:00:00",-0.0332363305008004,0.25339508823896
"2025-01-20 10:00:00",0.253077952197689,0.294697398730462
"2025-01-20 11:00:00",0.572248529103991,0.319992857312655
"2025-01-20 12:00:00",1.01185108732475,0.497713982425585
"2025-01-20 13:00:00",1.27642155483428,0.0952680004669843
"2025-01-20 14:00:00",1.25309996453048,-0.102916544830881
"2025-01-20 15:00:00",0.754596987386894,-0.740149003774895
"2025-01-20 16:00:00",0.0830921447907698,-0.594805734237571
"2025-01-20 17:00:00",-0.593080619493237,-0.698392310720577
"2025-01-20 18:00:00",-1.57344567313211,-1.12099314509495
"2025-01-20 19:00:00",-2.54599585712626,-0.825347388547754
"2025-01-20 20:00:00",-2.89066920923982,-0.00456999809157443
"2025-01-20 21:00:00",-3.02261313522194,-0.206863647632876
"2025-01-20 22:00:00",-3.31478152324207,-0.331258673122137
"2025-01-20 23:00:00",-3.76742898824261,-0.507791028132213
"2025-01-21 00:00:00",-4.23945768548929,-0.420902353609772
"2025-01-21 01:00:00",-3.64483213504958,1.24883942724997
"2025-01-21 02:00:00",-3.05875738793003,0.12108591832656
"2025-01-21 03:00:00",-2.95148371875953,0.0969095844283696
"2025-01-21 04:00:00",-2.84247758014764,0.115693739126553
"2025-01-21 05:00:00",-2.69555511108863,0.164422413230556
"2025-01-21 06:00:00",-2.58287754464481,0.0763007003203454
"2025-01-21 07:00:00",-2.69173926047607,-0.223799915627408
"2025-01-21 08:00:00",-3.10026997794596,-0.508800822185292
"2025-01-21 09:00:00",-3.62987998372641,-0.514320838792281
"2025-01-21 10:00:00",-4.09662388616768,-0.408169663454597
"2025-01-21 11:00:00",-4.36440430159239,-0.156185521169519
"2025-01-21 12:00:00",-4.33235328848674,0.161640822695246
"2025-01-21 13:00:00",-5.30768267797187,-1.6813670359217
"2025-01-21 14:00:00",-5.72415303272731,0.453409699773548
"2025-01-21 15:00:00",-5.71510492813213,-0.280241790735604
"2025-01-21 16:00:00",-6.05919712835385,-0.36294292053911
"2025-01-21 17:00:00",-6.0859925200608,0.206380326088998
"2025-01-21 18:00:00",-5.8111495779657,0.315265937799145
"2025-01-21 19:00:00",-5.42809335628776,0.417534616634695
"2025-01-21 20:00:00",-5.21470584821878,0.0741463174100506
"2025-01-21 21:00:00",-5.13839403730303,0.0808488078921035
"2025-01-21 22:00:00",-5.25226080029715,-0.231642760862612
"2025-01-21 23:00:00",-5.48774132449831,-0.220081066273055
"2025-01-22 00:00:00",-5.71510601153841,-0.214344648737328
"2025-01-22 01:00:00",-5.11635122191721,1.11972393328628
"2025-01-22 02:00:00",-4.49399981319687,0.267794501853005
"2025-01-22 03:00:00",-4.17999919815455,0.335674010791513
"2025-01-22 04:00:00",-3.8198598099046,0.36472210060289
"2025-01-22 05:00:00",-3.51861148922771,0.249540311127758
"2025-01-22 06:00:00",-3.36820590903128,0.0817037681340583
"2025-01-22 07:00:00",-3.47925010028011,-0.229923653808637
"2025-01-22 08:00:00",-3.49401298823973,0.133860066450332
"2025-01-22 09:00:00",-3.10299995335527,0.548367129973208
"2025-01-22 10:00:00",-2.17009844201036,1.1489210625564
"2025-01-22 11:00:00",-1.02347454659466,1.09340202545956
"2025-01-22 12:00:00",-0.331798465059471,0.392314156520857
"2025-01-22 13:00:00",-0.857834338558904,-1.11283443308585
"2025-01-22 14:00:00",-1.35743846524311,-0.0659445671646911
"2025-01-22 15:00:00",-1.4415908298812,-0.0905426354449483
"2025-01-22 16:00:00",-1.38907608134979,0.147246885649645
"2025-01-22 17:00:00",-0.923402944424703,0.657615183875488
"2025-01-22 18:00:00",-0.650906487800661,0.0039960166787909
"2025-01-22 19:00:00",-0.784475976896138,-0.218092383885045
"2025-01-22 20:00:00",-1.15042069661751,-0.44611094659079
"2025-01-22 21:00:00",-1.43011028161061,-0.153970790357076
"2025-01-22 22:00:00",-1.55811884578692,-0.102774987503311
"2025-01-22 23:00:00",-1.65971208979195,-0.0939699975121477
"2025-01-23 00:00:00",-1.72109151468552,-0.0345973353018845
"2025-01-23 01:00:00",-1.09606986144143,1.03727737314111
"2025-01-23 02:00:00",-0.211627463556309,0.741938393976254
"2025-01-23 03:00:00",0.108021691006574,0.0232109355377397
"2025-01-23 04:00:00",0.312003277447248,0.31466104561707
"2025-01-23 05:00:00",0.619771888086675,0.2881467190708
"2025-01-23 06:00:00",1.08682655429763,0.563331841145771
"2025-01-23 07:00:00",1.38071591860992,0.0988981703535889
"2025-01-23 08:00:00",1.29520583089589,-0.206162647597837
"2025-01-23 09:00:00",0.514761152354267,-1.12787565872567
"2025-01-23 10:00:00",0.0424333685052052,-0.0135218639381415
"2025-01-23 11:00:00",-0.126008136584626,-0.263769966755949
"2025-01-23 12:00:00",-0.714443757339071,-0.776751273927698
"2025-01-23 13:00:00",-0.925955441264399,0.176279865506997
"2025-01-23 14:00:00",-0.482260228881977,0.602078166416186
"2025-01-23 15:00:00",-9.45112025743655e-06,0.380072394325273
"2025-01-23 16:00:00",0.588590784267742,0.699646552562193
"2025-01-23 17:00:00",0.799110140503667,-0.126322127105897
"2025-01-23 18:00:00",0.883791132395022,0.220293642971389
"2025-01-23 19:00:00",0.796742687310623,-0.288942068850163
"2025-01-23 20:00:00",0.400067368327143,-0.450673194167381
"2025-01-23 21:00:00",-0.245476844260827,-0.745295706991423
"2025-01-23 22:00:00",-0.466830916568627,0.138769367735532
"2025-01-23 23:00:00",-0.445872291397183,-0.0579749258296223
"2025-01-24 00:00:00",-0.454089426969871,0.0259191857436202
"2025-01-24 01:00:00",0.737371401506916,1.91244313536767
"2025-01-24 02:00:00",1.56124054304613,0.0580655121741277
"2025-01-24 03:00:00",1.47294363839107,-0.183686194789007
"2025-01-24 04:00:00",1.83947108089652,0.714015153908863
"2025-01-24 05:00:00",2.74474891422193,0.987395574865535
"2025-01-24 06:00:00",3.22394059749143,0.114087065876705
"2025-01-24 07:00:00",3.2221969799521,-0.0830342675563209
"2025-01-24 08:00:00",2.97595142846941,-0.347501912795234
"2025-01-24 09:00:00",2.69108914834016,-0.233401556797278
"2025-01-24 10:00:00",2.50008152475805,-0.157136645633766
"2025-01-24 11:00:00",2.69487737500019,0.416935378847608
"2025-01-24 12:00:00",3.14878771209593,0.453517757705199
"2025-01-24 13:00:00",3.45280372226386,0.18584570436861
"2025-01-24 14:00:00",3.7337919545523,0.32661386360117
"2025-01-24 15:00:00",4.37827625086773,0.820957507013018
"2025-01-24 16:00:00",5.08864645380465,0.597248417110495
"2025-01-24 17:00:00",5.81886006225888,0.777599081367199
"2025-01-24 18:00:00",6.49502951225431,0.568921543833504
"2025-01-24 19:00:00",6.82282651094573,0.143103850834738
"2025-01-24 20:00:00",6.91595648803178,0.0465972834468422
"2025-01-24 21:00:00",6.89205968682736,-0.0786683737082571
"2025-01-24 22:00:00",6.87547102973105,0.0167043249945564
"2025-01-24 23:00:00",6.87284849427932,-0.0242419720399865
"2025-01-25 00:00:00",6.85231147270443,-0.0259475129535231
"2025-01-25 01:00:00",7.25454289848851,0.659735586942705
"2025-01-25 02:00:00",7.45548317681173,-0.123814813748957
"2025-01-25 03:00:00",7.51250316292304,0.16525782443492
"2025-01-25 04:00:00",7.7206868690684,0.217227141913645
"2025-01-25 05:00:00",7.94207586821115,0.203694417280814
"2025-01-25 06:00:00",8.02609395856445,-0.00999138845637073
"2025-01-25 07:00:00",8.42642054584367,0.644501626826838
"2025-01-25 08:00:00",8.74282946556382,0.0717903497791689
"2025-01-25 09:00:00",8.83509566261545,0.0902661286936609
"2025-01-25 10:00:00",9.04183687240614,0.263180875547448
"2025-01-25 11:00:00",9.58328053873544,0.689568729856916
"2025-01-25 12:00:00",10.1759200567773,0.487510313685295
"2025-01-25 13:00:00",11.4661399766794,1.75092754037912
"2025-01-25 14:00:00",12.4644042044903,0.434285078808571
"2025-01-25 15:00:00",12.5966921596647,-0.0913878715859202
"2025-01-25 16:00:00",12.2189849369922,-0.56686720045256
"2025-01-25 17:00:00",12.1040949492596,0.176137226239425
"2025-01-25 18:00:00",12.0848523235025,-0.16417654464143
"2025-01-25 19:00:00",11.3515830713583,-1.09338597931226
"2025-01-25 20:00:00",10.3646343841159,-0.883720125752248
"2025-01-25 21:00:00",9.61259646869482,-0.641870724126646
"2025-01-25 22:00:00",8.88320951548169,-0.765456870088627
"2025-01-25 23:00:00",8.19082918978922,-0.622208850338769
"2025-01-26 00:00:00",7.60589598870027,-0.542842205585151
"2025-01-26 01:00:00",7.51777076192691,0.20940102913994
"2025-01-26 02:00:00",7.66187161227292,0.0840331875209765
"2025-01-26 03:00:00",7.65651187969628,-0.0745723682217355
"2025-01-26 04:00:00",7.57627529458416,-0.0900660227775158
"2025-01-26 05:00:00",7.33970228223262,-0.332763644951829
"2025-01-26 06:00:00",6.58244222262162,-1.01372628089986
"2025-01-26 07:00:00",5.87388775599591,-0.479922084403698
"2025-01-26 08:00:00",5.85638878867887,0.284040371052878
"2025-01-26 09:00:00",6.38566974575263,0.660074308366915
"2025-01-26 10:00:00",7.21015834650561,0.886688560877617
"2025-01-26 11:00:00",7.69602281596428,0.1862739812932
"2025-01-26 12:00:00",7.66850628718691,-0.178650619040847
"2025-01-26 13:00:00",6.98718666072444,-0.993932364287077
"2025-01-26 14:00:00",5.94004880804061,-1.04185191908517
"2025-01-26 15:00:00",5.42916053197101,-0.14029573847143
"2025-01-26 16:00:00",5.19064629572363,-0.299654076919095
"2025-01-26 17:00:00",5.0082936054264,-0.102176449880561
"2025-01-26 18:00:00",5.18462129031119,0.34716132473022
"2025-01-26 19:00:00",5.51044400868085,0.289433454784017
"2025-01-26 20:00:00",5.58486185470759,-0.0795604915168187
"2025-01-26 21:00:00",5.53706949364418,-0.031539531965484
"2025-01-26 22:00:00",5.51411273130726,-0.023279165732609
"2025-01-26 23:00:00",4.95956804170225,-0.889469570699265
"2025-01-27 00:00:00",4.14093161607075,-0.738904928499593
"2025-01-27 01:00:00",3.58791853223156,-0.40814444323848
"2025-01-27 02:00:00",3.72344629152782,0.486906196964373
"2025-01-27 03:00:00",4.4193251779606,0.79732592279155
"2025-01-27 04:00:00",5.40682231284072,1.06165584671834
"2025-01-27 05:00:00",6.30947047543279,0.746784364239771
"2025-01-27 06:00:00",7.02148008887743,0.646862242920236
"2025-01-27 07:00:00",7.63956771004673,0.560485889245843
"2025-01-27 08:00:00",7.73892511699088,-0.222622096488492
"2025-01-27 09:00:00",7.27906878800665,-0.606130077541977
"2025-01-27 10:00:00",7.06938513096566,0.0551937434982415
"2025-01-27 11:00:00",7.90709263442914,1.31045762067127
"2025-01-27 12:00:00",8.7089567886847,0.414514462644013
"2025-01-27 13:00:00",8.89078003362046,0.00683594219468675
"2025-01-27 14:00:00",8.87689632544381,-0.0384934503999703
"2025-01-27 15:00:00",9.03410571804434,0.268766529074064
"2025-01-27 16:00:00",9.26827700268997,0.188339200141618
"2025-01-27 17:00:00",9.56722325068657,0.346534238007458
"2025-01-27 18:00:00",9.90699423523848,0.306788244134224
"2025-01-27 19:00:00",10.3527919291186,0.504518963724783
"2025-01-27 20:00:00",10.8082560986126,0.387777599173313
"2025-01-27 21:00:00",10.6992437490254,-0.448947323125954
"2025-01-27 22:00:00",10.3045345683554,-0.353581702852981
"2025-01-27 23:00:00",9.85498671404592,-0.505440360035924
"2025-01-28 00:00:00",9.63248372584713,-0.0360071573626598
"2025-01-28 01:00:00",9.36842059322714,-0.415962144713407
"2025-01-28 02:00:00",9.03658968637146,-0.272048078003867
"2025-01-28 03:00:00",8.68755626400652,-0.395414783619617
"2025-01-28 04:00:00",8.3438030185985,-0.304172616260979
"2025-01-28 05:00:00",8.05945508778598,-0.268371454688418
"2025-01-28 06:00:00",7.65787665151437,-0.481684218510468
"2025-01-28 07:00:00",6.93824937445736,-0.853924981144083
"2025-01-28 08:00:00",6.35880169301115,-0.377871525897234
"2025-01-28 09:00:00",6.35280648445787,0.234009108232741
"2025-01-28 10:00:00",6.66309226085795,0.338205249163768
"2025-01-28 11:00:00",7.0083717308961,0.325002047370977
"2025-01-28 12:00:00",6.28158720855617,-1.40245833534711
"2025-01-28 13:00:00",5.11761368708215,-0.957769486496889
"2025-01-28 14:00:00",4.41679369777564,-0.502815240550804
"2025-01-28 15:00:00",3.97060034442765,-0.392934706658163
"2025-01-28 16:00:00",3.90455330719141,0.149896404947421
"2025-01-28 17:00:00",4.38433578789264,0.6718724667098
"2025-01-28 18:00:00",5.1225310613091,0.741681529273934
"2025-01-28 19:00:00",5.7556743390408,0.52409823416556
"2025-01-28 20:00:00",6.15697881564813,0.292956888214418
"2025-01-28 21:00:00",6.00207460068481,-0.454046142113368
"2025-01-28 22:00:00",5.33805140318394,-0.780185825564617
"2025-01-28 23:00:00",4.67452914489928,-0.561096300560756
"2025-01-29 00:00:00",4.15666140819569,-0.47046401740125
"2025-01-29 01:00:00",4.14223657965257,0.284925358942342
"2025-01-29 02:00:00",4.29435863393062,0.0510216047411333
"2025-01-29 03:00:00",4.50621326963637,0.303473955223474
"2025-01-29 04:00:00",5.00965438056086,0.607020408908859
"2025-01-29 05:00:00",5.3429538673215,0.128528361610983
"2025-01-29 06:00:00",5.13344719045242,-0.431788842791204
"2025-01-29 07:00:00",4.79943218982645,-0.259576301013184
"2025-01-29 08:00:00",4.54583003093356,-0.243752980673506
"2025-01-29 09:00:00",4.57083907941039,0.197134553962737
"2025-01-29 10:00:00",4.59467138317596,-0.0987230350557345
"2025-01-29 11:00:00",4.05322099681934,-0.816788261968873
"2025-01-29 12:00:00",3.52128445878305,-0.321984280608797
"2025-01-29 13:00:00",4.53099444234592,1.84497286545042
"2025-01-29 14:00:00",5.29688834768359,0.00428669122961423
"2025-01-29 15:00:00",5.16941941978928,-0.216072827696382
"2025-01-29 16:00:00",5.39213407494729,0.497990148391146
"2025-01-29 17:00:00",5.81494270514007,0.345648590790612
"2025-01-29 18:00:00",6.16079213600844,0.322055669477694
"2025-01-29 19:00:00",5.92175294264341,-0.609675890806292
"2025-01-29 20:00:00",5.49334029402571,-0.294845382019372
"2025-01-29 21:00:00",5.48137658491832,0.170110697115474
"2025-01-29 22:00:00",5.26518000559331,-0.470520164065466
"2025-01-29 23:00:00",4.89161089685395,-0.297969088948884
"2025-01-30 00:00:00",4.64061167220313,-0.214062497991733
"2025-01-30 01:00:00",4.85675498788031,0.48669147805624
"2025-01-30 02:00:00",4.91158782894561,-0.241932063024992
"2025-01-30 03:00:00",4.64376750013387,-0.278681281632386
"2025-01-30 04:00:00",4.32014633069516,-0.344186256635799
"2025-01-30 05:00:00",3.93940383253788,-0.392587196689765
"2025-01-30 06:00:00",3.52967417222586,-0.406763984668874
"2025-01-30 07:00:00",3.16848738573323,-0.318187460365736
"2025-01-30 08:00:00",3.11432547498584,0.120342985945249
"2025-01-30 09:00:00",3.35229418485997,0.301063306709308
"2025-01-30 10:00:00",3.66105911688444,0.294907199276165
"2025-01-30 11:00:00",3.68378276526978,-0.164526421726254
"2025-01-30 12:00:00",3.81162515161746,0.311929734552113
"2025-01-30 13:00:00",3.90201948465705,-0.0665005613154405
"2025-01-30 14:00:00",4.27598611896588,0.644807686328627
"2025-01-30 15:00:00",4.5999990737318,0.0892465124574915
"2025-01-30 16:00:00",4.80788689458715,0.271174454532918
"2025-01-30 17:00:00",5.21903030023841,0.478721769285164
"2025-01-30 18:00:00",5.5018219443704,0.132010472648233
"2025-01-30 19:00:00",5.70661199066196,0.236487826390387
"2025-01-30 20:00:00",5.80648670183329,-0.00329865630172678
"2025-01-30 21:00:00",5.91066932883866,0.1634026992173
"2025-01-30 22:00:00",5.82698928441321,-0.252039128851638
"2025-01-30 23:00:00",5.56450310989598,-0.264486212582809
"2025-01-31 00:00:00",5.13186547118849,-0.531348425763579
"2025-01-31 01:00:00",4.79082593918658,-0.204576001782373
"2025-01-31 02:00:00",4.53484738812127,-0.284255839000437
"2025-01-31 03:00:00",4.21283722404112,-0.337721157090268
"2025-01-31 04:00:00",3.791019519774,-0.463265258512445
"2025-01-31 05:00:00",3.27955498976757,-0.524177459826735
"2025-01-31 06:00:00",2.8313236418104,-0.380527817633869
"2025-01-31 07:00:00",2.41040975385117,-0.431484353459797
"2025-01-31 08:00:00",1.89433926873666,-0.551042991736965
"2025-01-31 09:00:00",1.19286397028264,-0.770869189055942
"2025-01-31 10:00:00",0.563504269229314,-0.506651988563198
"2025-01-31 11:00:00",0.28440042502292,-0.114870940459183
"2025-01-31 12:00:00",0.435481043037994,0.320832927757836
"2025-01-31 13:00:00",0.827813542857217,0.42079352794614
"2025-01-31 14:00:00",1.47528333281021,0.766750677325161
"2025-01-31 15:00:00",2.05728226338222,0.429275923448651
"2025-01-31 16:00:00",2.43383841399281,0.320865518518374
"2025-01-31 17:00:00",2.83751579648829,0.436565634893993
"2025-01-31 18:00:00",3.16921353264613,0.242368512184352
"2025-01-31 19:00:00",3.36677636285449,0.15422098721188
"2025-01-31 20:00:00",3.19575828328859,-0.384052201617994
"2025-01-31 21:00:00",2.91166114870361,-0.2080794770684
"2025-01-31 22:00:00",2.60976039135582,-0.353853043774468
"2025-01-31 23:00:00",2.09635765457176,-0.598733757916768
"2025-02-01 00:00:00",1.63028875423561,-0.358181220337389
"2025-02-01 01:00:00",1.94404830360533,0.744702052211439
"2025-02-01 02:00:00",1.62980259359977,-1.00777128469054
"2025-02-01 03:00:00",0.811592767523691,-0.655057008883565
"2025-02-01 04:00:00",0.394788975660122,-0.239210566447476
"2025-02-01 05:00:00",0.223548779615958,-0.118298881353075
"2025-02-01 06:00:00",0.271784037373416,0.156675967296048
"2025-02-01 07:00:00",0.279672526314249,-0.0920265615767393
"2025-02-01 08:00:00",0.128491111956763,-0.183793657153798
"2025-02-01 09:00:00",-0.125007293075314,-0.288086942948051
"2025-02-01 10:00:00",-0.480149155303323,-0.382807188924024
"2025-02-01 11:00:00",-0.730653356327792,-0.149781183894158
"2025-02-01 12:00:00",-0.764619260007336,0.0457985321200087
"2025-02-01 13:00:00",-0.779079340164906,-0.0529593902463858
"2025-02-01 14:00:00",-0.638962290767509,0.263178145281303
"2025-02-01 15:00:00",-0.312075699884729,0.354648093066222
"2025-02-01 16:00:00",0.0590633412767214,0.364898671353989
"2025-02-01 17:00:00",0.452472304952681,0.393644853961974
"2025-02-01 18:00:00",0.866141386344446,0.406777997902104
"2025-02-01 19:00:00",1.08362871098321,0.0798447125574063
"2025-02-01 20:00:00",1.11309346632771,-0.00691782030878957
"2025-02-01 21:00:00",0.987179623496345,-0.200694165516566
"2025-02-01 22:00:00",0.0562881858324499,-1.37471809973599
"2025-02-01 23:00:00",-1.23444740357454,-1.17348580311704
"2025-02-02 00:00:00",-1.98773342965366,-0.435771207228954
"2025-02-02 01:00:00",-0.443681176505595,2.79310125436559
"2025-02-02 02:00:00",0.635360490645594,-0.114349041519182
"2025-02-02 03:00:00",0.331205396029789,-0.417055791716121
"2025-02-02 04:00:00",0.265198302419673,0.170731239040436
"2025-02-02 05:00:00",0.495007769812119,0.257932155381284
"2025-02-02 06:00:00",0.79237412496213,0.308886854180018
"2025-02-02 07:00:00",0.870554013039024,-0.0803582629716832
"2025-02-02 08:00:00",0.687512530046009,-0.243919583890273
"2025-02-02 09:00:00",0.301780473901664,-0.462828291857503
"2025-02-02 10:00:00",-0.107533109489821,-0.354576268999547
"2025-02-02 11:00:00",-0.476858376154635,-0.361469099521827
"2025-02-02 12:00:00",-0.650316418751388,-0.0392623652228177
"2025-02-02 13:00:00",-1.34317741974646,-1.09482375210687
"2025-02-02 14:00:00",-1.89422296407241,-0.160616726828425
"2025-02-02 15:00:00",-1.74884757672163,0.344899423005184
"2025-02-02 16:00:00",-1.35030721443272,0.417615559278427
"2025-02-02 17:00:00",-0.895657980343242,0.459473293755166
"2025-02-02 18:00:00",-0.411883428482128,0.478140601859923
"2025-02-02 19:00:00",-0.0202740192508095,0.315844646776772
"2025-02-02 20:00:00",0.0985049511415634,-0.0182141008703084
"2025-02-02 21:00:00",-0.230043305004944,-0.519948725512675
"2025-02-02 22:00:00",-0.651259213618356,-0.33508280171966
"2025-02-02 23:00:00",-0.819493762442305,-0.0481706537951883
"2025-02-03 00:00:00",-0.940924380199267,-0.163443466828558
"2025-02-03 01:00:00",-0.693380008780824,0.510980951913881
"2025-02-03 02:00:00",-0.72123717998361,-0.384859270636775
"2025-02-03 03:00:00",-0.993823369778067,-0.183856231334521
"2025-02-03 04:00:00",-1.21249538249546,-0.230210351182604
"2025-02-03 05:00:00",-1.58890122303048,-0.454418872080569
"2025-02-03 06:00:00",-2.08893311770809,-0.504631416755103
"2025-02-03 07:00:00",-2.85915552341779,-0.907987807077283
"2025-02-03 08:00:00",-3.59600079826155,-0.584053473544758
"2025-02-03 09:00:00",-3.48827829052063,0.568413583105713
"2025-02-03 10:00:00",-3.21632475584738,0.0658887676128196
"2025-02-03 11:00:00",-2.54147773022235,1.05288857767137
"2025-02-03 12:00:00",-1.77449643281525,0.543208145979309
"2025-02-03 13:00:00",-1.61049543277324,-0.0943061026147857
"2025-02-03 14:00:00",-1.32978795346012,0.51944854459458
"2025-02-03 15:00:00",-1.44703495507949,-0.534418460120814
"2025-02-03 16:00:00",-2.42363865196866,-1.22311664682236
"2025-02-03 17:00:00",-2.78847788772738,0.227796045266557
"2025-02-03 18:00:00",-2.65067244907515,0.0748575100272916
"2025-02-03 19:00:00",-2.58980860532806,0.0520583248984056
"2025-02-03 20:00:00",-2.83260475310661,-0.424487739181535
"2025-02-03 21:00:00",-3.12819781919023,-0.191968262468072
"2025-02-03 22:00:00",-3.31726824343413,-0.174123077638935
"2025-02-03 23:00:00",-3.50444669556349,-0.182712670790425
"2025-02-04 00:00:00",-3.69244907260216,-0.178079221364597
"2025-02-04 01:00:00",-4.05194487884709,-0.45859706750437
"2025-02-04 02:00:00",-4.39745857908161,-0.248486156094925
"2025-02-04 03:00:00",-4.63600501177004,-0.214917943339492
"2025-02-04 04:00:00",-4.73996292493371,-0.0190718615419361
"2025-02-04 05:00:00",-4.81630009464382,-0.104778007406478
"2025-02-04 06:00:00",-5.04872785851227,-0.300275081158598
"2025-02-04 07:00:00",-5.49050034452477,-0.508603980743108
"2025-02-04 08:00:00",-5.4657640830561,0.386189993876123
"2025-02-04 09:00:00",-4.67522194235707,1.02958278548866
"2025-02-04 10:00:00",-3.43883291648537,1.32152958018598
"2025-02-04 11:00:00",-2.16858046936173,1.18013795514175
"2025-02-04 12:00:00",-1.2044914038991,0.777040438638419
"2025-02-04 13:00:00",-0.758023784013261,0.2064257155209
"2025-02-04 14:00:00",-0.562839742905855,0.179391484205251
"2025-02-04 15:00:00",-1.11939920304491,-1.02001250556692
"2025-02-04 16:00:00",-2.30608496343115,-1.23996638707916
"2025-02-04 17:00:00",-2.74399191720002,0.120570961022943
"2025-02-04 18:00:00",-2.68877700892701,0.0125570623267614
"2025-02-04 19:00:00",-2.68693387554698,-0.00192220329739341
"2025-02-04 20:00:00",-2.85146820799116,-0.261659648301402
"2025-02-04 21:00:00",-3.19528367269702,-0.378572803373497
"2025-02-04 22:00:00",-3.6422607133681,-0.46722160407171
"2025-02-04 23:00:00",-4.07468005299076,-0.383976531962213
"2025-02-05 00:00:00",-4.39516508114303,-0.257678217203704
"2025-02-05 01:00:00",-4.1916889556198,0.506901691031581
"2025-02-05 02:00:00",-4.01865370713054,-0.0523597476404408
"2025-02-05 03:00:00",-4.05814890032519,-0.0238637627259033
"2025-02-05 04:00:00",-4.03476982463101,0.0589921230686196
"2025-02-05 05:00:00",-3.90946357978289,0.168759626388773
"2025-02-05 06:00:00",-3.61047497244109,0.376636431137335
"2025-02-05 07:00:00",-3.45234235302228,0.00960395683182746
"2025-02-05 08:00:00",-2.7049827512238,1.20812300670793
"2025-02-05 09:00:00",-1.93831583672917,0.439421939828364
"2025-02-05 10:00:00",-2.13140204026827,-0.60307813084023
"2025-02-05 11:00:00",-1.75658453184031,1.01167233851172
"2025-02-05 12:00:00",-1.17729213120644,0.265779907847163
"2025-02-05 13:00:00",-1.28878948718552,-0.356195942384899
"2025-02-05 14:00:00",-1.34473251163656,0.148541307659804
"2025-02-05 15:00:00",-1.08495237208431,0.323326337958869
"2025-02-05 16:00:00",-0.865553479476786,0.141087471225897
"2025-02-05 17:00:00",-0.60963086763566,0.3214321480753
"2025-02-05 18:00:00",-0.214908364926042,0.425610520954128
"2025-02-05 19:00:00",0.23390552597733,0.44323212498761
"2025-02-05 20:00:00",0.632337852186945,0.349331641060868
"2025-02-05 21:00:00",0.89994415464781,0.199592357444741
"2025-02-05 22:00:00",1.04677139596521,0.103514291833422
"2025-02-05 23:00:00",1.07044311698333,-0.0320294894437021
"2025-02-06 00:00:00",1.06349029566606,0.00871569998841865
"2025-02-06 01:00:00",1.63835003723713,0.923595345759388
"2025-02-06 02:00:00",2.1911537955971,0.277233496917125
"2025-02-06 03:00:00",2.41977952511766,0.182533440284071
"2025-02-06 04:00:00",2.58042670595775,0.135304619810144
"2025-02-06 05:00:00",2.6416638726879,0.0056246222613401
"2025-02-06 06:00:00",2.55461698917879,-0.148094467227999
"2025-02-06 07:00:00",2.1789058960944,-0.512891262945865
"2025-02-06 08:00:00",1.66063631338812,-0.500034959789095
"2025-02-06 09:00:00",1.20455160228442,-0.407252077199899
"2025-02-06 10:00:00",0.855733080131514,-0.294840025532203
"2025-02-06 11:00:00",0.385083061150263,-0.56659240680686
"2025-02-06 12:00:00",0.241891026484603,0.145378283940087
"2025-02-06 13:00:00",0.0689875091750892,-0.377183232344875
"2025-02-06 14:00:00",0.0336837555994229,0.194200759398005
"2025-02-06 15:00:00",0.414535830197941,0.487142929972811
"2025-02-06 16:00:00",0.682528812537613,0.10862646452986
"2025-02-06 17:00:00",0.958318393258609,0.373244926387058
"2025-02-06 18:00:00",1.28399920585376,0.277260911831597
"2025-02-06 19:00:00",1.56472671868968,0.268043994335938
"2025-02-06 20:00:00",1.8145698417722,0.223820729446429
"2025-02-06 21:00:00",2.02375537295403,0.18715028854661
"2025-02-06 22:00:00",2.13390164956163,0.0509692541306214
"2025-02-06 23:00:00",2.10009747440761,-0.091462222676794
"2025-02-07 00:00:00",1.96558609685869,-0.159524611073318
"2025-02-07 01:00:00",1.92485871969998,0.037871932607964
"2025-02-07 02:00:00",1.83634127911114,-0.171049670543102
"2025-02-07 03:00:00",1.64084798453373,-0.204865354042742
"2025-02-07 04:00:00",1.63875306679938,0.131068246758848
"2025-02-07 05:00:00",1.72612361538813,0.0519757600607047
"2025-02-07 06:00:00",1.52177543363825,-0.367741701057945
"2025-02-07 07:00:00",0.761999524608629,-0.986984518400768
"2025-02-07 08:00:00",-0.80021229924607,-1.87243681681201
"2025-02-07 09:00:00",-2.44721819019961,-1.41742533708272
"2025-02-07 10:00:00",-3.43678175579827,-0.654150308866221
"2025-02-07 11:00:00",-3.75457759162427,-0.0740332365320526
"2025-02-07 12:00:00",-3.65306103651051,0.218561901359095
"2025-02-07 13:00:00",-3.39199450263172,0.28170408104289
"2025-02-07 14:00:00",-2.80126300006141,0.773046027787432
"2025-02-07 15:00:00",-1.93402293724459,0.892434029219295
"2025-02-07 16:00:00",-1.23104729213827,0.545759414307687
"2025-02-07 17:00:00",-0.701690008790123,0.494854318616409
"2025-02-07 18:00:00",-0.177648119151377,0.519502002202973
"2025-02-07 19:00:00",0.0292629900452716,-0.0110826617696011
"2025-02-07 20:00:00",0.0440864411320708,0.0313517919066578
"2025-02-07 21:00:00",0.0934966156426068,0.0590441433337726
"2025-02-07 22:00:00",-0.0255846041193232,-0.232291270021629
"2025-02-07 23:00:00",-0.300310695524438,-0.289927718445801
"2025-02-08 00:00:00",-0.599867716246105,-0.291354710880824
"2025-02-08 01:00:00",-0.705172746406738,0.024503007144164
"2025-02-08 02:00:00",-0.699094528527431,-0.00558491772557694
"2025-02-08 03:00:00",-0.511675245145217,0.308081381221741
"2025-02-08 04:00:00",-0.326623837987273,0.0948986300098602
"2025-02-08 05:00:00",0.0040825085933095,0.472614765592094
"2025-02-08 06:00:00",0.0696035036253116,-0.208989038867192
"2025-02-08 07:00:00",0.0161178806683302,0.0526334795520048
"2025-02-08 08:00:00",0.0035904241375195,-0.0553928187363525
"2025-02-08 09:00:00",-0.0352372787175159,-0.0259440381383886
"2025-02-08 10:00:00",0.0394393891422648,0.138252823514416
"2025-02-08 11:00:00",0.320394407494023,0.362686582833517
"2025-02-08 12:00:00",0.675247465060498,0.332355547653734
"2025-02-08 13:00:00",0.292241245654926,-0.842575910989827
"2025-02-08 14:00:00",0.185394654685576,0.388332028587005
"2025-02-08 15:00:00",0.358037876867323,0.0204103224740506
"2025-02-08 16:00:00",-0.243006549935306,-0.987240708173015
"2025-02-08 17:00:00",-0.878850580630846,-0.371055503728037
"2025-02-08 18:00:00",-1.01720988980785,0.0244760923381213
"2025-02-08 19:00:00",-1.05249117125843,-0.0721315409092719
"2025-02-08 20:00:00",-1.23005784015311,-0.238061476070945
"2025-02-08 21:00:00",-1.37868187608976,-0.0803525182936568
"2025-02-08 22:00:00",-1.59890403274714,-0.301225626601609
"2025-02-08 23:00:00",-1.97364912712406,-0.403889257276872
"2025-02-09 00:00:00",-2.36225886446963,-0.357413842372681
"2025-02-09 01:00:00",-2.93280598859258,-0.682477546743898
"2025-02-09 02:00:00",-3.37933846816377,-0.264240290629904
"2025-02-09 03:00:00",-3.58876090261735,-0.158571594682145
"2025-02-09 04:00:00",-3.70720226085837,-0.0814356008019728
"2025-02-09 05:00:00",-3.77139345411487,-0.044867707026738
"2025-02-09 06:00:00",-3.90640467749277,-0.183830436961074
"2025-02-09 07:00:00",-4.15605002958012,-0.276624457470173
"2025-02-09 08:00:00",-4.00635567010223,0.432144186194305
"2025-02-09 09:00:00",-3.37131590432244,0.745287089128562
"2025-02-09 10:00:00",-2.6451732020894,0.683218421991042
"2025-02-09 11:00:00",-2.05856264095581,0.497739611542619
"2025-02-09 12:00:00",-1.60382866965486,0.407108018131224
"2025-02-09 13:00:00",-1.28443223933042,0.247812200849193
"2025-02-09 14:00:00",-1.04932393802737,0.217122096591859
"2025-02-09 15:00:00",-1.16567205744553,-0.331776895239006
"2025-02-09 16:00:00",-2.17784563007291,-1.41616376951289
"2025-02-09 17:00:00",-3.06026807070259,-0.481862395641948
"2025-02-09 18:00:00",-3.25018504884697,0.0176781897546749
"2025-02-09 19:00:00",-3.11688221920987,0.208238328909942
"2025-02-09 20:00:00",-3.11599962750162,-0.133377768111208
"2025-02-09 21:00:00",-3.20885742563356,-0.0574171351811132
"2025-02-09 22:00:00",-3.31555908459433,-0.130352138573173
"2025-02-09 23:00:00",-3.47005039513171,-0.158970076932887
"2025-02-10 00:00:00",-3.567718401182,-0.0476880371866249
"2025-02-10 01:00:00",-3.24687823231552,0.555872712730524
"2025-02-10 02:00:00",-2.87125268674072,0.241797228175828
"2025-02-10 03:00:00",-2.82652607536038,-0.085077074231638
"2025-02-10 04:00:00",-2.84315905595841,0.0334282812898974
"2025-02-10 05:00:00",-2.95466885637015,-0.199170997814725
"2025-02-10 06:00:00",-3.27368829859975,-0.379950081782947
"2025-02-10 07:00:00",-3.59490470682926,-0.262578830257528
"2025-02-10 08:00:00",-3.67689083006635,0.0469352852810908
"2025-02-10 09:00:00",-3.5041000846924,0.25322008695345
"2025-02-10 10:00:00",-3.12466306714009,0.450064979963116
"2025-02-10 11:00:00",-2.82122183652342,0.195300812352852
"2025-02-10 12:00:00",-2.55167494932404,0.309870152763366
"2025-02-10 13:00:00",-2.48332291235177,-0.0926172850732151
"2025-02-10 14:00:00",-2.18827259258357,0.542670416800317
"2025-02-10 15:00:00",-1.91105746560066,0.0898946402959322
"2025-02-10 16:00:00",-2.37932246421629,-0.815650900006898
"2025-02-10 17:00:00",-3.15933467498562,-0.716121822927077
"2025-02-10 18:00:00",-3.46172967298925,-0.00814105806736226
"2025-02-10 19:00:00",-3.2018857616634,0.430610690572556
"2025-02-10 20:00:00",-2.91722266191334,0.17796527974964
"2025-02-10 21:00:00",-2.98354789724259,-0.222271971706708
"2025-02-10 22:00:00",-3.23677721877331,-0.257989324321167
"2025-02-10 23:00:00",-3.51996037656607,-0.282351184076603
"2025-02-11 00:00:00",-3.87758790951525,-0.386280880781818
"2025-02-11 01:00:00",-4.05758526642232,-0.0289273316105894
"2025-02-11 02:00:00",-4.20630873701764,-0.216290382278149
"2025-02-11 03:00:00",-4.35725717455084,-0.0947946738203159
"2025-02-11 04:00:00",-4.41478110794998,-0.0243289503253325
"2025-02-11 05:00:00",-4.4607382240053,-0.0525029290480797
"2025-02-11 06:00:00",-4.68062818012957,-0.315282303218932
"2025-02-11 07:00:00",-5.11070144735244,-0.480131040131505
"2025-02-11 08:00:00",-5.27412098816631,0.0620691074288805
"2025-02-11 09:00:00",-5.09696688724566,0.252254092832673
"2025-02-11 10:00:00",-4.71888120412814,0.450573532101515
"2025-02-11 11:00:00",-4.14814061025302,0.629810117285373
"2025-02-11 12:00:00",-3.56164969531577,0.535087539700764
"2025-02-11 13:00:00",-2.88201717818996,0.748288031791201
"2025-02-11 14:00:00",-2.43622914207762,0.226654976442583
"2025-02-11 15:00:00",-2.48677449100758,-0.229801244039242
"2025-02-11 16:00:00",-2.88224224395361,-0.48391340434832
"2025-02-11 17:00:00",-3.12698950354517,-0.0699615820813139
"2025-02-11 18:00:00",-3.16789899365141,-0.015568338574262
"2025-02-11 19:00:00",-3.27274129645032,-0.155293092816451
"2025-02-11 20:00:00",-3.5760545201127,-0.38336115255591
"2025-02-11 21:00:00",-4.019483994003,-0.457794772394627
"2025-02-11 22:00:00",-4.45505826355981,-0.39488315260881
"2025-02-11 23:00:00",-4.93879529535556,-0.514244308044081
"2025-02-12 00:00:00",-5.44427974609378,-0.469260238313283
"2025-02-12 01:00:00",-5.79734955719927,-0.251817710520858
"2025-02-12 02:00:00",-6.02257692078146,-0.189327666439883
"2025-02-12 03:00:00",-6.19338046391143,-0.142577195437247
"2025-02-12 04:00:00",-6.37775025872029,-0.195489159321784
"2025-02-12 05:00:00",-6.64879416275232,-0.300314708742294
"2025-02-12 06:00:00",-7.10086701894321,-0.523193424864466
"2025-02-12 07:00:00",-7.67657331366863,-0.57420694321259
"2025-02-12 08:00:00",-7.82673906932769,0.149551368048297
"2025-02-12 09:00:00",-7.30900147640174,0.748673869656087
"2025-02-12 10:00:00",-6.38316211074215,1.00937075496379
"2025-02-12 11:00:00",-5.29910594743982,1.09055725637896
"2025-02-12 12:00:00",-4.3824571948932,0.763981555893497
"2025-02-12 13:00:00",-5.86017690334505,-2.89629443998748
"2025-02-12 14:00:00",-6.84189371719629,0.348848636482322
"2025-02-12 15:00:00",-6.50183079730778,0.326862737628159
"2025-02-12 16:00:00",-6.754437240615,-0.618530771211187
"2025-02-12 17:00:00",-7.39957315750094,-0.623512198208637
"2025-02-12 18:00:00",-7.64749867333212,0.0237776904534927
"2025-02-12 19:00:00",-7.26089548605163,0.619966160018347
"2025-02-12 20:00:00",-6.43764288623824,0.929010525172112
"2025-02-12 21:00:00",-5.72042182498605,0.550244107710324
"2025-02-12 22:00:00",-5.38240614434773,0.187841477952647
"2025-02-12 23:00:00",-5.20571104561363,0.167803612524513
"2025-02-13 00:00:00",-5.03399559661635,0.172871544707915
"2025-02-13 01:00:00",-4.69573647851225,0.438928564796538
"2025-02-13 02:00:00",-4.2052862233717,0.507542492574368
"2025-02-13 03:00:00",-3.92573859471669,0.119688612923767
"2025-02-13 04:00:00",-3.9133249040386,-0.0546329157153124
"2025-02-13 05:00:00",-3.91786320040325,0.0341159021516919
"2025-02-13 06:00:00",-3.8749892874882,0.0517236887045787
"2025-02-13 07:00:00",-3.96881509039387,-0.181405320271666
"2025-02-13 08:00:00",-4.39379489313157,-0.562051080174319
"2025-02-13 09:00:00",-5.03464635622397,-0.657269488759028
"2025-02-13 10:00:00",-5.61291599937834,-0.491637344901669
"2025-02-13 11:00:00",-6.28049597619163,-0.745917330723514
"2025-02-13 12:00:00",-6.71736166725314,-0.201982152132824
"2025-02-13 13:00:00",-7.11230860357922,-0.496164362821087
"2025-02-13 14:00:00",-7.29685733499786,0.0411260368209452
"2025-02-13 15:00:00",-7.01350292299699,0.440775143738782
"2025-02-13 16:00:00",-6.54236321760251,0.478031717549254
"2025-02-13 17:00:00",-6.06886648853082,0.456403655090951
"2025-02-13 18:00:00",-5.57057857112698,0.510352280146083
"2025-02-13 19:00:00",-5.00018303047184,0.590497097927659
"2025-02-13 20:00:00",-4.45201642082275,0.500341450486716
"2025-02-13 21:00:00",-4.01100375650712,0.386241019690547
"2025-02-13 22:00:00",-3.65150525792533,0.329755877061988
"2025-02-13 23:00:00",-3.36772693875248,0.244347482702382
"2025-02-14 00:00:00",-3.18817187168828,0.132168150647763
"2025-02-14 01:00:00",-2.96703635833652,0.274046132444799
"2025-02-14 02:00:00",-2.68953453128789,0.270442186176267
"2025-02-14 03:00:00",-2.49391300203619,0.139911847958518
"2025-02-14 04:00:00",-2.40619799116031,0.0519631924355468
"2025-02-14 05:00:00",-2.42885793880103,-0.0682304640160464
"2025-02-14 06:00:00",-2.54415022044312,-0.138057865285304
"2025-02-14 07:00:00",-2.77329565280027,-0.275702225628866
"2025-02-14 08:00:00",-3.48425470812507,-0.963767394175702
"2025-02-14 09:00:00",-4.02808189753169,-0.233539673195798
"2025-02-14 10:00:00",-4.09372696389235,0.054592758910331
"2025-02-14 11:00:00",-4.4199076233757,-0.559250258365192
"2025-02-14 12:00:00",-5.12990710934105,-0.771063078612673
"2025-02-14 13:00:00",-5.44362418090068,0.0126931201032884
"2025-02-14 14:00:00",-5.37585050111789,0.108287500668749
"2025-02-14 15:00:00",-5.22773774758307,0.174551547846546
"2025-02-14 16:00:00",-5.0567161287823,0.167277975271785
"2025-02-14 17:00:00",-4.90274093135123,0.144306088820421
"2025-02-14 18:00:00",-4.85560195869478,-0.0135603724218396
"2025-02-14 19:00:00",-4.64096470443952,0.362823915950998
"2025-02-14 20:00:00",-4.63464939855757,-0.225672854055191
"2025-02-14 21:00:00",-4.78634461020395,-0.0891969693752669
"2025-02-14 22:00:00",-4.49539120710088,0.536724443220694
"2025-02-14 23:00:00",-4.37335809798772,-0.154429298592478
"2025-02-15 00:00:00",-4.22462704037568,0.349402429988637
"2025-02-15 01:00:00",-3.82569813180973,0.418432993306337
"2025-02-15 02:00:00",-3.60732810470376,0.0795499463679193
"2025-02-15 03:00:00",-4.10765223827767,-0.858476847737109
"2025-02-15 04:00:00",-4.18857640829023,0.446574083321993
"2025-02-15 05:00:00",-3.65262005598017,0.57547260393501
"2025-02-15 06:00:00",-3.52047823531758,-0.164979580995262
"2025-02-15 07:00:00",-4.10485307370286,-0.8316613589175
"2025-02-15 08:00:00",-4.69967066553204,-0.403369571748701
"2025-02-15 09:00:00",-5.43356899020066,-0.913316748540976
"2025-02-15 10:00:00",-6.44104402075983,-1.01536991783902
"2025-02-15 11:00:00",-7.20276468740353,-0.548127647629849
"2025-02-15 12:00:00",-7.54117354617095,-0.173236274472103
"2025-02-15 13:00:00",-7.45825999923335,0.259454731761229
"2025-02-15 14:00:00",-7.20402241344471,0.248289021997209
"2025-02-15 15:00:00",-6.92251543294438,0.299557952835464
"2025-02-15 16:00:00",-6.99069245579976,-0.3011694760613
"2025-02-15 17:00:00",-7.67040075114978,-0.890755763544224
"2025-02-15 18:00:00",-8.00375946266766,0.0639580760121027
"2025-02-15 19:00:00",-8.21249638720219,-0.370297863223152
"2025-02-15 20:00:00",-8.80216901387252,-0.697316544531938
"2025-02-15 21:00:00",-9.45414291204986,-0.579422161199618
"2025-02-15 22:00:00",-9.40750673321378,0.473967793754462
"2025-02-15 23:00:00",-7.94813112706034,2.05907692011618
"2025-02-16 00:00:00",-6.55721292713593,0.889632974031815
"2025-02-16 01:00:00",-6.28662117806542,-0.146504172034135
"2025-02-16 02:00:00",-6.01563342843336,0.544534739775465
"2025-02-16 03:00:00",-5.64916274288339,0.238100591116765
"2025-02-16 04:00:00",-5.38435046699661,0.277315541978305
"2025-02-16 05:00:00",-5.07251417895115,0.326969720187196
"2025-02-16 06:00:00",-5.00610716325053,-0.103917715488774
"2025-02-16 07:00:00",-5.3011363553655,-0.401964243211259
"2025-02-16 08:00:00",-5.68711098998634,-0.350142788043896
"2025-02-16 09:00:00",-6.16386723054735,-0.531180244942093
"2025-02-16 10:00:00",-6.91386115418107,-0.852285280948016
"2025-02-16 11:00:00",-7.56004286060789,-0.469166336209725
"2025-02-16 12:00:00",-8.02603663170572,-0.431993200657669
"2025-02-16 13:00:00",-8.44175967177457,-0.374779242249039
"2025-02-16 14:00:00",-8.57510745667791,0.0448184139846668
"2025-02-16 15:00:00",-9.13307019395223,-0.922246165822732
"2025-02-16 16:00:00",-10.4151027316978,-1.44919586629768
"2025-02-16 17:00:00",-11.6349349803387,-0.995539255526072
"2025-02-16 18:00:00",-12.4510965819281,-0.642802319922573
"2025-02-16 19:00:00",-12.7084092916292,0.0279477813522019
"2025-02-16 20:00:00",-11.959580773893,1.21019969945539
"2025-02-16 21:00:00",-11.253116139481,0.352487255013871
"2025-02-16 22:00:00",-11.2720090493422,-0.251077004247638
"2025-02-16 23:00:00",-11.9098711075972,-0.850878543660623
"2025-02-17 00:00:00",-13.0092788107892,-1.19750085226906
"2025-02-17 01:00:00",-14.584032192383,-1.73465584627516
"2025-02-17 02:00:00",-15.2420466980892,0.109795597140985
"2025-02-17 03:00:00",-15.2628011083021,-0.0871592054211118
"2025-02-17 04:00:00",-15.5004950236053,-0.307086050347464
"2025-02-17 05:00:00",-16.0580003956685,-0.677982596064914
"2025-02-17 06:00:00",-16.7401194496977,-0.631770517626198
"2025-02-17 07:00:00",-17.144735376514,-0.212383759971992
"2025-02-17 08:00:00",-16.7786299815628,0.756453848237052
"2025-02-17 09:00:00",-15.6738958936492,1.3060416037765
"2025-02-17 10:00:00",-14.6070886177393,0.876823739007356
"2025-02-17 11:00:00",-13.3219895961074,1.51503349196695
"2025-02-17 12:00:00",-11.9627450645099,1.20796321232469
"2025-02-17 13:00:00",-10.8934306048497,0.94148552636684
"2025-02-17 14:00:00",-10.1717633369002,0.554868303029614
"2025-02-17 15:00:00",-10.077298949068,-0.203847962255879
"2025-02-17 16:00:00",-10.2998883966883,-0.211520688875719
"2025-02-17 17:00:00",-10.063382229252,0.537219457728527
"2025-02-17 18:00:00",-9.90640956028715,-0.0910125132583369
"2025-02-17 19:00:00",-10.4809345112625,-0.856794712572132
"2025-02-17 20:00:00",-11.1025904583058,-0.421853043273474
"2025-02-17 21:00:00",-11.8089089093097,-0.848088300679448
"2025-02-17 22:00:00",-12.5261054610838,-0.580639233692274
"2025-02-17 23:00:00",-13.0935969943401,-0.515618629987822
"2025-02-18 00:00:00",-13.7562941408639,-0.712384538243162
"2025-02-18 01:00:00",-15.018949165258,-1.55176895571598
"2025-02-18 02:00:00",-15.9502074092456,-0.453985285870078
"2025-02-18 03:00:00",-16.1524161674279,-0.00419838010048006
"2025-02-18 04:00:00",-16.1175048238653,0.0801390203189583
"2025-02-18 05:00:00",-16.2867384979691,-0.306668503752483
"2025-02-18 06:00:00",-16.7241246012461,-0.482758369146257
"2025-02-18 07:00:00",-17.1287912619866,-0.311826268405336
"2025-02-18 08:00:00",-16.417773679632,1.38118693908986
"2025-02-18 09:00:00",-14.3354849945506,2.47188879694054
"2025-02-18 10:00:00",-12.1174742369919,1.96183579144852
"2025-02-18 11:00:00",-10.6548202090143,1.07598195852923
"2025-02-18 12:00:00",-9.84810642101906,0.602599944191361
"2025-02-18 13:00:00",-9.61679416446992,-0.014510265482828
"2025-02-18 14:00:00",-9.44291133461835,0.303605461662045
"2025-02-18 15:00:00",-9.74375261749357,-0.677335086109738
"2025-02-18 16:00:00",-10.8381067465307,-1.30780336100974
"2025-02-18 17:00:00",-12.0493138121101,-1.07528890587267
"2025-02-18 18:00:00",-12.7616655589222,-0.421020541920663
"2025-02-18 19:00:00",-12.9284391675228,0.0270910820390154
"2025-02-18 20:00:00",-12.9022805331343,0.0409535020745044
"2025-02-18 21:00:00",-12.9725681330282,-0.124481236352345
"2025-02-18 22:00:00",-13.2583916773102,-0.36308471806024
"2025-02-18 23:00:00",-13.6483709437682,-0.372292392313783
"2025-02-19 00:00:00",-14.0702754595358,-0.41734284264013
"2025-02-19 01:00:00",-15.2492692531084,-1.61259658468327
"2025-02-19 02:00:00",-16.1416845321009,-0.350245385146904
"2025-02-19 03:00:00",-16.6250023182968,-0.528264165060973
"2025-02-19 04:00:00",-17.3221210830649,-0.755137053071422
"2025-02-19 05:00:00",-18.0156097446321,-0.597115083626879
"2025-02-19 06:00:00",-18.5735004792513,-0.482016165403821
"2025-02-19 07:00:00",-18.6192960770031,0.271123105475147
"2025-02-19 08:00:00",-17.0222268946902,2.42911932822366
"2025-02-19 09:00:00",-14.1181745837727,3.10460501346537
"2025-02-19 10:00:00",-11.4835233826993,2.21434964425259
"2025-02-19 11:00:00",-9.5930470066531,1.59952791111432
"2025-02-19 12:00:00",-8.22350681598207,1.16349952554628
"2025-02-19 13:00:00",-7.71263930269658,0.062107541847744
"2025-02-19 14:00:00",-7.3692545539839,0.524520766504894
"2025-02-19 15:00:00",-7.22775782625117,-0.111076157601289
"2025-02-19 16:00:00",-7.73804793364263,-0.742865924827844
"2025-02-19 17:00:00",-8.5293843657189,-0.776074543646958
"2025-02-19 18:00:00",-8.95186116858217,-0.155682208311021
"2025-02-19 19:00:00",-8.94437880438954,0.127436678606386
"2025-02-19 20:00:00",-8.89365357061259,0.008700392459082
"2025-02-19 21:00:00",-8.90717858152771,-0.0162386728356627
"2025-02-19 22:00:00",-9.00078116461137,-0.129251964948702
"2025-02-19 23:00:00",-9.1363836394532,-0.121793966639062
"2025-02-20 00:00:00",-9.26186607688669,-0.110205427423045
"2025-02-20 01:00:00",-9.41448301550474,-0.161703742148746
"2025-02-20 02:00:00",-9.64263305163804,-0.249473811465255
"2025-02-20 03:00:00",-9.83848272104151,-0.138368740519423
"2025-02-20 04:00:00",-9.93956115804381,-0.0587376466900024
"2025-02-20 05:00:00",-10.187217087037,-0.349022794937487
"2025-02-20 06:00:00",-10.6926247276485,-0.572518591557852
"2025-02-20 07:00:00",-11.2226593865783,-0.462747140142255
"2025-02-20 08:00:00",-11.2978459471309,0.201217077033352
"2025-02-20 09:00:00",-10.7445230716893,0.776320912603928
"2025-02-20 10:00:00",-9.74133655984282,1.12060225451289
"2025-02-20 11:00:00",-8.6971828053552,0.956124078274285
"2025-02-20 12:00:00",-7.6826796315742,1.01642052581707
"2025-02-20 13:00:00",-6.94657573544209,0.524149986715619
"2025-02-20 14:00:00",-6.27463854202319,0.747481635515033
"2025-02-20 15:00:00",-5.82370189934226,0.239900576419781
"2025-02-20 16:00:00",-5.95824720681203,-0.370273771929383
"2025-02-20 17:00:00",-6.25956842963275,-0.233357271848321
"2025-02-20 18:00:00",-6.33750772546386,0.0374406139314687
"2025-02-20 19:00:00",-6.29245727282139,0.056149308974472
"2025-02-20 20:00:00",-6.20338367162762,0.114898470939855
"2025-02-20 21:00:00",-6.19146484002584,-0.0493058223598616
"2025-02-20 22:00:00",-5.89701929980039,0.517595671795824
"2025-02-20 23:00:00",-5.47182602941209,0.350986673648647
"2025-02-21 00:00:00",-4.72261816332836,0.986133266625204
"2025-02-21 01:00:00",-3.32043788776062,1.61899509763482
"2025-02-21 02:00:00",-1.7177317059456,1.51996622245053
"2025-02-21 03:00:00",-0.556780714327508,0.868657368488554
"2025-02-21 04:00:00",-0.319483335821152,-0.19416091747597
"2025-02-21 05:00:00",0.0306630357320106,0.696784715591094
"2025-02-21 06:00:00",-0.155716287453241,-0.766328279211776
"2025-02-21 07:00:00",-0.653292293351858,-0.294565706190494
"2025-02-21 08:00:00",-0.946730789012126,-0.277901196374386
"2025-02-21 09:00:00",-1.39985727507109,-0.54718913789199
"2025-02-21 10:00:00",-1.75663095657248,-0.211074684561772
"2025-02-21 11:00:00",-1.74219990472645,0.166343499885483
"2025-02-21 12:00:00",-1.55419042362339,0.19576412584533
"2025-02-21 13:00:00",-1.42849003197304,0.0750215465901596
"2025-02-21 14:00:00",-1.08246723038577,0.512085214675876
"2025-02-21 15:00:00",-0.54991774868544,0.522280549172852
"2025-02-21 16:00:00",-0.241419502730101,0.152028103835109
"2025-02-21 17:00:00",-0.00964120820483955,0.274241325790597
"2025-02-21 18:00:00",0.240962087651149,0.22294879179786
"2025-02-21 19:00:00",0.15445727846881,-0.289003570946525
"2025-02-21 20:00:00",-0.120699907738203,-0.253050159495865
"2025-02-21 21:00:00",-0.352657055932351,-0.206717390490239
"2025-02-21 22:00:00",-0.532275219069882,-0.152562545068021
"2025-02-21 23:00:00",-0.638436979380239,-0.0694978007661819
"2025-02-22 00:00:00",-0.696159595880659,-0.0463069976588799
"2025-02-22 01:00:00",-0.373575119478271,0.554076028293783
"2025-02-22 02:00:00",-0.134459303636779,0.018264649008777
"2025-02-22 03:00:00",-0.224249699266244,-0.157385828326032
"2025-02-22 04:00:00",-0.43587419780897,-0.237437773223428
"2025-02-22 05:00:00",-0.747454878668555,-0.345640670817985
"2025-02-22 06:00:00",-1.29704631914714,-0.658476921897037
"2025-02-22 07:00:00",-1.74931824740391,-0.291641217603153
"2025-02-22 08:00:00",-1.58055221335751,0.469933521782933
"2025-02-22 09:00:00",-0.961644926162733,0.690848067559041
"2025-02-22 10:00:00",-0.0980449072239648,0.938967492647464
"2025-02-22 11:00:00",0.927360461078433,1.03442938050787
"2025-02-22 12:00:00",1.91805300804889,0.913263085315644
"2025-02-22 13:00:00",3.03660818223305,1.1997896347176
"2025-02-22 14:00:00",3.94410773920161,0.665606044575584
"2025-02-22 15:00:00",4.21874328433976,-0.00413991148359083
"2025-02-22 16:00:00",3.69742774470839,-0.84675713617066
"2025-02-22 17:00:00",2.76574641799716,-0.948788087841687
"2025-02-22 18:00:00",2.11029345933139,-0.432316738327303
"2025-02-22 19:00:00",1.8368669274156,-0.157227780824538
"2025-02-22 20:00:00",1.70141012239759,-0.116873225003636
"2025-02-22 21:00:00",1.57640269028899,-0.126682301997614
"2025-02-22 22:00:00",1.640909093622,0.186866736366438
"2025-02-22 23:00:00",2.14166317806741,0.684098797317146
"2025-02-23 00:00:00",2.6649497353257,0.388454231453708
"2025-02-23 01:00:00",3.27621722079559,0.727326062270557
"2025-02-23 02:00:00",3.77310537266126,0.315431951284668
"2025-02-23 03:00:00",3.9679729568666,0.100370709174563
"2025-02-23 04:00:00",4.31857384535492,0.495644745489542
"2025-02-23 05:00:00",4.83717244920964,0.50369254954989
"2025-02-23 06:00:00",4.84012354198052,-0.337244293315473
"2025-02-23 07:00:00",4.3423976305081,-0.58729719443984
"2025-02-23 08:00:00",4.15905910268877,0.0890792301727786
"2025-02-23 09:00:00",4.2194115503748,0.0329743282391244
"2025-02-23 10:00:00",4.12133156190224,-0.186224472839738
"2025-02-23 11:00:00",3.85175275758567,-0.31764793733636
"2025-02-23 12:00:00",3.79977329397582,0.122636536030848
"2025-02-23 13:00:00",4.98890766990866,1.83871764006117
"2025-02-23 14:00:00",6.18036973740551,0.696919453033054
"2025-02-23 15:00:00",6.60215072142175,0.2103516810124
"2025-02-23 16:00:00",6.12158885670091,-0.926834617883421
"2025-02-23 17:00:00",5.05311554619172,-1.12001259663142
"2025-02-23 18:00:00",3.51714367402555,-1.74679639309906
"2025-02-23 19:00:00",2.15929481420097,-1.03856296013652
"2025-02-23 20:00:00",1.45575578446037,-0.449544255152268
"2025-02-23 21:00:00",1.2356746049285,-0.0585261470365074
"2025-02-23 22:00:00",0.636249951245558,-0.933125570903701
"2025-02-23 23:00:00",-0.389629606118483,-1.03978523441862
"2025-02-24 00:00:00",-0.861044386556342,-0.0696041496614123
"2025-02-24 01:00:00",-0.8111046307669,0.128370778019177
"2025-02-24 02:00:00",-0.712904424861034,0.0744656065262404
"2025-02-24 03:00:00",-0.873107565153292,-0.308114930150607
"2025-02-24 04:00:00",-1.16510477850986,-0.266251648031424
"2025-02-24 05:00:00",-1.53654307400077,-0.42240968329871
"2025-02-24 06:00:00",-1.94105406875154,-0.371376652320463
"2025-02-24 07:00:00",-1.99956029274598,0.15535194636164
"2025-02-24 08:00:00",-1.15236338270892,1.2707374583101
"2025-02-24 09:00:00",0.228648775738264,1.39038750234966
"2025-02-24 10:00:00",1.44235714267147,1.03795499118287
"2025-02-24 11:00:00",2.78667361807912,1.48281434112821
"2025-02-24 12:00:00",4.2362410566242,1.35492980319511
"2025-02-24 13:00:00",6.9417287992788,3.47182263632292
"2025-02-24 14:00:00",8.98144599064401,0.979125241660804
"2025-02-24 15:00:00",9.34233370395639,-0.0799862735335189
"2025-02-24 16:00:00",8.98380786467339,-0.53921731608095
"2025-02-24 17:00:00",8.34658958895384,-0.683847436816025
"2025-02-24 18:00:00",7.97025962882257,-0.164194197035647
"2025-02-24 19:00:00",7.84697444129001,-0.100424984717241
"2025-02-24 20:00:00",7.85523256002624,0.070208298187391
"2025-02-24 21:00:00",8.06943119336821,0.289889766962607
"2025-02-24 22:00:00",8.31771649463699,0.198352868002311
"2025-02-24 23:00:00",8.16380398159306,-0.392156478686182
"2025-02-25 00:00:00",7.6885797778199,-0.518539244260204
"2025-02-25 01:00:00",8.12110554971277,1.03609757696668
"2025-02-25 02:00:00",8.41282583942359,-0.228850025232543
"2025-02-25 03:00:00",8.00514885486749,-0.518361123904872
"2025-02-25 04:00:00",7.44209527964974,-0.576407494899995
"2025-02-25 05:00:00",6.94617825396955,-0.428281813564541
"2025-02-25 06:00:00",6.36675793007886,-0.661594760601161
"2025-02-25 07:00:00",5.52353042307235,-0.932448504374179
"2025-02-25 08:00:00",4.92163842586349,-0.360040795421879
"2025-02-25 09:00:00",5.01849107134349,0.390498744602331
"2025-02-25 10:00:00",5.39962790585801,0.350317483522044
"2025-02-25 11:00:00",5.63449373760287,0.139780755073948
"2025-02-25 12:00:00",5.71211582868933,0.0252345465348088
"2025-02-25 13:00:00",6.11530179806652,0.628629578029555
"2025-02-25 14:00:00",6.56168523728283,0.295796062522997
"2025-02-25 15:00:00",6.74360760194397,0.0889076569846462
"2025-02-25 16:00:00",6.3009318505297,-0.784712813717997
"2025-02-25 17:00:00",5.07500862099328,-1.46992280218737
"2025-02-25 18:00:00",4.40962905443991,-0.103947704262075
"2025-02-25 19:00:00",4.52231041570068,0.246061521422679
"2025-02-25 20:00:00",4.70916403944482,0.132675765831705
"2025-02-25 21:00:00",4.4241488556066,-0.555995578014453
"2025-02-25 22:00:00",3.91701307405981,-0.456165307315122
"2025-02-25 23:00:00",3.40279251935665,-0.533535414230644
"2025-02-26 00:00:00",2.89094669678222,-0.477448578459919
"2025-02-26 01:00:00",3.64574799881947,1.53669439643375
"2025-02-26 02:00:00",4.28925878277893,0.0127879978780794
"2025-02-26 03:00:00",4.26890345606091,-0.0470103509583731
"2025-02-26 04:00:00",4.03804863735006,-0.347946542434604
"2025-02-26 05:00:00",3.44885145648994,-0.727233360624889
"2025-02-26 06:00:00",2.84355703941074,-0.499684136076921
"2025-02-26 07:00:00",2.33848711093974,-0.488323992880339
"2025-02-26 08:00:00",1.65081645924917,-0.790901873830816
"2025-02-26 09:00:00",0.893480625733773,-0.70109797459994
"2025-02-26 10:00:00",1.16044269150578,0.898487311480741
"2025-02-26 11:00:00",1.90257928845197,0.60114335442486
"2025-02-26 12:00:00",2.34325721727765,0.310310400135527
"2025-02-26 13:00:00",2.65235833904113,0.290587152138753
"2025-02-26 14:00:00",3.02514692372325,0.406456121666852
"2025-02-26 15:00:00",3.35825480783344,0.264482622271508
"2025-02-26 16:00:00",3.26840194758255,-0.326130202990861
"2025-02-26 17:00:00",2.97431480472936,-0.262962280525222
"2025-02-26 18:00:00",2.58387152869451,-0.460708244801355
"2025-02-26 19:00:00",2.49087805022613,0.153234978336785
"2025-02-26 20:00:00",2.60362997648888,0.0771960475943576
"2025-02-26 21:00:00",2.69544858184053,0.0938486249785558
"2025-02-26 22:00:00",2.88319331520402,0.23794622804355
"2025-02-26 23:00:00",3.15224834024089,0.273293280118698
"2025-02-27 00:00:00",3.34713640165511,0.129295870620129
"2025-02-27 01:00:00",4.34218867755697,1.52061610260205
"2025-02-27 02:00:00",5.11432559752002,0.230872460698501
"2025-02-27 03:00:00",5.20439201987975,-0.0146728786759416
"2025-02-27 04:00:00",5.18795724466798,-0.0235347399869577
"2025-02-27 05:00:00",4.78887257040134,-0.63716799523865
"2025-02-27 06:00:00",4.1539126283814,-0.609485963467691
"2025-02-27 07:00:00",3.08507573392513,-1.329627941428
"2025-02-27 08:00:00",2.03696375283211,-0.814607655412629
"2025-02-27 09:00:00",1.66537498261578,-0.0612150042794417
"2025-02-27 10:00:00",1.81872054971015,0.286950651403781
"2025-02-27 11:00:00",2.52303109017374,0.946733781795336
"2025-02-27 12:00:00",3.27052355553967,0.57589563887573
"2025-02-27 13:00:00",3.71110893644151,0.325229351162542
"2025-02-27 14:00:00",3.39743488346822,-0.729478982430934
"2025-02-27 15:00:00",2.55837006963108,-0.876626898518414
"2025-02-27 16:00:00",1.8963422391088,-0.490801772053707
"2025-02-27 17:00:00",1.65537118523619,-0.0654128870063456
"2025-02-27 18:00:00",1.76938461201719,0.226077997665126
"2025-02-27 19:00:00",1.49270534531075,-0.600977508797577
"2025-02-27 20:00:00",1.53459640257356,0.466548724133975
"2025-02-27 21:00:00",1.95926371122493,0.37458944536125
"2025-02-27 22:00:00",2.05673474962345,-0.094427901903974
"2025-02-27 23:00:00",1.82771040246457,-0.310521002952959
"2025-02-28 00:00:00",1.09834031960388,-0.976294063007132
"2025-02-28 01:00:00",1.17525104190494,0.773965307786078
"2025-02-28 02:00:00",1.27498491866603,-0.355999856000641
"2025-02-28 03:00:00",1.03745118324164,-0.148913146834162
"2025-02-28 04:00:00",0.916419987560016,-0.0980290730312578
"2025-02-28 05:00:00",0.672564752389827,-0.330664083383534
"2025-02-28 06:00:00",0.114078587961825,-0.684692743870383
"2025-02-28 07:00:00",-0.568713643305643,-0.649226397509058
"2025-02-28 08:00:00",-1.35098653503022,-0.833063107700609
"2025-02-28 09:00:00",-2.03666485961344,-0.553099595440874
"2025-02-28 10:00:00",-2.36479071984049,-0.159929138906588
"2025-02-28 11:00:00",-2.31873833477736,0.184229958179637
"2025-02-28 12:00:00",-2.12150858616017,0.199511814264096
"2025-02-28 13:00:00",-2.0066838127724,0.0556450681680658
"2025-02-28 14:00:00",-1.62623004741696,0.581496120689072
"2025-02-28 15:00:00",-1.68062491618785,-0.473634664135137
"2025-02-28 16:00:00",-2.07664078174353,-0.323286809542739
"2025-02-28 17:00:00",-1.89896420333591,0.505879396183238
"2025-02-28 18:00:00",-1.22780466002512,0.751898371666795
"2025-02-28 19:00:00",-0.567853113530119,0.568876370064437
"2025-02-28 20:00:00",-0.0348326746753856,0.48451983334385
"2025-02-28 21:00:00",0.369757187833918,0.332123151408175
"2025-02-28 22:00:00",0.615453802819107,0.175928085653602
"2025-02-28 23:00:00",0.723857383658788,0.0574436659668751
"2025-03-01 00:00:00",0.748349910419663,0.000428843499242755
"2025-03-01 01:00:00",0.849864774101879,0.163116162691891
"2025-03-01 02:00:00",0.880367702436326,-0.0604490111383816
"2025-03-01 03:00:00",0.824958636134763,-0.0505505946688643
"2025-03-01 04:00:00",0.784014946165247,-0.033656615418354
"2025-03-01 05:00:00",0.699682642438835,-0.115118386013943
"2025-03-01 06:00:00",0.373965849966706,-0.451537111297255
"2025-03-01 07:00:00",-0.0339024490136536,-0.359856501103403
"2025-03-01 08:00:00",-0.410663567749522,-0.370083540507084
"2025-03-01 09:00:00",-0.70051982510329,-0.222069344043269
"2025-03-01 10:00:00",-1.02956712604646,-0.383825929812078
"2025-03-01 11:00:00",-1.32774597540209,-0.225585798290114
"2025-03-01 12:00:00",-1.43524056578424,-0.0219494482314874
"2025-03-01 13:00:00",-1.73318952028847,-0.465937726292426
"2025-03-01 14:00:00",-1.91733571349841,0.0146955412491853
"2025-03-01 15:00:00",-1.55754115409664,0.575230145249979
"2025-03-01 16:00:00",-1.09558862262682,0.36649075271294
"2025-03-01 17:00:00",-1.63792353384882,-1.12102526432376
"2025-03-01 18:00:00",-2.14244853192605,-0.0674464460050987
"2025-03-01 19:00:00",-2.15286695403198,0.030855444156253
"2025-03-01 20:00:00",-2.25026390019862,-0.175494678585098
"2025-03-01 21:00:00",-2.47231866827771,-0.239642722725769
"2025-03-01 22:00:00",-2.67755371715216,-0.169358530860471
"2025-03-01 23:00:00",-2.44038417960527,0.50036380686786
"2025-03-02 00:00:00",-1.95908791195412,0.448858568952865
"2025-03-02 01:00:00",-1.19698129875881,0.937244767009515
"2025-03-02 02:00:00",-0.576597945504869,0.381208189625493
"2025-03-02 03:00:00",-0.243640345497656,0.285712154683835
"2025-03-02 04:00:00",-0.286062492999656,-0.258844822633501
"2025-03-02 05:00:00",-1.15731254494979,-1.23774343947377
"2025-03-02 06:00:00",-2.35469675690403,-1.11208827924703
"2025-03-02 07:00:00",-3.26992963154619,-0.737472627595331
"2025-03-02 08:00:00",-3.8769086388874,-0.486927862265947
"2025-03-02 09:00:00",-3.89595059803419,0.29877733076167
"2025-03-02 10:00:00",-3.2647937398127,0.827767599512176
"2025-03-02 11:00:00",-1.75482047905578,1.8972233842156
"2025-03-02 12:00:00",-0.265870109790698,1.14828025153556
"2025-03-02 13:00:00",0.120645298555516,-0.139343597312861
"2025-03-02 14:00:00",0.130780567670316,0.109149077087814
"2025-03-02 15:00:00",0.26856898518196,0.150164847954423
"2025-03-02 16:00:00",0.517695727156582,0.302915802857584
"2025-03-02 17:00:00",0.914758305889764,0.440290775626964
"2025-03-02 18:00:00",1.46526606094311,0.596645970552051
"2025-03-02 19:00:00",2.06274688857572,0.567757349251512
"2025-03-02 20:00:00",2.47600941978094,0.287971711041004
"2025-03-02 21:00:00",2.55946298759312,-0.0600457902124694
"2025-03-02 22:00:00",2.58281240821344,0.0745376253537981
"2025-03-02 23:00:00",2.51258171808268,-0.166732151966577
"2025-03-03 00:00:00",2.39762626598255,-0.078213328569292
"2025-03-03 01:00:00",2.73404654299703,0.593761960229527
"2025-03-03 02:00:00",3.15366831574493,0.280067040217762
"2025-03-03 03:00:00",3.37170198467123,0.162254164338544
"2025-03-03 04:00:00",3.36656674878708,-0.120827019676423
"2025-03-03 05:00:00",2.92673482806086,-0.635935871519253
"2025-03-03 06:00:00",1.72293428976843,-1.52893813087008
"2025-03-03 07:00:00",0.591770369091827,-0.814453581418205
"2025-03-03 08:00:00",0.208148920188388,-0.0789379923053419
"2025-03-03 09:00:00",0.358301678332125,0.295473960085664
"2025-03-03 10:00:00",0.822351323199542,0.553918487435252
"2025-03-03 11:00:00",1.29659238320637,0.397528364625441
"2025-03-03 12:00:00",1.70254145953562,0.390601566722404
"2025-03-03 13:00:00",2.07602761646644,0.342134367062186
"2025-03-03 14:00:00",2.42474846988651,0.333865619113877
"2025-03-03 15:00:00",2.67284385188528,0.176002337453008
"2025-03-03 16:00:00",2.56784259199406,-0.290788446105286
"2025-03-03 17:00:00",1.60299236675264,-1.37167699381762
"2025-03-03 18:00:00",0.751894330499731,-0.465673244036464
"2025-03-03 19:00:00",0.457411581013698,-0.167332939841762
"2025-03-03 20:00:00",0.375350115787059,-0.0219046872907827
"2025-03-03 21:00:00",0.274527367532173,-0.149126541540548
"2025-03-03 22:00:00",-0.0113731392505502,-0.363849554798031
"2025-03-03 23:00:00",-0.366301408473342,-0.332100227485739
"2025-03-04 00:00:00",-0.695898743310114,-0.311794500056279
"2025-03-04 01:00:00",-0.874797543876681,-0.0809052776824224
"2025-03-04 02:00:00",-1.05823356501729,-0.241944672096899
"2025-03-04 03:00:00",-1.33571542187567,-0.286623518086723
"2025-03-04 04:00:00",-1.66993720513764,-0.348350222049292
"2025-03-04 05:00:00",-2.06497307383943,-0.405235382443241
"2025-03-04 06:00:00",-2.56322576291676,-0.533925615354433
"2025-03-04 07:00:00",-2.53943386013057,0.397769679694118
"2025-03-04 08:00:00",-1.69007109426577,1.11333086295732
"2025-03-04 09:00:00",-0.379717154248896,1.3816110781739
"2025-03-04 10:00:00",1.02798043591174,1.35868472127114
"2025-03-04 11:00:00",2.23986900984855,1.05511331344802
"2025-03-04 12:00:00",3.14235347564753,0.754961854192451
"2025-03-04 13:00:00",3.73034807028909,0.444694622392483
"2025-03-04 14:00:00",4.12775473475413,0.342190472744903
"2025-03-04 15:00:00",4.3442399287127,0.117076847868458
"2025-03-04 16:00:00",3.94254088604363,-0.734053276240656
"2025-03-04 17:00:00",2.79235309389449,-1.37803026786295
"2025-03-04 18:00:00",1.9108283399011,-0.512235399831867
"2025-03-04 19:00:00",1.60066553081212,-0.16317357443476
"2025-03-04 20:00:00",1.36096046512146,-0.281397177063717
"2025-03-04 21:00:00",0.902015129193589,-0.557253713925842
"2025-03-04 22:00:00",0.381999596693795,-0.471642026937251
"2025-03-04 23:00:00",0.00913850044304454,-0.289782379462764
"2025-03-05 00:00:00",-0.262979265506976,-0.247422470587429
"2025-03-05 01:00:00",-0.139090521601365,0.365877128010909
"2025-03-05 02:00:00",0.00454536855477194,-0.01116868335648
"2025-03-05 03:00:00",-0.0558575970965677,-0.0903608125062828
"2025-03-05 04:00:00",-0.327233487393497,-0.379082982400111
"2025-03-05 05:00:00",-0.710076976691588,-0.366736303322366
"2025-03-05 06:00:00",-1.19741146210034,-0.543659090284926
"2025-03-05 07:00:00",-1.02007198650447,0.651112979237837
"2025-03-05 08:00:00",-0.0166922639345637,1.19185474765339
"2025-03-05 09:00:00",1.4972780492995,1.65678900564166
"2025-03-05 10:00:00",3.31026473121056,1.82903535740615
"2025-03-05 11:00:00",5.0932570225148,1.6633051926159
"2025-03-05 12:00:00",6.70197105149813,1.48931232987589
"2025-03-05 13:00:00",8.3246841800983,1.62589907494024
"2025-03-05 14:00:00",9.311728360383,0.503517262571309
"2025-03-05 15:00:00",9.40761110578374,-0.192424342932688
"2025-03-05 16:00:00",8.5517366949127,-1.26961898153357
"2025-03-05 17:00:00",6.70395765821725,-2.15642701406951
"2025-03-05 18:00:00",5.20642230895896,-0.995758440890515
"2025-03-05 19:00:00",4.46247251752944,-0.547437154466606
"2025-03-05 20:00:00",3.97156572671042,-0.435643266520843
"2025-03-05 21:00:00",3.5416213100396,-0.410832307664699
"2025-03-05 22:00:00",3.09919795796381,-0.447023736692521
"2025-03-05 23:00:00",2.50854780853634,-0.662325769610802
"2025-03-06 00:00:00",1.7533316703957,-0.78448712161423
"2025-03-06 01:00:00",1.5458513178141,0.184784319264302
"2025-03-06 02:00:00",1.56920326474885,-0.0873694614815366
"2025-03-06 03:00:00",1.30541432105687,-0.370886930395929
"2025-03-06 04:00:00",0.791529432833621,-0.586477919637304
"2025-03-06 05:00:00",0.0319224155456865,-0.839948388103162
"2025-03-06 06:00:00",-0.901156603471856,-0.950866876229996
"2025-03-06 07:00:00",-1.00331956579894,0.469646023771233
"2025-03-06 08:00:00",0.0693683695656138,1.42502850999683
"2025-03-06 09:00:00",1.73019894744923,1.73901830882223
"2025-03-06 10:00:00",3.55085738448074,1.78633822329098
"2025-03-06 11:00:00",5.28023900039375,1.60465646426532
"2025-03-06 12:00:00",6.75973637204508,1.31895053044851
"2025-03-06 13:00:00",8.59586390966665,2.08494421137249
"2025-03-06 14:00:00",9.9763529014821,0.834183578149728
"2025-03-06 15:00:00",10.4018005708991,0.119889186812164
"2025-03-06 16:00:00",9.46812721354295,-1.60507266648593
"2025-03-06 17:00:00",7.58894308431765,-1.98482497972933
"2025-03-06 18:00:00",6.31686279858938,-0.746255833089909
"2025-03-06 19:00:00",5.77219917998843,-0.392528898452149
"2025-03-06 20:00:00",5.39949202282816,-0.349220112620194
"2025-03-06 21:00:00",5.08517802573514,-0.283065409730894
"2025-03-06 22:00:00",4.74398387690792,-0.370285397861709
"2025-03-06 23:00:00",4.39517079321036,-0.324036153099472
"2025-03-07 00:00:00",4.04646524818186,-0.354244862789854
"2025-03-07 01:00:00",3.3910102234892,-0.830325859606659
"2025-03-07 02:00:00",2.37606971840448,-1.09415517471229
"2025-03-07 03:00:00",1.54302960751938,-0.622442607851037
"2025-03-07 04:00:00",0.83406851598129,-0.734938071149735
"2025-03-07 05:00:00",0.294201315029189,-0.385242787983107
"2025-03-07 06:00:00",-0.453570735050901,-0.954299597157815
"2025-03-07 07:00:00",-0.533016023400925,0.508140713075494
"2025-03-07 08:00:00",0.51891844910952,1.36515710709491
"2025-03-07 09:00:00",2.18007431476387,1.7788792993332
"2025-03-07 10:00:00",4.08742911002327,1.89955816933608
"2025-03-07 11:00:00",6.30867934197154,2.32488855375931
"2025-03-07 12:00:00",8.48304083838646,1.9625582243927
"2025-03-07 13:00:00",10.5066525856488,1.9572214685313
"2025-03-07 14:00:00",11.6537603894304,0.538992507880927
"2025-03-07 15:00:00",11.8956582946875,0.0173263682849522
"2025-03-07 16:00:00",10.9104031081927,-1.62214158729951
"2025-03-07 17:00:00",8.95908292730821,-2.09210248277869
"2025-03-07 18:00:00",7.47267604389436,-1.02352818111479
"2025-03-07 19:00:00",6.32962914044295,-1.1780371079508
"2025-03-07 20:00:00",5.47069209790243,-0.613547459398843
"2025-03-07 21:00:00",4.96244618068906,-0.420944066937954
"2025-03-07 22:00:00",4.42200655431278,-0.600815228400906
"2025-03-07 23:00:00",3.82670951131889,-0.569028360482949
"2025-03-08 00:00:00",3.19111571416499,-0.654698077018365
"2025-03-08 01:00:00",2.68882639173466,-0.380928796304869
"2025-03-08 02:00:00",2.36896101202421,-0.267422136457468
"2025-03-08 03:00:00",2.15101229115229,-0.177662851280652
"2025-03-08 04:00:00",1.86263749972033,-0.351249903754256
"2025-03-08 05:00:00",1.37523940181194,-0.557401368041845
"2025-03-08 06:00:00",0.599460886766686,-0.886268448933375
"2025-03-08 07:00:00",0.511922713965785,0.448326968403025
"2025-03-08 08:00:00",1.76112890993338,1.72309551535202
"2025-03-08 09:00:00",3.79889817130759,2.14844534267791
"2025-03-08 10:00:00",5.92502994666705,2.00532865636221
"2025-03-08 11:00:00",7.66691931854802,1.47585772101503
"2025-03-08 12:00:00",8.84967076475709,0.921267420017908
"2025-03-08 13:00:00",9.8498398983187,0.99383834484134
"2025-03-08 14:00:00",10.3777322281819,0.179489341080871
"2025-03-08 15:00:00",10.2692218432946,-0.308723312236939
"2025-03-08 16:00:00",9.31960523303797,-1.34497928738795
"2025-03-08 17:00:00",7.57575337617791,-1.93890488983046
"2025-03-08 18:00:00",6.33812713235364,-0.721065931643722
"2025-03-08 19:00:00",5.95412890963335,-0.149210151048435
"2025-03-08 20:00:00",5.85042927900954,-0.0761045215433037
"2025-03-08 21:00:00",5.54964466371948,-0.443814557618181
"2025-03-08 22:00:00",4.96794678211525,-0.653127881671155
"2025-03-08 23:00:00",4.21570847642174,-0.788966598201688
"2025-03-09 00:00:00",3.47305508206818,-0.681920378882584
"2025-03-09 01:00:00",3.69507686039592,0.809613996592656
"2025-03-09 02:00:00",3.80766557626074,-0.362198550002386
"2025-03-09 03:00:00",3.37701733464084,-0.460723011341447
"2025-03-09 04:00:00",2.84478212524783,-0.558969336683704
"2025-03-09 05:00:00",2.08044697994282,-0.868588428220785
"2025-03-09 06:00:00",1.14013268651243,-0.946128452395326
"2025-03-09 07:00:00",0.846731518363051,0.154216060999285
"2025-03-09 08:00:00",1.5414227084922,1.02089947640171
"2025-03-09 09:00:00",2.6903064469752,1.1776246496458
"2025-03-09 10:00:00",3.86265054559564,1.10964803560138
"2025-03-09 11:00:00",4.88953621039053,0.917937342531597
"2025-03-09 12:00:00",5.7922409334425,0.843353231837809
"2025-03-09 13:00:00",7.18442179942247,1.68444037178678
"2025-03-09 14:00:00",8.35401484990172,0.76153118248402
"2025-03-09 15:00:00",8.96684749947364,0.473815609895496
"2025-03-09 16:00:00",8.8414578190358,-0.530449322428455
"2025-03-09 17:00:00",7.40754035240186,-1.97947360514906
"2025-03-09 18:00:00",6.08854769607668,-0.825547110803211
"2025-03-09 19:00:00",5.22552062555598,-0.85484847218934
"2025-03-09 20:00:00",4.44144791671464,-0.706364616489714
"2025-03-09 21:00:00",3.69629837444175,-0.74131992537581
"2025-03-09 22:00:00",3.00172702363809,-0.635163611299103
"2025-03-09 23:00:00",2.09338105401595,-1.05116845784231
"2025-03-10 00:00:00",1.18818401449206,-0.767567546494189
"2025-03-10 01:00:00",0.769108368735843,-0.168368524119941
"2025-03-10 02:00:00",0.327524810218876,-0.603731137494587
"2025-03-10 03:00:00",-0.291022092805953,-0.599453008812081
"2025-03-10 04:00:00",-0.829888421354078,-0.472494300032824
"2025-03-10 05:00:00",-1.35857839742595,-0.539960728124236
"2025-03-10 06:00:00",-2.07811165502645,-0.80330383670384
"2025-03-10 07:00:00",-1.64293913178186,1.24280819483031
"2025-03-10 08:00:00",0.45654108800998,2.57293637896479
"2025-03-10 09:00:00",2.97926888374674,2.36878927276213
"2025-03-10 10:00:00",5.18162107927382,1.98290258673405
"2025-03-10 11:00:00",6.71391079356457,1.15239577600603
"2025-03-10 12:00:00",7.63477905571539,0.714108612259326
"2025-03-10 13:00:00",8.32702619222539,0.634939783770868
"2025-03-10 14:00:00",8.66809573763809,0.118221790876429
"2025-03-10 15:00:00",8.52204709423983,-0.326455486411012
"2025-03-10 16:00:00",7.72809453035547,-1.07886536910327
"2025-03-10 17:00:00",6.22218602908217,-1.72899769334388
"2025-03-10 18:00:00",5.0338625375468,-0.779429632336744
"2025-03-10 19:00:00",4.43448251435839,-0.457353440143059
"2025-03-10 20:00:00",3.82252730925887,-0.691655842347569
"2025-03-10 21:00:00",3.02287670530265,-0.838572703545045
"2025-03-10 22:00:00",2.1158405316809,-0.913471204981945
"2025-03-10 23:00:00",1.17058587736809,-0.924251831523181
"2025-03-11 00:00:00",0.264686970117315,-0.852124509380826
"2025-03-11 01:00:00",0.240387453200477,0.528388101770976
"2025-03-11 02:00:00",0.150483263249051,-0.49812965362553
"2025-03-11 03:00:00",-0.447567390863292,-0.636438457368745
"2025-03-11 04:00:00",-1.10769456459797,-0.6439738318749
"2025-03-11 05:00:00",-1.89572838570563,-0.845197958803106
"2025-03-11 06:00:00",-2.81076337351482,-0.915667518019138
"2025-03-11 07:00:00",-3.20914849029689,-0.0309830721309474
"2025-03-11 08:00:00",-3.19005639707464,0.0557030230404815
"2025-03-11 09:00:00",-2.53268595807894,1.03134813873526
"2025-03-11 10:00:00",-1.33577794639487,1.25366670257828
"2025-03-11 11:00:00",-0.103088943827749,1.16184879429665
"2025-03-11 12:00:00",1.38760702677377,1.63921963978996
"2025-03-11 13:00:00",0.368983154461307,-2.74387329627836
"2025-03-11 14:00:00",-0.319707239711363,0.713659026029057
"2025-03-11 15:00:00",0.993942583953514,1.6516251028051
"2025-03-11 16:00:00",1.72026203543741,0.0736644252290246
"2025-03-11 17:00:00",0.991732126339666,-1.23091453752778
"2025-03-11 18:00:00",0.457001449865742,-0.0464838345991687
"2025-03-11 19:00:00",0.363513194924486,-0.120970393555464
"2025-03-11 20:00:00",0.259018069962611,-0.089014678650117
"2025-03-11 21:00:00",-0.135121869224282,-0.579157832671355
"2025-03-11 22:00:00",-0.409473680355059,-0.0579400938586705
"2025-03-11 23:00:00",0.0430652388156857,0.771875793693297
"2025-03-12 00:00:00",0.322293418811312,-0.0625222458708467
"2025-03-12 01:00:00",0.663334598648518,0.593457550476788
"2025-03-12 02:00:00",1.07668131370176,0.27277811497838
"2025-03-12 03:00:00",1.33322357264456,0.232140407853428
"2025-03-12 04:00:00",1.50647839533785,0.124047485868323
"2025-03-12 05:00:00",1.46445917001188,-0.152673008875784
"2025-03-12 06:00:00",1.12177550817444,-0.45495827674083
"2025-03-12 07:00:00",0.645719942881844,-0.468943847051184
"2025-03-12 08:00:00",0.540273442671439,0.1410596444309
"2025-03-12 09:00:00",0.337206679847736,-0.42352708007766
"2025-03-12 10:00:00",0.105966454466284,-0.0924972928657567
"2025-03-12 11:00:00",-0.167860925841178,-0.381836507832241
"2025-03-12 12:00:00",-0.851417356899016,-0.852001177976306
"2025-03-12 13:00:00",-1.51716031004342,-0.508840093141369
"2025-03-12 14:00:00",-1.42514280703372,0.490164853522051
"2025-03-12 15:00:00",-0.861113490458248,0.58830558145876
"2025-03-12 16:00:00",-0.635135760885238,-0.0251987763074631
"2025-03-12 17:00:00",-0.777207733457983,-0.212416517173496
"2025-03-12 18:00:00",-0.83048880250085,0.0563408243370323
"2025-03-12 19:00:00",-0.732150941800792,0.122732623807783
"2025-03-12 20:00:00",-0.407782815686854,0.444319202816272
"2025-03-12 21:00:00",0.00397557002027349,0.371010514715543
"2025-03-12 22:00:00",0.10845093337675,-0.0781814577541875
"2025-03-12 23:00:00",-0.0471769401859096,-0.200002357216276
"2025-03-13 00:00:00",-0.151300063516022,-0.0351960590833687
"2025-03-13 01:00:00",-0.0936342863696357,0.117027345017755
"2025-03-13 02:00:00",-0.116075006103069,-0.114230831948775
"2025-03-13 03:00:00",-0.352984166959164,-0.307285985640167
"2025-03-13 04:00:00",-0.920228456938109,-0.713136957623258
"2025-03-13 05:00:00",-1.7892913453804,-0.930528638903318
"2025-03-13 06:00:00",-2.59850765553493,-0.687583679988522
"2025-03-13 07:00:00",-2.7344789679594,0.241573742315752
"2025-03-13 08:00:00",-2.25900084980287,0.612340954913705
"2025-03-13 09:00:00",-1.62980289445894,0.613447621842522
"2025-03-13 10:00:00",-1.17610277826444,0.32774419904234
"2025-03-13 11:00:00",-0.87178832103685,0.275749587004752
"2025-03-13 12:00:00",-0.859037695360566,-0.162061569164809
"2025-03-13 13:00:00",-1.31473645147863,-0.628692106187247
"2025-03-13 14:00:00",-1.55297343790712,0.0350770570412614
"2025-03-13 15:00:00",-1.35339467947545,0.301762005325771
"2025-03-13 16:00:00",-0.971448284047811,0.418995882812869
"2025-03-13 17:00:00",-1.02223977115246,-0.360312388003891
"2025-03-13 18:00:00",-1.37748960644995,-0.333676359683146
"2025-03-13 19:00:00",-1.86775588773549,-0.569585631350826
"2025-03-13 20:00:00",-2.41747111781333,-0.50793962340547
"2025-03-13 21:00:00",-2.41112643161516,0.352008742113371
"2025-03-13 22:00:00",-1.94651552749248,0.520706698193401
"2025-03-13 23:00:00",-1.86736339959222,-0.216465594524307
"2025-03-14 00:00:00",-1.94410210422714,0.0224638303332823
"2025-03-14 01:00:00",-1.35400279250935,0.942980588189888
"2025-03-14 02:00:00",-0.860194824218271,0.172643943672639
"2025-03-14 03:00:00",-0.685660093591364,0.168609899038797
"2025-03-14 04:00:00",-0.616875326599222,-0.000149264953249809
"2025-03-14 05:00:00",-1.16896418649139,-0.893012556885969
"2025-03-14 06:00:00",-2.20208308865848,-1.07592208451234
"2025-03-14 07:00:00",-2.67517905357354,-0.0458998703600483
"2025-03-14 08:00:00",-2.28382749039737,0.667698038817386
"2025-03-14 09:00:00",-1.46339595899377,0.886208689073931
"2025-03-14 10:00:00",-0.973426293819945,0.204417465057394
"2025-03-14 11:00:00",-1.0633979493438,-0.280698002294496
"2025-03-14 12:00:00",-1.02846577332867,0.245059072016896
"2025-03-14 13:00:00",-1.51585476530595,-0.951193755839143
"2025-03-14 14:00:00",-1.81873972344916,0.145659820591149
"2025-03-14 15:00:00",-1.5336711754366,0.366803473909911
"2025-03-14 16:00:00",-1.08672399517786,0.481113053593692
"2025-03-14 17:00:00",-1.03708355931994,-0.238961645510757
"2025-03-14 18:00:00",-1.19228012355391,-0.0906428987129128
"2025-03-14 19:00:00",-1.31982020584111,-0.144540798996939
"2025-03-14 20:00:00",-1.61629906357566,-0.381979984678927
"2025-03-14 21:00:00",-1.70832353096953,0.107731641431083
"2025-03-14 22:00:00",-1.76284312372438,-0.157893178786438
"2025-03-14 23:00:00",-2.05398828711213,-0.363871694557501
"2025-03-15 00:00:00",-2.33512779274784,-0.209979316744428
"2025-03-15 01:00:00",-1.85792016807127,0.915656941136117
"2025-03-15 02:00:00",-1.30796763490136,0.282414434287229
"2025-03-15 03:00:00",-1.11091985295863,0.132459500227814
"2025-03-15 04:00:00",-1.09634649625508,-0.0632770667012115
"2025-03-15 05:00:00",-1.35302030835827,-0.371993073534207
"2025-03-15 06:00:00",-1.76756725754426,-0.42147321923699
"2025-03-15 07:00:00",-2.15606783763566,-0.345780215056789
"2025-03-15 08:00:00",-2.58925671629737,-0.468097178949658
"2025-03-15 09:00:00",-2.74129660183835,0.0692227561957975
"2025-03-15 10:00:00",-2.7609897110549,-0.0745011236627117
"2025-03-15 11:00:00",-2.52275341144005,0.438961352951727
"2025-03-15 12:00:00",-2.06113311256784,0.458040916547213
"2025-03-15 13:00:00",-2.2103759232746,-0.544343893008219
"2025-03-15 14:00:00",-2.58026465249349,-0.233162097977327
"2025-03-15 15:00:00",-2.45482913836487,0.361860848972935
"2025-03-15 16:00:00",-2.11171520755657,0.317474925402301
"2025-03-15 17:00:00",-2.20849718336271,-0.36562840880507
"2025-03-15 18:00:00",-2.72214686722406,-0.585074702488857
"2025-03-15 19:00:00",-2.99021069787859,-0.0404808557520747
"2025-03-15 20:00:00",-2.96128442095254,0.0776755306452155
"2025-03-15 21:00:00",-2.95211830459972,-0.0331257239041101
"2025-03-15 22:00:00",-3.17433624063567,-0.333913538757449
"2025-03-15 23:00:00",-3.55148370127505,-0.383957347051782
"2025-03-16 00:00:00",-3.90703808404063,-0.315147251276803
"2025-03-16 01:00:00",-4.21382573287723,-0.281601730638427
"2025-03-16 02:00:00",-4.42759829067644,-0.152965621881543
"2025-03-16 03:00:00",-4.41513062033713,0.127867594994029
"2025-03-16 04:00:00",-4.40671312123195,-0.0659252275701472
"2025-03-16 05:00:00",-4.57247663134851,-0.218765792811562
"2025-03-16 06:00:00",-4.88751850394163,-0.358362179632372
"2025-03-16 07:00:00",-5.3552495135971,-0.512118018017921
"2025-03-16 08:00:00",-5.3459259579696,0.363403094707717
"2025-03-16 09:00:00",-4.41867777724238,1.26596504754967
"2025-03-16 10:00:00",-3.13926956634555,1.23326740136991
"2025-03-16 11:00:00",-2.27889028210123,0.574951988485984
"2025-03-16 12:00:00",-1.84891319234602,0.315833124824319
"2025-03-16 13:00:00",-1.73713768076911,-0.0271895957638378
"2025-03-16 14:00:00",-1.58429141962783,0.26784344806082
"2025-03-16 15:00:00",-1.51129007548902,-0.0583186611608041
"2025-03-16 16:00:00",-1.34558102169987,0.309131392245337
"2025-03-16 17:00:00",-1.777414174126,-0.903546818518858
"2025-03-16 18:00:00",-2.6544307243623,-0.815364372888151
"2025-03-16 19:00:00",-2.29598196346573,1.12736485014259
"2025-03-16 20:00:00",-1.54186499405626,0.472412695466857
"2025-03-16 21:00:00",-1.2960218983751,0.0851037847118244
"2025-03-16 22:00:00",-1.12120590737335,0.227986021798772
"2025-03-16 23:00:00",-0.946664656664553,0.132062698837674
"2025-03-17 00:00:00",-1.24025278286247,-0.562179557266511
"2025-03-17 01:00:00",-1.16531827893031,0.497707373703612
"2025-03-17 02:00:00",-1.18489261522654,-0.361991194061025
"2025-03-17 03:00:00",-2.14251352555348,-1.30766829534723
"2025-03-17 04:00:00",-3.38831071114649,-1.14259016149499
"2025-03-17 05:00:00",-4.63322897218981,-1.2496119624632
"2025-03-17 06:00:00",-5.64043132392438,-0.791766710367917
"2025-03-17 07:00:00",-5.70062938250361,0.437634936834573
"2025-03-17 08:00:00",-5.02294656880869,0.812854779889914
"2025-03-17 09:00:00",-4.57500675821356,0.189854013509159
"2025-03-17 10:00:00",-4.5019614434174,-0.00240156677238629
"2025-03-17 11:00:00",-4.39284324651712,0.1840794301256
"2025-03-17 12:00:00",-4.29246300775718,0.0454723157012309
"2025-03-17 13:00:00",-4.25186224382915,0.0409550446073186
"2025-03-17 14:00:00",-4.30284492710693,-0.104371869880267
"2025-03-17 15:00:00",-4.55382946588462,-0.331253413988936
"2025-03-17 16:00:00",-4.96069984151398,-0.432078567360113
"2025-03-17 17:00:00",-5.8623933521632,-1.16552461298749
"2025-03-17 18:00:00",-6.76614576073774,-0.678740568639894
"2025-03-17 19:00:00",-7.16803181224126,-0.189503301737462
"2025-03-17 20:00:00",-7.3349392413563,-0.134675740430699
"2025-03-17 21:00:00",-7.75714107679158,-0.5843681266972
"2025-03-17 22:00:00",-8.01658111878022,-0.0205007396989376
"2025-03-17 23:00:00",-8.06655262973991,-0.0569136139444911
"2025-03-18 00:00:00",-8.0872893623048,0.0147607013183666
"2025-03-18 01:00:00",-8.32347182942205,-0.3818305988125
"2025-03-18 02:00:00",-8.31537491094451,0.27838502998888
"2025-03-18 03:00:00",-8.21975793020178,-0.0200548265196656
"2025-03-18 04:00:00",-8.29201006665704,-0.0930244352562778
"2025-03-18 05:00:00",-8.41937003721141,-0.133512828320136
"2025-03-18 06:00:00",-8.37813034619709,0.166628880450961
"2025-03-18 07:00:00",-7.66884214935922,1.04814605979096
"2025-03-18 08:00:00",-6.25956264276588,1.59294504681545
"2025-03-18 09:00:00",-4.72410960639,1.43222798138051
"2025-03-18 10:00:00",-3.82922660193292,0.500222279558007
"2025-03-18 11:00:00",-3.50048043500431,0.203743209847364
"2025-03-18 12:00:00",-3.25602263574027,0.264494626234139
"2025-03-18 13:00:00",-2.97356128007661,0.285212287263936
"2025-03-18 14:00:00",-2.67144241456678,0.302864950900035
"2025-03-18 15:00:00",-2.42070329613191,0.207516598429118
"2025-03-18 16:00:00",-2.42446513083244,-0.141313673887827
"2025-03-18 17:00:00",-3.54421675503491,-1.71569852790224
"2025-03-18 18:00:00",-4.58307961363487,-0.533713551863649
"2025-03-18 19:00:00",-5.00429888077857,-0.320302540277231
"2025-03-18 20:00:00",-5.49592355787358,-0.57602729714645
"2025-03-18 21:00:00",-5.96618932407138,-0.370330521100631
"2025-03-18 22:00:00",-6.11438409831228,0.0146233454049749
"2025-03-18 23:00:00",-6.34365979806589,-0.373098310957539
"2025-03-19 00:00:00",-6.81937520111307,-0.513345538328891
"2025-03-19 01:00:00",-7.14881546154973,-0.182396608494657
"2025-03-19 02:00:00",-7.30418544407157,-0.120757522373192
"2025-03-19 03:00:00",-7.47353293398624,-0.184280828387349
"2025-03-19 04:00:00",-7.76379244754099,-0.337487468050346
"2025-03-19 05:00:00",-8.32037626164176,-0.666192680551665
"2025-03-19 06:00:00",-8.42154092665465,0.291043189266995
"2025-03-19 07:00:00",-7.4258793455383,1.42893799471762
"2025-03-19 08:00:00",-5.56602787189069,2.06831227754256
"2025-03-19 09:00:00",-3.46200300720294,2.03502330362145
"2025-03-19 10:00:00",-1.7310173835178,1.45050306244721
"2025-03-19 11:00:00",-0.490724863288,1.04344720670361
"2025-03-19 12:00:00",0.475942388235593,0.870178419795009
"2025-03-19 13:00:00",1.32834791498692,0.799438071730079
"2025-03-19 14:00:00",1.98633360920666,0.530706943291418
"2025-03-19 15:00:00",2.48328874920144,0.448279748632661
"2025-03-19 16:00:00",2.40076411026222,-0.435666683850763
"2025-03-19 17:00:00",1.13818732032473,-1.75693764840631
"2025-03-19 18:00:00",-0.714810799254978,-1.83045073437669
"2025-03-19 19:00:00",-1.77612160530442,-0.49720561539535
"2025-03-19 20:00:00",-2.11442522651229,-0.214006076615283
"2025-03-19 21:00:00",-2.43037854637077,-0.366178461556467
"2025-03-19 22:00:00",-3.13914871705427,-0.900348703039928
"2025-03-19 23:00:00",-3.98941368090214,-0.772427231078319
"2025-03-20 00:00:00",-4.59428363305839,-0.45928321607597
"2025-03-20 01:00:00",-4.22454576912703,0.91075970613455
"2025-03-20 02:00:00",-4.09541997072702,-0.392646905247666
"2025-03-20 03:00:00",-4.26490982154276,-0.00738960786298404
"2025-03-20 04:00:00",-4.36784883897912,-0.156250206459107
"2025-03-20 05:00:00",-4.70556921740376,-0.437021800938004
"2025-03-20 06:00:00",-4.96707553541109,-0.12600778659089
"2025-03-20 07:00:00",-4.38862663656505,1.02699177942086
"2025-03-20 08:00:00",-3.03632520393012,1.51056553768135
"2025-03-20 09:00:00",-1.28061711129064,1.83961617436055
"2025-03-20 10:00:00",0.753840670103186,2.06932406106029
"2025-03-20 11:00:00",2.73995640878069,1.83529412271354
"2025-03-20 12:00:00",4.3716011414346,1.41481536364564
"2025-03-20 13:00:00",6.16403406258229,1.95336521587412
"2025-03-20 14:00:00",7.33134760532158,0.579875018914126
"2025-03-20 15:00:00",7.71832740199208,0.230548982654513
"2025-03-20 16:00:00",7.29432716490063,-0.850156588820303
"2025-03-20 17:00:00",5.39488402745805,-2.51809479519156
"2025-03-20 18:00:00",3.60234842945569,-1.23060933084623
"2025-03-20 19:00:00",2.8502829768763,-0.401945898915262
"2025-03-20 20:00:00",2.33472640882736,-0.570469678842018
"2025-03-20 21:00:00",1.71378384354666,-0.62809231393473
"2025-03-20 22:00:00",0.745460593209468,-1.15133431492776
"2025-03-20 23:00:00",-0.459895288662366,-1.185052511348
"2025-03-21 00:00:00",-0.999829832596068,-0.0836132102506612
"2025-03-21 01:00:00",-0.804199850107472,0.373781128251488
"2025-03-21 02:00:00",-0.839017109784868,-0.304520796361323
"2025-03-21 03:00:00",-0.99535038449038,-0.0490332536850586
"2025-03-21 04:00:00",-1.32073404832855,-0.492869528409978
"2025-03-21 05:00:00",-2.16622109907689,-1.03868253035813
"2025-03-21 06:00:00",-2.37007791897691,0.365162770374387
"2025-03-21 07:00:00",-0.986917002594991,1.9991420249405
"2025-03-21 08:00:00",1.51366799212806,2.7173202001394
"2025-03-21 09:00:00",3.90504428683747,2.05849686190381
"2025-03-21 10:00:00",5.78387648505206,1.6647448597447
"2025-03-21 11:00:00",7.17013739110073,1.12728077116032
"2025-03-21 12:00:00",7.81535414750078,0.283946487786641
"2025-03-21 13:00:00",8.24040503282753,0.488849916735856
"2025-03-21 14:00:00",8.37189452821901,-0.1236136031243
"2025-03-21 15:00:00",8.13704045230842,-0.30864100913561
"2025-03-21 16:00:00",7.54262104637507,-0.767174042188948
"2025-03-21 17:00:00",6.28825523050322,-1.52926757059556
"2025-03-21 18:00:00",5.03011662339098,-1.0257061017861
"2025-03-21 19:00:00",4.2549998722382,-0.577708745697166
"2025-03-21 20:00:00",4.05952291532738,0.0631458915177905
"2025-03-21 21:00:00",4.09535335136371,0.010686717478305
"2025-03-21 22:00:00",4.08529881353179,-0.0286812768697078
"2025-03-21 23:00:00",3.87970105591924,-0.319034508599124
"2025-03-22 00:00:00",3.31057692407218,-0.713802680895593
"2025-03-22 01:00:00",3.29631146413205,0.448496691533436
"2025-03-22 02:00:00",3.30381323120053,-0.291093969393422
"2025-03-22 03:00:00",2.92332156383555,-0.426265684727493
"2025-03-22 04:00:00",2.37469526915225,-0.607895265766098
"2025-03-22 05:00:00",1.466386102006,-1.06847946884759
"2025-03-22 06:00:00",0.405108641617832,-1.00793455859142
"2025-03-22 07:00:00",-0.209235243904375,-0.323283335332132
"2025-03-22 08:00:00",-0.279760694785519,0.101597899646848
"2025-03-22 09:00:00",0.364500636025405,0.975776447898633
"2025-03-22 10:00:00",1.49969249975067,1.18705372878986
"2025-03-22 11:00:00",2.61309473442266,1.00946141314994
"2025-03-22 12:00:00",3.43166873102652,0.649052538228467
"2025-03-22 13:00:00",4.13625989339835,0.703712533143402
"2025-03-22 14:00:00",4.33704942018297,-0.149358163446455
"2025-03-22 15:00:00",4.08462605501286,-0.314726044676409
"2025-03-22 16:00:00",3.6182357807852,-0.550598916095722
"2025-03-22 17:00:00",2.87390447400163,-0.842776347456634
"2025-03-22 18:00:00",2.2976007387483,-0.3749760489482
"2025-03-22 19:00:00",2.25501430212967,0.178065892824346
"2025-03-22 20:00:00",2.57745335140965,0.400458294662613
"2025-03-22 21:00:00",2.98700318095958,0.392827910489571
"2025-03-22 22:00:00",3.27135126324123,0.194668342370959
"2025-03-22 23:00:00",3.31342105142834,-0.0658754392246184
"2025-03-23 00:00:00",3.14086379247241,-0.23974711933366
"2025-03-23 01:00:00",3.80141136523378,1.22529778510404
"2025-03-23 02:00:00",4.13445710313695,-0.28250350286893
"2025-03-23 03:00:00",3.79315002718877,-0.369617745630269
"2025-03-23 04:00:00",3.60442313655798,-0.0640546826670298
"2025-03-23 05:00:00",3.22911189350213,-0.569622202597005
"2025-03-23 06:00:00",2.50889451927269,-0.790549210405437
"2025-03-23 07:00:00",2.16147386641917,-0.0387303545832214
"2025-03-23 08:00:00",2.22710228236848,0.129295867181027
"2025-03-23 09:00:00",2.58236294242007,0.486149715339178
"2025-03-23 10:00:00",3.13944864064134,0.574575577821998
"2025-03-23 11:00:00",3.7479382529431,0.598138071176189
"2025-03-23 12:00:00",4.22801719394354,0.373731565552626
"2025-03-23 13:00:00",3.85887688233464,-0.85228674908988
"2025-03-23 14:00:00",3.27758727905056,-0.377977918165426
"2025-03-23 15:00:00",3.17426045574419,0.0804573498208915
"2025-03-23 16:00:00",3.40511309180173,0.316054157632064
"2025-03-23 17:00:00",3.63110527840011,0.150825070544213
"2025-03-23 18:00:00",3.99207706683336,0.479235057427715
"2025-03-23 19:00:00",4.61865898739209,0.689892558266448
"2025-03-23 20:00:00",5.37198689386926,0.753868181704924
"2025-03-23 21:00:00",5.86454333900817,0.288023282084663
"2025-03-23 22:00:00",6.10099776835661,0.183282588041901
"2025-03-23 23:00:00",5.80735327276174,-0.605498429480769
"2025-03-24 00:00:00",4.90143631019809,-1.07062733619969
"2025-03-24 01:00:00",4.95026073398537,0.786476902130153
"2025-03-24 02:00:00",5.53481388357311,0.415783116596922
"2025-03-24 03:00:00",5.67822397511992,-0.0521157469765778
"2025-03-24 04:00:00",5.37949935807349,-0.456249483161125
"2025-03-24 05:00:00",4.63500519112454,-0.908208155096536
"2025-03-24 06:00:00",4.13701658404058,-0.206822082055206
"2025-03-24 07:00:00",3.73896996968185,-0.511943502403509
"2025-03-24 08:00:00",3.02712858877575,-0.816096155226247
"2025-03-24 09:00:00",2.30531253315082,-0.628564228485054
"2025-03-24 10:00:00",2.47119747842238,0.684655409803515
"2025-03-24 11:00:00",3.03564402180391,0.454302143039338
"2025-03-24 12:00:00",3.41053308126448,0.300221694201136
"2025-03-24 13:00:00",3.97070888800559,0.702461625458886
"2025-03-24 14:00:00",4.56487403008291,0.488617723550418
"2025-03-24 15:00:00",4.92601095363677,0.253107889439181
"2025-03-24 16:00:00",5.00940712334193,-0.040053632173789
"2025-03-24 17:00:00",4.79335424045788,-0.329572138635365
"2025-03-24 18:00:00",4.41942680680109,-0.391905034403023
"2025-03-24 19:00:00",4.31712121904762,0.0899240868103255
"2025-03-24 20:00:00",4.00924477495111,-0.564005246269211
"2025-03-24 21:00:00",3.68001853125929,-0.162231231325035
"2025-03-24 22:00:00",3.49345468716882,-0.198661973523811
"2025-03-24 23:00:00",3.04372442481711,-0.600237048633775
"2025-03-25 00:00:00",2.40947337477638,-0.630709595340094
"2025-03-25 01:00:00",2.58106261398569,0.695187436854028
"2025-03-25 02:00:00",2.85533504224721,-0.0226920277856133
"2025-03-25 03:00:00",2.94636218447806,0.158833716621563
"2025-03-25 04:00:00",2.81632976126147,-0.320224205528157
"2025-03-25 05:00:00",1.89856879987525,-1.27612976152529
"2025-03-25 06:00:00",1.43962335809333,0.105197197011184
"2025-03-25 07:00:00",1.88807546728482,0.654119599221281
"2025-03-25 08:00:00",2.21923039212569,0.0976795478941354
"2025-03-25 09:00:00",2.51845934317811,0.416514089594382
"2025-03-25 10:00:00",3.0738116784034,0.618274338684081
"2025-03-25 11:00:00",3.67330366432878,0.554522254978081
"2025-03-25 12:00:00",4.19919855674103,0.477086716396798
"2025-03-25 13:00:00",3.47803085617861,-1.49113211328512
"2025-03-25 14:00:00",2.5704048892452,-0.479980420445349
"2025-03-25 15:00:00",2.27601848797021,-0.159982307458709
"2025-03-25 16:00:00",1.88373252262689,-0.531444142291985
"2025-03-25 17:00:00",1.18947202505754,-0.77223945582574
"2025-03-25 18:00:00",0.598370314809688,-0.44378923041366
"2025-03-25 19:00:00",0.576085242951455,0.259000863549859
"2025-03-25 20:00:00",1.12601916711241,0.717011170504892
"2025-03-25 21:00:00",1.60886015688968,0.302334899022716
"2025-03-25 22:00:00",1.89109313295609,0.253347220909057
"2025-03-25 23:00:00",2.10359055779782,0.172730092566432
"2025-03-26 00:00:00",2.12592380148855,-0.0817015657331757
"2025-03-26 01:00:00",2.30883385653508,0.347883594703321
"2025-03-26 02:00:00",2.61283620784421,0.257327534157172
"2025-03-26 03:00:00",2.91186764858211,0.309256903751664
"2025-03-26 04:00:00",3.15494394689656,0.183653591352287
"2025-03-26 05:00:00",3.08363709865637,-0.241954591754452
"2025-03-26 06:00:00",2.6659705922039,-0.518932119429215
"2025-03-26 07:00:00",1.95845282586811,-0.803053973513162
"2025-03-26 08:00:00",1.1526374186104,-0.771888155540444
"2025-03-26 09:00:00",0.278497107179087,-0.902253960437436
"2025-03-26 10:00:00",-0.695003427996461,-0.975096198924001
"2025-03-26 11:00:00",-1.39380969572091,-0.48051369197559
"2025-03-26 12:00:00",-1.72119625112751,-0.207950268201798
"2025-03-26 13:00:00",-1.42047974082485,0.627750032183454
"2025-03-26 14:00:00",-0.738716816595554,0.687204398072229
"2025-03-26 15:00:00",-0.08616994504319,0.599385543960808
"2025-03-26 16:00:00",0.467243758760964,0.496579503361609
"2025-03-26 17:00:00",0.823578551729423,0.245305011840538
"2025-03-26 18:00:00",0.713941557941336,-0.342112376328667
"2025-03-26 19:00:00",0.783274778278951,0.339410994259023
"2025-03-26 20:00:00",0.545918579058571,-0.611591469743842
"2025-03-26 21:00:00",0.268653444104783,-0.0419126881305209
"2025-03-26 22:00:00",0.0811018048988865,-0.276076483696101
"2025-03-26 23:00:00",-0.269781733490598,-0.38418481206478
"2025-03-27 00:00:00",-0.657530607746464,-0.371351658696665
"2025-03-27 01:00:00",-0.650318921482899,0.260087578181204
"2025-03-27 02:00:00",-0.621687752443552,-0.126193030992834
"2025-03-27 03:00:00",-0.848442703608795,-0.282218743924695
"2025-03-27 04:00:00",-1.30596739066296,-0.551558760855916
"2025-03-27 05:00:00",-2.05405019241403,-0.841865335689388
"2025-03-27 06:00:00",-2.48293895060837,-0.130548337346905
"2025-03-27 07:00:00",-2.17316555220471,0.591795529768829
"2025-03-27 08:00:00",-1.48856551971141,0.716737232899803
"2025-03-27 09:00:00",-0.453836379305687,1.19946865588159
"2025-03-27 10:00:00",0.224943835721579,0.299990069886785
"2025-03-27 11:00:00",0.0323961732999106,-0.512040718445645
"2025-03-27 12:00:00",-0.309728636670745,-0.212633647722626
"2025-03-27 13:00:00",-1.84826339805065,-2.34894459155545
"2025-03-27 14:00:00",-2.79311206494317,0.0384797191679432
"2025-03-27 15:00:00",-2.40235109966409,0.610641640021125
"2025-03-27 16:00:00",-1.7115606311493,0.714491857400522
"2025-03-27 17:00:00",-1.17768608630551,0.390301173711319
"2025-03-27 18:00:00",-1.24318514088456,-0.364730700791904
"2025-03-27 19:00:00",-1.74609878966795,-0.569533959996459
"2025-03-27 20:00:00",-1.69809608800368,0.459655805346893
"2025-03-27 21:00:00",-1.46832793095575,0.0677820406017768
"2025-03-27 22:00:00",-1.59822089004111,-0.253609552795923
"2025-03-27 23:00:00",-1.73553400954472,-0.0511989833946857
"2025-03-28 00:00:00",-1.78722861295893,-0.0473321152765837
"2025-03-28 01:00:00",-2.58259309349969,-1.25394606713896
"2025-03-28 02:00:00",-3.37581050145017,-0.445049062972254
"2025-03-28 03:00:00",-3.62848002306749,-0.108061914880704
"2025-03-28 04:00:00",-3.93573160906239,-0.420766413047777
"2025-03-28 05:00:00",-4.52591271993529,-0.670005739183396
"2025-03-28 06:00:00",-4.77902330809532,0.0426745365002873
"2025-03-28 07:00:00",-4.12598891216961,1.03506054180793
"2025-03-28 08:00:00",-2.52649783172266,1.90508168634925
"2025-03-28 09:00:00",-0.600434901309818,1.85178055158433
"2025-03-28 10:00:00",1.17238219306621,1.6367062687556
"2025-03-28 11:00:00",2.55173404140232,1.14072849621176
"2025-03-28 12:00:00",3.53893344806988,0.834649176486296
"2025-03-28 13:00:00",3.75953386556982,-0.203801543564483
"2025-03-28 14:00:00",4.0541317706125,0.608014963293628
"2025-03-28 15:00:00",4.59597330810824,0.466754568173873
"2025-03-28 16:00:00",4.88278127727824,0.147294316937488
"2025-03-28 17:00:00",4.3034028687282,-1.04257894111935
"2025-03-28 18:00:00",3.19483146363358,-1.10543238269149
"2025-03-28 19:00:00",2.5972497959599,-0.234740398809363
"2025-03-28 20:00:00",2.45415743833114,-0.0785418446334197
"2025-03-28 21:00:00",2.2878150167922,-0.22013308128702
"2025-03-28 22:00:00",2.11885223734081,-0.129768887563638
"2025-03-28 23:00:00",1.88075127610434,-0.301737061527335
"2025-03-29 00:00:00",1.4744878409659,-0.459064656425926
"2025-03-29 01:00:00",1.37931215776508,0.150035531953277
"2025-03-29 02:00:00",1.22688592033504,-0.348598185999573
"2025-03-29 03:00:00",0.658297680555272,-0.689807807724373
"2025-03-29 04:00:00",0.0589984665135736,-0.511331138028074
"2025-03-29 05:00:00",-0.715150205801735,-0.912646376795444
"2025-03-29 06:00:00",-1.16438344883175,-0.118027563789127
"2025-03-29 07:00:00",-0.633328986497032,0.940033548329277
"2025-03-29 08:00:00",0.64575239973857,1.44514443553465
"2025-03-29 09:00:00",2.1058004340441,1.39977094095047
"2025-03-29 10:00:00",3.51983146273624,1.35363022222618
"2025-03-29 11:00:00",4.65958730476555,0.938479228515146
"2025-03-29 12:00:00",5.48013633639719,0.696933943394623
"2025-03-29 13:00:00",4.86330441841861,-1.47041123825238
"2025-03-29 14:00:00",3.82028802864639,-0.7147946735419
"2025-03-29 15:00:00",3.09611437157705,-0.700936746833764
"2025-03-29 16:00:00",2.06271652270982,-1.20991807347918
"2025-03-29 17:00:00",1.27287875791612,-0.474914386118234
"2025-03-29 18:00:00",1.02037815954511,-0.0938688071681093
"2025-03-29 19:00:00",1.03559004777476,0.0858934080902506
"2025-03-29 20:00:00",0.825529641543772,-0.398712133989742
"2025-03-29 21:00:00",0.23642095143522,-0.689107288674037
"2025-03-29 22:00:00",-0.364898430988901,-0.514525441740657
"2025-03-29 23:00:00",-0.86058100696563,-0.45909615396232
"2025-03-30 00:00:00",-1.27681910989358,-0.36677824402291
"2025-03-30 01:00:00",-1.82384845509016,-0.639554927481308
"2025-03-30 02:00:00",-2.26915465392583,-0.292298368767212
"2025-03-30 03:00:00",-2.50928694676683,-0.191020541973565
"2025-03-30 04:00:00",-2.62908515816519,-0.0633912703737533
"2025-03-30 05:00:00",-3.01985598134928,-0.587063161610744
"2025-03-30 06:00:00",-2.84911156310602,0.67171863652455
"2025-03-30 07:00:00",-2.33359145605198,0.390563683623354
"2025-03-30 08:00:00",-1.63773272029345,0.869325624683992
"2025-03-30 09:00:00",-2.07237886542868,-1.28118147719492
"2025-03-30 10:00:00",-4.00457460325318,-2.2717107477398
"2025-03-30 11:00:00",-5.31498451207821,-0.602123406222682
"2025-03-30 12:00:00",-4.1338647903788,2.32065118599006
"2025-03-30 13:00:00",-3.54275364251418,-0.584658387700195
"2025-03-30 14:00:00",-3.48129120474368,0.49384689202747
"2025-03-30 15:00:00",-3.50632828782903,-0.36527816068201
"2025-03-30 16:00:00",-3.17349600379419,0.7869336401251
"2025-03-30 17:00:00",-3.33065771161606,-0.774990386624982
"2025-03-30 18:00:00",-3.12860805207241,0.848089276640622
"2025-03-30 19:00:00",-2.30256802575947,0.776119394286255
"2025-03-30 20:00:00",-1.6609788928448,0.524382984571454
"2025-03-30 21:00:00",-1.04959436907185,0.642472299665346
"2025-03-30 22:00:00",-0.881452133410674,-0.154709967827593
"2025-03-30 23:00:00",-0.860766803215487,0.13776643332744
"2025-03-31 00:00:00",-0.608039501636617,0.318466325819406
"2025-03-31 01:00:00",0.126494220800123,0.977786242968683
"2025-03-31 02:00:00",0.628260923983638,0.160419078662474
"2025-03-31 03:00:00",0.884073429528198,0.306441427910877
"2025-03-31 04:00:00",1.04537852656356,0.0557448516249829
"2025-03-31 05:00:00",0.842526245094382,-0.366955115067587
"2025-03-31 06:00:00",0.281044002168316,-0.665569202180353
"2025-03-31 07:00:00",-0.648773263713709,-1.06215749591415
"2025-03-31 08:00:00",-1.3540388428534,-0.432991884677382
"2025-03-31 09:00:00",-1.47570603070337,0.093405455406207
"2025-03-31 10:00:00",-1.71843311796851,-0.45337583608435
"2025-03-31 11:00:00",-1.24875213331601,1.06493721924228
"2025-03-31 12:00:00",-0.266001579758061,0.882869831578487
"2025-03-31 13:00:00",-0.761618542563005,-1.39069845056559
"2025-03-31 14:00:00",-1.70644913237021,-0.601711215177256
"2025-03-31 15:00:00",-2.18198973636651,-0.36663197884204
"2025-03-31 16:00:00",-2.41766019521356,-0.134353644058999
"2025-03-31 17:00:00",-2.33209847894232,0.231219025895651
"2025-03-31 18:00:00",-2.15452786865253,0.136372695380429
"2025-03-31 19:00:00",-1.77724566410506,0.522733935451405
"2025-03-31 20:00:00",-1.42237899074498,0.228384172572432
"2025-03-31 21:00:00",-1.38787376075406,-0.0945520076573918
"2025-03-31 22:00:00",-1.58530949484333,-0.25485329790823
"2025-03-31 23:00:00",-1.67908303383116,0.0201100322224711
"2025-04-01 00:00:00",-1.91641672946984,-0.395518341473229
"2025-04-01 01:00:00",-1.50260730112173,0.936157679060029
"2025-04-01 02:00:00",-0.88540479706299,0.377176503449516
"2025-04-01 03:00:00",-0.620621062625572,0.178415064734869
"2025-04-01 04:00:00",-0.526513028358805,0.0342320740327217
"2025-04-01 05:00:00",-1.04779205253562,-0.866164187141151
"2025-04-01 06:00:00",-1.76905994315976,-0.589047626282358
"2025-04-01 07:00:00",-1.66950424180949,0.556165603404121
"2025-04-01 08:00:00",-0.637747097011452,1.30193569032109
"2025-04-01 09:00:00",0.773346373533307,1.41763163684211
"2025-04-01 10:00:00",1.89510835254403,0.870216936990809
"2025-04-01 11:00:00",2.22880088232155,-0.0422832427046742
"2025-04-01 12:00:00",1.79144297095763,-0.682825626174932
"2025-04-01 13:00:00",1.81339788123451,0.488448926991293
"2025-04-01 14:00:00",1.70674883490017,-0.500643162138666
"2025-04-01 15:00:00",1.38021753483799,-0.197141439835754
"2025-04-01 16:00:00",1.36339190045657,0.102403870803229
"2025-04-01 17:00:00",1.03733272254563,-0.597959118379013
"2025-04-01 18:00:00",0.13925500772566,-1.05681402237314
"2025-04-01 19:00:00",-0.640017573235304,-0.557396993484141
"2025-04-01 20:00:00",-1.08555752108992,-0.348973349330539
"2025-04-01 21:00:00",-1.40154138490249,-0.277577050576795
"2025-04-01 22:00:00",-1.78732372619687,-0.437779832891441
"2025-04-01 23:00:00",-2.20369503289754,-0.380010362819776
"2025-04-02 00:00:00",-2.50487999113835,-0.231483789717027
"2025-04-02 01:00:00",-2.40604221959271,0.317579491885622
"2025-04-02 02:00:00",-2.12876649420478,0.240331453375055
"2025-04-02 03:00:00",-1.99848972412004,0.0534606727980827
"2025-04-02 04:00:00",-2.07012322180773,-0.149048978157537
"2025-04-02 05:00:00",-2.49006109910179,-0.577904693045577
"2025-04-02 06:00:00",-2.70978248414288,0.032713149826659
"2025-04-02 07:00:00",-2.40907166099568,0.468575146279416
"2025-04-02 08:00:00",-1.62883317486337,0.954038420371609
"2025-04-02 09:00:00",-0.529126190725851,1.14665925607933
"2025-04-02 10:00:00",0.723478153359119,1.26439208477979
"2025-04-02 11:00:00",1.98967684899018,1.20630186355269
"2025-04-02 12:00:00",3.14567565511951,1.06496779245379
"2025-04-02 13:00:00",3.90788520698368,0.520100926042302
"2025-04-02 14:00:00",4.28210907925869,0.254155585918039
"2025-04-02 15:00:00",4.26454529175757,-0.203390260418023
"2025-04-02 16:00:00",3.97779268858622,-0.334195533657864
"2025-04-02 17:00:00",3.26983747617487,-0.928608307661754
"2025-04-02 18:00:00",2.01245930840993,-1.42101806408632
"2025-04-02 19:00:00",0.99201248291073,-0.707506118053932
"2025-04-02 20:00:00",0.545469181334374,-0.252629884881393
"2025-04-02 21:00:00",0.41691881493173,-0.0404263446688604
"2025-04-02 22:00:00",0.38757076564368,-0.0211052832582905
"2025-04-02 23:00:00",0.316775067821513,-0.101057336620907
"2025-04-03 00:00:00",0.0924851148603916,-0.296193721820655
"2025-04-03 01:00:00",-0.170137103831893,-0.227881131967338
"2025-04-03 02:00:00",-0.361883032853532,-0.158325319867722
"2025-04-03 03:00:00",-0.596113760836495,-0.273236663126848
"2025-04-03 04:00:00",-1.06688837677173,-0.57932530076156
"2025-04-03 05:00:00",-1.80851287243723,-0.813205822177524
"2025-04-03 06:00:00",-1.98814463874785,0.253610222828017
"2025-04-03 07:00:00",-1.25229001971301,1.02494002255471
"2025-04-03 08:00:00",-0.0333639528275864,1.29193902177231
"2025-04-03 09:00:00",1.36622239912162,1.4048855739675
"2025-04-03 10:00:00",2.78209545223048,1.35415602969018
"2025-04-03 11:00:00",4.09534994363584,1.21999725491819
"2025-04-03 12:00:00",5.1260677471631,0.850277338838025
"2025-04-03 13:00:00",6.31424360551663,1.35037094704282
"2025-04-03 14:00:00",7.06846010788556,0.312810536495745
"2025-04-03 15:00:00",7.21184617785787,0.0145163348401752
"2025-04-03 16:00:00",7.2346944250597,0.0180238738999926
"2025-04-03 17:00:00",6.70675111890446,-0.87615034035462
"2025-04-03 18:00:00",5.64942102109348,-1.13651320389883
"2025-04-03 19:00:00",4.98014192005665,-0.333271073184325
"2025-04-03 20:00:00",4.72913092190031,-0.190661383413446
"2025-04-03 21:00:00",4.27107753922345,-0.620639236244699
"2025-04-03 22:00:00",3.75594088819951,-0.425827512984926
"2025-04-03 23:00:00",3.25291931006537,-0.535420044989681
"2025-04-04 00:00:00",2.58179476458946,-0.733892973226426
"2025-04-04 01:00:00",1.90451971608776,-0.610673618159614
"2025-04-04 02:00:00",1.45861493896881,-0.317325788049674
"2025-04-04 03:00:00",1.21349797638647,-0.187210324009599
"2025-04-04 04:00:00",0.917482380483096,-0.356048454566807
"2025-04-04 05:00:00",0.148269491670506,-1.00928094887476
"2025-04-04 06:00:00",0.0622583610204919,0.533387807145792
"2025-04-04 07:00:00",1.36340427343799,1.7510661505882
"2025-04-04 08:00:00",3.37360039374198,2.08566640775768
"2025-04-04 09:00:00",5.46880149567256,1.99764764080128
"2025-04-04 10:00:00",7.14946479339039,1.38243286244887
"2025-04-04 11:00:00",8.1461015661114,0.682871420834473
"2025-04-04 12:00:00",8.70987730427494,0.447092667300926
"2025-04-04 13:00:00",9.42920280055291,0.855405584680189
"2025-04-04 14:00:00",9.86709845814191,0.126601463168244
"2025-04-04 15:00:00",9.88200926394817,-0.0729716253081603
"2025-04-04 16:00:00",9.72771547558231,-0.213909619416458
"2025-04-04 17:00:00",8.98698686861101,-1.0692714707228
"2025-04-04 18:00:00",7.70590397083762,-1.37299248422251
"2025-04-04 19:00:00",6.99289298245823,-0.249078735296704
"2025-04-04 20:00:00",6.62456198745971,-0.439339316389258
"2025-04-04 21:00:00",5.94767045350453,-0.811627932059736
"2025-04-04 22:00:00",4.94040195112387,-1.0974927341486
"2025-04-04 23:00:00",3.70380895871019,-1.27692900605222
"2025-04-05 00:00:00",2.36440937252274,-1.32217124002927
"2025-04-05 01:00:00",1.19606923833998,-1.01331579326743
"2025-04-05 02:00:00",0.217950804529477,-0.909715614647831
"2025-04-05 03:00:00",-0.322891255298981,-0.26951089855897
"2025-04-05 04:00:00",-0.696572740859918,-0.424954188914589
"2025-04-05 05:00:00",-1.4406903130172,-0.92063197352816
"2025-04-05 06:00:00",-2.15981014363624,-0.548752094389572
"2025-04-05 07:00:00",-2.5120653745813,-0.201737473103334
"2025-04-05 08:00:00",-2.58927183009601,0.0127186566115702
"2025-04-05 09:00:00",-2.53855205073485,0.0769797858794929
"2025-04-05 10:00:00",-2.22283794829218,0.463136257993754
"2025-04-05 11:00:00",-1.62179539781404,0.667281707735778
"2025-04-05 12:00:00",-1.73660758946677,-0.628653667523716
"2025-04-05 13:00:00",-2.26207297138075,-0.42946679263375
"2025-04-05 14:00:00",-2.7418048328184,-0.487529893554528
"2025-04-05 15:00:00",-3.74307171268717,-1.29263977608919
"2025-04-05 16:00:00",-5.04798537458126,-1.24626414968597
"2025-04-05 17:00:00",-6.2752581036713,-1.14978797291147
"2025-04-05 18:00:00",-7.09633818343453,-0.55484172214919
"2025-04-05 19:00:00",-7.19831999420878,0.213910112036959
"2025-04-05 20:00:00",-7.0000022925851,0.187774731231541
"2025-04-05 21:00:00",-6.92938161251093,-0.0018163767909268
"2025-04-05 22:00:00",-7.09906371075293,-0.264598331533616
"2025-04-05 23:00:00",-7.28659591075948,-0.118096415601269
"2025-04-06 00:00:00",-7.34625452822502,-0.00847632925231299
"2025-04-06 01:00:00",-6.78903328593627,0.917334135536576
"2025-04-06 02:00:00",-6.53362252417525,-0.189252661652529
"2025-04-06 03:00:00",-6.4482483920374,0.272817838958397
"2025-04-06 04:00:00",-6.28833609804548,0.0853534589172878
"2025-04-06 05:00:00",-6.81913928181555,-0.908240783957696
"2025-04-06 06:00:00",-7.07604647212579,0.198303040326222
"2025-04-06 07:00:00",-6.83207108197634,0.271947717434014
"2025-04-06 08:00:00",-6.71430333368047,0.0181903697213926
"2025-04-06 09:00:00",-7.13309149727467,-0.681549693083599
"2025-04-06 10:00:00",-7.56601362713925,-0.237409371983802
"2025-04-06 11:00:00",-7.51656573742789,0.248082630549516
"2025-04-06 12:00:00",-7.04172898661643,0.613125484683735
"2025-04-06 13:00:00",-6.64874231228689,0.236629416337642
"2025-04-06 14:00:00",-6.39926594140088,0.254753446032036
"2025-04-06 15:00:00",-6.29905555964099,0.00066754780850492
"2025-04-06 16:00:00",-6.52463351857605,-0.35756949097367
"2025-04-06 17:00:00",-6.8713491534572,-0.314596534719059
"2025-04-06 18:00:00",-7.33596733833117,-0.533698178914134
"2025-04-06 19:00:00",-7.55399735503652,0.0122256078800387
"2025-04-06 20:00:00",-6.88269807184123,1.08850864093158
"2025-04-06 21:00:00",-5.52177705507435,1.48672511906742
"2025-04-06 22:00:00",-4.60882105727535,0.494181974409731
"2025-04-06 23:00:00",-4.47974891919282,-0.1145248216526
"2025-04-07 00:00:00",-4.16629783788261,0.589641116171051
"2025-04-07 01:00:00",-3.37157408410235,0.899047111466395
"2025-04-07 02:00:00",-2.6199379535747,0.621991134979718
"2025-04-07 03:00:00",-2.2259681417558,0.226613015415059
"2025-04-07 04:00:00",-2.25692444846779,-0.198326887741141
"2025-04-07 05:00:00",-3.20168473915372,-1.39457147955007
"2025-04-07 06:00:00",-3.77653510276115,0.00306333594717845
"2025-04-07 07:00:00",-3.37131913458291,0.658924013635844
"2025-04-07 08:00:00",-2.66499566395823,0.708702804092876
"2025-04-07 09:00:00",-1.87207858986845,0.814814163467693
"2025-04-07 10:00:00",-1.05345059231842,0.784682186673915
"2025-04-07 11:00:00",-0.388471385305136,0.554936657413095
"2025-04-07 12:00:00",-0.791472444816769,-1.0219644708716
"2025-04-07 13:00:00",-1.08220773786338,0.211578024114898
"2025-04-07 14:00:00",-0.946240116646712,0.0804949725680347
"2025-04-07 15:00:00",-1.16772348955745,-0.411054797099141
"2025-04-07 16:00:00",-1.06415177946187,0.443233308845454
"2025-04-07 17:00:00",-0.872049348233352,0.016927354595691
"2025-04-07 18:00:00",-1.53017504079806,-1.07575601817565
"2025-04-07 19:00:00",-2.24395733194374,-0.436580301296571
"2025-04-07 20:00:00",-2.52301695679674,-0.157895328729814
"2025-04-07 21:00:00",-2.58036232988063,0.015662961056948
"2025-04-07 22:00:00",-2.66620011145164,-0.146099799171588
"2025-04-07 23:00:00",-2.82078128297895,-0.149454072379904
"2025-04-08 00:00:00",-3.0551994804366,-0.276285741108474
"2025-04-08 01:00:00",-3.22380091590972,-0.084864363779392
"2025-04-08 02:00:00",-2.62737093414844,1.0264307379396
"2025-04-08 03:00:00",-1.89625269735828,0.502889915333923
"2025-04-08 04:00:00",-1.62438100062184,0.107386490104511
"2025-04-08 05:00:00",-1.78815636694906,-0.334671209886043
"2025-04-08 06:00:00",-2.24173539403736,-0.508991570371374
"2025-04-08 07:00:00",-2.50207834257324,-0.0793199837658735
"2025-04-08 08:00:00",-1.97158442531043,0.915045080445673
"2025-04-08 09:00:00",-1.07843501000383,0.838651241035997
"2025-04-08 10:00:00",-0.481284989474384,0.409165410958712
"2025-04-08 11:00:00",-0.0360391108779556,0.448761500711987
"2025-04-08 12:00:00",-0.0240966846319756,-0.279786422118187
"2025-04-08 13:00:00",0.15569865634439,0.477665293743922
"2025-04-08 14:00:00",0.48911095089394,0.221201084129192
"2025-04-08 15:00:00",0.569346874127887,-0.018182287252509
"2025-04-08 16:00:00",0.602308108148027,0.0647563837390238
"2025-04-08 17:00:00",0.708176445667426,0.127468916269932
"2025-04-08 18:00:00",0.11138366806655,-1.05217908570234
"2025-04-08 19:00:00",-0.583067556983364,-0.423113670161602
"2025-04-08 20:00:00",-0.914988764467399,-0.254603239685466
"2025-04-08 21:00:00",-1.2154744771627,-0.315615572310401
"2025-04-08 22:00:00",-1.29637371165743,0.0809862126947667
"2025-04-08 23:00:00",-1.4676540080043,-0.329645493978357
"2025-04-09 00:00:00",-1.75530574565719,-0.24409613527709
"2025-04-09 01:00:00",-1.06911599722301,1.27602443345983
"2025-04-09 02:00:00",-0.388279550640234,0.253075913140792
"2025-04-09 03:00:00",-0.409286182812265,-0.202226682152665
"2025-04-09 04:00:00",-0.6256948074617,-0.21505208996236
"2025-04-09 05:00:00",-0.856760395436793,-0.229954716962513
"2025-04-09 06:00:00",-1.09978778571749,-0.239089835357683
"2025-04-09 07:00:00",-0.76658261515616,0.700312208902815
"2025-04-09 08:00:00",0.448226399185212,1.50106195589964
"2025-04-09 09:00:00",1.56554407455187,0.807820680845341
"2025-04-09 10:00:00",1.9145782558661,0.0245784539080631
"2025-04-09 11:00:00",2.20301913310736,0.448172542490935
"2025-04-09 12:00:00",2.24954829640355,-0.226278398330505
"2025-04-09 13:00:00",1.5878048891999,-0.9235016406386
"2025-04-09 14:00:00",0.817045414690428,-0.634353129369047
"2025-04-09 15:00:00",0.299441569861652,-0.416228943810312
"2025-04-09 16:00:00",0.232373198576932,0.16850259422594
"2025-04-09 17:00:00",0.39239526471854,0.146464895539742
"2025-04-09 18:00:00",0.44456835303141,-0.0136719239483209
"2025-04-09 19:00:00",0.24345049448537,-0.31709557923195
"2025-04-09 20:00:00",-0.19551930023258,-0.499672044504759
"2025-04-09 21:00:00",-0.479968866481546,-0.127201534538154
"2025-04-09 22:00:00",-0.629903682120153,-0.157346788228178
"2025-04-09 23:00:00",-0.817429356191462,-0.197921800435876
"2025-04-10 00:00:00",-1.06925338082958,-0.274738381403885
"2025-04-10 01:00:00",-1.06206499951784,0.1961726261181
"2025-04-10 02:00:00",-1.18536142525015,-0.329044652830661
"2025-04-10 03:00:00",-1.59692316649967,-0.44548760228521
"2025-04-10 04:00:00",-2.2050111376509,-0.685532646198684
"2025-04-10 05:00:00",-2.97898150564486,-0.793307910020752
"2025-04-10 06:00:00",-3.24680029423317,0.0990666475011138
"2025-04-10 07:00:00",-3.02147785551114,0.302968178112488
"2025-04-10 08:00:00",-2.64753835703036,0.407377010557198
"2025-04-10 09:00:00",-1.98189751950545,0.809594592261009
"2025-04-10 10:00:00",-1.09931347988401,0.891856886589999
"2025-04-10 11:00:00",-0.109596014043287,1.00934258151189
"2025-04-10 12:00:00",0.284287430911294,-0.0349915708252339
"2025-04-10 13:00:00",0.150157967254458,-0.194212860217045
"2025-04-10 14:00:00",0.0747165473494969,0.00712963620093623
"2025-04-10 15:00:00",0.40906973813053,0.536514010047245
"2025-04-10 16:00:00",0.818002413058246,0.30392054646756
"2025-04-10 17:00:00",1.08175822684139,0.223392197041769
"2025-04-10 18:00:00",0.643940132479015,-0.859206615590025
"2025-04-10 19:00:00",0.293582105301564,0.00468763834294506
"2025-04-10 20:00:00",0.322522025222716,0.0433543192134379
"2025-04-10 21:00:00",0.314891110099009,-0.0416734808572288
"2025-04-10 22:00:00",0.311474843244825,0.0218446826759068
"2025-04-10 23:00:00",0.283374941382046,-0.060461804352193
"2025-04-11 00:00:00",0.103793746088714,-0.250824352427231
"2025-04-11 01:00:00",0.427480645824622,0.69117278277736
"2025-04-11 02:00:00",0.38890853205715,-0.523778412256943
"2025-04-11 03:00:00",0.248900466713969,0.121986453556569
"2025-04-11 04:00:00",0.423804359578768,0.201549536542305
"2025-04-11 05:00:00",0.255319453805232,-0.407710180390282
"2025-04-11 06:00:00",-0.227858301201898,-0.510857327816238
"2025-04-11 07:00:00",-0.516093073369747,-0.125831896506025
"2025-04-11 08:00:00",-0.596329892787814,-0.0453627780071636
"2025-04-11 09:00:00",-0.393388057262256,0.359600207784146
"2025-04-11 10:00:00",-0.803594969736151,-0.903403293862261
"2025-04-11 11:00:00",-2.07943819618365,-1.46246955706672
"2025-04-11 12:00:00",-2.98946974637559,-0.495822104239474
"2025-04-11 13:00:00",-2.42213048299673,1.25299414337302
"2025-04-11 14:00:00",-1.20971526787092,1.13087100883871
"2025-04-11 15:00:00",0.0174806592160836,1.23465472549713
"2025-04-11 16:00:00",1.27550398436071,1.21379914283085
"2025-04-11 17:00:00",2.16403237172506,0.627818977292885
"2025-04-11 18:00:00",2.30149445446798,-0.198757658045585
"2025-04-11 19:00:00",2.1889194998795,-0.0527369967927374
"2025-04-11 20:00:00",2.19623734101792,0.0441853514785664
"2025-04-11 21:00:00",2.39484763169544,0.28929061398796
"2025-04-11 22:00:00",2.86153917887446,0.559693963444007
"2025-04-11 23:00:00",3.07283137560251,-0.0346995563131134
"2025-04-12 00:00:00",2.97699604315448,-0.135997431053857
"2025-04-12 01:00:00",2.76206476095362,-0.26117570752606
"2025-04-12 02:00:00",3.01882933230985,0.586291779540035
"2025-04-12 03:00:00",3.43660665699954,0.281693694281684
"2025-04-12 04:00:00",3.42322573792643,-0.213886545127724
"2025-04-12 05:00:00",3.17516425598045,-0.263467819491484
"2025-04-12 06:00:00",2.78970468145778,-0.452560747541494
"2025-04-12 07:00:00",2.52265937166275,-0.134275422559599
"2025-04-12 08:00:00",2.6328008820088,0.264598835162608
"2025-04-12 09:00:00",2.58832139928603,-0.251807189547403
"2025-04-12 10:00:00",2.74112515061325,0.411943381420487
"2025-04-12 11:00:00",3.16108098480759,0.401809145803432
"2025-04-12 12:00:00",3.68744224988851,0.580308902928919
"2025-04-12 13:00:00",3.89341438874807,-0.0581207694081539
"2025-04-12 14:00:00",4.24897953555642,0.609437829825074
"2025-04-12 15:00:00",4.81394111045544,0.502989412254764
"2025-04-12 16:00:00",5.23948374762944,0.347487590737221
"2025-04-12 17:00:00",5.36450501014155,-0.0359796209592104
"2025-04-12 18:00:00",4.80905709245379,-0.882272409007168
"2025-04-12 19:00:00",4.49559877796567,0.0744430768632408
"2025-04-12 20:00:00",4.57379336771721,0.0711867903907659
"2025-04-12 21:00:00",4.49120343050978,-0.187075171482381
"2025-04-12 22:00:00",4.15607164191498,-0.423696628879379
"2025-04-12 23:00:00",3.87831415120472,-0.172623015591369
"2025-04-13 00:00:00",3.71676695234452,-0.151484405583814
"2025-04-13 01:00:00",3.23096140870011,-0.690386775889276
"2025-04-13 02:00:00",3.00935815677623,0.0972808537933537
"2025-04-13 03:00:00",3.15023796011991,0.159372914670339
"2025-04-13 04:00:00",3.07314131099262,-0.235136158839682
"2025-04-13 05:00:00",2.70785955404638,-0.438646104024268
"2025-04-13 06:00:00",2.85983974942469,0.535013065930688
"2025-04-13 07:00:00",3.64542235512585,0.911610583198062
"2025-04-13 08:00:00",5.04035083937716,1.6461513892168
"2025-04-13 09:00:00",6.5528801623448,1.34508005649489
"2025-04-13 10:00:00",7.94030884550252,1.34128689142798
"2025-04-13 11:00:00",9.56310550879466,1.7231205691316
"2025-04-13 12:00:00",10.8874045171066,0.983169650130668
"2025-04-13 13:00:00",10.9293682821986,-0.601519767365611
"2025-04-13 14:00:00",10.4454231466232,-0.396650147818412
"2025-04-13 15:00:00",9.73872932724421,-0.893264395850072
"2025-04-13 16:00:00",9.16614307668329,-0.344144789196287
"2025-04-13 17:00:00",8.94884055908317,-0.134227809278304
"2025-04-13 18:00:00",8.68460412826966,-0.349882471144749
"2025-04-13 19:00:00",8.61235200465262,0.105074076238682
"2025-04-13 20:00:00",9.11431347481941,0.731597866046913
"2025-04-13 21:00:00",9.36874234592034,-0.0875133738684278
"2025-04-13 22:00:00",8.82149141144672,-0.839804966598508
"2025-04-13 23:00:00",7.87256084044048,-0.987954508345091
"2025-04-14 00:00:00",7.04046598074687,-0.698794119098224
"2025-04-14 01:00:00",7.42057351371808,1.07222835844852
"2025-04-14 02:00:00",7.71881535987032,-0.241474815986911
"2025-04-14 03:00:00",7.29263831513427,-0.539004554281677
"2025-04-14 04:00:00",6.36456201795345,-1.15274874575579
"2025-04-14 05:00:00",5.46829313209113,-0.690896429598175
"2025-04-14 06:00:00",5.08566398824112,-0.165985223052114
"2025-04-14 07:00:00",5.71251531627012,1.11905915396036
"2025-04-14 08:00:00",6.77134871396666,0.961007367636042
"2025-04-14 09:00:00",7.40438492174913,0.37558546111991
"2025-04-14 10:00:00",7.53918035418028,-0.0416751892763077
"2025-04-14 11:00:00",7.60319093558184,0.121709873723834
"2025-04-14 12:00:00",7.95906942458694,0.485279703475571
"2025-04-14 13:00:00",8.51725536860073,0.570008622965956
"2025-04-14 14:00:00",8.71603063164914,-0.0691304293524069
"2025-04-14 15:00:00",8.50359879911763,-0.309101300787546
"2025-04-14 16:00:00",8.48909005294397,0.171614715012963
"2025-04-14 17:00:00",8.56529353615622,-0.00196307405679082
"2025-04-14 18:00:00",8.00507133959985,-0.916804452575863
"2025-04-14 19:00:00",7.35500087017436,-0.451675190262652
"2025-04-14 20:00:00",7.15013855345966,-0.0400658799790578
"2025-04-14 21:00:00",7.18923116515314,0.0807927538784776
"2025-04-14 22:00:00",6.92883264061826,-0.484745571829906
"2025-04-14 23:00:00",6.62675708993479,-0.17487162350959
"2025-04-15 00:00:00",6.43773437640028,-0.198013586507211
"2025-04-15 01:00:00",6.9383088015145,0.934209279169641
"2025-04-15 02:00:00",7.60449737013003,0.446913589375548
"2025-04-15 03:00:00",7.65752169117987,-0.22188288781255
"2025-04-15 04:00:00",7.15298078718342,-0.678868384540351
"2025-04-15 05:00:00",6.5213268307805,-0.57937971315741
"2025-04-15 06:00:00",6.48651519432319,0.321478481988149
"2025-04-15 07:00:00",7.08183280621513,0.741226339164277
"2025-04-15 08:00:00",8.01213337803653,1.00301502457832
"2025-04-15 09:00:00",9.19757588401689,1.24040290418493
"2025-04-15 10:00:00",10.4000734246465,1.10823385913688
"2025-04-15 11:00:00",10.5079658217078,-0.577519100240066
"2025-04-15 12:00:00",9.81474261529576,-0.750956970619451
"2025-04-15 13:00:00",9.8205308462439,0.497354213125155
"2025-04-15 14:00:00",9.98068891099823,-0.0849008676701471
"2025-04-15 15:00:00",9.4910596002649,-0.749037912183899
"2025-04-15 16:00:00",8.72184842673192,-0.758337504549777
"2025-04-15 17:00:00",8.10132422120999,-0.510402251010736
"2025-04-15 18:00:00",7.92578806275497,0.0456061623969198
"2025-04-15 19:00:00",8.19780784765102,0.39982030606905
"2025-04-15 20:00:00",8.49235271563718,0.199802187120635
"2025-04-15 21:00:00",8.69006469493389,0.175980176062866
"2025-04-15 22:00:00",8.7814661842547,0.0194753321054167
"2025-04-15 23:00:00",8.63487031681003,-0.261657745962444
"2025-04-16 00:00:00",8.37277406783661,-0.261060790388311
"2025-04-16 01:00:00",8.47894683206913,0.335156612206173
"2025-04-16 02:00:00",8.48199997463135,-0.229416443882328
"2025-04-16 03:00:00",8.29823609633601,-0.155526876104976
"2025-04-16 04:00:00",8.0250972476742,-0.349259192843116
"2025-04-16 05:00:00",7.61931137363193,-0.434528112386591
"2025-04-16 06:00:00",7.68203641666873,0.381422675622082
"2025-04-16 07:00:00",8.29888116578027,0.734579039372859
"2025-04-16 08:00:00",9.1528776989838,0.882331581009634
"2025-04-16 09:00:00",10.0415508656031,0.838877282837943
"2025-04-16 10:00:00",10.9432697140417,0.887823918237495
"2025-04-16 11:00:00",11.8103139980882,0.797888592059269
"2025-04-16 12:00:00",12.5409971345802,0.635939944899807
"2025-04-16 13:00:00",13.2741465122437,0.746955508773355
"2025-04-16 14:00:00",13.8916267506826,0.484717579754001
"2025-04-16 15:00:00",14.2199353114625,0.190535943214083
"2025-04-16 16:00:00",14.1889876764791,-0.195453991884291
"2025-04-16 17:00:00",13.8211235140709,-0.483605531614985
"2025-04-16 18:00:00",12.9986652977498,-1.02708333984042
"2025-04-16 19:00:00",12.4752380027647,-0.179539371335137
"2025-04-16 20:00:00",12.6545148652252,0.393888981183656
"2025-04-16 21:00:00",13.0223642768259,0.31670347173727
"2025-04-16 22:00:00",13.0554862082016,-0.174283726689551
"2025-04-16 23:00:00",12.7159799561717,-0.450342863427499
"2025-04-17 00:00:00",12.2638419046354,-0.44823527019913
"2025-04-17 01:00:00",12.181269061505,0.149318661053535
"2025-04-17 02:00:00",12.1961255789287,-0.0911860982361848
"2025-04-17 03:00:00",11.9840437332293,-0.298315529086533
"2025-04-17 04:00:00",11.4382769669814,-0.700239568678349
"2025-04-17 05:00:00",10.8186367726441,-0.551202596912508
"2025-04-17 06:00:00",10.7821292057998,0.29441061859394
"2025-04-17 07:00:00",11.3811347109946,0.759707167701586
"2025-04-17 08:00:00",12.2756349105399,0.927188945997626
"2025-04-17 09:00:00",13.2182177210796,0.892235954351097
"2025-04-17 10:00:00",14.1144753162445,0.839316121048415
"2025-04-17 11:00:00",15.2602599102412,1.27745865540566
"2025-04-17 12:00:00",16.0660949217954,0.433467499606286
"2025-04-17 13:00:00",16.2975791271461,0.06512827229827
"2025-04-17 14:00:00",16.4387851316819,0.164212626931722
"2025-04-17 15:00:00",15.5368171973103,-1.59106496602111
"2025-04-17 16:00:00",12.8114146177883,-3.37212616334543
"2025-04-17 17:00:00",10.3547118370585,-1.74619864182462
"2025-04-17 18:00:00",9.47149302053415,-0.279281708022236
"2025-04-17 19:00:00",9.42749542453034,0.102741638981289
"2025-04-17 20:00:00",9.91983131802423,0.716517289604291
"2025-04-17 21:00:00",10.6863387663221,0.750627064478159
"2025-04-17 22:00:00",10.7385527688589,-0.42963837724898
"2025-04-17 23:00:00",10.0392240198532,-0.859725289499902
"2025-04-18 00:00:00",9.58438074729962,-0.176249132818228
"2025-04-18 01:00:00",8.538895574156,-1.58763567515795
"2025-04-18 02:00:00",7.31910059538001,-0.927611305062527
"2025-04-18 03:00:00",6.48745465862597,-0.737582187230052
"2025-04-18 04:00:00",5.68405047678195,-0.817467225048663
"2025-04-18 05:00:00",5.23108066044627,-0.19577526124183
"2025-04-18 06:00:00",4.8275729562496,-0.529559978632849
"2025-04-18 07:00:00",4.0016986217918,-0.990389669778774
"2025-04-18 08:00:00",2.90935277616812,-1.11356447907064
"2025-04-18 09:00:00",2.15628398280341,-0.480706034621531
"2025-04-18 10:00:00",1.45988924370927,-0.809871124925272
"2025-04-18 11:00:00",0.67525045454138,-0.732413192458258
"2025-04-18 12:00:00",0.0697347559634905,-0.493015207921109
"2025-04-18 13:00:00",-1.00425465851743,-1.41035357576695
"2025-04-18 14:00:00",-2.11152886254198,-0.851313669687607
"2025-04-18 15:00:00",-2.36328157984627,0.16263185928222
"2025-04-18 16:00:00",-2.11582860830043,0.295285931685106
"2025-04-18 17:00:00",-1.70595292668361,0.469516974997041
"2025-04-18 18:00:00",-0.945925336185995,0.919780319998751
"2025-04-18 19:00:00",0.0130352745578683,0.940730086306597
"2025-04-18 20:00:00",0.826978601869903,0.690725389722517
"2025-04-18 21:00:00",1.24780979705391,0.219841505912401
"2025-04-18 22:00:00",1.16734050487584,-0.278457178552188
"2025-04-18 23:00:00",1.04318038959009,-0.0169013669457305
"2025-04-19 00:00:00",1.20985413665783,0.279790619819991
"2025-04-19 01:00:00",1.32752269445005,0.00243846379970912
"2025-04-19 02:00:00",1.53812892270597,0.337663878531551
"2025-04-19 03:00:00",1.83936664236386,0.260657375349187
"2025-04-19 04:00:00",1.86527199858342,-0.134194549091146
"2025-04-19 05:00:00",1.44631016833308,-0.59129825850251
"2025-04-19 06:00:00",0.601163605754238,-0.976078791076903
"2025-04-19 07:00:00",-0.458554030695555,-1.06589347965963
"2025-04-19 08:00:00",-1.59695857905437,-1.13205730022635
"2025-04-19 09:00:00",-2.56438750832252,-0.809649103155911
"2025-04-19 10:00:00",-3.69427509288985,-1.28638030492205
"2025-04-19 11:00:00",-4.6846361446373,-0.741196472755793
"2025-04-19 12:00:00",-5.66307394570859,-1.08406467490722
"2025-04-19 13:00:00",-6.83589055550276,-1.16895466194632
"2025-04-19 14:00:00",-7.3932989320388,-0.114421360675686
"2025-04-19 15:00:00",-7.08067383054138,0.591989157536817
"2025-04-19 16:00:00",-6.15365984984638,1.11543310283049
"2025-04-19 17:00:00",-5.06570550653432,1.02586616828602
"2025-04-19 18:00:00",-4.02364953733695,1.00985880349435
"2025-04-19 19:00:00",-3.08128006498263,0.857781411451281
"2025-04-19 20:00:00",-2.53775876007503,0.312160851081805
"2025-04-19 21:00:00",-1.83586206981296,0.931632654648016
"2025-04-19 22:00:00",-1.12429923315908,0.533404780879636
"2025-04-19 23:00:00",-1.04082426601687,-0.218991079372665
"2025-04-20 00:00:00",-1.37375706734292,-0.391730710421966
"2025-04-20 01:00:00",-1.45613673173246,0.129535724876224
"2025-04-20 02:00:00",-1.31333948392386,0.146728851615025
"2025-04-20 03:00:00",-1.30784693960129,-0.0872320402643864
"2025-04-20 04:00:00",-1.62641627073342,-0.455968087983217
"2025-04-20 05:00:00",-1.84658137979832,-0.0504078840734971
"2025-04-20 06:00:00",-1.42940827691955,0.711444188549099
"2025-04-20 07:00:00",-0.485744649440216,1.05547360907755
"2025-04-20 08:00:00",0.766210255303245,1.32407405621749
"2025-04-20 09:00:00",1.79358121323964,0.779764894566843
"2025-04-20 10:00:00",2.428842913015,0.506429437060133
"2025-04-20 11:00:00",2.97367049256207,0.541406255531578
"2025-04-20 12:00:00",3.50870503987197,0.501530457022715
"2025-04-20 13:00:00",3.96640119760678,0.402203056448586
"2025-04-20 14:00:00",4.33040505979128,0.316129846438703
"2025-04-20 15:00:00",4.66014509584588,0.317564166685536
"2025-04-20 16:00:00",5.01961804253393,0.364324694839314
"2025-04-20 17:00:00",5.5044564270092,0.535672019257793
"2025-04-20 18:00:00",4.94154168673579,-1.27563720022059
"2025-04-20 19:00:00",4.31584672267871,-0.169042493728274
"2025-04-20 20:00:00",3.98704789372434,-0.425238323697899
"2025-04-20 21:00:00",3.65928982616672,-0.252335168945914
"2025-04-20 22:00:00",3.58320048237947,0.040306257828136
"2025-04-20 23:00:00",3.29067687602454,-0.505123193079875
"2025-04-21 00:00:00",3.11952144690303,0.0553788259121804
"2025-04-21 01:00:00",4.26752191851588,1.81783053802703
"2025-04-21 02:00:00",5.36076253360209,0.552739633698853
"2025-04-21 03:00:00",5.50645954481252,-0.13949143186768
"2025-04-21 04:00:00",4.56130380626622,-1.44443860021202
"2025-04-21 05:00:00",3.90965624643206,-0.0980409402354521
"2025-04-21 06:00:00",4.12988847526452,0.416907493483042
"2025-04-21 07:00:00",4.5525168600924,0.401037462388692
"2025-04-21 08:00:00",4.37092111036289,-0.567248362872193
"2025-04-21 09:00:00",3.74914228068934,-0.634217679041485
"2025-04-21 10:00:00",3.04330249592422,-0.724877123349247
"2025-04-21 11:00:00",3.34069011477543,0.960832667533949
"2025-04-21 12:00:00",3.71933593896109,-0.0317699796283714
"2025-04-21 13:00:00",3.20819483362313,-0.811220074891213
"2025-04-21 14:00:00",3.4961559070475,1.00291832288999
"2025-04-21 15:00:00",4.03317849225095,0.196406579716865
"2025-04-21 16:00:00",4.23083618254536,0.183902047264637
"2025-04-21 17:00:00",4.56040901351101,0.405572118354996
"2025-04-21 18:00:00",4.50426540806637,-0.367157497938371
"2025-04-21 19:00:00",4.47272213558222,0.187890500140242
"2025-04-21 20:00:00",4.32843609840275,-0.364640467762836
"2025-04-21 21:00:00",4.2024502904593,0.0335237688047962
"2025-04-21 22:00:00",4.03897690761141,-0.292449705488767
"2025-04-21 23:00:00",3.48241672349513,-0.71138808490865
"2025-04-22 00:00:00",2.84378912106411,-0.564261688236904
"2025-04-22 01:00:00",2.34983376203185,-0.427277318620307
"2025-04-22 02:00:00",2.08821964637649,-0.141770098903959
"2025-04-22 03:00:00",2.3201976170058,0.467424822028517
"2025-04-22 04:00:00",2.47646174647912,-0.0615881918691344
"2025-04-22 05:00:00",2.3432804050099,-0.177771766840895
"2025-04-22 06:00:00",1.94718900624328,-0.525832891056272
"2025-04-22 07:00:00",1.82187898776351,0.145146226825176
"2025-04-22 08:00:00",2.30589754658479,0.684581710369833
"2025-04-22 09:00:00",2.7407520020496,0.244737060432256
"2025-04-22 10:00:00",3.00849618001666,0.266827244611251
"2025-04-22 11:00:00",3.13594252681636,0.0245944160201861
"2025-04-22 12:00:00",3.14684853934583,-0.00277864407463335
"2025-04-22 13:00:00",3.08291955450513,-0.105712340361397
"2025-04-22 14:00:00",3.28745048935694,0.397664472158516
"2025-04-22 15:00:00",3.25189085644723,-0.326917242450169
"2025-04-22 16:00:00",3.11979053768017,-0.000137616097175469
"2025-04-22 17:00:00",3.12523536333987,0.00488750744150802
"2025-04-22 18:00:00",2.83935838949292,-0.470159158049554
"2025-04-22 19:00:00",2.46127192835604,-0.302398060434867
"2025-04-22 20:00:00",2.4771512680428,0.224134524660548
"2025-04-22 21:00:00",2.6160938294469,0.0723543721021923
"2025-04-22 22:00:00",2.50779491796298,-0.226957189719396
"2025-04-22 23:00:00",2.31965783880308,-0.156548823637286
"2025-04-23 00:00:00",2.16137666797349,-0.154903730921522
"2025-04-23 01:00:00",2.07573820645471,-0.03817805203925
"2025-04-23 02:00:00",1.91172513961353,-0.242782649798196
"2025-04-23 03:00:00",1.59356006687677,-0.355763612473536
"2025-04-23 04:00:00",1.10172556070798,-0.56122869625682
"2025-04-23 05:00:00",0.712126124203111,-0.258088028843812
"2025-04-23 06:00:00",0.834388148949984,0.369096983771981
"2025-04-23 07:00:00",1.41511571229226,0.693141241075852
"2025-04-23 08:00:00",2.53408032094776,1.34784606222839
"2025-04-23 09:00:00",3.16446815140814,0.118869401571161
"2025-04-23 10:00:00",3.13574059159477,-0.12983647482805
"2025-04-23 11:00:00",3.13284041939411,0.0778197111641721
"2025-04-23 12:00:00",3.23789921799759,0.114188592038646
"2025-04-23 13:00:00",2.16339255718906,-1.82006923880292
"2025-04-23 14:00:00",0.405573858190647,-1.63557636443871
"2025-04-23 15:00:00",0.25007514926048,0.838069620260848
"2025-04-23 16:00:00",0.532160522341532,-0.102291285123268
"2025-04-23 17:00:00",0.85469938243641,0.589741588494109
"2025-04-23 18:00:00",1.33263039795,0.379579557471516
"2025-04-23 19:00:00",1.45198007023884,-0.0615226255479703
"2025-04-23 20:00:00",1.62708483915545,0.322661816317964
"2025-04-23 21:00:00",1.95284317117119,0.310246159913517
"2025-04-23 22:00:00",2.06642847862204,-0.0254336364590237
"2025-04-23 23:00:00",1.91463436661862,-0.231482636603431
"2025-04-24 00:00:00",1.68813478428757,-0.214881677270722
"2025-04-24 01:00:00",2.00964398543126,0.661643839312111
"2025-04-24 02:00:00",2.19893354188266,-0.137192510200348
"2025-04-24 03:00:00",2.00165582641159,-0.230792867562549
"2025-04-24 04:00:00",1.47022441390106,-0.709179765711767
"2025-04-24 05:00:00",0.934185027208703,-0.397036696933975
"2025-04-24 06:00:00",0.778513557581532,0.0114295822721175
"2025-04-24 07:00:00",0.838049097154436,0.0877733556915796
"2025-04-24 08:00:00",1.18023875401671,0.494457117156817
"2025-04-24 09:00:00",1.78062983267771,0.640961476738957
"2025-04-24 10:00:00",2.17957470971342,0.216351089652587
"2025-04-24 11:00:00",2.28415434826498,0.0222884501974775
"2025-04-24 12:00:00",2.26171869063054,-0.0541284486408823
"2025-04-24 13:00:00",2.47021199129702,0.370749597683878
"2025-04-24 14:00:00",2.57422826459209,-0.0819288267868291
"2025-04-24 15:00:00",2.46025963078011,-0.133229567070568
"2025-04-24 16:00:00",2.12280451987057,-0.460737800996472
"2025-04-24 17:00:00",1.66773961578431,-0.432394081688656
"2025-04-24 18:00:00",1.10497535291397,-0.625083093213503
"2025-04-24 19:00:00",0.62722323844254,-0.358254515960514
"2025-04-24 20:00:00",0.392082807716116,-0.14270027684979
"2025-04-24 21:00:00",0.154932164096301,-0.289352480050961
"2025-04-24 22:00:00",-0.22962129409903,-0.429945615457182
"2025-04-24 23:00:00",-0.682488358021065,-0.446331930368114
"2025-04-25 00:00:00",-0.981338417980279,-0.185449861386025
"2025-04-25 01:00:00",-0.876412256518606,0.294785427773891
"2025-04-25 02:00:00",-0.601727453845513,0.249361108299483
"2025-04-25 03:00:00",-0.40518775966848,0.152761957022461
"2025-04-25 04:00:00",-0.447309012761991,-0.169517498079008
"2025-04-25 05:00:00",-0.819869572904612,-0.489640073696545
"2025-04-25 06:00:00",-1.46462312386149,-0.716466032431298
"2025-04-25 07:00:00",-2.34598959792082,-0.947528967473075
"2025-04-25 08:00:00",-3.16358846413232,-0.689105458902951
"2025-04-25 09:00:00",-3.26026083800818,0.306946732680244
"2025-04-25 10:00:00",-2.32942315533532,1.3067262987244
"2025-04-25 11:00:00",-1.3791240518711,0.670529073470475
"2025-04-25 12:00:00",-0.310045210726141,1.28574938705664
"2025-04-25 13:00:00",0.533692371582213,0.509373684198145
"2025-04-25 14:00:00",0.703928809892699,-0.0646284754429207
"2025-04-25 15:00:00",0.662196858936949,-0.025391863538602
"2025-04-25 16:00:00",0.644283700643192,-0.0129295213308489
"2025-04-25 17:00:00",0.715158042807169,0.122544515366463
"2025-04-25 18:00:00",0.501059397478146,-0.429271343475432
"2025-04-25 19:00:00",-0.273644977342905,-0.968821377131375
"2025-04-25 20:00:00",-1.04281298066347,-0.59916501807683
"2025-04-25 21:00:00",-1.50474927548011,-0.347157346291719
"2025-04-25 22:00:00",-1.78247280072597,-0.216298837210013
"2025-04-25 23:00:00",-1.95974200818316,-0.140529288805606
"2025-04-26 00:00:00",-2.06988797841578,-0.0821313863184733
"2025-04-26 01:00:00",-2.11060231256305,-0.00850146532492253
"2025-04-26 02:00:00",-2.08527301182682,0.0493988442447056
"2025-04-26 03:00:00",-2.15512163172499,-0.143339349731399
"2025-04-26 04:00:00",-2.68201522067275,-0.754777366023771
"2025-04-26 05:00:00",-3.32061976658696,-0.527355198173809
"2025-04-26 06:00:00",-3.75959244855792,-0.354913365024832
"2025-04-26 07:00:00",-3.8682690990963,0.0654872221881395
"2025-04-26 08:00:00",-3.55140511121242,0.47437312611389
"2025-04-26 09:00:00",-3.06883259139404,0.469683479057867
"2025-04-26 10:00:00",-2.65728743566409,0.357185051985239
"2025-04-26 11:00:00",-2.34787587585665,0.26628423418116
"2025-04-26 12:00:00",-2.04816199173529,0.31078319204807
"2025-04-26 13:00:00",-1.62718301447302,0.477076193986826
"2025-04-26 14:00:00",-1.44293341173274,-0.0176234652906687
"2025-04-26 15:00:00",-1.66467672665,-0.345424455993562
"2025-04-26 16:00:00",-1.94455740439113,-0.22074071939534
"2025-04-26 17:00:00",-2.01011618371366,0.0435151571943333
"2025-04-26 18:00:00",-1.95991567068953,0.054862072395134
"2025-04-26 19:00:00",-1.98681524968308,-0.0776026353324519
"2025-04-26 20:00:00",-1.97135139523694,0.0793325008291229
"2025-04-26 21:00:00",-2.05654470359785,-0.188286720275425
"2025-04-26 22:00:00",-2.48578455255757,-0.566825295398585
"2025-04-26 23:00:00",-3.03667687303077,-0.510889296684093
"2025-04-27 00:00:00",-3.46335777165494,-0.346354265269826
"2025-04-27 01:00:00",-3.6668999710731,-0.0942007032886606
"2025-04-27 02:00:00",-3.74880194011136,-0.0650858712569271
"2025-04-27 03:00:00",-3.94219715307772,-0.264912621524029
"2025-04-27 04:00:00",-4.53270703025123,-0.774430495725177
"2025-04-27 05:00:00",-5.05394015649091,-0.321828244686322
"2025-04-27 06:00:00",-5.03149510610263,0.257402610156243
"2025-04-27 07:00:00",-4.5085411522874,0.68161831614457
"2025-04-27 08:00:00",-3.55585471292465,1.0939341048535
"2025-04-27 09:00:00",-2.43226813019822,1.09454451371497
"2025-04-27 10:00:00",-1.54082270989053,0.716821611103984
"2025-04-27 11:00:00",-0.882749442811641,0.589622645473381
"2025-04-27 12:00:00",-0.252966222484813,0.627767097404386
"2025-04-27 13:00:00",0.626881102231045,1.00641415957706
"2025-04-27 14:00:00",1.0745890083705,0.0531607809583126
"2025-04-27 15:00:00",1.05375493008289,-0.0705578389726854
"2025-04-27 16:00:00",1.14539113175651,0.194051376174801
"2025-04-27 17:00:00",1.45743612781342,0.374401955431576
"2025-04-27 18:00:00",1.64561479538938,0.0532117332343443
"2025-04-27 19:00:00",1.55821077247181,-0.179113424179437
"2025-04-27 20:00:00",1.56302325724377,0.125191094097331
"2025-04-27 21:00:00",1.50625329326711,-0.177391717436576
"2025-04-27 22:00:00",1.12003955804369,-0.509014382556111
"2025-04-27 23:00:00",0.535046453463681,-0.609289511158612
"2025-04-28 00:00:00",-0.0702900840203227,-0.574625521624763
"2025-04-28 01:00:00",-0.784024678253102,-0.77246562306158
"2025-04-28 02:00:00",-1.36816360073847,-0.429821714968894
"2025-04-28 03:00:00",-1.87554902209422,-0.533220045771883
"2025-04-28 04:00:00",-2.60159184622258,-0.817671256593333
"2025-04-28 05:00:00",-3.01573071429274,-0.12208981224032
"2025-04-28 06:00:00",-2.59997710865173,0.758439534159482
"2025-04-28 07:00:00",-1.36604259868613,1.49564034436464
"2025-04-28 08:00:00",0.389794347744015,1.84762244789917
"2025-04-28 09:00:00",2.15632159947834,1.62801817502152
"2025-04-28 10:00:00",3.31656591165004,0.79048765319297
"2025-04-28 11:00:00",4.11486540053671,0.761298900293173
"2025-04-28 12:00:00",4.79991172970538,0.596356782513114
"2025-04-28 13:00:00",5.69851383796868,1.05120944474928
"2025-04-28 14:00:00",6.36859714239818,0.376818499501936
"2025-04-28 15:00:00",6.57619580873155,0.0767158501962763
"2025-04-28 16:00:00",6.50926598849571,-0.167985576375219
"2025-04-28 17:00:00",6.14338941480267,-0.48880326650298
"2025-04-28 18:00:00",5.67207522769895,-0.445174795633683
"2025-04-28 19:00:00",5.14213027944258,-0.56858379581055
"2025-04-28 20:00:00",4.92535733930305,0.0214384482193394
"2025-04-28 21:00:00",4.6884938627995,-0.404153041530776
"2025-04-28 22:00:00",4.19280629314947,-0.539196374556348
"2025-04-28 23:00:00",3.86324459345717,-0.179549884920393
"2025-04-29 00:00:00",3.41020820154362,-0.618807808750228
"2025-04-29 01:00:00",2.41193408673678,-1.20820440939118
"2025-04-29 02:00:00",1.78082696801282,-0.219500300714902
"2025-04-29 03:00:00",1.51457513432688,-0.287061645155087
"2025-04-29 04:00:00",0.844250016365442,-0.895928035254717
"2025-04-29 05:00:00",0.320052179571757,-0.252560247852749
"2025-04-29 06:00:00",0.864309950964596,1.04918560390311
"2025-04-29 07:00:00",2.33729375868959,1.68440217607516
"2025-04-29 08:00:00",3.81590729396528,1.26814883669879
"2025-04-29 09:00:00",4.65675178156368,0.511106187678052
"2025-04-29 10:00:00",5.02537504639515,0.25011884521523
"2025-04-29 11:00:00",5.52185563473467,0.630650858192293
"2025-04-29 12:00:00",5.97595936272752,0.30771347510951
"2025-04-29 13:00:00",6.36255162951379,0.413106027405657
"2025-04-29 14:00:00",7.01171980586497,0.767493470234192
"2025-04-29 15:00:00",7.64642709319668,0.506988508430165
"2025-04-29 16:00:00",7.52746747653429,-0.540451578180966
"2025-04-29 17:00:00",6.91067504141775,-0.648075760863469
"2025-04-29 18:00:00",6.56451680203902,-0.137339144159547
"2025-04-29 19:00:00",6.36139859680159,-0.245777132275945
"2025-04-29 20:00:00",6.14499570854028,-0.194734334458479
"2025-04-29 21:00:00",5.77103041364998,-0.483598405546201
"2025-04-29 22:00:00",5.30550749574069,-0.438787971426784
"2025-04-29 23:00:00",4.82863031918172,-0.486445307532376
"2025-04-30 00:00:00",4.2250555923659,-0.659200354817044
"2025-04-30 01:00:00",3.27687599166983,-1.10121667652263
"2025-04-30 02:00:00",2.56906416511191,-0.416134166769014
"2025-04-30 03:00:00",2.13907929263022,-0.422096400282224
"2025-04-30 04:00:00",1.63307605742647,-0.540651638989189
"2025-04-30 05:00:00",1.78228631925654,0.599915668047921
"2025-04-30 06:00:00",2.87958298454894,1.37443891089168
"2025-04-30 07:00:00",4.20785994056146,1.23067335456098
"2025-04-30 08:00:00",5.32072878016211,0.976028782429317
"2025-04-30 09:00:00",6.11334975841341,0.625830069104597
"2025-04-30 10:00:00",6.37309900381822,-0.00452126308303927
"2025-04-30 11:00:00",6.54371457332125,0.271051593640107
"2025-04-30 12:00:00",6.78567018353479,0.202628838755132
"2025-04-30 13:00:00",7.11918054235764,0.396171047086331
"2025-04-30 14:00:00",7.32402434230949,0.0583866680455037
"2025-04-30 15:00:00",7.30126899213537,-0.0852055004962666
"2025-04-30 16:00:00",7.28563396350572,0.0220790847085827
"2025-04-30 17:00:00",7.38603876020396,0.138461647398821
"2025-04-30 18:00:00",7.4379155657043,-0.0178282161563728
"2025-04-30 19:00:00",7.50066297255413,0.1038973984145
"2025-04-30 20:00:00",7.46486638294415,-0.136888630831639
"2025-04-30 21:00:00",6.92401534387281,-0.794073057710363
"2025-04-30 22:00:00",6.17274665396194,-0.695955378047875
"2025-04-30 23:00:00",5.50300125425767,-0.628400679853337
"2025-05-01 00:00:00",4.86467481680746,-0.621701778731016
"2025-05-01 01:00:00",3.43801117348138,-1.90177027104362
"2025-05-01 02:00:00",2.43266369224254,-0.364399134076303
"2025-05-01 03:00:00",2.06301804146042,-0.358712665553832
"2025-05-01 04:00:00",1.51997604838761,-0.642779522969563
"2025-05-01 05:00:00",1.77960007659583,0.846920420859849
"2025-05-01 06:00:00",3.3601093248389,1.99216222782016
"2025-05-01 07:00:00",5.32377088774183,1.84701968338707
"2025-05-01 08:00:00",6.73972630055697,1.05443861300079
"2025-05-01 09:00:00",7.6361824941737,0.739852557643469
"2025-05-01 10:00:00",8.45433924680735,0.821640432000588
"2025-05-01 11:00:00",9.27420536702393,0.7688295298951
"2025-05-01 12:00:00",10.0341861725469,0.706017255645302
"2025-05-01 13:00:00",10.9205216156445,0.951497436058192
"2025-05-01 14:00:00",11.3692173846152,0.0781064548132497
"2025-05-01 15:00:00",11.4224119544783,0.0194088316103168
"2025-05-01 16:00:00",11.2931045273406,-0.237024187567786
"2025-05-01 17:00:00",11.2004200542005,-0.00660756282889263
"2025-05-01 18:00:00",11.2187024875961,0.0195739016025107
"2025-05-01 19:00:00",11.1400808045852,-0.154804618417355
"2025-05-01 20:00:00",10.9813077747669,-0.168228859989279
"2025-05-01 21:00:00",10.7304285861417,-0.30820732355876
"2025-05-01 22:00:00",10.1263216772707,-0.786490374781329
"2025-05-01 23:00:00",9.48178838571449,-0.532317762742957
"2025-05-02 00:00:00",9.09599256980274,-0.282001591897989
"2025-05-02 01:00:00",7.91090068976946,-1.7425481430718
"2025-05-02 02:00:00",7.05660734206367,-0.231731979379374
"2025-05-02 03:00:00",6.82301846736663,-0.232819904295686
"2025-05-02 04:00:00",6.47640096371213,-0.41480235790153
"2025-05-02 05:00:00",6.37945556781013,0.111216982848547
"2025-05-02 06:00:00",6.45114857390589,0.0337167895956443
"2025-05-02 07:00:00",7.52836709578599,1.71337292565036
"2025-05-02 08:00:00",9.84058136799928,2.59185912841958
"2025-05-02 09:00:00",12.3060980746438,2.25144955033236
"2025-05-02 10:00:00",13.2150172159827,-0.0451348339545102
"2025-05-02 11:00:00",13.6376351501644,0.697336493434186
"2025-05-02 12:00:00",13.4296980645843,-0.819134959867073
"2025-05-02 13:00:00",13.2862790145951,0.296560336115396
"2025-05-02 14:00:00",13.3058633085787,-0.183114552617954
"2025-05-02 15:00:00",12.8596887577731,-0.617488866967225
"2025-05-02 16:00:00",12.4782405520316,-0.222535191352505
"2025-05-02 17:00:00",11.4270040911883,-1.56981995692668
"2025-05-02 18:00:00",9.83262559109798,-1.54971153155444
"2025-05-02 19:00:00",8.17224045899766,-1.66793612907137
"2025-05-02 20:00:00",7.36019729414984,-0.213400448603418
"2025-05-02 21:00:00",7.65658535620022,0.612672833606088
"2025-05-02 22:00:00",7.8819695011683,-0.0533803002457472
"2025-05-02 23:00:00",7.37200858815997,-0.80026649766381
"2025-05-03 00:00:00",6.6869933891171,-0.585130355481715
"2025-05-03 01:00:00",5.58605925137848,-1.40109865893422
"2025-05-03 02:00:00",4.80445681433619,-0.338668865948968
"2025-05-03 03:00:00",4.21716171210143,-0.731326239884517
"2025-05-03 04:00:00",3.21758080486246,-1.13634910195549
"2025-05-03 05:00:00",2.31913891472658,-0.701292543815071
"2025-05-03 06:00:00",1.67482424935372,-0.578701068979439
"2025-05-03 07:00:00",1.23447417639718,-0.32935065413438
"2025-05-03 08:00:00",1.04757371395821,-0.0846446221102633
"2025-05-03 09:00:00",1.13277659926636,0.193033956855355
"2025-05-03 10:00:00",1.44121559007903,0.369257865503189
"2025-05-03 11:00:00",1.83431496218242,0.388456467430211
"2025-05-03 12:00:00",2.30254786969227,0.496802484452559
"2025-05-03 13:00:00",1.444099464665,-1.72410785619218
"2025-05-03 14:00:00",-0.121698427201278,-1.38771485127713
"2025-05-03 15:00:00",-0.944432203141707,-0.406833494816772
"2025-05-03 16:00:00",-0.592283843687433,0.842610833376423
"2025-05-03 17:00:00",0.388312824211878,1.02675155966933
"2025-05-03 18:00:00",1.29483629068346,0.782794969084471
"2025-05-03 19:00:00",2.03871035937013,0.680910302519067
"2025-05-03 20:00:00",2.73852371593131,0.676533425301952
"2025-05-03 21:00:00",3.04831515828097,0.0470509815946848
"2025-05-03 22:00:00",2.95805847772124,-0.181432680241437
"2025-05-03 23:00:00",2.8849867477796,-0.00117173766568143
"2025-05-04 00:00:00",2.26691857535105,-1.00367288671031
"2025-05-04 01:00:00",1.69226911650302,-0.264252845401382
"2025-05-04 02:00:00",1.48092370620113,-0.168212035924748
"2025-05-04 03:00:00",0.678324898923955,-1.18928550209154
"2025-05-04 04:00:00",-0.453559300210855,-1.04070498785592
"2025-05-04 05:00:00",-1.1771505358901,-0.477216597616246
"2025-05-04 06:00:00",-1.78472064749505,-0.66408277247632
"2025-05-04 07:00:00",-2.30996626606426,-0.405429963717619
"2025-05-04 08:00:00",-3.07596934950974,-0.96700451166703
"2025-05-04 09:00:00",-3.67021500471073,-0.313542100937079
"2025-05-04 10:00:00",-4.08441000757771,-0.456884099382108
"2025-05-04 11:00:00",-3.93869738339903,0.545775962498317
"2025-05-04 12:00:00",-3.49328231094323,0.362418494213792
"2025-05-04 13:00:00",-4.38853908580708,-1.68664932083921
"2025-05-04 14:00:00",-5.40579491097623,-0.517006645881189
"2025-05-04 15:00:00",-5.42976603991363,0.312818633835813
"2025-05-04 16:00:00",-4.95354904468618,0.569514641433329
"2025-05-04 17:00:00",-4.57694449255076,0.236487116215525
"2025-05-04 18:00:00",-4.59798411605579,-0.185823593263387
"2025-05-04 19:00:00",-4.90352724313771,-0.364910644634474
"2025-05-04 20:00:00",-4.59143909188545,0.754901485141374
"2025-05-04 21:00:00",-3.97453242928451,0.501513170286423
"2025-05-04 22:00:00",-3.80412971203788,-0.0533097143799872
"2025-05-04 23:00:00",-4.0472053813345,-0.35313138201046
"2025-05-05 00:00:00",-4.40762121174402,-0.342930107385619
"2025-05-05 01:00:00",-5.15181346713962,-0.970652651257868
"2025-05-05 02:00:00",-5.7165500113104,-0.26065586025606
"2025-05-05 03:00:00",-6.06641437610338,-0.385344044255675
"2025-05-05 04:00:00",-6.39985672145474,-0.27517967678428
"2025-05-05 05:00:00",-6.44725343118166,0.114955122403945
"2025-05-05 06:00:00",-6.5674026727683,-0.262865516335578
"2025-05-05 07:00:00",-7.06794609347245,-0.626744449348548
"2025-05-05 08:00:00",-7.61824870954003,-0.464084504486516
"2025-05-05 09:00:00",-7.06386617060324,1.21682202630695
"2025-05-05 10:00:00",-6.11257365742066,0.738173489670763
"2025-05-05 11:00:00",-5.43502785711816,0.612808119096013
"2025-05-05 12:00:00",-5.456516103952,-0.436320679067265
"2025-05-05 13:00:00",-5.68477602214539,-0.0716770823776816
"2025-05-05 14:00:00",-5.89628224708524,-0.287348059440475
"2025-05-05 15:00:00",-5.94111634505946,0.12656755348562
"2025-05-05 16:00:00",-5.69251497079733,0.325798198167145
"2025-05-05 17:00:00",-5.30299221101217,0.420830561297293
"2025-05-05 18:00:00",-4.99453551474317,0.225717801846176
"2025-05-05 19:00:00",-5.18942362617282,-0.459590417359625
"2025-05-05 20:00:00",-5.52092060007487,-0.223663197185119
"2025-05-05 21:00:00",-5.85780111222659,-0.389234866108111
"2025-05-05 22:00:00",-6.26491636507318,-0.392141116946633
"2025-05-05 23:00:00",-6.64301328729517,-0.34269441739495
"2025-05-06 00:00:00",-6.99670327950523,-0.335652972365901
"2025-05-06 01:00:00",-8.23592904026478,-1.7736943001615
"2025-05-06 02:00:00",-9.03410122842282,-0.0992936994834962
"2025-05-06 03:00:00",-9.27003907689542,-0.304179488903359
"2025-05-06 04:00:00",-9.4657805559609,-0.102203853723003
"2025-05-06 05:00:00",-9.03219995110554,0.782358295654994
"2025-05-06 06:00:00",-7.82501375811689,1.44467414345804
"2025-05-06 07:00:00",-6.37717902807039,1.39122485505474
"2025-05-06 08:00:00",-5.45539508343979,0.573243654549202
"2025-05-06 09:00:00",-5.01777919152684,0.333433484960164
"2025-05-06 10:00:00",-4.70800156600594,0.285752774021618
"2025-05-06 11:00:00",-4.35518366062767,0.386828267123564
"2025-05-06 12:00:00",-3.98781529299747,0.342550282693469
"2025-05-06 13:00:00",-3.19212686091205,1.0651035017577
"2025-05-06 14:00:00",-2.73554866106244,0.0333185837096793
"2025-05-06 15:00:00",-4.15620602997087,-2.31892453799207
"2025-05-06 16:00:00",-5.16484742628773,-0.0818484136462758
"2025-05-06 17:00:00",-4.8439919628346,0.580728729452287
"2025-05-06 18:00:00",-4.15112948570827,0.740934612150725
"2025-05-06 19:00:00",-3.41535205523529,0.702724824316666
"2025-05-06 20:00:00",-2.59234743279862,0.868482155662879
"2025-05-06 21:00:00",-2.21105448449643,0.0417273275682673
"2025-05-06 22:00:00",-2.33184319194245,-0.220541941725048
"2025-05-06 23:00:00",-2.6538248844715,-0.371301883417221
"2025-05-07 00:00:00",-3.0845723322688,-0.446488604841805
"2025-05-07 01:00:00",-3.70716528972928,-0.706433890239188
"2025-05-07 02:00:00",-4.16702592656374,-0.268851928732219
"2025-05-07 03:00:00",-4.45149358487561,-0.275990636906303
"2025-05-07 04:00:00",-4.76657051030288,-0.32042558223328
"2025-05-07 05:00:00",-4.77906932981225,0.199518335409417
"2025-05-07 06:00:00",-4.33621209626901,0.590194419177402
"2025-05-07 07:00:00",-3.7223467765181,0.606062791885924
"2025-05-07 08:00:00",-3.39809616519183,0.125767420544543
"2025-05-07 09:00:00",-3.38639698907751,-0.0605221996152746
"2025-05-07 10:00:00",-3.33982704724117,0.120114218206517
"2025-05-07 11:00:00",-3.36851504154455,-0.122220870128865
"2025-05-07 12:00:00",-3.48834878055959,-0.108207269111895
"2025-05-07 13:00:00",-3.452740395624,0.134286849803005
"2025-05-07 14:00:00",-3.53074973482619,-0.211381598628725
"2025-05-07 15:00:00",-3.87450619285343,-0.411120077282349
"2025-05-07 16:00:00",-4.02906097588086,0.02882286982207
"2025-05-07 17:00:00",-3.04995573978479,1.57128147945896
"2025-05-07 18:00:00",-2.29089541993753,0.185448804619391
"2025-05-07 19:00:00",-1.92774117652807,0.46731771419818
"2025-05-07 20:00:00",-1.31754152802135,0.67894044439243
"2025-05-07 21:00:00",-0.993737696440734,0.0733609217058782
"2025-05-07 22:00:00",-1.32944980461858,-0.591189500041377
"2025-05-07 23:00:00",-2.20165370467089,-1.01638397341035
"2025-05-08 00:00:00",-3.08614127955607,-0.751690807062851
"2025-05-08 01:00:00",-3.6248675387675,-0.367175581073224
"2025-05-08 02:00:00",-4.24602926833381,-0.756294770564722
"2025-05-08 03:00:00",-4.94032037023678,-0.614492340072268
"2025-05-08 04:00:00",-5.62702884450117,-0.695853728962297
"2025-05-08 05:00:00",-5.76579556651798,0.246463405879999
"2025-05-08 06:00:00",-4.87274092631762,1.28910057026021
"2025-05-08 07:00:00",-3.48238061691692,1.39807562511964
"2025-05-08 08:00:00",-2.60001781563534,0.501118133337272
"2025-05-08 09:00:00",-2.20232806299433,0.313191075069183
"2025-05-08 10:00:00",-2.40212564005846,-0.529452065796016
"2025-05-08 11:00:00",-3.18820205611515,-0.916707208479069
"2025-05-08 12:00:00",-3.33755585116631,0.373411996029975
"2025-05-08 13:00:00",-3.26171338590848,-0.12183709250209
"2025-05-08 14:00:00",-3.53643206711953,-0.35938053200232
"2025-05-08 15:00:00",-3.62242359782307,0.104908014651043
"2025-05-08 16:00:00",-3.55266525134231,0.0476785981237436
"2025-05-08 17:00:00",-3.1966117147854,0.54929186612959
"2025-05-08 18:00:00",-2.31122381862557,1.07149420338006
"2025-05-08 19:00:00",-1.36642544335888,0.818417939619829
"2025-05-08 20:00:00",-1.00975550731534,0.0336551829951383
"2025-05-08 21:00:00",-1.13886296594228,-0.230177781454616
"2025-05-08 22:00:00",-1.45725020745854,-0.360595462857086
"2025-05-08 23:00:00",-2.14530479571938,-0.871783262170021
"2025-05-09 00:00:00",-2.65457216788425,-0.240629710414575
"2025-05-09 01:00:00",-2.96783433900071,-0.343376305597819
"2025-05-09 02:00:00",-3.60756650632411,-0.803075401006253
"2025-05-09 03:00:00",-4.69115953970794,-1.21446128691282
"2025-05-09 04:00:00",-5.41271550191671,-0.352625085929895
"2025-05-09 05:00:00",-5.21745218181703,0.558212094948792
"2025-05-09 06:00:00",-3.90787049318174,1.75497898653249
"2025-05-09 07:00:00",-2.0906017724722,1.77747473130877
"2025-05-09 08:00:00",-0.889473918646201,0.762520216450084
"2025-05-09 09:00:00",-0.462845983792858,0.183576620815385
"2025-05-09 10:00:00",-0.0257675518112787,0.585903516718817
"2025-05-09 11:00:00",0.282611085216627,0.108744428611115
"2025-05-09 12:00:00",0.147944606599058,-0.290902579561852
"2025-05-09 13:00:00",0.0256432765845787,-0.00428135791112745
"2025-05-09 14:00:00",0.109654183458489,0.138846233248959
"2025-05-09 15:00:00",0.272494613434291,0.170956918158447
"2025-05-09 16:00:00",0.476307394669092,0.215680131815498
"2025-05-09 17:00:00",1.01964953540985,0.735346749172053
"2025-05-09 18:00:00",1.66953512819047,0.560716390377581
"2025-05-09 19:00:00",1.83077073713527,-0.114893576622152
"2025-05-09 20:00:00",1.99301912787852,0.336937515489349
"2025-05-09 21:00:00",2.38739615089382,0.411360642068601
"2025-05-09 22:00:00",2.794347671404,0.381597692877062
"2025-05-09 23:00:00",2.78180181971571,-0.278308384751938
"2025-05-10 00:00:00",2.57383153852725,-0.154781008739698
"2025-05-10 01:00:00",2.27504568457158,-0.38390597703251
"2025-05-10 02:00:00",2.08698651646061,-0.0514919999040508
"2025-05-10 03:00:00",1.68318760529225,-0.622167230606888
"2025-05-10 04:00:00",0.691371064604903,-1.1932837105094
"2025-05-10 05:00:00",0.0296941664353633,-0.276726786579856
"2025-05-10 06:00:00",-0.117957264079237,-0.0546246109828049
"2025-05-10 07:00:00",-0.0127639614657554,0.20689005771243
"2025-05-10 08:00:00",0.297927944632983,0.365144536045293
"2025-05-10 09:00:00",0.490399790943181,0.0678286193884174
"2025-05-10 10:00:00",0.0688933930369555,-0.728326440138902
"2025-05-10 11:00:00",-0.512820519981588,-0.456419985608696
"2025-05-10 12:00:00",-0.929790691667064,-0.370195767644329
"2025-05-10 13:00:00",-1.32637092522482,-0.394126218023998
"2025-05-10 14:00:00",-1.53987048650138,-0.0812293087025001
"2025-05-10 15:00:00",-1.35616899485954,0.353573932080596
"2025-05-10 16:00:00",-0.995469582204856,0.350057001927007
"2025-05-10 17:00:00",-0.417352221233541,0.703966021643956
"2025-05-10 18:00:00",-0.114055711235932,0.0223133622709811
"2025-05-10 19:00:00",-0.251838857901863,-0.237818009499444
"2025-05-10 20:00:00",-0.614939368892283,-0.429041944916591
"2025-05-10 21:00:00",-1.26922206180153,-0.77255715108657
"2025-05-10 22:00:00",-2.12148665907723,-0.863267416265755
"2025-05-10 23:00:00",-2.89048967543664,-0.666884878265689
"2025-05-11 00:00:00",-3.32615924542223,-0.257101227416087
"2025-05-11 01:00:00",-4.07616655995338,-1.03867987594932
"2025-05-11 02:00:00",-4.59180207551102,-0.137189973138565
"2025-05-11 03:00:00",-4.70625341788951,-0.0879368811608033
"2025-05-11 04:00:00",-4.86737523801155,-0.196190091375401
"2025-05-11 05:00:00",-4.76971538810824,0.295187843257553
"2025-05-11 06:00:00",-4.33909442388173,0.506591587775126
"2025-05-11 07:00:00",-3.82781335488198,0.495702927370594
"2025-05-11 08:00:00",-3.34567207093925,0.455121800930434
"2025-05-11 09:00:00",-2.87824085895844,0.45773653496551
"2025-05-11 10:00:00",-2.37145872162111,0.519105579882632
"2025-05-11 11:00:00",-1.89464011154197,0.429025511120889
"2025-05-11 12:00:00",-1.50098158491827,0.35381596051779
"2025-05-11 13:00:00",-1.26889151363123,0.14184623808431
"2025-05-11 14:00:00",-1.11569394682583,0.155120229492359
"2025-05-11 15:00:00",-0.982281154093505,0.114039401152459
"2025-05-11 16:00:00",-0.90883950287112,0.044152805444177
"2025-05-11 17:00:00",-0.91628703327337,-0.0403221440933705
"2025-05-11 18:00:00",-1.01565836920095,-0.132834012626839
"2025-05-11 19:00:00",-1.2937966740247,-0.360480468431722
"2025-05-11 20:00:00",-1.28054692602434,0.263436573589971
"2025-05-11 21:00:00",-1.31826435221868,-0.235040949249864
"2025-05-11 22:00:00",-2.2330808207635,-1.32282228427873
"2025-05-11 23:00:00",-3.39707590842447,-0.9999222438566
"2025-05-12 00:00:00",-4.16420457454075,-0.571104653687407
"2025-05-12 01:00:00",-5.00213690582714,-0.970630459901023
"2025-05-12 02:00:00",-5.61506197923372,-0.338887311008547
"2025-05-12 03:00:00",-5.99674263907494,-0.384836312579837
"2025-05-12 04:00:00",-6.47547072267841,-0.51084531183763
"2025-05-12 05:00:00",-6.70728162645033,-0.0264313422518974
"2025-05-12 06:00:00",-6.27786315168056,0.721550497716567
"2025-05-12 07:00:00",-5.29911979942842,1.11178272791989
"2025-05-12 08:00:00",-4.11356744420353,1.18522301193133
"2025-05-12 09:00:00",-2.94952378344593,1.09991045062701
"2025-05-12 10:00:00",-1.98776274039685,0.827761472368379
"2025-05-12 11:00:00",-1.05467015993788,0.961533594476686
"2025-05-12 12:00:00",-0.193053485002072,0.755422094467766
"2025-05-12 13:00:00",0.206691470352537,0.14388401691936
"2025-05-12 14:00:00",0.0927930792422499,-0.280604387054059
"2025-05-12 15:00:00",-0.160083168563419,-0.222494190238667
"2025-05-12 16:00:00",-0.522401683113833,-0.438109729035105
"2025-05-12 17:00:00",-0.869795748413652,-0.269736871610543
"2025-05-12 18:00:00",-0.646713098488995,0.542143512644703
"2025-05-12 19:00:00",-0.415709878466278,0.0134360930955276
"2025-05-12 20:00:00",-0.411163878005738,-0.00106096881950325
"2025-05-12 21:00:00",-0.67790396180187,-0.430651357306287
"2025-05-12 22:00:00",-1.08731278866126,-0.374918990982236
"2025-05-12 23:00:00",-1.47414646475645,-0.374993471011698
"2025-05-13 00:00:00",-2.05902345464658,-0.695104412328172
"2025-05-13 01:00:00",-3.2224951018472,-1.41777051676824
"2025-05-13 02:00:00",-4.15615418525411,-0.562404212832574
"2025-05-13 03:00:00",-4.74827576874225,-0.57843998966067
"2025-05-13 04:00:00",-5.3249971557816,-0.542051634232136
"2025-05-13 05:00:00",-5.3427099208881,0.339544037157562
"2025-05-13 06:00:00",-4.26856087397129,1.51971915891
"2025-05-13 07:00:00",-2.39531233985879,2.02541568137936
"2025-05-13 08:00:00",-0.822970691419315,1.198667325491
"2025-05-13 09:00:00",-0.25399928026332,0.123204554581485
"2025-05-13 10:00:00",-0.0803116569487239,0.19941621149154
"2025-05-13 11:00:00",0.239858911852199,0.385561301954352
"2025-05-13 12:00:00",0.71444043878503,0.511066449742116
"2025-05-13 13:00:00",1.2922368085716,0.593905093919408
"2025-05-13 14:00:00",1.80293715130913,0.429298123881223
"2025-05-13 15:00:00",2.17129323389558,0.307901440850352
"2025-05-13 16:00:00",2.57541556729187,0.446266957801381
"2025-05-13 17:00:00",3.10711756942782,0.560072928527887
"2025-05-13 18:00:00",3.78363607392874,0.717996033056841
"2025-05-13 19:00:00",4.07517388790959,-0.0114921241873904
"2025-05-13 20:00:00",4.13974995709679,0.106967475908087
"2025-05-13 21:00:00",3.96529567750941,-0.359110119155903
"2025-05-13 22:00:00",3.39537679065988,-0.688483172308487
"2025-05-13 23:00:00",2.8552259816373,-0.41997188757017
"2025-05-14 00:00:00",2.95273216289488,0.434173063803914
"2025-05-14 01:00:00",2.325679963918,-1.30853150403124
"2025-05-14 02:00:00",1.8184722061625,0.048104364845215
"2025-05-14 03:00:00",1.73546236866706,-0.168816528840416
"2025-05-14 04:00:00",1.36470129363175,-0.490006477137056
"2025-05-14 05:00:00",1.10428195334474,-0.0967474258122416
"2025-05-14 06:00:00",1.42234682638453,0.578064517935762
"2025-05-14 07:00:00",1.98573341048609,0.524996862072417
"2025-05-14 08:00:00",2.33682623742612,0.215916251148911
"2025-05-14 09:00:00",2.44638153112862,0.0304319665537242
"2025-05-14 10:00:00",2.47465664927406,0.0223412314902446
"2025-05-14 11:00:00",2.7417886275911,0.414440278169443
"2025-05-14 12:00:00",3.06574828283711,0.244712848528881
"2025-05-14 13:00:00",3.44399621634388,0.445345209503578
"2025-05-14 14:00:00",3.51245260701748,-0.190489495201286
"2025-05-14 15:00:00",3.56958635405483,0.214972026848916
"2025-05-14 16:00:00",3.62672871592998,-0.0553907572097004
"2025-05-14 17:00:00",3.07459750449477,-0.861722380758368
"2025-05-14 18:00:00",2.50861198735473,-0.345897587063067
"2025-05-14 19:00:00",1.93750759473438,-0.697333796936317
"2025-05-14 20:00:00",1.66192886075708,0.0161852137502519
"2025-05-14 21:00:00",1.74451042388089,0.120779270419008
"2025-05-14 22:00:00",1.71644187110777,-0.128212925802208
"2025-05-14 23:00:00",1.42449722911943,-0.389436051387946
"2025-05-15 00:00:00",0.57091376608183,-1.12428370161087
"2025-05-15 01:00:00",-0.467173981911828,-0.932031165111332
"2025-05-15 02:00:00",-0.918144766547551,-0.108237447425124
"2025-05-15 03:00:00",-1.04610526863994,-0.133845264693862
"2025-05-15 04:00:00",-1.60223395210109,-0.80987131771171
"2025-05-15 05:00:00",-2.4286546705551,-0.796117852669295
"2025-05-15 06:00:00",-2.93531396398108,-0.286484506041022
"2025-05-15 07:00:00",-3.2130235197149,-0.254880675405084
"2025-05-15 08:00:00",-3.55928956446469,-0.386593966071274
"2025-05-15 09:00:00",-3.75569236481772,-0.0556914141428808
"2025-05-15 10:00:00",-4.40702304758622,-1.01262642929489
"2025-05-15 11:00:00",-5.66071422579631,-1.34914482347913
"2025-05-15 12:00:00",-6.55555244610771,-0.542155764437127
"2025-05-15 13:00:00",-6.47505499972292,0.500214836822943
"2025-05-15 14:00:00",-6.6181352803471,-0.556793629348313
"2025-05-15 15:00:00",-7.48426015626022,-1.02265642197846
"2025-05-15 16:00:00",-7.95122203669879,-0.0646712039549399
"2025-05-15 17:00:00",-7.34289766453411,1.03831922944359
"2025-05-15 18:00:00",-6.59177545658094,0.533429946145051
"2025-05-15 19:00:00",-6.05474967430273,0.522397978996305
"2025-05-15 20:00:00",-5.05158047924531,1.28381008780314
"2025-05-15 21:00:00",-3.83356331045673,1.12278601615749
"2025-05-15 22:00:00",-3.1933473149443,0.293025349114538
"2025-05-15 23:00:00",-2.8740107683961,0.325817314231451
"2025-05-16 00:00:00",-2.73491643791151,0.0117082109465124
"2025-05-16 01:00:00",-2.73583227692494,-0.00576400850361156
"2025-05-16 02:00:00",-2.72174628833223,0.0301751206482314
"2025-05-16 03:00:00",-2.84693565258653,-0.21930778746426
"2025-05-16 04:00:00",-3.04745044246856,-0.174789453871841
"2025-05-16 05:00:00",-3.09339842675075,0.0460552263239836
"2025-05-16 06:00:00",-2.85094189429251,0.365853283565219
"2025-05-16 07:00:00",-2.50777775467627,0.315405071413141
"2025-05-16 08:00:00",-3.47415679967496,-1.77173411638943
"2025-05-16 09:00:00",-5.33385422898883,-1.82549023644788
"2025-05-16 10:00:00",-6.17041326236935,-0.130656784589904
"2025-05-16 11:00:00",-7.01558425028388,-1.27339258521458
"2025-05-16 12:00:00",-6.53697316606245,1.6328907393598
"2025-05-16 13:00:00",-6.16939899525843,-0.484999316724752
"2025-05-16 14:00:00",-5.4382909029536,1.51504072915606
"2025-05-16 15:00:00",-4.0336370718322,1.27132332101664
"2025-05-16 16:00:00",-4.62022284660933,-1.79209898716109
"2025-05-16 17:00:00",-4.87388060800332,0.789959631504499
"2025-05-16 18:00:00",-4.41002364076983,0.230697143808253
"2025-05-16 19:00:00",-4.11992513938534,0.32159617971436
"2025-05-16 20:00:00",-3.78024994001098,0.34089544578996
"2025-05-16 21:00:00",-3.59823474525971,0.0723187871005545
"2025-05-16 22:00:00",-3.5483777259176,0.0371502568449204
"2025-05-16 23:00:00",-3.58912097183664,-0.0861628526722989
"2025-05-17 00:00:00",-3.55421809032583,0.118578369285122
"2025-05-17 01:00:00",-3.03208328757168,0.770936315275817
"2025-05-17 02:00:00",-2.62707164724051,0.145727218828579
"2025-05-17 03:00:00",-2.32627047137421,0.393273420206064
"2025-05-17 04:00:00",-2.52186967629849,-0.575881945799451
"2025-05-17 05:00:00",-2.80575773455974,-0.0724889100498612
"2025-05-17 06:00:00",-2.56153194776399,0.447375382305683
"2025-05-17 07:00:00",-1.983097915756,0.641618953154245
"2025-05-17 08:00:00",-1.78905203620009,-0.110996647877813
"2025-05-17 09:00:00",-1.8176129717777,0.0300578385751738
"2025-05-17 10:00:00",-2.49179475191584,-1.10928806694952
"2025-05-17 11:00:00",-3.15653306695983,-0.33357797212044
"2025-05-17 12:00:00",-4.00774229041283,-1.15177447883358
"2025-05-17 13:00:00",-7.23619682190617,-4.45430604480592
"2025-05-17 14:00:00",-10.4294243867643,-2.19145814201435
"2025-05-17 15:00:00",-11.9513894733516,-0.98988181705534
"2025-05-17 16:00:00",-12.3380466053141,0.0492600644158374
"2025-05-17 17:00:00",-11.5718187714977,1.22368636293145
"2025-05-17 18:00:00",-10.0561017444453,1.65328634065176
"2025-05-17 19:00:00",-8.75205061051101,1.02222217717683
"2025-05-17 20:00:00",-7.65936183153334,1.09901970498446
"2025-05-17 21:00:00",-7.09665024835549,0.188309009004851
"2025-05-17 22:00:00",-6.82121791167497,0.329569917954903
"2025-05-17 23:00:00",-6.58162465206541,0.177014309087452
"2025-05-18 00:00:00",-6.31394161560142,0.323888759593378
"2025-05-18 01:00:00",-5.3538087051578,1.34679972383206
"2025-05-18 02:00:00",-4.7927287242387,0.0175124114105155
"2025-05-18 03:00:00",-4.95656010763181,-0.270764150793226
"2025-05-18 04:00:00",-5.11972653337608,-0.0772952566067465
"2025-05-18 05:00:00",-4.82523560418248,0.534947432682688
"2025-05-18 06:00:00",-4.68399808630333,-0.121725058599683
"2025-05-18 07:00:00",-4.53050800864384,0.335705762212136
"2025-05-18 08:00:00",-4.76192449395904,-0.592656834622697
"2025-05-18 09:00:00",-4.86779173006648,0.22982061321683
"2025-05-18 10:00:00",-5.34291248911366,-0.916223678349868
"2025-05-18 11:00:00",-7.47982487911645,-2.84226154586703
"2025-05-18 12:00:00",-7.98510422282019,1.08633146428149
"2025-05-18 13:00:00",-8.19262956006069,-1.04993091065191
"2025-05-18 14:00:00",-8.64902965223868,-0.0284747452819787
"2025-05-18 15:00:00",-9.22285317334571,-0.89897039676349
"2025-05-18 16:00:00",-9.89730280857686,-0.480837717096123
"2025-05-18 17:00:00",-10.0284831264617,0.120907898727945
"2025-05-18 18:00:00",-9.26154835266994,1.17409048632981
"2025-05-18 19:00:00",-7.69265262642587,1.769476243057
"2025-05-18 20:00:00",-6.02179570860007,1.53562648472351
"2025-05-18 21:00:00",-4.73653613451592,1.06503607375946
"2025-05-18 22:00:00",-3.8859703451209,0.673273157918864
"2025-05-18 23:00:00",-3.17110872249693,0.713624476561784
"2025-05-19 00:00:00",-2.69826484620177,0.293943230404377
"2025-05-19 01:00:00",-2.01629015647152,0.911727928198399
"2025-05-19 02:00:00",-1.1019502890531,0.875230470711646
"2025-05-19 03:00:00",-0.467000273235924,0.446013306432117
"2025-05-19 04:00:00",-0.437975394702291,-0.249740174823183
"2025-05-19 05:00:00",-1.03293991462352,-0.796273486647706
"2025-05-19 06:00:00",-1.86239699023598,-0.810832785193522
"2025-05-19 07:00:00",-3.02636421012617,-1.34167534447305
"2025-05-19 08:00:00",-4.66836410438345,-1.76028633574075
"2025-05-19 09:00:00",-5.99472527907256,-0.968039161743099
"2025-05-19 10:00:00",-6.00147332810611,0.642147295411987
"2025-05-19 11:00:00",-5.62182213290987,0.194349445966048
"2025-05-19 12:00:00",-5.40692654492591,0.225625339681998
"2025-05-19 13:00:00",-6.71205286928931,-2.25662407059124
"2025-05-19 14:00:00",-8.00673599796957,-0.583228379739366
"2025-05-19 15:00:00",-7.39069548057426,1.39658319114244
"2025-05-19 16:00:00",-6.31529345644394,0.819706072060553
"2025-05-19 17:00:00",-5.39253488211054,0.955748046065565
"2025-05-19 18:00:00",-4.57046737205079,0.700833337078093
"2025-05-19 19:00:00",-4.1343184293824,0.244859630621414
"2025-05-19 20:00:00",-3.7557744251691,0.455004709803275
"2025-05-19 21:00:00",-3.30823710141132,0.426132139190656
"2025-05-19 22:00:00",-2.94188272840457,0.313357258397837
"2025-05-19 23:00:00",-2.77229498186391,0.0694752226700911
"2025-05-20 00:00:00",-2.88670044342308,-0.227981670138115
"2025-05-20 01:00:00",-2.59710159532152,0.624604930439659
"2025-05-20 02:00:00",-2.35855894527969,-0.0268166308368141
"2025-05-20 03:00:00",-2.20801217312802,0.26467238423009
"2025-05-20 04:00:00",-1.97132319366297,0.209631618468378
"2025-05-20 05:00:00",-1.50623389681144,0.615831029889064
"2025-05-20 06:00:00",-0.633152790348545,1.00503093082809
"2025-05-20 07:00:00",0.341663683144228,0.909167068250014
"2025-05-20 08:00:00",0.924829636150146,0.337683613800944
"2025-05-20 09:00:00",1.0826189436768,0.0291720201518259
"2025-05-20 10:00:00",1.14387311636496,0.0783360957254956
"2025-05-20 11:00:00",1.21188342250623,0.0564207668757658
"2025-05-20 12:00:00",1.39464290081329,0.256737620995282
"2025-05-20 13:00:00",1.84326051776761,0.553420299509345
"2025-05-20 14:00:00",2.25739014683513,0.299216361149706
"2025-05-20 15:00:00",2.75014986405858,0.595461951192173
"2025-05-20 16:00:00",2.99408123025915,-0.00555368698575481
"2025-05-20 17:00:00",3.24147074577346,0.400401514796636
"2025-05-20 18:00:00",3.45777256245516,0.0791152916817598
"2025-05-20 19:00:00",3.1887548283076,-0.492774614181842
"2025-05-20 20:00:00",3.03737170359064,0.0792919660729894
"2025-05-20 21:00:00",3.20192192452447,0.209654831653264
"2025-05-20 22:00:00",3.06372980392077,-0.367645349195134
"2025-05-20 23:00:00",2.62941463795718,-0.462070490232344
"2025-05-21 00:00:00",2.25304868989507,-0.304734137134127
"2025-05-21 01:00:00",2.57535574376944,0.722108352768095
"2025-05-21 02:00:00",2.93361406971733,0.0953529457278151
"2025-05-21 03:00:00",2.68091949305474,-0.476494692967826
"2025-05-21 04:00:00",2.44714502877587,-0.0643095237257794
"2025-05-21 05:00:00",2.13897157861184,-0.459255828061449
"2025-05-21 06:00:00",1.2684942216396,-1.10601215194059
"2025-05-21 07:00:00",0.381041475902894,-0.701212330965309
"2025-05-21 08:00:00",0.0207310298322617,-0.116415653584798
"2025-05-21 09:00:00",0.0491920541441233,0.123664679464741
"2025-05-21 10:00:00",0.324377060176919,0.363056845624554
"2025-05-21 11:00:00",0.635830717891599,0.261834045704819
"2025-05-21 12:00:00",0.988795415709102,0.396125454260249
"2025-05-21 13:00:00",1.30654823674775,0.249131715149395
"2025-05-21 14:00:00",0.86602036665148,-0.881043163119398
"2025-05-21 15:00:00",0.232110677611723,-0.440149794844912
"2025-05-21 16:00:00",0.156553321261239,0.17079149924191
"2025-05-21 17:00:00",0.79255591816718,0.915713915545299
"2025-05-21 18:00:00",1.90255854500928,1.18575834857851
"2025-05-21 19:00:00",2.32361188120506,-0.111201196969509
"2025-05-21 20:00:00",2.19915080998241,-0.130380723955109
"2025-05-21 21:00:00",1.96049874462926,-0.30232496242326
"2025-05-21 22:00:00",1.30034164372971,-0.869863874867088
"2025-05-21 23:00:00",0.0815146489997196,-1.39522287978058
"2025-05-22 00:00:00",-0.994577979701817,-0.812312535111536
"2025-05-22 01:00:00",-1.75972866225213,-0.696068901716542
"2025-05-22 02:00:00",-1.91050044012348,0.222185647230455
"2025-05-22 03:00:00",-1.86706015960527,-0.0753236738435618
"2025-05-22 04:00:00",-2.2702532529515,-0.600203647847718
"2025-05-22 05:00:00",-3.01890478428097,-0.809114235421715
"2025-05-22 06:00:00",-3.83792333674284,-0.782811936092282
"2025-05-22 07:00:00",-4.40395190177591,-0.389665916698235
"2025-05-22 08:00:00",-4.84779172438931,-0.453189252819826
"2025-05-22 09:00:00",-5.95958494851777,-1.49177657079486
"2025-05-22 10:00:00",-7.09588779359537,-0.837648492691991
"2025-05-22 11:00:00",-7.85441948720339,-0.660599384172884
"2025-05-22 12:00:00",-7.6650955601275,0.757054505648803
"2025-05-22 13:00:00",-7.57077600770444,-0.342101074051133
"2025-05-22 14:00:00",-7.21022152757396,0.821605946657052
"2025-05-22 15:00:00",-6.69605055253175,0.294075779030159
"2025-05-22 16:00:00",-7.5422539100184,-1.55753705221486
"2025-05-22 17:00:00",-8.34065688097392,-0.244663630074379
"2025-05-22 18:00:00",-9.04753059405089,-0.970670638999419
"2025-05-22 19:00:00",-9.1392583915898,0.510241642435617
"2025-05-22 20:00:00",-8.4867413409297,0.728135336602003
"2025-05-22 21:00:00",-7.79677624412059,0.642667980631377
"2025-05-22 22:00:00",-7.28506496098956,0.41013899514932
"2025-05-22 23:00:00",-7.06394641543391,0.0939871352737301
"2025-05-23 00:00:00",-6.96168515095717,0.112020438376306
"2025-05-23 01:00:00",-7.73159960407168,-1.31230446774138
"2025-05-23 02:00:00",-8.2911583801092,-0.0211840220909013
"2025-05-23 03:00:00",-8.23760437835277,0.111517607277411
"2025-05-23 04:00:00",-8.11702717536686,0.131502021284378
"2025-05-23 05:00:00",-7.73746984781763,0.537347980895147
"2025-05-23 06:00:00",-7.3887378202952,0.216389133158094
"2025-05-23 07:00:00",-7.62808961869292,-0.522279009255656
"2025-05-23 08:00:00",-8.84435580202716,-1.61129076531754
"2025-05-23 09:00:00",-9.97158059364903,-0.739557803715906
"2025-05-23 10:00:00",-9.83157003307319,0.732575677702338
"2025-05-23 11:00:00",-10.0045022491218,-0.75570739078186
"2025-05-23 12:00:00",-11.0977995168423,-1.25350883835029
"2025-05-23 13:00:00",-11.8776248663774,-0.412684321597731
"2025-05-23 14:00:00",-12.8235789320308,-1.24120463161535
"2025-05-23 15:00:00",-12.8111370062101,0.864125340005776
"2025-05-23 16:00:00",-12.0063240621284,0.743536197045989
"2025-05-23 17:00:00",-10.8861603942496,1.33348624191443
"2025-05-23 18:00:00",-9.50004237451427,1.36936569981463
"2025-05-23 19:00:00",-8.61803354361338,0.527438966423094
"2025-05-23 20:00:00",-7.8869703209636,0.843175937294386
"2025-05-23 21:00:00",-7.13688294232414,0.662548834500777
"2025-05-23 22:00:00",-6.74680670529803,0.19909129469387
"2025-05-23 23:00:00",-6.76310508099205,-0.150420666980386
"2025-05-24 00:00:00",-6.84796097896737,-0.0283995856264476
"2025-05-24 01:00:00",-6.95152650211836,-0.139929680976772
"2025-05-24 02:00:00",-6.85527400958678,0.258088462459931
"2025-05-24 03:00:00",-6.79407414834614,-0.0641314884167515
"2025-05-24 04:00:00",-6.76201589346786,0.103415092710323
"2025-05-24 05:00:00",-6.49949169315119,0.364833667975919
"2025-05-24 06:00:00",-6.30821634583037,0.0748576919886757
"2025-05-24 07:00:00",-6.18901179716382,0.151232836427711
"2025-05-24 08:00:00",-6.50391995091486,-0.602724192067806
"2025-05-24 09:00:00",-6.89353850823155,-0.220655190270344
"2025-05-24 10:00:00",-7.59403235981827,-0.978210881667134
"2025-05-24 11:00:00",-7.61979749183184,0.620197943149147
"2025-05-24 12:00:00",-7.05469677255021,0.511335472773592
"2025-05-24 13:00:00",-6.21545358391201,1.02705499051201
"2025-05-24 14:00:00",-5.77210625944952,0.0411570874594431
"2025-05-24 15:00:00",-5.51695018646501,0.393132709212529
"2025-05-24 16:00:00",-5.04564133913667,0.508138215923479
"2025-05-24 17:00:00",-4.40686030684682,0.702022097784005
"2025-05-24 18:00:00",-3.46551932054636,1.06183095639385
"2025-05-24 19:00:00",-3.13266847221205,-0.164478877397499
"2025-05-24 20:00:00",-2.70951152439888,0.798836136635873
"2025-05-24 21:00:00",-1.61019501828416,1.25088601592687
"2025-05-24 22:00:00",-0.888531740876157,0.336635999851404
"2025-05-24 23:00:00",-1.09929019960945,-0.564521862058784
"2025-05-25 00:00:00",-1.32063645018787,0.0193683937029598
"2025-05-25 01:00:00",-1.36260863393242,-0.07916895293951
"2025-05-25 02:00:00",-0.998151741534649,0.644639548983096
"2025-05-25 03:00:00",-0.273081917375185,0.745520462867101
"2025-05-25 04:00:00",0.132187856317641,0.159533549778509
"2025-05-25 05:00:00",0.0550236236069195,-0.231463627890151
"2025-05-25 06:00:00",-0.655127342540476,-0.995595447540341
"2025-05-25 07:00:00",-1.80864577722593,-1.20313999693952
"2025-05-25 08:00:00",-2.36935138690026,-0.103448277468973
"2025-05-25 09:00:00",-3.27689880112159,-1.3974252346303
"2025-05-25 10:00:00",-4.39786576462682,-0.879174338985637
"2025-05-25 11:00:00",-4.53865870000124,0.363810469954355
"2025-05-25 12:00:00",-4.90092981152925,-0.823253927420607
"2025-05-25 13:00:00",-5.83036929742115,-0.949746977334107
"2025-05-25 14:00:00",-6.61081818943108,-0.622985992194095
"2025-05-25 15:00:00",-6.92320226929811,-0.0819566776907565
"2025-05-25 16:00:00",-6.55714258413481,0.656258497000584
"2025-05-25 17:00:00",-5.67704860102174,0.995943122097055
"2025-05-25 18:00:00",-4.42003429537999,1.37864172640304
"2025-05-25 19:00:00",-3.32530202498175,0.859137163530618
"2025-05-25 20:00:00",-2.45393727774796,0.84239460886329
"2025-05-25 21:00:00",-1.66436803458001,0.719995238203734
"2025-05-25 22:00:00",-1.10670079040696,0.425095119917967
"2025-05-25 23:00:00",-0.871275308796146,0.0992200165910588
"2025-05-26 00:00:00",-0.791977694904694,0.0633707866168771
"2025-05-26 01:00:00",-0.409048331288622,0.578788794158075
"2025-05-26 02:00:00",0.0199466528197081,0.309275664788687
"2025-05-26 03:00:00",0.144446962477216,-0.00462305520655246
"2025-05-26 04:00:00",0.173368081997275,0.0497230777703431
"2025-05-26 05:00:00",0.00472435509894473,-0.306428694749223
"2025-05-26 06:00:00",-0.714140551975207,-0.959663821777416
"2025-05-26 07:00:00",-1.88776520420698,-1.2595726662447
"2025-05-26 08:00:00",-2.58039709736727,-0.279331780847856
"2025-05-26 09:00:00",-2.80991431999308,-0.182076479373599
"2025-05-26 10:00:00",-2.65470481638255,0.376308410685175
"2025-05-26 11:00:00",-2.16544557611397,0.544730076413722
"2025-05-26 12:00:00",-2.00144897475705,-0.0948240524520436
"2025-05-26 13:00:00",-2.16468643995371,-0.198509637901788
"2025-05-26 14:00:00",-2.2014871829734,0.075541517037662
"2025-05-26 15:00:00",-2.03018726753288,0.229834533092
"2025-05-26 16:00:00",-2.27438087888753,-0.545987016387144
"2025-05-26 17:00:00",-2.22714073347034,0.443404168101069
"2025-05-26 18:00:00",-1.81070177511819,0.38154342807428
"2025-05-26 19:00:00",-1.71192849048402,-0.092097337060329
"2025-05-26 20:00:00",-1.61376559059616,0.222542258629133
"2025-05-26 21:00:00",-1.59933054129544,-0.122907197082989
"2025-05-26 22:00:00",-1.8291365172129,-0.288089500701938
"2025-05-26 23:00:00",-2.11641353490854,-0.270727134935054
"2025-05-27 00:00:00",-2.45468826269063,-0.3645038959413
"2025-05-27 01:00:00",-2.88531463319008,-0.451081085822524
"2025-05-27 02:00:00",-2.97081122373698,0.166003031754542
"2025-05-27 03:00:00",-2.91837282443232,-0.0219337399980061
"2025-05-27 04:00:00",-2.73345135733825,0.3177958597484
"2025-05-27 05:00:00",-2.17127803605344,0.701897072600559
"2025-05-27 06:00:00",-1.28923070821508,0.9630290444118
"2025-05-27 07:00:00",-0.43722377284522,0.739167922778728
"2025-05-27 08:00:00",0.234775200468245,0.595850876282838
"2025-05-27 09:00:00",0.108988303393353,-0.601195828327367
"2025-05-27 10:00:00",-0.812141121669635,-1.0907838463949
"2025-05-27 11:00:00",-1.48929149131793,-0.368175109792516
"2025-05-27 12:00:00",-1.91456167440327,-0.441205261329853
"2025-05-27 13:00:00",-1.75041988123739,0.562366855054695
"2025-05-27 14:00:00",-1.50727070399365,0.0210422815941031
"2025-05-27 15:00:00",-1.4308134841854,0.111708951751889
"2025-05-27 16:00:00",-1.40052647785951,-0.023588851752016
"2025-05-27 17:00:00",-0.990585786320316,0.681280093784368
"2025-05-27 18:00:00",-0.185599827600146,0.850479189925137
"2025-05-27 19:00:00",0.618432170682849,0.735099806858266
"2025-05-27 20:00:00",1.16739706220721,0.397993678587109
"2025-05-27 21:00:00",1.60650562885203,0.44414756888839
"2025-05-27 22:00:00",2.23065754453469,0.712423350238722
"2025-05-27 23:00:00",2.74744991260158,0.358941861995853
"2025-05-28 00:00:00",2.79461236282322,-0.166468457402075
"2025-05-28 01:00:00",2.83431567399123,0.171661031430623
"2025-05-28 02:00:00",3.13127979580786,0.362734271760424
"2025-05-28 03:00:00",3.48559773787283,0.327835236106099
"2025-05-28 04:00:00",3.51323319801972,-0.178299084868413
"2025-05-28 05:00:00",2.79181249680654,-1.05374134482878
"2025-05-28 06:00:00",1.72471806104645,-1.02888622157916
"2025-05-28 07:00:00",0.341558535370871,-1.55583334704452
"2025-05-28 08:00:00",-1.10601778969908,-1.30705843186133
"2025-05-28 09:00:00",-1.95249896354618,-0.497785409867843
"2025-05-28 10:00:00",-1.92124516381237,0.384971463148395
"2025-05-28 11:00:00",-2.22641820235852,-0.748284257803581
"2025-05-28 12:00:00",-2.80796155737057,-0.439881113683957
"2025-05-28 13:00:00",-3.67825320152263,-1.11225311894514
"2025-05-28 14:00:00",-4.67529850300966,-0.868122655731937
"2025-05-28 15:00:00",-4.8458092670999,0.308683096949378
"2025-05-28 16:00:00",-4.38488617311475,0.546756228616559
"2025-05-28 17:00:00",-3.92358281277474,0.388065250912577
"2025-05-28 18:00:00",-3.33134705857523,0.70526037068329
"2025-05-28 19:00:00",-2.79898558492717,0.396092775758981
"2025-05-28 20:00:00",-2.31843531897699,0.517625628155144
"2025-05-28 21:00:00",-2.01917604553197,0.142451082752979
"2025-05-28 22:00:00",-1.97993837111089,-0.0288327484851256
"2025-05-28 23:00:00",-2.06808727565538,-0.120952220626301
"2025-05-29 00:00:00",-2.12781326632704,-0.0134061253275508
"2025-05-29 01:00:00",-2.04483717570549,0.146028735100039
"2025-05-29 02:00:00",-2.02784941243636,-0.0672103758363611
"2025-05-29 03:00:00",-2.09021277791378,-0.0535555349134058
"2025-05-29 04:00:00",-2.22319552510692,-0.176920632858943
"2025-05-29 05:00:00",-2.4482983355451,-0.243662178031507
"2025-05-29 06:00:00",-2.84909166164255,-0.483345345556819
"2025-05-29 07:00:00",-3.29764694714048,-0.400375918371026
"2025-05-29 08:00:00",-3.80437389122659,-0.54929775675986
"2025-05-29 09:00:00",-4.37425652417346,-0.55162289562062
"2025-05-29 10:00:00",-4.80465133500008,-0.323488721624814
"2025-05-29 11:00:00",-5.03054794022103,-0.143910580222855
"2025-05-29 12:00:00",-5.1763269852119,-0.133614998411529
"2025-05-29 13:00:00",-5.12646148629937,0.176484377939837
"2025-05-29 14:00:00",-4.74549406133766,0.505789759843693
"2025-05-29 15:00:00",-4.69673532883717,-0.252125427313849
"2025-05-29 16:00:00",-4.78386487080794,0.0330583873569488
"2025-05-29 17:00:00",-4.34544552658717,0.693986474264144
"2025-05-29 18:00:00",-3.76538045214926,0.482153961556908
"2025-05-29 19:00:00",-3.24231818351682,0.530330482226715
"2025-05-29 20:00:00",-2.72582208231919,0.486907810829634
"2025-05-29 21:00:00",-2.17322987581091,0.573634719131753
"2025-05-29 22:00:00",-1.51634007293447,0.683977686806735
"2025-05-29 23:00:00",-0.912496115054562,0.523682047793836
"2025-05-30 00:00:00",-0.480680506415095,0.351228589891234
"2025-05-30 01:00:00",0.0543586640032297,0.63277217056422
"2025-05-30 02:00:00",0.718045686780657,0.652688548666682
"2025-05-30 03:00:00",1.58523539786125,0.968054499606118
"2025-05-30 04:00:00",2.36458455221194,0.614470819927504
"2025-05-30 05:00:00",2.7014715091382,0.132778532614203
"2025-05-30 06:00:00",2.5204654526815,-0.385072057990435
"2025-05-30 07:00:00",1.81865165014501,-0.882869514763433
"2025-05-30 08:00:00",1.13611926983884,-0.518886555785413
"2025-05-30 09:00:00",0.481833326270378,-0.71492342651194
"2025-05-30 10:00:00",0.338946430788136,0.244633348062691
"2025-05-30 11:00:00",0.600638571575397,0.260192269737708
"2025-05-30 12:00:00",1.12745789012384,0.678759582930792
"2025-05-30 13:00:00",1.55303492103892,0.235115532891948
"2025-05-30 14:00:00",1.83171586661923,0.292480089454052
"2025-05-30 15:00:00",1.57506243435033,-0.612900590997399
"2025-05-30 16:00:00",1.77673072331034,0.733092259744371
"2025-05-30 17:00:00",2.53530132690398,0.737219603952139
"2025-05-30 18:00:00",3.14136295269713,0.486557815154687
"2025-05-30 19:00:00",3.3711455052865,0.043634873165522
"2025-05-30 20:00:00",3.41517060308289,0.0378491553782473
"2025-05-30 21:00:00",3.37996260677598,-0.0866396530985709
"2025-05-30 22:00:00",3.24254489138783,-0.169094588057133
"2025-05-30 23:00:00",2.98859670082472,-0.302627176740637
"2025-05-31 00:00:00",2.67611961841315,-0.308045957741059
"2025-05-31 01:00:00",3.18470274066992,1.02537732341072
"2025-05-31 02:00:00",3.58044535613686,-0.0469159870502914
"2025-05-31 03:00:00",3.29822951571695,-0.430282787618437
"2025-05-31 04:00:00",3.31078018821368,0.302921502825743
"2025-05-31 05:00:00",3.7898927418557,0.569537890348315
"2025-05-31 06:00:00",3.99095899439022,-0.0590155303770498
"2025-05-31 07:00:00",3.4155630443226,-0.897444028412973
"2025-05-31 08:00:00",2.35621302439312,-1.12134716998189
"2025-05-31 09:00:00",1.96700924618541,0.114342069942432
"2025-05-31 10:00:00",2.373411242681,0.579258680426399
"2025-05-31 11:00:00",2.67081527815346,0.092313300353309
"2025-05-31 12:00:00",2.8816172129717,0.27633424861379
"2025-05-31 13:00:00",3.00645686100312,0.0141994163043517
"2025-05-31 14:00:00",3.0743603014181,0.0966046826513081
"2025-05-31 15:00:00",3.18660587000725,0.113377204978644
"2025-05-31 16:00:00",3.3180540397603,0.133142696888931
"2025-05-31 17:00:00",3.64405743487326,0.434807917910576
"2025-05-31 18:00:00",4.36784244580579,0.877343633425237
"2025-05-31 19:00:00",4.56215601917307,-0.27589413866652
"2025-05-31 20:00:00",4.34867936113928,-0.167600208761342
"2025-05-31 21:00:00",4.11252843202447,-0.276232585470079
"2025-05-31 22:00:00",3.81500132318288,-0.302884306953737
"2025-05-31 23:00:00",3.69579440167528,0.00399124027382514
"2025-06-01 00:00:00",3.67204800319181,-0.0458718159374191
"2025-06-01 01:00:00",4.31401485832078,1.06528057736086
"2025-06-01 02:00:00",5.03221289275751,0.447126255627291
"2025-06-01 03:00:00",5.19880351259847,-0.0348307415071742
"2025-06-01 04:00:00",5.27563461082949,0.140920945912857
"2025-06-01 05:00:00",5.50499752312524,0.2706258881982
"2025-06-01 06:00:00",5.55344903216318,-0.109058339441492
"2025-06-01 07:00:00",5.81769511202067,0.493398530123465
"2025-06-01 08:00:00",5.91980859600804,-0.171087825965712
"2025-06-01 09:00:00",4.77120596069008,-1.7533155354143
"2025-06-01 10:00:00",4.91178424877785,1.39032447429581
"2025-06-01 11:00:00",5.68379842812585,0.316799365253606
"2025-06-01 12:00:00",6.70995007698605,1.44295898961896
"2025-06-01 13:00:00",6.81943371028201,-0.793333908858768
"2025-06-01 14:00:00",6.71774999355902,0.355453066244961
"2025-06-01 15:00:00",6.35929024150073,-0.826016268945713
"2025-06-01 16:00:00",2.44980855796533,-5.78750902850657
"2025-06-01 17:00:00",-0.454061750000225,-0.84664376538436
"2025-06-01 18:00:00",-0.238156294179982,0.914585038044291
"2025-06-01 19:00:00",0.709394148989354,0.924806907438654
"2025-06-01 20:00:00",1.66476743336186,0.929437677797995
"2025-06-01 21:00:00",2.34535225321804,0.480199554779194
"2025-06-01 22:00:00",2.66056468281951,0.187221970064604
"2025-06-01 23:00:00",2.75396406830308,0.0229853826483668
"2025-06-02 00:00:00",2.47376103625883,-0.472558901946635
"2025-06-02 01:00:00",2.30261498397907,0.0347375221842914
"2025-06-02 02:00:00",2.23882583727979,-0.129408402266612
"2025-06-02 03:00:00",2.14987914465251,-0.0606309272500988
"2025-06-02 04:00:00",2.07829623819658,-0.0782528536618212
"2025-06-02 05:00:00",2.16092507923843,0.183276937560624
"2025-06-02 06:00:00",2.26097501819741,0.0370273440514478
"2025-06-02 07:00:00",2.19285101208882,-0.137899994364756
"2025-06-02 08:00:00",1.54094565334537,-0.966417381614949
"2025-06-02 09:00:00",0.89264371864078,-0.407407321035044
"2025-06-02 10:00:00",0.437044259676802,-0.467227470981816
"2025-06-02 11:00:00",0.378776180813239,0.216572593761053
"2025-06-02 12:00:00",-0.248669695829738,-1.16078760636533
"2025-06-02 13:00:00",-0.71041326419348,0.0265401018231297
"2025-06-02 14:00:00",-0.672260720563113,0.0449964916774591
"2025-06-02 15:00:00",-0.655642308821588,-0.00222341229866351
"2025-06-02 16:00:00",-0.484113708869357,0.280055244983429
"2025-06-02 17:00:00",0.115308927142434,0.784470278053346
"2025-06-02 18:00:00",0.94887223022628,0.826532454024657
"2025-06-02 19:00:00",1.32063449910491,0.049698655659515
"2025-06-02 20:00:00",1.13916535124697,-0.328656877378741
"2025-06-02 21:00:00",0.657323067149879,-0.562535249509274
"2025-06-02 22:00:00",0.0506131561913036,-0.608175745897535
"2025-06-02 23:00:00",-0.32071220911031,-0.195847858936849
"2025-06-03 00:00:00",-0.576708981121421,-0.283517298882643
"2025-06-03 01:00:00",-0.51923136826746,0.282815555235478
"2025-06-03 02:00:00",-0.425052800175892,-0.0353835224594857
"2025-06-03 03:00:00",-0.166873414659589,0.442163884059614
"2025-06-03 04:00:00",0.0115177676949397,-0.00571631374647619
"2025-06-03 05:00:00",-0.00619207275492509,-0.0248786712189779
"2025-06-03 06:00:00",0.2525026872469,0.4354554876182
"2025-06-03 07:00:00",0.713306430542605,0.455479823092014
"2025-06-03 08:00:00",0.889252362964171,-0.0196868445162984
"2025-06-03 09:00:00",0.946982642802874,0.105451630790752
"2025-06-03 10:00:00",1.34909967339168,0.579561998762502
"2025-06-03 11:00:00",1.8493709403164,0.421900659911801
"2025-06-03 12:00:00",2.09384375441404,0.112189301475348
"2025-06-03 13:00:00",1.90311596984915,-0.38630394984346
"2025-06-03 14:00:00",2.40279642827839,1.06412990121481
"2025-06-03 15:00:00",3.83118756593708,1.60025539366087
"2025-06-03 16:00:00",4.53905306376844,0.0743747959746816
"2025-06-03 17:00:00",5.1047205286982,0.860461213901362
"2025-06-03 18:00:00",5.24519492331004,-0.352761874995408
"2025-06-03 19:00:00",4.86330313217837,-0.389923089721697
"2025-06-03 20:00:00",4.798735392446,0.149133545244786
"2025-06-03 21:00:00",5.35994383431549,0.803068500081812
"2025-06-03 22:00:00",6.14055028867505,0.721631293183094
"2025-06-03 23:00:00",6.27126923967579,-0.277340315645695
"2025-06-04 00:00:00",5.64458590324455,-0.837876286174554
"2025-06-04 01:00:00",4.9947132938678,-0.500931004465892
"2025-06-04 02:00:00",4.36646425121128,-0.689708474569405
"2025-06-04 03:00:00",3.99927585510946,-0.140356696679876
"2025-06-04 04:00:00",4.12069301696543,0.285007001465972
"2025-06-04 05:00:00",4.64841541089497,0.659142983253884
"2025-06-04 06:00:00",5.31476875774406,0.633505564029313
"2025-06-04 07:00:00",5.94006906164178,0.583267766574438
"2025-06-04 08:00:00",6.3130039893788,0.20733943119581
"2025-06-04 09:00:00",6.55208907297101,0.240752415012234
"2025-06-04 10:00:00",7.05766011192761,0.649646398528157
"2025-06-04 11:00:00",7.76302558931138,0.699897917601468
"2025-06-04 12:00:00",7.34864179637784,-1.14753785414909
"2025-06-04 13:00:00",5.26130568709545,-2.62413824204658
"2025-06-04 14:00:00",3.67389996880142,-0.827609586371606
"2025-06-04 15:00:00",0.116395871804682,-5.21308685846614
"2025-06-04 16:00:00",-1.31888098922503,1.15127399441191
"2025-06-04 17:00:00",-0.950460991820105,-0.169281418849622
"2025-06-04 18:00:00",-0.592104766960412,0.694304608053425
"2025-06-04 19:00:00",0.283773081319706,0.956066459373381
"2025-06-04 20:00:00",1.29323942741037,0.996730807887284
"2025-06-04 21:00:00",2.41211432666225,1.14546823775722
"2025-06-04 22:00:00",3.26382653801593,0.612297115253456
"2025-06-04 23:00:00",3.5734016863111,0.0888473516912836
"2025-06-05 00:00:00",3.86459622871359,0.40764834101899
"2025-06-05 01:00:00",4.77357101696474,1.19501296842787
"2025-06-05 02:00:00",4.96203536726194,-0.497663621982497
"2025-06-05 03:00:00",4.55831265508802,-0.328305911411777
"2025-06-05 04:00:00",4.05113160889267,-0.608202024012645
"2025-06-05 05:00:00",3.79590734136566,-0.0130019199469487
"2025-06-05 06:00:00",3.92218938306414,0.208244214768877
"2025-06-05 07:00:00",4.09727951962652,0.139613504610955
"2025-06-05 08:00:00",3.97803992031816,-0.291418964485302
"2025-06-05 09:00:00",3.13104549691174,-1.18224925369491
"2025-06-05 10:00:00",1.45461151495572,-1.93025648255239
"2025-06-05 11:00:00",-1.36890405521316,-3.28671431936558
"2025-06-05 12:00:00",-2.34578637279053,0.611164427120338
"2025-06-05 13:00:00",-1.72053478123152,0.607954092073537
"2025-06-05 14:00:00",-1.52655888333271,-0.0890054342166362
"2025-06-05 15:00:00",-0.878343968576943,1.11085119730913
"2025-06-05 16:00:00",-0.217583338563316,0.330438235749173
"2025-06-05 17:00:00",0.375071462359952,0.739580689989255
"2025-06-05 18:00:00",0.889485629674689,0.339377744599647
"2025-06-05 19:00:00",1.48969913203213,0.744433119825535
"2025-06-05 20:00:00",2.16156999066568,0.589650344713805
"2025-06-05 21:00:00",2.54419697061517,0.223646159510831
"2025-06-05 22:00:00",2.30137533536772,-0.5455346194263
"2025-06-05 23:00:00",1.79845051222381,-0.453585650561377
"2025-06-06 00:00:00",1.5517011960118,-0.0994528650332433
"2025-06-06 01:00:00",1.3396189630867,-0.279088712465032
"2025-06-06 02:00:00",1.59150999540067,0.59217561566642
"2025-06-06 03:00:00",2.26661423270984,0.696257717891971
"2025-06-06 04:00:00",3.00502996761455,0.72851081397971
"2025-06-06 05:00:00",2.94906085730404,-0.580159534978382
"2025-06-06 06:00:00",1.78685076852825,-1.49880990009575
"2025-06-06 07:00:00",1.73799091024842,0.917776417709873
"2025-06-06 08:00:00",2.33880666116189,0.358722267183432
"2025-06-06 09:00:00",0.880899113560084,-2.60270855734612
"2025-06-06 10:00:00",-0.839492795928784,-1.05157396283785
"2025-06-06 11:00:00",-1.08695509796406,0.301444089560201
"2025-06-06 12:00:00",-0.534188530571575,0.695445586262845
"2025-06-06 13:00:00",-1.10081296743024,-1.3803762421511
"2025-06-06 14:00:00",-1.73508090843762,-0.105312310570624
"2025-06-06 15:00:00",-1.49622555909764,0.459182140971327
"2025-06-06 16:00:00",-1.22889619905652,0.128654379342924
"2025-06-06 17:00:00",-0.904175616494735,0.441582211264271
"2025-06-06 18:00:00",-0.204577703028989,0.839526146427503
"2025-06-06 19:00:00",0.379882115758932,0.38690893889754
"2025-06-06 20:00:00",0.673512487869435,0.217003071516836
"2025-06-06 21:00:00",0.870205620941985,0.172938786559923
"2025-06-06 22:00:00",1.10297191539192,0.260468377365439
"2025-06-06 23:00:00",1.33769778048585,0.204989173412816
"2025-06-07 00:00:00",1.28804478381641,-0.218775845707042
"2025-06-07 01:00:00",1.18448579122855,-0.0234877682219208
"2025-06-07 02:00:00",1.3318913533355,0.252801581611126
"2025-06-07 03:00:00",1.57061988342841,0.21628615869793
"2025-06-07 04:00:00",1.90107197689907,0.388834664568179
"2025-06-07 05:00:00",2.20687655164252,0.233470767670201
"2025-06-07 06:00:00",2.55034129582222,0.397627826430783
"2025-06-07 07:00:00",2.61350073978758,-0.166103361887552
"2025-06-07 08:00:00",2.03583992073731,-0.827945492280327
"2025-06-07 09:00:00",1.65197760224828,-0.072194359530482
"2025-06-07 10:00:00",1.46555320594138,-0.255846430035906
"2025-06-07 11:00:00",1.11737016369539,-0.395082813867593
"2025-06-07 12:00:00",-2.04813763157343,-4.86344349278248
"2025-06-07 13:00:00",-2.69324778395261,2.20035895977012
"2025-06-07 14:00:00",-4.27351177096484,-4.02207302733816
"2025-06-07 15:00:00",-5.62915505428455,0.491872611886603
"2025-06-07 16:00:00",-4.34594677337032,1.75703294438951
"2025-06-07 17:00:00",-3.47423121806137,0.245690748519174
"2025-06-07 18:00:00",-3.44020685292007,-0.104224107605855
"2025-06-07 19:00:00",-2.96085209561561,0.850055160497165
"2025-06-07 20:00:00",-2.10164943528669,0.828287473394265
"2025-06-07 21:00:00",-1.36539485800281,0.64262218279337
"2025-06-07 22:00:00",-0.997716831001695,0.168672641108816
"2025-06-07 23:00:00",-0.842227427235474,0.140597624535436
"2025-06-08 00:00:00",-0.690136956714403,0.153610287475027
"2025-06-08 01:00:00",-0.706852549565471,-0.128580637842759
"2025-06-08 02:00:00",-0.511372440990922,0.403138710861396
"2025-06-08 03:00:00",-0.16414838390712,0.29410733988435
"2025-06-08 04:00:00",0.103894778480109,0.23814161999841
"2025-06-08 05:00:00",0.43195486964394,0.372281641877039
"2025-06-08 06:00:00",0.908348204647902,0.5226054364737
"2025-06-08 07:00:00",0.630147141251361,-0.80001359316488
"2025-06-08 08:00:00",0.132992249262137,-0.272440029464006
"2025-06-08 09:00:00",-2.37785403488182,-3.88394945739589
"2025-06-08 10:00:00",-3.87243227620478,0.172394455628488
"2025-06-08 11:00:00",-3.30654488047442,0.806310980444933
"2025-06-08 12:00:00",-3.16789885344651,-0.308783985676126
"2025-06-08 13:00:00",-4.80488159786542,-2.4405631015075
"2025-06-08 14:00:00",-6.30539670426555,-0.796331977834926
"2025-06-08 15:00:00",-6.81565522449988,-0.287173843262065
"2025-06-08 16:00:00",-7.19149613856279,-0.408308952687755
"2025-06-08 17:00:00",-7.23740259204674,0.207139502852317
"2025-06-08 18:00:00",-7.39020876364463,-0.37617856014955
"2025-06-08 19:00:00",-7.18085142120842,0.599282474226602
"2025-06-08 20:00:00",-6.51438264693186,0.688841929657892
"2025-06-08 21:00:00",-5.91542056529436,0.518975308221562
"2025-06-08 22:00:00",-5.41030480320273,0.479496029765885
"2025-06-08 23:00:00",-4.89983380487962,0.513835069653216
"2025-06-09 00:00:00",-4.59479915081908,0.15765558474827
"2025-06-09 01:00:00",-4.44277754138066,0.146962558431986
"2025-06-09 02:00:00",-3.90935640994434,0.771432937825509
"2025-06-09 03:00:00",-3.54545768295704,0.0799591935211188
"2025-06-09 04:00:00",-3.68681536444007,-0.277613882280057
"2025-06-09 05:00:00",-4.22084101393448,-0.674836567113235
"2025-06-09 06:00:00",-5.17400812576208,-1.08798482466888
"2025-06-09 07:00:00",-6.09625736042619,-0.761268814575926
"2025-06-09 08:00:00",-6.67868232300459,-0.427665673571737
"2025-06-09 09:00:00",-8.5029499345283,-2.66002568013419
"2025-06-09 10:00:00",-9.32040213760863,0.460711010048206
"2025-06-09 11:00:00",-8.5113739047416,1.01480151596947
"2025-06-09 12:00:00",-8.43647080539178,-0.544276876795787
"2025-06-09 13:00:00",-8.09001212508559,0.934680049002597
"2025-06-09 14:00:00",-7.20176708920868,0.825504805187026
"2025-06-09 15:00:00",-6.76758177198038,0.161958028695692
"2025-06-09 16:00:00",-6.61846437215315,0.142191838761397
"2025-06-09 17:00:00",-6.15477670928151,0.664508972545388
"2025-06-09 18:00:00",-5.37656876385256,0.824957056002466
"2025-06-09 19:00:00",-4.83132126046881,0.339796033849253
"2025-06-09 20:00:00",-4.35952323963787,0.543603938198942
"2025-06-09 21:00:00",-3.66463928787507,0.76833281259782
"2025-06-09 22:00:00",-3.40029616558028,-0.0794834998215743
"2025-06-09 23:00:00",-3.43502708922625,0.00113562062020225
"2025-06-10 00:00:00",-3.08453789225451,0.571158982330077
"2025-06-10 01:00:00",-3.05752539478961,-0.333054585703946
"2025-06-10 02:00:00",-3.06306605627148,0.217001464991204
"2025-06-10 03:00:00",-2.80885865257613,0.270878224545352
"2025-06-10 04:00:00",-2.45428059905015,0.39714715775449
"2025-06-10 05:00:00",-2.3512667310266,-0.0948042533538761
"2025-06-10 06:00:00",-2.61516674755712,-0.361058427762804
"2025-06-10 07:00:00",-3.37530149747515,-0.986690125113442
"2025-06-10 08:00:00",-4.40508832926888,-1.00523327657416
"2025-06-10 09:00:00",-5.31663145529885,-0.800091760807344
"2025-06-10 10:00:00",-5.60237160503391,0.0775843021191432
"2025-06-10 11:00:00",-5.48354514640938,0.147893399407202
"2025-06-10 12:00:00",-5.90726074731478,-0.777581058277989
"2025-06-10 13:00:00",-6.87783851778564,-1.04550676721563
"2025-06-10 14:00:00",-7.78132517911001,-0.757012333618444
"2025-06-10 15:00:00",-7.70575913001474,0.637045049752623
"2025-06-10 16:00:00",-6.91891993216504,0.859239789271663
"2025-06-10 17:00:00",-6.36337048289369,0.335608983653693
"2025-06-10 18:00:00",-6.41682586717533,-0.302087266409269
"2025-06-10 19:00:00",-5.90104186209347,1.04478126854145
"2025-06-10 20:00:00",-4.80887495933216,1.07946177901275
"2025-06-10 21:00:00",-4.21238234867281,0.252370359778533
"2025-06-10 22:00:00",-3.60494761359934,0.820703465134955
"2025-06-10 23:00:00",-3.22186377362138,0.0777837787159033
"2025-06-11 00:00:00",-2.8986879772387,0.475562281891628
"2025-06-11 01:00:00",-2.28402344021744,0.681924578586772
"2025-06-11 02:00:00",-1.61330780343608,0.634314341992461
"2025-06-11 03:00:00",-1.24929531257665,0.168595565868129
"2025-06-11 04:00:00",-1.41303473499884,-0.375901706061356
"2025-06-11 05:00:00",-2.06511783008505,-0.803393507593945
"2025-06-11 06:00:00",-2.85257240020113,-0.736748354617821
"2025-06-11 07:00:00",-3.76967226232327,-0.990076358902706
"2025-06-11 08:00:00",-4.76960580438605,-0.954131103914015
"2025-06-11 09:00:00",-5.35602171975147,-0.307264401160496
"2025-06-11 10:00:00",-5.52844130534998,-0.0674295479219885
"2025-06-11 11:00:00",-5.71504039606066,-0.250053114848385
"2025-06-11 12:00:00",-5.26902295063344,0.896226552243801
"2025-06-11 13:00:00",-4.76700086719448,0.222157421655595
"2025-06-11 14:00:00",-4.43443035793386,0.396517189309094
"2025-06-11 15:00:00",-4.18112082150561,0.151516463610781
"2025-06-11 16:00:00",-3.70289059925728,0.678698292751754
"2025-06-11 17:00:00",-3.10281471864461,0.523918134113608
"2025-06-11 18:00:00",-2.65968583999308,0.372211359850582
"2025-06-11 19:00:00",-2.60533042554028,-0.15670064052575
"2025-06-11 20:00:00",-2.77997899750511,-0.17495725192627
"2025-06-11 21:00:00",-3.04345307499958,-0.306381908991444
"2025-06-11 22:00:00",-3.44893417828901,-0.448356133833728
"2025-06-11 23:00:00",-4.03398650721879,-0.64393599241449
"2025-06-12 00:00:00",-4.47192460470103,-0.274599775511984
"2025-06-12 01:00:00",-4.99989451249423,-0.666029179683956
"2025-06-12 02:00:00",-5.43772627308303,-0.258454394321717
"2025-06-12 03:00:00",-5.62161497177709,-0.118433772396895
"2025-06-12 04:00:00",-5.23008296230307,0.720142087391942
"2025-06-12 05:00:00",-4.40179983536152,0.867755914507725
"2025-06-12 06:00:00",-3.52129712493165,0.852831647940199
"2025-06-12 07:00:00",-2.81070449061054,0.586538851696621
"2025-06-12 08:00:00",-2.58884953038102,-0.0281840663187677
"2025-06-12 09:00:00",-2.64493045840657,-0.0686776114436428
"2025-06-12 10:00:00",-2.52977974632425,0.235637213411113
"2025-06-12 11:00:00",-2.19560520360389,0.387245088417599
"2025-06-12 12:00:00",-1.79564657342782,0.392257651636103
"2025-06-12 13:00:00",-1.11007361651349,0.850849063155321
"2025-06-12 14:00:00",-0.628309291730476,0.214249298427288
"2025-06-12 15:00:00",-0.531743777717635,0.0143318899180625
"2025-06-12 16:00:00",-0.454764899707954,0.115770046393934
"2025-06-12 17:00:00",-0.335364115941335,0.116733393989295
"2025-06-12 18:00:00",0.00561524736844643,0.474703176695969
"2025-06-12 19:00:00",-0.0873356658086621,-0.466970841721417
"2025-06-12 20:00:00",-0.782780533829917,-0.814598676350795
"2025-06-12 21:00:00",-1.46512957540959,-0.560750633875316
"2025-06-12 22:00:00",-2.03011538203889,-0.539073485416051
"2025-06-12 23:00:00",-2.42568414699833,-0.278487397840021
"2025-06-13 00:00:00",-2.51230325155026,0.0485327381319868
"2025-06-13 01:00:00",-2.24249794615732,0.407734224038158
"2025-06-13 02:00:00",-2.00737719262758,0.1117639385113
"2025-06-13 03:00:00",-2.13768244204385,-0.282903259834463
"2025-06-13 04:00:00",-2.36151689801081,-0.171064841543074
"2025-06-13 05:00:00",-2.41329192288616,0.0332535310417904
"2025-06-13 06:00:00",-2.31866219905335,0.134159507577694
"2025-06-13 07:00:00",-2.13608627984637,0.209164908821927
"2025-06-13 08:00:00",-1.77047035323024,0.455293559033748
"2025-06-13 09:00:00",-1.21770337734011,0.593762443913915
"2025-06-13 10:00:00",-0.603353731626966,0.600449841811052
"2025-06-13 11:00:00",0.115162669780435,0.763860151538418
"2025-06-13 12:00:00",0.905586227993647,0.770423378987565
"2025-06-13 13:00:00",1.61507649469186,0.633987422865908
"2025-06-13 14:00:00",1.95608142633848,0.127401058095665
"2025-06-13 15:00:00",1.97661994340138,-0.0541985473736889
"2025-06-13 16:00:00",1.98669737629538,0.049901424795562
"2025-06-13 17:00:00",2.27438542190339,0.429978978169381
"2025-06-13 18:00:00",2.90698212173632,0.734681544992175
"2025-06-13 19:00:00",3.546627202591,0.542147061891831
"2025-06-13 20:00:00",3.7921217964409,0.0314937124848889
"2025-06-13 21:00:00",3.66901883439314,-0.225202406884468
"2025-06-13 22:00:00",3.34121787285623,-0.38534983202249
"2025-06-13 23:00:00",2.95853079794208,-0.36703236851241
"2025-06-14 00:00:00",2.56349409483207,-0.398746403490858
"2025-06-14 01:00:00",2.11173683536584,-0.46893332522936
"2025-06-14 02:00:00",1.87735575912711,-0.0695990912965362
"2025-06-14 03:00:00",1.69164534111393,-0.256710972928226
"2025-06-14 04:00:00",1.71578013584261,0.208035423601491
"2025-06-14 05:00:00",2.05448980446035,0.407518146236828
"2025-06-14 06:00:00",2.43662659978414,0.344409879346467
"2025-06-14 07:00:00",2.95817450187648,0.611714472769065
"2025-06-14 08:00:00",3.49252439614767,0.453570526483667
"2025-06-14 09:00:00",4.01253218073848,0.535087653594394
"2025-06-14 10:00:00",4.66652455164746,0.697013013364961
"2025-06-14 11:00:00",5.60302583540126,1.04564222850825
"2025-06-14 12:00:00",6.70429835823919,1.078806961445
"2025-06-14 13:00:00",7.50415155523342,0.567239526024467
"2025-06-14 14:00:00",8.04784546118907,0.492491289382648
"2025-06-14 15:00:00",8.42022555418353,0.26424163486035
"2025-06-14 16:00:00",8.69212371087968,0.253231726635352
"2025-06-14 17:00:00",9.11752639147128,0.508765880851863
"2025-06-14 18:00:00",9.75904217556351,0.687781000481933
"2025-06-14 19:00:00",10.2113631466883,0.261280811625491
"2025-06-14 20:00:00",10.1190420590351,-0.336822980161443
"2025-06-14 21:00:00",9.58082987251784,-0.659933243429592
"2025-06-14 22:00:00",8.73777973999636,-0.937410609450771
"2025-06-14 23:00:00",7.78105961875243,-0.935389651141371
"2025-06-15 00:00:00",6.90396985794021,-0.806571722392647
"2025-06-15 01:00:00",6.11722949539611,-0.745030708717087
"2025-06-15 02:00:00",5.61357673276483,-0.326686232856193
"2025-06-15 03:00:00",5.30110767059711,-0.295376410206237
"2025-06-15 04:00:00",5.1401520061752,-0.0705258238568945
"2025-06-15 05:00:00",5.1395118918594,0.0393564111689305
"2025-06-15 06:00:00",5.37046393406069,0.341082857668199
"2025-06-15 07:00:00",5.82313495645427,0.498630881739993
"2025-06-15 08:00:00",6.5678444897139,0.865867408710625
"2025-06-15 09:00:00",7.76220449446511,1.34813284993298
"2025-06-15 10:00:00",9.25871174479112,1.5143064389875
"2025-06-15 11:00:00",10.8403753778608,1.53947729491214
"2025-06-15 12:00:00",12.158238043484,1.09352923050965
"2025-06-15 13:00:00",12.3339223171313,-0.460217473220011
"2025-06-15 14:00:00",11.8314153360665,-0.522714139401879
"2025-06-15 15:00:00",11.1630313247444,-0.748980348740905
"2025-06-15 16:00:00",8.35848739864313,-4.05601097960728
"2025-06-15 17:00:00",4.82456510230406,-3.02871005442141
"2025-06-15 18:00:00",2.89304703636406,-1.11450152620154
"2025-06-15 19:00:00",2.30748596635124,-0.208842544433665
"2025-06-15 20:00:00",2.31095852641032,0.141875139304763
"2025-06-15 21:00:00",2.04301577772938,-0.531395477785926
"2025-06-15 22:00:00",1.59556846042998,-0.372853035697022
"2025-06-15 23:00:00",1.58676371696581,0.232252367066547
"2025-06-16 00:00:00",1.99336765862446,0.501470104375172
"2025-06-16 01:00:00",2.56122775335561,0.582566348259564
"2025-06-16 02:00:00",3.12199226590146,0.51628264505912
"2025-06-16 03:00:00",3.46453000152346,0.206409596059404
"2025-06-16 04:00:00",3.35351770843567,-0.321812452830907
"2025-06-16 05:00:00",2.52457493700189,-1.13195443395639
"2025-06-16 06:00:00",0.931913151927424,-1.82736571727908
"2025-06-16 07:00:00",-1.07236541847417,-2.02817730788658
"2025-06-16 08:00:00",-2.06329044828624,-0.250965238770859
"2025-06-16 09:00:00",-2.46641957783968,-0.482754823764841
"2025-06-16 10:00:00",-3.42541077269817,-1.22772787731794
"2025-06-16 11:00:00",-3.82109905046153,0.182212230558524
"2025-06-16 12:00:00",-3.3542768578612,0.639299719783872
"2025-06-16 13:00:00",-2.44329742420135,1.05312932951888
"2025-06-16 14:00:00",-2.06036271832998,-0.0789025430470076
"2025-06-16 15:00:00",-1.94457130940678,0.242737823106129
"2025-06-16 16:00:00",-1.62100110406092,0.364587466846805
"2025-06-16 17:00:00",-0.91037226344255,0.90963937789545
"2025-06-16 18:00:00",0.0281667450761547,0.914379434443577
"2025-06-16 19:00:00",0.724059176841097,0.517132236508249
"2025-06-16 20:00:00",1.02369228013221,0.13946474116716
"2025-06-16 21:00:00",1.18823613551377,0.172124838465411
"2025-06-16 22:00:00",1.22639632313246,-0.0544925728477253
"2025-06-16 23:00:00",1.07684967421657,-0.207388929690079
"2025-06-17 00:00:00",0.963512304197152,-0.0466392953675306
"2025-06-17 01:00:00",0.322859171831447,-1.00745381305719
"2025-06-17 02:00:00",-0.179265454488666,-0.141799594138046
"2025-06-17 03:00:00",-0.400591870131867,-0.263595110398458
"2025-06-17 04:00:00",-0.481426206735726,0.0453615155449754
"2025-06-17 05:00:00",-0.461252871274541,0.00304323914678439
"2025-06-17 06:00:00",-0.653733280394968,-0.313086389946019
"2025-06-17 07:00:00",-1.00078817237282,-0.352365953800754
"2025-06-17 08:00:00",-1.25409640818031,-0.173944218052532
"2025-06-17 09:00:00",-1.25156635580934,0.121673373196064
"2025-06-17 10:00:00",-0.805823497861745,0.642216876541918
"2025-06-17 11:00:00",0.1365586585445,1.09874594534944
"2025-06-17 12:00:00",1.19790961308367,0.985810698189914
"2025-06-17 13:00:00",1.85075766777535,0.398310171671273
"2025-06-17 14:00:00",2.3085270778138,0.473270445562953
"2025-06-17 15:00:00",2.70238179659072,0.319221315197731
"2025-06-17 16:00:00",3.13265384121546,0.480376083885416
"2025-06-17 17:00:00",3.73601578591651,0.652643036189912
"2025-06-17 18:00:00",4.54765645366417,0.874254439795486
"2025-06-17 19:00:00",5.15847080811105,0.400305004977203
"2025-06-17 20:00:00",5.5683430627589,0.390126264120511
"2025-06-17 21:00:00",6.09391417452402,0.583716005867202
"2025-06-17 22:00:00",6.40699203409866,0.109925629850202
"2025-06-17 23:00:00",6.24204361491565,-0.348612465573661
"2025-06-18 00:00:00",5.6267355586633,-0.771906536981562
"2025-06-18 01:00:00",4.55892782244079,-1.22158091618406
"2025-06-18 02:00:00",3.81846685529558,-0.390408143738638
"2025-06-18 03:00:00",3.37452602350939,-0.463453363769926
"2025-06-18 04:00:00",3.29516860982396,0.176124836638528
"2025-06-18 05:00:00",3.78216219068884,0.666848143872585
"2025-06-18 06:00:00",4.32306768111446,0.426367982324066
"2025-06-18 07:00:00",4.61395107942892,0.181168591394012
"2025-06-18 08:00:00",4.36195932640189,-0.534731463841551
"2025-06-18 09:00:00",3.91874139969597,-0.366769304444707
"2025-06-18 10:00:00",3.65495100119561,-0.18765347840867
"2025-06-18 11:00:00",3.75043990932997,0.274999981641156
"2025-06-18 12:00:00",4.03453598575517,0.271827173583149
"2025-06-18 13:00:00",4.43195934795933,0.457068550466479
"2025-06-18 14:00:00",3.8857355426101,-1.19482886456232
"2025-06-18 15:00:00",3.31194676636791,-0.137510120124383
"2025-06-18 16:00:00",3.04643761766348,-0.342491327514456
"2025-06-18 17:00:00",3.00409262113085,0.155835754489595
"2025-06-18 18:00:00",3.56663753018184,0.803076927180537
"2025-06-18 19:00:00",4.30824056862853,0.660784685684401
"2025-06-18 20:00:00",4.68121567912105,0.157830187457495
"2025-06-18 21:00:00",4.68970041026023,-0.0975126058618642
"2025-06-18 22:00:00",4.79503915493974,0.22952193453532
"2025-06-18 23:00:00",4.82324335330926,-0.113524468124973
"2025-06-19 00:00:00",4.79295350945194,0.020423110821966
"2025-06-19 01:00:00",4.9565632087175,0.24511500389145
"2025-06-19 02:00:00",4.38347141260694,-1.09770782396217
"2025-06-19 03:00:00",3.15221107889056,-1.26743365713682
"2025-06-19 04:00:00",1.96936719267751,-1.07430560352256
"2025-06-19 05:00:00",0.894887106534872,-1.02607552086022
"2025-06-19 06:00:00",-0.114411789769323,-0.951306581887503
"2025-06-19 07:00:00",-0.916214932444575,-0.663887268140506
"2025-06-19 08:00:00",-1.5605907005862,-0.599567368547933
"2025-06-19 09:00:00",-1.77177106850879,0.059786046368247
"2025-06-19 10:00:00",-1.7572921889301,-0.014130318070828
"2025-06-19 11:00:00",-1.87685662049033,-0.181906587930145
"2025-06-19 12:00:00",-1.75607026362455,0.319257060187066
"2025-06-19 13:00:00",-2.0040619925466,-0.612103921336297
"2025-06-19 14:00:00",-2.21953767031418,0.0617603711163528
"2025-06-19 15:00:00",-2.20005390189025,-0.00676592633320813
"2025-06-19 16:00:00",-2.26884769442205,-0.104040987369596
"2025-06-19 17:00:00",-2.12739810370746,0.30130924217205
"2025-06-19 18:00:00",-1.92825353089048,0.124314078849648
"2025-06-19 19:00:00",-1.4953319045136,0.620569093964736
"2025-06-19 20:00:00",-1.24501646975366,-0.00648411433361334
"2025-06-19 21:00:00",-1.28769433372103,-0.0631742748888197
"2025-06-19 22:00:00",-1.30084812591867,0.0224770094156222
"2025-06-19 23:00:00",-1.27812461664825,0.0234843004058108
"2025-06-20 00:00:00",-1.44194422101034,-0.279255174498964
"2025-06-20 01:00:00",-2.43147937572669,-1.414166976556
"2025-06-20 02:00:00",-3.20302618381198,-0.303344004946671
"2025-06-20 03:00:00",-3.57199499367408,-0.391057373696364
"2025-06-20 04:00:00",-3.71802089048735,0.0288675726774441
"2025-06-20 05:00:00",-3.54203836151587,0.270485956859177
"2025-06-20 06:00:00",-3.3040363018512,0.20960104473065
"2025-06-20 07:00:00",-3.259812446768,-0.0638696626572418
"2025-06-20 08:00:00",-3.27159169609486,0.0277074281323558
"2025-06-20 09:00:00",-3.53689126470728,-0.443811639405141
"2025-06-20 10:00:00",-3.54122846158083,0.293404533849594
"2025-06-20 11:00:00",-3.07303691445769,0.567029302358704
"2025-06-20 12:00:00",-2.44361240006895,0.645070672630088
"2025-06-20 13:00:00",-1.6602168457448,0.841532957801021
"2025-06-20 14:00:00",-1.01405485201906,0.487351032466383
"2025-06-20 15:00:00",-0.647398135682893,0.270078614758039
"2025-06-20 16:00:00",-0.243330795122174,0.475024861343963
"2025-06-20 17:00:00",0.388693239116923,0.706968558696543
"2025-06-20 18:00:00",1.25876985713674,0.936967135371847
"2025-06-20 19:00:00",2.09926308039912,0.734616626377414
"2025-06-20 20:00:00",2.30763753275889,-0.155054652314763
"2025-06-20 21:00:00",2.05835322298842,-0.303230800610774
"2025-06-20 22:00:00",1.5926515956004,-0.554536223281761
"2025-06-20 23:00:00",0.860711500910631,-0.817478303394602
"2025-06-21 00:00:00",0.143821442634299,-0.616875316506154
"2025-06-21 01:00:00",-1.28052479426337,-1.89515239074946
"2025-06-21 02:00:00",-2.12490655271694,-0.102105292461678
"2025-06-21 03:00:00",-2.1587476419689,0.0160138621144762
"2025-06-21 04:00:00",-1.43287221561567,1.16739708560509
"2025-06-21 05:00:00",-0.35271335534576,0.972518965018223
"2025-06-21 06:00:00",0.738024205846369,1.11817198296796
"2025-06-21 07:00:00",1.93889242992103,1.19798261828533
"2025-06-21 08:00:00",2.72707335295218,0.475032113611292
"2025-06-21 09:00:00",2.92147892579768,-0.00542774670908686
"2025-06-21 10:00:00",3.00575685027756,0.136311256139811
"2025-06-21 11:00:00",3.56533686479082,0.811290327195415
"2025-06-21 12:00:00",4.48723264026365,0.947229321818592
"2025-06-21 13:00:00",5.39189441024411,0.827512707707514
"2025-06-21 14:00:00",5.83404035911205,0.157280657819888
"2025-06-21 15:00:00",5.90488637417461,0.00233961821143719
"2025-06-21 16:00:00",5.97714166607226,0.107822416915089
"2025-06-21 17:00:00",6.2605674689058,0.379322416390348
"2025-06-21 18:00:00",6.93508203757575,0.831186170241848
"2025-06-21 19:00:00",7.75771989307837,0.76891133672561
"2025-06-21 20:00:00",8.18534098802084,0.169781271001426
"2025-06-21 21:00:00",8.33436307572281,0.117553837612492
"2025-06-21 22:00:00",8.08171342331942,-0.498181680446121
"2025-06-21 23:00:00",7.98159140257961,0.159590271498348
"2025-06-22 00:00:00",7.79026165931407,-0.426465641159963
"2025-06-22 01:00:00",6.2977847941324,-2.14225595268723
"2025-06-22 02:00:00",4.93258724082464,-0.790409368475864
"2025-06-22 03:00:00",4.2902841526793,-0.519401518165091
"2025-06-22 04:00:00",4.31683625857467,0.383724853250093
"2025-06-22 05:00:00",4.97345754933495,0.801784294480458
"2025-06-22 06:00:00",6.04719123744101,1.19759830756008
"2025-06-22 07:00:00",7.32280414858496,1.2592130774396
"2025-06-22 08:00:00",8.71083496043516,1.39851338366848
"2025-06-22 09:00:00",9.80357642160968,0.825745844127023
"2025-06-22 10:00:00",10.4402504455752,0.467741089090419
"2025-06-22 11:00:00",11.0689899147197,0.692739350763879
"2025-06-22 12:00:00",11.7683120888488,0.656215856392916
"2025-06-22 13:00:00",12.4307817196657,0.619994016490618
"2025-06-22 14:00:00",12.7390238664552,0.069745361655048
"2025-06-22 15:00:00",12.869174732701,0.147820385443913
"2025-06-22 16:00:00",13.0836317869374,0.232106724950606
"2025-06-22 17:00:00",13.2981087303403,0.17567263699661
"2025-06-22 18:00:00",13.7727092261308,0.634193769467517
"2025-06-22 19:00:00",14.1316077424705,0.140569371192411
"2025-06-22 20:00:00",14.413627644701,0.344707328896434
"2025-06-22 21:00:00",14.5187974645043,-0.0780900925523446
"2025-06-22 22:00:00",14.0704661409299,-0.692559079858355
"2025-06-22 23:00:00",13.3081409720147,-0.79074104782793
"2025-06-23 00:00:00",12.8105535933812,-0.29565868419364
"2025-06-23 01:00:00",11.786498163235,-1.47749021691014
"2025-06-23 02:00:00",11.0569534311181,-0.211443374443277
"2025-06-23 03:00:00",10.2063695400873,-1.25049910562528
"2025-06-23 04:00:00",8.30058306035523,-2.26522747650723
"2025-06-23 05:00:00",7.03213867974253,-0.554353987563793
"2025-06-23 06:00:00",6.66001739610067,-0.242013487859359
"2025-06-23 07:00:00",6.3472401849586,-0.353671326296366
"2025-06-23 08:00:00",5.49215165877061,-1.15690677560168
"2025-06-23 09:00:00",5.17120913849076,0.244531378492949
"2025-06-23 10:00:00",5.08152026839648,-0.314900241414063
"2025-06-23 11:00:00",4.34901759910793,-0.982639548869522
"2025-06-23 12:00:00",3.57379836638111,-0.605707565831426
"2025-06-23 13:00:00",3.30193345973255,-0.0409932328687504
"2025-06-23 14:00:00",2.70904732469067,-0.936889803702883
"2025-06-23 15:00:00",2.13160991318998,-0.313857947641726
"2025-06-23 16:00:00",-1.1270438766108,-5.0697154691692
"2025-06-23 17:00:00",-3.63861173956592,-0.685364570685857
"2025-06-23 18:00:00",-3.76905918854435,0.250378521088895
"2025-06-23 19:00:00",-3.10907841781883,0.906539250709506
"2025-06-23 20:00:00",-2.25073618756981,0.789429900476703
"2025-06-23 21:00:00",-1.49588177245908,0.698834573566379
"2025-06-23 22:00:00",-1.09435101746652,0.186178664315007
"2025-06-23 23:00:00",-0.988656171304314,0.0484274995409682
"2025-06-24 00:00:00",-0.871190106615657,0.159183062621766
"2025-06-24 01:00:00",-1.03829695207721,-0.375566350723332
"2025-06-24 02:00:00",-0.920551022186043,0.442357956255543
"2025-06-24 03:00:00",-0.547030440794251,0.311066534293139
"2025-06-24 04:00:00",-0.273348955801824,0.236458273047273
"2025-06-24 05:00:00",-0.159545325623352,0.0269796119431022
"2025-06-24 06:00:00",-0.243567665490606,-0.153824112686552
"2025-06-24 07:00:00",-0.481611621536214,-0.282564012805904
"2025-06-24 08:00:00",-1.20370508569639,-0.98017412339799
"2025-06-24 09:00:00",-2.13973886771152,-0.86057657257653
"2025-06-24 10:00:00",-3.75309450616711,-2.03577698139127
"2025-06-24 11:00:00",-5.11607975273356,-0.844860604056687
"2025-06-24 12:00:00",-5.5916102456454,-0.200125121028696
"2025-06-24 13:00:00",-6.49771464624562,-1.32648647139379
"2025-06-24 14:00:00",-6.3350561320768,1.15604854861672
"2025-06-24 15:00:00",-4.29928806336171,2.53366276682642
"2025-06-24 16:00:00",-2.43020343221924,1.34276237647182
"2025-06-24 17:00:00",-3.10212065160692,-1.97995361332248
"2025-06-24 18:00:00",-3.48047054278051,0.71134419055638
"2025-06-24 19:00:00",-2.55717379832334,1.02520650894738
"2025-06-24 20:00:00",-1.2394120988112,1.4534711691485
"2025-06-24 21:00:00",0.181495542163207,1.33327547254778
"2025-06-24 22:00:00",1.26822871799563,0.870499687742833
"2025-06-24 23:00:00",1.9177196147895,0.469656570442816
"2025-06-25 00:00:00",2.41430057159556,0.488461871150497
"2025-06-25 01:00:00",3.01442353662667,0.642933920695754
"2025-06-25 02:00:00",3.61038259532319,0.53243904915202
"2025-06-25 03:00:00",3.86409554881469,0.0511900988634323
"2025-06-25 04:00:00",3.67583447527928,-0.343925700488032
"2025-06-25 05:00:00",3.00016817465693,-0.869452396794401
"2025-06-25 06:00:00",1.83462605232024,-1.31141212586852
"2025-06-25 07:00:00",0.3505131794718,-1.53108475857391
"2025-06-25 08:00:00",-1.32986364741393,-1.70050443240104
"2025-06-25 09:00:00",-1.72509499089439,0.4954307965793
"2025-06-25 10:00:00",-0.957031657251126,0.915540358768428
"2025-06-25 11:00:00",-0.741281941650097,-0.259788551664299
"2025-06-25 12:00:00",-1.28876522759785,-0.71230526558672
"2025-06-25 13:00:00",-0.64615789935528,1.51699152612145
"2025-06-25 14:00:00",-0.926684632695335,-1.46468888883185
"2025-06-25 15:00:00",-1.20134177622025,0.532929590106553
"2025-06-25 16:00:00",-0.532644832856822,0.728978976464953
"2025-06-25 17:00:00",0.0907243707810658,0.524028138959208
"2025-06-25 18:00:00",0.665461875494149,0.581115113040533
"2025-06-25 19:00:00",1.15701168075982,0.407624967735493
"2025-06-25 20:00:00",1.59881032739281,0.442095806040889
"2025-06-25 21:00:00",1.54608863566814,-0.382149364318328
"2025-06-25 22:00:00",1.14042392466961,-0.404056700449407
"2025-06-25 23:00:00",0.751517074899087,-0.361796061891471
"2025-06-26 00:00:00",0.397824822945741,-0.332450976513712
"2025-06-26 01:00:00",-0.0476245277700492,-0.500125494794161
"2025-06-26 02:00:00",-0.191561601364929,0.100419024323519
"2025-06-26 03:00:00",-0.121915011984414,0.0460692639527766
"2025-06-26 04:00:00",0.186672421076274,0.469089808958421
"2025-06-26 05:00:00",0.751316447018659,0.601273693577076
"2025-06-26 06:00:00",1.32261716545358,0.523203086879933
"2025-06-26 07:00:00",1.99174000455798,0.732900422933005
"2025-06-26 08:00:00",2.64687587919402,0.569595535961429
"2025-06-26 09:00:00",2.12099042038853,-1.23461478572239
"2025-06-26 10:00:00",1.05695154152986,-0.902494186048968
"2025-06-26 11:00:00",2.33350817906292,2.66720948679399
"2025-06-26 12:00:00",4.35432647401145,1.49086318593125
"2025-06-26 13:00:00",5.70204332869463,1.18263397615181
"2025-06-26 14:00:00",6.95984694616833,1.24079821661509
"2025-06-26 15:00:00",7.74233185298792,0.430796258835386
"2025-06-26 16:00:00",7.42873715667054,-0.804921857841186
"2025-06-26 17:00:00",2.3133517618069,-7.75547197082715
"2025-06-26 18:00:00",-0.621383045119778,0.415511358603946
"2025-06-26 19:00:00",0.553407110921145,1.62594289957997
"2025-06-26 20:00:00",1.67047358062295,0.724025854698118
"2025-06-26 21:00:00",1.9918927357022,0.0355930308578188
"2025-06-26 22:00:00",2.06224520787037,0.087615192611985
"2025-06-26 23:00:00",2.35373200372568,0.410890234271374
"2025-06-27 00:00:00",2.78809437620326,0.426336570438795
"2025-06-27 01:00:00",3.4244938732653,0.742605058657821
"2025-06-27 02:00:00",4.07092750957146,0.547189540147067
"2025-06-27 03:00:00",4.43279103783236,0.215873641224531
"2025-06-27 04:00:00",4.56137874508511,0.0585755881996729
"2025-06-27 05:00:00",4.45534037811513,-0.216618045712158
"2025-06-27 06:00:00",3.95158435222273,-0.676981078597418
"2025-06-27 07:00:00",2.78640221497871,-1.44036729406389
"2025-06-27 08:00:00",1.58674652928591,-0.985767672477893
"2025-06-27 09:00:00",0.482537720252574,-1.13274161329229
"2025-06-27 10:00:00",-1.6658186267609,-2.72395466981219
"2025-06-27 11:00:00",-4.37240220387327,-2.56424136596604
"2025-06-27 12:00:00",-7.0077894551966,-2.55195087279991
"2025-06-27 13:00:00",-7.78697604824972,0.4486929277273
"2025-06-27 14:00:00",-7.33475644556019,0.443115758163189
"2025-06-27 15:00:00",-7.35700441827951,-0.321976469058488
"2025-06-27 16:00:00",-6.75134115476878,1.20477876893565
"2025-06-27 17:00:00",-5.55961666199306,1.13509155609805
"2025-06-27 18:00:00",-4.44963935258049,1.04765345095914
"2025-06-27 19:00:00",-3.36177536685265,1.06870974413031
"2025-06-27 20:00:00",-2.55957668241151,0.590739652433285
"2025-06-27 21:00:00",-2.00681108127177,0.504481188352357
"2025-06-27 22:00:00",-1.53676339309013,0.42734201360277
"2025-06-27 23:00:00",-1.21018207429572,0.245869990456536
"2025-06-28 00:00:00",-1.19346178602988,-0.135278698517076
"2025-06-28 01:00:00",-1.24009475965973,0.0162170355334603
"2025-06-28 02:00:00",-1.02562477871757,0.338042881258794
"2025-06-28 03:00:00",-0.736830300048187,0.243561053109577
"2025-06-28 04:00:00",-0.429144816676162,0.336762840550956
"2025-06-28 05:00:00",-0.0969640188024639,0.31389413055402
"2025-06-28 06:00:00",0.197692251742109,0.267954318249644
"2025-06-28 07:00:00",0.539291787386771,0.37420818125434
"2025-06-28 08:00:00",0.948277305118006,0.412040358679883
"2025-06-28 09:00:00",1.57841616448458,0.744369661496292
"2025-06-28 10:00:00",2.03916131854883,0.247737092810896
"2025-06-28 11:00:00",2.15685289727868,0.0227757528521913
"2025-06-28 12:00:00",2.18798009457978,0.0324362771200499
"2025-06-28 13:00:00",3.57455309829886,2.22060707593434
"2025-06-28 14:00:00",4.55170539914651,0.0971566661853926
"2025-06-28 15:00:00",3.96097847190358,-1.02710257848345
"2025-06-28 16:00:00",3.68408531995,0.23129169315758
"2025-06-28 17:00:00",3.62426828880159,-0.255791061609866
"2025-06-28 18:00:00",4.10730360986117,0.947954169286814
"2025-06-28 19:00:00",4.88017021500774,0.6141247583975
"2025-06-28 20:00:00",5.28993845218675,0.247772370859652
"2025-06-28 21:00:00",5.8401793327577,0.718919459171818
"2025-06-28 22:00:00",6.15316470075972,0.0199687237179829
"2025-06-28 23:00:00",6.04512586365235,-0.196170773037553
"2025-06-29 00:00:00",5.84349905388498,-0.203472652550077
"2025-06-29 01:00:00",6.09933177955477,0.542344218996935
"2025-06-29 02:00:00",6.41311919878085,0.138648247186973
"2025-06-29 03:00:00",6.3381368700823,-0.222101109655637
"2025-06-29 04:00:00",6.28237886717132,0.0496178151779134
"2025-06-29 05:00:00",6.3405531532051,0.0530186527348023
"2025-06-29 06:00:00",6.44113920017781,0.119346913384128
"2025-06-29 07:00:00",6.34431547229662,-0.244634074324041
"2025-06-29 08:00:00",5.97904642052382,-0.436508916824286
"2025-06-29 09:00:00",4.91834958975165,-1.43411601146411
"2025-06-29 10:00:00",4.52405366864352,0.311304674804612
"2025-06-29 11:00:00",4.94196073443171,0.463285773637376
"2025-06-29 12:00:00",3.55969749891507,-2.55329236424585
"2025-06-29 13:00:00",3.85398354907088,2.17406826264512
"2025-06-29 14:00:00",4.57528824759397,-0.286430128415797
"2025-06-29 15:00:00",4.19383259198413,-0.432574104744357
"2025-06-29 16:00:00",3.81405493469971,-0.331937985106823
"2025-06-29 17:00:00",3.90566371471855,0.364700550275642
"2025-06-29 18:00:00",3.93033183538323,-0.208221366851988
"2025-06-29 19:00:00",3.6223103101203,-0.364981462695922
"2025-06-29 20:00:00",3.10631206080073,-0.59682219272182
"2025-06-29 21:00:00",2.43099201417866,-0.699563069925904
"2025-06-29 22:00:00",1.73190599605067,-0.668680436468945
"2025-06-29 23:00:00",1.04374701741516,-0.670675308008041
"2025-06-30 00:00:00",0.469209581201306,-0.484489923692077
"2025-06-30 01:00:00",-0.152027720321794,-0.683484502607598
"2025-06-30 02:00:00",-0.721165493502389,-0.465666945911161
"2025-06-30 03:00:00",-1.30147353235083,-0.628228986002729
"2025-06-30 04:00:00",-1.72990886041671,-0.273205763967742
"2025-06-30 05:00:00",-1.96918019791115,-0.203049595886097
"2025-06-30 06:00:00",-2.13256479820111,-0.126640308841127
"2025-06-30 07:00:00",-2.25479465187849,-0.110733302159257
"2025-06-30 08:00:00",-2.1885495462893,0.183986309306525
"2025-06-30 09:00:00",-1.77319043003859,0.552687603001845
"2025-06-30 10:00:00",-0.975216566093922,0.925860993012512
"2025-06-30 11:00:00",-0.0178389148417561,0.93415109064359
"2025-06-30 12:00:00",0.837114880408743,0.761552623493764
"2025-06-30 13:00:00",1.55522981143056,0.653953896540143
"2025-06-30 14:00:00",2.0500126668008,0.363154796732065
"2025-06-30 15:00:00",2.42734011171936,0.366203722218316
"2025-06-30 16:00:00",2.84725747426635,0.432643787492128
"2025-06-30 17:00:00",3.38716437392391,0.58208943943477
"2025-06-30 18:00:00",4.08652012204461,0.739934344334918
"2025-06-30 19:00:00",4.55187266140578,0.254921972639845
"2025-06-30 20:00:00",4.34502090732577,-0.510731760274125
"2025-06-30 21:00:00",3.84578953607504,-0.473440396040359
"2025-06-30 22:00:00",3.1931618211857,-0.746027125499842
"2025-06-30 23:00:00",2.33318736489738,-0.899187319906507
"2025-07-01 00:00:00",1.71150990401045,-0.410138838476722
"2025-07-01 01:00:00",0.660586815697651,-1.43037161881073
"2025-07-01 02:00:00",-0.0484095805107187,-0.195247889903207
"2025-07-01 03:00:00",-0.192571442128465,-0.103192225974561
"2025-07-01 04:00:00",-0.123682844484288,0.180581811594
"2025-07-01 05:00:00",0.33294101972449,0.619109691947496
"2025-07-01 06:00:00",1.25058559987195,1.07262956641787
"2025-07-01 07:00:00",2.43187657283066,1.19598499874618
"2025-07-01 08:00:00",3.72213113460916,1.28865410136673
"2025-07-01 09:00:00",4.89334189742632,1.03246502318183
"2025-07-01 10:00:00",5.90088588171818,0.936746857728795
"2025-07-01 11:00:00",6.9334869605126,1.03983041681243
"2025-07-01 12:00:00",7.9782142659199,0.989412611445362
"2025-07-01 13:00:00",9.14794029999797,1.22406762826579
"2025-07-01 14:00:00",10.0322246648059,0.603957399073786
"2025-07-01 15:00:00",10.4671708087115,0.288678036936985
"2025-07-01 16:00:00",10.7179578552203,0.200121623398561
"2025-07-01 17:00:00",10.9101070654542,0.16389243720213
"2025-07-01 18:00:00",10.93429654814,-0.0841524305111094
"2025-07-01 19:00:00",10.5541907724464,-0.573432174148023
"2025-07-01 20:00:00",10.1004320692631,-0.366015500730013
"2025-07-01 21:00:00",9.77490984750074,-0.296073925009122
"2025-07-01 22:00:00",9.37968689810823,-0.455136346974664
"2025-07-01 23:00:00",8.8343871577197,-0.591581983408769
"2025-07-02 00:00:00",8.33570272078875,-0.424440575498612
"2025-07-02 01:00:00",7.31344401528764,-1.38296165956795
"2025-07-02 02:00:00",6.6306456251692,-0.193008702017515
"2025-07-02 03:00:00",6.45691926541607,-0.161160538430768
"2025-07-02 04:00:00",6.46650702483963,0.114642070821556
"2025-07-02 05:00:00",6.79350592711611,0.444696238764629
"2025-07-02 06:00:00",7.49408239360076,0.829115374727321
"2025-07-02 07:00:00",8.75740662453851,1.48310270926495
"2025-07-02 08:00:00",10.4951148389844,1.8135828141138
"2025-07-02 09:00:00",12.2325724842278,1.59062156104938
"2025-07-02 10:00:00",13.5559331017765,1.06654158261975
"2025-07-02 11:00:00",14.5232661961787,0.837760057431872
"2025-07-02 12:00:00",15.3369465605934,0.740247321690742
"2025-07-02 13:00:00",16.1522012423643,0.806755241852867
"2025-07-02 14:00:00",16.631220497937,0.216955949480318
"2025-07-02 15:00:00",16.642215125905,-0.148263973772276
"2025-07-02 16:00:00",16.6768076943062,0.133405965815891
"2025-07-02 17:00:00",17.170855018544,0.689504357701233
"2025-07-02 18:00:00",18.3935963023837,1.49799638752884
"2025-07-02 19:00:00",18.6394130271238,-0.62433856142876
"2025-07-02 20:00:00",17.5941643199939,-1.300199845534
"2025-07-02 21:00:00",16.2353850686187,-1.35593497510873
"2025-07-02 22:00:00",16.1795101249223,0.792551382437084
"2025-07-02 23:00:00",16.494677217154,-0.0389091033594109
"2025-07-03 00:00:00",16.4089258365245,-0.134159156165722
"2025-07-03 01:00:00",13.5654613343089,-4.53566238756254
"2025-07-03 02:00:00",10.405854980443,-2.10958910921949
"2025-07-03 03:00:00",8.97408363613295,-0.92527256126128
"2025-07-03 04:00:00",8.1020958817809,-0.806592817964132
"2025-07-03 05:00:00",7.23540256774701,-0.876015250147641
"2025-07-03 06:00:00",6.24180504130192,-1.03409277751488
"2025-07-03 07:00:00",4.50398971769625,-2.13241904981563
"2025-07-03 08:00:00",1.79461927159056,-2.97105448541642
"2025-07-03 09:00:00",0.16671634205102,-0.657439338841057
"2025-07-03 10:00:00",-0.707558960764482,-0.977499997127185
"2025-07-03 11:00:00",-1.23572215901999,-0.202600664892652
"2025-07-03 12:00:00",-0.213782690514119,1.79131619198076
"2025-07-03 13:00:00",0.354798667633477,-0.273304554345867
"2025-07-03 14:00:00",-0.178935273820187,-0.68244509506877
"2025-07-03 15:00:00",-0.323260697792804,0.221503783472729
"2025-07-03 16:00:00",-0.176828822143386,0.0898429871499417
"2025-07-03 17:00:00",0.0543737366319837,0.314681943427553
"2025-07-03 18:00:00",0.313511591957876,0.209724959359706
"2025-07-03 19:00:00",0.606590644970541,0.334316591190006
"2025-07-03 20:00:00",0.933592531695424,0.305804930008582
"2025-07-03 21:00:00",1.13859386266917,0.126855513284485
"2025-07-03 22:00:00",1.05054875064681,-0.228593112820493
"2025-07-03 23:00:00",0.681626317368861,-0.446296507214659
"2025-07-04 00:00:00",0.218777992942606,-0.452766768467412
"2025-07-04 01:00:00",-0.988130536256458,-1.65259159994859
"2025-07-04 02:00:00",-1.80945937552203,-0.226860717574909
"2025-07-04 03:00:00",-2.03661447422253,-0.214225423708253
"2025-07-04 04:00:00",-2.02232561614605,0.168574511615334
"2025-07-04 05:00:00",-1.76949132827915,0.299597959263116
"2025-07-04 06:00:00",-1.54244225827829,0.170174894669302
"2025-07-04 07:00:00",-2.27848720736064,-1.30321732796699
"2025-07-04 08:00:00",-2.63831779342329,0.289118240033917
"2025-07-04 09:00:00",-2.63572786579723,-0.185149063978711
"2025-07-04 10:00:00",-2.77376053322539,-0.0966666564780613
"2025-07-04 11:00:00",-2.49443409209359,0.520285110216625
"2025-07-04 12:00:00",-1.8782969371237,0.653973312881766
"2025-07-04 13:00:00",-1.51128993773828,0.160679787410856
"2025-07-04 14:00:00",-1.32659021707913,0.193883368328295
"2025-07-04 15:00:00",-0.898336639959486,0.565856844445533
"2025-07-04 16:00:00",-0.279249376189491,0.626312573725653
"2025-07-04 17:00:00",1.02061103787681,1.68747602247756
"2025-07-04 18:00:00",1.69836271778849,-0.0289079777032222
"2025-07-04 19:00:00",1.80367764311491,0.187602347140294
"2025-07-04 20:00:00",2.4563628164233,0.929395756524414
"2025-07-04 21:00:00",3.13959192152573,0.483488912988758
"2025-07-04 22:00:00",3.26345418048956,-0.125816308846679
"2025-07-04 23:00:00",2.8129661141551,-0.649730613937077
"2025-07-05 00:00:00",2.18212459519878,-0.591896594309934
"2025-07-05 01:00:00",1.23983435391687,-1.13391690539284
"2025-07-05 02:00:00",0.478387399545518,-0.478552028080297
"2025-07-05 03:00:00",0.0594428665754507,-0.359915347885055
"2025-07-05 04:00:00",0.00227853420302918,0.14730607938698
"2025-07-05 05:00:00",0.346696613285063,0.459454394869746
"2025-07-05 06:00:00",0.956707299869303,0.680945782936792
"2025-07-05 07:00:00",1.91428577960255,1.09526083623109
"2025-07-05 08:00:00",3.05810609338,1.11937240494404
"2025-07-05 09:00:00",3.57922304143298,0.0935829166709111
"2025-07-05 10:00:00",3.68349469700448,0.101830267723506
"2025-07-05 11:00:00",3.96478431628153,0.38281392668952
"2025-07-05 12:00:00",4.01455889432992,-0.179722159592698
"2025-07-05 13:00:00",4.60194381929115,1.0656957027391
"2025-07-05 14:00:00",3.7077707771672,-2.1641696271427
"2025-07-05 15:00:00",3.05898126367476,0.387499055194077
"2025-07-05 16:00:00",3.35681502681434,0.219963253693301
"2025-07-05 17:00:00",3.85293376896495,0.652318466885484
"2025-07-05 18:00:00",4.6127163434566,0.790354848128368
"2025-07-05 19:00:00",5.09355532161035,0.245705468820297
"2025-07-05 20:00:00",5.34062269624742,0.229671280443536
"2025-07-05 21:00:00",5.37293031897324,-0.107683064710907
"2025-07-05 22:00:00",5.0007323005336,-0.537775262909874
"2025-07-05 23:00:00",4.61140284735255,-0.278310490054195
"2025-07-06 00:00:00",4.36711908821882,-0.215933681876045
"2025-07-06 01:00:00",3.84711197193401,-0.703636357945368
"2025-07-06 02:00:00",3.63547774727187,0.121461001474931
"2025-07-06 03:00:00",3.68496642589417,-0.00552838955707021
"2025-07-06 04:00:00",3.6737316308738,-0.019253562455075
"2025-07-06 05:00:00",3.93763222067469,0.435392491482583
"2025-07-06 06:00:00",4.70576841505048,0.948386224454539
"2025-07-06 07:00:00",5.23304044081582,0.215414513665939
"2025-07-06 08:00:00",5.10469819513379,-0.358154075315671
"2025-07-06 09:00:00",4.85451095638202,-0.172899719984001
"2025-07-06 10:00:00",4.82617767621839,0.0631335941740372
"2025-07-06 11:00:00",5.25568154289048,0.64711784547307
"2025-07-06 12:00:00",5.73927698013418,0.344829749213644
"2025-07-06 13:00:00",5.99014412322262,0.168909812244697
"2025-07-06 14:00:00",5.58370524309767,-0.778403348089777
"2025-07-06 15:00:00",3.6607850762714,-2.60173768442186
"2025-07-06 16:00:00",3.23074128474534,1.03344578710175
"2025-07-06 17:00:00",3.49872097162216,-0.25921975867481
"2025-07-06 18:00:00",3.39967407828256,0.00793141925235594
"2025-07-06 19:00:00",3.38597427627376,-0.0318501717538042
"2025-07-06 20:00:00",3.65823240837474,0.457692889789498
"2025-07-06 21:00:00",3.80248798197523,-0.0762680181166849
"2025-07-06 22:00:00",3.74498016382838,-0.0471683645689209
"2025-07-06 23:00:00",3.83392605723922,0.170634780745617
"2025-07-07 00:00:00",4.01394781860756,0.172784743808655
"2025-07-07 01:00:00",3.88818346331483,-0.323989836663225
"2025-07-07 02:00:00",3.66589212685929,-0.148940637683871
"2025-07-07 03:00:00",3.37979149705372,-0.368667612870695
"2025-07-07 04:00:00",2.75349482495139,-0.772640443164303
"2025-07-07 05:00:00",2.04068652806342,-0.642596823240626
"2025-07-07 06:00:00",1.23585468772736,-0.877371217469722
"2025-07-07 07:00:00",0.182480934590319,-1.12224366602784
"2025-07-07 08:00:00",-1.14983851725857,-1.40929178757516
"2025-07-07 09:00:00",-2.16137390688189,-0.696819753360484
"2025-07-07 10:00:00",-2.28745699617281,0.263178110200139
"2025-07-07 11:00:00",-1.96065390813014,0.356637157097183
"2025-07-07 12:00:00",-1.29081038719444,0.849340189060236
"2025-07-07 13:00:00",-1.48999464879894,-0.88706030067245
"2025-07-07 14:00:00",-1.25808216313584,0.968781396732239
"2025-07-07 15:00:00",-0.539024176190172,0.520030514882367
"2025-07-07 16:00:00",-0.743397313571343,-0.676894474587621
"2025-07-07 17:00:00",-0.699727599864687,0.522920497699052
"2025-07-07 18:00:00",-0.811563203836768,-0.5287831604764
"2025-07-07 19:00:00",-2.09937123399615,-1.73157446635902
"2025-07-07 20:00:00",-3.44988116774578,-1.02959060335678
"2025-07-07 21:00:00",-3.15304814853407,1.17144066826279
"2025-07-07 22:00:00",-2.12239645272262,0.89188106604479
"2025-07-07 23:00:00",-1.79989710330332,-0.0696720936444205
"2025-07-08 00:00:00",-1.80948584393744,0.033241141047552
"2025-07-08 01:00:00",-1.3068643631539,0.79398386155044
"2025-07-08 02:00:00",-0.638311719845969,0.554848073050499
"2025-07-08 03:00:00",-0.406974419000635,0.00549662570331236
"2025-07-08 04:00:00",-0.813324613989518,-0.661076173577741
"2025-07-08 05:00:00",-1.83721715404451,-1.21606326552252
"2025-07-08 06:00:00",-3.06187220489169,-1.16982055999351
"2025-07-08 07:00:00",-3.9940487633446,-0.725507957115532
"2025-07-08 08:00:00",-4.89414978194539,-0.968575488932276
"2025-07-08 09:00:00",-5.31854752352961,-0.0351450235324567
"2025-07-08 10:00:00",-5.24796123991803,0.144571872095237
"2025-07-08 11:00:00",-4.51414816545987,1.09852607421095
"2025-07-08 12:00:00",-3.97409798445016,0.147893289110413
"2025-07-08 13:00:00",-4.92474546290008,-1.63270044315101
"2025-07-08 14:00:00",-5.23275859022778,0.596079407287095
"2025-07-08 15:00:00",-4.86752249760224,0.200730277534218
"2025-07-08 16:00:00",-5.03290734511968,-0.395326220163779
"2025-07-08 17:00:00",-4.85105494858314,0.564475507623425
"2025-07-08 18:00:00",-4.07794889776332,0.881704273281346
"2025-07-08 19:00:00",-3.16162112122081,0.901121241959951
"2025-07-08 20:00:00",-2.39622648975575,0.642614744893018
"2025-07-08 21:00:00",-2.09829739958136,0.0570729077015246
"2025-07-08 22:00:00",-2.12659410413033,-0.0811603188525283
"2025-07-08 23:00:00",-2.59200716696645,-0.696720777413372
"2025-07-09 00:00:00",-2.8160351598645,0.105080916539241
"2025-07-09 01:00:00",-2.3451774578057,0.695958644081844
"2025-07-09 02:00:00",-1.49293195633296,0.918958804845841
"2025-07-09 03:00:00",-0.846078164370567,0.436639226845489
"2025-07-09 04:00:00",-0.668830053618547,-0.00300883935912777
"2025-07-09 05:00:00",-1.19467597951343,-0.848548377430374
"2025-07-09 06:00:00",-2.2661810677304,-1.16768369455159
"2025-07-09 07:00:00",-3.46167986621044,-1.15431236198616
"2025-07-09 08:00:00",-4.20725034975896,-0.433190770159056
"2025-07-09 09:00:00",-4.56282240620944,-0.281509122294731
"2025-07-09 10:00:00",-5.71650984189375,-1.67442769353731
"2025-07-09 11:00:00",-5.79290928274059,0.999931434100058
"2025-07-09 12:00:00",-4.66788279428709,1.16242596316688
"2025-07-09 13:00:00",-4.8761973528579,-1.10621213250543
"2025-07-09 14:00:00",-5.31974270311261,0.0255854705686456
"2025-07-09 15:00:00",-5.20548341104692,0.174799642563638
"2025-07-09 16:00:00",-6.15151950998276,-1.64158450014173
"2025-07-09 17:00:00",-5.96069922292285,1.41126198460105
"2025-07-09 18:00:00",-4.76645976773798,1.00049165531097
"2025-07-09 19:00:00",-5.06210177721462,-1.13952574967105
"2025-07-09 20:00:00",-4.8872513660815,1.04930059041515
"2025-07-09 21:00:00",-3.5874071796324,1.4114003565351
"2025-07-09 22:00:00",-2.60570479296409,0.653214768533763
"2025-07-09 23:00:00",-2.30378266252149,0.0567415529952379
"2025-07-10 00:00:00",-2.18450964239939,0.158260826977459
"2025-07-10 01:00:00",-1.25348388903556,1.40476686335913
"2025-07-10 02:00:00",-0.413829183426013,0.424635019933222
"2025-07-10 03:00:00",-0.147525817542499,0.148629408526742
"2025-07-10 04:00:00",-0.280185032898999,-0.313687811705016
"2025-07-10 05:00:00",-0.825980177660575,-0.674233870439685
"2025-07-10 06:00:00",-1.44041463459179,-0.544306970496679
"2025-07-10 07:00:00",-1.82041652364532,-0.250553462858084
"2025-07-10 08:00:00",-2.24471126565069,-0.517612308521224
"2025-07-10 09:00:00",-2.50729607145979,-0.077198959389138
"2025-07-10 10:00:00",-2.5896497817627,-0.0786458666167505
"2025-07-10 11:00:00",-2.63380371997521,-0.0157245299254748
"2025-07-10 12:00:00",-2.98328717279714,-0.551984501704115
"2025-07-10 13:00:00",-3.34674003727629,-0.216651934390427
"2025-07-10 14:00:00",-6.64755080171338,-5.19571688103814
"2025-07-10 15:00:00",-8.71169291800953,0.130191801037512
"2025-07-10 16:00:00",-7.21107968505102,2.35412974460621
"2025-07-10 17:00:00",-5.28915844087934,1.55175082014369
"2025-07-10 18:00:00",-6.32988344105866,-2.71274281758049
"2025-07-10 19:00:00",-6.85167482403208,0.971770058228351
"2025-07-10 20:00:00",-5.75700611088562,1.13341084896823
"2025-07-10 21:00:00",-4.65092072415021,1.04272670636075
"2025-07-10 22:00:00",-3.75506829574163,0.761360723534534
"2025-07-10 23:00:00",-3.23317791608473,0.342285052703891
"2025-07-11 00:00:00",-3.00530418507851,0.144938652129416
"2025-07-11 01:00:00",-3.01659615101997,-0.111034741186206
"2025-07-11 02:00:00",-2.93684749452636,0.207033005236199
"2025-07-11 03:00:00",-2.78050074905462,0.118911389092298
"2025-07-11 04:00:00",-2.79462881371583,-0.0985652362831853
"2025-07-11 05:00:00",-2.76444250080385,0.118185939885849
"2025-07-11 06:00:00",-2.71334506058873,0.00750666115446445
"2025-07-11 07:00:00",-2.78163814634043,-0.112083747647483
"2025-07-11 08:00:00",-2.96812318910985,-0.223639011240612
"2025-07-11 09:00:00",-3.34989285126546,-0.465222153818956
"2025-07-11 10:00:00",-3.45959163951603,0.136842254019224
"2025-07-11 11:00:00",-3.19583614537415,0.340287413299515
"2025-07-11 12:00:00",-4.30143423319777,-2.01285000386481
"2025-07-11 13:00:00",-4.86117400304418,0.441125287890093
"2025-07-11 14:00:00",-5.79557749035027,-1.800740822834
"2025-07-11 15:00:00",-6.86002573279188,-0.515544770634084
"2025-07-11 16:00:00",-7.71781711634406,-1.0363504393281
"2025-07-11 17:00:00",-7.52747192705971,1.00902851024129
"2025-07-11 18:00:00",-6.43972249955496,1.09823986547704
"2025-07-11 19:00:00",-5.82498991370723,0.271486351327049
"2025-07-11 20:00:00",-5.75069248517296,-0.0531841396999353
"2025-07-11 21:00:00",-5.37391004210583,0.652927842098576
"2025-07-11 22:00:00",-4.87482408519582,0.379734987680432
"2025-07-11 23:00:00",-4.31135303775905,0.665465577675825
"2025-07-12 00:00:00",-3.58897097501782,0.731554203922799
"2025-07-12 01:00:00",-2.84034647370428,0.729055084394014
"2025-07-12 02:00:00",-2.04035589686692,0.812925125532065
"2025-07-12 03:00:00",-1.48039615784574,0.367339266696801
"2025-07-12 04:00:00",-1.33536841242435,-0.00816142237609588
"2025-07-12 05:00:00",-1.75798991342697,-0.677120095625148
"2025-07-12 06:00:00",-3.06972200704786,-1.67020160048725
"2025-07-12 07:00:00",-5.00974565116103,-2.02375765766231
"2025-07-12 08:00:00",-6.98621204924308,-1.84456347556881
"2025-07-12 09:00:00",-8.61361766734777,-1.39630048991359
"2025-07-12 10:00:00",-9.35795196577001,-0.263227763109611
"2025-07-12 11:00:00",-9.49687867923415,-0.0374004240603404
"2025-07-12 12:00:00",-9.35803131130679,0.261983607820088
"2025-07-12 13:00:00",-9.48096712218632,-0.361643868125318
"2025-07-12 14:00:00",-9.9159852152711,-0.451044502734978
"2025-07-12 15:00:00",-10.0381786261243,0.115621190790819
"2025-07-12 16:00:00",-9.84672471750582,0.245845585532731
"2025-07-12 17:00:00",-9.18364807091651,0.92240545416228
"2025-07-12 18:00:00",-7.94210655354302,1.4071320490778
"2025-07-12 19:00:00",-6.60896960810168,1.23069206372249
"2025-07-12 20:00:00",-5.75732233860236,0.567001571848638
"2025-07-12 21:00:00",-4.57148540625809,1.54945551453295
"2025-07-12 22:00:00",-3.39093333333369,0.884412324564163
"2025-07-12 23:00:00",-2.67515765053053,0.573709497666968
"2025-07-13 00:00:00",-1.99872939747131,0.71621002601378
"2025-07-13 01:00:00",-1.6585472035978,0.0759115264403971
"2025-07-13 02:00:00",-1.25246948380875,0.609025437668316
"2025-07-13 03:00:00",-0.827749848298519,0.283282701169164
"2025-07-13 04:00:00",-0.756931653748638,-0.0731210148569842
"2025-07-13 05:00:00",-1.00936639854614,-0.359004294262721
"2025-07-13 06:00:00",-1.82482909039651,-1.07971221620002
"2025-07-13 07:00:00",-3.165457585235,-1.4485124679452
"2025-07-13 08:00:00",-4.2168838901799,-0.732664575814657
"2025-07-13 09:00:00",-5.75294922318154,-1.99323008505534
"2025-07-13 10:00:00",-7.16182407755898,-0.944949235551287
"2025-07-13 11:00:00",-7.07354219853858,0.782124571016673
"2025-07-13 12:00:00",-6.28940671629441,0.757329388644259
"2025-07-13 13:00:00",-5.66125811955296,0.520284809691218
"2025-07-13 14:00:00",-5.11762787715298,0.540655713896286
"2025-07-13 15:00:00",-4.64013162946306,0.419294887153886
"2025-07-13 16:00:00",-4.12745699347353,0.55654403340073
"2025-07-13 17:00:00",-3.5082279943496,0.636911528683428
"2025-07-13 18:00:00",-2.77713488862215,0.763659374851202
"2025-07-13 19:00:00",-2.23453187037662,0.373029063211443
"2025-07-13 20:00:00",-1.91348199650536,0.274020991365318
"2025-07-13 21:00:00",-1.67600757636773,0.204291524097522
"2025-07-13 22:00:00",-1.16877667156756,0.687243486219484
"2025-07-13 23:00:00",-0.718462522096256,0.272471370947914
"2025-07-14 00:00:00",-0.593314271131847,0.021913341737939
"2025-07-14 01:00:00",-0.166999391579612,0.67641767883163
"2025-07-14 02:00:00",-0.161585879655814,-0.441957086632542
"2025-07-14 03:00:00",-0.362702669288275,-0.0307941473365533
"2025-07-14 04:00:00",-0.347722241271497,0.0452518123116946
"2025-07-14 05:00:00",0.0957632510946759,0.688344050701494
"2025-07-14 06:00:00",0.342096695243789,-0.060164317540698
"2025-07-14 07:00:00",0.016381654631156,-0.487708917222013
"2025-07-14 08:00:00",-0.383730270611264,-0.322722965942745
"2025-07-14 09:00:00",-0.677192802863586,-0.25951628226807
"2025-07-14 10:00:00",-0.815613882349992,-0.0502420010549727
"2025-07-14 11:00:00",-0.677616829752781,0.257981098158784
"2025-07-14 12:00:00",-1.15418036052757,-0.942732502339946
"2025-07-14 13:00:00",-1.24002727412468,0.490967147321215
"2025-07-14 14:00:00",-3.81192976518226,-4.48996800674851
"2025-07-14 15:00:00",-5.18253322650927,0.778979967421235
"2025-07-14 16:00:00",-4.15599046687506,1.14947936783054
"2025-07-14 17:00:00",-3.20796344446463,0.774033486369827
"2025-07-14 18:00:00",-2.17714625451126,1.1571534282368
"2025-07-14 19:00:00",-1.34053486768762,0.585970532041565
"2025-07-14 20:00:00",-0.848838039773812,0.407211044811616
"2025-07-14 21:00:00",-0.212682612452827,0.759646546628902
"2025-07-14 22:00:00",0.471615656809307,0.601823581774567
"2025-07-14 23:00:00",0.845644014550306,0.203786134095101
"2025-07-15 00:00:00",0.936254930857344,0.00976658131000099
"2025-07-15 01:00:00",1.6231787918406,1.10450577906013
"2025-07-15 02:00:00",2.4101371242237,0.535776239251842
"2025-07-15 03:00:00",2.59903245230539,-0.0544365788830209
"2025-07-15 04:00:00",2.33735276567066,-0.390753673487378
"2025-07-15 05:00:00",2.03200249497604,-0.236917485641433
"2025-07-15 06:00:00",1.58564791937895,-0.567384888162896
"2025-07-15 07:00:00",0.809576521775717,-0.880358229606615
"2025-07-15 08:00:00",0.115576788475564,-0.53782763222902
"2025-07-15 09:00:00",-0.517769377439042,-0.667076840569661
"2025-07-15 10:00:00",-3.02952237575932,-3.62149222396794
"2025-07-15 11:00:00",-5.04680855233745,-0.848069591684717
"2025-07-15 12:00:00",-5.71089326466874,-0.503370026057608
"2025-07-15 13:00:00",-6.67882367523584,-1.22427763314669
"2025-07-15 14:00:00",-7.40565091623703,-0.352054587867967
"2025-07-15 15:00:00",-7.43965459609942,0.189185395773062
"2025-07-15 16:00:00",-6.70887146585975,1.06670254269501
"2025-07-15 17:00:00",-5.70447167845812,0.923781909846477
"2025-07-15 18:00:00",-4.83609971005098,0.797518911711826
"2025-07-15 19:00:00",-4.21728703866862,0.476503389134827
"2025-07-15 20:00:00",-3.55096533702097,0.766636302133767
"2025-07-15 21:00:00",-2.93852190959547,0.485122756391574
"2025-07-15 22:00:00",-2.86133626113442,-0.194649070433622
"2025-07-15 23:00:00",-2.988175721683,-0.0719193833293336
"2025-07-16 00:00:00",-3.00446961131367,0.0254139711248585
"2025-07-16 01:00:00",-2.97984474930934,0.0268001870015588
"2025-07-16 02:00:00",-2.83506361423879,0.220393678874173
"2025-07-16 03:00:00",-2.77283890087156,-0.0425231082546166
"2025-07-16 04:00:00",-2.89600712135738,-0.167504776672629
"2025-07-16 05:00:00",-2.88885941423473,0.126972855078998
"2025-07-16 06:00:00",-2.7843923232625,0.088221864606196
"2025-07-16 07:00:00",-2.79666744134522,-0.0751007120306217
"2025-07-16 08:00:00",-2.9195922192494,-0.145361869412093
"2025-07-16 09:00:00",-3.28964860554262,-0.498503182322739
"2025-07-16 10:00:00",-3.78179833224228,-0.460288495695316
"2025-07-16 11:00:00",-6.42038559264325,-3.96050470011171
"2025-07-16 12:00:00",-7.47384388309166,0.942872818205708
"2025-07-16 13:00:00",-6.54900936425757,0.878492410087621
"2025-07-16 14:00:00",-5.98790757932944,0.331287441753452
"2025-07-16 15:00:00",-5.87812724993328,-0.0353892807078131
"2025-07-16 16:00:00",-5.95981229326596,-0.101092213221301
"2025-07-16 17:00:00",-5.6744714119337,0.537079160779709
"2025-07-16 18:00:00",-5.06922958663827,0.629234229851797
"2025-07-16 19:00:00",-4.47148477355643,0.55487996143908
"2025-07-16 20:00:00",-3.90279894097681,0.556627941614016
"2025-07-16 21:00:00",-3.46470179877588,0.343288980650882
"2025-07-16 22:00:00",-3.15968424354143,0.269474064566502
"2025-07-16 23:00:00",-3.15538126291803,-0.168607672083653
"2025-07-17 00:00:00",-3.28776045398154,-0.0978706941785178
"2025-07-17 01:00:00",-2.95883147456509,0.6020633837089
"2025-07-17 02:00:00",-2.49372581091885,0.355513276120567
"2025-07-17 03:00:00",-2.33057151283073,0.030377564827876
"2025-07-17 04:00:00",-2.41593648967262,-0.155465713316978
"2025-07-17 05:00:00",-2.56685568474727,-0.137603485780634
"2025-07-17 06:00:00",-2.82475114049849,-0.322526080922042
"2025-07-17 07:00:00",-3.40619104943551,-0.722776595956317
"2025-07-17 08:00:00",-4.11784566062059,-0.666033507400867
"2025-07-17 09:00:00",-5.3484379166946,-1.54317519956069
"2025-07-17 10:00:00",-6.89800890320637,-1.47330818129118
"2025-07-17 11:00:00",-8.34241950870096,-1.34761967294338
"2025-07-17 12:00:00",-9.29014862153128,-0.62535443055773
"2025-07-17 13:00:00",-9.6835599201267,-0.208119261677258
"2025-07-17 14:00:00",-9.66556832524063,0.180352860980184
"2025-07-17 15:00:00",-9.29737345709606,0.488379381063259
"2025-07-17 16:00:00",-8.21668423259449,1.43618267364273
"2025-07-17 17:00:00",-6.6635978838128,1.56780713279438
"2025-07-17 18:00:00",-5.04513661314777,1.58390856879421
"2025-07-17 19:00:00",-3.83971234582277,0.902325821260913
"2025-07-17 20:00:00",-3.06686704317799,0.654749141204158
"2025-07-17 21:00:00",-2.44824699064333,0.56908992497996
"2025-07-17 22:00:00",-2.03128695916274,0.298882945259543
"2025-07-17 23:00:00",-1.67895235567356,0.373843233360589
"2025-07-18 00:00:00",-1.07288589189762,0.734242934624858
"2025-07-18 01:00:00",-0.394546142345357,0.610219836939322
"2025-07-18 02:00:00",0.3082764044785,0.731667377548017
"2025-07-18 03:00:00",0.760680589344768,0.244336671672831
"2025-07-18 04:00:00",0.751397276226136,-0.178899516392755
"2025-07-18 05:00:00",0.192143493485543,-0.787211872649739
"2025-07-18 06:00:00",-0.786614773206974,-1.06019133485231
"2025-07-18 07:00:00",-1.76607270474176,-0.878079733096135
"2025-07-18 08:00:00",-2.65215989312292,-0.847043354387273
"2025-07-18 09:00:00",-3.17025583445285,-0.270764226569717
"2025-07-18 10:00:00",-3.14727707220469,0.221797351774688
"2025-07-18 11:00:00",-3.14110221563315,-0.133808900402095
"2025-07-18 12:00:00",-3.11168110150364,0.140888821836312
"2025-07-18 13:00:00",-3.21796987002526,-0.262010569495188
"2025-07-18 14:00:00",-3.122351479414,0.333636603087556
"2025-07-18 15:00:00",-2.80681135873954,0.292505187887041
"2025-07-18 16:00:00",-2.42215152396383,0.431433283916646
"2025-07-18 17:00:00",-1.77168928855969,0.76869069372961
"2025-07-18 18:00:00",-0.954845640494167,0.812412180754139
"2025-07-18 19:00:00",-0.671762978101694,-0.0820192119569929
"2025-07-18 20:00:00",-0.560671598339687,0.235416237078387
"2025-07-18 21:00:00",-0.253587652121901,0.340991658264158
"2025-07-18 22:00:00",-0.0515837817320873,0.100074589898187
"2025-07-18 23:00:00",0.100915332503278,0.180268016863058
"2025-07-19 00:00:00",0.242641468697296,0.109167209633803
"2025-07-19 01:00:00",0.206914238920511,-0.130936820980628
"2025-07-19 02:00:00",0.237555988811195,0.136636270518937
"2025-07-19 03:00:00",0.258377343278678,-0.0576828149097401
"2025-07-19 04:00:00",0.332637046086194,0.158358176552739
"2025-07-19 05:00:00",0.478917655288538,0.130849238618451
"2025-07-19 06:00:00",0.864866551132805,0.537055283441553
"2025-07-19 07:00:00",1.25676784144526,0.275396237280315
"2025-07-19 08:00:00",1.21907162865533,-0.246249148925094
"2025-07-19 09:00:00",0.904458436540975,-0.346809123925742
"2025-07-19 10:00:00",0.657571299134922,-0.169707169332303
"2025-07-19 11:00:00",0.602740285296232,0.0235099857761836
"2025-07-19 12:00:00",0.646060068306395,0.0536908744197012
"2025-07-19 13:00:00",0.999700626580126,0.535966350450639
"2025-07-19 14:00:00",1.23127028789239,0.0163497155308996
"2025-07-19 15:00:00",1.35799117154755,0.192692113651546
"2025-07-19 16:00:00",1.66127071742859,0.360841703387425
"2025-07-19 17:00:00",2.27648030305113,0.753410235849514
"2025-07-19 18:00:00",2.71695343103284,0.2079874548021
"2025-07-19 19:00:00",2.56159807357941,-0.393698470410305
"2025-07-19 20:00:00",2.24736183609671,-0.24963087145869
"2025-07-19 21:00:00",2.14330063078215,-0.00496742140250098
"2025-07-19 22:00:00",2.17152965458453,0.0462563400994247
"2025-07-19 23:00:00",2.16342563079854,-0.0467567791980152
"2025-07-20 00:00:00",2.12454957009505,-0.0345627526518477
"2025-07-20 01:00:00",2.08312969946982,-0.0467606450020406
"2025-07-20 02:00:00",2.22225751668831,0.253755786756094
"2025-07-20 03:00:00",2.36895472141295,0.0654914754005315
"2025-07-20 04:00:00",2.44018056300834,0.0686114567921057
"2025-07-20 05:00:00",2.67881850967034,0.337502695209496
"2025-07-20 06:00:00",2.93940797526547,0.19347988849715
"2025-07-20 07:00:00",3.2309742953468,0.339313416240639
"2025-07-20 08:00:00",3.4960939010698,0.198896169142943
"2025-07-20 09:00:00",3.67368374365357,0.150441858523605
"2025-07-20 10:00:00",3.81051665120953,0.116524322303566
"2025-07-20 11:00:00",3.86668539294869,0.00835305078083068
"2025-07-20 12:00:00",4.0042879116784,0.21224599637936
"2025-07-20 13:00:00",4.50677246922796,0.666936008462428
"2025-07-20 14:00:00",4.90743090010114,0.198296609229937
"2025-07-20 15:00:00",4.92806485006659,-0.105110026114726
"2025-07-20 16:00:00",5.05066184212271,0.2622230905835
"2025-07-20 17:00:00",5.21572679128044,0.0859419090462474
"2025-07-20 18:00:00",5.42024112861358,0.267121933425319
"2025-07-20 19:00:00",5.22481053411543,-0.50149149470378
"2025-07-20 20:00:00",5.12104061460195,0.159571725290572
"2025-07-20 21:00:00",5.42049991365848,0.371887040477732
"2025-07-20 22:00:00",5.67036384093601,0.149658354970813
"2025-07-20 23:00:00",5.7143107120873,-0.0359213928775861
"2025-07-21 00:00:00",5.81467930810738,0.179094165061235
"2025-07-21 01:00:00",6.681423641466,1.27649012254432
"2025-07-21 02:00:00",5.74762647123238,-2.37153332629149
"2025-07-21 03:00:00",4.88196317009041,0.171962469579123
"2025-07-21 04:00:00",4.70832999104303,-0.402066321450969
"2025-07-21 05:00:00",4.08110932709632,-0.753583031380083
"2025-07-21 06:00:00",3.09938942108087,-1.09241678464452
"2025-07-21 07:00:00",1.88379199453576,-1.24394591714133
"2025-07-21 08:00:00",0.591422390662515,-1.26566638906478
"2025-07-21 09:00:00",-0.664491642913189,-1.19049444989573
"2025-07-21 10:00:00",-1.96789221881181,-1.3158770350854
"2025-07-21 11:00:00",-3.16501513907944,-1.05853252012807
"2025-07-21 12:00:00",-4.19783557155111,-0.962521942748961
"2025-07-21 13:00:00",-4.21823983091422,0.614042485102162
"2025-07-21 14:00:00",-4.11237714251175,-0.232513035138162
"2025-07-21 15:00:00",-4.44260037746318,-0.374371079461422
"2025-07-21 16:00:00",-5.55955549700694,-1.55320106982173
"2025-07-21 17:00:00",-6.74266452606373,-0.873000574539743
"2025-07-21 18:00:00",-7.19286804693595,-0.138261634779294
"2025-07-21 19:00:00",-6.59872093501469,1.06344656243109
"2025-07-21 20:00:00",-5.39355255202027,1.25088225514218
"2025-07-21 21:00:00",-4.22093999819547,1.0716619488263
"2025-07-21 22:00:00",-3.25908386203006,0.848385798531074
"2025-07-21 23:00:00",-2.66971837544537,0.392881570891685
"2025-07-22 00:00:00",-2.22559757649763,0.460615559244933
"2025-07-22 01:00:00",-2.4241221227693,-0.625642198217048
"2025-07-22 02:00:00",-2.21168399793852,0.764177682083738
"2025-07-22 03:00:00",-1.44467014071241,0.735306569567961
"2025-07-22 04:00:00",-0.903536093247987,0.387835141960892
"2025-07-22 05:00:00",-0.700532035732746,0.071303088611131
"2025-07-22 06:00:00",-0.933158564602024,-0.423285881815697
"2025-07-22 07:00:00",-1.41053484697675,-0.489548861459166
"2025-07-22 08:00:00",-2.02296773011602,-0.663434152894639
"2025-07-22 09:00:00",-2.64309059413036,-0.559174532386878
"2025-07-22 10:00:00",-2.82991095026083,0.0736950218768458
"2025-07-22 11:00:00",-4.46699484205998,-2.69614409573598
"2025-07-22 12:00:00",-5.91888173969068,-0.547647243893714
"2025-07-22 13:00:00",-5.79761343875161,0.56906890993824
"2025-07-22 14:00:00",-5.31217558861798,0.414087837911837
"2025-07-22 15:00:00",-4.78338011911076,0.586983156256375
"2025-07-22 16:00:00",-4.21728599417126,0.531431753404581
"2025-07-22 17:00:00",-5.39298806748723,-2.25246906238709
"2025-07-22 18:00:00",-5.73528074699947,0.954351616901261
"2025-07-22 19:00:00",-4.66468447080921,1.10460781612372
"2025-07-22 20:00:00",-3.47540597876935,1.19522179736385
"2025-07-22 21:00:00",-3.06708081143143,-0.131188671332306
"2025-07-22 22:00:00",-2.60833893472016,0.834175365963487
"2025-07-22 23:00:00",-1.9935898582717,0.442615970387248
"2025-07-23 00:00:00",-1.55886846843565,0.41136967532808
"2025-07-23 01:00:00",-1.04884976814432,0.553556595111334
"2025-07-23 02:00:00",-0.614205598358553,0.33606809181199
"2025-07-23 03:00:00",-0.261433275642839,0.347936236969806
"2025-07-23 04:00:00",-0.145985381250533,-0.0446908409663268
"2025-07-23 05:00:00",-0.389567555622289,-0.364411169933913
"2025-07-23 06:00:00",-1.30298985487146,-1.23551629386048
"2025-07-23 07:00:00",-3.0837680741661,-2.05797955910692
"2025-07-23 08:00:00",-4.87899300173014,-1.53077647062886
"2025-07-23 09:00:00",-6.1996741045873,-1.11157492661216
"2025-07-23 10:00:00",-6.76419233282761,-0.165005513541835
"2025-07-23 11:00:00",-7.25397912647575,-0.674313323186679
"2025-07-23 12:00:00",-7.89494658530403,-0.578931450940614
"2025-07-23 13:00:00",-8.02227265025755,0.189962947720581
"2025-07-23 14:00:00",-7.42482517772091,0.851046374335971
"2025-07-23 15:00:00",-6.87660097285759,0.329862508013069
"2025-07-23 16:00:00",-6.74001971515403,0.0101001743096066
"2025-07-23 17:00:00",-6.27659543851469,0.75229877057695
"2025-07-23 18:00:00",-4.78509534569062,1.92150550869599
"2025-07-23 19:00:00",-3.13424071217835,1.39814226989529
"2025-07-23 20:00:00",-1.7012845932583,1.39211057434894
"2025-07-23 21:00:00",-0.529025116686296,0.972181807651059
"2025-07-23 22:00:00",0.113944694642174,0.393627045825766
"2025-07-23 23:00:00",0.541469072211657,0.429659704325633
"2025-07-24 00:00:00",0.969468615904197,0.405856790751161
"2025-07-24 01:00:00",0.942138112927038,-0.316067673652467
"2025-07-24 02:00:00",0.87423597312306,0.0995513826761596
"2025-07-24 03:00:00",0.908588066355458,-0.0118722907587257
"2025-07-24 04:00:00",0.67893667076816,-0.365092926239265
"2025-07-24 05:00:00",0.478945986733764,-0.0812958299418366
"2025-07-24 06:00:00",-0.0208058082902451,-0.755587004544113
"2025-07-24 07:00:00",-1.18908513941797,-1.38786020316282
"2025-07-24 08:00:00",-2.3443250234711,-0.943733787106724
"2025-07-24 09:00:00",-3.23500119999752,-0.809959787857748
"2025-07-24 10:00:00",-3.44687255939111,0.201084116250806
"2025-07-24 11:00:00",-3.05136378310724,0.510770326586182
"2025-07-24 12:00:00",-2.83016165449941,0.0215805188834249
"2025-07-24 13:00:00",-3.48799008844096,-1.07585355810006
"2025-07-24 14:00:00",-3.82048108572186,0.183370030213384
"2025-07-24 15:00:00",-3.43622021064248,0.504849065729278
"2025-07-24 16:00:00",-2.97666452401819,0.411950718737786
"2025-07-24 17:00:00",-2.61277605347959,0.31839148429716
"2025-07-24 18:00:00",-2.07489214762723,0.662016626795662
"2025-07-24 19:00:00",-1.52500931928693,0.451671845287944
"2025-07-24 20:00:00",-1.20337836104384,0.221619923543901
"2025-07-24 21:00:00",-0.653056096109228,0.744853161352554
"2025-07-24 22:00:00",-0.125724373556936,0.358102943006857
"2025-07-24 23:00:00",0.51637025106544,0.801069294792295
"2025-07-25 00:00:00",1.2291066659679,0.619314655367995
"2025-07-25 01:00:00",1.87461778106906,0.63071703148531
"2025-07-25 02:00:00",2.34627000690882,0.340782580387156
"2025-07-25 03:00:00",2.70183029705466,0.345492540290581
"2025-07-25 04:00:00",2.7866957958314,-0.09639724473989
"2025-07-25 05:00:00",2.32487454548581,-0.687078609536806
"2025-07-25 06:00:00",1.22699095729236,-1.3225740435037
"2025-07-25 07:00:00",-0.0862600940645262,-1.24621207772227
"2025-07-25 08:00:00",-1.26675245986034,-1.08047257258579
"2025-07-25 09:00:00",-2.05678283448477,-0.557231449677018
"2025-07-25 10:00:00",-2.57538393331407,-0.465554014816368
"2025-07-25 11:00:00",-2.64689028537056,0.197904211860708
"2025-07-25 12:00:00",-2.21453035853662,0.571526399138799
"2025-07-25 13:00:00",-2.4952319615844,-0.832651602895355
"2025-07-25 14:00:00",-2.26942301084694,0.923922436010857
"2025-07-25 15:00:00",-3.68171090151007,-2.89969972286909
"2025-07-25 16:00:00",-4.6252559176735,0.410116958062051
"2025-07-25 17:00:00",-3.59704301586324,1.39736996459002
"2025-07-25 18:00:00",-2.35625071910123,1.08208243164049
"2025-07-25 19:00:00",-1.90114512393632,0.0185380348655635
"2025-07-25 20:00:00",-1.53353841464348,0.585296596440506
"2025-07-25 21:00:00",-0.971273241137909,0.522168782481751
"2025-07-25 22:00:00",-0.523999729868701,0.377341603507676
"2025-07-25 23:00:00",-0.140733068281965,0.369679271872602
"2025-07-26 00:00:00",0.354539499954527,0.555646330511449
"2025-07-26 01:00:00",0.69920440606946,0.187177888848513
"2025-07-26 02:00:00",1.31415579918212,0.870005820056152
"2025-07-26 03:00:00",1.86702609283325,0.313484728210494
"2025-07-26 04:00:00",2.00380037686925,0.0100640456566545
"2025-07-26 05:00:00",1.43159748856971,-0.935765655008813
"2025-07-26 06:00:00",0.0468950231868587,-1.62003319034138
"2025-07-26 07:00:00",-1.64441693269266,-1.65852070103433
"2025-07-26 08:00:00",-2.99480012968584,-1.078673338077
"2025-07-26 09:00:00",-4.01644732211017,-0.931223300565073
"2025-07-26 10:00:00",-4.68932228102828,-0.463495481587783
"2025-07-26 11:00:00",-5.12802615976972,-0.395286856388964
"2025-07-26 12:00:00",-5.19338784928518,0.164298599949179
"2025-07-26 13:00:00",-5.6107487738627,-0.778602483685102
"2025-07-26 14:00:00",-5.75735052011025,0.288921360983626
"2025-07-26 15:00:00",-5.48400906423404,0.257384914642605
"2025-07-26 16:00:00",-4.94795511920531,0.703423888313658
"2025-07-26 17:00:00",-4.27552892824857,0.626184061887786
"2025-07-26 18:00:00",-3.42462542652506,0.965788968712253
"2025-07-26 19:00:00",-2.5653913113402,0.751781451973834
"2025-07-26 20:00:00",-1.60166587503469,1.06252917528157
"2025-07-26 21:00:00",-0.870458547587299,0.477647228218012
"2025-07-26 22:00:00",-0.747769209874061,-0.118653703675117
"2025-07-26 23:00:00",-0.814397477706895,-0.0278155258422231
"2025-07-27 00:00:00",-0.653201288701032,0.280591357816455
"2025-07-27 01:00:00",-0.815422473425174,-0.448874195560799
"2025-07-27 02:00:00",-0.754537916031399,0.398875534030054
"2025-07-27 03:00:00",-0.505419136307002,0.138416961805315
"2025-07-27 04:00:00",-0.655929984245231,-0.335322670860651
"2025-07-27 05:00:00",-0.430358319692398,0.589621106208733
"2025-07-27 06:00:00",-0.0459599039261453,0.229873794621957
"2025-07-27 07:00:00",-0.00531629807397513,-0.0873798543155871
"2025-07-27 08:00:00",-0.297944564618377,-0.415545869781688
"2025-07-27 09:00:00",-0.751156737712839,-0.456402336109846
"2025-07-27 10:00:00",-1.28500726172677,-0.559145605100937
"2025-07-27 11:00:00",-1.63699505162641,-0.195502826886184
"2025-07-27 12:00:00",-2.00120617674762,-0.45726491873374
"2025-07-27 13:00:00",-1.89234922534941,0.483671082461046
"2025-07-27 14:00:00",-1.57034708710232,0.201361803032656
"2025-07-27 15:00:00",-1.37057109589697,0.191249116926147
"2025-07-27 16:00:00",-1.29951498528582,-0.0106816340132126
"2025-07-27 17:00:00",-1.18512648298594,0.194006064433409
"2025-07-27 18:00:00",-1.35418864328348,-0.401542676348123
"2025-07-27 19:00:00",-1.65044726017911,-0.210247410217118
"2025-07-27 20:00:00",-1.47258766909871,0.430268202290811
"2025-07-27 21:00:00",-1.22783267106558,0.111348589803845
"2025-07-27 22:00:00",-1.1904283477164,-0.0120862702372621
"2025-07-27 23:00:00",-1.07171685983546,0.201801405917819
"2025-07-28 00:00:00",-0.897257962779606,0.14932170109167
"2025-07-28 01:00:00",-0.793188494096232,0.0701127123456988
"2025-07-28 02:00:00",-0.507495715390475,0.416856554612384
"2025-07-28 03:00:00",-0.149570492971373,0.302283912254571
"2025-07-28 04:00:00",-0.249750445236779,-0.363531435236036
"2025-07-28 05:00:00",-0.501725417351725,-0.16530973829356
"2025-07-28 06:00:00",-1.15760915468242,-0.951113844679691
"2025-07-28 07:00:00",-2.57111141157434,-1.65309557677068
"2025-07-28 08:00:00",-3.74456778321644,-0.794627293322642
"2025-07-28 09:00:00",-3.8528402931542,0.359259881785435
"2025-07-28 10:00:00",-4.34658951751341,-1.03398494629798
"2025-07-28 11:00:00",-5.83893778638634,-1.72140222301388
"2025-07-28 12:00:00",-6.96806926205603,-0.673111356027387
"2025-07-28 13:00:00",-6.16646970558939,1.75561106752975
"2025-07-28 14:00:00",-4.94013914558859,0.823154501264844
"2025-07-28 15:00:00",-3.82758731214234,1.2589782194676
"2025-07-28 16:00:00",-3.08914175082161,0.361271411423302
"2025-07-28 17:00:00",-2.82449547708972,0.191635438375185
"2025-07-28 18:00:00",-2.7321695870637,0.0253730096627446
"2025-07-28 19:00:00",-2.75331783661911,-0.0476362848432475
"2025-07-28 20:00:00",-2.63245763914333,0.230994000606075
"2025-07-28 21:00:00",-2.4243704341621,0.186320269365444
"2025-07-28 22:00:00",-2.25178625449356,0.158349885294009
"2025-07-28 23:00:00",-2.11633123757762,0.1166569360657
"2025-07-29 00:00:00",-2.01972583681117,0.0813744052905039
"2025-07-29 01:00:00",-1.6848319756508,0.490592642560536
"2025-07-29 02:00:00",-1.52445478321955,-0.0652126722205058
"2025-07-29 03:00:00",-1.67566752939985,-0.199395220987937
"2025-07-29 04:00:00",-2.02591077285247,-0.4320042994735
"2025-07-29 05:00:00",-2.37577368576886,-0.275867074029536
"2025-07-29 06:00:00",-2.74861788991637,-0.416715802385637
"2025-07-29 07:00:00",-3.38924818474155,-0.755919901912878
"2025-07-29 08:00:00",-4.1100279209731,-0.658734995036801
"2025-07-29 09:00:00",-4.94959344519406,-0.914925393578076
"2025-07-29 10:00:00",-5.44695910532139,-0.188984690848464
"2025-07-29 11:00:00",-5.51574126015991,0.0216389256319963
"2025-07-29 12:00:00",-5.47165385227522,0.0640653645374136
"2025-07-29 13:00:00",-5.70092512650646,-0.406880153530687
"2025-07-29 14:00:00",-6.58901508360867,-1.15934341662024
"2025-07-29 15:00:00",-6.90110823454341,0.276051850044419
"2025-07-29 16:00:00",-6.72205666207868,0.114770136682455
"2025-07-29 17:00:00",-6.41713190479843,0.425864545100838
"2025-07-29 18:00:00",-5.87907644046375,0.595549184112144
"2025-07-29 19:00:00",-5.78786117304687,-0.241760396621964
"2025-07-29 20:00:00",-5.63633075464817,0.413977445904418
"2025-07-29 21:00:00",-5.10748886020358,0.587549622908413
"2025-07-29 22:00:00",-4.60368797255086,0.430610535189285
"2025-07-29 23:00:00",-4.2675492665326,0.26311774863871
"2025-07-30 00:00:00",-4.09998214514845,0.101404243920505
"2025-07-30 01:00:00",-3.82446119804886,0.383787427130962
"2025-07-30 02:00:00",-3.45298024593574,0.350552422155668
"2025-07-30 03:00:00",-3.3305711159676,-0.0310511340219984
"2025-07-30 04:00:00",-3.56219186005913,-0.350033328006258
"2025-07-30 05:00:00",-3.73418327020183,-0.040535659223063
"2025-07-30 06:00:00",-3.78407057672432,-0.0489391675817061
"2025-07-30 07:00:00",-3.96852622050182,-0.261157082979234
"2025-07-30 08:00:00",-4.33768634736715,-0.418504860981954
"2025-07-30 09:00:00",-4.82144880066519,-0.49868917457443
"2025-07-30 10:00:00",-5.0768049811461,-0.0747896681590683
"2025-07-30 11:00:00",-5.12199452601106,-0.0167671361107083
"2025-07-30 12:00:00",-5.02988328637037,0.166918708971802
"2025-07-30 13:00:00",-4.80535183695575,0.258751189092714
"2025-07-30 14:00:00",-4.48963045955873,0.344890139214422
"2025-07-30 15:00:00",-4.3463828987143,0.00779973475252743
"2025-07-30 16:00:00",-4.23334430467413,0.183425855896236
"2025-07-30 17:00:00",-3.99512092693849,0.268889288451558
"2025-07-30 18:00:00",-3.93922641812854,-0.0836075854288923
"2025-07-30 19:00:00",-4.02521697911955,-0.0784168982997846
"2025-07-30 20:00:00",-4.02953166289719,0.0504778652487633
"2025-07-30 21:00:00",-3.81889366887335,0.312592662500879
"2025-07-30 22:00:00",-3.72135159137681,-0.0455366818463881
"2025-07-30 23:00:00",-3.75814628361673,-0.0244230201363426
"2025-07-31 00:00:00",-3.7358359909543,0.05724786785023
"2025-07-31 01:00:00",-2.64966052764164,1.72531521603752
"2025-07-31 02:00:00",-1.70818705088733,0.377597280505461
"2025-07-31 03:00:00",-1.70557460902852,-0.245296202302679
"2025-07-31 04:00:00",-2.07549983532871,-0.433233432285538
"2025-07-31 05:00:00",-2.38468006289024,-0.209112963869092
"2025-07-31 06:00:00",-2.84665190763959,-0.605516087901665
"2025-07-31 07:00:00",-3.87113930794639,-1.25144571924818
"2025-07-31 08:00:00",-5.06547029810805,-1.09451297375499
"2025-07-31 09:00:00",-6.41985687732808,-1.45674579715226
"2025-07-31 10:00:00",-7.78925273101372,-1.2378181323979
"2025-07-31 11:00:00",-8.35112779891798,-0.0745168393198338
"2025-07-31 12:00:00",-8.32222759024168,0.107231649046504
"2025-07-31 13:00:00",-8.22737224179988,0.0928211419551585
"2025-07-31 14:00:00",-7.49281690671886,1.13806705452388
"2025-07-31 15:00:00",-7.01836076452935,0.0191657089219164
"2025-07-31 16:00:00",-6.76664901652701,0.403822467748015
"2025-07-31 17:00:00",-6.65467882657068,-0.0791959820007228
"2025-07-31 18:00:00",-6.44426728934946,0.402056520947333
"2025-07-31 19:00:00",-5.8926677122292,0.633385659435211
"2025-07-31 20:00:00",-5.07885716307996,0.903013286677745
"2025-07-31 21:00:00",-4.11161958641887,0.970635131241011
"2025-07-31 22:00:00",-3.1529440647505,0.910445153963526
"2025-07-31 23:00:00",-2.64582637327067,0.218202226699774
"2025-08-01 00:00:00",-2.4364968013076,0.196876762469574
"2025-08-01 01:00:00",-2.18314191010045,0.282106737910114
"2025-08-01 02:00:00",-1.73185620680161,0.545438153581004
"2025-08-01 03:00:00",-1.47885986978641,0.0482478618956265
"2025-08-01 04:00:00",-1.59994831288048,-0.22631770668227
"2025-08-01 05:00:00",-1.86804433467668,-0.281146323816095
"2025-08-01 06:00:00",-2.05975725938053,-0.120574438112223
"2025-08-01 07:00:00",-2.56845931270538,-0.74062203236824
"2025-08-01 08:00:00",-3.46896572508876,-0.960993005196409
"2025-08-01 09:00:00",-4.2197323492733,-0.570472031971857
"2025-08-01 10:00:00",-4.47686371135981,-0.0305848688531817
"2025-08-01 11:00:00",-4.266749452543,0.366362002950006
"2025-08-01 12:00:00",-5.95135904727253,-2.96635119144391
"2025-08-01 13:00:00",-7.392175463741,-0.347674866058401
"2025-08-01 14:00:00",-7.07549101505982,0.754060052462403
"2025-08-01 15:00:00",-6.1232404803794,1.04824240209397
"2025-08-01 16:00:00",-6.72423521860703,-1.66401830757688
"2025-08-01 17:00:00",-6.98147021258507,0.701493150710537
"2025-08-01 18:00:00",-6.11756137118037,0.940128036797697
"2025-08-01 19:00:00",-5.43522030896153,0.485944639616036
"2025-08-01 20:00:00",-4.83333196768798,0.657585289402139
"2025-08-01 21:00:00",-4.15924808937342,0.659278929505813
"2025-08-01 22:00:00",-3.62565781804251,0.429802971774296
"2025-08-01 23:00:00",-3.26066433372486,0.309115641095343
"2025-08-02 00:00:00",-2.90757540933387,0.369827069984083
"2025-08-02 01:00:00",-2.13590429804351,1.00663998240973
"2025-08-02 02:00:00",-1.89126456390566,-0.272224646828939
"2025-08-02 03:00:00",-2.01468386080129,-0.0159155269026131
"2025-08-02 04:00:00",-2.2664964157021,-0.394512497218601
"2025-08-02 05:00:00",-2.64820908100588,-0.352120250409136
"2025-08-02 06:00:00",-3.3372443878163,-0.877486560580284
"2025-08-02 07:00:00",-4.55317103204654,-1.3794691400569
"2025-08-02 08:00:00",-5.40259232474407,-0.449830886451459
"2025-08-02 09:00:00",-5.62910549394772,-0.0599116914758821
"2025-08-02 10:00:00",-5.49747717242593,0.260318251777803
"2025-08-02 11:00:00",-4.90890130055843,0.786525862654358
"2025-08-02 12:00:00",-4.31363348931801,0.445803444873397
"2025-08-02 13:00:00",-5.44648514195963,-2.12587967547848
"2025-08-02 14:00:00",-5.28203907913158,1.69050801398628
"2025-08-02 15:00:00",-4.12522528834243,0.752859023434145
"2025-08-02 16:00:00",-3.97149225815047,-0.247667091759539
"2025-08-02 17:00:00",-4.12164634066863,-0.0728936358903072
"2025-08-02 18:00:00",-3.91541328747249,0.387825439228759
"2025-08-02 19:00:00",-3.78090560379809,-0.0357142983780198
"2025-08-02 20:00:00",-3.34418396308241,0.735792934236163
"2025-08-02 21:00:00",-2.90101154775561,0.231345400851766
"2025-08-02 22:00:00",-2.75024800247631,0.0936172607649988
"2025-08-02 23:00:00",-2.62150050572698,0.149593217341021
"2025-08-03 00:00:00",-2.41644456377504,0.2356643940096
"2025-08-03 01:00:00",-2.28123744016441,0.064925606865143
"2025-08-03 02:00:00",-2.24276088431261,0.0219553647847387
"2025-08-03 03:00:00",-2.2530145426791,-0.028348718188055
"2025-08-03 04:00:00",-2.44261308146309,-0.285183775887379
"2025-08-03 05:00:00",-2.7320133104496,-0.275311496735968
"2025-08-03 06:00:00",-3.24317628764257,-0.640584042024932
"2025-08-03 07:00:00",-4.40126023301415,-1.44386749929515
"2025-08-03 08:00:00",-5.71230354006748,-1.15452396293175
"2025-08-03 09:00:00",-6.42293680858661,-0.373581457532752
"2025-08-03 10:00:00",-6.74874993857348,-0.270209117883207
"2025-08-03 11:00:00",-6.72699978323419,0.224049235780317
"2025-08-03 12:00:00",-7.04787538240142,-0.660236494338065
"2025-08-03 13:00:00",-7.23156859409965,0.151807782588816
"2025-08-03 14:00:00",-7.39402771848205,-0.354928331798262
"2025-08-03 15:00:00",-7.52644536498328,0.0317406152463597
"2025-08-03 16:00:00",-7.70100385886254,-0.294095455399193
"2025-08-03 17:00:00",-7.97798232857665,-0.242482019996005
"2025-08-03 18:00:00",-7.66209466195906,0.683397443947142
"2025-08-03 19:00:00",-6.75222167357132,1.02749089374204
"2025-08-03 20:00:00",-5.58923519891445,1.20675184811904
"2025-08-03 21:00:00",-4.61446628139533,0.780998117470921
"2025-08-03 22:00:00",-4.02468018308646,0.440233499381871
"2025-08-03 23:00:00",-3.45753078777977,0.629994172434594
"2025-08-04 00:00:00",-2.78044605133104,0.68075864256485
"2025-08-04 01:00:00",-2.25783077028711,0.395936684651216
"2025-08-04 02:00:00",-1.72178972870036,0.606879471884877
"2025-08-04 03:00:00",-1.23939105137778,0.378708299967238
"2025-08-04 04:00:00",-1.28984156740817,-0.332557105189165
"2025-08-04 05:00:00",-1.96531097128396,-0.870313781011442
"2025-08-04 06:00:00",-3.13506282798685,-1.31125551723579
"2025-08-04 07:00:00",-4.62261722467201,-1.53035753836781
"2025-08-04 08:00:00",-5.80554719581738,-0.889146753442469
"2025-08-04 09:00:00",-5.8804695136778,0.478926056517816
"2025-08-04 10:00:00",-5.4787409144561,0.338752160584341
"2025-08-04 11:00:00",-5.91991123548026,-0.933085837782501
"2025-08-04 12:00:00",-6.75255356369312,-0.718486120769229
"2025-08-04 13:00:00",-6.96362412221218,0.145932010980082
"2025-08-04 14:00:00",-5.89121691883637,1.64806008166143
"2025-08-04 15:00:00",-4.350707434146,1.40319767514433
"2025-08-04 16:00:00",-2.93586633745437,1.36097720961819
"2025-08-04 17:00:00",-2.05093326903521,0.529307368328135
"2025-08-04 18:00:00",-2.18532787025892,-0.567825929864981
"2025-08-04 19:00:00",-2.2053611962823,0.348923542365574
"2025-08-04 20:00:00",-1.51877508559286,0.881906371070821
"2025-08-04 21:00:00",-0.708719731015358,0.725619264125833
"2025-08-04 22:00:00",-0.180855543337504,0.371859185712968
"2025-08-04 23:00:00",-0.0152681139789702,0.0204396920045899
"2025-08-05 00:00:00",0.222796345322423,0.371852188423418
"2025-08-05 01:00:00",1.5244612808148,1.85938824239784
"2025-08-05 02:00:00",2.45861816394222,0.270991458824673
"2025-08-05 03:00:00",2.80733356390877,0.380791588171597
"2025-08-05 04:00:00",3.09512308237455,0.208496096384082
"2025-08-05 05:00:00",2.86348684811398,-0.518033983313892
"2025-08-05 06:00:00",1.8113391591253,-1.36190996617887
"2025-08-05 07:00:00",0.440127348472926,-1.31458791531835
"2025-08-05 08:00:00",-1.76310013408037,-2.6915150349166
"2025-08-05 09:00:00",-3.90449524409403,-1.67062505287543
"2025-08-05 10:00:00",-5.67904710002812,-1.75447834053032
"2025-08-05 11:00:00",-7.36861418678942,-1.55868851202758
"2025-08-05 12:00:00",-8.61479964050007,-0.969140508614817
"2025-08-05 13:00:00",-9.050502102172,-0.0482778165712968
"2025-08-05 14:00:00",-9.07481928652975,0.00447427491074473
"2025-08-05 15:00:00",-8.65615329848554,0.686588161349725
"2025-08-05 16:00:00",-7.1337337846883,2.01844087732368
"2025-08-05 17:00:00",-5.58965137073811,1.16366748057097
"2025-08-05 18:00:00",-4.67797561030268,0.707564675482259
"2025-08-05 19:00:00",-4.33322860633427,0.0925185095255437
"2025-08-05 20:00:00",-4.11471260884103,0.297712942132842
"2025-08-05 21:00:00",-4.00236455676731,-0.0112629580338975
"2025-08-05 22:00:00",-4.11397742883518,-0.168050481967186
"2025-08-05 23:00:00",-4.3887032240664,-0.327485421514241
"2025-08-06 00:00:00",-4.59531108532687,-0.110551047179873
"2025-08-06 01:00:00",-4.87434291603961,-0.372169542578616
"2025-08-06 02:00:00",-4.76105138762376,0.437824285970631
"2025-08-06 03:00:00",-4.4991354326675,0.138334709664712
"2025-08-06 04:00:00",-4.66744991438372,-0.35894805661154
"2025-08-06 05:00:00",-4.98124921388092,-0.262774640422184
"2025-08-06 06:00:00",-5.2681505032648,-0.282933269116321
"2025-08-06 07:00:00",-5.59503112617695,-0.333856690432143
"2025-08-06 08:00:00",-5.90304379315632,-0.268937312657582
"2025-08-06 09:00:00",-6.13032944364709,-0.181111240721714
"2025-08-06 10:00:00",-6.15863517067354,0.0828074785584586
"2025-08-06 11:00:00",-5.9613544204273,0.272156310204606
"2025-08-06 12:00:00",-5.65627290794446,0.320215774128503
"2025-08-06 13:00:00",-5.54401253220185,-0.0244201043592875
"2025-08-06 14:00:00",-5.61908269946591,-0.098125028347112
"2025-08-06 15:00:00",-5.31479026440315,0.565347151889794
"2025-08-06 16:00:00",-4.7524438898544,0.540472167488948
"2025-08-06 17:00:00",-4.34975625673887,0.297821351211819
"2025-08-06 18:00:00",-4.30932219771788,-0.127470890941749
"2025-08-06 19:00:00",-4.52144113980172,-0.252917292279944
"2025-08-06 20:00:00",-4.68135943037299,-0.0844944807839084
"2025-08-06 21:00:00",-4.6642096258455,0.0901289472005974
"2025-08-06 22:00:00",-4.62761970802685,0.00516938598611029
"2025-08-06 23:00:00",-4.55053687017271,0.12732453207888
"2025-08-07 00:00:00",-4.46469075874783,0.0599787485663757
"2025-08-07 01:00:00",-4.29340858313955,0.243097167698676
"2025-08-07 02:00:00",-4.14105869219429,0.0901456282101354
"2025-08-07 03:00:00",-3.95338095166949,0.249115873804189
"2025-08-07 04:00:00",-3.89724896500217,-0.0700948089087503
"2025-08-07 05:00:00",-4.06156134659951,-0.214293037741249
"2025-08-07 06:00:00",-4.01698980673302,0.220260705947972
"2025-08-07 07:00:00",-3.48421015574868,0.720981020144815
"2025-08-07 08:00:00",-2.99159704543704,0.321451491291229
"2025-08-07 09:00:00",-2.51936272545459,0.554169193492084
"2025-08-07 10:00:00",-1.9443713369594,0.564795835734431
"2025-08-07 11:00:00",-1.47136446237472,0.391843794403871
"2025-08-07 12:00:00",-1.1044250270293,0.334796077798294
"2025-08-07 13:00:00",-0.78113444071569,0.301680984786389
"2025-08-07 14:00:00",-0.48813804097285,0.274290340139473
"2025-08-07 15:00:00",-0.193328807845425,0.295108131087531
"2025-08-07 16:00:00",0.236337946942621,0.499202621609467
"2025-08-07 17:00:00",0.417905796549067,-0.0391176157316595
"2025-08-07 18:00:00",0.0199963908477424,-0.618729999866275
"2025-08-07 19:00:00",-0.642249967857678,-0.659813019978305
"2025-08-07 20:00:00",-0.8426860877555,0.11616216408723
"2025-08-07 21:00:00",-0.66076785944235,0.218196107502021
"2025-08-07 22:00:00",-0.394101512293233,0.287158942987982
"2025-08-07 23:00:00",-0.0758746872336857,0.324324299505544
"2025-08-08 00:00:00",0.342053790415208,0.460568286985779
"2025-08-08 01:00:00",0.479705448766513,-0.0846043409906771
"2025-08-08 02:00:00",0.234149249689695,-0.34180509690206
"2025-08-08 03:00:00",0.139949428818963,0.07504216298238
"2025-08-08 04:00:00",-0.0878084496726539,-0.418978589394599
"2025-08-08 05:00:00",-0.120118433569637,0.22711322654006
"2025-08-08 06:00:00",-0.0468437251340787,-0.0326097522756997
"2025-08-08 07:00:00",0.167265337376945,0.368471528551141
"2025-08-08 08:00:00",0.62334704841475,0.492599264539809
"2025-08-08 09:00:00",0.984761668499863,0.255982236637624
"2025-08-08 10:00:00",1.01157816232979,-0.128501346668008
"2025-08-08 11:00:00",1.03809585347237,0.127298349871833
"2025-08-08 12:00:00",1.34057725308347,0.403556717010848
"2025-08-08 13:00:00",2.10148729239812,0.961256140864679
"2025-08-08 14:00:00",2.96212620035244,0.749956911905952
"2025-08-08 15:00:00",2.63090918047435,-1.04006521538158
"2025-08-08 16:00:00",1.59294028511908,-0.990637935685862
"2025-08-08 17:00:00",0.893760182665789,-0.473706232935823
"2025-08-08 18:00:00",0.774655182708797,0.1217999219564
"2025-08-08 19:00:00",0.844740440908484,0.0312807749881808
"2025-08-08 20:00:00",1.1856671894035,0.530064757867088
"2025-08-08 21:00:00",1.30451499220475,-0.162467614790019
"2025-08-08 22:00:00",0.711327819537888,-0.853821808000138
"2025-08-08 23:00:00",0.256891862521955,-0.167505334893918
"2025-08-09 00:00:00",0.193204555467521,0.00821889126154024
"2025-08-09 01:00:00",0.0686751557123996,-0.207358169397672
"2025-08-09 02:00:00",-0.1404700000046,-0.200486510922618
"2025-08-09 03:00:00",-0.465163662744138,-0.391886787173814
"2025-08-09 04:00:00",-0.858122630955594,-0.374401178023005
"2025-08-09 05:00:00",-0.796870207132466,0.349878344279896
"2025-08-09 06:00:00",-0.42209005737007,0.374598604343836
"2025-08-09 07:00:00",0.0357913364477818,0.492187988457313
"2025-08-09 08:00:00",0.592158664824774,0.572668493067202
"2025-08-09 09:00:00",1.26312040989813,0.703842747693142
"2025-08-09 10:00:00",1.98176006977098,0.692727154996616
"2025-08-09 11:00:00",2.51924348828796,0.405894790382347
"2025-08-09 12:00:00",3.16219564851254,0.767188774717282
"2025-08-09 13:00:00",4.107506463584,1.01506148003164
"2025-08-09 14:00:00",4.93189532234954,0.652808583860658
"2025-08-09 15:00:00",5.55671736147072,0.570118297609257
"2025-08-09 16:00:00",6.09406166665209,0.482800728578286
"2025-08-09 17:00:00",6.29875442180469,0.00171092532271162
"2025-08-09 18:00:00",5.58052435082346,-1.17216933506635
"2025-08-09 19:00:00",4.79878105423518,-0.491506772854421
"2025-08-09 20:00:00",4.20656778530881,-0.637391892142043
"2025-08-09 21:00:00",4.00534147077839,0.0936874002419916
"2025-08-09 22:00:00",4.23982913743731,0.312048954828104
"2025-08-09 23:00:00",4.13474507891611,-0.383637929950008
"2025-08-10 00:00:00",3.86226807777431,-0.19075105100844
"2025-08-10 01:00:00",3.50365284517407,-0.458458531045961
"2025-08-10 02:00:00",2.93432968241988,-0.620692588435146
"2025-08-10 03:00:00",2.33309677943445,-0.563470962090953
"2025-08-10 04:00:00",1.42339167698849,-1.10030177599047
"2025-08-10 05:00:00",0.35937403056111,-0.991101377446878
"2025-08-10 06:00:00",-0.764227698043243,-1.15900405816806
"2025-08-10 07:00:00",-1.7013486118339,-0.743685155002669
"2025-08-10 08:00:00",-2.32649268365195,-0.514219224526843
"2025-08-10 09:00:00",-2.39839502961282,0.229385248187421
"2025-08-10 10:00:00",-2.35230490206889,-0.0752041649964594
"2025-08-10 11:00:00",-2.20138527584604,0.297525837364651
"2025-08-10 12:00:00",-1.84797782313288,0.37670423344769
"2025-08-10 13:00:00",-1.49886665140782,0.316507866011596
"2025-08-10 14:00:00",-1.22369251586687,0.236474116201332
"2025-08-10 15:00:00",-0.8070821960915,0.518478881610851
"2025-08-10 16:00:00",-0.56446711086029,0.0482200873225134
"2025-08-10 17:00:00",-0.381757090803459,0.264413566175812
"2025-08-10 18:00:00",-0.541863137810911,-0.435014269629643
"2025-08-10 19:00:00",-1.02972031666361,-0.499204287229981
"2025-08-10 20:00:00",-1.29975095540858,-0.103092214529808
"2025-08-10 21:00:00",-1.4066807300791,-0.102732017249781
"2025-08-10 22:00:00",-1.7091146905387,-0.419382227833931
"2025-08-10 23:00:00",-2.28455488816232,-0.649930178746882
"2025-08-11 00:00:00",-2.69480820117985,-0.228032596664393
"2025-08-11 01:00:00",-3.644537214757,-1.38224879167916
"2025-08-11 02:00:00",-4.28061256198565,-0.103712569881044
"2025-08-11 03:00:00",-4.25941719016379,0.108974713063192
"2025-08-11 04:00:00",-4.39918945190491,-0.293470219516231
"2025-08-11 05:00:00",-4.05532232632246,0.758079935490823
"2025-08-11 06:00:00",-3.26356074349525,0.781817303869818
"2025-08-11 07:00:00",-2.52238536239694,0.683066456558616
"2025-08-11 08:00:00",-1.89451809769319,0.564482911712054
"2025-08-11 09:00:00",-1.22359461357336,0.712442080811873
"2025-08-11 10:00:00",-0.601243816789782,0.53429396527364
"2025-08-11 11:00:00",-0.0784430300826042,0.491070400051899
"2025-08-11 12:00:00",0.372809613388115,0.403365767085508
"2025-08-11 13:00:00",0.871371291833224,0.53785281480476
"2025-08-11 14:00:00",1.29448220083012,0.325388794991882
"2025-08-11 15:00:00",1.59222669165244,0.263498575407352
"2025-08-11 16:00:00",1.8756891996128,0.281249878701665
"2025-08-11 17:00:00",2.14036750463952,0.23863642819852
"2025-08-11 18:00:00",1.96357414106105,-0.44809883595554
"2025-08-11 19:00:00",1.46415973236435,-0.512422613409
"2025-08-11 20:00:00",1.04937800073169,-0.331865459790971
"2025-08-11 21:00:00",0.624459139639112,-0.468113765681547
"2025-08-11 22:00:00",0.370986597513666,-0.0991406359185094
"2025-08-11 23:00:00",0.188384903800858,-0.230042394601941
"2025-08-12 00:00:00",-0.146356800684935,-0.388876105400612
"2025-08-12 01:00:00",-1.27824060897077,-1.57323891473414
"2025-08-12 02:00:00",-1.77759242315155,0.241936825474162
"2025-08-12 03:00:00",-1.54977021892008,0.209877249008866
"2025-08-12 04:00:00",-1.73609823522404,-0.439609178458346
"2025-08-12 05:00:00",-1.85987108561669,0.0948998759605238
"2025-08-12 06:00:00",-1.32539365615432,0.804522774055705
"2025-08-12 07:00:00",-0.164459079566782,1.3450794585236
"2025-08-12 08:00:00",1.26825185848978,1.4232613548655
"2025-08-12 09:00:00",2.63979357534935,1.27025349662715
"2025-08-12 10:00:00",3.7099567663131,0.88251681611341
"2025-08-12 11:00:00",4.44146895928063,0.591302523211665
"2025-08-12 12:00:00",5.04491993119258,0.577150940881063
"2025-08-12 13:00:00",5.60061960525979,0.508491718168463
"2025-08-12 14:00:00",6.11389703305706,0.484860299435877
"2025-08-12 15:00:00",6.42914884560494,0.179322495452585
"2025-08-12 16:00:00",6.53947321189606,0.0507992751847381
"2025-08-12 17:00:00",6.52148136236674,-0.0714235994041528
"2025-08-12 18:00:00",6.01949050951804,-0.773580104265569
"2025-08-12 19:00:00",5.21918198897419,-0.787853706186487
"2025-08-12 20:00:00",4.82926089911866,-0.11283378073184
"2025-08-12 21:00:00",4.61138117309173,-0.283778632015152
"2025-08-12 22:00:00",4.31552081139395,-0.295797823435591
"2025-08-12 23:00:00",3.96733820825001,-0.372120746881645
"2025-08-13 00:00:00",3.59423279486595,-0.361144411939037
"2025-08-13 01:00:00",2.97582208219606,-0.765163712667231
"2025-08-13 02:00:00",2.61317684519843,-0.0809060871993577
"2025-08-13 03:00:00",2.44674374463327,-0.218908679624443
"2025-08-13 04:00:00",1.91591647704988,-0.716697769224441
"2025-08-13 05:00:00",1.35956651676055,-0.425484677818894
"2025-08-13 06:00:00",1.2414063519355,0.090582342771308
"2025-08-13 07:00:00",1.38563142348873,0.171533132476045
"2025-08-13 08:00:00",1.63616786629778,0.289513576366059
"2025-08-13 09:00:00",2.7768606223998,1.65182260137665
"2025-08-13 10:00:00",4.50560770460518,1.69430200153244
"2025-08-13 11:00:00",6.17714527053929,1.57112523497227
"2025-08-13 12:00:00",7.60556587929257,1.25744832837553
"2025-08-13 13:00:00",8.90502240453802,1.25591167832428
"2025-08-13 14:00:00",9.72979461356944,0.486683138320124
"2025-08-13 15:00:00",9.91645927685046,-0.0347522269252373
"2025-08-13 16:00:00",9.5878448531932,-0.521682001994195
"2025-08-13 17:00:00",9.01522135851314,-0.591728070247366
"2025-08-13 18:00:00",8.24892797892596,-0.857871490649266
"2025-08-13 19:00:00",7.36779423502564,-0.865400274023726
"2025-08-13 20:00:00",6.96755558085994,-0.0806111756333038
"2025-08-13 21:00:00",6.66225544961277,-0.449560931060601
"2025-08-13 22:00:00",6.18138240886332,-0.487481603105688
"2025-08-13 23:00:00",5.7026509049425,-0.458114492219832
"2025-08-14 00:00:00",5.31842086757399,-0.32406461380483
"2025-08-14 01:00:00",4.41621363374739,-1.25161011556069
"2025-08-14 02:00:00",3.74156558623522,-0.263645045341319
"2025-08-14 03:00:00",3.48337486535308,-0.247106874093132
"2025-08-14 04:00:00",3.14120788937324,-0.393768412491035
"2025-08-14 05:00:00",3.01916130424571,0.0608500649632739
"2025-08-14 06:00:00",3.3859107371153,0.549360720789723
"2025-08-14 07:00:00",4.03491184365839,0.680223721808974
"2025-08-14 08:00:00",4.84693609652955,0.856103547320465
"2025-08-14 09:00:00",5.87451239227482,1.08681402240898
"2025-08-14 10:00:00",7.2218017874318,1.44934450999786
"2025-08-14 11:00:00",8.77114787367572,1.53308276386613
"2025-08-14 12:00:00",10.0481307078708,1.03426856846804
"2025-08-14 13:00:00",10.9715517163771,0.792695534579221
"2025-08-14 14:00:00",11.5014871927627,0.315444979513368
"2025-08-14 15:00:00",11.8060696344212,0.268046544032776
"2025-08-14 16:00:00",11.9641838141319,0.0621004420349406
"2025-08-14 17:00:00",11.882631513003,-0.188860859339531
"2025-08-14 18:00:00",11.347518486736,-0.755827580896183
"2025-08-14 19:00:00",10.5458398609858,-0.808772582002006
"2025-08-14 20:00:00",9.90234506405993,-0.516322334356346
"2025-08-14 21:00:00",9.54273891975129,-0.250802316942141
"2025-08-14 22:00:00",9.49351512205166,0.075201960674723
"2025-08-14 23:00:00",9.42919639087599,-0.166507870339019
"2025-08-15 00:00:00",9.09002748435149,-0.450307650461727
"2025-08-15 01:00:00",8.3237358592564,-0.952243730275677
"2025-08-15 02:00:00",7.73126664368975,-0.335195768538686
"2025-08-15 03:00:00",7.43805430831003,-0.261253068077239
"2025-08-15 04:00:00",6.72527638747408,-0.989503294785647
"2025-08-15 05:00:00",6.24496136954819,-0.126703808027712
"2025-08-15 06:00:00",6.35951377287402,0.261896471123302
"2025-08-15 07:00:00",6.67293220289563,0.32467753767814
"2025-08-15 08:00:00",7.28020013633408,0.758202651545816
"2025-08-15 09:00:00",8.32916355002192,1.18357334247686
"2025-08-15 10:00:00",9.59255358808011,1.24583186218684
"2025-08-15 11:00:00",10.8733968170584,1.23095797571343
"2025-08-15 12:00:00",11.7998133157951,0.665358152341321
"2025-08-15 13:00:00",12.1404833021433,0.0928212625707971
"2025-08-15 14:00:00",11.5558413704663,-1.02413878885558
"2025-08-15 15:00:00",10.3915941828119,-1.21721773619599
"2025-08-15 16:00:00",9.57285153806239,-0.527581514845171
"2025-08-15 17:00:00",9.42660977423367,0.102594217573465
"2025-08-15 18:00:00",9.39860720137932,-0.125882051567819
"2025-08-15 19:00:00",8.9051765749847,-0.727122364137893
"2025-08-15 20:00:00",8.16253787149119,-0.729168212728668
"2025-08-15 21:00:00",7.39098330926304,-0.773666084615925
"2025-08-15 22:00:00",6.50902004117739,-0.921773830815496
"2025-08-15 23:00:00",5.57539616668668,-0.905546058492117
"2025-08-16 00:00:00",4.82928078060402,-0.611559576162584
"2025-08-16 01:00:00",4.21161084071551,-0.598615158485784
"2025-08-16 02:00:00",3.85885202425838,-0.177521551303926
"2025-08-16 03:00:00",3.57551768738513,-0.345383635378581
"2025-08-16 04:00:00",2.9548045985448,-0.779374463379723
"2025-08-16 05:00:00",2.58351066263688,-0.0854087506281332
"2025-08-16 06:00:00",2.19065313860378,-0.582480670482133
"2025-08-16 07:00:00",1.48655355933161,-0.754541987378681
"2025-08-16 08:00:00",0.589305931809842,-0.951662048050276
"2025-08-16 09:00:00",-0.58590440291789,-1.26915414298963
"2025-08-16 10:00:00",-1.12067680722522,-0.0190258228640086
"2025-08-16 11:00:00",-0.244025200923239,1.43354597330846
"2025-08-16 12:00:00",1.01322549544561,1.08029320406379
"2025-08-16 13:00:00",1.45900415472447,0.000287362699406046
"2025-08-16 14:00:00",1.49451685550338,0.0554282552648346
"2025-08-16 15:00:00",1.16978530840266,-0.56466192309695
"2025-08-16 16:00:00",0.808251098674472,-0.210445531121911
"2025-08-16 17:00:00",0.714860907203304,-0.011958284982679
"2025-08-16 18:00:00",0.654507236987257,-0.0906699138191902
"2025-08-16 19:00:00",0.43602570990371,-0.294149121804657
"2025-08-16 20:00:00",0.201302172378234,-0.184515100480636
"2025-08-16 21:00:00",-0.00471787267418486,-0.210825889313682
"2025-08-16 22:00:00",-0.276869355300687,-0.300095977186639
"2025-08-16 23:00:00",-0.570245311634509,-0.274598208671976
"2025-08-17 00:00:00",-0.838324645095057,-0.250259716904192
"2025-08-17 01:00:00",-1.8141838285485,-1.41213151839713
"2025-08-17 02:00:00",-2.6122637952447,-0.34845719171198
"2025-08-17 03:00:00",-3.01781798205487,-0.420980380484312
"2025-08-17 04:00:00",-3.67674846733966,-0.782360505693104
"2025-08-17 05:00:00",-4.34713440827531,-0.559143342372234
"2025-08-17 06:00:00",-4.73858265321135,-0.255450336374752
"2025-08-17 07:00:00",-4.67324005846254,0.282202011216811
"2025-08-17 08:00:00",-4.38072595318221,0.291510552933403
"2025-08-17 09:00:00",-4.26534648064903,-0.00187703608097148
"2025-08-17 10:00:00",-4.23383573116369,0.0577678331418765
"2025-08-17 11:00:00",-3.6544667794067,0.905021612615151
"2025-08-17 12:00:00",-2.86324964779323,0.682459761056092
"2025-08-17 13:00:00",-2.38264343620491,0.326890927001406
"2025-08-17 14:00:00",-1.54792519131953,1.13666905459062
"2025-08-17 15:00:00",-0.662380168350357,0.678045952330855
"2025-08-17 16:00:00",0.232212908216943,0.997298437009734
"2025-08-17 17:00:00",0.974337819712155,0.53644757721946
"2025-08-17 18:00:00",0.649379338633253,-0.88503318478727
"2025-08-17 19:00:00",-0.139944324023807,-0.688847027851483
"2025-08-17 20:00:00",-0.177840048011691,0.398045585448219
"2025-08-17 21:00:00",-0.263788446139833,-0.404292220944437
"2025-08-17 22:00:00",-0.869362288730902,-0.710642924785877
"2025-08-17 23:00:00",-1.50403357220397,-0.552744951165694
"2025-08-18 00:00:00",-1.74706418089679,-0.0230711225463978
"2025-08-18 01:00:00",-3.04629164653865,-2.08599426079487
"2025-08-18 02:00:00",-4.01770507326962,-0.178285722893596
"2025-08-18 03:00:00",-4.10578472951533,-0.0185806095093446
"2025-08-18 04:00:00",-4.49479824681316,-0.612188244416876
"2025-08-18 05:00:00",-4.87460152432044,-0.201042600972529
"2025-08-18 06:00:00",-4.54534288338097,0.673422055133171
"2025-08-18 07:00:00",-3.43988510873104,1.34680318321579
"2025-08-18 08:00:00",-2.2745313950387,0.993445207818369
"2025-08-18 09:00:00",-1.53721902269062,0.534454377480845
"2025-08-18 10:00:00",-1.00233837951108,0.511728484886916
"2025-08-18 11:00:00",-0.529061790197092,0.426444235311405
"2025-08-18 12:00:00",0.457853981593545,1.31434128784469
"2025-08-18 13:00:00",0.957330428567003,-0.0680823821737708
"2025-08-18 14:00:00",0.864356297605165,-0.106383890414521
"2025-08-18 15:00:00",0.597414073727826,-0.36240818564725
"2025-08-18 16:00:00",0.538542564172467,0.145510563673015
"2025-08-18 17:00:00",0.718605484551562,0.193846997478397
"2025-08-18 18:00:00",0.751040925325013,-0.0776377472033816
"2025-08-18 19:00:00",0.626412069942011,-0.151001236043559
"2025-08-18 20:00:00",0.618288826600245,0.0867059604789477
"2025-08-18 21:00:00",0.639395378249188,-0.0244253420877713
"2025-08-18 22:00:00",0.588585722030734,-0.0668083814223392
"2025-08-18 23:00:00",0.508242157826294,-0.0863074412726684
"2025-08-19 00:00:00",0.530483554295416,0.0928942490642852
"2025-08-19 01:00:00",-0.612505996101172,-1.91326760054843
"2025-08-19 02:00:00",-1.29880733130728,0.165064213571405
"2025-08-19 03:00:00",-1.24820267931614,-0.0264314950865217
"2025-08-19 04:00:00",-1.50430456888744,-0.395434670964174
"2025-08-19 05:00:00",-1.70219201836034,-0.0548496041579425
"2025-08-19 06:00:00",-1.32421228146707,0.650759834462585
"2025-08-19 07:00:00",-0.321177780454535,1.19192312671861
"2025-08-19 08:00:00",0.940612703197003,1.24882232949325
"2025-08-19 09:00:00",1.80979570799626,0.573579314431081
"2025-08-19 10:00:00",2.23227097432571,0.299333089774191
"2025-08-19 11:00:00",2.59975166347964,0.392572713000166
"2025-08-19 12:00:00",3.03688960061829,0.442725041681737
"2025-08-19 13:00:00",3.63700902817598,0.672616631559469
"2025-08-19 14:00:00",4.1524891215171,0.381542255986293
"2025-08-19 15:00:00",4.46759264595462,0.250487389392739
"2025-08-19 16:00:00",4.61751612360906,0.0700008158180283
"2025-08-19 17:00:00",4.62545563637131,-0.0397613813404057
"2025-08-19 18:00:00",4.5373152239446,-0.122164520665075
"2025-08-19 19:00:00",4.21845173642665,-0.440688491255131
"2025-08-19 20:00:00",4.49458551427043,0.735449631229763
"2025-08-19 21:00:00",4.87072171104361,0.112932504260337
"2025-08-19 22:00:00",4.72048589148856,-0.324815683126214
"2025-08-19 23:00:00",4.57723838060872,-0.0214798775717713
"2025-08-20 00:00:00",3.32932115578306,-2.01212628167699
"2025-08-20 01:00:00",1.29797088518398,-1.95192773606366
"2025-08-20 02:00:00",0.35681072158784,-0.224275743879704
"2025-08-20 03:00:00",0.178989084884602,-0.138862570488271
"2025-08-20 04:00:00",-0.26411001922494,-0.625094889953199
"2025-08-20 05:00:00",-0.871289218778734,-0.566042511619023
"2025-08-20 06:00:00",-1.14157844305826,-0.0591569905583607
"2025-08-20 07:00:00",-0.853032383364231,0.50810368305346
"2025-08-20 08:00:00",-0.395081286095434,0.403854277508551
"2025-08-20 09:00:00",-0.146717856244342,0.13341164716655
"2025-08-20 10:00:00",0.121709059331423,0.345869157905444
"2025-08-20 11:00:00",0.644411909247725,0.615594647154723
"2025-08-20 12:00:00",1.12567693213378,0.368013663491236
"2025-08-20 13:00:00",1.12198705824245,-0.252763243667905
"2025-08-20 14:00:00",0.675761556931321,-0.555439597359203
"2025-08-20 15:00:00",-0.0440550756791296,-0.796065029349695
"2025-08-20 16:00:00",-0.485681329607382,-0.18429516787918
"2025-08-20 17:00:00",-0.475871450210071,0.139370743669016
"2025-08-20 18:00:00",0.0525221797995679,0.763242115429284
"2025-08-20 19:00:00",0.034941059829063,-0.537353377212264
"2025-08-20 20:00:00",-0.579572029772538,-0.636795785861391
"2025-08-20 21:00:00",-1.09700217274798,-0.412519611596661
"2025-08-20 22:00:00",-1.61559310039654,-0.56324724277053
"2025-08-20 23:00:00",-2.08306628620241,-0.379329022664742
"2025-08-21 00:00:00",-2.48026210278404,-0.387548091054535
"2025-08-21 01:00:00",-3.26978080835223,-1.01678110722598
"2025-08-21 02:00:00",-3.81409056557365,-0.199255508556724
"2025-08-21 03:00:00",-4.04861606900443,-0.241979114049129
"2025-08-21 04:00:00",-4.50931752336851,-0.579404616088177
"2025-08-21 05:00:00",-5.02286526165975,-0.439429750173704
"2025-08-21 06:00:00",-4.92308457939094,0.460979153479361
"2025-08-21 07:00:00",-4.20079417837819,0.86851604321597
"2025-08-21 08:00:00",-3.39088400510432,0.737766968252777
"2025-08-21 09:00:00",-2.70664372174472,0.620411250112368
"2025-08-21 10:00:00",-2.06172984976834,0.634090553636611
"2025-08-21 11:00:00",-1.36303897323853,0.711212424932241
"2025-08-21 12:00:00",-0.734544269486128,0.545241230566285
"2025-08-21 13:00:00",0.0191251197224022,0.857751790840353
"2025-08-21 14:00:00",0.531910506009615,0.258419795764334
"2025-08-21 15:00:00",0.656117765174195,0.0281460811415152
"2025-08-21 16:00:00",0.69473171564573,0.0429120314115387
"2025-08-21 17:00:00",0.582619187287263,-0.211028200165866
"2025-08-21 18:00:00",0.229818195369421,-0.431300472310467
"2025-08-21 19:00:00",-0.525668279052779,-0.936002732149158
"2025-08-21 20:00:00",-1.24597342898283,-0.541603381879656
"2025-08-21 21:00:00",-1.62049027900153,-0.243725356522155
"2025-08-21 22:00:00",-1.95763667138307,-0.381316893183862
"2025-08-21 23:00:00",-2.43652847334326,-0.51866140841711
"2025-08-22 00:00:00",-2.80587487962055,-0.249113951027935
"2025-08-22 01:00:00",-3.49579901485976,-0.947392232259409
"2025-08-22 02:00:00",-4.04151357505313,-0.247497297310023
"2025-08-22 03:00:00",-4.33451746391863,-0.304209870280193
"2025-08-22 04:00:00",-4.85757184579731,-0.638507607417755
"2025-08-22 05:00:00",-5.46188488671244,-0.546541035535134
"2025-08-22 06:00:00",-5.77508005024657,-0.135712885566109
"2025-08-22 07:00:00",-5.81097193434326,0.0398016271498634
"2025-08-22 08:00:00",-5.61065610303059,0.305292604772883
"2025-08-22 09:00:00",-5.27431693527701,0.348283772367619
"2025-08-22 10:00:00",-4.96663469428695,0.272790610649933
"2025-08-22 11:00:00",-4.38393426759262,0.76801391103502
"2025-08-22 12:00:00",-4.06198262097799,0.0149320157022236
"2025-08-22 13:00:00",-5.27559316764195,-1.96972082524277
"2025-08-22 14:00:00",-6.11001383017468,-0.0311174463772116
"2025-08-22 15:00:00",-5.93014551072385,0.319849228397534
"2025-08-22 16:00:00",-5.44694095923865,0.576786248599534
"2025-08-22 17:00:00",-4.99627025414159,0.352198420050866
"2025-08-22 18:00:00",-4.5405822058746,0.509464135991415
"2025-08-22 19:00:00",-4.06604388794252,0.434556051579903
"2025-08-22 20:00:00",-3.50722439534084,0.620345129076004
"2025-08-22 21:00:00",-3.07209498964502,0.295496669240556
"2025-08-22 22:00:00",-3.10955940692424,-0.253695748029553
"2025-08-22 23:00:00",-3.52724917809278,-0.503161956959895
"2025-08-23 00:00:00",-3.89171722701131,-0.250142521784016
"2025-08-23 01:00:00",-3.85119583636577,0.237383354876399
"2025-08-23 02:00:00",-3.57315201265994,0.296900514940583
"2025-08-23 03:00:00",-3.39412585871511,0.0965417158488611
"2025-08-23 04:00:00",-3.74733338422573,-0.63187743240081
"2025-08-23 05:00:00",-4.34213034158981,-0.536983892118335
"2025-08-23 06:00:00",-4.97584540122246,-0.662492431573835
"2025-08-23 07:00:00",-5.80096419730826,-0.887913571486956
"2025-08-23 08:00:00",-6.92669613004356,-1.22330567075766
"2025-08-23 09:00:00",-8.02052627604065,-0.946610773203955
"2025-08-23 10:00:00",-7.62736493886569,1.27798008125148
"2025-08-23 11:00:00",-6.9440232452129,0.264279436841171
"2025-08-23 12:00:00",-8.21037737479266,-2.21763487904705
"2025-08-23 13:00:00",-8.00424128964018,1.82274047226708
"2025-08-23 14:00:00",-8.1402698473039,-1.42507427512768
"2025-08-23 15:00:00",-8.48903152339214,0.395830369651269
"2025-08-23 16:00:00",-8.20171100200129,0.212267488418777
"2025-08-23 17:00:00",-8.00375525838784,0.189576701152399
"2025-08-23 18:00:00",-7.73610208431848,0.317298173202931
"2025-08-23 19:00:00",-7.53261083375183,0.127920185863714
"2025-08-23 20:00:00",-7.33518192366826,0.244092070573938
"2025-08-23 21:00:00",-7.02776327805409,0.344479395444382
"2025-08-23 22:00:00",-6.8116108828776,0.129387030656685
"2025-08-23 23:00:00",-6.7408426480713,0.0371042495195518
"2025-08-24 00:00:00",-6.73851837212813,-0.0122862086178913
"2025-08-24 01:00:00",-7.61785768124222,-1.40689607043318
"2025-08-24 02:00:00",-8.10014471703288,0.166842871820756
"2025-08-24 03:00:00",-8.05561570899413,-0.0286903675163143
"2025-08-24 04:00:00",-8.33745899917393,-0.426835608017496
"2025-08-24 05:00:00",-8.65869122000554,-0.224822791208482
"2025-08-24 06:00:00",-8.62900472484961,0.209103352142118
"2025-08-24 07:00:00",-8.31009490270217,0.388077805732042
"2025-08-24 08:00:00",-7.79063411858236,0.593071864767009
"2025-08-24 09:00:00",-7.17167580794905,0.616842125513922
"2025-08-24 10:00:00",-6.29593024665983,1.01597145708682
"2025-08-24 11:00:00",-6.07784584699833,-0.316081632413264
"2025-08-24 12:00:00",-6.36590618161329,-0.247859457670284
"2025-08-24 13:00:00",-6.10610830433049,0.594088028313861
"2025-08-24 14:00:00",-5.91849423224234,-0.0844109785030785
"2025-08-24 15:00:00",-5.79282726708804,0.267371491752147
"2025-08-24 16:00:00",-5.93518299447342,-0.401273323045201
"2025-08-24 17:00:00",-5.91236156270312,0.312110078440467
"2025-08-24 18:00:00",-5.68809951748621,0.162659535230593
"2025-08-24 19:00:00",-5.33433612077501,0.471682867656063
"2025-08-24 20:00:00",-4.30277511666821,1.36266146967323
"2025-08-24 21:00:00",-3.47248894624099,0.441465178196651
"2025-08-24 22:00:00",-3.67679679653667,-0.620632710572109
"2025-08-24 23:00:00",-4.28286500976423,-0.562820836246441
"2025-08-25 00:00:00",-4.71586761991902,-0.320363702689492
"2025-08-25 01:00:00",-5.3511006855394,-0.808879711070771
"2025-08-25 02:00:00",-5.66951334004971,0.0305860235937896
"2025-08-25 03:00:00",-5.75990535211755,-0.159441591461225
"2025-08-25 04:00:00",-6.17071522668299,-0.551442285994197
"2025-08-25 05:00:00",-6.28054938857742,0.197737081213376
"2025-08-25 06:00:00",-6.33065966328167,-0.204864754536318
"2025-08-25 07:00:00",-6.57687185560917,-0.253919179113444
"2025-08-25 08:00:00",-6.80573496134925,-0.192808983173667
"2025-08-25 09:00:00",-6.64345648359437,0.400057920082561
"2025-08-25 10:00:00",-6.3764763574459,0.174137102241871
"2025-08-25 11:00:00",-6.58059503553041,-0.438368645938088
"2025-08-25 12:00:00",-6.19573602957774,0.923859633334861
"2025-08-25 13:00:00",-5.98189929597592,-0.261681447361332
"2025-08-25 14:00:00",-5.81878044077141,0.446271214127136
"2025-08-25 15:00:00",-5.25766895248586,0.618504774281219
"2025-08-25 16:00:00",-4.58911311509036,0.676928314206794
"2025-08-25 17:00:00",-4.12880253591705,0.299941046213009
"2025-08-25 18:00:00",-4.58296123782095,-0.929981679323728
"2025-08-25 19:00:00",-4.81581454640154,0.24886170288886
"2025-08-25 20:00:00",-4.3692918365718,0.563281651605315
"2025-08-25 21:00:00",-4.14413526460223,-0.00532538103623414
"2025-08-25 22:00:00",-4.00792632257995,0.229431115081088
"2025-08-25 23:00:00",-4.42465496966952,-0.822527263459264
"2025-08-26 00:00:00",-5.09037441421637,-0.523846515158068
"2025-08-26 01:00:00",-6.13109790550009,-1.32928836929385
"2025-08-26 02:00:00",-6.77981802897361,-0.156288362684323
"2025-08-26 03:00:00",-6.9650877114886,-0.187049895450938
"2025-08-26 04:00:00",-7.38782078058363,-0.550789342429098
"2025-08-26 05:00:00",-7.89242421752725,-0.440315009288289
"2025-08-26 06:00:00",-7.88699314546807,0.312502163564511
"2025-08-26 07:00:00",-7.19886157411326,0.916010516924048
"2025-08-26 08:00:00",-6.13517937393373,1.12085925145891
"2025-08-26 09:00:00",-5.11188881503508,0.917525519621476
"2025-08-26 10:00:00",-4.28470374851023,0.734238971256304
"2025-08-26 11:00:00",-3.64112680672818,0.558075498881773
"2025-08-26 12:00:00",-3.02354827100517,0.632591561231329
"2025-08-26 13:00:00",-2.55190272896436,0.345833848495568
"2025-08-26 14:00:00",-2.24712299782459,0.266216216223405
"2025-08-26 15:00:00",-1.87194367633201,0.432887515973913
"2025-08-26 16:00:00",-1.3943477436619,0.487118166510828
"2025-08-26 17:00:00",-0.996918407140083,0.32054895812746
"2025-08-26 18:00:00",-1.51176838745003,-1.04602322312436
"2025-08-26 19:00:00",-1.94191282886797,0.00282271541819989
"2025-08-26 20:00:00",-1.79076279153657,0.24535303422198
"2025-08-26 21:00:00",-1.49485998978212,0.317848535093077
"2025-08-26 22:00:00",-1.4326560097828,-0.109252464432985
"2025-08-26 23:00:00",-1.41936802047022,0.0961949212574579
"2025-08-27 00:00:00",-1.42643641586491,-0.073744565288211
"2025-08-27 01:00:00",-1.20883027079525,0.403334263015479
"2025-08-27 02:00:00",-1.05812634539313,-0.02331711186255
"2025-08-27 03:00:00",-1.20895323740621,-0.227301280654383
"2025-08-27 04:00:00",-1.64722469651182,-0.556531636436415
"2025-08-27 05:00:00",-2.07973381372787,-0.327153674094982
"2025-08-27 06:00:00",-2.007039680177,0.338480388361521
"2025-08-27 07:00:00",-1.59554968997022,0.443194757774921
"2025-08-27 08:00:00",-0.926867761192802,0.789284850329029
"2025-08-27 09:00:00",0.169214190214584,1.24971914137418
"2025-08-27 10:00:00",1.79913197561621,1.80570856770376
"2025-08-27 11:00:00",3.51447087731948,1.57126332081567
"2025-08-27 12:00:00",5.07574424161852,1.47589406729938
"2025-08-27 13:00:00",5.94097652116322,0.410475441682558
"2025-08-27 14:00:00",6.68516044473251,0.923633824535226
"2025-08-27 15:00:00",7.22886472200829,0.25597124918078
"2025-08-27 16:00:00",7.22165495510851,-0.191633290746652
"2025-08-27 17:00:00",6.44570900306011,-1.13791447919116
"2025-08-27 18:00:00",4.69764293011814,-2.08006585987811
"2025-08-27 19:00:00",3.8789922400658,0.0551269281657791
"2025-08-27 20:00:00",4.25235736724969,0.562779815466321
"2025-08-27 21:00:00",4.6378646776962,0.243529010138823
"2025-08-27 22:00:00",4.9625359141216,0.357360638482622
"2025-08-27 23:00:00",5.20947457673673,0.15519618818971
"2025-08-28 00:00:00",5.29865301847538,0.0342167465359803
"2025-08-28 01:00:00",4.66847140125615,-1.04998836538403
"2025-08-28 02:00:00",3.99111325837575,-0.402770343788223
"2025-08-28 03:00:00",4.0519466386662,0.361863608891619
"2025-08-28 04:00:00",3.91295962060643,-0.471498536675325
"2025-08-28 05:00:00",3.39767704059668,-0.525027774366934
"2025-08-28 06:00:00",2.74769509312849,-0.706774828339299
"2025-08-28 07:00:00",1.94551118500637,-0.831210289945774
"2025-08-28 08:00:00",1.18306763677187,-0.682875978914234
"2025-08-28 09:00:00",0.0108088174543758,-1.44432803934731
"2025-08-28 10:00:00",-0.875690142534009,-0.472507263253306
"2025-08-28 11:00:00",-0.803166324099674,0.433553853699229
"2025-08-28 12:00:00",-1.31513444192396,-1.11694208689
"2025-08-28 13:00:00",-1.34764112490548,0.6936774006631
"2025-08-28 14:00:00",-0.895262981539213,0.271754538034593
"2025-08-28 15:00:00",-1.14507851862551,-0.584498334796886
"2025-08-28 16:00:00",-1.64213455172371,-0.413666824692282
"2025-08-28 17:00:00",-1.53376005303123,0.453362323246557
"2025-08-28 18:00:00",-0.79168310581923,0.901263485313788
"2025-08-28 19:00:00",0.17303154397714,0.962192250126693
"2025-08-28 20:00:00",0.992379066762505,0.684961479604244
"2025-08-28 21:00:00",1.66656745466372,0.633690674024399
"2025-08-28 22:00:00",2.11543250781074,0.302172745834843
"2025-08-28 23:00:00",2.39804413088674,0.253415635298066
"2025-08-29 00:00:00",2.59941474853443,0.154015414404261
"2025-08-29 01:00:00",2.82606953155402,0.260960125723221
"2025-08-29 02:00:00",3.10160349714945,0.268514836706417
"2025-08-29 03:00:00",3.09652087266861,-0.191233037226941
"2025-08-29 04:00:00",2.9164333652197,-0.168089800631267
"2025-08-29 05:00:00",2.49193481277694,-0.579021034647415
"2025-08-29 06:00:00",1.88986673386488,-0.592033723496768
"2025-08-29 07:00:00",1.05328438450482,-0.962293428190532
"2025-08-29 08:00:00",-0.00229733366222229,-1.06896955270773
"2025-08-29 09:00:00",-0.797673881402694,-0.575185552832625
"2025-08-29 10:00:00",-1.4829613196151,-0.725095156212083
"2025-08-29 11:00:00",-2.10547842215075,-0.522640339761619
"2025-08-29 12:00:00",-2.5291351053195,-0.334823691074324
"2025-08-29 13:00:00",-2.60284215289583,0.107129315042426
"2025-08-29 14:00:00",-2.34111905771172,0.355700970261506
"2025-08-29 15:00:00",-2.1125536949885,0.135965201011504
"2025-08-29 16:00:00",-1.84807212156259,0.340311939319147
"2025-08-29 17:00:00",-1.23146329214928,0.773884203734553
"2025-08-29 18:00:00",-1.26905245468016,-0.575189187400488
"2025-08-29 19:00:00",-1.48438434272471,0.0364366496856329
"2025-08-29 20:00:00",-1.06879879448977,0.650511619302343
"2025-08-29 21:00:00",-0.584447393390749,0.351940977739495
"2025-08-29 22:00:00",-0.380777569767565,0.095898916356072
"2025-08-29 23:00:00",-0.304893729897217,0.05942539821233
"2025-08-30 00:00:00",-0.0707937716814842,0.339816300863605
"2025-08-30 01:00:00",-0.0892123115919008,-0.256271266772553
"2025-08-30 02:00:00",-0.143345445412104,0.0833106729771766
"2025-08-30 03:00:00",0.223970844481509,0.539380246391569
"2025-08-30 04:00:00",0.510983562202937,0.104843275979676
"2025-08-30 05:00:00",0.361800825944664,-0.312099930752142
"2025-08-30 06:00:00",0.00122393844719013,-0.376226145193337
"2025-08-30 07:00:00",-0.485705850149403,-0.537593956093084
"2025-08-30 08:00:00",-0.888875485019824,-0.293770695818827
"2025-08-30 09:00:00",-0.49238580134824,0.838959954440998
"2025-08-30 10:00:00",0.0644604050368262,0.342947067180558
"2025-08-30 11:00:00",0.276522540543532,0.114646870165149
"2025-08-30 12:00:00",0.473024554724808,0.241377212238723
"2025-08-30 13:00:00",0.523735132042131,-0.0794176345518258
"2025-08-30 14:00:00",0.46289350011637,-0.0462415671626532
"2025-08-30 15:00:00",0.527774541580287,0.135281939860033
"2025-08-30 16:00:00",0.359787436702781,-0.36286049783108
"2025-08-30 17:00:00",0.222224965349072,0.0187069327378258
"2025-08-30 18:00:00",0.0687197603448433,-0.261303244830446
"2025-08-30 19:00:00",0.237600582251475,0.447551689917527
"2025-08-30 20:00:00",0.519187510609073,0.157258624087927
"2025-08-30 21:00:00",0.58547186906567,0.00181706076868896
"2025-08-30 22:00:00",0.67792907252946,0.147735000037571
"2025-08-30 23:00:00",0.577474090653665,-0.26201219210527
"2025-08-31 00:00:00",0.114280837998352,-0.576045176611903
"2025-08-31 01:00:00",-0.832998066984733,-1.14989704919406
"2025-08-31 02:00:00",-1.43773748215116,-0.211496912385608
"2025-08-31 03:00:00",-1.58663212918001,-0.0982324690273498
"2025-08-31 04:00:00",-2.05091863037356,-0.684211272526473
"2025-08-31 05:00:00",-2.5230459922008,-0.305662485391415
"2025-08-31 06:00:00",-2.4722995041396,0.289188197938347
"2025-08-31 07:00:00",-1.85064570707016,0.816938987259291
"2025-08-31 08:00:00",-0.701997865181526,1.31758506562264
"2025-08-31 09:00:00",0.53752059916642,1.12947841427811
"2025-08-31 10:00:00",1.4740243682747,0.76266147732181
"2025-08-31 11:00:00",2.16275252284507,0.60481276563253
"2025-08-31 12:00:00",2.63853959368846,0.364375386295268
"2025-08-31 13:00:00",3.12060901237051,0.534223140551778
"2025-08-31 14:00:00",3.43789395735918,0.153563547119703
"2025-08-31 15:00:00",3.74046086028411,0.383092953721972
"2025-08-31 16:00:00",4.16585623443509,0.428562054537695
"2025-08-31 17:00:00",4.18962020026585,-0.252594215699387
"2025-08-31 18:00:00",3.1619039853085,-1.50101778844534
"2025-08-31 19:00:00",2.37066431200793,-0.284537479978196
"2025-08-31 20:00:00",2.21328513652579,-0.0681846764687893
"2025-08-31 21:00:00",1.82864403335675,-0.580182618303113
"2025-08-31 22:00:00",1.32667118393983,-0.428336840786745
"2025-08-31 23:00:00",0.935732841924368,-0.34913883509906
"2025-09-01 00:00:00",0.726782251093793,-0.106769925241603
"2025-09-01 01:00:00",0.445245768163198,-0.385603646879783
"2025-09-01 02:00:00",0.454179902495145,0.27095658786518
"2025-09-01 03:00:00",0.67998529567832,0.18438972435583
"2025-09-01 04:00:00",0.560754740465701,-0.316851118776609
"2025-09-01 05:00:00",0.0794295710370027,-0.56882300576116
"2025-09-01 06:00:00",-0.0585583827603636,0.155685303386812
"2025-09-01 07:00:00",0.372548330077467,0.594307424997951
"2025-09-01 08:00:00",1.28373841553374,1.07866238868473
"2025-09-01 09:00:00",2.44101033184092,1.15303034450145
"2025-09-01 10:00:00",3.52375887218197,0.981297806592699
"2025-09-01 11:00:00",4.35509338247622,0.687315488136093
"2025-09-01 12:00:00",5.13990806839215,0.806907208138392
"2025-09-01 13:00:00",5.44563867242127,-0.049532866931289
"2025-09-01 14:00:00",5.77536305997004,0.55987276435825
"2025-09-01 15:00:00",6.28521142411692,0.444829553711536
"2025-09-01 16:00:00",6.44287313298597,-0.0493713627572882
"2025-09-01 17:00:00",5.79181680991965,-1.02953732706068
"2025-09-01 18:00:00",5.07123583107151,-0.487835328070095
"2025-09-01 19:00:00",4.61377062620193,-0.422015118374382
"2025-09-01 20:00:00",3.64741523740244,-1.28926746355099
"2025-09-01 21:00:00",2.91428210068773,-0.332245216434792
"2025-09-01 22:00:00",2.73384860327159,-0.074408643610175
"2025-09-01 23:00:00",2.58489211776183,-0.195098715315921
"2025-09-02 00:00:00",2.45093353301183,-0.0901644418630786
"2025-09-02 01:00:00",1.84125575548822,-0.930200910685109
"2025-09-02 02:00:00",2.00911227325181,0.889533356351243
"2025-09-02 03:00:00",2.44393976438662,0.108443717614047
"2025-09-02 04:00:00",2.35661462210059,-0.21683512404271
"2025-09-02 05:00:00",1.99906137321371,-0.437409768495981
"2025-09-02 06:00:00",1.30214494531712,-0.839376903006675
"2025-09-02 07:00:00",0.209922117925119,-1.21056013809273
"2025-09-02 08:00:00",-1.31102994472972,-1.6558723534549
"2025-09-02 09:00:00",-2.92205615806874,-1.50288497454839
"2025-09-02 10:00:00",-4.33866885685265,-1.28801694713282
"2025-09-02 11:00:00",-5.11440639220656,-0.391770363870632
"2025-09-02 12:00:00",-4.90684160751033,0.603841850402578
"2025-09-02 13:00:00",-3.73682650095708,1.49818213009415
"2025-09-02 14:00:00",-2.86646615400577,0.415275863449085
"2025-09-02 15:00:00",-1.92857953261925,1.24541384804134
"2025-09-02 16:00:00",-1.20572261813758,0.342626979782953
"2025-09-02 17:00:00",-1.03192202634574,0.0545463662542339
"2025-09-02 18:00:00",-1.38515864463658,-0.606972036854358
"2025-09-02 19:00:00",-2.04541970996181,-0.662626392716058
"2025-09-02 20:00:00",-2.17346197770577,0.237061327412151
"2025-09-02 21:00:00",-1.38224518520663,1.12585012212727
"2025-09-02 22:00:00",-0.537463198135827,0.619044057117149
"2025-09-02 23:00:00",-0.00930697642407419,0.443160284637549
"2025-09-03 00:00:00",0.0722530160402932,-0.163366477935444
"2025-09-03 01:00:00",0.0892740077448055,0.136375339674161
"2025-09-03 02:00:00",0.152979873107949,0.0121180685306488
"2025-09-03 03:00:00",0.247089718326814,0.144100936782353
"2025-09-03 04:00:00",0.0457228462370863,-0.422424424410338
"2025-09-03 05:00:00",-0.642971016499635,-0.833536448378096
"2025-09-03 06:00:00",-1.09637731230824,-0.177616374135934
"2025-09-03 07:00:00",-1.01486858281118,0.251795421910021
"2025-09-03 08:00:00",-0.495909426716762,0.673712450029842
"2025-09-03 09:00:00",0.364286384399615,0.944279024190894
"2025-09-03 10:00:00",1.27539367522521,0.845228525200197
"2025-09-03 11:00:00",1.90221841952264,0.44979491020755
"2025-09-03 12:00:00",2.36659082249963,0.449572698667641
"2025-09-03 13:00:00",1.89513194588014,-1.06611569932102
"2025-09-03 14:00:00",1.95494023283463,0.805127474457405
"2025-09-03 15:00:00",2.42525849673572,0.222247548965882
"2025-09-03 16:00:00",2.60518145843877,0.140032046311673
"2025-09-03 17:00:00",2.44281436456465,-0.359604557087374
"2025-09-03 18:00:00",1.87797475258758,-0.677967652820606
"2025-09-03 19:00:00",1.67696033075621,0.124081147876347
"2025-09-03 20:00:00",2.0374724888955,0.498837936406928
"2025-09-03 21:00:00",2.3554574695662,0.179682462305928
"2025-09-03 22:00:00",2.49122293788716,0.0970012474026577
"2025-09-03 23:00:00",2.5565210769694,0.0378499863123777
"2025-09-04 00:00:00",2.50020736337792,-0.119706782421203
"2025-09-04 01:00:00",2.23622283724093,-0.35084544340771
"2025-09-04 02:00:00",2.12062515149069,0.0438430413094706
"2025-09-04 03:00:00",2.23033565964514,0.145675408985883
"2025-09-04 04:00:00",2.19992058788857,-0.14923543657317
"2025-09-04 05:00:00",1.8220208513272,-0.515217280863064
"2025-09-04 06:00:00",1.70466817203844,0.15111457881228
"2025-09-04 07:00:00",2.06094986658939,0.4739305536326
"2025-09-04 08:00:00",2.73240421506799,0.768571841493289
"2025-09-04 09:00:00",3.61117834599424,0.90696133547244
"2025-09-04 10:00:00",4.50505955663221,0.838031265605321
"2025-09-04 11:00:00",5.1952578296536,0.553041632810612
"2025-09-04 12:00:00",5.67900105015398,0.407863306674475
"2025-09-04 13:00:00",6.05760067247269,0.333782082588182
"2025-09-04 14:00:00",6.42234782639282,0.360251837555561
"2025-09-04 15:00:00",6.67482221995341,0.160350748918258
"2025-09-04 16:00:00",6.39229546844282,-0.572949082862532
"2025-09-04 17:00:00",5.70507537775588,-0.73898030145133
"2025-09-04 18:00:00",4.84579397973167,-0.905999808426617
"2025-09-04 19:00:00",4.39107277666212,-0.13851009677127
"2025-09-04 20:00:00",4.38078721626507,0.070026464253485
"2025-09-04 21:00:00",4.68030106427309,0.43262508115136
"2025-09-04 22:00:00",4.57307613415777,-0.468054607391982
"2025-09-04 23:00:00",4.02008543447253,-0.589228887072909
"2025-09-05 00:00:00",3.94812139922085,0.271112787965885
"2025-09-05 01:00:00",4.44434635249322,0.61762936944704
"2025-09-05 02:00:00",4.27712576090496,-0.688225801194427
"2025-09-05 03:00:00",3.68645035679036,-0.503085875905444
"2025-09-05 04:00:00",3.23428512143681,-0.401482458246393
"2025-09-05 05:00:00",2.67016159573613,-0.649909968839812
"2025-09-05 06:00:00",1.92721593930189,-0.773104857872281
"2025-09-05 07:00:00",0.862110317890942,-1.21163977275794
"2025-09-05 08:00:00",-0.271686451549457,-1.02913592935182
"2025-09-05 09:00:00",-0.357264122034454,0.547867221333657
"2025-09-05 10:00:00",-0.378803755928344,-0.399653866229518
"2025-09-05 11:00:00",-0.778278757135045,-0.379884839715421
"2025-09-05 12:00:00",-1.66520962039888,-1.18180655824316
"2025-09-05 13:00:00",-3.08465440483346,-1.50827070387046
"2025-09-05 14:00:00",-3.97582563643828,-0.433455784011778
"2025-09-05 15:00:00",-3.48729384230525,1.08508830020526
"2025-09-05 16:00:00",-2.37549046196537,1.08127466224872
"2025-09-05 17:00:00",-1.77351096775798,0.256910153598633
"2025-09-05 18:00:00",-1.9093402884767,-0.388911348815075
"2025-09-05 19:00:00",-1.64781078316962,0.685182062172074
"2025-09-05 20:00:00",-1.08810258263259,0.451586761863597
"2025-09-05 21:00:00",-0.704962736967193,0.320704904897988
"2025-09-05 22:00:00",-0.506418034563857,0.108579639866106
"2025-09-05 23:00:00",-0.508273622562169,-0.0747370838146673
"2025-09-06 00:00:00",-0.627752988001129,-0.142974506956001
"2025-09-06 01:00:00",-0.711141233817896,-0.0388932678659427
"2025-09-06 02:00:00",-0.644568024894214,0.134635861864317
"2025-09-06 03:00:00",-0.525976439249236,0.103090774003409
"2025-09-06 04:00:00",-0.740644624192523,-0.415625243502875
"2025-09-06 05:00:00",-1.50725326936911,-0.963210481271543
"2025-09-06 06:00:00",-2.16595488119936,-0.422455814576302
"2025-09-06 07:00:00",-2.38042075426112,-0.0628259363798746
"2025-09-06 08:00:00",-2.19934007862033,0.338144896456632
"2025-09-06 09:00:00",-1.73163984310371,0.534678246483086
"2025-09-06 10:00:00",-1.35956618994312,0.248223106807139
"2025-09-06 11:00:00",-1.13582824433713,0.198534828551316
"2025-09-06 12:00:00",-0.965902210143186,0.14424267455569
"2025-09-06 13:00:00",-0.951937827226935,-0.0723052639214759
"2025-09-06 14:00:00",-0.920054619343175,0.101052607903108
"2025-09-06 15:00:00",-0.727209670973212,0.246060517569434
"2025-09-06 16:00:00",-0.500724966715566,0.203609054386574
"2025-09-06 17:00:00",-0.406629354736752,0.0172617539972325
"2025-09-06 18:00:00",-0.934642804317057,-0.865909264198827
"2025-09-06 19:00:00",-1.31927855332778,-0.0443101443599095
"2025-09-06 20:00:00",-1.06458635901954,0.443620923155487
"2025-09-06 21:00:00",-1.32473701443507,-0.715589760478672
"2025-09-06 22:00:00",-1.71514970834596,-0.153372438161667
"2025-09-06 23:00:00",-1.88448843872058,-0.169725743115412
"2025-09-07 00:00:00",-2.05488684375941,-0.160321272457815
"2025-09-07 01:00:00",-2.35123965572415,-0.370308558023198
"2025-09-07 02:00:00",-2.45429092384124,0.0830439727431818
"2025-09-07 03:00:00",-2.39666826046983,0.0410998070552765
"2025-09-07 04:00:00",-2.54041736709992,-0.257060430403076
"2025-09-07 05:00:00",-3.02164368511626,-0.604526579858234
"2025-09-07 06:00:00",-3.15858111263955,0.185184258056065
"2025-09-07 07:00:00",-2.59282500430234,0.796652152029108
"2025-09-07 08:00:00",-1.70777840324137,0.905259494634728
"2025-09-07 09:00:00",-0.986159992753045,0.567102884135806
"2025-09-07 10:00:00",-0.630767976051896,0.198636586429571
"2025-09-07 11:00:00",-0.466024304295133,0.135133068881428
"2025-09-07 12:00:00",-0.2276666919986,0.296446727222731
"2025-09-07 13:00:00",0.0981715150546584,0.330241943739386
"2025-09-07 14:00:00",0.401985666114993,0.27163236398021
"2025-09-07 15:00:00",0.583671741469416,0.112571294457197
"2025-09-07 16:00:00",0.511033617219523,-0.193409381967758
"2025-09-07 17:00:00",-0.0297271107718618,-0.747286289589776
"2025-09-07 18:00:00",-0.879214552446551,-0.877214987457619
"2025-09-07 19:00:00",-1.27677136746656,-0.0577655111780137
"2025-09-07 20:00:00",-1.16915806948917,0.214395500276153
"2025-09-07 21:00:00",-1.14861892810959,-0.108165680556356
"2025-09-07 22:00:00",-1.33845581879368,-0.233782410998586
"2025-09-07 23:00:00",-1.5170643053672,-0.131614403478789
"2025-09-08 00:00:00",-1.60435561941763,-0.051640177849889
"2025-09-08 01:00:00",-2.04989850349095,-0.684900970381636
"2025-09-08 02:00:00",-2.38018557281642,-0.0755452802052188
"2025-09-08 03:00:00",-2.36960156051093,0.0705667209650341
"2025-09-08 04:00:00",-2.49605526784731,-0.248735981259207
"2025-09-08 05:00:00",-2.89986691579945,-0.484788401579313
"2025-09-08 06:00:00",-2.9677445264562,0.217020472852308
"2025-09-08 07:00:00",-2.47688987588889,0.653906807134589
"2025-09-08 08:00:00",-1.52281114606598,1.11204446245047
"2025-09-08 09:00:00",-0.427290208823003,1.03440927709114
"2025-09-08 10:00:00",0.329265755392279,0.53592310587783
"2025-09-08 11:00:00",0.628706936084703,0.127135687050238
"2025-09-08 12:00:00",0.829853566441187,0.240117917252137
"2025-09-08 13:00:00",1.1296597632345,0.324281766792613
"2025-09-08 14:00:00",1.36744022395996,0.167359049218767
"2025-09-08 15:00:00",1.56718082907853,0.210074321306242
"2025-09-08 16:00:00",1.77822227294574,0.199638165181654
"2025-09-08 17:00:00",1.53217737169347,-0.533761435010438
"2025-09-08 18:00:00",0.650869908329563,-1.07309609041144
"2025-09-08 19:00:00",0.348849579146022,0.225534589284632
"2025-09-08 20:00:00",0.525252113600387,0.134816324028601
"2025-09-08 21:00:00",0.635012266113117,0.0871637511576929
"2025-09-08 22:00:00",0.640401195731525,-0.0502010486912295
"2025-09-08 23:00:00",0.2180667257975,-0.651175377789624
"2025-09-09 00:00:00",-0.164840783597565,-0.186150769250931
"2025-09-09 01:00:00",-0.880921274641803,-1.03512090024518
"2025-09-09 02:00:00",-1.42257913581419,-0.185813680172852
"2025-09-09 03:00:00",-1.46789967956203,0.0523266957287874
"2025-09-09 04:00:00",-1.50044691050018,-0.0856907392501118
"2025-09-09 05:00:00",-1.64887467959147,-0.181265086839609
"2025-09-09 06:00:00",-1.35495681841672,0.598859081053185
"2025-09-09 07:00:00",-0.42944711669454,1.10103946495798
"2025-09-09 08:00:00",0.689374756065562,1.07806429825575
"2025-09-09 09:00:00",1.57178398730326,0.709154880834336
"2025-09-09 10:00:00",2.26665054019755,0.650296156054478
"2025-09-09 11:00:00",2.92339347224026,0.62691191200547
"2025-09-09 12:00:00",3.57556089228628,0.634246491973864
"2025-09-09 13:00:00",4.07541962406234,0.381907988835379
"2025-09-09 14:00:00",4.4466291356766,0.341186108699185
"2025-09-09 15:00:00",4.67090967304745,0.129957233841673
"2025-09-09 16:00:00",4.47672242756237,-0.407071171544207
"2025-09-09 17:00:00",3.69180452953982,-1.00528134701899
"2025-09-09 18:00:00",3.07027490885804,-0.340922017890712
"2025-09-09 19:00:00",3.0615361610483,0.20917193747222
"2025-09-09 20:00:00",3.15716045220651,0.0114380533512096
"2025-09-09 21:00:00",2.96739047150137,-0.318956957446983
"2025-09-09 22:00:00",3.06748254206512,0.370873287744071
"2025-09-09 23:00:00",3.15465638872842,-0.110051105554647
"2025-09-10 00:00:00",3.10755292959753,-0.00696582155051115
"2025-09-10 01:00:00",2.84607469342521,-0.422729411446304
"2025-09-10 02:00:00",2.64252649989807,-0.0514248126811137
"2025-09-10 03:00:00",2.5981771387638,-0.0409301682121275
"2025-09-10 04:00:00",2.42294472890381,-0.259786791823285
"2025-09-10 05:00:00",1.76149463275608,-0.900911616791469
"2025-09-10 06:00:00",1.17166403649271,-0.3566882397528
"2025-09-10 07:00:00",1.1619313301975,0.220519762008297
"2025-09-10 08:00:00",1.51387275061658,0.421333088027835
"2025-09-10 09:00:00",2.00450111615772,0.511559321601747
"2025-09-10 10:00:00",2.20025842403104,-0.0266590605761442
"2025-09-10 11:00:00",2.11650362086988,-0.120673256892483
"2025-09-10 12:00:00",2.16028187482588,0.148603108719444
"2025-09-10 13:00:00",1.71730121679487,-0.819096740268607
"2025-09-10 14:00:00",1.32295285835893,-0.0946612853449176
"2025-09-10 15:00:00",1.43115853022004,0.236601407686962
"2025-09-10 16:00:00",1.72388055511307,0.314380989892406
"2025-09-10 17:00:00",1.63012993345595,-0.363600177274826
"2025-09-10 18:00:00",1.38991130522393,-0.148651196684978
"2025-09-10 19:00:00",1.56955010053747,0.388167735223596
"2025-09-10 20:00:00",1.88080390057482,0.243165614402028
"2025-09-10 21:00:00",1.70121583536446,-0.455308771955578
"2025-09-10 22:00:00",1.56229588636042,0.0764115734857886
"2025-09-10 23:00:00",1.59906526194126,0.00658126578263107
"2025-09-11 00:00:00",1.7069478237433,0.168228558588584
"2025-09-11 01:00:00",1.72934611490442,-0.0780841610259285
"2025-09-11 02:00:00",1.62787867982958,-0.114462781407915
"2025-09-11 03:00:00",1.48372048882178,-0.159202168770799
"2025-09-11 04:00:00",1.05114646769373,-0.596175117137479
"2025-09-11 05:00:00",0.0938474599595955,-1.15390846619978
"2025-09-11 06:00:00",-0.88107862793617,-0.809399590517016
"2025-09-11 07:00:00",-1.37585661586214,-0.26038691373963
"2025-09-11 08:00:00",-1.32533525236387,0.257162223393597
"2025-09-11 09:00:00",-0.781103218168892,0.711454936538001
"2025-09-11 10:00:00",0.114622262338678,0.977012659543207
"2025-09-11 11:00:00",1.19882531746567,1.10399377638905
"2025-09-11 12:00:00",2.02175415706408,0.594905533093098
"2025-09-11 13:00:00",0.902544544934186,-2.21135482025558
"2025-09-11 14:00:00",0.815821321342808,1.3326319054722
"2025-09-11 15:00:00",-0.0944982564482375,-2.36338874308181
"2025-09-11 16:00:00",-1.73692947709461,-1.08363195419635
"2025-09-11 17:00:00",-2.00021906409484,0.298345627954828
"2025-09-11 18:00:00",-1.54918022996182,0.533976981609685
"2025-09-11 19:00:00",-0.602458642118821,1.17888867111423
"2025-09-11 20:00:00",0.196911404899262,0.509152684253265
"2025-09-11 21:00:00",0.278142249812119,-0.208159333810832
"2025-09-11 22:00:00",0.0920662809429714,-0.162870176988802
"2025-09-11 23:00:00",-0.127611562179635,-0.247228666423356
"2025-09-12 00:00:00",-0.317256841752544,-0.142080742686872
"2025-09-12 01:00:00",-0.721539389807055,-0.559460733064722
"2025-09-12 02:00:00",-0.967953555686064,-0.0250807682914333
"2025-09-12 03:00:00",-1.00274028990435,-0.0383569247597098
"2025-09-12 04:00:00",-1.07281163192224,-0.0865920574151725
"2025-09-12 05:00:00",-1.53567201652988,-0.690324445805777
"2025-09-12 06:00:00",-1.7692840479857,0.08393771650291
"2025-09-12 07:00:00",-1.90807500657046,-0.278399082157975
"2025-09-12 08:00:00",-2.89452947858542,-1.40914899665411
"2025-09-12 09:00:00",-3.81569573902492,-0.548346830931793
"2025-09-12 10:00:00",-3.58484277962976,0.744257606565455
"2025-09-12 11:00:00",-2.58632459501779,1.12519284069258
"2025-09-12 12:00:00",-1.75455899849408,0.599958501825163
"2025-09-12 13:00:00",-1.70268286699135,-0.313710139853697
"2025-09-12 14:00:00",-2.00570275887562,-0.279299800200348
"2025-09-12 15:00:00",-1.68451842620917,0.708822385094591
"2025-09-12 16:00:00",-1.2884812483362,0.170868463585737
"2025-09-12 17:00:00",-1.59399559296583,-0.606919336279737
"2025-09-12 18:00:00",-2.4695352669436,-1.01095777246885
"2025-09-12 19:00:00",-2.73765096348865,0.243026897524434
"2025-09-12 20:00:00",-2.58128915828731,0.0946835666490433
"2025-09-12 21:00:00",-2.48007725107453,0.104080773855132
"2025-09-12 22:00:00",-2.4809793167567,-0.0676507595077648
"2025-09-12 23:00:00",-2.4563374714371,0.088195222564945
"2025-09-13 00:00:00",-2.38183060550324,0.0650061565580391
"2025-09-13 01:00:00",-3.12079001496496,-1.23674329717816
"2025-09-13 02:00:00",-3.81047071973776,-0.288183856985894
"2025-09-13 03:00:00",-3.97915565910004,-0.0760943855872175
"2025-09-13 04:00:00",-4.066692887585,-0.0858784259222222
"2025-09-13 05:00:00",-4.29010073217938,-0.299236053328767
"2025-09-13 06:00:00",-4.38654380586765,0.0488610778646648
"2025-09-13 07:00:00",-4.43434116579759,-0.104311447696204
"2025-09-13 08:00:00",-3.95902065949015,0.844862422220623
"2025-09-13 09:00:00",-2.61426746003472,1.61920785115466
"2025-09-13 10:00:00",-1.39815053423795,0.892973825545436
"2025-09-13 11:00:00",0.00828134129924862,1.68370036565078
"2025-09-13 12:00:00",1.05348075967215,0.569861442550411
"2025-09-13 13:00:00",0.926190686781639,-0.587358658717917
"2025-09-13 14:00:00",0.724205571290228,0.0633309530168851
"2025-09-13 15:00:00",0.553452522984808,-0.319625543262747
"2025-09-13 16:00:00",-2.10036164167834,-4.08451923074095
"2025-09-13 17:00:00",-4.23806053691195,-0.73555202490943
"2025-09-13 18:00:00",-4.78424848285972,-0.388531714975527
"2025-09-13 19:00:00",-4.21504770032335,1.18679522356254
"2025-09-13 20:00:00",-2.99302617787794,1.19286713941949
"2025-09-13 21:00:00",-1.7467205403957,1.22656385810733
"2025-09-13 22:00:00",-1.05546982852232,0.303784342927055
"2025-09-13 23:00:00",-0.847016302074889,0.136355219752649
"2025-09-14 00:00:00",-0.683992876400852,0.174146622092608
"2025-09-14 01:00:00",0.39786947393891,1.63646792268557
"2025-09-14 02:00:00",1.34450430993076,0.441257716619146
"2025-09-14 03:00:00",1.64187846005638,0.185589843676269
"2025-09-14 04:00:00",1.38963622261581,-0.53425468402022
"2025-09-14 05:00:00",0.850417376178128,-0.518695578281673
"2025-09-14 06:00:00",0.455149601513881,-0.295296937270318
"2025-09-14 07:00:00",-0.220881387722634,-0.898311344020065
"2025-09-14 08:00:00",-1.40266657702005,-1.31432225766615
"2025-09-14 09:00:00",-2.50271894531312,-0.903126939461098
"2025-09-14 10:00:00",-3.55013578555512,-1.09061091301997
"2025-09-14 11:00:00",-4.00629918217855,-0.00695425728034971
"2025-09-14 12:00:00",-3.54205811257431,0.76146803791653
"2025-09-14 13:00:00",-2.8725538205442,0.580946031911165
"2025-09-14 14:00:00",-2.48800976540831,0.23903989213071
"2025-09-14 15:00:00",-2.26851786906193,0.199236044254072
"2025-09-14 16:00:00",-2.22614955398436,-0.0612985154242791
"2025-09-14 17:00:00",-2.75361546264176,-0.810305467860649
"2025-09-14 18:00:00",-3.50935317918992,-0.679899363422089
"2025-09-14 19:00:00",-3.92735227133119,-0.219016678433515
"2025-09-14 20:00:00",-3.91641104671422,0.168784749943325
"2025-09-14 21:00:00",-3.52196962976497,0.531179718616648
"2025-09-14 22:00:00",-3.34973942200359,-0.0707112935238306
"2025-09-14 23:00:00",-3.39899390126459,-0.028293177481668
"2025-09-15 00:00:00",-3.28895913084196,0.201402990086069
"2025-09-15 01:00:00",-3.16609531596375,0.0689049790677355
"2025-09-15 02:00:00",-2.64144050745984,0.807631447558495
"2025-09-15 03:00:00",-1.69607319805512,0.995670166370004
"2025-09-15 04:00:00",-0.974152380247077,0.507304677545235
"2025-09-15 05:00:00",-0.68597547414834,0.129655502662828
"2025-09-15 06:00:00",-0.881559374845559,-0.402228536728239
"2025-09-15 07:00:00",-1.20158582992351,-0.248882569008566
"2025-09-15 08:00:00",-0.215745542189621,1.76367680058396
"2025-09-15 09:00:00",1.09634550284284,0.948967251337162
"2025-09-15 10:00:00",1.11089733918198,-0.610485479384556
"2025-09-15 11:00:00",1.73013707915116,1.40818531754738
"2025-09-15 12:00:00",0.868293710603194,-2.33644543874568
"2025-09-15 13:00:00",0.0575648074769542,0.243804690504848
"2025-09-15 14:00:00",0.277820145633787,0.194015465554013
"2025-09-15 15:00:00",0.879542226395812,0.844570450237438
"2025-09-15 16:00:00",1.24696128391301,0.030730616518783
"2025-09-15 17:00:00",0.664129984746481,-0.965776719407943
"2025-09-15 18:00:00",-0.040388290525646,-0.497726463912223
"2025-09-15 19:00:00",-0.0394531372414595,0.333378215995205
"2025-09-15 20:00:00",0.309263644897773,0.342422361778107
"2025-09-15 21:00:00",0.586760534410192,0.220628983668647
"2025-09-15 22:00:00",0.568355506545592,-0.177639842755723
"2025-09-15 23:00:00",0.698115327229223,0.327790980436629
"2025-09-16 00:00:00",1.38550785094259,0.893558792627589
"2025-09-16 01:00:00",1.88633196995406,0.213421231193474
"2025-09-16 02:00:00",2.11479798212644,0.225208419336086
"2025-09-16 03:00:00",2.06839647452737,-0.22799187985864
"2025-09-16 04:00:00",1.74802133162943,-0.369404249261188
"2025-09-16 05:00:00",1.1378161494272,-0.743992357442372
"2025-09-16 06:00:00",0.515055039730654,-0.513814621873069
"2025-09-16 07:00:00",0.0157060584545054,-0.466640339014698
"2025-09-16 08:00:00",-0.768851790091104,-0.959237824907339
"2025-09-16 09:00:00",-1.55066103492161,-0.625383713174849
"2025-09-16 10:00:00",-2.35826915998814,-0.888713817942923
"2025-09-16 11:00:00",-2.64855041228336,0.125499878879677
"2025-09-16 12:00:00",-2.45200668754788,0.237978766783632
"2025-09-16 13:00:00",-2.67491878024623,-0.516415185277976
"2025-09-16 14:00:00",-2.53246505594903,0.578369815470575
"2025-09-16 15:00:00",-2.10351921669274,0.312211632537464
"2025-09-16 16:00:00",-2.00281032235383,-0.0423655829500017
"2025-09-16 17:00:00",-2.29230767190632,-0.437911533921128
"2025-09-16 18:00:00",-2.57270680636758,-0.15911439956072
"2025-09-16 19:00:00",-2.4440509347823,0.317701009278155
"2025-09-16 20:00:00",-2.2445747274047,0.114331417834047
"2025-09-16 21:00:00",-2.35445988629176,-0.251246327629994
"2025-09-16 22:00:00",-2.71373003806453,-0.411178583271185
"2025-09-16 23:00:00",-2.93843361537606,-0.086214338640628
"2025-09-17 00:00:00",-2.62954907491529,0.561387796951315
"2025-09-17 01:00:00",-1.99973840893576,0.64888536809136
"2025-09-17 02:00:00",-1.45800401010414,0.447135611087434
"2025-09-17 03:00:00",-1.22897753544743,0.0746184293338587
"2025-09-17 04:00:00",-1.53011721460432,-0.535747229576799
"2025-09-17 05:00:00",-2.218182512512,-0.75494083654833
"2025-09-17 06:00:00",-2.60469589001352,-0.119674017383762
"2025-09-17 07:00:00",-2.73157687551818,-0.12229984700823
"2025-09-17 08:00:00",-2.93718376201238,-0.247853768487672
"2025-09-17 09:00:00",-3.12675478171166,-0.137923375680539
"2025-09-17 10:00:00",-3.05665262236991,0.209481417207854
"2025-09-17 11:00:00",-2.76542698743947,0.335820792808713
"2025-09-17 12:00:00",-2.29714865682812,0.537893094440549
"2025-09-17 13:00:00",-2.40161438452665,-0.524773460767816
"2025-09-17 14:00:00",-2.39346618540569,0.36613081042384
"2025-09-17 15:00:00",-2.16769151611581,0.124561033796471
"2025-09-17 16:00:00",-2.29356679638165,-0.284055209393418
"2025-09-17 17:00:00",-2.60661598688846,-0.314546807877252
"2025-09-17 18:00:00",-2.89797062278463,-0.258689590329253
"2025-09-17 19:00:00",-3.02693476443999,-0.0326193662319085
"2025-09-17 20:00:00",-2.84305195570153,0.323377653376337
"2025-09-17 21:00:00",-2.55333370312282,0.257175350742441
"2025-09-17 22:00:00",-2.2277313957744,0.359037309336931
"2025-09-17 23:00:00",-1.46860751899679,0.992641310948928
"2025-09-18 00:00:00",-0.388584697689455,1.08884662743185
"2025-09-18 01:00:00",0.635932544635281,0.933448038530377
"2025-09-18 02:00:00",1.25102581052768,0.372812043262496
"2025-09-18 03:00:00",1.77654176206221,0.600732588879613
"2025-09-18 04:00:00",2.14301253815094,0.190595175496554
"2025-09-18 05:00:00",1.96006336848936,-0.426042371589591
"2025-09-18 06:00:00",1.34859044550345,-0.70856012897167
"2025-09-18 07:00:00",0.837925188968767,-0.356208875590137
"2025-09-18 08:00:00",0.557155266718191,-0.218215877674658
"2025-09-18 09:00:00",0.587451176594529,0.193810043271995
"2025-09-18 10:00:00",0.758390670561783,0.146812797022756
"2025-09-18 11:00:00",0.350910865183329,-0.75861603858492
"2025-09-18 12:00:00",0.0386218403315228,-0.00035512255717679
"2025-09-18 13:00:00",0.067903184955558,0.0475974566909928
"2025-09-18 14:00:00",0.032942562447344,-0.0884246046859459
"2025-09-18 15:00:00",0.3023398844263,0.495097201923649
"2025-09-18 16:00:00",0.86443345096875,0.579657135485109
"2025-09-18 17:00:00",1.51632332038926,0.667952918290412
"2025-09-18 18:00:00",2.3466774335282,0.897207924162246
"2025-09-18 19:00:00",3.09126738738146,0.604440006532709
"2025-09-18 20:00:00",3.72291681351839,0.615789764032269
"2025-09-18 21:00:00",4.49011004160453,0.826873300453864
"2025-09-18 22:00:00",5.20025151268291,0.592790164978271
"2025-09-18 23:00:00",5.50910247931013,0.0981839478663994
"2025-09-19 00:00:00",5.77397579057511,0.356312059368102
"2025-09-19 01:00:00",5.89652738180869,-0.046549978446533
"2025-09-19 02:00:00",5.71945909263941,-0.263263093134968
"2025-09-19 03:00:00",5.32636399172309,-0.468338752658769
"2025-09-19 04:00:00",4.69444732348009,-0.717802023407337
"2025-09-19 05:00:00",3.86426227200055,-0.871705187587524
"2025-09-19 06:00:00",3.27354575859279,-0.380302900893539
"2025-09-19 07:00:00",3.33802176682311,0.353708131436687
"2025-09-19 08:00:00",3.52079698766714,0.0558351528141619
"2025-09-19 09:00:00",3.52589774813315,-0.0335008643376721
"2025-09-19 10:00:00",3.18378985386474,-0.53612914435928
"2025-09-19 11:00:00",2.50099288824643,-0.752230404469044
"2025-09-19 12:00:00",2.69302819192988,0.809186967763836
"2025-09-19 13:00:00",3.46392725707302,0.705271375899014
"2025-09-19 14:00:00",4.2967799521667,0.87386524326319
"2025-09-19 15:00:00",5.08592579801392,0.689630687362054
"2025-09-19 16:00:00",5.38092203427947,0.0113393177749467
"2025-09-19 17:00:00",4.67936344995855,-1.15041203517939
"2025-09-19 18:00:00",3.99427559060821,-0.34835186065751
"2025-09-19 19:00:00",3.94187185090979,0.142234857094771
"2025-09-19 20:00:00",4.20207312492575,0.321400145856489
"2025-09-19 21:00:00",4.48311543812672,0.235367823192991
"2025-09-19 22:00:00",4.59336559053501,0.0158238429961598
"2025-09-19 23:00:00",4.57717546514356,-0.0426820566232043
"2025-09-20 00:00:00",4.6346331376323,0.115587882916749
"2025-09-20 01:00:00",4.23203390733156,-0.734892375383866
"2025-09-20 02:00:00",3.87339744839357,-0.0962146295281247
"2025-09-20 03:00:00",3.89581434695378,0.095446766846171
"2025-09-20 04:00:00",3.7483662762636,-0.307388715945813
"2025-09-20 05:00:00",3.16327450259049,-0.747250958236909
"2025-09-20 06:00:00",2.71074005905712,-0.238632125452253
"2025-09-20 07:00:00",2.92222870900833,0.498021239856623
"2025-09-20 08:00:00",3.58478676531066,0.73699750818435
"2025-09-20 09:00:00",4.43491604750934,0.880532251795738
"2025-09-20 10:00:00",5.38523210254566,0.945964582197672
"2025-09-20 11:00:00",6.31165878381247,0.862439047178984
"2025-09-20 12:00:00",7.34621289891236,1.09200103075027
"2025-09-20 13:00:00",9.19672265832473,2.25877236177701
"2025-09-20 14:00:00",10.4787314137042,0.558072940617248
"2025-09-20 15:00:00",10.5478942872308,-0.27356108240295
"2025-09-20 16:00:00",9.89652089791199,-0.885883127174361
"2025-09-20 17:00:00",8.47803319530267,-1.71889840507158
"2025-09-20 18:00:00",7.47073076118692,-0.495971534855718
"2025-09-20 19:00:00",7.37180727161335,0.160844760621155
"2025-09-20 20:00:00",7.60233166432093,0.256523045496224
"2025-09-20 21:00:00",7.68011904687674,-0.0548604489858465
"2025-09-20 22:00:00",7.77643363428205,0.182622865454645
"2025-09-20 23:00:00",7.7755094724455,-0.133263540414874
"2025-09-21 00:00:00",7.55216845686638,-0.282798116345949
"2025-09-21 01:00:00",7.34819349103653,-0.151466019570535
"2025-09-21 02:00:00",7.01236241217468,-0.45224941307018
"2025-09-21 03:00:00",6.52283127214197,-0.50015909893412
"2025-09-21 04:00:00",6.24780998956582,-0.12026840052772
"2025-09-21 05:00:00",5.93091891846865,-0.440963075575166
"2025-09-21 06:00:00",5.80905805705519,0.0890185441019987
"2025-09-21 07:00:00",6.26206178247297,0.666644436756236
"2025-09-21 08:00:00",7.05084905193033,0.824662518009257
"2025-09-21 09:00:00",7.61580537987994,0.35588974076898
"2025-09-21 10:00:00",8.20477546046416,0.706553172819709
"2025-09-21 11:00:00",8.41038802424447,-0.148685409653851
"2025-09-21 12:00:00",8.53873504842923,0.296095632767871
"2025-09-21 13:00:00",7.95682702150604,-1.15058498319277
"2025-09-21 14:00:00",6.36706097037264,-1.81725695037001
"2025-09-21 15:00:00",4.98195162502361,-1.03940087512262
"2025-09-21 16:00:00",4.34658782641248,-0.342237944414262
"2025-09-21 17:00:00",3.29556398572869,-1.47919679776621
"2025-09-21 18:00:00",1.76620849032502,-1.4943667209758
"2025-09-21 19:00:00",1.19143929685663,0.0633221917529856
"2025-09-21 20:00:00",1.13017718232372,-0.142941061395873
"2025-09-21 21:00:00",0.93358289083995,-0.224476813707567
"2025-09-21 22:00:00",0.571777113084758,-0.437367105108481
"2025-09-21 23:00:00",0.154957391749161,-0.384051481388804
"2025-09-22 00:00:00",-0.166514862935473,-0.264676998217856
"2025-09-22 01:00:00",-0.701901789504804,-0.690201347311758
"2025-09-22 02:00:00",-1.04677651039951,-0.0973681703711433
"2025-09-22 03:00:00",-1.06258776864004,0.040659309556379
"2025-09-22 04:00:00",-1.20081880897917,-0.249551360704478
"2025-09-22 05:00:00",-1.81226179416417,-0.822097240819042
"2025-09-22 06:00:00",-2.65251881595892,-0.810099591473244
"2025-09-22 07:00:00",-3.51105814524369,-0.846616680448351
"2025-09-22 08:00:00",-4.37746798526193,-0.833909483650561
"2025-09-22 09:00:00",-4.84385441349364,-0.193572031778331
"2025-09-22 10:00:00",-4.63470689565834,0.473925891575248
"2025-09-22 11:00:00",-4.51836217215475,-0.121595053997694
"2025-09-22 12:00:00",-4.54880168374319,0.0375986302181011
"2025-09-22 13:00:00",-4.7628352366236,-0.365753201903956
"2025-09-22 14:00:00",-5.1269965422431,-0.339657979450764
"2025-09-22 15:00:00",-5.07297547488109,0.320508906084746
"2025-09-22 16:00:00",-4.83048627542049,0.185491024493836
"2025-09-22 17:00:00",-4.72228961027742,0.0577510712331591
"2025-09-22 18:00:00",-4.45656217136681,0.397833930792018
"2025-09-22 19:00:00",-4.22763159330688,0.111194319748186
"2025-09-22 20:00:00",-4.44085366777132,-0.413916129670416
"2025-09-22 21:00:00",-4.78041096506233,-0.268127571446903
"2025-09-22 22:00:00",-5.26985631850182,-0.607569901029402
"2025-09-22 23:00:00",-5.81018667817105,-0.463037891496802
"2025-09-23 00:00:00",-5.97627534543422,0.0472535425123892
"2025-09-23 01:00:00",-6.4616434654928,-0.809677840392877
"2025-09-23 02:00:00",-6.90527883055245,-0.17020346175219
"2025-09-23 03:00:00",-7.12789943826463,-0.238087880327961
"2025-09-23 04:00:00",-7.43877560063341,-0.335443247540105
"2025-09-23 05:00:00",-8.02216716420204,-0.711379679676491
"2025-09-23 06:00:00",-8.36605080510123,-0.0722119654525126
"2025-09-23 07:00:00",-8.08018515110258,0.521776334658259
"2025-09-23 08:00:00",-7.25495832102961,0.998721582244852
"2025-09-23 09:00:00",-6.2678024258192,0.941885261655962
"2025-09-23 10:00:00",-5.32393278967461,0.908417114599295
"2025-09-23 11:00:00",-4.49097623896427,0.749929195554199
"2025-09-23 12:00:00",-4.1190753169841,0.108000894335925
"2025-09-23 13:00:00",-3.89555592275964,0.29521674975414
"2025-09-23 14:00:00",-3.65831369638603,0.192339396000192
"2025-09-23 15:00:00",-3.50126981941567,0.130765391871368
"2025-09-23 16:00:00",-3.58591202257558,-0.219710973957606
"2025-09-23 17:00:00",-4.31683183000882,-1.03236630319114
"2025-09-23 18:00:00",-4.9026967808011,-0.254799839612482
"2025-09-23 19:00:00",-5.04127200126219,-0.0481908521619239
"2025-09-23 20:00:00",-5.24134443122669,-0.285321628485788
"2025-09-23 21:00:00",-5.45528298768401,-0.149430450207338
"2025-09-23 22:00:00",-5.62198814530019,-0.16327005862558
"2025-09-23 23:00:00",-5.8426519855081,-0.241195440925502
"2025-09-24 00:00:00",-5.96755319073419,-0.0339089849093841
"2025-09-24 01:00:00",-6.5973862127921,-0.989489971842909
"2025-09-24 02:00:00",-7.10104792112767,-0.147346632566442
"2025-09-24 03:00:00",-7.14660127368137,0.0336227320177968
"2025-09-24 04:00:00",-7.25216245653004,-0.184123611472713
"2025-09-24 05:00:00",-7.68630180078537,-0.570838553304641
"2025-09-24 06:00:00",-8.01705339882965,-0.145074696130565
"2025-09-24 07:00:00",-7.79130639489478,0.472560677735899
"2025-09-24 08:00:00",-7.11694049265221,0.786894852798454
"2025-09-24 09:00:00",-6.26571027293995,0.862840684670122
"2025-09-24 10:00:00",-5.46142239724495,0.73510805391161
"2025-09-24 11:00:00",-4.88343012215967,0.452821937524303
"2025-09-24 12:00:00",-4.39380012604287,0.497194150985617
"2025-09-24 13:00:00",-3.94065244061082,0.407912416597691
"2025-09-24 14:00:00",-3.61042303998608,0.267827217800627
"2025-09-24 15:00:00",-3.51261890902116,-0.0155378908449422
"2025-09-24 16:00:00",-3.73636447072511,-0.347389737648023
"2025-09-24 17:00:00",-4.36692222425696,-0.784554876325442
"2025-09-24 18:00:00",-4.76777922873547,-0.12038708473988
"2025-09-24 19:00:00",-4.77959256266807,0.0672730441834795
"2025-09-24 20:00:00",-4.76177489411675,-0.00983974631638704
"2025-09-24 21:00:00",-4.70931930374898,0.0976284589938551
"2025-09-24 22:00:00",-4.68877104941722,-0.025745711287962
"2025-09-24 23:00:00",-4.842942944488,-0.226419823779259
"2025-09-25 00:00:00",-4.99651226857764,-0.0914650348157564
"2025-09-25 01:00:00",-5.09102841169246,-0.0856203505889274
"2025-09-25 02:00:00",-5.21188427166649,-0.132042532499261
"2025-09-25 03:00:00",-5.31700799031566,-0.0754667232959422
"2025-09-25 04:00:00",-5.47387874250381,-0.19683331640247
"2025-09-25 05:00:00",-5.907003878732,-0.563014907857344
"2025-09-25 06:00:00",-6.35724698846128,-0.346056179663609
"2025-09-25 07:00:00",-6.3553708975453,0.241929785680859
"2025-09-25 08:00:00",-6.18925482002435,0.115870234151294
"2025-09-25 09:00:00",-5.90373709923313,0.393021960927891
"2025-09-25 10:00:00",-5.467845142057,0.451365695674265
"2025-09-25 11:00:00",-5.16666235686498,0.193796367058936
"2025-09-25 12:00:00",-5.04091488750596,0.081064604419911
"2025-09-25 13:00:00",-5.02837051192819,-0.0272354041975345
"2025-09-25 14:00:00",-5.04664581958482,-0.00495404374918305
"2025-09-25 15:00:00",-4.74902042287014,0.491701730817169
"2025-09-25 16:00:00",-4.58498889328552,-0.0560866830215128
"2025-09-25 17:00:00",-4.80562082915605,-0.313934431578576
"2025-09-25 18:00:00",-4.74319805128949,0.316549553062588
"2025-09-25 19:00:00",-4.07631337200677,0.87485961361066
"2025-09-25 20:00:00",-3.36051838192415,0.580992302788794
"2025-09-25 21:00:00",-2.85010121469999,0.443443526134659
"2025-09-25 22:00:00",-2.55906194086292,0.179280785912986
"2025-09-25 23:00:00",-2.71263756006933,-0.364880726006831
"2025-09-26 00:00:00",-2.90436952503641,-0.0636949369293009
"2025-09-26 01:00:00",-2.58733768769346,0.559522803489884
"2025-09-26 02:00:00",-2.12068849503351,0.385893661519521
"2025-09-26 03:00:00",-1.93323269426776,0.0489910615070625
"2025-09-26 04:00:00",-1.9905547546269,-0.122981213706881
"2025-09-26 05:00:00",-2.37869015296118,-0.543892900669649
"2025-09-26 06:00:00",-3.07561892221112,-0.762768179442452
"2025-09-26 07:00:00",-3.93903541951718,-0.885522015081011
"2025-09-26 08:00:00",-5.0967973159004,-1.27916015642026
"2025-09-26 09:00:00",-5.93954936004319,-0.50520347623586
"2025-09-26 10:00:00",-6.15337256826821,-0.00175856225603903
"2025-09-26 11:00:00",-6.31417896803135,-0.251265872531234
"2025-09-26 12:00:00",-6.51224469750956,-0.145051187512911
"2025-09-26 13:00:00",-5.74400440905853,1.34897634180391
"2025-09-26 14:00:00",-4.33625792731711,1.38743240359934
"2025-09-26 15:00:00",-3.43857496264405,0.534119225570559
"2025-09-26 16:00:00",-3.18516775233619,0.058658216411185
"2025-09-26 17:00:00",-3.15011506525767,0.0217546457839545
"2025-09-26 18:00:00",-2.79125285783174,0.570603104565821
"2025-09-26 19:00:00",-2.27079009964054,0.465901166419278
"2025-09-26 20:00:00",-2.1330086943961,-0.0845825566924553
"2025-09-26 21:00:00",-2.19402960309438,-0.0396651489157726
"2025-09-26 22:00:00",-2.28146481756693,-0.112299304115887
"2025-09-26 23:00:00",-2.24975516761313,0.129147059282742
"2025-09-27 00:00:00",-2.3640411148961,-0.268242054488653
"2025-09-27 01:00:00",-1.88585017375962,0.956127490163991
"2025-09-27 02:00:00",-1.55762123956779,-0.10353015409847
"2025-09-27 03:00:00",-1.78299354357228,-0.293882339368529
"2025-09-27 04:00:00",-2.24294431841296,-0.546507070067758
"2025-09-27 05:00:00",-3.00336144189109,-0.86399663299282
"2025-09-27 06:00:00",-3.81794040471057,-0.739056019276207
"2025-09-27 07:00:00",-4.19287853486315,-0.109460375323667
"2025-09-27 08:00:00",-4.15406108477355,0.141226006823883
"2025-09-27 09:00:00",-3.81487417222174,0.460393578935946
"2025-09-27 10:00:00",-3.210728103921,0.676186638013502
"2025-09-27 11:00:00",-2.49833094666758,0.706821770440934
"2025-09-27 12:00:00",-1.78199866648855,0.691852201649467
"2025-09-27 13:00:00",-0.758455975730906,1.19832412910861
"2025-09-27 14:00:00",-0.121975413189746,0.23265671467502
"2025-09-27 15:00:00",-0.0645469698833047,-0.0619602145453047
"2025-09-27 16:00:00",-0.340929965960223,-0.406112382512729
"2025-09-27 17:00:00",-1.10738838212421,-0.969824110714798
"2025-09-27 18:00:00",-1.65024493717607,-0.230993160990443
"2025-09-27 19:00:00",-1.63790965288015,0.176091838293686
"2025-09-27 20:00:00",-1.68514677123085,-0.19176529097491
"2025-09-27 21:00:00",-1.90492053661605,-0.225830785040525
"2025-09-27 22:00:00",-2.25573788199306,-0.415015022816
"2025-09-27 23:00:00",-2.67863199134853,-0.405144354619552
"2025-09-28 00:00:00",-3.09693409143241,-0.403744661608925
"2025-09-28 01:00:00",-3.39154478894393,-0.203865545010354
"2025-09-28 02:00:00",-3.68118966213707,-0.328696056888051
"2025-09-28 03:00:00",-4.02128184802229,-0.326784949693528
"2025-09-28 04:00:00",-4.52938346135679,-0.599650876643774
"2025-09-28 05:00:00",-5.3439963775525,-0.913372093183766
"2025-09-28 06:00:00",-6.00789145596019,-0.459145763195398
"2025-09-28 07:00:00",-5.96698358477549,0.380069150399166
"2025-09-28 08:00:00",-5.40966018247508,0.656696284498367
"2025-09-28 09:00:00",-4.4757870731975,1.08124834902138
"2025-09-28 10:00:00",-3.29404407779011,1.19835010557694
"2025-09-28 11:00:00",-2.15476365150584,1.05000812331083
"2025-09-28 12:00:00",-1.30044296276268,0.6860444541946
"2025-09-28 13:00:00",-0.445003819210289,0.929392853656221
"2025-09-28 14:00:00",0.0935524273340129,0.252984497920179
"2025-09-28 15:00:00",-0.00259771917203189,-0.324454198209453
"2025-09-28 16:00:00",-0.609724745553699,-0.766718758293246
"2025-09-28 17:00:00",-1.85971830721379,-1.51198673640792
"2025-09-28 18:00:00",-2.84677931182894,-0.587815505151814
"2025-09-28 19:00:00",-3.22099909021145,-0.210374004434129
"2025-09-28 20:00:00",-3.36894334711915,-0.0951443476303258
"2025-09-28 21:00:00",-3.34586522603114,0.105136315692266
"2025-09-28 22:00:00",-3.40150224969663,-0.1558621344409
"2025-09-28 23:00:00",-3.69783778221594,-0.371518045907598
"2025-09-29 00:00:00",-4.10278395631506,-0.403223416461332
"2025-09-29 01:00:00",-4.9019480722709,-1.01985752394696
"2025-09-29 02:00:00",-5.40365117196913,-0.126115420564853
"2025-09-29 03:00:00",-5.47733999636277,-0.0282735843676626
"2025-09-29 04:00:00",-5.6671562988019,-0.28143160149128
"2025-09-29 05:00:00",-6.14939833333714,-0.58589488825834
"2025-09-29 06:00:00",-6.57356784949076,-0.288274073955033
"2025-09-29 07:00:00",-6.27090801141267,0.690697587430089
"2025-09-29 08:00:00",-5.41757295504914,0.929288933525166
"2025-09-29 09:00:00",-4.44402666937613,0.963769455359749
"2025-09-29 10:00:00",-3.65477145689359,0.641136004332429
"2025-09-29 11:00:00",-3.02946979511072,0.589741201471508
"2025-09-29 12:00:00",-2.64002277568211,0.241317312320879
"2025-09-29 13:00:00",-2.17307171636294,0.598583721271327
"2025-09-29 14:00:00",-1.89773245056776,0.0495628720960253
"2025-09-29 15:00:00",-1.89312628671863,-0.0231379403286596
"2025-09-29 16:00:00",-2.18240792142824,-0.450521812265868
"2025-09-29 17:00:00",-2.87673475700949,-0.821054562946533
"2025-09-29 18:00:00",-3.52406244108126,-0.497044179997538
"2025-09-29 19:00:00",-4.02722632716117,-0.478792505172813
"2025-09-29 20:00:00",-4.28323641169685,-0.0901360813608278
"2025-09-29 21:00:00",-4.36326055956957,-0.063960917013463
"2025-09-29 22:00:00",-4.44056862410711,-0.0769099043170807
"2025-09-29 23:00:00",-4.63372699799971,-0.255755183899983
"2025-09-30 00:00:00",-4.95079876080516,-0.336910744012806
"2025-09-30 01:00:00",-5.88772914296773,-1.28603480261501
"2025-09-30 02:00:00",-6.65992522328553,-0.385361561393461
"2025-09-30 03:00:00",-6.96519970958084,-0.228795607745911
"2025-09-30 04:00:00",-7.28677767185191,-0.359175315202965
"2025-09-30 05:00:00",-7.83529290261145,-0.639284905400979
"2025-09-30 06:00:00",-8.34422368702108,-0.387748918563941
"2025-09-30 07:00:00",-8.28277169117759,0.36874637898021
"2025-09-30 08:00:00",-7.61757962712165,0.841882822987774
"2025-09-30 09:00:00",-6.65186176045917,1.01219885403375
"2025-09-30 10:00:00",-5.83913464333134,0.649699497851843
"2025-09-30 11:00:00",-5.37861257382671,0.320046487399392
"2025-09-30 12:00:00",-5.35924729349711,-0.175074836881446
"2025-09-30 13:00:00",-5.63433333650801,-0.321781238262859
"2025-09-30 14:00:00",-5.55077292866067,0.357073242800524
"2025-09-30 15:00:00",-5.29050234865511,0.19052137395468
"2025-09-30 16:00:00",-5.33977250364162,-0.199969866574052
"2025-09-30 17:00:00",-5.87906524578889,-0.732996515067021
"2025-09-30 18:00:00",-6.42236079948573,-0.383437591346249
"2025-09-30 19:00:00",-6.71007183497376,-0.201946741120748
"2025-09-30 20:00:00",-6.80196369010392,-0.00550996060321355
"2025-09-30 21:00:00",-6.87908786062576,-0.112436297971979
"2025-09-30 22:00:00",-7.05179183454722,-0.195810600615983
"2025-09-30 23:00:00",-7.34153592353911,-0.329509994474713
"2025-10-01 00:00:00",-7.76640458098094,-0.458790267640915
"2025-10-01 01:00:00",-8.23506494757674,-0.442962126777065
"2025-10-01 02:00:00",-8.35596243971344,0.110165273423275
"2025-10-01 03:00:00",-8.21483944684571,0.165822506406402
"2025-10-01 04:00:00",-7.93631039773378,0.351015558607303
"2025-10-01 05:00:00",-7.8893666184179,-0.147771355415461
"2025-10-01 06:00:00",-7.7424232671887,0.346600049711113
"2025-10-01 07:00:00",-7.17018232276812,0.705449994832118
"2025-10-01 08:00:00",-6.22878591616654,1.06319626806736
"2025-10-01 09:00:00",-5.51557191458549,0.454031351643022
"2025-10-01 10:00:00",-5.44898260265851,-0.187757952691699
"2025-10-01 11:00:00",-5.54227272343696,-0.0188580093245178
"2025-10-01 12:00:00",-6.16045091204122,-0.981201039609922
"2025-10-01 13:00:00",-6.53739756709275,0.0517333821856399
"2025-10-01 14:00:00",-6.56456608829145,-0.070053807901227
"2025-10-01 15:00:00",-6.54880222832038,0.080684653870642
"2025-10-01 16:00:00",-6.48575203580039,0.0567367371789785
"2025-10-01 17:00:00",-6.69923880900602,-0.375130467655341
"2025-10-01 18:00:00",-6.90246330279936,-0.0703327419316702
"2025-10-01 19:00:00",-7.04081394872321,-0.168226330512785
"2025-10-01 20:00:00",-7.02256558699673,0.150768332763556
"2025-10-01 21:00:00",-6.99326249733061,-0.0440155862547762
"2025-10-01 22:00:00",-7.16854117857217,-0.24544531354346
"2025-10-01 23:00:00",-7.45247759759757,-0.286866894994899
"2025-10-02 00:00:00",-8.02602387412068,-0.727804851704055
"2025-10-02 01:00:00",-8.56637785549789,-0.379369274438774
"2025-10-02 02:00:00",-8.59219493622979,0.222145804229704
"2025-10-02 03:00:00",-8.5632418966632,-0.0901439237347672
"2025-10-02 04:00:00",-8.87773866515525,-0.438083561876315
"2025-10-02 05:00:00",-9.48650419022418,-0.682183614474221
"2025-10-02 06:00:00",-10.2325217472402,-0.740898256273243
"2025-10-02 07:00:00",-10.2293756510916,0.512203358884452
"2025-10-02 08:00:00",-8.84468547112755,1.91372016623064
"2025-10-02 09:00:00",-6.90233864777534,1.88052908933408
"2025-10-02 10:00:00",-5.38793746420317,1.20725099334246
"2025-10-02 11:00:00",-4.58410696627334,0.50363341316599
"2025-10-02 12:00:00",-4.34015122729512,0.0651546573945438
"2025-10-02 13:00:00",-4.02438452827653,0.473426237539847
"2025-10-02 14:00:00",-3.5360293165727,0.480287171466154
"2025-10-02 15:00:00",-3.17389625912493,0.27071316198646
"2025-10-02 16:00:00",-3.5142630761304,-0.727482699323484
"2025-10-02 17:00:00",-4.65564066459752,-1.35853685500988
"2025-10-02 18:00:00",-6.0234148138605,-1.30293725458617
"2025-10-02 19:00:00",-7.18597567694027,-1.00597229355546
"2025-10-02 20:00:00",-7.89418115805416,-0.46678434349553
"2025-10-02 21:00:00",-8.27947596927885,-0.302488005806532
"2025-10-02 22:00:00",-8.35432988407591,0.0911254862306227
"2025-10-02 23:00:00",-8.50634621104116,-0.296119056743648
"2025-10-03 00:00:00",-8.85434418703183,-0.35508545645632
"2025-10-03 01:00:00",-9.47924497228357,-0.763670076298832
"2025-10-03 02:00:00",-9.80125738432569,-6.22116275194318e-05
"2025-10-03 03:00:00",-9.65154118692,0.255082221684423
"2025-10-03 04:00:00",-9.65764612087143,-0.167499723358207
"2025-10-03 05:00:00",-10.1247058696018,-0.632123875390889
"2025-10-03 06:00:00",-11.3706919827459,-1.58296557341238
"2025-10-03 07:00:00",-11.5462727947275,0.785655540863887
"2025-10-03 08:00:00",-9.95138678738854,2.07345438097956
"2025-10-03 09:00:00",-7.72588664875892,2.23393124054413
"2025-10-03 10:00:00",-5.93472433543218,1.42082868218965
"2025-10-03 11:00:00",-4.92541516948601,0.694653198219602
"2025-10-03 12:00:00",-4.15262858438654,0.794499175585572
"2025-10-03 13:00:00",-3.77077115461711,0.0939730240169804
"2025-10-03 14:00:00",-3.63604989079873,0.160343429073081
"2025-10-03 15:00:00",-3.53121882123726,0.067527348729014
"2025-10-03 16:00:00",-3.83901799579712,-0.538835893337193
"2025-10-03 17:00:00",-4.82182385229362,-1.2271315823315
"2025-10-03 18:00:00",-5.69551337128782,-0.590334915743425
"2025-10-03 19:00:00",-6.24136062125456,-0.482911783448211
"2025-10-03 20:00:00",-6.39369507613335,0.0833281295451664
"2025-10-03 21:00:00",-6.27447542164427,0.145720579450441
"2025-10-03 22:00:00",-6.16099179688776,0.0946852778641185
"2025-10-03 23:00:00",-6.04601537639132,0.130979041775157
"2025-10-04 00:00:00",-5.91534477513058,0.132046463842586
"2025-10-04 01:00:00",-6.03199108022107,-0.269273235746974
"2025-10-04 02:00:00",-6.24213284166203,-0.152962846314861
"2025-10-04 03:00:00",-6.03526389525944,0.4449660574569
"2025-10-04 04:00:00",-5.54186983741521,0.510010091769838
"2025-10-04 05:00:00",-5.36127931657809,-0.040459128830572
"2025-10-04 06:00:00",-5.66581896914017,-0.459210308179801
"2025-10-04 07:00:00",-6.03508525671514,-0.284456374871071
"2025-10-04 08:00:00",-6.5687842286263,-0.666720076717222
"2025-10-04 09:00:00",-7.31221923782764,-0.750785372125463
"2025-10-04 10:00:00",-7.28160356993034,0.559508542395017
"2025-10-04 11:00:00",-6.10437684285232,1.54247387156554
"2025-10-04 12:00:00",-6.94450882290633,-2.38072041547438
"2025-10-04 13:00:00",-7.08323921969381,1.37144538349226
"2025-10-04 14:00:00",-5.47292650437132,1.70216131636183
"2025-10-04 15:00:00",-4.86124350247025,-0.137304641266323
"2025-10-04 16:00:00",-4.60359748329246,0.51496301094851
"2025-10-04 17:00:00",-4.06037070439214,0.542187360545628
"2025-10-04 18:00:00",-3.65325163327581,0.302961206973915
"2025-10-04 19:00:00",-3.72491459591535,-0.313295243610973
"2025-10-04 20:00:00",-3.76466248969505,0.149302625341432
"2025-10-04 21:00:00",-3.74994074870599,-0.0708457713406026
"2025-10-04 22:00:00",-3.71384073428164,0.110512707113736
"2025-10-04 23:00:00",-3.49252753140307,0.289447928790095
"2025-10-05 00:00:00",-3.51828647365985,-0.230168798618505
"2025-10-05 01:00:00",-3.51856918342787,0.157519173976027
"2025-10-05 02:00:00",-2.98342993487895,0.765986247604407
"2025-10-05 03:00:00",-2.24986444008618,0.680937899109439
"2025-10-05 04:00:00",-1.93483240949803,0.0590279559063758
"2025-10-05 05:00:00",-1.93861908109162,-0.0429892249591678
"2025-10-05 06:00:00",-2.10033278247231,-0.230679386621447
"2025-10-05 07:00:00",-2.17752806924601,0.0315004662291894
"2025-10-05 08:00:00",-2.11061946350057,0.0901401321650907
"2025-10-05 09:00:00",-2.16979164464667,-0.153180480998821
"2025-10-05 10:00:00",-2.53902077815748,-0.492917617707957
"2025-10-05 11:00:00",-2.88940517122962,-0.235442037911913
"2025-10-05 12:00:00",-3.08319104694326,-0.153083715348943
"2025-10-05 13:00:00",-3.33924715904331,-0.308562607306459
"2025-10-05 14:00:00",-3.49988120976436,-0.050080514491646
"2025-10-05 15:00:00",-3.32746269524587,0.317065406866561
"2025-10-05 16:00:00",-3.34165890459359,-0.230071203624617
"2025-10-05 17:00:00",-3.57380681372937,-0.218194789521242
"2025-10-05 18:00:00",-3.71943351178071,-0.0857235095177803
"2025-10-05 19:00:00",-3.49195323209776,0.430262404040676
"2025-10-05 20:00:00",-3.16610580203746,0.245254279841091
"2025-10-05 21:00:00",-2.77432061413474,0.474933257864292
"2025-10-05 22:00:00",-2.23438530317986,0.561186878750365
"2025-10-05 23:00:00",-1.85637822851564,0.24080583632704
"2025-10-06 00:00:00",-1.57510784945203,0.297272617989284
"2025-10-06 01:00:00",-1.2142360040376,0.388151892352674
"2025-10-06 02:00:00",-0.73304141357632,0.521920608526898
"2025-10-06 03:00:00",-0.389015456098599,0.210028230561872
"2025-10-06 04:00:00",-0.139548737291509,0.264405385184538
"2025-10-06 05:00:00",-0.100095188320247,-0.112206791212543
"2025-10-06 06:00:00",-0.586943205771377,-0.713340924303974
"2025-10-06 07:00:00",-1.19613967180213,-0.510063044310294
"2025-10-06 08:00:00",-1.76003706142394,-0.57144896438108
"2025-10-06 09:00:00",-2.01332824286674,-0.0268853693703478
"2025-10-06 10:00:00",-2.15232901003908,-0.204543508642035
"2025-10-06 11:00:00",-2.2928341997212,-0.0883635008898074
"2025-10-06 12:00:00",-2.17972945344477,0.24499451110704
"2025-10-06 13:00:00",-1.96780167796398,0.182621776058958
"2025-10-06 14:00:00",-1.6788054607114,0.348714098348116
"2025-10-06 15:00:00",-1.26977440534207,0.431968088629839
"2025-10-06 16:00:00",-1.42508491916109,-0.537806479813743
"2025-10-06 17:00:00",-2.21348479929556,-0.916158708154402
"2025-10-06 18:00:00",-2.81348790452845,-0.357872218721626
"2025-10-06 19:00:00",-2.92910403297072,0.0550046530213442
"2025-10-06 20:00:00",-2.86418219124107,0.0722225755830509
"2025-10-06 21:00:00",-2.83087813926987,0.00946699387600675
"2025-10-06 22:00:00",-2.82766102727704,0.00254557668267892
"2025-10-06 23:00:00",-2.89901989918139,-0.113593031709755
"2025-10-07 00:00:00",-2.998850141702,-0.0821756715044558
"2025-10-07 01:00:00",-3.09916158062187,-0.103770705735604
"2025-10-07 02:00:00",-3.16865785612812,-0.0393510572853968
"2025-10-07 03:00:00",-2.84065376100403,0.561399963598013
"2025-10-07 04:00:00",-2.24691420138004,0.590745257557695
"2025-10-07 05:00:00",-1.70465931451176,0.487056279914663
"2025-10-07 06:00:00",-1.64938083752002,-0.232998705055975
"2025-10-07 07:00:00",-1.90910261167344,-0.263069655551728
"2025-10-07 08:00:00",-2.2759052844063,-0.41606655952074
"2025-10-07 09:00:00",-2.68198099455032,-0.377186078149113
"2025-10-07 10:00:00",-3.23015560701572,-0.632660146748729
"2025-10-07 11:00:00",-3.41978882506332,0.118886686330127
"2025-10-07 12:00:00",-2.90359769024706,0.760933942145695
"2025-10-07 13:00:00",-2.09859040799802,0.799877146842643
"2025-10-07 14:00:00",-1.53113487016021,0.388249530777626
"2025-10-07 15:00:00",-1.09933471707553,0.442287558317654
"2025-10-07 16:00:00",-0.981511689837765,-0.102665278855728
"2025-10-07 17:00:00",-0.953534993528643,0.115005210678305
"2025-10-07 18:00:00",-0.608474797440022,0.483259275130805
"2025-10-07 19:00:00",0.0579724614487646,0.757685448808553
"2025-10-07 20:00:00",0.636073704908808,0.430834761888466
"2025-10-07 21:00:00",0.878650144854223,0.10472629601914
"2025-10-07 22:00:00",1.02780281491401,0.170549888145542
"2025-10-07 23:00:00",1.20626694914848,0.173935285890388
"2025-10-08 00:00:00",1.74957601944713,0.7621820075918
"2025-10-08 01:00:00",2.37040529900942,0.494839816737623
"2025-10-08 02:00:00",2.79954298574302,0.361890166442399
"2025-10-08 03:00:00",3.19591863822756,0.396922592602983
"2025-10-08 04:00:00",3.5118595923474,0.242822550176966
"2025-10-08 05:00:00",3.5882676647708,-0.0426892661276129
"2025-10-08 06:00:00",3.35623735928261,-0.351853425623931
"2025-10-08 07:00:00",2.814624864914,-0.646704156179539
"2025-10-08 08:00:00",2.03096763833088,-0.841345755214551
"2025-10-08 09:00:00",1.25011851574622,-0.706030363835848
"2025-10-08 10:00:00",0.705843880856028,-0.412186622298392
"2025-10-08 11:00:00",0.29291455302672,-0.394711867587891
"2025-10-08 12:00:00",-0.214863122404705,-0.559401785665471
"2025-10-08 13:00:00",-0.268542071050647,0.286291568870254
"2025-10-08 14:00:00",-0.15473777099049,-0.00624713297269289
"2025-10-08 15:00:00",-0.0838288188589622,0.119175318964777
"2025-10-08 16:00:00",-0.0596991194511527,-0.040271581812102
"2025-10-08 17:00:00",-0.0025278138371785,0.119492316362889
"2025-10-08 18:00:00",0.273001490879156,0.36646248639058
"2025-10-08 19:00:00",0.640797873401496,0.350856395349289
"2025-10-08 20:00:00",0.942261323375698,0.253384297838067
"2025-10-08 21:00:00",1.25814421872052,0.341323176444229
"2025-10-08 22:00:00",1.15537502374388,-0.395563482478301
"2025-10-08 23:00:00",0.981171043747537,-0.0198442239297296
"2025-10-09 00:00:00",1.52451472443492,0.891712259410401
"2025-10-09 01:00:00",2.17302683219906,0.453600053518043
"2025-10-09 02:00:00",2.54473416136163,0.296649656540648
"2025-10-09 03:00:00",2.64009716511954,-0.0466365508772022
"2025-10-09 04:00:00",2.60276477080755,-0.0327577344926885
"2025-10-09 05:00:00",2.14677977311889,-0.719817532545895
"2025-10-09 06:00:00",1.25061527242396,-0.973908328084197
"2025-10-09 07:00:00",0.472905421385613,-0.611568343365001
"2025-10-09 08:00:00",-0.0200920848291272,-0.391134077422566
"2025-10-09 09:00:00",-0.306100032406795,-0.202308241758835
"2025-10-09 10:00:00",-0.365173995580562,0.039615537045337
"2025-10-09 11:00:00",-0.553769191788146,-0.331300628163801
"2025-10-09 12:00:00",-1.46471792282936,-1.25337298216266
"2025-10-09 13:00:00",-1.96501700454434,0.0274030153222267
"2025-10-09 14:00:00",-2.01188861046456,-0.0916277617952832
"2025-10-09 15:00:00",-1.91478155529328,0.220906184822249
"2025-10-09 16:00:00",-1.77283141617445,0.0850356652424187
"2025-10-09 17:00:00",-1.55583958240419,0.296934275547541
"2025-10-09 18:00:00",-0.897036207111027,0.870744297398232
"2025-10-09 19:00:00",-0.484430923281444,0.088733618733304
"2025-10-09 20:00:00",-0.321042229240923,0.206018012472717
"2025-10-09 21:00:00",0.26619263002591,0.813883796671018
"2025-10-09 22:00:00",0.896959285428105,0.478373984919213
"2025-10-09 23:00:00",1.25753818013488,0.263759867400856
"2025-10-10 00:00:00",1.60609237792743,0.386899265784536
"2025-10-10 01:00:00",1.86481242318216,0.158904862708858
"2025-10-10 02:00:00",2.1189704803855,0.303178696334814
"2025-10-10 03:00:00",2.51663437292404,0.439025729447072
"2025-10-10 04:00:00",2.89164104313931,0.311265019094527
"2025-10-10 05:00:00",2.78124210040207,-0.389983566216278
"2025-10-10 06:00:00",1.72564899003522,-1.45274809300939
"2025-10-10 07:00:00",0.817851977834566,-0.503588168481108
"2025-10-10 08:00:00",0.452696491118359,-0.256570519320555
"2025-10-10 09:00:00",0.404379953238195,0.0922297300703594
"2025-10-10 10:00:00",-0.207950349697221,-1.05345258851426
"2025-10-10 11:00:00",-0.844746967506032,-0.328502538002947
"2025-10-10 12:00:00",-1.35449729820102,-0.605268603844942
"2025-10-10 13:00:00",-1.52911287189326,0.122524610546074
"2025-10-10 14:00:00",-1.12475351521735,0.575001521606346
"2025-10-10 15:00:00",-0.590675846962504,0.482865885688356
"2025-10-10 16:00:00",0.0175400028935364,0.66364019556966
"2025-10-10 17:00:00",0.589205437104188,0.483162187567024
"2025-10-10 18:00:00",0.936172479125999,0.238924915355235
"2025-10-10 19:00:00",1.29354230975869,0.418143439755798
"2025-10-10 20:00:00",1.81634311154195,0.566061185551377
"2025-10-10 21:00:00",2.37947189959811,0.532073839576253
"2025-10-10 22:00:00",2.39944037028608,-0.325444401323008
"2025-10-10 23:00:00",2.25556118291596,-0.0190926202085389
"2025-10-11 00:00:00",3.02738408464615,1.2595079653795
"2025-10-11 01:00:00",3.61957097466475,0.11527228189412
"2025-10-11 02:00:00",3.71573633008151,0.0741937405563536
"2025-10-11 03:00:00",3.86467903814197,0.186908766961271
"2025-10-11 04:00:00",3.94954792962846,0.00783053443550236
"2025-10-11 05:00:00",3.8609703563219,-0.153728779188767
"2025-10-11 06:00:00",3.70078102942794,-0.161859421608298
"2025-10-11 07:00:00",3.11517320476367,-0.845043085770164
"2025-10-11 08:00:00",2.28647602469555,-0.782435135170347
"2025-10-11 09:00:00",1.47824075510482,-0.78997459089169
"2025-10-11 10:00:00",0.892174445176575,-0.424185114991402
"2025-10-11 11:00:00",0.435843092170058,-0.457226895472013
"2025-10-11 12:00:00",0.328828280858566,0.130979612847421
"2025-10-11 13:00:00",0.524595993225111,0.229232565767351
"2025-10-11 14:00:00",1.08616177286874,0.755756271962615
"2025-10-11 15:00:00",1.5141189670963,0.187692297088045
"2025-10-11 16:00:00",1.44219467562953,-0.243532381366037
"2025-10-11 17:00:00",1.09075815359958,-0.408529767483431
"2025-10-11 18:00:00",1.38695590463798,0.750527478950489
"2025-10-11 19:00:00",1.99380511084215,0.480441001253726
"2025-10-11 20:00:00",2.17450948984671,-0.03027282124334
"2025-10-11 21:00:00",1.60002576106,-0.912787831195206
"2025-10-11 22:00:00",0.793214023587536,-0.699884814113698
"2025-10-11 23:00:00",0.859271969150847,0.572516653830045
"2025-10-12 00:00:00",1.75672367955946,1.07031783572685
"2025-10-12 01:00:00",2.31685737885701,0.191135793448696
"2025-10-12 02:00:00",2.48056334611166,0.134655031019276
"2025-10-12 03:00:00",2.55792664353079,0.0322967569398858
"2025-10-12 04:00:00",2.40041233251765,-0.279864037451161
"2025-10-12 05:00:00",2.04006864380943,-0.399965742662731
"2025-10-12 06:00:00",1.46448292986864,-0.667941075337863
"2025-10-12 07:00:00",0.86752987520551,-0.523148808709522
"2025-10-12 08:00:00",0.57307686139953,-0.129117406031415
"2025-10-12 09:00:00",-0.0725320698203661,-0.959990334872417
"2025-10-12 10:00:00",-1.01129106280912,-0.879902315966438
"2025-10-12 11:00:00",-1.76455469473684,-0.631741521364601
"2025-10-12 12:00:00",-2.09394762937469,-0.109904280681039
"2025-10-12 13:00:00",-1.98504507588352,0.252294581988776
"2025-10-12 14:00:00",-1.61034761946434,0.441050530942599
"2025-10-12 15:00:00",-1.10445327302712,0.527158138505341
"2025-10-12 16:00:00",-0.672856000421577,0.348805074689347
"2025-10-12 17:00:00",-0.230275656575727,0.48493203861456
"2025-10-12 18:00:00",0.407192529720153,0.709161885524028
"2025-10-12 19:00:00",0.819382263650791,0.194099949744747
"2025-10-12 20:00:00",0.6497323855204,-0.405139861864535
"2025-10-12 21:00:00",0.249458777050023,-0.37884599213271
"2025-10-12 22:00:00",-0.293878630588187,-0.62749890402014
"2025-10-12 23:00:00",-0.795449716195546,-0.393407600006384
"2025-10-13 00:00:00",-0.485184154934379,0.765654462174273
"2025-10-13 01:00:00",0.251785102948014,0.683451012494536
"2025-10-13 02:00:00",0.757926879968779,0.363561637851151
"2025-10-13 03:00:00",1.14824649049479,0.388633559031086
"2025-10-13 04:00:00",1.2710410593298,-0.0617431720783485
"2025-10-13 05:00:00",1.09247721778605,-0.249595589865193
"2025-10-13 06:00:00",0.099988851460478,-1.44198719437971
"2025-10-13 07:00:00",-1.20958992505536,-1.15920649415154
"2025-10-13 08:00:00",-2.08341045087015,-0.640484368881639
"2025-10-13 09:00:00",-2.38191819290846,-0.0536576097821859
"2025-10-13 10:00:00",-2.26711582298244,0.224721118501178
"2025-10-13 11:00:00",-1.9687119342782,0.336266339429509
"2025-10-13 12:00:00",-1.71426975775947,0.190339601978537
"2025-10-13 13:00:00",-1.45373637453879,0.297157067684415
"2025-10-13 14:00:00",-1.25384999436209,0.127415157820818
"2025-10-13 15:00:00",-1.30254509284657,-0.162170285199423
"2025-10-13 16:00:00",-1.98290745047805,-0.991809061504765
"2025-10-13 17:00:00",-2.68136498150099,-0.467147732325066
"2025-10-13 18:00:00",-2.96044207239651,-0.136982024288203
"2025-10-13 19:00:00",-3.31344251096172,-0.476421112733006
"2025-10-13 20:00:00",-3.85990907310165,-0.562925311368091
"2025-10-13 21:00:00",-4.14534919912104,-0.081915337364578
"2025-10-13 22:00:00",-4.27794329886854,-0.154736904677844
"2025-10-13 23:00:00",-4.27999877894424,0.105340629261072
"2025-10-14 00:00:00",-4.35868175049993,-0.192109145462372
"2025-10-14 01:00:00",-4.57346482612378,-0.214075841419498
"2025-10-14 02:00:00",-4.52164471319031,0.232511973305219
"2025-10-14 03:00:00",-4.16678803654632,0.425382443448083
"2025-10-14 04:00:00",-3.85839402788806,0.221117657538916
"2025-10-14 05:00:00",-3.39042656444073,0.61526561451262
"2025-10-14 06:00:00",-2.94156427574497,0.32096785558299
"2025-10-14 07:00:00",-2.69339899301225,0.191628887110881
"2025-10-14 08:00:00",-2.51781266880127,0.160018416087574
"2025-10-14 09:00:00",-2.64633884486389,-0.311534060840289
"2025-10-14 10:00:00",-3.26151099518404,-0.784951474324818
"2025-10-14 11:00:00",-3.67044393791352,-0.134623161287894
"2025-10-14 12:00:00",-3.31920970988059,0.66317297021051
"2025-10-14 13:00:00",-2.92160192515309,0.205950374437034
"2025-10-14 14:00:00",-2.6983885917015,0.227879587570205
"2025-10-14 15:00:00",-2.49431333780012,0.181985573383132
"2025-10-14 16:00:00",-2.23432503812612,0.302848922250071
"2025-10-14 17:00:00",-1.88665394500657,0.363910069702848
"2025-10-14 18:00:00",-1.45422160469355,0.459995308762515
"2025-10-14 19:00:00",-1.0471219824981,0.354365218728376
"2025-10-14 20:00:00",-0.84934767021363,0.0853333486300566
"2025-10-14 21:00:00",-1.28121290851657,-0.755042041321271
"2025-10-14 22:00:00",-1.75274992795129,-0.25847876618081
"2025-10-14 23:00:00",-1.67479565220068,0.300793426409628
"2025-10-15 00:00:00",-1.72438529052745,-0.278659795946314
"2025-10-15 01:00:00",-1.68463682211472,0.2523502687533
"2025-10-15 02:00:00",-1.26801184167871,0.508512667321428
"2025-10-15 03:00:00",-0.841739752896721,0.352823742443788
"2025-10-15 04:00:00",-0.833066145992223,-0.220083439020459
"2025-10-15 05:00:00",-0.611898752364231,0.505893393930742
"2025-10-15 06:00:00",-0.274659964301018,0.20956740512199
"2025-10-15 07:00:00",-0.339283131100404,-0.243989013315322
"2025-10-15 08:00:00",-0.507599810305656,-0.109433810391581
"2025-10-15 09:00:00",-0.767031914882862,-0.34644713858541
"2025-10-15 10:00:00",-1.03175016675174,-0.19666561360666
"2025-10-15 11:00:00",-1.44719390897593,-0.540222233180945
"2025-10-15 12:00:00",-1.53244256097958,0.223977748510077
"2025-10-15 13:00:00",-1.48628644703182,-0.0726082477907873
"2025-10-15 14:00:00",-1.23227769756118,0.461594621900964
"2025-10-15 15:00:00",-0.941304093764074,0.164989210960419
"2025-10-15 16:00:00",-1.12233010022195,-0.4018837174053
"2025-10-15 17:00:00",-1.2626789970047,0.0421202209048023
"2025-10-15 18:00:00",-0.962752534936654,0.459169153069626
"2025-10-15 19:00:00",-0.495624126737841,0.45147744557791
"2025-10-15 20:00:00",-0.0215353831878122,0.467272954014393
"2025-10-15 21:00:00",0.401006356084997,0.372670272273378
"2025-10-15 22:00:00",0.624865276270737,0.113498662724085
"2025-10-15 23:00:00",0.753825678694382,0.132334740473826
"2025-10-16 00:00:00",0.985091243713413,0.285257365254376
"2025-10-16 01:00:00",1.03749274416146,-0.106592587539841
"2025-10-16 02:00:00",0.905107983389689,-0.144625322050193
"2025-10-16 03:00:00",1.07090122953127,0.363690752036484
"2025-10-16 04:00:00",0.854420597150513,-0.594347952863099
"2025-10-16 05:00:00",0.327645633538856,-0.457796060886208
"2025-10-16 06:00:00",0.124936550776078,-0.0234435705148862
"2025-10-16 07:00:00",-0.0138531580033069,-0.209251628866302
"2025-10-16 08:00:00",-0.391647619484934,-0.472184048711997
"2025-10-16 09:00:00",-1.09647275545044,-0.825919058590831
"2025-10-16 10:00:00",-1.43436081810424,0.0049295663445465
"2025-10-16 11:00:00",-1.5501595192013,-0.188931860731428
"2025-10-16 12:00:00",-1.99442445449543,-0.591375393504139
"2025-10-16 13:00:00",-2.12168704626816,0.190758153723334
"2025-10-16 14:00:00",-1.66664233948603,0.612343327406594
"2025-10-16 15:00:00",-1.26429475341196,0.245381121982957
"2025-10-16 16:00:00",-1.30424705500151,-0.226643694828684
"2025-10-16 17:00:00",-1.59283974965984,-0.314496943059634
"2025-10-16 18:00:00",-1.71020779060313,0.0216787850147224
"2025-10-16 19:00:00",-1.46876331881777,0.378682932289216
"2025-10-16 20:00:00",-0.803925879417609,0.8259038790495
"2025-10-16 21:00:00",-0.0399238598009128,0.687465861676363
"2025-10-16 22:00:00",0.00437862766704067,-0.386519624586522
"2025-10-16 23:00:00",-0.286579498339132,-0.213431036759019
"2025-10-17 00:00:00",-0.0314219623973744,0.555788998054289
"2025-10-17 01:00:00",0.319320570787263,0.197420632022848
"2025-10-17 02:00:00",0.202056288583438,-0.321889829170032
"2025-10-17 03:00:00",0.210898925998214,0.22864665462521
"2025-10-17 04:00:00",0.362747439540682,0.0931631114138581
"2025-10-17 05:00:00",0.319499978022055,-0.132598648833378
"2025-10-17 06:00:00",0.154692626245736,-0.178859624153964
"2025-10-17 07:00:00",-0.186535661276458,-0.433456619973233
"2025-10-17 08:00:00",-0.669977264659713,-0.493551158851932
"2025-10-17 09:00:00",-0.981922793732919,-0.175190375749934
"2025-10-17 10:00:00",-1.3278905838831,-0.442112006024725
"2025-10-17 11:00:00",-1.63536441437234,-0.201394491838991
"2025-10-17 12:00:00",-2.45379273744805,-1.18877874305349
"2025-10-17 13:00:00",-2.87907999526557,0.107069782145619
"2025-10-17 14:00:00",-2.86408769406738,-0.0433941026225106
"2025-10-17 15:00:00",-2.92120384028609,-0.059859247094941
"2025-10-17 16:00:00",-3.18049962659639,-0.376165411101158
"2025-10-17 17:00:00",-3.04613741748451,0.472421772596197
"2025-10-17 18:00:00",-2.5081879542315,0.559996078322731
"2025-10-17 19:00:00",-2.13754905731244,0.230022428652865
"2025-10-17 20:00:00",-2.08749410460302,-0.0695454784733066
"2025-10-17 21:00:00",-2.51106481333841,-0.636765794132441
"2025-10-17 22:00:00",-2.93326926110725,-0.255867337905338
"2025-10-17 23:00:00",-3.26264070451444,-0.358942034469391
"2025-10-18 00:00:00",-3.3848033518643,0.045696923129525
"2025-10-18 01:00:00",-3.66135706775205,-0.473880544622753
"2025-10-18 02:00:00",-3.98581403967703,-0.204706945799603
"2025-10-18 03:00:00",-4.52198690423757,-0.726531714408709
"2025-10-18 04:00:00",-5.18151378093953,-0.577690434383699
"2025-10-18 05:00:00",-5.8236061089373,-0.64783750688532
"2025-10-18 06:00:00",-6.80749605175975,-1.1536630204395
"2025-10-18 07:00:00",-7.39682597338498,-0.176337528962284
"2025-10-18 08:00:00",-7.18034332258442,0.477602743476695
"2025-10-18 09:00:00",-6.60512456620858,0.622213531402024
"2025-10-18 10:00:00",-6.02011174126897,0.540924674699699
"2025-10-18 11:00:00",-5.63851714792143,0.265000695320904
"2025-10-18 12:00:00",-5.25778349209269,0.447061208156634
"2025-10-18 13:00:00",-5.03127319306839,0.0754903791099206
"2025-10-18 14:00:00",-4.96350789048176,0.0658784517741275
"2025-10-18 15:00:00",-4.99746644701849,-0.092505793114127
"2025-10-18 16:00:00",-5.94068926518741,-1.45909685533719
"2025-10-18 17:00:00",-6.85222577733253,-0.495531680848263
"2025-10-18 18:00:00",-7.4727033370533,-0.665458960587923
"2025-10-18 19:00:00",-8.39119934554141,-1.03390888817993
"2025-10-18 20:00:00",-9.21575988415841,-0.635001882606811
"2025-10-18 21:00:00",-9.49567164777075,-0.0180124056013267
"2025-10-18 22:00:00",-9.580613596706,-0.113288421988348
"2025-10-18 23:00:00",-9.61004785426734,0.0402118073608024
"2025-10-19 00:00:00",-10.3723137569161,-1.24863614427431
"2025-10-19 01:00:00",-11.5365125109865,-1.03922041767286
"2025-10-19 02:00:00",-11.7495805390105,0.362681673570713
"2025-10-19 03:00:00",-11.4385377186213,0.276977403863139
"2025-10-19 04:00:00",-11.1289377366048,0.331375657445075
"2025-10-19 05:00:00",-10.9451697405953,0.0909727161278529
"2025-10-19 06:00:00",-11.319090586148,-0.651972269328508
"2025-10-19 07:00:00",-11.5168519388352,0.129024027703108
"2025-10-19 08:00:00",-11.1092350706209,0.588813161510457
"2025-10-19 09:00:00",-10.0428682673671,1.34837276088712
"2025-10-19 10:00:00",-8.39478956007547,1.78250484828729
"2025-10-19 11:00:00",-6.86003649801063,1.30747500790068
"2025-10-19 12:00:00",-5.55822687281836,1.24501142379556
"2025-10-19 13:00:00",-4.73112693973459,0.516356033741807
"2025-10-19 14:00:00",-4.43999359415232,0.133249466008467
"2025-10-19 15:00:00",-4.60429843249262,-0.349142003337915
"2025-10-19 16:00:00",-5.27443784384876,-0.846356391569483
"2025-10-19 17:00:00",-5.88120126165244,-0.411407844449495
"2025-10-19 18:00:00",-6.13027932080012,-0.121445512704738
"2025-10-19 19:00:00",-6.21479124129435,-0.0479745386739115
"2025-10-19 20:00:00",-6.21721087090335,0.0360731283837727
"2025-10-19 21:00:00",-6.26474340770911,-0.0929985179339825
"2025-10-19 22:00:00",-6.42239307958963,-0.185185580166519
"2025-10-19 23:00:00",-6.62259568012299,-0.192424411489417
"2025-10-20 00:00:00",-6.96894305715809,-0.423968899431475
"2025-10-20 01:00:00",-7.2886646430081,-0.226051438097673
"2025-10-20 02:00:00",-7.43010159243924,-0.0689151097729496
"2025-10-20 03:00:00",-7.40133712964504,0.102090604423736
"2025-10-20 04:00:00",-7.37573607440656,-0.017070330121486
"2025-10-20 05:00:00",-7.49244240915661,-0.168079063168128
"2025-10-20 06:00:00",-7.78591839787051,-0.35347200638207
"2025-10-20 07:00:00",-7.7908976023284,0.23761491053977
"2025-10-20 08:00:00",-7.12073949284443,0.936709199922511
"2025-10-20 09:00:00",-6.04257473800727,1.13040892117186
"2025-10-20 10:00:00",-4.90259380414994,1.09997744200491
"2025-10-20 11:00:00",-3.74281453551853,1.15085197452372
"2025-10-20 12:00:00",-2.51891993009911,1.21925315877633
"2025-10-20 13:00:00",-1.56895807676052,0.728541644852775
"2025-10-20 14:00:00",-1.2345905828024,0.0577219946125387
"2025-10-20 15:00:00",-1.19918878627307,0.020430533537668
"2025-10-20 16:00:00",-1.21493170904888,-0.0375647894918378
"2025-10-20 17:00:00",-1.21718648595546,0.0229575346735169
"2025-10-20 18:00:00",-1.0849978132979,0.200295140334372
"2025-10-20 19:00:00",-0.945963755941363,0.092985340424351
"2025-10-20 20:00:00",-0.681380825637541,0.367625543029035
"2025-10-20 21:00:00",-0.164724153483875,0.592335909513838
"2025-10-20 22:00:00",0.253608142067309,0.282665228922597
"2025-10-20 23:00:00",0.287659768156491,-0.133632882761522
"2025-10-21 00:00:00",-0.0962232608113265,-0.532842440887219
"2025-10-21 01:00:00",-0.437864621323521,-0.197817558389295
"2025-10-21 02:00:00",-0.632433572145705,-0.182593227141928
"2025-10-21 03:00:00",-0.625736908951779,0.133384519456531
"2025-10-21 04:00:00",-0.412732485142581,0.256767950990929
"2025-10-21 05:00:00",-0.350394249551886,-0.0697098103556527
"2025-10-21 06:00:00",-0.650233888537776,-0.438557226924959
"2025-10-21 07:00:00",-0.786599694888058,0.0724096379385706
"2025-10-21 08:00:00",-0.32351086718678,0.702545142023252
"2025-10-21 09:00:00",0.643112980776976,1.09715687222595
"2025-10-21 10:00:00",1.73565083111092,1.03671314549014
"2025-10-21 11:00:00",2.66469450591972,0.810881131136102
"2025-10-21 12:00:00",2.75216004318593,-0.402393389666471
"2025-10-21 13:00:00",2.49306049496854,-0.154806113482886
"2025-10-21 14:00:00",2.22256198341782,-0.33798410415919
"2025-10-21 15:00:00",2.09721943152174,0.0195082995130857
"2025-10-21 16:00:00",1.91618690294157,-0.308824071591984
"2025-10-21 17:00:00",1.67716396137708,-0.183600615344258
"2025-10-21 18:00:00",1.83585273835393,0.377175871494744
"2025-10-21 19:00:00",2.19194490446444,0.3227496575137
"2025-10-21 20:00:00",2.233134509871,-0.151295756038294
"2025-10-21 21:00:00",1.95274243590596,-0.356008386816053
"2025-10-21 22:00:00",1.62725043781034,-0.292197207846619
"2025-10-21 23:00:00",1.47182554999638,-0.0589560601057825
"2025-10-22 00:00:00",1.52347972788619,0.121041928249236
"2025-10-22 01:00:00",1.37274171489541,-0.326721752402983
"2025-10-22 02:00:00",1.11123113722469,-0.207379290784837
"2025-10-22 03:00:00",1.0716356995967,0.0727081950875665
"2025-10-22 04:00:00",1.29050817090543,0.304532090074693
"2025-10-22 05:00:00",1.45004025193848,0.0536232378506871
"2025-10-22 06:00:00",1.15418812127836,-0.516641582292709
"2025-10-22 07:00:00",1.05470154046721,0.181852307255346
"2025-10-22 08:00:00",1.51287799923794,0.61925810997839
"2025-10-22 09:00:00",2.3080016897052,0.872632173458277
"2025-10-22 10:00:00",2.98838493073834,0.51691399820392
"2025-10-22 11:00:00",3.52289203195831,0.516985384526395
"2025-10-22 12:00:00",3.6297526469362,-0.176168805545706
"2025-10-22 13:00:00",3.18479717713932,-0.607676834642013
"2025-10-22 14:00:00",2.59028818572453,-0.56158380834959
"2025-10-22 15:00:00",2.38910812995354,0.045307162424462
"2025-10-22 16:00:00",1.98822885512441,-0.682360938405029
"2025-10-22 17:00:00",1.79389637544805,0.137686855780417
"2025-10-22 18:00:00",1.87505537435202,0.0373061677367186
"2025-10-22 19:00:00",1.68784810143371,-0.330400587861288
"2025-10-22 20:00:00",1.5965163051299,0.0702097774406908
"2025-10-22 21:00:00",1.52252667765195,-0.168662262865155
"2025-10-22 22:00:00",1.5547038553674,0.162576913866895
"2025-10-22 23:00:00",1.52427678992325,-0.159651719162845
"2025-10-23 00:00:00",1.62286350126694,0.264093800146501
"2025-10-23 01:00:00",1.473573157543,-0.419872146311239
"2025-10-23 02:00:00",1.29589371618929,-0.00967599554223292
"2025-10-23 03:00:00",1.75469702709086,0.747645645649506
"2025-10-23 04:00:00",1.91322859061655,-0.243998929403686
"2025-10-23 05:00:00",1.67077702007432,-0.232364250653296
"2025-10-23 06:00:00",1.6740742275286,0.158092552265323
"2025-10-23 07:00:00",2.12116855858805,0.616356085500987
"2025-10-23 08:00:00",2.73675624432735,0.5830897681758
"2025-10-23 09:00:00",3.45045477407152,0.763328497450039
"2025-10-23 10:00:00",3.54248016433281,-0.364321674923862
"2025-10-23 11:00:00",3.83509832592676,0.712100795054942
"2025-10-23 12:00:00",3.80530827255048,-0.527901875368797
"2025-10-23 13:00:00",3.01847212877272,-0.926969626136842
"2025-10-23 14:00:00",2.33333368460191,-0.495252634064362
"2025-10-23 15:00:00",2.26790222746895,0.221213685678951
"2025-10-23 16:00:00",2.42311260011717,0.10091100197383
"2025-10-23 17:00:00",2.81919854719303,0.570921754162938
"2025-10-23 18:00:00",3.34658455150864,0.469668810973836
"2025-10-23 19:00:00",3.37035904607805,-0.278925499184508
"2025-10-23 20:00:00",3.36653828188746,0.175417821313903
"2025-10-23 21:00:00",3.34158940052786,-0.161676976057065
"2025-10-23 22:00:00",3.20813332338172,-0.112606673240557
"2025-10-23 23:00:00",3.30525536380321,0.228189654895501
"2025-10-24 00:00:00",3.09512007891977,-0.496620613906207
"2025-10-24 01:00:00",3.02961209558764,0.221020115859735
"2025-10-24 02:00:00",3.27033199018692,0.238510058715141
"2025-10-24 03:00:00",3.31885732927614,-0.084649027339138
"2025-10-24 04:00:00",3.29727116870125,0.0172041350239347
"2025-10-24 05:00:00",3.19183327944623,-0.18643636470641
"2025-10-24 06:00:00",2.65941545584046,-0.741881058793858
"2025-10-24 07:00:00",1.99723018469494,-0.581015937230606
"2025-10-24 08:00:00",1.38555556113588,-0.605620639318552
"2025-10-24 09:00:00",0.772399972232164,-0.590827465076926
"2025-10-24 10:00:00",-0.148137086812199,-1.09759171989452
"2025-10-24 11:00:00",-0.826115435086174,-0.365832846947313
"2025-10-24 12:00:00",-1.53146291415777,-0.897104552016433
"2025-10-24 13:00:00",-1.90334074843754,-0.00208777821958667
"2025-10-24 14:00:00",-1.9581842163527,-0.0849545700186718
"2025-10-24 15:00:00",-2.01773876608791,-0.0372681876483807
"2025-10-24 16:00:00",-2.19305196359286,-0.25641082796089
"2025-10-24 17:00:00",-2.14647649323353,0.249175640958903
"2025-10-24 18:00:00",-1.65310133999352,0.635493145194589
"2025-10-24 19:00:00",-1.32050566995702,0.116992881408384
"2025-10-24 20:00:00",-1.40062979384975,-0.206024193817203
"2025-10-24 21:00:00",-1.48904640910571,-0.004006542561659
"2025-10-24 22:00:00",-1.78202464158864,-0.469781852000211
"2025-10-24 23:00:00",-2.16839645433012,-0.310109610843257
"2025-10-25 00:00:00",-2.18551879662433,0.181807029315569
"2025-10-25 01:00:00",-2.18395261165113,-0.115850520053848
"2025-10-25 02:00:00",-2.25042256215976,-0.027577286356599
"2025-10-25 03:00:00",-2.20484337315972,0.0950833387870968
"2025-10-25 04:00:00",-2.10311395539613,0.104167097185015
"2025-10-25 05:00:00",-1.92776265021879,0.217184123512383
"2025-10-25 06:00:00",-1.9850364158759,-0.235036878551444
"2025-10-25 07:00:00",-1.95316441604367,0.210851615402491
"2025-10-25 08:00:00",-1.59642400428825,0.439562728730335
"2025-10-25 09:00:00",-1.25081664790245,0.268605606296807
"2025-10-25 10:00:00",-1.04106987016445,0.162152987077465
"2025-10-25 11:00:00",-0.789870552471502,0.299967222219021
"2025-10-25 12:00:00",-0.929110430690187,-0.424405247128225
"2025-10-25 13:00:00",-1.46381812767308,-0.581635206321784
"2025-10-25 14:00:00",-1.53910097129983,0.26774335176236
"2025-10-25 15:00:00",-1.65319607960768,-0.361244771971249
"2025-10-25 16:00:00",-1.82283782960248,-0.0317169938751075
"2025-10-25 17:00:00",-1.69901829361036,0.223973878575805
"2025-10-25 18:00:00",-1.32274690207477,0.462110522806742
"2025-10-25 19:00:00",-0.615291097305495,0.839103200938916
"2025-10-25 20:00:00",-0.33927249866132,-0.111688153190128
"2025-10-25 21:00:00",-0.317499716829048,0.11014779039554
"2025-10-25 22:00:00",-0.288724286157485,-0.0264301530014902
"2025-10-25 23:00:00",-0.221345976750683,0.127086501690265
"2025-10-26 00:00:00",-0.155201429274807,0.0226593441164676
"2025-10-26 01:00:00",-0.536260026249005,-0.63189168819677
"2025-10-26 02:00:00",-1.09704763628047,-0.486046403744879
"2025-10-26 03:00:00",-1.51528519020059,-0.35174438794502
"2025-10-26 04:00:00",-1.83509169143906,-0.281365347544458
"2025-10-26 05:00:00",-2.28088495937323,-0.531861527115804
"2025-10-26 06:00:00",-2.97220037206946,-0.761826202976746
"2025-10-26 07:00:00",-3.39645501246659,-0.175220465381557
"2025-10-26 08:00:00",-3.1606072635641,0.503057914583977
"2025-10-26 09:00:00",-2.94785776450272,0.0131768535154226
"2025-10-26 10:00:00",-3.13367144193185,-0.305843444852401
"2025-10-26 11:00:00",-3.78644345074428,-0.848996465326808
"2025-10-26 12:00:00",-6.80585586485353,-4.31797217987015
"2025-10-26 13:00:00",-9.45741842492644,-1.40587105521849
"2025-10-26 14:00:00",-8.84440180511904,1.94197560882347
"2025-10-26 15:00:00",-5.95132234511128,3.40105755306558
"2025-10-26 16:00:00",-3.73827718695394,1.3235566526863
"2025-10-26 17:00:00",-2.67183413082434,0.849177329511363
"2025-10-26 18:00:00",-1.82060962716405,0.815582535902138
"2025-10-26 19:00:00",-1.34274401288208,0.23236296996012
"2025-10-26 20:00:00",-1.20920336951618,0.0630446949392701
"2025-10-26 21:00:00",-1.27135937434133,-0.141109938942885
"2025-10-26 22:00:00",-1.53843403341959,-0.336720234804185
"2025-10-26 23:00:00",-1.76269342077179,-0.13664767555046
"2025-10-27 00:00:00",-2.09891812618421,-0.451025227745646
"2025-10-27 01:00:00",-2.7544840121692,-0.758067292614334
"2025-10-27 02:00:00",-3.21538635284953,-0.237344523759225
"2025-10-27 03:00:00",-3.54450736293988,-0.370521347950423
"2025-10-27 04:00:00",-3.47186443977755,0.369196266255738
"2025-10-27 05:00:00",-3.2533367307708,0.112173235885558
"2025-10-27 06:00:00",-3.21423630790007,-0.00727975342506768
"2025-10-27 07:00:00",-3.45315689330597,-0.377849991737018
"2025-10-27 08:00:00",-4.04704449329806,-0.70523935667862
"2025-10-27 09:00:00",-4.60340600812317,-0.425458353154416
"2025-10-27 10:00:00",-4.5754774672976,0.334786141477203
"2025-10-27 11:00:00",-4.50897919542959,-0.109621298090151
"2025-10-27 12:00:00",-4.28875021523315,0.435470558500598
"2025-10-27 13:00:00",-5.39404414516356,-2.07440356362362
"2025-10-27 14:00:00",-5.9128384421693,0.54986452342255
"2025-10-27 15:00:00",-5.41532701699126,0.446587784626571
"2025-10-27 16:00:00",-4.91358246272764,0.521650700313096
"2025-10-27 17:00:00",-4.41772596210105,0.461429497078343
"2025-10-27 18:00:00",-3.89914635158633,0.537729134529469
"2025-10-27 19:00:00",-3.43327613873783,0.400851645116695
"2025-10-27 20:00:00",-3.12145298037351,0.242078306165561
"2025-10-27 21:00:00",-2.83179421465004,0.311636428050715
"2025-10-27 22:00:00",-2.34161227360109,0.589566177128727
"2025-10-27 23:00:00",-1.67099371609499,0.695802592586453
"2025-10-28 00:00:00",-0.992452569269858,0.636943106991203
"2025-10-28 01:00:00",-0.639067532207903,0.148835760739849
"2025-10-28 02:00:00",-0.68164398025385,-0.167335724246984
"2025-10-28 03:00:00",-0.842369852899443,-0.147803425803499
"2025-10-28 04:00:00",-0.955594856449498,-0.0837072583540566
"2025-10-28 05:00:00",-1.12414623959376,-0.215872347745423
"2025-10-28 06:00:00",-1.40746831773209,-0.313375951671441
"2025-10-28 07:00:00",-1.69074363055209,-0.24793384126215
"2025-10-28 08:00:00",-1.84576400496777,-0.0835339572212873
"2025-10-28 09:00:00",-2.0539473832093,-0.279010403224253
"2025-10-28 10:00:00",-2.61938146231163,-0.726864195674012
"2025-10-28 11:00:00",-3.65224038597624,-1.18439584361345
"2025-10-28 12:00:00",-4.93837746720387,-1.28814075750296
"2025-10-28 13:00:00",-5.40357710027165,0.111888064968129
"2025-10-28 14:00:00",-4.29186807540748,1.73238038751561
"2025-10-28 15:00:00",-2.76564389038892,1.32179433106283
"2025-10-28 16:00:00",-1.79074177357955,0.700881626086663
"2025-10-28 17:00:00",-1.30599506461157,0.319931890864084
"2025-10-28 18:00:00",-0.761216141859952,0.67046976448578
"2025-10-28 19:00:00",-0.166513849786853,0.516912527112375
"2025-10-28 20:00:00",0.232743594520312,0.302064160731305
"2025-10-28 21:00:00",0.482932270047845,0.203416886117601
"2025-10-28 22:00:00",0.650430203692608,0.13497067169977
"2025-10-28 23:00:00",0.725219586501946,0.0302771170807813
"2025-10-29 00:00:00",0.601604564620705,-0.221268454688663
"2025-10-29 01:00:00",0.322569549010483,-0.3050610654231
"2025-10-29 02:00:00",0.150391739605968,-0.07582435301555
"2025-10-29 03:00:00",0.168170896711018,0.079141793678005
"2025-10-29 04:00:00",0.20431191813954,0.00554022230893499
"2025-10-29 05:00:00",0.019556303083116,-0.303101168689465
"2025-10-29 06:00:00",-0.499521194162067,-0.638418252594779
"2025-10-29 07:00:00",-0.870453267360371,-0.174340834601135
"2025-10-29 08:00:00",-0.648607344292033,0.476545648351832
"2025-10-29 09:00:00",-0.13931720576884,0.507754082061495
"2025-10-29 10:00:00",0.390669688281634,0.519803405063306
"2025-10-29 11:00:00",1.04971258635574,0.720046946851837
"2025-10-29 12:00:00",1.65233687391582,0.494354864607604
"2025-10-29 13:00:00",1.71540112408818,-0.229583930654988
"2025-10-29 14:00:00",1.6931794831676,0.114863047521148
"2025-10-29 15:00:00",1.71353803585629,-0.0457926275097767
"2025-10-29 16:00:00",1.47240472976198,-0.36210778089841
"2025-10-29 17:00:00",1.42458250204214,0.162073078466555
"2025-10-29 18:00:00",1.68687336853968,0.314801991174388
"2025-10-29 19:00:00",1.59833517195189,-0.35539352748661
"2025-10-29 20:00:00",1.35622299472394,-0.157147146848953
"2025-10-29 21:00:00",1.17277732402707,-0.194008126138242
"2025-10-29 22:00:00",1.10553434951864,0.0189498046508486
"2025-10-29 23:00:00",1.15354176916149,0.0636729669126483
"2025-10-30 00:00:00",1.47807756704114,0.481533229577205
"2025-10-30 01:00:00",1.91506612679559,0.384622555588063
"2025-10-30 02:00:00",2.18587798058985,0.179602784556696
"2025-10-30 03:00:00",2.59819036160639,0.545039956338583
"2025-10-30 04:00:00",3.03732425500713,0.344315668241075
"2025-10-30 05:00:00",3.22886364724192,0.0766745522854403
"2025-10-30 06:00:00",3.30929387532649,0.0749512772294696
"2025-10-30 07:00:00",3.43817904917904,0.154451614604671
"2025-10-30 08:00:00",3.19786851932388,-0.496491863078366
"2025-10-30 09:00:00",2.62357558260054,-0.602990170291674
"2025-10-30 10:00:00",1.36363580666167,-1.64140797328519
"2025-10-30 11:00:00",-0.528596211803813,-1.97128474680549
"2025-10-30 12:00:00",-1.64147790148329,-0.487058092874518
"2025-10-30 13:00:00",-1.36907451626214,0.767873242923416
"2025-10-30 14:00:00",-0.85773358615437,0.317787871409757
"2025-10-30 15:00:00",-0.50087773858808,0.367048435831145
"2025-10-30 16:00:00",-0.301868975571517,0.0781728692569931
"2025-10-30 17:00:00",-0.0317058415169844,0.385705488067222
"2025-10-30 18:00:00",0.337746959996412,0.34110255672377
"2025-10-30 19:00:00",0.6236252256189,0.235042723439739
"2025-10-30 20:00:00",0.404450205921564,-0.512370272478988
"2025-10-30 21:00:00",-0.0278116839555655,-0.35883757019707
"2025-10-30 22:00:00",-0.38098518483526,-0.332579102753935
"2025-10-30 23:00:00",-0.712008497965494,-0.313765186667088
"2025-10-31 00:00:00",-1.04704916633227,-0.332385674722942
"2025-10-31 01:00:00",-1.38874300295442,-0.330312878466915
"2025-10-31 02:00:00",-1.7469447791546,-0.357983013927377
"2025-10-31 03:00:00",-2.17377351203766,-0.450191370240963
"2025-10-31 04:00:00",-2.63316126682928,-0.44088764823524
"2025-10-31 05:00:00",-3.1318953685625,-0.510205147836311
"2025-10-31 06:00:00",-4.07445053972301,-1.18195828327203
"2025-10-31 07:00:00",-4.93692678160908,-0.603257180135661
"2025-10-31 08:00:00",-4.95306751382536,0.382392313726851
"2025-10-31 09:00:00",-4.38698426013495,0.668024398355679
"2025-10-31 10:00:00",-3.51149735444989,0.977843378851316
"2025-10-31 11:00:00",-2.32696138737943,1.27056520814332
"2025-10-31 12:00:00",-1.01780570275439,1.27567050955483
"2025-10-31 13:00:00",-0.129255815078063,0.589562057799857
"2025-10-31 14:00:00",0.228710347174518,0.186727746013227
"2025-10-31 15:00:00",0.155446345171419,-0.243402159844884
"2025-10-31 16:00:00",-0.350638549963502,-0.657355235842424
"2025-10-31 17:00:00",-0.617278236074907,0.00695532007737359
"2025-10-31 18:00:00",-0.575246276770482,0.064214080374297
"2025-10-31 19:00:00",-0.600510105648129,-0.0829729788829568
"2025-10-31 20:00:00",-0.717329336230691,-0.133058027355244
"2025-10-31 21:00:00",-0.763766663090488,0.0144398496607138
"2025-10-31 22:00:00",-0.732791321914468,0.0415110738662591
"2025-10-31 23:00:00",-0.678675912952235,0.0608908991871965
"2025-11-01 00:00:00",-0.628535816642633,0.0414649292703338
"2025-11-01 01:00:00",-0.88626498756975,-0.444131478336961
"2025-11-01 02:00:00",-1.07044173429667,-0.000982525119370276
"2025-11-01 03:00:00",-1.18593240624133,-0.18496073651922
"2025-11-01 04:00:00",-1.20984926121707,0.0861086180871606
"2025-11-01 05:00:00",-1.0718770701063,0.167549978424374
"2025-11-01 06:00:00",-1.39995625621871,-0.641521713438878
"2025-11-01 07:00:00",-1.74965678723155,-0.136734843942157
"2025-11-01 08:00:00",-1.25834661380895,0.888907627812912
"2025-11-01 09:00:00",-0.134255940948232,1.22908215192161
"2025-11-01 10:00:00",1.22388524784285,1.37981409704114
"2025-11-01 11:00:00",2.64348994544305,1.37709552009764
"2025-11-01 12:00:00",3.74002713649008,0.853988335778246
"2025-11-01 13:00:00",4.31998054752876,0.364888154567213
"2025-11-01 14:00:00",4.46918648609912,-0.00723665233702581
"2025-11-01 15:00:00",4.3026836072231,-0.270525432201092
"2025-11-01 16:00:00",4.18589923833206,-0.0142869611216914
"2025-11-01 17:00:00",4.10758143137136,-0.122676635352215
"2025-11-01 18:00:00",4.18265228675774,0.198039956205448
"2025-11-01 19:00:00",4.55477637551491,0.465105369531504
"2025-11-01 20:00:00",4.87617177711578,0.204448608530397
"2025-11-01 21:00:00",5.23067619596003,0.431410698204975
"2025-11-01 22:00:00",5.43664881309863,0.0391551916424824
"2025-11-01 23:00:00",4.9890768896461,-0.757788491558055
"2025-11-02 00:00:00",4.36206686883541,-0.516459637584505
"2025-11-02 01:00:00",4.12434680033068,-0.0462214670390587
"2025-11-02 02:00:00",4.00489220894967,-0.16791405860703
"2025-11-02 03:00:00",3.67320289304096,-0.430269998013281
"2025-11-02 04:00:00",3.2298788186383,-0.435693443025699
"2025-11-02 05:00:00",2.98006815749413,-0.118182067863095
"2025-11-02 06:00:00",3.18550661703381,0.407579423035577
"2025-11-02 07:00:00",3.16984663043692,-0.301175499048829
"2025-11-02 08:00:00",3.08568979942319,0.0604342623747856
"2025-11-02 09:00:00",3.06511020013388,-0.0775862041937754
"2025-11-02 10:00:00",2.83584754672048,-0.323433850020121
"2025-11-02 11:00:00",2.40095622907513,-0.492183544458257
"2025-11-02 12:00:00",1.79333556606582,-0.658797559048537
"2025-11-02 13:00:00",1.54939327095768,0.0419043006008961
"2025-11-02 14:00:00",1.67146135122602,0.167712558174657
"2025-11-02 15:00:00",1.59358473717226,-0.240053151376157
"2025-11-02 16:00:00",1.15790392462232,-0.547447262088168
"2025-11-02 17:00:00",1.076915819451,0.232335840176433
"2025-11-02 18:00:00",1.32450354382798,0.244602556675253
"2025-11-02 19:00:00",1.07946754303863,-0.561518982020179
"2025-11-02 20:00:00",1.21464280672642,0.591815801085219
"2025-11-02 21:00:00",1.55758287668929,0.159164246479448
"2025-11-02 22:00:00",1.55654474938418,-0.109795667142861
"2025-11-02 23:00:00",1.56483736387334,0.0846169877982814
"2025-11-03 00:00:00",1.85623845295975,0.413391190344449
"2025-11-03 01:00:00",1.71263899303773,-0.510488467564705
"2025-11-03 02:00:00",1.65751911702831,0.248866413310965
"2025-11-03 03:00:00",1.63255350137227,-0.20846673647094
"2025-11-03 04:00:00",1.53497434894774,-0.0211221492286961
"2025-11-03 05:00:00",1.43031258109338,-0.157358406474655
"2025-11-03 06:00:00",1.28899040567079,-0.12575909113413
"2025-11-03 07:00:00",1.34688858734869,0.17592202126964
"2025-11-03 08:00:00",1.27268330984519,-0.23916339786375
"2025-11-03 09:00:00",0.736875540403424,-0.70974607294507
"2025-11-03 10:00:00",0.524070955915893,0.127646941288074
"2025-11-03 11:00:00",0.579773393844713,0.00441798716375542
"2025-11-03 12:00:00",0.78661221304716,0.331207817338806
"2025-11-03 13:00:00",0.938282740822575,0.0237601143669062
"2025-11-03 14:00:00",0.919523406468386,-0.0474227896990704
"2025-11-03 15:00:00",0.635662829658524,-0.429179124416572
"2025-11-03 16:00:00",-0.0946269213226327,-0.897142986883999
"2025-11-03 17:00:00",-0.486306107674592,-0.0359747387118656
"2025-11-03 18:00:00",-0.0103299101065509,0.795279619190357
"2025-11-03 19:00:00",0.682265017190962,0.591241268970647
"2025-11-03 20:00:00",1.18911670088245,0.425628481593566
"2025-11-03 21:00:00",1.77900910882072,0.669836241655333
"2025-11-03 22:00:00",2.2981278269226,0.391681456989851
"2025-11-03 23:00:00",2.48877634222247,0.0446079681199328
"2025-11-04 00:00:00",2.32404634010033,-0.299665451500264
"2025-11-04 01:00:00",2.18789990116225,-0.0236607720739914
"2025-11-04 02:00:00",2.1735525865564,-0.0102759910771561
"2025-11-04 03:00:00",1.81773469172779,-0.57206786124156
"2025-11-04 04:00:00",1.43995731850714,-0.232643158618455
"2025-11-04 05:00:00",1.30117285097487,-0.0714736389749103
"2025-11-04 06:00:00",1.14316324415726,-0.209867447193065
"2025-11-04 07:00:00",1.1995931344723,0.229803859227021
"2025-11-04 08:00:00",1.72522532986791,0.696324256566225
"2025-11-04 09:00:00",2.29454066870046,0.455367542043342
"2025-11-04 10:00:00",2.83226026595901,0.564111214246658
"2025-11-04 11:00:00",3.64007627685134,0.928246592041632
"2025-11-04 12:00:00",3.80891141084929,-0.350144133553431
"2025-11-04 13:00:00",3.78831345184245,0.195166430627321
"2025-11-04 14:00:00",3.92516393622649,0.0865891930408594
"2025-11-04 15:00:00",3.61146766726147,-0.570700035070889
"2025-11-04 16:00:00",3.0792264862619,-0.48596434122263
"2025-11-04 17:00:00",2.8595326816802,-0.0357112847798961
"2025-11-04 18:00:00",2.53198251183257,-0.510225944317227
"2025-11-04 19:00:00",2.03317291442564,-0.470758418362266
"2025-11-04 20:00:00",1.63716128416459,-0.329983000499062
"2025-11-04 21:00:00",1.31138901550686,-0.309594311659932
"2025-11-04 22:00:00",1.07061760623151,-0.185138797802126
"2025-11-04 23:00:00",0.970002288074746,-0.0408657025508222
"2025-11-05 00:00:00",0.659272549454095,-0.477120316934291
"2025-11-05 01:00:00",0.197000522087481,-0.431256001178363
"2025-11-05 02:00:00",-0.191740572952761,-0.342179430626201
"2025-11-05 03:00:00",-0.381849824332286,-0.0794499007629494
"2025-11-05 04:00:00",-0.211713992470279,0.328930811197517
"2025-11-05 05:00:00",-0.298815662953428,-0.360040138961462
"2025-11-05 06:00:00",-0.661587504504105,-0.346969208518552
"2025-11-05 07:00:00",-1.03445686928258,-0.371564812305614
"2025-11-05 08:00:00",-0.805263961043179,0.620133179503021
"2025-11-05 09:00:00",-0.0388856585315062,0.828493257776583
"2025-11-05 10:00:00",1.01838909493122,1.15960226258185
"2025-11-05 11:00:00",2.222378317784,1.17505494355834
"2025-11-05 12:00:00",3.48136773077136,1.25225466500098
"2025-11-05 13:00:00",4.5302478212587,0.858971150557014
"2025-11-05 14:00:00",5.13503268724557,0.400753562816511
"2025-11-05 15:00:00",4.68064520128204,-1.00949665746404
"2025-11-05 16:00:00",3.56270961847531,-1.1431348559124
"2025-11-05 17:00:00",2.71228762256841,-0.619462774647588
"2025-11-05 18:00:00",2.28905805066432,-0.275793093801258
"2025-11-05 19:00:00",1.80248244782284,-0.606922809604102
"2025-11-05 20:00:00",1.09994878643557,-0.735211874375958
"2025-11-05 21:00:00",0.367348940483618,-0.697463238545239
"2025-11-05 22:00:00",-0.404161138392752,-0.784685505520709
"2025-11-05 23:00:00",-1.17466118616619,-0.723908768560843
"2025-11-06 00:00:00",-1.76376184389931,-0.469722755728329
"2025-11-06 01:00:00",-2.09272304898814,-0.217216957363829
"2025-11-06 02:00:00",-2.1442744096592,0.0640368641443782
"2025-11-06 03:00:00",-1.9993838790978,0.194670061116059
"2025-11-06 04:00:00",-1.69091185680289,0.372256718595398
"2025-11-06 05:00:00",-1.45162614849203,0.141448065787279
"2025-11-06 06:00:00",-1.65708403957847,-0.425090832063811
"2025-11-06 07:00:00",-1.89545247941502,-0.100426523726332
"2025-11-06 08:00:00",-1.2919326176683,1.0465731119572
"2025-11-06 09:00:00",-0.109573181591905,1.21836193968079
"2025-11-06 10:00:00",1.04256613536277,1.05338392411092
"2025-11-06 11:00:00",1.79156982691911,0.509151347809283
"2025-11-06 12:00:00",2.71629524547509,1.15551914744979
"2025-11-06 13:00:00",3.4834013591526,0.468215874295252
"2025-11-06 14:00:00",3.69381496413861,0.0240609167163708
"2025-11-06 15:00:00",3.21924091087806,-0.789200125079374
"2025-11-06 16:00:00",2.07813331849691,-1.32563220381773
"2025-11-06 17:00:00",1.00071297532997,-0.863428119011598
"2025-11-06 18:00:00",0.250766300164385,-0.639946189033309
"2025-11-06 19:00:00",-0.189944144044773,-0.287269719758588
"2025-11-06 20:00:00",-0.303872210765804,0.00728963081794214
"2025-11-06 21:00:00",-0.101433178934517,0.323308228206695
"2025-11-06 22:00:00",0.0692552993681194,0.0609633985175267
"2025-11-06 23:00:00",-0.0796202488707755,-0.281780585486378
"2025-11-07 00:00:00",-0.516220805923611,-0.518962549906726
"2025-11-07 01:00:00",-1.00579668787664,-0.446055570166592
"2025-11-07 02:00:00",-1.30763967678532,-0.190063443813097
"2025-11-07 03:00:00",-1.35740274222412,0.0478186661324536
"2025-11-07 04:00:00",-1.35409336665074,-0.0247710991546286
"2025-11-07 05:00:00",-1.40873802450546,-0.0702184690368288
"2025-11-07 06:00:00",-1.7466768817292,-0.498542166876447
"2025-11-07 07:00:00",-2.24852864868288,-0.477959696075413
"2025-11-07 08:00:00",-2.12928477934821,0.51460389917704
"2025-11-07 09:00:00",-1.51146819539248,0.660009417036148
"2025-11-07 10:00:00",-0.839671933436103,0.649678370466644
"2025-11-07 11:00:00",-0.26132494691814,0.504392855254724
"2025-11-07 12:00:00",0.52586219583756,0.938643594788988
"2025-11-07 13:00:00",1.28428987793763,0.601568152291775
"2025-11-07 14:00:00",1.69593375123832,0.263813845822691
"2025-11-07 15:00:00",1.1422435967909,-1.07455797768338
"2025-11-07 16:00:00",0.12521487034421,-0.931819879608445
"2025-11-07 17:00:00",-0.724026699455211,-0.753996232018929
"2025-11-07 18:00:00",-1.42347649170805,-0.628915731812013
"2025-11-07 19:00:00",-2.23115714237876,-0.886640496938052
"2025-11-07 20:00:00",-2.58352415451072,0.0234286011939938
"2025-11-07 21:00:00",-2.410674469826,0.267577467896535
"2025-11-07 22:00:00",-2.30452615074259,-0.00340700883701198
"2025-11-07 23:00:00",-2.45517882799047,-0.238686275444989
"2025-11-08 00:00:00",-3.50775001229084,-1.54197070925238
"2025-11-08 01:00:00",-4.68025556322709,-0.865962829065274
"2025-11-08 02:00:00",-5.66361911996377,-1.00886962390006
"2025-11-08 03:00:00",-6.35954802656632,-0.446937080440376
"2025-11-08 04:00:00",-6.53731111649008,0.0183252762037688
"2025-11-08 05:00:00",-6.50093769924124,0.0551008170508223
"2025-11-08 06:00:00",-6.33748933072396,0.236288966635388
"2025-11-08 07:00:00",-6.03256583884228,0.344355761112165
"2025-11-08 08:00:00",-4.99741276819028,1.45426055209585
"2025-11-08 09:00:00",-3.67439286590858,1.17909820426912
"2025-11-08 10:00:00",-2.81050064158549,0.617441661298924
"2025-11-08 11:00:00",-2.3838284005068,0.282841186503955
"2025-11-08 12:00:00",-2.74396604173016,-0.768597644227985
"2025-11-08 13:00:00",-3.04095664475661,0.0350574396551283
"2025-11-08 14:00:00",-3.01286695044194,0.0260283685822622
"2025-11-08 15:00:00",-3.55195477214303,-0.886326103645061
"2025-11-08 16:00:00",-4.30905444517461,-0.630396252854691
"2025-11-08 17:00:00",-4.30967773670663,0.424800496753968
"2025-11-08 18:00:00",-4.49085444441236,-0.570991846466202
"2025-11-08 19:00:00",-5.07501744992885,-0.559397683700269
"2025-11-08 20:00:00",-5.3024459149631,0.0112275047903942
"2025-11-08 21:00:00",-5.34037068011378,-0.062057521800834
"2025-11-08 22:00:00",-5.43603809435219,-0.106645997847886
"2025-11-08 23:00:00",-5.67494198863182,-0.308716919689445
"2025-11-09 00:00:00",-5.93167270397069,-0.202561447725236
"2025-11-09 01:00:00",-6.50440648207747,-0.784651689892022
"2025-11-09 02:00:00",-6.74939722083292,0.134800497059205
"2025-11-09 03:00:00",-6.74089005756395,-0.067393979862538
"2025-11-09 04:00:00",-6.72717787039027,0.0758167381032955
"2025-11-09 05:00:00",-6.52397292316077,0.287141427497488
"2025-11-09 06:00:00",-6.17106067849982,0.388395314712791
"2025-11-09 07:00:00",-5.81658920257756,0.32296371107303
"2025-11-09 08:00:00",-5.52136912310518,0.270191200950208
"2025-11-09 09:00:00",-5.32286601153051,0.148393932120301
"2025-11-09 10:00:00",-4.74187612672993,0.848633065759958
"2025-11-09 11:00:00",-4.1013585592758,0.477449625961146
"2025-11-09 12:00:00",-3.89829534388073,0.0157775943200998
"2025-11-09 13:00:00",-3.66915545998533,0.365513751328933
"2025-11-09 14:00:00",-3.27391982484916,0.400996603684573
"2025-11-09 15:00:00",-2.95598700303703,0.251668699157283
"2025-11-09 16:00:00",-2.57524045922247,0.452513226034176
"2025-11-09 17:00:00",-2.06807716261115,0.522814430671141
"2025-11-09 18:00:00",-1.46841706452713,0.625059129508224
"2025-11-09 19:00:00",-0.923215992022607,0.467947859432057
"2025-11-09 20:00:00",-0.906190425282818,-0.283203603416359
"2025-11-09 21:00:00",-1.02627278095902,-0.00446274675251462
"2025-11-09 22:00:00",-0.793315316306183,0.381487390663968
"2025-11-09 23:00:00",-0.521051386343111,0.187533976551076
"2025-11-10 00:00:00",-0.329484201583245,0.18582421982505
"2025-11-10 01:00:00",-0.174410778041921,0.127628821854927
"2025-11-10 02:00:00",-0.0297068054627865,0.149435719100083
"2025-11-10 03:00:00",0.0544688747858314,0.0367080292367251
"2025-11-10 04:00:00",0.324831021263925,0.41321130007307
"2025-11-10 05:00:00",0.537246795216584,0.0680419166765942
"2025-11-10 06:00:00",0.155488918110443,-0.66417074037375
"2025-11-10 07:00:00",0.0590201557864263,0.286376594232397
"2025-11-10 08:00:00",0.0427440089550231,-0.217343849967735
"2025-11-10 09:00:00",0.0684720742467508,0.186495607632753
"2025-11-10 10:00:00",0.403476476446477,0.418001164335641
"2025-11-10 11:00:00",0.695709974551644,0.193983139116094
"2025-11-10 12:00:00",-0.109966156094703,-1.43471565103913
"2025-11-10 13:00:00",-0.604800159859003,0.155399060940826
"2025-11-10 14:00:00",-0.211713771855702,0.533642056810839
"2025-11-10 15:00:00",0.0420883532501563,0.055457625034969
"2025-11-10 16:00:00",0.226280135346693,0.261206192211612
"2025-11-10 17:00:00",0.570604175694371,0.383081361392757
"2025-11-10 18:00:00",0.664052248028835,-0.104813392216474
"2025-11-10 19:00:00",0.272983711425786,-0.564174441743528
"2025-11-10 20:00:00",-0.397131814576851,-0.709250027725467
"2025-11-10 21:00:00",-0.633294047459145,0.0909583167802249
"2025-11-10 22:00:00",-0.855372935687461,-0.419397723200768
"2025-11-10 23:00:00",-1.35305463072517,-0.525118382956776
"2025-11-11 00:00:00",-1.98808135801005,-0.676378115560079
"2025-11-11 01:00:00",-2.73523938321023,-0.756277531589238
"2025-11-11 02:00:00",-3.2033062561429,-0.250162828493659
"2025-11-11 03:00:00",-3.12106649614537,0.304057524247469
"2025-11-11 04:00:00",-2.78328769838818,0.348230027947712
"2025-11-11 05:00:00",-2.36649208122946,0.446285909572132
"2025-11-11 06:00:00",-1.98626797879286,0.321165088875985
"2025-11-11 07:00:00",-1.88436047661391,-0.0465448331927772
"2025-11-11 08:00:00",-1.96299266265618,-0.0938586632225014
"2025-11-11 09:00:00",-2.07425939684971,-0.11505509109874
"2025-11-11 10:00:00",-1.8911033229361,0.375929578064999
"2025-11-11 11:00:00",-1.22148344335144,0.836027064224874
"2025-11-11 12:00:00",-1.20673731441402,-0.531891964114506
"2025-11-11 13:00:00",-0.982678193150467,0.718925840249988
"2025-11-11 14:00:00",-0.205944589420922,0.779627854265299
"2025-11-11 15:00:00",0.00584279937351107,-0.176565141196674
"2025-11-11 16:00:00",-0.19252679952361,-0.203486791387542
"2025-11-11 17:00:00",-0.282589654551313,-0.0099203579733918
"2025-11-11 18:00:00",0.178026200370694,0.752777333322452
"2025-11-11 19:00:00",0.411982583840682,-0.123265261534448
"2025-11-11 20:00:00",0.0586501260477678,-0.490448742626089
"2025-11-11 21:00:00",-0.371379570310193,-0.369391854854266
"2025-11-11 22:00:00",-0.458763647618754,0.105248921762464
"2025-11-11 23:00:00",-0.228302116796255,0.303574968959686
"2025-11-12 00:00:00",-0.383664332893992,-0.453638263833211
"2025-11-12 01:00:00",-1.08821583277574,-0.837849939283327
"2025-11-12 02:00:00",-1.69908840568388,-0.429126345309048
"2025-11-12 03:00:00",-2.00724262164178,-0.210674765320851
"2025-11-12 04:00:00",-2.05858528514804,0.0599032359299832
"2025-11-12 05:00:00",-2.01510917818613,0.0331116002222505
"2025-11-12 06:00:00",-2.1023384325439,-0.160713395055408
"2025-11-12 07:00:00",-2.30201873471034,-0.213460057179302
"2025-11-12 08:00:00",-2.12576863687501,0.43064355436741
"2025-11-12 09:00:00",-1.57182762841485,0.612554256726846
"2025-11-12 10:00:00",-0.824164848461297,0.804230601120573
"2025-11-12 11:00:00",0.0923770646968555,0.948923387675387
"2025-11-12 12:00:00",0.931014399953708,0.725143999825177
"2025-11-12 13:00:00",1.65189810224912,0.682587920694808
"2025-11-12 14:00:00",2.1126249445557,0.288799885777329
"2025-11-12 15:00:00",2.1481604717332,-0.137715468071951
"2025-11-12 16:00:00",2.17094259620097,0.125928007964404
"2025-11-12 17:00:00",2.37882895885487,0.249848248304189
"2025-11-12 18:00:00",2.63348265785329,0.242690949885024
"2025-11-12 19:00:00",2.90937566127653,0.281523578998148
"2025-11-12 20:00:00",3.15617914077337,0.208180186395323
"2025-11-12 21:00:00",3.40773216900625,0.264447090242813
"2025-11-12 22:00:00",3.36983086989723,-0.242053626922025
"2025-11-12 23:00:00",3.15905918206738,-0.184244028689734
"2025-11-13 00:00:00",2.75864789594199,-0.529563817063723
"2025-11-13 01:00:00",2.31505126380325,-0.368761499521831
"2025-11-13 02:00:00",2.07133760228488,-0.151751894358837
"2025-11-13 03:00:00",2.13613834614842,0.203418321702652
"2025-11-13 04:00:00",2.39531311274811,0.281276664394308
"2025-11-13 05:00:00",2.75585031849252,0.393157586766746
"2025-11-13 06:00:00",2.7232422830458,-0.318448647516121
"2025-11-13 07:00:00",2.65302324266646,0.0950921714497088
"2025-11-13 08:00:00",3.290715763171,0.96569855659219
"2025-11-13 09:00:00",4.51725901522013,1.33791182606352
"2025-11-13 10:00:00",5.69693913432993,1.01231553701058
"2025-11-13 11:00:00",6.4852742789047,0.594215177692198
"2025-11-13 12:00:00",6.58054857539363,-0.250231602321162
"2025-11-13 13:00:00",6.64896772634259,0.269118493796371
"2025-11-13 14:00:00",6.67257239879735,-0.149757950346396
"2025-11-13 15:00:00",6.15827663744414,-0.741476102776744
"2025-11-13 16:00:00",5.61400010054576,-0.394884240072466
"2025-11-13 17:00:00",5.52788594971599,0.116587007385662
"2025-11-13 18:00:00",5.84747327764032,0.43260879223074
"2025-11-13 19:00:00",6.24898806421484,0.354171046822679
"2025-11-13 20:00:00",6.36266801742524,-0.0600991484547571
"2025-11-13 21:00:00",6.61173740902332,0.4351437424848
"2025-11-13 22:00:00",6.45811725420089,-0.547342707233235
"2025-11-13 23:00:00",6.29420587321588,0.0911722422148938
"2025-11-14 00:00:00",6.23093571452536,-0.171334147188313
"2025-11-14 01:00:00",6.06546539867549,-0.16172727465187
"2025-11-14 02:00:00",6.05793701141079,0.0878109444309193
"2025-11-14 03:00:00",5.97616573863332,-0.198744685387321
"2025-11-14 04:00:00",5.73663961691847,-0.263032019991309
"2025-11-14 05:00:00",5.46306276832338,-0.274998628292044
"2025-11-14 06:00:00",5.06971717414699,-0.460590386332495
"2025-11-14 07:00:00",4.40131843584183,-0.781706233933646
"2025-11-14 08:00:00",3.80435540304353,-0.451107201595778
"2025-11-14 09:00:00",3.55642654343606,-0.105599777930543
"2025-11-14 10:00:00",3.17869403055981,-0.545784457801892
"2025-11-14 11:00:00",2.68438736459058,-0.440595634668523
"2025-11-14 12:00:00",2.09254602008917,-0.668005282237263
"2025-11-14 13:00:00",1.54994645520246,-0.43590963022763
"2025-11-14 14:00:00",1.45387717965843,0.133055025655557
"2025-11-14 15:00:00",1.54806043233936,0.0619201881548932
"2025-11-14 16:00:00",1.70506609914715,0.210939281650852
"2025-11-14 17:00:00",1.88598548038783,0.150112139272153
"2025-11-14 18:00:00",1.85073419119812,-0.159579972527194
"2025-11-14 19:00:00",1.64997267193255,-0.221060209163194
"2025-11-14 20:00:00",1.37007843382496,-0.307942014113512
"2025-11-14 21:00:00",1.22323341607641,-0.0342363325646799
"2025-11-14 22:00:00",0.997462210528102,-0.34430671226857
"2025-11-14 23:00:00",0.497315167370931,-0.581557499650498
"2025-11-15 00:00:00",-0.207443574431406,-0.754042670059813
"2025-11-15 01:00:00",-0.536101376773097,-0.0291877677449484
"2025-11-15 02:00:00",-0.548970279043708,-0.000687502728794932
"2025-11-15 03:00:00",-0.4782615116081,0.115652841518016
"2025-11-15 04:00:00",-0.427957563005723,0.00496463110739003
"2025-11-15 05:00:00",-0.231908805478399,0.314671374242962
"2025-11-15 06:00:00",-0.259735631341097,-0.254533948522208
"2025-11-15 07:00:00",-0.62079165635582,-0.414577697351033
"2025-11-15 08:00:00",-1.33188751432052,-0.874180521351572
"2025-11-15 09:00:00",-2.25877581632368,-0.916264827439276
"2025-11-15 10:00:00",-3.27824691433714,-1.03691885490965
"2025-11-15 11:00:00",-4.25569179084303,-0.887124341089638
"2025-11-15 12:00:00",-5.04117242467697,-0.674909907465031
"2025-11-15 13:00:00",-5.38938005614535,-0.107367161575282
"2025-11-15 14:00:00",-5.15538399116751,0.457393090030864
"2025-11-15 15:00:00",-4.66618439328891,0.493800332789161
"2025-11-15 16:00:00",-4.32825745201738,0.223967858036879
"2025-11-15 17:00:00",-3.91071892981152,0.53231966092943
"2025-11-15 18:00:00",-3.32593449261,0.597011118062664
"2025-11-15 19:00:00",-2.71994813434065,0.587459453029137
"2025-11-15 20:00:00",-2.26677230100669,0.345625223075868
"2025-11-15 21:00:00",-1.99063064987921,0.219618932311365
"2025-11-15 22:00:00",-1.75881137745777,0.231501910123354
"2025-11-15 23:00:00",-1.60643423921147,0.0946537153676548
"2025-11-16 00:00:00",-1.47500097725905,0.151776965078332
"2025-11-16 01:00:00",-1.25322663192746,0.259800581875355
"2025-11-16 02:00:00",-0.990540630483015,0.25374181440108
"2025-11-16 03:00:00",-0.693470145456295,0.313115584816678
"2025-11-16 04:00:00",-0.242580393961096,0.522205254172957
"2025-11-16 05:00:00",-0.0172631967944741,0.017000832483331
"2025-11-16 06:00:00",0.0120274147825978,0.0361140333346148
"2025-11-16 07:00:00",-0.431253823670791,-0.741823740750154
"2025-11-16 08:00:00",-0.500531169770493,0.382927061738057
"2025-11-16 09:00:00",0.138710247715083,0.780383406075215
"2025-11-16 10:00:00",0.703508814133877,0.394060164134635
"2025-11-16 11:00:00",0.67624246500722,-0.30775680044457
"2025-11-16 12:00:00",0.281896808729929,-0.434202934980051
"2025-11-16 13:00:00",-0.110388930535276,-0.346063499498549
"2025-11-16 14:00:00",-0.493132153113395,-0.388865999167453
"2025-11-16 15:00:00",-1.02494154260412,-0.601196683247484
"2025-11-16 16:00:00",-1.50009585985257,-0.367227731247863
"2025-11-16 17:00:00",-1.64556038752133,0.0112205058308204
"2025-11-16 18:00:00",-1.69072488112223,-0.0784872079021634
"2025-11-16 19:00:00",-1.6929317866089,0.0509293009554969
"2025-11-16 20:00:00",-1.64496238658199,0.0458981955845944
"2025-11-16 21:00:00",-1.58809844154904,0.0635918742947289
"2025-11-16 22:00:00",-1.56969131909933,-0.0105438139406985
"2025-11-16 23:00:00",-1.70700009915713,-0.213269805999764
"2025-11-17 00:00:00",-2.29924241979217,-0.814543784039893
"2025-11-17 01:00:00",-2.93107293501104,-0.47703675543749
"2025-11-17 02:00:00",-3.47400770999908,-0.557289165761542
"2025-11-17 03:00:00",-3.71823516083722,-0.0194410475269401
"2025-11-17 04:00:00",-3.76735844703395,-0.0617855020562895
"2025-11-17 05:00:00",-3.79838614490827,-0.00419382388275302
"2025-11-17 06:00:00",-3.30824846123201,0.80129000532009
"2025-11-17 07:00:00",-2.86343264980747,0.190296000695436
"2025-11-17 08:00:00",-3.2973587445826,-0.825757425232562
"2025-11-17 09:00:00",-3.96309432914192,-0.523171872275719
"2025-11-17 10:00:00",-4.38619274531577,-0.331171716076681
"2025-11-17 11:00:00",-4.74616163879954,-0.35640916778648
"2025-11-17 12:00:00",-4.73387949020921,0.263604446450336
"2025-11-17 13:00:00",-4.57833275685101,0.0822180518783848
"2025-11-17 14:00:00",-4.51348245703732,0.0560899693316066
"2025-11-17 15:00:00",-5.75730235055848,-2.04549023838941
"2025-11-17 16:00:00",-6.5226202284689,0.131902178640884
"2025-11-17 17:00:00",-6.22109834374055,0.408676670440724
"2025-11-17 18:00:00",-6.03850872335288,0.0312074080142841
"2025-11-17 19:00:00",-6.12463472112654,-0.152473097418542
"2025-11-17 20:00:00",-6.38392280336605,-0.310283487283358
"2025-11-17 21:00:00",-6.67672796509372,-0.259012933519294
"2025-11-17 22:00:00",-6.85703474240269,-0.110665229049564
"2025-11-17 23:00:00",-6.94804513251905,-0.0647466853816773
"2025-11-18 00:00:00",-6.96931862543022,0.0176722687249697
"2025-11-18 01:00:00",-6.9218743862245,0.0740179977804076
"2025-11-18 02:00:00",-6.62534061425253,0.439703515839583
"2025-11-18 03:00:00",-6.13908284002367,0.50272414984818
"2025-11-18 04:00:00",-5.62604746129897,0.503441099053237
"2025-11-18 05:00:00",-5.20420956340075,0.354640918260144
"2025-11-18 06:00:00",-4.72984621010594,0.538341640427088
"2025-11-18 07:00:00",-4.57846924945132,-0.107693606674619
"2025-11-18 08:00:00",-4.52376981997904,0.166260136630873
"2025-11-18 09:00:00",-4.2242548257182,0.37994661384077
"2025-11-18 10:00:00",-4.02871189144964,0.068760508612716
"2025-11-18 11:00:00",-3.95588004214829,0.0772764884696738
"2025-11-18 12:00:00",-4.0942949972271,-0.270531899659361
"2025-11-18 13:00:00",-4.1388198768986,0.113535603447708
"2025-11-18 14:00:00",-3.9900944089193,0.170450907584802
"2025-11-18 15:00:00",-3.93996572517265,-0.0273252402249811
"2025-11-18 16:00:00",-3.8275545755474,0.205302484632935
"2025-11-18 17:00:00",-3.72302068614904,0.0373207488648268
"2025-11-18 18:00:00",-3.56109316229225,0.242100078815271
"2025-11-18 19:00:00",-3.44408026051165,0.0326512918738108
"2025-11-18 20:00:00",-3.67980679031115,-0.399002451986648
"2025-11-18 21:00:00",-3.88504886688993,-0.06157592278281
"2025-11-18 22:00:00",-3.90056969471667,0.0209258464240203
"2025-11-18 23:00:00",-3.75933175499038,0.219759366593716
"2025-11-19 00:00:00",-3.70574022115512,-0.0548875247331938
"2025-11-19 01:00:00",-4.06292875789268,-0.536970566324627
"2025-11-19 02:00:00",-4.60733036365172,-0.518250461580103
"2025-11-19 03:00:00",-4.80088989428534,0.0380322398940895
"2025-11-19 04:00:00",-4.38506423058291,0.654110324707786
"2025-11-19 05:00:00",-3.81686689814046,0.489573175474026
"2025-11-19 06:00:00",-4.30388452331149,-1.11000598665944
"2025-11-19 07:00:00",-5.03856614246652,-0.444012040234033
"2025-11-19 08:00:00",-5.48205811446717,-0.415578137862241
"2025-11-19 09:00:00",-5.70587270642102,-0.0782747081088653
"2025-11-19 10:00:00",-5.74036378841702,0.00368906525844634
"2025-11-19 11:00:00",-5.56837598218367,0.283409327335864
"2025-11-19 12:00:00",-5.43822047429078,0.0289785016291739
"2025-11-19 13:00:00",-5.09950569676645,0.536114294994678
"2025-11-19 14:00:00",-4.87196856607288,0.0175812825806143
"2025-11-19 15:00:00",-4.86390120875862,0.00761948957845079
"2025-11-19 16:00:00",-4.60032109753036,0.427960084523168
"2025-11-19 17:00:00",-4.08529827329572,0.554518069370943
"2025-11-19 18:00:00",-4.00106269622172,-0.228019305587198
"2025-11-19 19:00:00",-4.08950831978176,0.0139605554486186
"2025-11-19 20:00:00",-3.63711739948363,0.728445284376821
"2025-11-19 21:00:00",-2.91344301814434,0.690792065300291
"2025-11-19 22:00:00",-2.55386973801027,0.125432049558977
"2025-11-19 23:00:00",-2.72860444196377,-0.363248302755911
"2025-11-20 00:00:00",-2.96833994576306,-0.142486885409458
"2025-11-20 01:00:00",-3.20453653516677,-0.283619768911973
"2025-11-20 02:00:00",-3.82423376593405,-0.810168117285545
"2025-11-20 03:00:00",-4.1978478250259,-0.0599011509072605
"2025-11-20 04:00:00",-4.06318595480114,0.263378640470474
"2025-11-20 05:00:00",-4.32101162776981,-0.587801825419807
"2025-11-20 06:00:00",-4.44095139430925,0.203230495610491
"2025-11-20 07:00:00",-4.37960466477706,-0.0304334148330005
"2025-11-20 08:00:00",-4.64524191932992,-0.404170711671676
"2025-11-20 09:00:00",-5.2283634661683,-0.668724686584622
"2025-11-20 10:00:00",-6.42618964064388,-1.48689735856501
"2025-11-20 11:00:00",-7.63579173731533,-0.958981440718913
"2025-11-20 12:00:00",-8.12907363506913,-0.149540899178021
"2025-11-20 13:00:00",-8.34788692941965,-0.244121154181131
"2025-11-20 14:00:00",-7.74317972597696,1.15260495897578
"2025-11-20 15:00:00",-6.69951022099513,0.931430420728195
"2025-11-20 16:00:00",-6.24084183127968,0.130336364749197
"2025-11-20 17:00:00",-6.54402517128414,-0.569742590120436
"2025-11-20 18:00:00",-6.89237107056313,-0.175764825744718
"2025-11-20 19:00:00",-6.8923019929485,0.126167894407774
"2025-11-20 20:00:00",-7.02221228644433,-0.285571554517537
"2025-11-20 21:00:00",-7.41061073537596,-0.429443315816829
"2025-11-20 22:00:00",-7.84883632423472,-0.41370685950471
"2025-11-20 23:00:00",-8.2636363446375,-0.385703775339808
"2025-11-21 00:00:00",-8.11810333605082,0.503417726383375
"2025-11-21 01:00:00",-8.46928434266953,-0.893755012553704
"2025-11-21 02:00:00",-9.19818351525415,-0.573446834684743
"2025-11-21 03:00:00",-9.65655610846782,-0.348023419293344
"2025-11-21 04:00:00",-9.93400474341736,-0.204771997388165
"2025-11-21 05:00:00",-10.0910725777282,-0.105000918925926
"2025-11-21 06:00:00",-10.300358417089,-0.25585950322276
"2025-11-21 07:00:00",-10.7328779659812,-0.516464873104151
"2025-11-21 08:00:00",-10.8063780127348,0.239127858476006
"2025-11-21 09:00:00",-10.467306737001,0.403511696437329
"2025-11-21 10:00:00",-10.1626727893164,0.237728679735726
"2025-11-21 11:00:00",-9.94425930213235,0.208253617296999
"2025-11-21 12:00:00",-9.42120537199194,0.720876199126291
"2025-11-21 13:00:00",-9.0044832896947,0.206293858725801
"2025-11-21 14:00:00",-9.00800193042592,-0.131620933510634
"2025-11-21 15:00:00",-9.50748010220722,-0.709369629801898
"2025-11-21 16:00:00",-9.90394337498238,-0.156771584976591
"2025-11-21 17:00:00",-9.88589137923973,0.146503437750388
"2025-11-21 18:00:00",-9.71258554006181,0.19567733915173
"2025-11-21 19:00:00",-9.73115847683422,-0.148005869217938
"2025-11-21 20:00:00",-9.90228645727512,-0.165871040498369
"2025-11-21 21:00:00",-10.0673605023974,-0.143938468112523
"2025-11-21 22:00:00",-10.231921780967,-0.157516983278119
"2025-11-21 23:00:00",-10.3874505263013,-0.13362783990969
"2025-11-22 00:00:00",-10.6525341980353,-0.326737581744511
"2025-11-22 01:00:00",-11.0886096804016,-0.474517347658057
"2025-11-22 02:00:00",-11.4438590160704,-0.244568718002283
"2025-11-22 03:00:00",-11.6392237923851,-0.138532587719521
"2025-11-22 04:00:00",-12.3121006348472,-0.982127393475698
"2025-11-22 05:00:00",-12.8223226350148,-0.155512983924781
"2025-11-22 06:00:00",-12.2852796535308,0.989742002667791
"2025-11-22 07:00:00",-12.3571720437661,-0.760389645670446
"2025-11-22 08:00:00",-12.1156438198671,0.913908307206735
"2025-11-22 09:00:00",-11.1372170954483,0.990556232047197
"2025-11-22 10:00:00",-10.2053990096229,0.862731956839182
"2025-11-22 11:00:00",-9.40826636936597,0.728671904120389
"2025-11-22 12:00:00",-9.05936299304898,0.0912724260501825
"2025-11-22 13:00:00",-8.79058006033168,0.38602273283166
"2025-11-22 14:00:00",-8.73639003633554,-0.15827561285329
"2025-11-22 15:00:00",-9.21446395206536,-0.657293739678954
"2025-11-22 16:00:00",-9.48413116975942,0.0134342246718213
"2025-11-22 17:00:00",-9.48181335196689,0.00701807412380639
"2025-11-22 18:00:00",-9.48061607560889,0.00947813974316747
"2025-11-22 19:00:00",-9.5285735130357,-0.0717515874943707
"2025-11-22 20:00:00",-9.66439845798632,-0.159807001819634
"2025-11-22 21:00:00",-9.82863223137913,-0.146927119404804
"2025-11-22 22:00:00",-9.99625723332206,-0.160792791904453
"2025-11-22 23:00:00",-10.1214558828706,-0.0826391296755757
"2025-11-23 00:00:00",-10.3293660364132,-0.268500536348094
"2025-11-23 01:00:00",-10.7717518407656,-0.523975090859652
"2025-11-23 02:00:00",-11.2203928231805,-0.363219529093244
"2025-11-23 03:00:00",-11.5426502948301,-0.265177877878103
"2025-11-23 04:00:00",-11.7770143181643,-0.187811164349499
"2025-11-23 05:00:00",-11.9529406040645,-0.144467454174942
"2025-11-23 06:00:00",-12.2397467589796,-0.352665666042556
"2025-11-23 07:00:00",-12.6113478749626,-0.350794205233456
"2025-11-23 08:00:00",-12.7620844338623,0.00604678231710087
"2025-11-23 09:00:00",-12.5703688297482,0.322827689657574
"2025-11-23 10:00:00",-12.07357233523,0.605364408962963
"2025-11-23 11:00:00",-11.3736658476959,0.745232320428383
"2025-11-23 12:00:00",-10.717682679358,0.579968897556088
"2025-11-23 13:00:00",-10.3384042037827,0.241274813299515
"2025-11-23 14:00:00",-10.3228698358145,-0.122372877872397
"2025-11-23 15:00:00",-10.9159002893123,-0.865314433470621
"2025-11-23 16:00:00",-11.4233843354355,-0.230752991321871
"2025-11-23 17:00:00",-11.5115393535822,0.0258178828381372
"2025-11-23 18:00:00",-11.4038046408456,0.172059244371009
"2025-11-23 19:00:00",-11.3740728393482,-0.0518694989530634
"2025-11-23 20:00:00",-11.5368706472028,-0.214356135290043
"2025-11-23 21:00:00",-11.7313345449567,-0.157095469598354
"2025-11-23 22:00:00",-11.973152804911,-0.271691170152506
"2025-11-23 23:00:00",-11.5218601025905,0.92725721345003
"2025-11-24 00:00:00",-11.2934413834871,-0.233473023973238
"2025-11-24 01:00:00",-11.119979434317,0.451057222719868
"2025-11-24 02:00:00",-10.081344096256,1.395321330929
"2025-11-24 03:00:00",-8.88968107671889,1.01225682329552
"2025-11-24 04:00:00",-7.98189409022414,0.806459356613915
"2025-11-24 05:00:00",-7.2549738221529,0.64963775581509
"2025-11-24 06:00:00",-7.10451665193965,-0.180125159625387
"2025-11-24 07:00:00",-7.0825856481348,0.164745536884856
"2025-11-24 08:00:00",-6.9362146473178,0.136292650411227
"2025-11-24 09:00:00",-6.8757033906893,0.0160537017497769
"2025-11-24 10:00:00",-7.09785013341449,-0.361528081780092
"2025-11-24 11:00:00",-7.11463718770013,0.222980379718607
"2025-11-24 12:00:00",-7.21994021649043,-0.309983110773974
"2025-11-24 13:00:00",-7.01760367567191,0.54356588069569
"2025-11-24 14:00:00",-6.84854934089537,-0.0796063068532463
"2025-11-24 15:00:00",-7.21739302470662,-0.535313115393288
"2025-11-24 16:00:00",-7.22403793563893,0.355410661844157
"2025-11-24 17:00:00",-6.51736859806956,0.916566219241877
"2025-11-24 18:00:00",-5.73038854248708,0.671592207120446
"2025-11-24 19:00:00",-5.28437956466019,0.28181279521774
"2025-11-24 20:00:00",-5.14702531651283,0.0413326215871535
"2025-11-24 21:00:00",-5.38007840881903,-0.398266840687911
"2025-11-24 22:00:00",-5.87521194143496,-0.529249062365489
"2025-11-24 23:00:00",-6.21948097300392,-0.197020880800777
"2025-11-25 00:00:00",-5.75229073662783,0.895803976145707
"2025-11-25 01:00:00",-5.28066009550027,0.173853991628436
"2025-11-25 02:00:00",-5.08138263527483,0.213561251467138
"2025-11-25 03:00:00",-5.11423887834495,-0.189022639652852
"2025-11-25 04:00:00",-5.07214950428422,0.200751570359473
"2025-11-25 05:00:00",-4.84439535327351,0.241468785937187
"2025-11-25 06:00:00",-4.62573466578598,0.199307397093208
"2025-11-25 07:00:00",-4.67536110797782,-0.207260610478591
"2025-11-25 08:00:00",-5.01118116714549,-0.399542305636217
"2025-11-25 09:00:00",-5.48354382582603,-0.492004983602678
"2025-11-25 10:00:00",-5.85943794172161,-0.273559862266008
"2025-11-25 11:00:00",-6.03305188057547,-0.0911839809897877
"2025-11-25 12:00:00",-6.16250990148847,-0.141047689708478
"2025-11-25 13:00:00",-6.0420969107114,0.296936199006369
"2025-11-25 14:00:00",-5.89505893754638,0.047906182300891
"2025-11-25 15:00:00",-5.66452959431855,0.348917799430231
"2025-11-25 16:00:00",-5.32774743575308,0.319987484609198
"2025-11-25 17:00:00",-5.3064823871042,-0.172025063603172
"2025-11-25 18:00:00",-5.0658723133699,0.511099787465449
"2025-11-25 19:00:00",-4.93628419146254,-0.124378770701336
"2025-11-25 20:00:00",-5.10482785872702,-0.183616472686974
"2025-11-25 21:00:00",-5.51924548466484,-0.542011541310089
"2025-11-25 22:00:00",-5.98773423688643,-0.390100028279741
"2025-11-25 23:00:00",-6.23041207020365,-0.125150369061046
"2025-11-26 00:00:00",-6.29641442531581,-0.015406141260753
"2025-11-26 01:00:00",-6.24968353369099,0.0940477899940049
"2025-11-26 02:00:00",-6.15934044518631,0.0916335987772767
"2025-11-26 03:00:00",-5.95400599949463,0.279313266891894
"2025-11-26 04:00:00",-5.6434412728394,0.324313150870445
"2025-11-26 05:00:00",-5.51795063401074,-0.00574658172469875
"2025-11-26 06:00:00",-5.919611374399,-0.639401982075861
"2025-11-26 07:00:00",-6.4851344058576,-0.481769954191123
"2025-11-26 08:00:00",-6.5884925799006,0.162180309952892
"2025-11-26 09:00:00",-6.41163056636159,0.186735184070152
"2025-11-26 10:00:00",-5.41358599468563,1.49974391306903
"2025-11-26 11:00:00",-4.33341151747998,0.756112976512182
"2025-11-26 12:00:00",-4.40621648118719,-0.616363918666321
"2025-11-26 13:00:00",-4.32273127719821,0.551754064084284
"2025-11-26 14:00:00",-3.91314143583031,0.300922102308637
"2025-11-26 15:00:00",-4.22176132653164,-0.695266471785385
"2025-11-26 16:00:00",-4.940646714558,-0.695029951085221
"2025-11-26 17:00:00",-5.36121704723783,-0.21124862016121
"2025-11-26 18:00:00",-4.77502380321246,1.09686507822009
"2025-11-26 19:00:00",-4.28798884504444,0.0634979065061611
"2025-11-26 20:00:00",-4.56503449876532,-0.485380339570759
"2025-11-26 21:00:00",-5.03208432490571,-0.426753299386781
"2025-11-26 22:00:00",-5.67781109647409,-0.754537774646773
"2025-11-26 23:00:00",-6.23762039958903,-0.396074336464273
"2025-11-27 00:00:00",-5.6397456764081,1.24012337216807
"2025-11-27 01:00:00",-4.49908466901674,1.02741775934182
"2025-11-27 02:00:00",-3.87599837225197,0.329725387248252
"2025-11-27 03:00:00",-3.71830014002168,0.0405162775815512
"2025-11-27 04:00:00",-3.62552424951385,0.127997777995447
"2025-11-27 05:00:00",-3.66134481955475,-0.138656950012423
"2025-11-27 06:00:00",-3.4236075338763,0.482083402811057
"2025-11-27 07:00:00",-3.32242371815038,-0.153141492341409
"2025-11-27 08:00:00",-3.62401746172463,-0.381947435890414
"2025-11-27 09:00:00",-4.15078221741128,-0.593606587208815
"2025-11-27 10:00:00",-4.87776332527928,-0.776001596499216
"2025-11-27 11:00:00",-5.50478613572635,-0.491624113761954
"2025-11-27 12:00:00",-5.33547370890532,0.608977161832319
"2025-11-27 13:00:00",-4.90619105957842,0.29596436608913
"2025-11-27 14:00:00",-4.75757527958513,0.0496450205144277
"2025-11-27 15:00:00",-4.85746927987462,-0.188707505501505
"2025-11-27 16:00:00",-4.855351606448,0.135490991380929
"2025-11-27 17:00:00",-4.52716845995848,0.447303943662468
"2025-11-27 18:00:00",-3.81320274227523,0.86364372503796
"2025-11-27 19:00:00",-3.17793394466984,0.45774753211347
"2025-11-27 20:00:00",-2.55864943361247,0.701641079187021
"2025-11-27 21:00:00",-1.89866006854493,0.60415681933259
"2025-11-27 22:00:00",-1.4611779110344,0.308025329492814
"2025-11-27 23:00:00",-1.12170678624888,0.34618605165304
"2025-11-28 00:00:00",-0.953106542933225,0.0436453577458191
"2025-11-28 01:00:00",-0.878678598787651,0.0926407222577627
"2025-11-28 02:00:00",-0.723773295471343,0.190185583047741
"2025-11-28 03:00:00",-0.468548944158043,0.287387350929009
"2025-11-28 04:00:00",-0.1498726113567,0.324995776939595
"2025-11-28 05:00:00",0.184094182832833,0.324270609017815
"2025-11-28 06:00:00",0.358648105969477,0.0662125738694103
"2025-11-28 07:00:00",0.32411981863731,-0.100509116121979
"2025-11-28 08:00:00",0.0868013233048486,-0.31766364283458
"2025-11-28 09:00:00",-0.404927456581933,-0.584515458501141
"2025-11-28 10:00:00",-1.19284233567027,-0.885549203402159
"2025-11-28 11:00:00",-2.00778808446815,-0.727614785412485
"2025-11-28 12:00:00",-2.42340882169235,-0.185290965123689
"2025-11-28 13:00:00",-2.3905714897542,0.179816122706043
"2025-11-28 14:00:00",-2.03134102214958,0.464848087320658
"2025-11-28 15:00:00",-1.35397019118092,0.78947961487282
"2025-11-28 16:00:00",-0.560129078218841,0.760770629846013
"2025-11-28 17:00:00",0.0819643891152039,0.533186607952057
"2025-11-28 18:00:00",0.471758928849425,0.275573039197648
"2025-11-28 19:00:00",0.745278991341755,0.258546030437623
"2025-11-28 20:00:00",0.896934904674292,0.0722300855127969
"2025-11-28 21:00:00",0.907672798550386,-0.0319222515387229
"2025-11-28 22:00:00",0.926426370145433,0.0504761015000886
"2025-11-28 23:00:00",1.00314497612813,0.0893739052916133
"2025-11-29 00:00:00",0.975720249454135,-0.105278607442169
"2025-11-29 01:00:00",1.00786419768793,0.120972667478863
"2025-11-29 02:00:00",1.17596731703833,0.190236007669802
"2025-11-29 03:00:00",1.43120918264365,0.284934095620479
"2025-11-29 04:00:00",1.75030491821295,0.324862302904256
"2025-11-29 05:00:00",2.1210278131257,0.381424156927859
"2025-11-29 06:00:00",2.262098524861,-0.0285989454973678
"2025-11-29 07:00:00",2.15152018797984,-0.162890659086939
"2025-11-29 08:00:00",2.02024163682438,-0.106738336095894
"2025-11-29 09:00:00",1.76971577476158,-0.337081038347539
"2025-11-29 10:00:00",1.33995712314728,-0.47340127546841
"2025-11-29 11:00:00",0.79802779996393,-0.563588445581026
"2025-11-29 12:00:00",0.197681961412096,-0.597350639594161
"2025-11-29 13:00:00",0.0585911690896194,0.172765379219784
"2025-11-29 14:00:00",0.44929442327176,0.517351246045717
"2025-11-29 15:00:00",0.453826044410988,-0.33813664603619
"2025-11-29 16:00:00",0.35062592408213,0.0577407866811094
"2025-11-29 17:00:00",0.94101548185747,0.916975986292484
"2025-11-29 18:00:00",1.92211361796016,0.976011771824244
"2025-11-29 19:00:00",2.54451920284162,0.354618972761546
"2025-11-29 20:00:00",2.742792092496,0.0813432735247308
"2025-11-29 21:00:00",2.69033660012768,-0.142694859906593
"2025-11-29 22:00:00",2.31925665149892,-0.50916737511173
"2025-11-29 23:00:00",1.88155218318526,-0.37225248512537
"2025-11-30 00:00:00",1.55516440133946,-0.282726652403681
"2025-11-30 01:00:00",0.896063138368238,-0.880697336628529
"2025-11-30 02:00:00",0.527783488350891,-0.0103278865444209
"2025-11-30 03:00:00",0.581534381302181,0.0932350494937415
"2025-11-30 04:00:00",0.705093437937531,0.137153909911642
"2025-11-30 05:00:00",1.08421250819139,0.521502374461607
"2025-11-30 06:00:00",1.6659418938792,0.59283952951971
"2025-11-30 07:00:00",1.76989262621799,-0.229056018368308
"2025-11-30 08:00:00",1.44137285321248,-0.38149744893089
"2025-11-30 09:00:00",1.22133722928743,-0.103797622877622
"2025-11-30 10:00:00",0.97469592541111,-0.331722387789063
"2025-11-30 11:00:00",0.736218488681088,-0.166238881648866
"2025-11-30 12:00:00",0.734408972710086,0.106945506532569
"2025-11-30 13:00:00",0.881107088489403,0.165282050747537
"2025-11-30 14:00:00",1.00196126422284,0.0843577897442745
"2025-11-30 15:00:00",0.857622925652863,-0.291232103734312
"2025-11-30 16:00:00",0.945327851670283,0.335052529654249
"2025-11-30 17:00:00",1.37371935880873,0.469041405443299
"2025-11-30 18:00:00",1.96234634020871,0.638608005951916
"2025-11-30 19:00:00",2.48057210615261,0.410817870161892
"2025-11-30 20:00:00",2.87179906247814,0.356379260046433
"2025-11-30 21:00:00",2.75513555095381,-0.430176839033132
"2025-11-30 22:00:00",2.47263585748175,-0.174175979776537
"2025-11-30 23:00:00",1.96780128548683,-0.704466719192629
"2025-12-01 00:00:00",1.07315627823701,-0.981451133100853
"2025-12-01 01:00:00",0.095795176571409,-0.929573753323816
"2025-12-01 02:00:00",-0.666044710814671,-0.613940500543001
"2025-12-01 03:00:00",-1.24934986586602,-0.534305388406781
"2025-12-01 04:00:00",-1.70677102831585,-0.382819612150612
"2025-12-01 05:00:00",-2.12039665972708,-0.412308068432732
"2025-12-01 06:00:00",-1.9368574130291,0.574774739648661
"2025-12-01 07:00:00",-1.80621998445444,-0.169161085719644
"2025-12-01 08:00:00",-1.83630163258124,0.0663933568018919
"2025-12-01 09:00:00",-1.76542660217685,0.072861076682965
"2025-12-01 10:00:00",-1.75809673415732,-0.034430255232337
"2025-12-01 11:00:00",-1.84980259370228,-0.123265670752339
"2025-12-01 12:00:00",-1.9654820576984,-0.102741417004973
"2025-12-01 13:00:00",-1.95831207522253,0.0826350083642304
"2025-12-01 14:00:00",-1.94611654657375,-0.032819381655231
"2025-12-01 15:00:00",-2.18281730464015,-0.35886375200605
"2025-12-01 16:00:00",-2.5637146822421,-0.37467344550175
"2025-12-01 17:00:00",-2.82622026225815,-0.171950579549195
"2025-12-01 18:00:00",-2.86189818906539,0.0605062193471042
"2025-12-01 19:00:00",-3.00401247011322,-0.266751321544115
"2025-12-01 20:00:00",-3.28973750241719,-0.280925531635435
"2025-12-01 21:00:00",-3.59575045573113,-0.303956938002113
"2025-12-01 22:00:00",-3.952234290353,-0.369927822464197
"2025-12-01 23:00:00",-4.35837979263468,-0.405897608742246
"2025-12-02 00:00:00",-4.67353367304732,-0.234066985479366
"2025-12-02 01:00:00",-5.11389173680061,-0.550935296336647
"2025-12-02 02:00:00",-5.5229119939478,-0.288385712568227
"2025-12-02 03:00:00",-5.71220013306535,-0.107112556280201
"2025-12-02 04:00:00",-5.62296848038109,0.223246063933142
"2025-12-02 05:00:00",-5.29846831239006,0.383827455832884
"2025-12-02 06:00:00",-5.08142617846306,0.102367680100388
"2025-12-02 07:00:00",-5.28497834355424,-0.391274708031256
"2025-12-02 08:00:00",-5.42487280056848,0.0411474378019953
"2025-12-02 09:00:00",-5.13314918075481,0.451899531498187
"2025-12-02 10:00:00",-4.73733514491699,0.346230062805552
"2025-12-02 11:00:00",-4.34020568750682,0.418294986218355
"2025-12-02 12:00:00",-4.08653108953653,0.137467844650001
"2025-12-02 13:00:00",-3.75988047393329,0.442513989013962
"2025-12-02 14:00:00",-3.90157044928913,-0.519574716685915
"2025-12-02 15:00:00",-4.58216150252109,-0.750564666276193
"2025-12-02 16:00:00",-4.95939149714794,-0.104514142113816
"2025-12-02 17:00:00",-5.05474361836765,-0.0783224887732552
"2025-12-02 18:00:00",-4.74537734295062,0.559633714960838
"2025-12-02 19:00:00",-4.60689863029394,-0.142752087774474
"2025-12-02 20:00:00",-4.93314399715225,-0.42713275129624
"2025-12-02 21:00:00",-5.38117624684656,-0.434317980607767
"2025-12-02 22:00:00",-5.7379511200601,-0.28119246953471
"2025-12-02 23:00:00",-6.00133501461484,-0.23160197979082
"2025-12-03 00:00:00",-5.66381263784804,0.708626646170606
"2025-12-03 01:00:00",-5.30062523664347,0.122938398021296
"2025-12-03 02:00:00",-4.83989650735923,0.670855304877441
"2025-12-03 03:00:00",-4.11559050905619,0.731757305429593
"2025-12-03 04:00:00",-3.47165500166981,0.560092562695923
"2025-12-03 05:00:00",-2.87532307101837,0.596627350220702
"2025-12-03 06:00:00",-2.74779952311013,-0.187561740046617
"2025-12-03 07:00:00",-2.89183199939393,-0.104628324642172
"2025-12-03 08:00:00",-3.08504685099259,-0.239363689865014
"2025-12-03 09:00:00",-3.332206140405,-0.236636039382798
"2025-12-03 10:00:00",-3.51413200516172,-0.132514165301981
"2025-12-03 11:00:00",-3.79098291176679,-0.355389701276127
"2025-12-03 12:00:00",-4.12542585832941,-0.299701121635859
"2025-12-03 13:00:00",-4.01780138819834,0.379372032775649
"2025-12-03 14:00:00",-3.79018249545596,0.120812861426459
"2025-12-03 15:00:00",-3.68222428651616,0.0991424935014977
"2025-12-03 16:00:00",-3.16620650465833,0.774154005947962
"2025-12-03 17:00:00",-2.45440418554835,0.640490802050478
"2025-12-03 18:00:00",-1.88570605761852,0.496975719594907
"2025-12-03 19:00:00",-1.74582848166799,-0.102400807246861
"2025-12-03 20:00:00",-1.85219389419485,-0.101704355001164
"2025-12-03 21:00:00",-1.97063547637227,-0.121584548095234
"2025-12-03 22:00:00",-2.30416254510145,-0.456431348907019
"2025-12-03 23:00:00",-2.68835179397133,-0.31480310328589
"2025-12-04 00:00:00",-2.99335491640906,-0.280512161601665
"2025-12-04 01:00:00",-3.52631691135355,-0.672075802276096
"2025-12-04 02:00:00",-3.9649307231902,-0.257588473800401
"2025-12-04 03:00:00",-4.37319329983078,-0.484200712199343
"2025-12-04 04:00:00",-4.57085799021398,0.00838427075227563
"2025-12-04 05:00:00",-4.58268858355669,-0.0188547716113097
"2025-12-04 06:00:00",-4.36011824405919,0.378846524927516
"2025-12-04 07:00:00",-4.35154758959936,-0.233064594110866
"2025-12-04 08:00:00",-4.60714250528407,-0.252861784682379
"2025-12-04 09:00:00",-4.89392469849023,-0.289830967219072
"2025-12-04 10:00:00",-5.00313089133197,0.0227039852709061
"2025-12-04 11:00:00",-4.83660028498108,0.26094698427445
"2025-12-04 12:00:00",-4.46328162089075,0.436724409579812
"2025-12-04 13:00:00",-3.78720981379963,0.809258908009257
"2025-12-04 14:00:00",-3.44410684637509,0.020913745227551
"2025-12-04 15:00:00",-3.58564672367052,-0.238676515791459
"2025-12-04 16:00:00",-3.20495806892713,0.780122154537362
"2025-12-04 17:00:00",-2.3236989457135,0.910935656744864
"2025-12-04 18:00:00",-1.88781809266544,0.101464536541016
"2025-12-04 19:00:00",-2.04762550937902,-0.3239591935076
"2025-12-04 20:00:00",-2.43347477550781,-0.406134746385396
"2025-12-04 21:00:00",-2.605636672324,-0.00486584714049296
"2025-12-04 22:00:00",-2.44806302743592,0.261734622047181
"2025-12-04 23:00:00",-2.03996366236923,0.489436154200476
"2025-12-05 00:00:00",-1.64308537029904,0.318943381066578
"2025-12-05 01:00:00",-1.34297824218903,0.275406213318106
"2025-12-05 02:00:00",-1.1410702663874,0.145045998066874
"2025-12-05 03:00:00",-0.946815210612543,0.219300042271891
"2025-12-05 04:00:00",-0.523380993056322,0.540620106528325
"2025-12-05 05:00:00",0.0018209897437492,0.490640573294549
"2025-12-05 06:00:00",0.317268556671525,0.183661992265269
"2025-12-05 07:00:00",0.299851998912848,-0.151047864813018
"2025-12-05 08:00:00",-0.0774509056780484,-0.510594243539007
"2025-12-05 09:00:00",-0.69070004260441,-0.652443567516852
"2025-12-05 10:00:00",-1.44727093960474,-0.78914614697059
"2025-12-05 11:00:00",-2.35414955502191,-0.940406364519672
"2025-12-05 12:00:00",-2.94912602503141,-0.333387321615441
"2025-12-05 13:00:00",-2.99196528149887,0.156692102998022
"2025-12-05 14:00:00",-2.64100423284686,0.46764947896896
"2025-12-05 15:00:00",-2.19088804559945,0.420441478422651
"2025-12-05 16:00:00",-1.84667075836673,0.279868203654441
"2025-12-05 17:00:00",-1.74969432006598,-0.0271779895337716
"2025-12-05 18:00:00",-1.58387951887994,0.288849721654276
"2025-12-05 19:00:00",-1.51775183026145,-0.0834525208644264
"2025-12-05 20:00:00",-1.58422029868603,-0.0500316509719741
"2025-12-05 21:00:00",-1.74592983227068,-0.226434443839296
"2025-12-05 22:00:00",-2.06703991384347,-0.366717363800382
"2025-12-05 23:00:00",-2.24131721072514,-0.0350409646651575
"2025-12-06 00:00:00",-2.30850998388059,-0.0825458406900121
"2025-12-06 01:00:00",-2.41134990535219,-0.108507456989476
"2025-12-06 02:00:00",-2.67037837130656,-0.343957987151739
"2025-12-06 03:00:00",-3.15600342581114,-0.553550540583471
"2025-12-06 04:00:00",-3.52015201896959,-0.216511844089793
"2025-12-06 05:00:00",-3.70687250107794,-0.15345102011622
"2025-12-06 06:00:00",-3.6789575880991,0.152273651441715
"2025-12-06 07:00:00",-3.87756006201093,-0.418337784537946
"2025-12-06 08:00:00",-4.08759912459617,-0.0561980679621239
"2025-12-06 09:00:00",-3.83978247212128,0.443980879826537
"2025-12-06 10:00:00",-3.64849337061467,0.0186887565358285
"2025-12-06 11:00:00",-3.58534005493443,0.094496281541173
"2025-12-06 12:00:00",-3.66370316566432,-0.185256938588996
"2025-12-06 13:00:00",-3.90004124678818,-0.254439934622793
"2025-12-06 14:00:00",-3.88842814363553,0.193452524603318
"2025-12-06 15:00:00",-3.50872206719664,0.490840234136967
"2025-12-06 16:00:00",-2.56203225751498,1.21011962037152
"2025-12-06 17:00:00",-1.26574262473535,1.29543790974809
"2025-12-06 18:00:00",-0.772599788921219,-0.0635143021994978
"2025-12-06 19:00:00",-0.783720325368022,0.0253320595241217
"2025-12-06 20:00:00",-0.262734238584858,0.82766949177803
"2025-12-06 21:00:00",0.481538692183086,0.653647350527135
"2025-12-06 22:00:00",0.867885249417056,0.18916959308268
"2025-12-06 23:00:00",0.638220179970082,-0.499088272700365
"2025-12-07 00:00:00",0.30533994652997,-0.207080900713315
"2025-12-07 01:00:00",0.406805694852172,0.301944989046507
"2025-12-07 02:00:00",0.653408321680865,0.197465736224644
"2025-12-07 03:00:00",0.839989320455396,0.169616441598533
"2025-12-07 04:00:00",0.973395713737759,0.101844976647766
"2025-12-07 05:00:00",1.2500018763961,0.378713189274903
"2025-12-07 06:00:00",1.94943388373597,0.878393630666356
"2025-12-07 07:00:00",2.2527364275561,-0.09700980467596
"2025-12-07 08:00:00",2.20799312070992,-0.0106762573637837
"2025-12-07 09:00:00",2.51534099951289,0.501910200331764
"2025-12-07 10:00:00",2.8046369279614,0.13056706342211
"2025-12-07 11:00:00",2.92542916416405,0.104921782560687
"2025-12-07 12:00:00",3.1210070390742,0.242950817597855
"2025-12-07 13:00:00",3.40166981762912,0.288445029788986
"2025-12-07 14:00:00",3.25408400049071,-0.435638326537542
"2025-12-07 15:00:00",2.78812263068415,-0.468227403824974
"2025-12-07 16:00:00",2.45642847116602,-0.228504405294917
"2025-12-07 17:00:00",2.30004253239331,-0.104041757870245
"2025-12-07 18:00:00",2.32695811987097,0.109976171803791
"2025-12-07 19:00:00",2.66967023984493,0.478582827220498
"2025-12-07 20:00:00",2.85013304533932,-0.0302961167416149
"2025-12-07 21:00:00",2.83141392584239,-0.0137844003572696
"2025-12-07 22:00:00",2.78366981097814,-0.0717633196968316
"2025-12-07 23:00:00",3.02411824392651,0.433573101845112
"2025-12-08 00:00:00",3.45820844183526,0.409910369997249
"2025-12-08 01:00:00",3.86831421399083,0.38629184302316
"2025-12-08 02:00:00",4.29074687848244,0.421467716485002
"2025-12-08 03:00:00",4.89067628141181,0.684864551290456
"2025-12-08 04:00:00",5.81811946968245,1.03878593651165
"2025-12-08 05:00:00",6.93441576305719,1.10742610503035
"2025-12-08 06:00:00",8.0366757757535,1.03750166410659
"2025-12-08 07:00:00",8.45799490513007,-0.0198391201527057
"2025-12-08 08:00:00",8.58978633907545,0.215715180941586
"2025-12-08 09:00:00",8.64660061887298,-0.0628864022556118
"2025-12-08 10:00:00",8.42174286537072,-0.333293704335963
"2025-12-08 11:00:00",8.11145434620539,-0.2910594986113
"2025-12-08 12:00:00",8.24355236764899,0.397468666472452
"2025-12-08 13:00:00",8.30273151574717,-0.179778144519178
"2025-12-08 14:00:00",7.98963976634011,-0.397786928076644
"2025-12-08 15:00:00",7.67840514424815,-0.249039806358063
"2025-12-08 16:00:00",8.1595402451284,0.935152550490763
"2025-12-08 17:00:00",9.28847186549337,1.19395502935823
"2025-12-08 18:00:00",10.1004286637703,0.50674286781678
"2025-12-08 19:00:00",10.2764287195825,-0.0658702014621219
"2025-12-08 20:00:00",10.2529999024745,-0.00726387832370073
"2025-12-08 21:00:00",10.1142224632535,-0.233069020186704
"2025-12-08 22:00:00",10.2925749744222,0.431120554139602
"2025-12-08 23:00:00",10.5531070707861,0.121165095927074
"2025-12-09 00:00:00",10.4988770796233,-0.182179785398924
"2025-12-09 01:00:00",10.3804270690795,-0.0838643513752573
"2025-12-09 02:00:00",10.2350973440064,-0.192776145947907
"2025-12-09 03:00:00",10.128795485836,-0.0567908137728086
"2025-12-09 04:00:00",10.0533598559389,-0.0973325662457364
"2025-12-09 05:00:00",10.3039101984902,0.457607652875609
"2025-12-09 06:00:00",10.4838237241163,-0.0270397108510982
"2025-12-09 07:00:00",10.4425810720067,-0.0622607047925786
"2025-12-09 08:00:00",10.1552244904705,-0.437219226184986
"2025-12-09 09:00:00",9.61965556985435,-0.588770362025398
"2025-12-09 10:00:00",8.8981191582084,-0.78815451443197
"2025-12-09 11:00:00",7.99238316308668,-0.952548408650005
"2025-12-09 12:00:00",7.45875734019265,-0.239290215868549
"2025-12-09 13:00:00",7.2653128174475,-0.163300207034712
"2025-12-09 14:00:00",7.16045419796075,-0.0702774562405596
"2025-12-09 15:00:00",7.28022304663658,0.231545973965031
"2025-12-09 16:00:00",7.70154628204617,0.518436997171705
"2025-12-09 17:00:00",8.25437985745359,0.539569764616805
"2025-12-09 18:00:00",8.5040999057676,0.0339870776254039
"2025-12-09 19:00:00",8.70894445885017,0.298055182926409
"2025-12-09 20:00:00",8.86604211755461,0.0444400773048991
"2025-12-09 21:00:00",8.7851428548834,-0.172037871945167
"2025-12-09 22:00:00",8.92604460188624,0.331508574386914
"2025-12-09 23:00:00",9.13540371418089,0.10647684196501
"2025-12-10 00:00:00",8.80519853588454,-0.617402305789684
"2025-12-10 01:00:00",8.30013989166827,-0.417510414717173
"2025-12-10 02:00:00",7.98589538671207,-0.2411645565381
"2025-12-10 03:00:00",7.62030084776364,-0.441464230314745
"2025-12-10 04:00:00",7.41857970871968,-0.0421289419313072
"2025-12-10 05:00:00",7.73062623501188,0.523771712399152
"2025-12-10 06:00:00",8.14517842767911,0.312079505759883
"2025-12-10 07:00:00",8.17494241704848,-0.170353379287535
"2025-12-10 08:00:00",8.20154591257861,0.146107482108083
"2025-12-10 09:00:00",8.15819677562443,-0.178159967040558
"2025-12-10 10:00:00",7.74151669517912,-0.56640304765842
"2025-12-10 11:00:00",7.41283907711279,-0.164553813926702
"2025-12-10 12:00:00",7.17238850869844,-0.289173644818563
"2025-12-10 13:00:00",7.0869512244496,0.0452022755091377
"2025-12-10 14:00:00",7.08642344567402,-0.04012110087953
"2025-12-10 15:00:00",7.25495955728449,0.290498305519887
"2025-12-10 16:00:00",7.70601002939826,0.527301102022738
"2025-12-10 17:00:00",8.26313619731878,0.540605000572865
"2025-12-10 18:00:00",8.74645476046955,0.411513421899718
"2025-12-10 19:00:00",9.07271618378933,0.242653342039905
"2025-12-10 20:00:00",9.26810746433148,0.142907841716331
"2025-12-10 21:00:00",9.2025104169479,-0.213423669588533
"2025-12-10 22:00:00",9.05515997219306,-0.108158689523794
"2025-12-10 23:00:00",9.01040431286443,-0.0120293668711739
"2025-12-11 00:00:00",9.15393739494283,0.228808260052037
"2025-12-11 01:00:00",9.00457031390176,-0.406177607901837
"2025-12-11 02:00:00",8.56167195753075,-0.457935446270039
"2025-12-11 03:00:00",8.05390709127905,-0.527887790960863
"2025-12-11 04:00:00",7.67597830609784,-0.270377101906441
"2025-12-11 05:00:00",7.64163054000265,0.114743415080841
"2025-12-11 06:00:00",7.55310916020483,-0.229669444304087
"2025-12-11 07:00:00",7.21355360070411,-0.406409172471826
"2025-12-11 08:00:00",6.6225830767629,-0.69522215857697
"2025-12-11 09:00:00",6.12489441189917,-0.350885882236342
"2025-12-11 10:00:00",5.75428873948258,-0.374033545827258
"2025-12-11 11:00:00",5.05302348214439,-0.893507319740993
"2025-12-11 12:00:00",4.87996747508061,0.308948952131448
"2025-12-11 13:00:00",5.12589491005372,0.185939182198617
"2025-12-11 14:00:00",5.2617966769418,0.0894808836389413
"2025-12-11 15:00:00",5.29447826402035,-0.0135173066001912
"2025-12-11 16:00:00",5.59284010640955,0.485277354430268
"2025-12-11 17:00:00",5.62731739030423,-0.274896262107179
"2025-12-11 18:00:00",5.30044542336283,-0.353240441803965
"2025-12-11 19:00:00",4.94149443993966,-0.352530957679795
"2025-12-11 20:00:00",4.40271843704918,-0.643702565586386
"2025-12-11 21:00:00",3.97428611345521,-0.270235750980736
"2025-12-11 22:00:00",3.9293964019406,0.102350323453381
"2025-12-11 23:00:00",3.92054625354284,-0.0876253924041572
"2025-12-12 00:00:00",3.55602213359397,-0.536850196959373
"2025-12-12 01:00:00",2.88666634607785,-0.730466271930546
"2025-12-12 02:00:00",2.27808446264088,-0.502127324280076
"2025-12-12 03:00:00",1.81202383522574,-0.422805197715378
"2025-12-12 04:00:00",1.51800140290036,-0.196531916274165
"2025-12-12 05:00:00",1.35261093397124,-0.138726696332467
"2025-12-12 06:00:00",1.03658891837849,-0.420942701851753
"2025-12-12 07:00:00",0.634180562042171,-0.372265892470888
"2025-12-12 08:00:00",0.159405541476135,-0.521369482152837
"2025-12-12 09:00:00",-0.119609672200312,-0.104395219238809
"2025-12-12 10:00:00",0.0644492038314445,0.367766123316401
"2025-12-12 11:00:00",0.465831616982741,0.404636410823233
"2025-12-12 12:00:00",0.505919698993125,-0.205445255909359
"2025-12-12 13:00:00",0.458844073617855,0.0600874204554068
"2025-12-12 14:00:00",0.196093040815917,-0.466078533039476
"2025-12-12 15:00:00",-0.551704642785237,-0.900325094026134
"2025-12-12 16:00:00",-0.93287534807793,-0.0162497210971366
"2025-12-12 17:00:00",-0.918313411801888,0.0356128190939263
"2025-12-12 18:00:00",0.142356752422813,1.69481114178145
"2025-12-12 19:00:00",1.43999983475726,0.971022248068138
"2025-12-12 20:00:00",1.96217455497371,0.196279110523083
"2025-12-12 21:00:00",2.28640192290857,0.391589238059791
"2025-12-12 22:00:00",2.47139217155267,0.0355230528731671
"2025-12-12 23:00:00",2.42787517123129,-0.0973262033618806
"2025-12-13 00:00:00",2.09041421005334,-0.484640713948851
"2025-12-13 01:00:00",1.77936171923023,-0.183241649925294
"2025-12-13 02:00:00",1.54339008944806,-0.262204012823126
"2025-12-13 03:00:00",1.23000852964947,-0.334596462953965
"2025-12-13 04:00:00",1.04697400626626,-0.0748822397192355
"2025-12-13 05:00:00",1.07697244373576,0.0971430739321969
"2025-12-13 06:00:00",1.64839369287761,0.859059999986759
"2025-12-13 07:00:00",1.85528691996389,-0.239832815350047
"2025-12-13 08:00:00",1.34851540392316,-0.663036898416372
"2025-12-13 09:00:00",0.732611174954163,-0.556953298693611
"2025-12-13 10:00:00",0.423250072240976,-0.130545828798904
"2025-12-13 11:00:00",0.507891711293469,0.223530010532045
"2025-12-13 12:00:00",1.29105110267412,1.11836963830296
"2025-12-13 13:00:00",2.34021322495233,0.95150540596422
"2025-12-13 14:00:00",2.99151195286714,0.417199441466733
"2025-12-13 15:00:00",3.48812587936743,0.522102397374555
"2025-12-13 16:00:00",4.1209982700332,0.672149331043601
"2025-12-13 17:00:00",4.74906395969182,0.563521514078407
"2025-12-13 18:00:00",5.47500219365104,0.793598474777079
"2025-12-13 19:00:00",5.88927014305448,0.134644398236828
"2025-12-13 20:00:00",5.89392754073862,-0.0898093416771476
"2025-12-13 21:00:00",5.67545375716446,-0.301461783265186
"2025-12-13 22:00:00",5.31414292499901,-0.39135362988459
"2025-12-13 23:00:00",4.89057718642534,-0.43176032435052
"2025-12-14 00:00:00",4.61952367609443,-0.157339133949103
"2025-12-14 01:00:00",4.37211575935587,-0.301648789454105
"2025-12-14 02:00:00",3.91007805247437,-0.552639998159174
"2025-12-14 03:00:00",3.08461036954402,-0.973162546208277
"2025-12-14 04:00:00",2.54959905014092,-0.221466862559279
"2025-12-14 05:00:00",2.47449500875146,0.0227530162226239
"2025-12-14 06:00:00",2.5435148978777,0.0933955452033841
"2025-12-14 07:00:00",2.36925782447135,-0.34768611317428
"2025-12-14 08:00:00",1.67646048130874,-0.892999336720605
"2025-12-14 09:00:00",0.612328023918711,-1.12981266450829
"2025-12-14 10:00:00",-0.217658242044852,-0.591454009745187
"2025-12-14 11:00:00",-0.364645113092553,0.156584739102463
"2025-12-14 12:00:00",-0.0166891578266799,0.459469845364239
"2025-12-14 13:00:00",0.334477675348646,0.262300329396237
"2025-12-14 14:00:00",0.539762874279332,0.157089727540282
"2025-12-14 15:00:00",0.471422632496204,-0.216072398318581
"2025-12-14 16:00:00",0.266553397398022,-0.188272804701215
"2025-12-14 17:00:00",0.228894185447573,0.0641942139240282
"2025-12-14 18:00:00",0.402585820803281,0.238140014959934
"2025-12-14 19:00:00",0.703456073280331,0.327873772281456
"2025-12-14 20:00:00",0.935926307123212,0.15691564390327
"2025-12-14 21:00:00",0.972134096482309,-0.0471893543005449
"2025-12-14 22:00:00",0.902728835103006,-0.0821702100008055
"2025-12-14 23:00:00",0.731762997495327,-0.223200987367691
"2025-12-15 00:00:00",0.863113586491827,0.360529667324929
"2025-12-15 01:00:00",1.03939138042943,0.0439564769886915
"2025-12-15 02:00:00",1.44915143577432,0.632814094000319
"2025-12-15 03:00:00",2.08343628593777,0.603257159076756
"2025-12-15 04:00:00",2.1035355079404,-0.372305970795897
"2025-12-15 05:00:00",1.4530125700878,-0.807795954209478
"2025-12-15 06:00:00",1.60812521542066,0.787797657368873
"2025-12-15 07:00:00",1.6490356600524,-0.461022204936367
"2025-12-15 08:00:00",1.00052914438612,-0.744802269916451
"2025-12-15 09:00:00",0.511475884772504,-0.296606583574382
"2025-12-15 10:00:00",0.365251861313388,-0.0396812927270608
"2025-12-15 11:00:00",0.327038917930703,-0.0358888678243351
"2025-12-15 12:00:00",0.444620591871257,0.213884811790625
"2025-12-15 13:00:00",0.8727559264306,0.550048948963662
"2025-12-15 14:00:00",1.32216365308897,0.359834517249578
"2025-12-15 15:00:00",1.32226713695683,-0.241421801403832
"2025-12-15 16:00:00",1.30547988344252,0.132060431124938
"2025-12-15 17:00:00",1.4619982528579,0.163703497875077
"2025-12-15 18:00:00",1.48560430161805,-0.0727963400953994
"2025-12-15 19:00:00",1.43077994555706,-0.0421523610557752
"2025-12-15 20:00:00",1.41130233077723,-0.00527950596340888
"2025-12-15 21:00:00",1.29945426591862,-0.179396219267376
"2025-12-15 22:00:00",1.06350185022483,-0.264118073031703
"2025-12-15 23:00:00",0.834397734733002,-0.196245415412296
"2025-12-16 00:00:00",0.177427359364272,-0.93397154597322
"2025-12-16 01:00:00",-0.395421459432135,-0.305111629627221
"2025-12-16 02:00:00",-0.595650315828337,-0.120283905055189
"2025-12-16 03:00:00",-0.606524104601154,0.063349323159991
"2025-12-16 04:00:00",-0.523694565476692,0.0926616880170663
"2025-12-16 05:00:00",-0.374246951403269,0.18087743390564
"2025-12-16 06:00:00",-0.625020884805614,-0.526137776223518
"2025-12-16 07:00:00",-1.20780585122704,-0.592050155067665
"2025-12-16 08:00:00",-1.78844427687891,-0.543882796558231
"2025-12-16 09:00:00",-2.01070822252505,0.00501141716919673
"2025-12-16 10:00:00",-1.90704940807348,0.167087823490224
"2025-12-16 11:00:00",-1.70981417941949,0.210418083169654
"2025-12-16 12:00:00",-1.23688387192692,0.627665412463364
"2025-12-16 13:00:00",-0.669690531145849,0.501520488256288
"2025-12-16 14:00:00",-0.44573626784506,0.0291340401628954
"2025-12-16 15:00:00",-0.678578192650644,-0.395850742287059
"2025-12-16 16:00:00",-0.806661425402002,0.0573862673661973
"2025-12-16 17:00:00",-0.688205983035841,0.154578071149212
"2025-12-16 18:00:00",-0.870262044473026,-0.396937015161822
"2025-12-16 19:00:00",-1.22183337102288,-0.303500186234919
"2025-12-16 20:00:00",-1.40667765471133,-0.0953835556244265
"2025-12-16 21:00:00",-1.83196754965755,-0.623201594113169
"2025-12-16 22:00:00",-2.55858969097076,-0.758678724341092
"2025-12-16 23:00:00",-3.2707409955479,-0.643995589481345
"2025-12-17 00:00:00",-3.85364155258142,-0.510257501752124
"2025-12-17 01:00:00",-4.31694724241789,-0.405023236895394
"2025-12-17 02:00:00",-4.60281718364904,-0.18728859879062
"2025-12-17 03:00:00",-4.71594549687181,-0.0523820039818236
"2025-12-17 04:00:00",-4.65911482181083,0.133014286224505
"2025-12-17 05:00:00",-4.49035819702058,0.190568956294985
"2025-12-17 06:00:00",-4.46970916115806,-0.0878239683687154
"2025-12-17 07:00:00",-4.83342180626958,-0.524592280466046
"2025-12-17 08:00:00",-5.3807973435482,-0.530324858307941
"2025-12-17 09:00:00",-5.33026868842208,0.442290365258443
"2025-12-17 10:00:00",-4.8423848108358,0.501963671229913
"2025-12-17 11:00:00",-4.34582479583658,0.475601301678211
"2025-12-17 12:00:00",-4.14254401089623,0.0176770824907918
"2025-12-17 13:00:00",-3.94915295783328,0.306679964825294
"2025-12-17 14:00:00",-3.82432461411912,0.00275307841557237
"2025-12-17 15:00:00",-3.53764938257499,0.467258851450521
"2025-12-17 16:00:00",-2.63391609594686,1.15632509747806
"2025-12-17 17:00:00",-1.56545934837891,0.962500513159943
"2025-12-17 18:00:00",-0.775943516779474,0.638694619977885
"2025-12-17 19:00:00",-0.308731926116952,0.331689787307886
"2025-12-17 20:00:00",0.258559366455334,0.697796819699895
"2025-12-17 21:00:00",1.23214201091049,1.11083955190678
"2025-12-17 22:00:00",1.97511612407523,0.460841249374527
"2025-12-17 23:00:00",1.47405187531032,-1.12105861172438
"2025-12-18 00:00:00",1.02078720332092,0.0115631484309602
"2025-12-18 01:00:00",0.652872021206933,-0.604728746699303
"2025-12-18 02:00:00",0.0680151355655502,-0.544658467062083
"2025-12-18 03:00:00",-0.222546859444464,-0.107447536325862
"2025-12-18 04:00:00",0.0422101364673581,0.500594845296901
"2025-12-18 05:00:00",0.4307257983681,0.295281063512509
"2025-12-18 06:00:00",1.40790756592606,1.38478446856128
"2025-12-18 07:00:00",2.48547027633609,0.819732357533116
"2025-12-18 08:00:00",2.6144937500466,-0.340775207445442
"2025-12-18 09:00:00",2.49623765192937,0.0323378946826801
"2025-12-18 10:00:00",2.81512951883019,0.491554440370092
"2025-12-18 11:00:00",3.34219196202815,0.522060812613789
"2025-12-18 12:00:00",3.73782109713538,0.288235999226423
"2025-12-18 13:00:00",4.20251515877936,0.555432277490007
"2025-12-18 14:00:00",4.48796604412896,0.0864865489184433
"2025-12-18 15:00:00",4.31895642192885,-0.337089467478746
"2025-12-18 16:00:00",4.22245819968783,0.0629133739713812
"2025-12-18 17:00:00",4.37939312690674,0.206716414631193
"2025-12-18 18:00:00",4.75980440688059,0.472485732273844
"2025-12-18 19:00:00",5.0459957214994,0.1422640458355
"2025-12-18 20:00:00",4.81965195476679,-0.467824690719468
"2025-12-18 21:00:00",4.41049128254373,-0.356819518293011
"2025-12-18 22:00:00",4.18633522492118,-0.130746834193277
"2025-12-18 23:00:00",4.0238937552363,-0.18124624848664
"2025-12-19 00:00:00",3.54068060378238,-0.666744209457167
"2025-12-19 01:00:00",3.10062862544794,-0.272577898343947
"2025-12-19 02:00:00",3.04949976555482,0.0949354898878571
"2025-12-19 03:00:00",3.28009337688064,0.306143597279848
"2025-12-19 04:00:00",3.58633394724456,0.287526148883777
"2025-12-19 05:00:00",3.83669310044288,0.209063334730063
"2025-12-19 06:00:00",4.10524705970304,0.290508247385424
"2025-12-19 07:00:00",4.23652203979817,0.0135931575348506
"2025-12-19 08:00:00",4.13034095052523,-0.186442743603811
"2025-12-19 09:00:00",4.1235293042171,0.107941739151235
"2025-12-19 10:00:00",4.41389085032096,0.39286133826299
"2025-12-19 11:00:00",4.65790960302999,0.127508705514142
"2025-12-19 12:00:00",4.35511887619287,-0.581265905369815
"2025-12-19 13:00:00",4.68461957950841,0.915398525963963
"2025-12-19 14:00:00",5.18332692653925,0.191183092375921
"2025-12-19 15:00:00",5.63428276151605,0.596026390869881
"2025-12-19 16:00:00",6.07214158800107,0.30434848444597
"2025-12-19 17:00:00",6.55116237243318,0.564879720241186
"2025-12-19 18:00:00",7.14535830639001,0.577062137766505
"2025-12-19 19:00:00",7.11791504552094,-0.438343436499238
"2025-12-19 20:00:00",7.16945328838153,0.366499327852905
"2025-12-19 21:00:00",7.34570054743043,0.0318010085761919
"2025-12-19 22:00:00",7.28365711409057,-0.131122710328809
"2025-12-19 23:00:00",7.12188641780535,-0.183900790754105
"2025-12-20 00:00:00",7.07195953513672,0.0325828072235291
"2025-12-20 01:00:00",6.98263947213081,-0.175455733164857
"2025-12-20 02:00:00",6.81414807322389,-0.164839783767378
"2025-12-20 03:00:00",6.68218016131161,-0.112563352455295
"2025-12-20 04:00:00",6.6800469600629,0.0629763946942901
"2025-12-20 05:00:00",6.71945454869718,0.0132148142500057
"2025-12-20 06:00:00",6.32429066829183,-0.657292465892902
"2025-12-20 07:00:00",5.38195414667594,-1.09573290624512
"2025-12-20 08:00:00",4.52129753294488,-0.669979049146951
"2025-12-20 09:00:00",4.07254767253456,-0.285768048029773
"2025-12-20 10:00:00",3.63153338631476,-0.528801179953132
"2025-12-20 11:00:00",3.04622296866068,-0.599848609009763
"2025-12-20 12:00:00",2.74520996161696,-0.0914140463965515
"2025-12-20 13:00:00",2.81781332285274,0.174958919925008
"2025-12-20 14:00:00",3.01147939847773,0.193303392447849
"2025-12-20 15:00:00",2.82822222937205,-0.429465614640451
"2025-12-20 16:00:00",2.58495969560135,-0.111214001313113
"2025-12-20 17:00:00",2.42102441805166,-0.194623069476338
"2025-12-20 18:00:00",2.19999598730532,-0.231248299809683
"2025-12-20 19:00:00",2.00018274717811,-0.172196796573523
"2025-12-20 20:00:00",2.14986945445402,0.354581638158583
"2025-12-20 21:00:00",2.68552970440674,0.628152739880143
"2025-12-20 22:00:00",3.25386110576511,0.497983878637333
"2025-12-20 23:00:00",3.67212201528747,0.341044761377527
"2025-12-21 00:00:00",4.18352390258199,0.595938014617864
"2025-12-21 01:00:00",4.70826641914427,0.446953356031537
"2025-12-21 02:00:00",5.1169139315214,0.357624996383282
"2025-12-21 03:00:00",5.41233243781733,0.233316483643398
"2025-12-21 04:00:00",5.74966000833836,0.383663225178968
"2025-12-21 05:00:00",6.08297449678973,0.276501354471785
"2025-12-21 06:00:00",6.42064850610628,0.354570543242557
"2025-12-21 07:00:00",6.45261119477443,-0.192898043565694
"2025-12-21 08:00:00",6.04461766835974,-0.540315306646354
"2025-12-21 09:00:00",5.32767278446535,-0.808416252102022
"2025-12-21 10:00:00",4.42505684255189,-0.929388159721271
"2025-12-21 11:00:00",3.67238714077918,-0.604795117274514
"2025-12-21 12:00:00",2.93444446648288,-0.796371871784086
"2025-12-21 13:00:00",2.45328082161639,-0.25194510569084
"2025-12-21 14:00:00",2.29906435432553,-0.0848981630315814
"2025-12-21 15:00:00",2.40997413289701,0.233213273138463
"2025-12-21 16:00:00",2.86544458198662,0.578890248928303
"2025-12-21 17:00:00",3.51465944307087,0.661554470723037
"2025-12-21 18:00:00",3.95671511603477,0.270190439366812
"2025-12-21 19:00:00",3.97569203735909,-0.154496302267997
"2025-12-21 20:00:00",3.76825336698466,-0.237998692765649
"2025-12-21 21:00:00",3.54088579132956,-0.214331677933476
"2025-12-21 22:00:00",3.38748191684938,-0.110059142225059
"2025-12-21 23:00:00",3.40110515980053,0.0910643098553589
"2025-12-22 00:00:00",3.25279726804307,-0.305221814527347
"2025-12-22 01:00:00",2.85836854918143,-0.439347523940012
"2025-12-22 02:00:00",2.32158452839461,-0.579916236519945
"2025-12-22 03:00:00",2.0128874737242,-0.116209822487138
"2025-12-22 04:00:00",2.14050282480735,0.281504720515768
"2025-12-22 05:00:00",2.22115429965502,-0.0598391734586901
"2025-12-22 06:00:00",2.1222856342436,-0.123051881041167
"2025-12-22 07:00:00",2.14759171285625,0.120272415900355
"2025-12-22 08:00:00",1.96171299651461,-0.383910559952472
"2025-12-22 09:00:00",1.82222719694745,0.0275617058531536
"2025-12-22 10:00:00",1.23624688630101,-0.969504111138323
"2025-12-22 11:00:00",0.194680270587384,-1.04170591928807
"2025-12-22 12:00:00",-1.43161396308994,-1.93898359367998
"2025-12-22 13:00:00",-2.48708444828601,-0.414471656024835
"2025-12-22 14:00:00",-2.59165929858602,0.110193702392889
"2025-12-22 15:00:00",-2.35194742535012,0.318004507081453
"2025-12-22 16:00:00",-1.78907090483303,0.702404947642023
"2025-12-22 17:00:00",-1.24634654403635,0.412787912608393
"2025-12-22 18:00:00",-1.29719569960196,-0.355912951569183
"2025-12-22 19:00:00",-1.32588676840489,0.192488105951782
"2025-12-22 20:00:00",-1.06075389217299,0.302671492175222
"2025-12-22 21:00:00",-0.785425823701754,0.245382897599921
"2025-12-22 22:00:00",-0.543489199171329,0.229154571411143
"2025-12-22 23:00:00",-0.328444273365696,0.196120195634063
"2025-12-23 00:00:00",-0.793165181213241,-0.882767722747892
"2025-12-23 01:00:00",-1.21159049335739,-0.0879635688030292
"2025-12-23 02:00:00",-1.10717321193793,0.229268420881277
"2025-12-23 03:00:00",-0.812240167331356,0.32612039002131
"2025-12-23 04:00:00",-0.397725014348962,0.454793153939713
"2025-12-23 05:00:00",0.102493386651377,0.507243836764834
"2025-12-23 06:00:00",0.32014377102366,0.0141166686394924
"2025-12-23 07:00:00",0.313473801685526,-0.0206230768636403
"2025-12-23 08:00:00",0.0899198045784201,-0.348619788233861
"2025-12-23 09:00:00",-0.499942531636931,-0.722773973059492
"2025-12-23 10:00:00",-1.36244207984197,-0.914018708509973
"2025-12-23 11:00:00",-2.07735035996529,-0.546442620338031
"2025-12-23 12:00:00",-2.78980497566671,-0.786595157696614
"2025-12-23 13:00:00",-3.1363646676734,-0.0331444513097542
"2025-12-23 14:00:00",-2.98427512832396,0.272391086907595
"2025-12-23 15:00:00",-2.36349674065898,0.827379194563661
"2025-12-23 16:00:00",-1.44552320608496,0.93779281921429
"2025-12-23 17:00:00",-0.684282645020632,0.609230078759796
"2025-12-23 18:00:00",-0.602507350212561,-0.272859427320634
"2025-12-23 19:00:00",-1.0558920538699,-0.55141191466569
"2025-12-23 20:00:00",-1.32917890285696,-0.0735262406972308
"2025-12-23 21:00:00",-1.27519889880922,0.138130408808914
"2025-12-23 22:00:00",-1.18716356524311,0.0520990147745866
"2025-12-23 23:00:00",-1.46169173409036,-0.477700766401913
"2025-12-24 00:00:00",-2.33114712144796,-1.08742122741966
"2025-12-24 01:00:00",-2.81957621948802,-0.0628940217593039
"2025-12-24 02:00:00",-2.87047492273596,-0.0368499921657233
"2025-12-24 03:00:00",-3.54417530171419,-1.06254743345525
"2025-12-24 04:00:00",-4.7938938801666,-1.31054439925411
"2025-12-24 05:00:00",-5.44599146678329,-0.175975818969707
"2025-12-24 06:00:00",-5.13848073846878,0.622234611281571
"2025-12-24 07:00:00",-4.87625424577619,0.0163857284171575
"2025-12-24 08:00:00",-5.11663091343643,-0.393842639005843
"2025-12-24 09:00:00",-5.89809312112626,-0.996143033476695
"2025-12-24 10:00:00",-6.86636010429685,-0.896071582104601
"2025-12-24 11:00:00",-7.67505894907361,-0.703174527190036
"2025-12-24 12:00:00",-8.30195150204047,-0.53635918473384
"2025-12-24 13:00:00",-8.79328856335907,-0.427276940030847
"2025-12-24 14:00:00",-9.30869588013259,-0.538337089950098
"2025-12-24 15:00:00",-9.73075196780293,-0.312485751396845
"2025-12-24 16:00:00",-9.92014450492463,-0.0857929657192004
"2025-12-24 17:00:00",-9.80748417956022,0.252389790916082
"2025-12-24 18:00:00",-9.973769835699,-0.424858231943626
"2025-12-24 19:00:00",-10.1721321473687,-0.0250893789677726
"2025-12-24 20:00:00",-10.25151350378,-0.0986954797358897
"2025-12-24 21:00:00",-10.3799842510812,-0.129005686992694
"2025-12-24 22:00:00",-10.5959002801773,-0.25021948393196
"2025-12-24 23:00:00",-10.8919561356179,-0.298890704772873
"2025-12-25 00:00:00",-11.5089343386722,-0.785679214350773
"2025-12-25 01:00:00",-12.1840072336075,-0.554427202846643
"2025-12-25 02:00:00",-12.6517056636353,-0.37195523843638
"2025-12-25 03:00:00",-12.9296870845543,-0.185820837374413
"2025-12-25 04:00:00",-12.9767541401755,0.0643316360165187
"2025-12-25 05:00:00",-12.8440098879594,0.188765759114313
"2025-12-25 06:00:00",-12.8910715088753,-0.185490142438198
"2025-12-25 07:00:00",-13.2698564111233,-0.473034902610764
"2025-12-25 08:00:00",-13.7918777299207,-0.51277278059646
"2025-12-25 09:00:00",-14.0354883137295,-0.0348237817469627
"2025-12-25 10:00:00",-13.9252097870978,0.219857467500488
"2025-12-25 11:00:00",-13.5444206577091,0.487924199745881
"2025-12-25 12:00:00",-12.843850031807,0.826495128375792
"2025-12-25 13:00:00",-12.0882929273969,0.688912829446244
"2025-12-25 14:00:00",-11.5798397081178,0.379564398412657
"2025-12-25 15:00:00",-11.5438813154172,-0.179895392764821
"2025-12-25 16:00:00",-11.5674705829165,0.0966093959192194
"2025-12-25 17:00:00",-11.4637728092648,0.11840141958423
"2025-12-25 18:00:00",-11.5633224635936,-0.225345209850991
"2025-12-25 19:00:00",-11.8616865910169,-0.317964064070958
"2025-12-25 20:00:00",-12.1207671718648,-0.192229328814459
"2025-12-25 21:00:00",-12.2961848633698,-0.140255619063096
"2025-12-25 22:00:00",-12.4181098254011,-0.0880661245469283
"2025-12-25 23:00:00",-12.5336412586095,-0.112349427638983
"2025-12-26 00:00:00",-13.0914864390059,-0.812178086585044
"2025-12-26 01:00:00",-13.4468730236015,-0.0171066917810288
"2025-12-26 02:00:00",-13.1456760275203,0.516410760616117
"2025-12-26 03:00:00",-12.5789226854856,0.590322201820079
"2025-12-26 04:00:00",-12.0040339596626,0.553490718099842
"2025-12-26 05:00:00",-11.3260078148564,0.744297337965241
"2025-12-26 06:00:00",-11.0947903371276,-0.107222639726162
"2025-12-26 07:00:00",-11.5675121323228,-0.679623643959037
"2025-12-26 08:00:00",-11.791907328541,0.104654264815426
"2025-12-26 09:00:00",-11.4254955137962,0.538697243614178
"2025-12-26 10:00:00",-10.6268737143733,0.948674755545053
"2025-12-26 11:00:00",-9.54672132797184,1.13016825417227
"2025-12-26 12:00:00",-8.69080201505872,0.644718905132757
"2025-12-26 13:00:00",-8.02550202176037,0.658604788315224
"2025-12-26 14:00:00",-7.39797533031343,0.587330272508897
"2025-12-26 15:00:00",-6.78963539671524,0.60297121365266
"2025-12-26 16:00:00",-6.08579661825555,0.746385812791804
"2025-12-26 17:00:00",-5.28703566376733,0.803562649052661
"2025-12-26 18:00:00",-4.67310610349015,0.465148951991949
"2025-12-26 19:00:00",-4.38840830352969,0.156892153996607
"2025-12-26 20:00:00",-4.13888420097981,0.305075349492621
"2025-12-26 21:00:00",-3.79461538436995,0.359371268120267
"2025-12-26 22:00:00",-3.49602521180137,0.248771039212075
"2025-12-26 23:00:00",-3.30602548465656,0.146295812958752
"2025-12-27 00:00:00",-3.26369346364486,-0.0247274619539271
"2025-12-27 01:00:00",-3.45502364095092,-0.289099307759632
"2025-12-27 02:00:00",-3.55328856535889,0.0380774609060607
"2025-12-27 03:00:00",-3.48945867041888,0.0825434905711781
"2025-12-27 04:00:00",-3.3657708472954,0.149735849714037
"2025-12-27 05:00:00",-3.0871812939156,0.355589290998903
"2025-12-27 06:00:00",-3.04780291750721,-0.169318441908594
"2025-12-27 07:00:00",-3.24851409634566,-0.208174264435528
"2025-12-27 08:00:00",-3.6680141103493,-0.536261072498177
"2025-12-27 09:00:00",-4.28704135333719,-0.640061393195735
"2025-12-27 10:00:00",-4.97709475531767,-0.68506568730175
"2025-12-27 11:00:00",-5.44717783363339,-0.298012254255756
"2025-12-27 12:00:00",-5.83921128830676,-0.429064807569452
"2025-12-27 13:00:00",-5.97815472250824,0.0685944289306693
"2025-12-27 14:00:00",-4.87827947937036,1.74282221925505
"2025-12-27 15:00:00",-3.05705293844086,1.79323781991337
"2025-12-27 16:00:00",-1.22202819107558,1.77962233651713
"2025-12-27 17:00:00",0.163088315499976,1.05787192157062
"2025-12-27 18:00:00",0.907509137254085,0.499872401744676
"2025-12-27 19:00:00",1.4466989610133,0.538609629010838
"2025-12-27 20:00:00",1.82389943068422,0.249807649256212
"2025-12-27 21:00:00",1.27570078640953,-1.05649406521169
"2025-12-27 22:00:00",-0.600713322287671,-2.33549609769991
"2025-12-27 23:00:00",-2.10345051401177,-0.875390793918201
"2025-12-28 00:00:00",-2.4719315613527,-0.0103264512894776
"2025-12-28 01:00:00",-2.75599968793571,-0.449875435688827
"2025-12-28 02:00:00",-3.03470471340375,-0.147798095492242
"2025-12-28 03:00:00",-3.09726424211802,0.00114851740226762
"2025-12-28 04:00:00",-3.0812779379998,0.0291094569771945
"2025-12-28 05:00:00",-3.06377719397515,0.0129006301591133
"2025-12-28 06:00:00",-3.29668754508777,-0.381765847318733
"2025-12-28 07:00:00",-3.83808792217277,-0.617846502128017
"2025-12-28 08:00:00",-4.39653130817889,-0.487359364135026
"2025-12-28 09:00:00",-4.4241945674483,0.285775519615277
"2025-12-28 10:00:00",-4.18389008772191,0.204272849200144
"2025-12-28 11:00:00",-3.97533991972753,0.20688283825675
"2025-12-28 12:00:00",-3.78102295693484,0.181828642690236
"2025-12-28 13:00:00",-3.64776582990917,0.0994165808588468
"2025-12-28 14:00:00",-3.83434313141182,-0.363670136951281
"2025-12-28 15:00:00",-4.46953313765704,-0.781075452748308
"2025-12-28 16:00:00",-4.89145839952973,-0.156686812015085
"2025-12-28 17:00:00",-5.04360975925645,-0.135594529181328
"2025-12-28 18:00:00",-4.83052037792877,0.441914693890346
"2025-12-28 19:00:00",-4.52141658227982,0.212100867922318
"2025-12-28 20:00:00",-4.37542964807334,0.100800796186067
"2025-12-28 21:00:00",-4.43228660170433,-0.153620377316165
"2025-12-28 22:00:00",-4.65697627302729,-0.255679865474591
"2025-12-28 23:00:00",-4.68639620789374,0.128816443856177
"2025-12-29 00:00:00",-4.18617878109664,0.730082754219378
"2025-12-29 01:00:00",-3.43281097777571,0.738485644862666
"2025-12-29 02:00:00",-2.74991825956833,0.617804276090411
"2025-12-29 03:00:00",-1.7617782493739,1.19161407913717
"2025-12-29 04:00:00",-0.615814550273409,1.06334538844228
"2025-12-29 05:00:00",0.253371560051537,0.699239151124138
"2025-12-29 06:00:00",0.931874346340304,0.632110267063679
"2025-12-29 07:00:00",1.09902129162415,-0.151966885387883
"2025-12-29 08:00:00",0.441270542868941,-0.965094590245947
"2025-12-29 09:00:00",-0.191134843897161,-0.381133456862134
"2025-12-29 10:00:00",-0.349972160000275,-0.0028482523147515
"2025-12-29 11:00:00",-0.277366289277398,0.119908557068717
"2025-12-29 12:00:00",-0.860196533595888,-1.02326172460019
"2025-12-29 13:00:00",-1.22974262112625,0.0849260055097003
"2025-12-29 14:00:00",-1.05647074665771,0.225518997352053
"2025-12-29 15:00:00",-0.528533116804595,0.705820748948588
"2025-12-29 16:00:00",0.262469773267301,0.810883140412023
"2025-12-29 17:00:00",1.03118995855686,0.703744717364825
"2025-12-29 18:00:00",1.3341936573325,0.0201202096136681
"2025-12-29 19:00:00",0.968814897255338,-0.606730399556008
"2025-12-29 20:00:00",0.541610396835043,-0.288470518958605
"2025-12-29 21:00:00",0.159261622863245,-0.427462167789403
"2025-12-29 22:00:00",-0.767700578761987,-1.21611316885102
"2025-12-29 23:00:00",-2.04389233968035,-1.25461041051817
"2025-12-30 00:00:00",-2.16824225123036,0.637687124296452
"2025-12-30 01:00:00",-2.52847711802569,-1.00559282716536
"2025-12-30 02:00:00",-3.25215173155725,-0.498085578920213
"2025-12-30 03:00:00",-3.49041125748442,-0.0495324383490977
"2025-12-30 04:00:00",-3.36726948897072,0.236902070826166
"2025-12-30 05:00:00",-3.04705074935684,0.364884706318454
"2025-12-30 06:00:00",-2.53813499891769,0.584677889755786
"2025-12-30 07:00:00",-2.33024882034099,-0.0499120356158417
"2025-12-30 08:00:00",-2.77204789337453,-0.679055923537241
"2025-12-30 09:00:00",-3.19618929528029,-0.230474285646174
"2025-12-30 10:00:00",-3.41456871372802,-0.19582046479103
"2025-12-30 11:00:00",-3.50685262698765,-0.0144754421799746
"2025-12-30 12:00:00",-3.15746888032559,0.57986886118036
"2025-12-30 13:00:00",-2.99363418848009,-0.117233349435484
"2025-12-30 14:00:00",-3.29046641169258,-0.398599920567221
"2025-12-30 15:00:00",-3.77746717174704,-0.518551612665462
"2025-12-30 16:00:00",-3.96772065258036,0.0425165901605429
"2025-12-30 17:00:00",-3.95160694565241,0.00285915699386957
"2025-12-30 18:00:00",-3.66609517990165,0.46546833966007
"2025-12-30 19:00:00",-3.67534075016643,-0.320552700632879
"2025-12-30 20:00:00",-3.99300570208831,-0.295908556247133
"2025-12-30 21:00:00",-4.27966256091928,-0.261722045409217
"2025-12-30 22:00:00",-4.45727917120901,-0.107592286679773
"2025-12-30 23:00:00",-4.64587596379563,-0.227893254414673
"2025-12-31 00:00:00",-4.82480305116662,-0.131794372306755
"2025-12-31 01:00:00",-4.97024175458904,-0.141406396432737
"2025-12-31 02:00:00",-5.02864238945995,0.00611539625016765
"2025-12-31 03:00:00",-5.34917938197932,-0.516589970602928
"2025-12-31 04:00:00",-5.69465136298592,-0.208085714645629
"2025-12-31 05:00:00",-5.89934592513958,-0.185368775076125
"2025-12-31 06:00:00",-5.03383457445176,1.53255958240942
"2025-12-31 07:00:00",-3.65265926500371,1.22110818184131
"2025-12-31 08:00:00",-3.05913119134416,0.151651138227983
"2025-12-31 09:00:00",-3.0681085214341,-0.11169258468169
"2025-12-31 10:00:00",-3.19387272655184,-0.125215341295287
"2025-12-31 11:00:00",-3.18432213430486,0.103054801132016
"2025-12-31 12:00:00",-3.04370663641775,0.163076884510282
"2025-12-31 13:00:00",-2.75563880905385,0.361627022627876
"2025-12-31 14:00:00",-2.11287006962648,0.803200327973855
"2025-12-31 15:00:00",-1.39791811587401,0.624869277027609
"2025-12-31 16:00:00",-0.748054289143659,0.63744681795023
"2025-12-31 17:00:00",-0.231882856859127,0.411758347200579
"2025-12-31 18:00:00",-0.206112866445042,-0.232476999438476
"2025-12-31 19:00:00",-0.461383439644494,-0.258070142372854
"2025-12-31 20:00:00",-0.344363030794013,0.362110349791458
"2025-12-31 21:00:00",-0.0655179033685225,0.210529121359904
"2025-12-31 22:00:00",0.0955552071591519,0.120533329592056
"2025-12-31 23:00:00",0.290144553367774,0.234589296394651
